solid OpenSCAD_Model
  facet normal -0.98966 0.143433 0
    outer loop
      vertex 97.7133 17.5152 0
      vertex 97.7602 17.8388 4
      vertex 97.7602 17.8388 0
    endloop
  endfacet
  facet normal -0.98966 0.143433 0
    outer loop
      vertex 97.7602 17.8388 4
      vertex 97.7133 17.5152 0
      vertex 97.7133 17.5152 4
    endloop
  endfacet
  facet normal 0.271206 0.962521 -0
    outer loop
      vertex 29.2123 29.5197 0
      vertex 28.8975 29.6084 4
      vertex 29.2123 29.5197 4
    endloop
  endfacet
  facet normal 0.271206 0.962521 0
    outer loop
      vertex 28.8975 29.6084 4
      vertex 29.2123 29.5197 0
      vertex 28.8975 29.6084 0
    endloop
  endfacet
  facet normal -0.143433 -0.98966 0
    outer loop
      vertex 29.9282 34.4573 0
      vertex 30.2518 34.4104 4
      vertex 29.9282 34.4573 4
    endloop
  endfacet
  facet normal -0.143433 -0.98966 -0
    outer loop
      vertex 30.2518 34.4104 4
      vertex 29.9282 34.4573 0
      vertex 30.2518 34.4104 0
    endloop
  endfacet
  facet normal 0.859456 -0.51121 0
    outer loop
      vertex 27.5045 33.1 4
      vertex 27.6717 33.3811 0
      vertex 27.6717 33.3811 4
    endloop
  endfacet
  facet normal 0.859456 -0.51121 0
    outer loop
      vertex 27.6717 33.3811 0
      vertex 27.5045 33.1 4
      vertex 27.5045 33.1 0
    endloop
  endfacet
  facet normal 0.872537 0.488548 0
    outer loop
      vertex 27.6354 30.6034 4
      vertex 27.4756 30.8888 0
      vertex 27.4756 30.8888 4
    endloop
  endfacet
  facet normal 0.872537 0.488548 0
    outer loop
      vertex 27.4756 30.8888 0
      vertex 27.6354 30.6034 4
      vertex 27.6354 30.6034 0
    endloop
  endfacet
  facet normal -0.785235 0.619198 0
    outer loop
      vertex 97.1258 16.3621 0
      vertex 97.3283 16.6189 4
      vertex 97.3283 16.6189 0
    endloop
  endfacet
  facet normal -0.785235 0.619198 0
    outer loop
      vertex 97.3283 16.6189 4
      vertex 97.1258 16.3621 0
      vertex 97.1258 16.3621 4
    endloop
  endfacet
  facet normal -0.370652 0.928772 0
    outer loop
      vertex 96.3442 15.7785 0
      vertex 96.0405 15.6573 4
      vertex 96.3442 15.7785 4
    endloop
  endfacet
  facet normal -0.370652 0.928772 0
    outer loop
      vertex 96.0405 15.6573 4
      vertex 96.3442 15.7785 0
      vertex 96.0405 15.6573 0
    endloop
  endfacet
  facet normal -0.716222 -0.697873 0
    outer loop
      vertex 97.169 19.6586 0
      vertex 96.9408 19.8928 4
      vertex 96.9408 19.8928 0
    endloop
  endfacet
  facet normal -0.716222 -0.697873 0
    outer loop
      vertex 96.9408 19.8928 4
      vertex 97.169 19.6586 0
      vertex 97.169 19.6586 4
    endloop
  endfacet
  facet normal -0.207912 -0.978148 0
    outer loop
      vertex 30.2518 34.4104 0
      vertex 95.7877 20.4803 4
      vertex 30.2518 34.4104 4
    endloop
  endfacet
  facet normal -0.207912 -0.978148 -0
    outer loop
      vertex 95.7877 20.4803 4
      vertex 30.2518 34.4104 0
      vertex 95.7877 20.4803 0
    endloop
  endfacet
  facet normal -0.117445 0.993079 0
    outer loop
      vertex 95.7235 15.5768 0
      vertex 95.3988 15.5384 4
      vertex 95.7235 15.5768 4
    endloop
  endfacet
  facet normal -0.117445 0.993079 0
    outer loop
      vertex 95.3988 15.5384 4
      vertex 95.7235 15.5768 0
      vertex 95.3988 15.5384 0
    endloop
  endfacet
  facet normal 0.207912 0.978148 -0
    outer loop
      vertex 94.7482 15.5896 0
      vertex 29.2123 29.5197 4
      vertex 94.7482 15.5896 4
    endloop
  endfacet
  facet normal 0.207912 0.978148 0
    outer loop
      vertex 29.2123 29.5197 4
      vertex 94.7482 15.5896 0
      vertex 29.2123 29.5197 0
    endloop
  endfacet
  facet normal 0.993079 0.117445 0
    outer loop
      vertex 27.2739 31.5095 4
      vertex 27.2355 31.8342 0
      vertex 27.2355 31.8342 4
    endloop
  endfacet
  facet normal 0.993079 0.117445 0
    outer loop
      vertex 27.2355 31.8342 0
      vertex 27.2739 31.5095 4
      vertex 27.2739 31.5095 0
    endloop
  endfacet
  facet normal 0.370652 -0.928772 0
    outer loop
      vertex 28.6558 34.2215 0
      vertex 28.9595 34.3427 4
      vertex 28.6558 34.2215 4
    endloop
  endfacet
  facet normal 0.370652 -0.928772 0
    outer loop
      vertex 28.9595 34.3427 4
      vertex 28.6558 34.2215 0
      vertex 28.9595 34.3427 0
    endloop
  endfacet
  facet normal -0.962441 0.271489 0
    outer loop
      vertex 97.6245 17.2004 0
      vertex 97.7133 17.5152 4
      vertex 97.7133 17.5152 0
    endloop
  endfacet
  facet normal -0.962441 0.271489 0
    outer loop
      vertex 97.7133 17.5152 4
      vertex 97.6245 17.2004 0
      vertex 97.6245 17.2004 4
    endloop
  endfacet
  facet normal -0.488678 0.872464 0
    outer loop
      vertex 96.6295 15.9383 0
      vertex 96.3442 15.7785 4
      vertex 96.6295 15.9383 4
    endloop
  endfacet
  facet normal -0.488678 0.872464 0
    outer loop
      vertex 96.3442 15.7785 4
      vertex 96.6295 15.9383 0
      vertex 96.3442 15.7785 0
    endloop
  endfacet
  facet normal 0.697873 -0.716222 0
    outer loop
      vertex 27.8742 33.6379 0
      vertex 28.1084 33.8661 4
      vertex 27.8742 33.6379 4
    endloop
  endfacet
  facet normal 0.697873 -0.716222 0
    outer loop
      vertex 28.1084 33.8661 4
      vertex 27.8742 33.6379 0
      vertex 28.1084 33.8661 0
    endloop
  endfacet
  facet normal -0.271206 -0.962521 0
    outer loop
      vertex 95.7877 20.4803 0
      vertex 96.1025 20.3916 4
      vertex 95.7877 20.4803 4
    endloop
  endfacet
  facet normal -0.271206 -0.962521 -0
    outer loop
      vertex 96.1025 20.3916 4
      vertex 95.7877 20.4803 0
      vertex 96.1025 20.3916 0
    endloop
  endfacet
  facet normal 0.59809 -0.801429 0
    outer loop
      vertex 28.1084 33.8661 0
      vertex 28.3705 34.0617 4
      vertex 28.1084 33.8661 4
    endloop
  endfacet
  facet normal 0.59809 -0.801429 0
    outer loop
      vertex 28.3705 34.0617 4
      vertex 28.1084 33.8661 0
      vertex 28.3705 34.0617 0
    endloop
  endfacet
  facet normal 0.246131 -0.969237 0
    outer loop
      vertex 28.9595 34.3427 0
      vertex 29.2765 34.4232 4
      vertex 28.9595 34.3427 4
    endloop
  endfacet
  facet normal 0.246131 -0.969237 0
    outer loop
      vertex 29.2765 34.4232 4
      vertex 28.9595 34.3427 0
      vertex 29.2765 34.4232 0
    endloop
  endfacet
  facet normal -0.697873 0.716222 0
    outer loop
      vertex 97.1258 16.3621 0
      vertex 96.8916 16.1339 4
      vertex 97.1258 16.3621 4
    endloop
  endfacet
  facet normal -0.697873 0.716222 0
    outer loop
      vertex 96.8916 16.1339 4
      vertex 97.1258 16.3621 0
      vertex 96.8916 16.1339 0
    endloop
  endfacet
  facet normal 0.394842 0.918749 -0
    outer loop
      vertex 28.8975 29.6084 0
      vertex 28.5971 29.7375 4
      vertex 28.8975 29.6084 4
    endloop
  endfacet
  facet normal 0.394842 0.918749 0
    outer loop
      vertex 28.5971 29.7375 4
      vertex 28.8975 29.6084 0
      vertex 28.5971 29.7375 0
    endloop
  endfacet
  facet normal -0.246131 0.969237 0
    outer loop
      vertex 96.0405 15.6573 0
      vertex 95.7235 15.5768 4
      vertex 96.0405 15.6573 4
    endloop
  endfacet
  facet normal -0.246131 0.969237 0
    outer loop
      vertex 95.7235 15.5768 4
      vertex 96.0405 15.6573 0
      vertex 95.7235 15.5768 0
    endloop
  endfacet
  facet normal -0.859456 0.51121 0
    outer loop
      vertex 97.3283 16.6189 0
      vertex 97.4955 16.9 4
      vertex 97.4955 16.9 0
    endloop
  endfacet
  facet normal -0.859456 0.51121 0
    outer loop
      vertex 97.4955 16.9 4
      vertex 97.3283 16.6189 0
      vertex 97.3283 16.6189 4
    endloop
  endfacet
  facet normal 0.716222 0.697873 0
    outer loop
      vertex 28.0592 30.1072 4
      vertex 27.831 30.3414 0
      vertex 27.831 30.3414 4
    endloop
  endfacet
  facet normal 0.716222 0.697873 0
    outer loop
      vertex 27.831 30.3414 0
      vertex 28.0592 30.1072 4
      vertex 28.0592 30.1072 0
    endloop
  endfacet
  facet normal 0.962441 -0.271489 0
    outer loop
      vertex 27.2867 32.4848 4
      vertex 27.3755 32.7996 0
      vertex 27.3755 32.7996 4
    endloop
  endfacet
  facet normal 0.962441 -0.271489 0
    outer loop
      vertex 27.3755 32.7996 0
      vertex 27.2867 32.4848 4
      vertex 27.2867 32.4848 0
    endloop
  endfacet
  facet normal -0.993079 -0.117445 0
    outer loop
      vertex 97.7645 18.1658 0
      vertex 97.7261 18.4905 4
      vertex 97.7261 18.4905 0
    endloop
  endfacet
  facet normal -0.993079 -0.117445 0
    outer loop
      vertex 97.7261 18.4905 4
      vertex 97.7645 18.1658 0
      vertex 97.7645 18.1658 4
    endloop
  endfacet
  facet normal -0.91886 0.394584 0
    outer loop
      vertex 97.4955 16.9 0
      vertex 97.6245 17.2004 4
      vertex 97.6245 17.2004 0
    endloop
  endfacet
  facet normal -0.91886 0.394584 0
    outer loop
      vertex 97.6245 17.2004 4
      vertex 97.4955 16.9 0
      vertex 97.4955 16.9 4
    endloop
  endfacet
  facet normal -0.0131487 -0.999914 0
    outer loop
      vertex 29.6012 34.4616 0
      vertex 29.9282 34.4573 4
      vertex 29.6012 34.4616 4
    endloop
  endfacet
  facet normal -0.0131487 -0.999914 -0
    outer loop
      vertex 29.9282 34.4573 4
      vertex 29.6012 34.4616 0
      vertex 29.9282 34.4573 0
    endloop
  endfacet
  facet normal 0.117445 -0.993079 0
    outer loop
      vertex 29.2765 34.4232 0
      vertex 29.6012 34.4616 4
      vertex 29.2765 34.4232 4
    endloop
  endfacet
  facet normal 0.117445 -0.993079 0
    outer loop
      vertex 29.6012 34.4616 4
      vertex 29.2765 34.4232 0
      vertex 29.6012 34.4616 0
    endloop
  endfacet
  facet normal 0.143433 0.98966 -0
    outer loop
      vertex 95.0718 15.5427 0
      vertex 94.7482 15.5896 4
      vertex 95.0718 15.5427 4
    endloop
  endfacet
  facet normal 0.143433 0.98966 0
    outer loop
      vertex 94.7482 15.5896 4
      vertex 95.0718 15.5427 0
      vertex 94.7482 15.5896 0
    endloop
  endfacet
  facet normal 0.999914 -0.0131487 0
    outer loop
      vertex 27.2355 31.8342 4
      vertex 27.2398 32.1612 0
      vertex 27.2398 32.1612 4
    endloop
  endfacet
  facet normal 0.999914 -0.0131487 0
    outer loop
      vertex 27.2398 32.1612 0
      vertex 27.2355 31.8342 4
      vertex 27.2355 31.8342 0
    endloop
  endfacet
  facet normal -0.999914 0.0131487 0
    outer loop
      vertex 97.7602 17.8388 0
      vertex 97.7645 18.1658 4
      vertex 97.7645 18.1658 0
    endloop
  endfacet
  facet normal -0.999914 0.0131487 0
    outer loop
      vertex 97.7645 18.1658 4
      vertex 97.7602 17.8388 0
      vertex 97.7602 17.8388 4
    endloop
  endfacet
  facet normal 0.785235 -0.619198 0
    outer loop
      vertex 27.6717 33.3811 4
      vertex 27.8742 33.6379 0
      vertex 27.8742 33.6379 4
    endloop
  endfacet
  facet normal 0.785235 -0.619198 0
    outer loop
      vertex 27.8742 33.6379 0
      vertex 27.6717 33.3811 4
      vertex 27.6717 33.3811 0
    endloop
  endfacet
  facet normal 0.98966 -0.143433 0
    outer loop
      vertex 27.2398 32.1612 4
      vertex 27.2867 32.4848 0
      vertex 27.2867 32.4848 4
    endloop
  endfacet
  facet normal 0.98966 -0.143433 0
    outer loop
      vertex 27.2867 32.4848 0
      vertex 27.2398 32.1612 4
      vertex 27.2398 32.1612 0
    endloop
  endfacet
  facet normal 0.0131487 0.999914 -0
    outer loop
      vertex 95.3988 15.5384 0
      vertex 95.0718 15.5427 4
      vertex 95.3988 15.5384 4
    endloop
  endfacet
  facet normal 0.0131487 0.999914 0
    outer loop
      vertex 95.0718 15.5427 4
      vertex 95.3988 15.5384 0
      vertex 95.0718 15.5427 0
    endloop
  endfacet
  facet normal 0.801319 0.598237 0
    outer loop
      vertex 27.831 30.3414 4
      vertex 27.6354 30.6034 0
      vertex 27.6354 30.6034 4
    endloop
  endfacet
  facet normal 0.801319 0.598237 0
    outer loop
      vertex 27.6354 30.6034 0
      vertex 27.831 30.3414 4
      vertex 27.831 30.3414 0
    endloop
  endfacet
  facet normal 0.969237 0.246131 0
    outer loop
      vertex 27.3544 31.1925 4
      vertex 27.2739 31.5095 0
      vertex 27.2739 31.5095 4
    endloop
  endfacet
  facet normal 0.969237 0.246131 0
    outer loop
      vertex 27.2739 31.5095 0
      vertex 27.3544 31.1925 4
      vertex 27.3544 31.1925 0
    endloop
  endfacet
  facet normal 0.928772 0.370652 0
    outer loop
      vertex 27.4756 30.8888 4
      vertex 27.3544 31.1925 0
      vertex 27.3544 31.1925 4
    endloop
  endfacet
  facet normal 0.928772 0.370652 0
    outer loop
      vertex 27.3544 31.1925 0
      vertex 27.4756 30.8888 4
      vertex 27.4756 30.8888 0
    endloop
  endfacet
  facet normal 0.91886 -0.394584 0
    outer loop
      vertex 27.3755 32.7996 4
      vertex 27.5045 33.1 0
      vertex 27.5045 33.1 4
    endloop
  endfacet
  facet normal 0.91886 -0.394584 0
    outer loop
      vertex 27.5045 33.1 0
      vertex 27.3755 32.7996 4
      vertex 27.3755 32.7996 0
    endloop
  endfacet
  facet normal -0.801319 -0.598237 0
    outer loop
      vertex 97.3646 19.3966 0
      vertex 97.169 19.6586 4
      vertex 97.169 19.6586 0
    endloop
  endfacet
  facet normal -0.801319 -0.598237 0
    outer loop
      vertex 97.169 19.6586 4
      vertex 97.3646 19.3966 0
      vertex 97.3646 19.3966 4
    endloop
  endfacet
  facet normal -0.969237 -0.246131 0
    outer loop
      vertex 97.7261 18.4905 0
      vertex 97.6456 18.8075 4
      vertex 97.6456 18.8075 0
    endloop
  endfacet
  facet normal -0.969237 -0.246131 0
    outer loop
      vertex 97.6456 18.8075 4
      vertex 97.7261 18.4905 0
      vertex 97.7261 18.4905 4
    endloop
  endfacet
  facet normal -0.394842 -0.918749 0
    outer loop
      vertex 96.1025 20.3916 0
      vertex 96.4029 20.2625 4
      vertex 96.1025 20.3916 4
    endloop
  endfacet
  facet normal -0.394842 -0.918749 -0
    outer loop
      vertex 96.4029 20.2625 4
      vertex 96.1025 20.3916 0
      vertex 96.4029 20.2625 0
    endloop
  endfacet
  facet normal -0.619198 -0.785235 0
    outer loop
      vertex 96.684 20.0953 0
      vertex 96.9408 19.8928 4
      vertex 96.684 20.0953 4
    endloop
  endfacet
  facet normal -0.619198 -0.785235 -0
    outer loop
      vertex 96.9408 19.8928 4
      vertex 96.684 20.0953 0
      vertex 96.9408 19.8928 0
    endloop
  endfacet
  facet normal 0.619198 0.785235 -0
    outer loop
      vertex 28.316 29.9047 0
      vertex 28.0592 30.1072 4
      vertex 28.316 29.9047 4
    endloop
  endfacet
  facet normal 0.619198 0.785235 0
    outer loop
      vertex 28.0592 30.1072 4
      vertex 28.316 29.9047 0
      vertex 28.0592 30.1072 0
    endloop
  endfacet
  facet normal -0.59809 0.801429 0
    outer loop
      vertex 96.8916 16.1339 0
      vertex 96.6295 15.9383 4
      vertex 96.8916 16.1339 4
    endloop
  endfacet
  facet normal -0.59809 0.801429 0
    outer loop
      vertex 96.6295 15.9383 4
      vertex 96.8916 16.1339 0
      vertex 96.6295 15.9383 0
    endloop
  endfacet
  facet normal -0.872537 -0.488548 0
    outer loop
      vertex 97.5244 19.1112 0
      vertex 97.3646 19.3966 4
      vertex 97.3646 19.3966 0
    endloop
  endfacet
  facet normal -0.872537 -0.488548 0
    outer loop
      vertex 97.3646 19.3966 4
      vertex 97.5244 19.1112 0
      vertex 97.5244 19.1112 4
    endloop
  endfacet
  facet normal 0.488678 -0.872464 0
    outer loop
      vertex 28.3705 34.0617 0
      vertex 28.6558 34.2215 4
      vertex 28.3705 34.0617 4
    endloop
  endfacet
  facet normal 0.488678 -0.872464 0
    outer loop
      vertex 28.6558 34.2215 4
      vertex 28.3705 34.0617 0
      vertex 28.6558 34.2215 0
    endloop
  endfacet
  facet normal -0.928772 -0.370652 0
    outer loop
      vertex 97.6456 18.8075 0
      vertex 97.5244 19.1112 4
      vertex 97.5244 19.1112 0
    endloop
  endfacet
  facet normal -0.928772 -0.370652 0
    outer loop
      vertex 97.5244 19.1112 4
      vertex 97.6456 18.8075 0
      vertex 97.6456 18.8075 4
    endloop
  endfacet
  facet normal 0.51121 0.859456 -0
    outer loop
      vertex 28.5971 29.7375 0
      vertex 28.316 29.9047 4
      vertex 28.5971 29.7375 4
    endloop
  endfacet
  facet normal 0.51121 0.859456 0
    outer loop
      vertex 28.316 29.9047 4
      vertex 28.5971 29.7375 0
      vertex 28.316 29.9047 0
    endloop
  endfacet
  facet normal -0.51121 -0.859456 0
    outer loop
      vertex 96.4029 20.2625 0
      vertex 96.684 20.0953 4
      vertex 96.4029 20.2625 4
    endloop
  endfacet
  facet normal -0.51121 -0.859456 -0
    outer loop
      vertex 96.684 20.0953 4
      vertex 96.4029 20.2625 0
      vertex 96.684 20.0953 0
    endloop
  endfacet
  facet normal 0.271206 0.962521 -0
    outer loop
      vertex 29.2123 42.5197 0
      vertex 28.8975 42.6084 4
      vertex 29.2123 42.5197 4
    endloop
  endfacet
  facet normal 0.271206 0.962521 0
    outer loop
      vertex 28.8975 42.6084 4
      vertex 29.2123 42.5197 0
      vertex 28.8975 42.6084 0
    endloop
  endfacet
  facet normal -0.143433 -0.98966 0
    outer loop
      vertex 29.9282 47.4573 0
      vertex 30.2518 47.4104 4
      vertex 29.9282 47.4573 4
    endloop
  endfacet
  facet normal -0.143433 -0.98966 -0
    outer loop
      vertex 30.2518 47.4104 4
      vertex 29.9282 47.4573 0
      vertex 30.2518 47.4104 0
    endloop
  endfacet
  facet normal 0.872537 0.488548 0
    outer loop
      vertex 27.6354 43.6034 4
      vertex 27.4756 43.8888 0
      vertex 27.4756 43.8888 4
    endloop
  endfacet
  facet normal 0.872537 0.488548 0
    outer loop
      vertex 27.4756 43.8888 0
      vertex 27.6354 43.6034 4
      vertex 27.6354 43.6034 0
    endloop
  endfacet
  facet normal -0.716222 -0.697873 0
    outer loop
      vertex 97.169 32.6586 0
      vertex 96.9408 32.8928 4
      vertex 96.9408 32.8928 0
    endloop
  endfacet
  facet normal -0.716222 -0.697873 0
    outer loop
      vertex 96.9408 32.8928 4
      vertex 97.169 32.6586 0
      vertex 97.169 32.6586 4
    endloop
  endfacet
  facet normal -0.207912 -0.978148 0
    outer loop
      vertex 30.2518 47.4104 0
      vertex 95.7877 33.4803 4
      vertex 30.2518 47.4104 4
    endloop
  endfacet
  facet normal -0.207912 -0.978148 -0
    outer loop
      vertex 95.7877 33.4803 4
      vertex 30.2518 47.4104 0
      vertex 95.7877 33.4803 0
    endloop
  endfacet
  facet normal -0.117445 0.993079 0
    outer loop
      vertex 95.7235 28.5768 0
      vertex 95.3988 28.5384 4
      vertex 95.7235 28.5768 4
    endloop
  endfacet
  facet normal -0.117445 0.993079 0
    outer loop
      vertex 95.3988 28.5384 4
      vertex 95.7235 28.5768 0
      vertex 95.3988 28.5384 0
    endloop
  endfacet
  facet normal 0.207912 0.978148 -0
    outer loop
      vertex 94.7482 28.5896 0
      vertex 29.2123 42.5197 4
      vertex 94.7482 28.5896 4
    endloop
  endfacet
  facet normal 0.207912 0.978148 0
    outer loop
      vertex 29.2123 42.5197 4
      vertex 94.7482 28.5896 0
      vertex 29.2123 42.5197 0
    endloop
  endfacet
  facet normal 0.993079 0.117445 0
    outer loop
      vertex 27.2739 44.5095 4
      vertex 27.2355 44.8342 0
      vertex 27.2355 44.8342 4
    endloop
  endfacet
  facet normal 0.993079 0.117445 0
    outer loop
      vertex 27.2355 44.8342 0
      vertex 27.2739 44.5095 4
      vertex 27.2739 44.5095 0
    endloop
  endfacet
  facet normal 0.370652 -0.928772 0
    outer loop
      vertex 28.6558 47.2215 0
      vertex 28.9595 47.3427 4
      vertex 28.6558 47.2215 4
    endloop
  endfacet
  facet normal 0.370652 -0.928772 0
    outer loop
      vertex 28.9595 47.3427 4
      vertex 28.6558 47.2215 0
      vertex 28.9595 47.3427 0
    endloop
  endfacet
  facet normal 0.969237 0.246131 0
    outer loop
      vertex 27.3544 44.1925 4
      vertex 27.2739 44.5095 0
      vertex 27.2739 44.5095 4
    endloop
  endfacet
  facet normal 0.969237 0.246131 0
    outer loop
      vertex 27.2739 44.5095 0
      vertex 27.3544 44.1925 4
      vertex 27.3544 44.1925 0
    endloop
  endfacet
  facet normal 0.697873 -0.716222 0
    outer loop
      vertex 27.8742 46.6379 0
      vertex 28.1084 46.8661 4
      vertex 27.8742 46.6379 4
    endloop
  endfacet
  facet normal 0.697873 -0.716222 0
    outer loop
      vertex 28.1084 46.8661 4
      vertex 27.8742 46.6379 0
      vertex 28.1084 46.8661 0
    endloop
  endfacet
  facet normal -0.271206 -0.962521 0
    outer loop
      vertex 95.7877 33.4803 0
      vertex 96.1025 33.3916 4
      vertex 95.7877 33.4803 4
    endloop
  endfacet
  facet normal -0.271206 -0.962521 -0
    outer loop
      vertex 96.1025 33.3916 4
      vertex 95.7877 33.4803 0
      vertex 96.1025 33.3916 0
    endloop
  endfacet
  facet normal 0.59809 -0.801429 0
    outer loop
      vertex 28.1084 46.8661 0
      vertex 28.3705 47.0617 4
      vertex 28.1084 46.8661 4
    endloop
  endfacet
  facet normal 0.59809 -0.801429 0
    outer loop
      vertex 28.3705 47.0617 4
      vertex 28.1084 46.8661 0
      vertex 28.3705 47.0617 0
    endloop
  endfacet
  facet normal 0.246131 -0.969237 0
    outer loop
      vertex 28.9595 47.3427 0
      vertex 29.2765 47.4232 4
      vertex 28.9595 47.3427 4
    endloop
  endfacet
  facet normal 0.246131 -0.969237 0
    outer loop
      vertex 29.2765 47.4232 4
      vertex 28.9595 47.3427 0
      vertex 29.2765 47.4232 0
    endloop
  endfacet
  facet normal -0.697873 0.716222 0
    outer loop
      vertex 97.1258 29.3621 0
      vertex 96.8916 29.1339 4
      vertex 97.1258 29.3621 4
    endloop
  endfacet
  facet normal -0.697873 0.716222 0
    outer loop
      vertex 96.8916 29.1339 4
      vertex 97.1258 29.3621 0
      vertex 96.8916 29.1339 0
    endloop
  endfacet
  facet normal 0.394842 0.918749 -0
    outer loop
      vertex 28.8975 42.6084 0
      vertex 28.5971 42.7375 4
      vertex 28.8975 42.6084 4
    endloop
  endfacet
  facet normal 0.394842 0.918749 0
    outer loop
      vertex 28.5971 42.7375 4
      vertex 28.8975 42.6084 0
      vertex 28.5971 42.7375 0
    endloop
  endfacet
  facet normal -0.246131 0.969237 0
    outer loop
      vertex 96.0405 28.6573 0
      vertex 95.7235 28.5768 4
      vertex 96.0405 28.6573 4
    endloop
  endfacet
  facet normal -0.246131 0.969237 0
    outer loop
      vertex 95.7235 28.5768 4
      vertex 96.0405 28.6573 0
      vertex 95.7235 28.5768 0
    endloop
  endfacet
  facet normal -0.962441 0.271489 0
    outer loop
      vertex 97.6245 30.2004 0
      vertex 97.7133 30.5152 4
      vertex 97.7133 30.5152 0
    endloop
  endfacet
  facet normal -0.962441 0.271489 0
    outer loop
      vertex 97.7133 30.5152 4
      vertex 97.6245 30.2004 0
      vertex 97.6245 30.2004 4
    endloop
  endfacet
  facet normal 0.716222 0.697873 0
    outer loop
      vertex 28.0592 43.1072 4
      vertex 27.831 43.3414 0
      vertex 27.831 43.3414 4
    endloop
  endfacet
  facet normal 0.716222 0.697873 0
    outer loop
      vertex 27.831 43.3414 0
      vertex 28.0592 43.1072 4
      vertex 28.0592 43.1072 0
    endloop
  endfacet
  facet normal 0.962441 -0.271489 0
    outer loop
      vertex 27.2867 45.4848 4
      vertex 27.3755 45.7996 0
      vertex 27.3755 45.7996 4
    endloop
  endfacet
  facet normal 0.962441 -0.271489 0
    outer loop
      vertex 27.3755 45.7996 0
      vertex 27.2867 45.4848 4
      vertex 27.2867 45.4848 0
    endloop
  endfacet
  facet normal -0.91886 0.394584 0
    outer loop
      vertex 97.4955 29.9 0
      vertex 97.6245 30.2004 4
      vertex 97.6245 30.2004 0
    endloop
  endfacet
  facet normal -0.91886 0.394584 0
    outer loop
      vertex 97.6245 30.2004 4
      vertex 97.4955 29.9 0
      vertex 97.4955 29.9 4
    endloop
  endfacet
  facet normal -0.0131487 -0.999914 0
    outer loop
      vertex 29.6012 47.4616 0
      vertex 29.9282 47.4573 4
      vertex 29.6012 47.4616 4
    endloop
  endfacet
  facet normal -0.0131487 -0.999914 -0
    outer loop
      vertex 29.9282 47.4573 4
      vertex 29.6012 47.4616 0
      vertex 29.9282 47.4573 0
    endloop
  endfacet
  facet normal 0.117445 -0.993079 0
    outer loop
      vertex 29.2765 47.4232 0
      vertex 29.6012 47.4616 4
      vertex 29.2765 47.4232 4
    endloop
  endfacet
  facet normal 0.117445 -0.993079 0
    outer loop
      vertex 29.6012 47.4616 4
      vertex 29.2765 47.4232 0
      vertex 29.6012 47.4616 0
    endloop
  endfacet
  facet normal -0.928772 -0.370652 0
    outer loop
      vertex 97.6456 31.8075 0
      vertex 97.5244 32.1112 4
      vertex 97.5244 32.1112 0
    endloop
  endfacet
  facet normal -0.928772 -0.370652 0
    outer loop
      vertex 97.5244 32.1112 4
      vertex 97.6456 31.8075 0
      vertex 97.6456 31.8075 4
    endloop
  endfacet
  facet normal 0.143433 0.98966 -0
    outer loop
      vertex 95.0718 28.5427 0
      vertex 94.7482 28.5896 4
      vertex 95.0718 28.5427 4
    endloop
  endfacet
  facet normal 0.143433 0.98966 0
    outer loop
      vertex 94.7482 28.5896 4
      vertex 95.0718 28.5427 0
      vertex 94.7482 28.5896 0
    endloop
  endfacet
  facet normal 0.999914 -0.0131487 0
    outer loop
      vertex 27.2355 44.8342 4
      vertex 27.2398 45.1612 0
      vertex 27.2398 45.1612 4
    endloop
  endfacet
  facet normal 0.999914 -0.0131487 0
    outer loop
      vertex 27.2398 45.1612 0
      vertex 27.2355 44.8342 4
      vertex 27.2355 44.8342 0
    endloop
  endfacet
  facet normal 0.785235 -0.619198 0
    outer loop
      vertex 27.6717 46.3811 4
      vertex 27.8742 46.6379 0
      vertex 27.8742 46.6379 4
    endloop
  endfacet
  facet normal 0.785235 -0.619198 0
    outer loop
      vertex 27.8742 46.6379 0
      vertex 27.6717 46.3811 4
      vertex 27.6717 46.3811 0
    endloop
  endfacet
  facet normal 0.98966 -0.143433 0
    outer loop
      vertex 27.2398 45.1612 4
      vertex 27.2867 45.4848 0
      vertex 27.2867 45.4848 4
    endloop
  endfacet
  facet normal 0.98966 -0.143433 0
    outer loop
      vertex 27.2867 45.4848 0
      vertex 27.2398 45.1612 4
      vertex 27.2398 45.1612 0
    endloop
  endfacet
  facet normal 0.0131487 0.999914 -0
    outer loop
      vertex 95.3988 28.5384 0
      vertex 95.0718 28.5427 4
      vertex 95.3988 28.5384 4
    endloop
  endfacet
  facet normal 0.0131487 0.999914 0
    outer loop
      vertex 95.0718 28.5427 4
      vertex 95.3988 28.5384 0
      vertex 95.0718 28.5427 0
    endloop
  endfacet
  facet normal 0.801319 0.598237 0
    outer loop
      vertex 27.831 43.3414 4
      vertex 27.6354 43.6034 0
      vertex 27.6354 43.6034 4
    endloop
  endfacet
  facet normal 0.801319 0.598237 0
    outer loop
      vertex 27.6354 43.6034 0
      vertex 27.831 43.3414 4
      vertex 27.831 43.3414 0
    endloop
  endfacet
  facet normal 0.91886 -0.394584 0
    outer loop
      vertex 27.3755 45.7996 4
      vertex 27.5045 46.1 0
      vertex 27.5045 46.1 4
    endloop
  endfacet
  facet normal 0.91886 -0.394584 0
    outer loop
      vertex 27.5045 46.1 0
      vertex 27.3755 45.7996 4
      vertex 27.3755 45.7996 0
    endloop
  endfacet
  facet normal -0.993079 -0.117445 0
    outer loop
      vertex 97.7645 31.1658 0
      vertex 97.7261 31.4905 4
      vertex 97.7261 31.4905 0
    endloop
  endfacet
  facet normal -0.993079 -0.117445 0
    outer loop
      vertex 97.7261 31.4905 4
      vertex 97.7645 31.1658 0
      vertex 97.7645 31.1658 4
    endloop
  endfacet
  facet normal -0.801319 -0.598237 0
    outer loop
      vertex 97.3646 32.3966 0
      vertex 97.169 32.6586 4
      vertex 97.169 32.6586 0
    endloop
  endfacet
  facet normal -0.801319 -0.598237 0
    outer loop
      vertex 97.169 32.6586 4
      vertex 97.3646 32.3966 0
      vertex 97.3646 32.3966 4
    endloop
  endfacet
  facet normal -0.394842 -0.918749 0
    outer loop
      vertex 96.1025 33.3916 0
      vertex 96.4029 33.2625 4
      vertex 96.1025 33.3916 4
    endloop
  endfacet
  facet normal -0.394842 -0.918749 -0
    outer loop
      vertex 96.4029 33.2625 4
      vertex 96.1025 33.3916 0
      vertex 96.4029 33.2625 0
    endloop
  endfacet
  facet normal 0.619198 0.785235 -0
    outer loop
      vertex 28.316 42.9047 0
      vertex 28.0592 43.1072 4
      vertex 28.316 42.9047 4
    endloop
  endfacet
  facet normal 0.619198 0.785235 0
    outer loop
      vertex 28.0592 43.1072 4
      vertex 28.316 42.9047 0
      vertex 28.0592 43.1072 0
    endloop
  endfacet
  facet normal -0.59809 0.801429 0
    outer loop
      vertex 96.8916 29.1339 0
      vertex 96.6295 28.9383 4
      vertex 96.8916 29.1339 4
    endloop
  endfacet
  facet normal -0.59809 0.801429 0
    outer loop
      vertex 96.6295 28.9383 4
      vertex 96.8916 29.1339 0
      vertex 96.6295 28.9383 0
    endloop
  endfacet
  facet normal -0.872537 -0.488548 0
    outer loop
      vertex 97.5244 32.1112 0
      vertex 97.3646 32.3966 4
      vertex 97.3646 32.3966 0
    endloop
  endfacet
  facet normal -0.872537 -0.488548 0
    outer loop
      vertex 97.3646 32.3966 4
      vertex 97.5244 32.1112 0
      vertex 97.5244 32.1112 4
    endloop
  endfacet
  facet normal -0.370652 0.928772 0
    outer loop
      vertex 96.3442 28.7785 0
      vertex 96.0405 28.6573 4
      vertex 96.3442 28.7785 4
    endloop
  endfacet
  facet normal -0.370652 0.928772 0
    outer loop
      vertex 96.0405 28.6573 4
      vertex 96.3442 28.7785 0
      vertex 96.0405 28.6573 0
    endloop
  endfacet
  facet normal 0.859456 -0.51121 0
    outer loop
      vertex 27.5045 46.1 4
      vertex 27.6717 46.3811 0
      vertex 27.6717 46.3811 4
    endloop
  endfacet
  facet normal 0.859456 -0.51121 0
    outer loop
      vertex 27.6717 46.3811 0
      vertex 27.5045 46.1 4
      vertex 27.5045 46.1 0
    endloop
  endfacet
  facet normal -0.859456 0.51121 0
    outer loop
      vertex 97.3283 29.6189 0
      vertex 97.4955 29.9 4
      vertex 97.4955 29.9 0
    endloop
  endfacet
  facet normal -0.859456 0.51121 0
    outer loop
      vertex 97.4955 29.9 4
      vertex 97.3283 29.6189 0
      vertex 97.3283 29.6189 4
    endloop
  endfacet
  facet normal 0.488678 -0.872464 0
    outer loop
      vertex 28.3705 47.0617 0
      vertex 28.6558 47.2215 4
      vertex 28.3705 47.0617 4
    endloop
  endfacet
  facet normal 0.488678 -0.872464 0
    outer loop
      vertex 28.6558 47.2215 4
      vertex 28.3705 47.0617 0
      vertex 28.6558 47.2215 0
    endloop
  endfacet
  facet normal -0.785235 0.619198 0
    outer loop
      vertex 97.1258 29.3621 0
      vertex 97.3283 29.6189 4
      vertex 97.3283 29.6189 0
    endloop
  endfacet
  facet normal -0.785235 0.619198 0
    outer loop
      vertex 97.3283 29.6189 4
      vertex 97.1258 29.3621 0
      vertex 97.1258 29.3621 4
    endloop
  endfacet
  facet normal -0.999914 0.0131487 0
    outer loop
      vertex 97.7602 30.8388 0
      vertex 97.7645 31.1658 4
      vertex 97.7645 31.1658 0
    endloop
  endfacet
  facet normal -0.999914 0.0131487 0
    outer loop
      vertex 97.7645 31.1658 4
      vertex 97.7602 30.8388 0
      vertex 97.7602 30.8388 4
    endloop
  endfacet
  facet normal -0.98966 0.143433 0
    outer loop
      vertex 97.7133 30.5152 0
      vertex 97.7602 30.8388 4
      vertex 97.7602 30.8388 0
    endloop
  endfacet
  facet normal -0.98966 0.143433 0
    outer loop
      vertex 97.7602 30.8388 4
      vertex 97.7133 30.5152 0
      vertex 97.7133 30.5152 4
    endloop
  endfacet
  facet normal -0.51121 -0.859456 0
    outer loop
      vertex 96.4029 33.2625 0
      vertex 96.684 33.0953 4
      vertex 96.4029 33.2625 4
    endloop
  endfacet
  facet normal -0.51121 -0.859456 -0
    outer loop
      vertex 96.684 33.0953 4
      vertex 96.4029 33.2625 0
      vertex 96.684 33.0953 0
    endloop
  endfacet
  facet normal 0.51121 0.859456 -0
    outer loop
      vertex 28.5971 42.7375 0
      vertex 28.316 42.9047 4
      vertex 28.5971 42.7375 4
    endloop
  endfacet
  facet normal 0.51121 0.859456 0
    outer loop
      vertex 28.316 42.9047 4
      vertex 28.5971 42.7375 0
      vertex 28.316 42.9047 0
    endloop
  endfacet
  facet normal 0.928772 0.370652 0
    outer loop
      vertex 27.4756 43.8888 4
      vertex 27.3544 44.1925 0
      vertex 27.3544 44.1925 4
    endloop
  endfacet
  facet normal 0.928772 0.370652 0
    outer loop
      vertex 27.3544 44.1925 0
      vertex 27.4756 43.8888 4
      vertex 27.4756 43.8888 0
    endloop
  endfacet
  facet normal -0.488678 0.872464 0
    outer loop
      vertex 96.6295 28.9383 0
      vertex 96.3442 28.7785 4
      vertex 96.6295 28.9383 4
    endloop
  endfacet
  facet normal -0.488678 0.872464 0
    outer loop
      vertex 96.3442 28.7785 4
      vertex 96.6295 28.9383 0
      vertex 96.3442 28.7785 0
    endloop
  endfacet
  facet normal -0.619198 -0.785235 0
    outer loop
      vertex 96.684 33.0953 0
      vertex 96.9408 32.8928 4
      vertex 96.684 33.0953 4
    endloop
  endfacet
  facet normal -0.619198 -0.785235 -0
    outer loop
      vertex 96.9408 32.8928 4
      vertex 96.684 33.0953 0
      vertex 96.9408 32.8928 0
    endloop
  endfacet
  facet normal -0.969237 -0.246131 0
    outer loop
      vertex 97.7261 31.4905 0
      vertex 97.6456 31.8075 4
      vertex 97.6456 31.8075 0
    endloop
  endfacet
  facet normal -0.969237 -0.246131 0
    outer loop
      vertex 97.6456 31.8075 4
      vertex 97.7261 31.4905 0
      vertex 97.7261 31.4905 4
    endloop
  endfacet
  facet normal -0.117445 0.993079 0
    outer loop
      vertex 95.7235 41.5768 0
      vertex 95.3988 41.5384 4
      vertex 95.7235 41.5768 4
    endloop
  endfacet
  facet normal -0.117445 0.993079 0
    outer loop
      vertex 95.3988 41.5384 4
      vertex 95.7235 41.5768 0
      vertex 95.3988 41.5384 0
    endloop
  endfacet
  facet normal -0.993079 -0.117445 0
    outer loop
      vertex 97.7645 44.1658 0
      vertex 97.7261 44.4905 4
      vertex 97.7261 44.4905 0
    endloop
  endfacet
  facet normal -0.993079 -0.117445 0
    outer loop
      vertex 97.7261 44.4905 4
      vertex 97.7645 44.1658 0
      vertex 97.7645 44.1658 4
    endloop
  endfacet
  facet normal 0.207912 0.978148 -0
    outer loop
      vertex 94.7482 41.5896 0
      vertex 29.2123 55.5197 4
      vertex 94.7482 41.5896 4
    endloop
  endfacet
  facet normal 0.207912 0.978148 0
    outer loop
      vertex 29.2123 55.5197 4
      vertex 94.7482 41.5896 0
      vertex 29.2123 55.5197 0
    endloop
  endfacet
  facet normal 0.993079 0.117445 0
    outer loop
      vertex 27.2739 57.5095 4
      vertex 27.2355 57.8342 0
      vertex 27.2355 57.8342 4
    endloop
  endfacet
  facet normal 0.993079 0.117445 0
    outer loop
      vertex 27.2355 57.8342 0
      vertex 27.2739 57.5095 4
      vertex 27.2739 57.5095 0
    endloop
  endfacet
  facet normal -0.962441 0.271489 0
    outer loop
      vertex 97.6245 43.2004 0
      vertex 97.7133 43.5152 4
      vertex 97.7133 43.5152 0
    endloop
  endfacet
  facet normal -0.962441 0.271489 0
    outer loop
      vertex 97.7133 43.5152 4
      vertex 97.6245 43.2004 0
      vertex 97.6245 43.2004 4
    endloop
  endfacet
  facet normal 0.394842 0.918749 -0
    outer loop
      vertex 28.8975 55.6084 0
      vertex 28.5971 55.7375 4
      vertex 28.8975 55.6084 4
    endloop
  endfacet
  facet normal 0.394842 0.918749 0
    outer loop
      vertex 28.5971 55.7375 4
      vertex 28.8975 55.6084 0
      vertex 28.5971 55.7375 0
    endloop
  endfacet
  facet normal 0.98966 -0.143433 0
    outer loop
      vertex 27.2398 58.1612 4
      vertex 27.2867 58.4848 0
      vertex 27.2867 58.4848 4
    endloop
  endfacet
  facet normal 0.98966 -0.143433 0
    outer loop
      vertex 27.2867 58.4848 0
      vertex 27.2398 58.1612 4
      vertex 27.2398 58.1612 0
    endloop
  endfacet
  facet normal 0.59809 -0.801429 0
    outer loop
      vertex 28.1084 59.8661 0
      vertex 28.3705 60.0617 4
      vertex 28.1084 59.8661 4
    endloop
  endfacet
  facet normal 0.59809 -0.801429 0
    outer loop
      vertex 28.3705 60.0617 4
      vertex 28.1084 59.8661 0
      vertex 28.3705 60.0617 0
    endloop
  endfacet
  facet normal -0.91886 0.394584 0
    outer loop
      vertex 97.4955 42.9 0
      vertex 97.6245 43.2004 4
      vertex 97.6245 43.2004 0
    endloop
  endfacet
  facet normal -0.91886 0.394584 0
    outer loop
      vertex 97.6245 43.2004 4
      vertex 97.4955 42.9 0
      vertex 97.4955 42.9 4
    endloop
  endfacet
  facet normal -0.271206 -0.962521 0
    outer loop
      vertex 95.7877 46.4803 0
      vertex 96.1025 46.3916 4
      vertex 95.7877 46.4803 4
    endloop
  endfacet
  facet normal -0.271206 -0.962521 -0
    outer loop
      vertex 96.1025 46.3916 4
      vertex 95.7877 46.4803 0
      vertex 96.1025 46.3916 0
    endloop
  endfacet
  facet normal 0.143433 0.98966 -0
    outer loop
      vertex 95.0718 41.5427 0
      vertex 94.7482 41.5896 4
      vertex 95.0718 41.5427 4
    endloop
  endfacet
  facet normal 0.143433 0.98966 0
    outer loop
      vertex 94.7482 41.5896 4
      vertex 95.0718 41.5427 0
      vertex 94.7482 41.5896 0
    endloop
  endfacet
  facet normal -0.488678 0.872464 0
    outer loop
      vertex 96.6295 41.9383 0
      vertex 96.3442 41.7785 4
      vertex 96.6295 41.9383 4
    endloop
  endfacet
  facet normal -0.488678 0.872464 0
    outer loop
      vertex 96.3442 41.7785 4
      vertex 96.6295 41.9383 0
      vertex 96.3442 41.7785 0
    endloop
  endfacet
  facet normal 0.962441 -0.271489 0
    outer loop
      vertex 27.2867 58.4848 4
      vertex 27.3755 58.7996 0
      vertex 27.3755 58.7996 4
    endloop
  endfacet
  facet normal 0.962441 -0.271489 0
    outer loop
      vertex 27.3755 58.7996 0
      vertex 27.2867 58.4848 4
      vertex 27.2867 58.4848 0
    endloop
  endfacet
  facet normal 0.370652 -0.928772 0
    outer loop
      vertex 28.6558 60.2215 0
      vertex 28.9595 60.3427 4
      vertex 28.6558 60.2215 4
    endloop
  endfacet
  facet normal 0.370652 -0.928772 0
    outer loop
      vertex 28.9595 60.3427 4
      vertex 28.6558 60.2215 0
      vertex 28.9595 60.3427 0
    endloop
  endfacet
  facet normal -0.785235 0.619198 0
    outer loop
      vertex 97.1258 42.3621 0
      vertex 97.3283 42.6189 4
      vertex 97.3283 42.6189 0
    endloop
  endfacet
  facet normal -0.785235 0.619198 0
    outer loop
      vertex 97.3283 42.6189 4
      vertex 97.1258 42.3621 0
      vertex 97.1258 42.3621 4
    endloop
  endfacet
  facet normal -0.98966 0.143433 0
    outer loop
      vertex 97.7133 43.5152 0
      vertex 97.7602 43.8388 4
      vertex 97.7602 43.8388 0
    endloop
  endfacet
  facet normal -0.98966 0.143433 0
    outer loop
      vertex 97.7602 43.8388 4
      vertex 97.7133 43.5152 0
      vertex 97.7133 43.5152 4
    endloop
  endfacet
  facet normal 0.246131 -0.969237 0
    outer loop
      vertex 28.9595 60.3427 0
      vertex 29.2765 60.4232 4
      vertex 28.9595 60.3427 4
    endloop
  endfacet
  facet normal 0.246131 -0.969237 0
    outer loop
      vertex 29.2765 60.4232 4
      vertex 28.9595 60.3427 0
      vertex 29.2765 60.4232 0
    endloop
  endfacet
  facet normal -0.859456 0.51121 0
    outer loop
      vertex 97.3283 42.6189 0
      vertex 97.4955 42.9 4
      vertex 97.4955 42.9 0
    endloop
  endfacet
  facet normal -0.859456 0.51121 0
    outer loop
      vertex 97.4955 42.9 4
      vertex 97.3283 42.6189 0
      vertex 97.3283 42.6189 4
    endloop
  endfacet
  facet normal 0.697873 -0.716222 0
    outer loop
      vertex 27.8742 59.6379 0
      vertex 28.1084 59.8661 4
      vertex 27.8742 59.6379 4
    endloop
  endfacet
  facet normal 0.697873 -0.716222 0
    outer loop
      vertex 28.1084 59.8661 4
      vertex 27.8742 59.6379 0
      vertex 28.1084 59.8661 0
    endloop
  endfacet
  facet normal -0.0131487 -0.999914 0
    outer loop
      vertex 29.6012 60.4616 0
      vertex 29.9282 60.4573 4
      vertex 29.6012 60.4616 4
    endloop
  endfacet
  facet normal -0.0131487 -0.999914 -0
    outer loop
      vertex 29.9282 60.4573 4
      vertex 29.6012 60.4616 0
      vertex 29.9282 60.4573 0
    endloop
  endfacet
  facet normal -0.207912 -0.978148 0
    outer loop
      vertex 30.2518 60.4104 0
      vertex 95.7877 46.4803 4
      vertex 30.2518 60.4104 4
    endloop
  endfacet
  facet normal -0.207912 -0.978148 -0
    outer loop
      vertex 95.7877 46.4803 4
      vertex 30.2518 60.4104 0
      vertex 95.7877 46.4803 0
    endloop
  endfacet
  facet normal 0.271206 0.962521 -0
    outer loop
      vertex 29.2123 55.5197 0
      vertex 28.8975 55.6084 4
      vertex 29.2123 55.5197 4
    endloop
  endfacet
  facet normal 0.271206 0.962521 0
    outer loop
      vertex 28.8975 55.6084 4
      vertex 29.2123 55.5197 0
      vertex 28.8975 55.6084 0
    endloop
  endfacet
  facet normal 0.999914 -0.0131487 0
    outer loop
      vertex 27.2355 57.8342 4
      vertex 27.2398 58.1612 0
      vertex 27.2398 58.1612 4
    endloop
  endfacet
  facet normal 0.999914 -0.0131487 0
    outer loop
      vertex 27.2398 58.1612 0
      vertex 27.2355 57.8342 4
      vertex 27.2355 57.8342 0
    endloop
  endfacet
  facet normal 0.872537 0.488548 0
    outer loop
      vertex 27.6354 56.6034 4
      vertex 27.4756 56.8888 0
      vertex 27.4756 56.8888 4
    endloop
  endfacet
  facet normal 0.872537 0.488548 0
    outer loop
      vertex 27.4756 56.8888 0
      vertex 27.6354 56.6034 4
      vertex 27.6354 56.6034 0
    endloop
  endfacet
  facet normal -0.716222 -0.697873 0
    outer loop
      vertex 97.169 45.6586 0
      vertex 96.9408 45.8928 4
      vertex 96.9408 45.8928 0
    endloop
  endfacet
  facet normal -0.716222 -0.697873 0
    outer loop
      vertex 96.9408 45.8928 4
      vertex 97.169 45.6586 0
      vertex 97.169 45.6586 4
    endloop
  endfacet
  facet normal -0.246131 0.969237 0
    outer loop
      vertex 96.0405 41.6573 0
      vertex 95.7235 41.5768 4
      vertex 96.0405 41.6573 4
    endloop
  endfacet
  facet normal -0.246131 0.969237 0
    outer loop
      vertex 95.7235 41.5768 4
      vertex 96.0405 41.6573 0
      vertex 95.7235 41.5768 0
    endloop
  endfacet
  facet normal 0.859456 -0.51121 0
    outer loop
      vertex 27.5045 59.1 4
      vertex 27.6717 59.3811 0
      vertex 27.6717 59.3811 4
    endloop
  endfacet
  facet normal 0.859456 -0.51121 0
    outer loop
      vertex 27.6717 59.3811 0
      vertex 27.5045 59.1 4
      vertex 27.5045 59.1 0
    endloop
  endfacet
  facet normal 0.117445 -0.993079 0
    outer loop
      vertex 29.2765 60.4232 0
      vertex 29.6012 60.4616 4
      vertex 29.2765 60.4232 4
    endloop
  endfacet
  facet normal 0.117445 -0.993079 0
    outer loop
      vertex 29.6012 60.4616 4
      vertex 29.2765 60.4232 0
      vertex 29.6012 60.4616 0
    endloop
  endfacet
  facet normal -0.143433 -0.98966 0
    outer loop
      vertex 29.9282 60.4573 0
      vertex 30.2518 60.4104 4
      vertex 29.9282 60.4573 4
    endloop
  endfacet
  facet normal -0.143433 -0.98966 -0
    outer loop
      vertex 30.2518 60.4104 4
      vertex 29.9282 60.4573 0
      vertex 30.2518 60.4104 0
    endloop
  endfacet
  facet normal 0.716222 0.697873 0
    outer loop
      vertex 28.0592 56.1072 4
      vertex 27.831 56.3414 0
      vertex 27.831 56.3414 4
    endloop
  endfacet
  facet normal 0.716222 0.697873 0
    outer loop
      vertex 27.831 56.3414 0
      vertex 28.0592 56.1072 4
      vertex 28.0592 56.1072 0
    endloop
  endfacet
  facet normal -0.697873 0.716222 0
    outer loop
      vertex 97.1258 42.3621 0
      vertex 96.8916 42.1339 4
      vertex 97.1258 42.3621 4
    endloop
  endfacet
  facet normal -0.697873 0.716222 0
    outer loop
      vertex 96.8916 42.1339 4
      vertex 97.1258 42.3621 0
      vertex 96.8916 42.1339 0
    endloop
  endfacet
  facet normal -0.999914 0.0131487 0
    outer loop
      vertex 97.7602 43.8388 0
      vertex 97.7645 44.1658 4
      vertex 97.7645 44.1658 0
    endloop
  endfacet
  facet normal -0.999914 0.0131487 0
    outer loop
      vertex 97.7645 44.1658 4
      vertex 97.7602 43.8388 0
      vertex 97.7602 43.8388 4
    endloop
  endfacet
  facet normal 0.785235 -0.619198 0
    outer loop
      vertex 27.6717 59.3811 4
      vertex 27.8742 59.6379 0
      vertex 27.8742 59.6379 4
    endloop
  endfacet
  facet normal 0.785235 -0.619198 0
    outer loop
      vertex 27.8742 59.6379 0
      vertex 27.6717 59.3811 4
      vertex 27.6717 59.3811 0
    endloop
  endfacet
  facet normal -0.370652 0.928772 0
    outer loop
      vertex 96.3442 41.7785 0
      vertex 96.0405 41.6573 4
      vertex 96.3442 41.7785 4
    endloop
  endfacet
  facet normal -0.370652 0.928772 0
    outer loop
      vertex 96.0405 41.6573 4
      vertex 96.3442 41.7785 0
      vertex 96.0405 41.6573 0
    endloop
  endfacet
  facet normal 0.0131487 0.999914 -0
    outer loop
      vertex 95.3988 41.5384 0
      vertex 95.0718 41.5427 4
      vertex 95.3988 41.5384 4
    endloop
  endfacet
  facet normal 0.0131487 0.999914 0
    outer loop
      vertex 95.0718 41.5427 4
      vertex 95.3988 41.5384 0
      vertex 95.0718 41.5427 0
    endloop
  endfacet
  facet normal 0.801319 0.598237 0
    outer loop
      vertex 27.831 56.3414 4
      vertex 27.6354 56.6034 0
      vertex 27.6354 56.6034 4
    endloop
  endfacet
  facet normal 0.801319 0.598237 0
    outer loop
      vertex 27.6354 56.6034 0
      vertex 27.831 56.3414 4
      vertex 27.831 56.3414 0
    endloop
  endfacet
  facet normal 0.969237 0.246131 0
    outer loop
      vertex 27.3544 57.1925 4
      vertex 27.2739 57.5095 0
      vertex 27.2739 57.5095 4
    endloop
  endfacet
  facet normal 0.969237 0.246131 0
    outer loop
      vertex 27.2739 57.5095 0
      vertex 27.3544 57.1925 4
      vertex 27.3544 57.1925 0
    endloop
  endfacet
  facet normal 0.928772 0.370652 0
    outer loop
      vertex 27.4756 56.8888 4
      vertex 27.3544 57.1925 0
      vertex 27.3544 57.1925 4
    endloop
  endfacet
  facet normal 0.928772 0.370652 0
    outer loop
      vertex 27.3544 57.1925 0
      vertex 27.4756 56.8888 4
      vertex 27.4756 56.8888 0
    endloop
  endfacet
  facet normal 0.91886 -0.394584 0
    outer loop
      vertex 27.3755 58.7996 4
      vertex 27.5045 59.1 0
      vertex 27.5045 59.1 4
    endloop
  endfacet
  facet normal 0.91886 -0.394584 0
    outer loop
      vertex 27.5045 59.1 0
      vertex 27.3755 58.7996 4
      vertex 27.3755 58.7996 0
    endloop
  endfacet
  facet normal -0.801319 -0.598237 0
    outer loop
      vertex 97.3646 45.3966 0
      vertex 97.169 45.6586 4
      vertex 97.169 45.6586 0
    endloop
  endfacet
  facet normal -0.801319 -0.598237 0
    outer loop
      vertex 97.169 45.6586 4
      vertex 97.3646 45.3966 0
      vertex 97.3646 45.3966 4
    endloop
  endfacet
  facet normal -0.969237 -0.246131 0
    outer loop
      vertex 97.7261 44.4905 0
      vertex 97.6456 44.8075 4
      vertex 97.6456 44.8075 0
    endloop
  endfacet
  facet normal -0.969237 -0.246131 0
    outer loop
      vertex 97.6456 44.8075 4
      vertex 97.7261 44.4905 0
      vertex 97.7261 44.4905 4
    endloop
  endfacet
  facet normal -0.394842 -0.918749 0
    outer loop
      vertex 96.1025 46.3916 0
      vertex 96.4029 46.2625 4
      vertex 96.1025 46.3916 4
    endloop
  endfacet
  facet normal -0.394842 -0.918749 -0
    outer loop
      vertex 96.4029 46.2625 4
      vertex 96.1025 46.3916 0
      vertex 96.4029 46.2625 0
    endloop
  endfacet
  facet normal -0.619198 -0.785235 0
    outer loop
      vertex 96.684 46.0953 0
      vertex 96.9408 45.8928 4
      vertex 96.684 46.0953 4
    endloop
  endfacet
  facet normal -0.619198 -0.785235 -0
    outer loop
      vertex 96.9408 45.8928 4
      vertex 96.684 46.0953 0
      vertex 96.9408 45.8928 0
    endloop
  endfacet
  facet normal 0.619198 0.785235 -0
    outer loop
      vertex 28.316 55.9047 0
      vertex 28.0592 56.1072 4
      vertex 28.316 55.9047 4
    endloop
  endfacet
  facet normal 0.619198 0.785235 0
    outer loop
      vertex 28.0592 56.1072 4
      vertex 28.316 55.9047 0
      vertex 28.0592 56.1072 0
    endloop
  endfacet
  facet normal -0.59809 0.801429 0
    outer loop
      vertex 96.8916 42.1339 0
      vertex 96.6295 41.9383 4
      vertex 96.8916 42.1339 4
    endloop
  endfacet
  facet normal -0.59809 0.801429 0
    outer loop
      vertex 96.6295 41.9383 4
      vertex 96.8916 42.1339 0
      vertex 96.6295 41.9383 0
    endloop
  endfacet
  facet normal -0.872537 -0.488548 0
    outer loop
      vertex 97.5244 45.1112 0
      vertex 97.3646 45.3966 4
      vertex 97.3646 45.3966 0
    endloop
  endfacet
  facet normal -0.872537 -0.488548 0
    outer loop
      vertex 97.3646 45.3966 4
      vertex 97.5244 45.1112 0
      vertex 97.5244 45.1112 4
    endloop
  endfacet
  facet normal 0.488678 -0.872464 0
    outer loop
      vertex 28.3705 60.0617 0
      vertex 28.6558 60.2215 4
      vertex 28.3705 60.0617 4
    endloop
  endfacet
  facet normal 0.488678 -0.872464 0
    outer loop
      vertex 28.6558 60.2215 4
      vertex 28.3705 60.0617 0
      vertex 28.6558 60.2215 0
    endloop
  endfacet
  facet normal -0.928772 -0.370652 0
    outer loop
      vertex 97.6456 44.8075 0
      vertex 97.5244 45.1112 4
      vertex 97.5244 45.1112 0
    endloop
  endfacet
  facet normal -0.928772 -0.370652 0
    outer loop
      vertex 97.5244 45.1112 4
      vertex 97.6456 44.8075 0
      vertex 97.6456 44.8075 4
    endloop
  endfacet
  facet normal 0.51121 0.859456 -0
    outer loop
      vertex 28.5971 55.7375 0
      vertex 28.316 55.9047 4
      vertex 28.5971 55.7375 4
    endloop
  endfacet
  facet normal 0.51121 0.859456 0
    outer loop
      vertex 28.316 55.9047 4
      vertex 28.5971 55.7375 0
      vertex 28.316 55.9047 0
    endloop
  endfacet
  facet normal -0.51121 -0.859456 0
    outer loop
      vertex 96.4029 46.2625 0
      vertex 96.684 46.0953 4
      vertex 96.4029 46.2625 4
    endloop
  endfacet
  facet normal -0.51121 -0.859456 -0
    outer loop
      vertex 96.684 46.0953 4
      vertex 96.4029 46.2625 0
      vertex 96.684 46.0953 0
    endloop
  endfacet
  facet normal -0.117445 0.993079 0
    outer loop
      vertex 95.7235 54.5768 0
      vertex 95.3988 54.5384 4
      vertex 95.7235 54.5768 4
    endloop
  endfacet
  facet normal -0.117445 0.993079 0
    outer loop
      vertex 95.3988 54.5384 4
      vertex 95.7235 54.5768 0
      vertex 95.3988 54.5384 0
    endloop
  endfacet
  facet normal 0.207912 0.978148 -0
    outer loop
      vertex 94.7482 54.5896 0
      vertex 29.2123 68.5197 4
      vertex 94.7482 54.5896 4
    endloop
  endfacet
  facet normal 0.207912 0.978148 0
    outer loop
      vertex 29.2123 68.5197 4
      vertex 94.7482 54.5896 0
      vertex 29.2123 68.5197 0
    endloop
  endfacet
  facet normal 0.993079 0.117445 0
    outer loop
      vertex 27.2739 70.5095 4
      vertex 27.2355 70.8342 0
      vertex 27.2355 70.8342 4
    endloop
  endfacet
  facet normal 0.993079 0.117445 0
    outer loop
      vertex 27.2355 70.8342 0
      vertex 27.2739 70.5095 4
      vertex 27.2739 70.5095 0
    endloop
  endfacet
  facet normal 0.394842 0.918749 -0
    outer loop
      vertex 28.8975 68.6084 0
      vertex 28.5971 68.7375 4
      vertex 28.8975 68.6084 4
    endloop
  endfacet
  facet normal 0.394842 0.918749 0
    outer loop
      vertex 28.5971 68.7375 4
      vertex 28.8975 68.6084 0
      vertex 28.5971 68.7375 0
    endloop
  endfacet
  facet normal 0.98966 -0.143433 0
    outer loop
      vertex 27.2398 71.1612 4
      vertex 27.2867 71.4848 0
      vertex 27.2867 71.4848 4
    endloop
  endfacet
  facet normal 0.98966 -0.143433 0
    outer loop
      vertex 27.2867 71.4848 0
      vertex 27.2398 71.1612 4
      vertex 27.2398 71.1612 0
    endloop
  endfacet
  facet normal 0.59809 -0.801429 0
    outer loop
      vertex 28.1084 72.8661 0
      vertex 28.3705 73.0617 4
      vertex 28.1084 72.8661 4
    endloop
  endfacet
  facet normal 0.59809 -0.801429 0
    outer loop
      vertex 28.3705 73.0617 4
      vertex 28.1084 72.8661 0
      vertex 28.3705 73.0617 0
    endloop
  endfacet
  facet normal -0.91886 0.394584 0
    outer loop
      vertex 97.4955 55.9 0
      vertex 97.6245 56.2004 4
      vertex 97.6245 56.2004 0
    endloop
  endfacet
  facet normal -0.91886 0.394584 0
    outer loop
      vertex 97.6245 56.2004 4
      vertex 97.4955 55.9 0
      vertex 97.4955 55.9 4
    endloop
  endfacet
  facet normal -0.271206 -0.962521 0
    outer loop
      vertex 95.7877 59.4803 0
      vertex 96.1025 59.3916 4
      vertex 95.7877 59.4803 4
    endloop
  endfacet
  facet normal -0.271206 -0.962521 -0
    outer loop
      vertex 96.1025 59.3916 4
      vertex 95.7877 59.4803 0
      vertex 96.1025 59.3916 0
    endloop
  endfacet
  facet normal 0.143433 0.98966 -0
    outer loop
      vertex 95.0718 54.5427 0
      vertex 94.7482 54.5896 4
      vertex 95.0718 54.5427 4
    endloop
  endfacet
  facet normal 0.143433 0.98966 0
    outer loop
      vertex 94.7482 54.5896 4
      vertex 95.0718 54.5427 0
      vertex 94.7482 54.5896 0
    endloop
  endfacet
  facet normal 0.969237 0.246131 0
    outer loop
      vertex 27.3544 70.1925 4
      vertex 27.2739 70.5095 0
      vertex 27.2739 70.5095 4
    endloop
  endfacet
  facet normal 0.969237 0.246131 0
    outer loop
      vertex 27.2739 70.5095 0
      vertex 27.3544 70.1925 4
      vertex 27.3544 70.1925 0
    endloop
  endfacet
  facet normal 0.962441 -0.271489 0
    outer loop
      vertex 27.2867 71.4848 4
      vertex 27.3755 71.7996 0
      vertex 27.3755 71.7996 4
    endloop
  endfacet
  facet normal 0.962441 -0.271489 0
    outer loop
      vertex 27.3755 71.7996 0
      vertex 27.2867 71.4848 4
      vertex 27.2867 71.4848 0
    endloop
  endfacet
  facet normal -0.962441 0.271489 0
    outer loop
      vertex 97.6245 56.2004 0
      vertex 97.7133 56.5152 4
      vertex 97.7133 56.5152 0
    endloop
  endfacet
  facet normal -0.962441 0.271489 0
    outer loop
      vertex 97.7133 56.5152 4
      vertex 97.6245 56.2004 0
      vertex 97.6245 56.2004 4
    endloop
  endfacet
  facet normal 0.370652 -0.928772 0
    outer loop
      vertex 28.6558 73.2215 0
      vertex 28.9595 73.3427 4
      vertex 28.6558 73.2215 4
    endloop
  endfacet
  facet normal 0.370652 -0.928772 0
    outer loop
      vertex 28.9595 73.3427 4
      vertex 28.6558 73.2215 0
      vertex 28.9595 73.3427 0
    endloop
  endfacet
  facet normal 0.246131 -0.969237 0
    outer loop
      vertex 28.9595 73.3427 0
      vertex 29.2765 73.4232 4
      vertex 28.9595 73.3427 4
    endloop
  endfacet
  facet normal 0.246131 -0.969237 0
    outer loop
      vertex 29.2765 73.4232 4
      vertex 28.9595 73.3427 0
      vertex 29.2765 73.4232 0
    endloop
  endfacet
  facet normal 0.697873 -0.716222 0
    outer loop
      vertex 27.8742 72.6379 0
      vertex 28.1084 72.8661 4
      vertex 27.8742 72.6379 4
    endloop
  endfacet
  facet normal 0.697873 -0.716222 0
    outer loop
      vertex 28.1084 72.8661 4
      vertex 27.8742 72.6379 0
      vertex 28.1084 72.8661 0
    endloop
  endfacet
  facet normal -0.0131487 -0.999914 0
    outer loop
      vertex 29.6012 73.4616 0
      vertex 29.9282 73.4573 4
      vertex 29.6012 73.4616 4
    endloop
  endfacet
  facet normal -0.0131487 -0.999914 -0
    outer loop
      vertex 29.9282 73.4573 4
      vertex 29.6012 73.4616 0
      vertex 29.9282 73.4573 0
    endloop
  endfacet
  facet normal -0.207912 -0.978148 0
    outer loop
      vertex 30.2518 73.4104 0
      vertex 95.7877 59.4803 4
      vertex 30.2518 73.4104 4
    endloop
  endfacet
  facet normal -0.207912 -0.978148 -0
    outer loop
      vertex 95.7877 59.4803 4
      vertex 30.2518 73.4104 0
      vertex 95.7877 59.4803 0
    endloop
  endfacet
  facet normal 0.271206 0.962521 -0
    outer loop
      vertex 29.2123 68.5197 0
      vertex 28.8975 68.6084 4
      vertex 29.2123 68.5197 4
    endloop
  endfacet
  facet normal 0.271206 0.962521 0
    outer loop
      vertex 28.8975 68.6084 4
      vertex 29.2123 68.5197 0
      vertex 28.8975 68.6084 0
    endloop
  endfacet
  facet normal 0.999914 -0.0131487 0
    outer loop
      vertex 27.2355 70.8342 4
      vertex 27.2398 71.1612 0
      vertex 27.2398 71.1612 4
    endloop
  endfacet
  facet normal 0.999914 -0.0131487 0
    outer loop
      vertex 27.2398 71.1612 0
      vertex 27.2355 70.8342 4
      vertex 27.2355 70.8342 0
    endloop
  endfacet
  facet normal 0.872537 0.488548 0
    outer loop
      vertex 27.6354 69.6034 4
      vertex 27.4756 69.8888 0
      vertex 27.4756 69.8888 4
    endloop
  endfacet
  facet normal 0.872537 0.488548 0
    outer loop
      vertex 27.4756 69.8888 0
      vertex 27.6354 69.6034 4
      vertex 27.6354 69.6034 0
    endloop
  endfacet
  facet normal -0.716222 -0.697873 0
    outer loop
      vertex 97.169 58.6586 0
      vertex 96.9408 58.8928 4
      vertex 96.9408 58.8928 0
    endloop
  endfacet
  facet normal -0.716222 -0.697873 0
    outer loop
      vertex 96.9408 58.8928 4
      vertex 97.169 58.6586 0
      vertex 97.169 58.6586 4
    endloop
  endfacet
  facet normal -0.246131 0.969237 0
    outer loop
      vertex 96.0405 54.6573 0
      vertex 95.7235 54.5768 4
      vertex 96.0405 54.6573 4
    endloop
  endfacet
  facet normal -0.246131 0.969237 0
    outer loop
      vertex 95.7235 54.5768 4
      vertex 96.0405 54.6573 0
      vertex 95.7235 54.5768 0
    endloop
  endfacet
  facet normal 0.859456 -0.51121 0
    outer loop
      vertex 27.5045 72.1 4
      vertex 27.6717 72.3811 0
      vertex 27.6717 72.3811 4
    endloop
  endfacet
  facet normal 0.859456 -0.51121 0
    outer loop
      vertex 27.6717 72.3811 0
      vertex 27.5045 72.1 4
      vertex 27.5045 72.1 0
    endloop
  endfacet
  facet normal 0.117445 -0.993079 0
    outer loop
      vertex 29.2765 73.4232 0
      vertex 29.6012 73.4616 4
      vertex 29.2765 73.4232 4
    endloop
  endfacet
  facet normal 0.117445 -0.993079 0
    outer loop
      vertex 29.6012 73.4616 4
      vertex 29.2765 73.4232 0
      vertex 29.6012 73.4616 0
    endloop
  endfacet
  facet normal -0.143433 -0.98966 0
    outer loop
      vertex 29.9282 73.4573 0
      vertex 30.2518 73.4104 4
      vertex 29.9282 73.4573 4
    endloop
  endfacet
  facet normal -0.143433 -0.98966 -0
    outer loop
      vertex 30.2518 73.4104 4
      vertex 29.9282 73.4573 0
      vertex 30.2518 73.4104 0
    endloop
  endfacet
  facet normal 0.716222 0.697873 0
    outer loop
      vertex 28.0592 69.1072 4
      vertex 27.831 69.3414 0
      vertex 27.831 69.3414 4
    endloop
  endfacet
  facet normal 0.716222 0.697873 0
    outer loop
      vertex 27.831 69.3414 0
      vertex 28.0592 69.1072 4
      vertex 28.0592 69.1072 0
    endloop
  endfacet
  facet normal -0.697873 0.716222 0
    outer loop
      vertex 97.1258 55.3621 0
      vertex 96.8916 55.1339 4
      vertex 97.1258 55.3621 4
    endloop
  endfacet
  facet normal -0.697873 0.716222 0
    outer loop
      vertex 96.8916 55.1339 4
      vertex 97.1258 55.3621 0
      vertex 96.8916 55.1339 0
    endloop
  endfacet
  facet normal -0.928772 -0.370652 0
    outer loop
      vertex 97.6456 57.8075 0
      vertex 97.5244 58.1112 4
      vertex 97.5244 58.1112 0
    endloop
  endfacet
  facet normal -0.928772 -0.370652 0
    outer loop
      vertex 97.5244 58.1112 4
      vertex 97.6456 57.8075 0
      vertex 97.6456 57.8075 4
    endloop
  endfacet
  facet normal 0.785235 -0.619198 0
    outer loop
      vertex 27.6717 72.3811 4
      vertex 27.8742 72.6379 0
      vertex 27.8742 72.6379 4
    endloop
  endfacet
  facet normal 0.785235 -0.619198 0
    outer loop
      vertex 27.8742 72.6379 0
      vertex 27.6717 72.3811 4
      vertex 27.6717 72.3811 0
    endloop
  endfacet
  facet normal 0.0131487 0.999914 -0
    outer loop
      vertex 95.3988 54.5384 0
      vertex 95.0718 54.5427 4
      vertex 95.3988 54.5384 4
    endloop
  endfacet
  facet normal 0.0131487 0.999914 0
    outer loop
      vertex 95.0718 54.5427 4
      vertex 95.3988 54.5384 0
      vertex 95.0718 54.5427 0
    endloop
  endfacet
  facet normal 0.801319 0.598237 0
    outer loop
      vertex 27.831 69.3414 4
      vertex 27.6354 69.6034 0
      vertex 27.6354 69.6034 4
    endloop
  endfacet
  facet normal 0.801319 0.598237 0
    outer loop
      vertex 27.6354 69.6034 0
      vertex 27.831 69.3414 4
      vertex 27.831 69.3414 0
    endloop
  endfacet
  facet normal 0.91886 -0.394584 0
    outer loop
      vertex 27.3755 71.7996 4
      vertex 27.5045 72.1 0
      vertex 27.5045 72.1 4
    endloop
  endfacet
  facet normal 0.91886 -0.394584 0
    outer loop
      vertex 27.5045 72.1 0
      vertex 27.3755 71.7996 4
      vertex 27.3755 71.7996 0
    endloop
  endfacet
  facet normal -0.993079 -0.117445 0
    outer loop
      vertex 97.7645 57.1658 0
      vertex 97.7261 57.4905 4
      vertex 97.7261 57.4905 0
    endloop
  endfacet
  facet normal -0.993079 -0.117445 0
    outer loop
      vertex 97.7261 57.4905 4
      vertex 97.7645 57.1658 0
      vertex 97.7645 57.1658 4
    endloop
  endfacet
  facet normal -0.801319 -0.598237 0
    outer loop
      vertex 97.3646 58.3966 0
      vertex 97.169 58.6586 4
      vertex 97.169 58.6586 0
    endloop
  endfacet
  facet normal -0.801319 -0.598237 0
    outer loop
      vertex 97.169 58.6586 4
      vertex 97.3646 58.3966 0
      vertex 97.3646 58.3966 4
    endloop
  endfacet
  facet normal -0.394842 -0.918749 0
    outer loop
      vertex 96.1025 59.3916 0
      vertex 96.4029 59.2625 4
      vertex 96.1025 59.3916 4
    endloop
  endfacet
  facet normal -0.394842 -0.918749 -0
    outer loop
      vertex 96.4029 59.2625 4
      vertex 96.1025 59.3916 0
      vertex 96.4029 59.2625 0
    endloop
  endfacet
  facet normal 0.619198 0.785235 -0
    outer loop
      vertex 28.316 68.9047 0
      vertex 28.0592 69.1072 4
      vertex 28.316 68.9047 4
    endloop
  endfacet
  facet normal 0.619198 0.785235 0
    outer loop
      vertex 28.0592 69.1072 4
      vertex 28.316 68.9047 0
      vertex 28.0592 69.1072 0
    endloop
  endfacet
  facet normal -0.59809 0.801429 0
    outer loop
      vertex 96.8916 55.1339 0
      vertex 96.6295 54.9383 4
      vertex 96.8916 55.1339 4
    endloop
  endfacet
  facet normal -0.59809 0.801429 0
    outer loop
      vertex 96.6295 54.9383 4
      vertex 96.8916 55.1339 0
      vertex 96.6295 54.9383 0
    endloop
  endfacet
  facet normal -0.872537 -0.488548 0
    outer loop
      vertex 97.5244 58.1112 0
      vertex 97.3646 58.3966 4
      vertex 97.3646 58.3966 0
    endloop
  endfacet
  facet normal -0.872537 -0.488548 0
    outer loop
      vertex 97.3646 58.3966 4
      vertex 97.5244 58.1112 0
      vertex 97.5244 58.1112 4
    endloop
  endfacet
  facet normal -0.370652 0.928772 0
    outer loop
      vertex 96.3442 54.7785 0
      vertex 96.0405 54.6573 4
      vertex 96.3442 54.7785 4
    endloop
  endfacet
  facet normal -0.370652 0.928772 0
    outer loop
      vertex 96.0405 54.6573 4
      vertex 96.3442 54.7785 0
      vertex 96.0405 54.6573 0
    endloop
  endfacet
  facet normal -0.859456 0.51121 0
    outer loop
      vertex 97.3283 55.6189 0
      vertex 97.4955 55.9 4
      vertex 97.4955 55.9 0
    endloop
  endfacet
  facet normal -0.859456 0.51121 0
    outer loop
      vertex 97.4955 55.9 4
      vertex 97.3283 55.6189 0
      vertex 97.3283 55.6189 4
    endloop
  endfacet
  facet normal 0.488678 -0.872464 0
    outer loop
      vertex 28.3705 73.0617 0
      vertex 28.6558 73.2215 4
      vertex 28.3705 73.0617 4
    endloop
  endfacet
  facet normal 0.488678 -0.872464 0
    outer loop
      vertex 28.6558 73.2215 4
      vertex 28.3705 73.0617 0
      vertex 28.6558 73.2215 0
    endloop
  endfacet
  facet normal -0.785235 0.619198 0
    outer loop
      vertex 97.1258 55.3621 0
      vertex 97.3283 55.6189 4
      vertex 97.3283 55.6189 0
    endloop
  endfacet
  facet normal -0.785235 0.619198 0
    outer loop
      vertex 97.3283 55.6189 4
      vertex 97.1258 55.3621 0
      vertex 97.1258 55.3621 4
    endloop
  endfacet
  facet normal -0.999914 0.0131487 0
    outer loop
      vertex 97.7602 56.8388 0
      vertex 97.7645 57.1658 4
      vertex 97.7645 57.1658 0
    endloop
  endfacet
  facet normal -0.999914 0.0131487 0
    outer loop
      vertex 97.7645 57.1658 4
      vertex 97.7602 56.8388 0
      vertex 97.7602 56.8388 4
    endloop
  endfacet
  facet normal -0.98966 0.143433 0
    outer loop
      vertex 97.7133 56.5152 0
      vertex 97.7602 56.8388 4
      vertex 97.7602 56.8388 0
    endloop
  endfacet
  facet normal -0.98966 0.143433 0
    outer loop
      vertex 97.7602 56.8388 4
      vertex 97.7133 56.5152 0
      vertex 97.7133 56.5152 4
    endloop
  endfacet
  facet normal -0.51121 -0.859456 0
    outer loop
      vertex 96.4029 59.2625 0
      vertex 96.684 59.0953 4
      vertex 96.4029 59.2625 4
    endloop
  endfacet
  facet normal -0.51121 -0.859456 -0
    outer loop
      vertex 96.684 59.0953 4
      vertex 96.4029 59.2625 0
      vertex 96.684 59.0953 0
    endloop
  endfacet
  facet normal 0.51121 0.859456 -0
    outer loop
      vertex 28.5971 68.7375 0
      vertex 28.316 68.9047 4
      vertex 28.5971 68.7375 4
    endloop
  endfacet
  facet normal 0.51121 0.859456 0
    outer loop
      vertex 28.316 68.9047 4
      vertex 28.5971 68.7375 0
      vertex 28.316 68.9047 0
    endloop
  endfacet
  facet normal 0.928772 0.370652 0
    outer loop
      vertex 27.4756 69.8888 4
      vertex 27.3544 70.1925 0
      vertex 27.3544 70.1925 4
    endloop
  endfacet
  facet normal 0.928772 0.370652 0
    outer loop
      vertex 27.3544 70.1925 0
      vertex 27.4756 69.8888 4
      vertex 27.4756 69.8888 0
    endloop
  endfacet
  facet normal -0.488678 0.872464 0
    outer loop
      vertex 96.6295 54.9383 0
      vertex 96.3442 54.7785 4
      vertex 96.6295 54.9383 4
    endloop
  endfacet
  facet normal -0.488678 0.872464 0
    outer loop
      vertex 96.3442 54.7785 4
      vertex 96.6295 54.9383 0
      vertex 96.3442 54.7785 0
    endloop
  endfacet
  facet normal -0.619198 -0.785235 0
    outer loop
      vertex 96.684 59.0953 0
      vertex 96.9408 58.8928 4
      vertex 96.684 59.0953 4
    endloop
  endfacet
  facet normal -0.619198 -0.785235 -0
    outer loop
      vertex 96.9408 58.8928 4
      vertex 96.684 59.0953 0
      vertex 96.9408 58.8928 0
    endloop
  endfacet
  facet normal -0.969237 -0.246131 0
    outer loop
      vertex 97.7261 57.4905 0
      vertex 97.6456 57.8075 4
      vertex 97.6456 57.8075 0
    endloop
  endfacet
  facet normal -0.969237 -0.246131 0
    outer loop
      vertex 97.6456 57.8075 4
      vertex 97.7261 57.4905 0
      vertex 97.7261 57.4905 4
    endloop
  endfacet
  facet normal 0.271206 0.962521 -0
    outer loop
      vertex 29.2123 81.5197 0
      vertex 28.8975 81.6084 4
      vertex 29.2123 81.5197 4
    endloop
  endfacet
  facet normal 0.271206 0.962521 0
    outer loop
      vertex 28.8975 81.6084 4
      vertex 29.2123 81.5197 0
      vertex 28.8975 81.6084 0
    endloop
  endfacet
  facet normal -0.143433 -0.98966 0
    outer loop
      vertex 29.9282 86.4573 0
      vertex 30.2518 86.4104 4
      vertex 29.9282 86.4573 4
    endloop
  endfacet
  facet normal -0.143433 -0.98966 -0
    outer loop
      vertex 30.2518 86.4104 4
      vertex 29.9282 86.4573 0
      vertex 30.2518 86.4104 0
    endloop
  endfacet
  facet normal -0.872537 -0.488548 0
    outer loop
      vertex 97.5244 71.1112 0
      vertex 97.3646 71.3966 4
      vertex 97.3646 71.3966 0
    endloop
  endfacet
  facet normal -0.872537 -0.488548 0
    outer loop
      vertex 97.3646 71.3966 4
      vertex 97.5244 71.1112 0
      vertex 97.5244 71.1112 4
    endloop
  endfacet
  facet normal 0.993079 0.117445 0
    outer loop
      vertex 27.2739 83.5095 4
      vertex 27.2355 83.8342 0
      vertex 27.2355 83.8342 4
    endloop
  endfacet
  facet normal 0.993079 0.117445 0
    outer loop
      vertex 27.2355 83.8342 0
      vertex 27.2739 83.5095 4
      vertex 27.2739 83.5095 0
    endloop
  endfacet
  facet normal 0.51121 0.859456 -0
    outer loop
      vertex 28.5971 81.7375 0
      vertex 28.316 81.9047 4
      vertex 28.5971 81.7375 4
    endloop
  endfacet
  facet normal 0.51121 0.859456 0
    outer loop
      vertex 28.316 81.9047 4
      vertex 28.5971 81.7375 0
      vertex 28.316 81.9047 0
    endloop
  endfacet
  facet normal 0.872537 0.488548 0
    outer loop
      vertex 27.6354 82.6034 4
      vertex 27.4756 82.8888 0
      vertex 27.4756 82.8888 4
    endloop
  endfacet
  facet normal 0.872537 0.488548 0
    outer loop
      vertex 27.4756 82.8888 0
      vertex 27.6354 82.6034 4
      vertex 27.6354 82.6034 0
    endloop
  endfacet
  facet normal -0.488678 0.872464 0
    outer loop
      vertex 96.6295 67.9383 0
      vertex 96.3442 67.7785 4
      vertex 96.6295 67.9383 4
    endloop
  endfacet
  facet normal -0.488678 0.872464 0
    outer loop
      vertex 96.3442 67.7785 4
      vertex 96.6295 67.9383 0
      vertex 96.3442 67.7785 0
    endloop
  endfacet
  facet normal -0.207912 -0.978148 0
    outer loop
      vertex 30.2518 86.4104 0
      vertex 95.7877 72.4803 4
      vertex 30.2518 86.4104 4
    endloop
  endfacet
  facet normal -0.207912 -0.978148 -0
    outer loop
      vertex 95.7877 72.4803 4
      vertex 30.2518 86.4104 0
      vertex 95.7877 72.4803 0
    endloop
  endfacet
  facet normal 0.117445 -0.993079 0
    outer loop
      vertex 29.2765 86.4232 0
      vertex 29.6012 86.4616 4
      vertex 29.2765 86.4232 4
    endloop
  endfacet
  facet normal 0.117445 -0.993079 0
    outer loop
      vertex 29.6012 86.4616 4
      vertex 29.2765 86.4232 0
      vertex 29.6012 86.4616 0
    endloop
  endfacet
  facet normal 0.207912 0.978148 -0
    outer loop
      vertex 94.7482 67.5896 0
      vertex 29.2123 81.5197 4
      vertex 94.7482 67.5896 4
    endloop
  endfacet
  facet normal 0.207912 0.978148 0
    outer loop
      vertex 29.2123 81.5197 4
      vertex 94.7482 67.5896 0
      vertex 29.2123 81.5197 0
    endloop
  endfacet
  facet normal -0.0131487 -0.999914 0
    outer loop
      vertex 29.6012 86.4616 0
      vertex 29.9282 86.4573 4
      vertex 29.6012 86.4616 4
    endloop
  endfacet
  facet normal -0.0131487 -0.999914 -0
    outer loop
      vertex 29.9282 86.4573 4
      vertex 29.6012 86.4616 0
      vertex 29.9282 86.4573 0
    endloop
  endfacet
  facet normal 0.98966 -0.143433 0
    outer loop
      vertex 27.2398 84.1612 4
      vertex 27.2867 84.4848 0
      vertex 27.2867 84.4848 4
    endloop
  endfacet
  facet normal 0.98966 -0.143433 0
    outer loop
      vertex 27.2867 84.4848 0
      vertex 27.2398 84.1612 4
      vertex 27.2398 84.1612 0
    endloop
  endfacet
  facet normal -0.619198 -0.785235 0
    outer loop
      vertex 96.684 72.0953 0
      vertex 96.9408 71.8928 4
      vertex 96.684 72.0953 4
    endloop
  endfacet
  facet normal -0.619198 -0.785235 -0
    outer loop
      vertex 96.9408 71.8928 4
      vertex 96.684 72.0953 0
      vertex 96.9408 71.8928 0
    endloop
  endfacet
  facet normal -0.271206 -0.962521 0
    outer loop
      vertex 95.7877 72.4803 0
      vertex 96.1025 72.3916 4
      vertex 95.7877 72.4803 4
    endloop
  endfacet
  facet normal -0.271206 -0.962521 -0
    outer loop
      vertex 96.1025 72.3916 4
      vertex 95.7877 72.4803 0
      vertex 96.1025 72.3916 0
    endloop
  endfacet
  facet normal 0.59809 -0.801429 0
    outer loop
      vertex 28.1084 85.8661 0
      vertex 28.3705 86.0617 4
      vertex 28.1084 85.8661 4
    endloop
  endfacet
  facet normal 0.59809 -0.801429 0
    outer loop
      vertex 28.3705 86.0617 4
      vertex 28.1084 85.8661 0
      vertex 28.3705 86.0617 0
    endloop
  endfacet
  facet normal 0.246131 -0.969237 0
    outer loop
      vertex 28.9595 86.3427 0
      vertex 29.2765 86.4232 4
      vertex 28.9595 86.3427 4
    endloop
  endfacet
  facet normal 0.246131 -0.969237 0
    outer loop
      vertex 29.2765 86.4232 4
      vertex 28.9595 86.3427 0
      vertex 29.2765 86.4232 0
    endloop
  endfacet
  facet normal 0.619198 0.785235 -0
    outer loop
      vertex 28.316 81.9047 0
      vertex 28.0592 82.1072 4
      vertex 28.316 81.9047 4
    endloop
  endfacet
  facet normal 0.619198 0.785235 0
    outer loop
      vertex 28.0592 82.1072 4
      vertex 28.316 81.9047 0
      vertex 28.0592 82.1072 0
    endloop
  endfacet
  facet normal -0.999914 0.0131487 0
    outer loop
      vertex 97.7602 69.8388 0
      vertex 97.7645 70.1658 4
      vertex 97.7645 70.1658 0
    endloop
  endfacet
  facet normal -0.999914 0.0131487 0
    outer loop
      vertex 97.7645 70.1658 4
      vertex 97.7602 69.8388 0
      vertex 97.7602 69.8388 4
    endloop
  endfacet
  facet normal 0.716222 0.697873 0
    outer loop
      vertex 28.0592 82.1072 4
      vertex 27.831 82.3414 0
      vertex 27.831 82.3414 4
    endloop
  endfacet
  facet normal 0.716222 0.697873 0
    outer loop
      vertex 27.831 82.3414 0
      vertex 28.0592 82.1072 4
      vertex 28.0592 82.1072 0
    endloop
  endfacet
  facet normal 0.962441 -0.271489 0
    outer loop
      vertex 27.2867 84.4848 4
      vertex 27.3755 84.7996 0
      vertex 27.3755 84.7996 4
    endloop
  endfacet
  facet normal 0.962441 -0.271489 0
    outer loop
      vertex 27.3755 84.7996 0
      vertex 27.2867 84.4848 4
      vertex 27.2867 84.4848 0
    endloop
  endfacet
  facet normal 0.999914 -0.0131487 0
    outer loop
      vertex 27.2355 83.8342 4
      vertex 27.2398 84.1612 0
      vertex 27.2398 84.1612 4
    endloop
  endfacet
  facet normal 0.999914 -0.0131487 0
    outer loop
      vertex 27.2398 84.1612 0
      vertex 27.2355 83.8342 4
      vertex 27.2355 83.8342 0
    endloop
  endfacet
  facet normal 0.143433 0.98966 -0
    outer loop
      vertex 95.0718 67.5427 0
      vertex 94.7482 67.5896 4
      vertex 95.0718 67.5427 4
    endloop
  endfacet
  facet normal 0.143433 0.98966 0
    outer loop
      vertex 94.7482 67.5896 4
      vertex 95.0718 67.5427 0
      vertex 94.7482 67.5896 0
    endloop
  endfacet
  facet normal 0.394842 0.918749 -0
    outer loop
      vertex 28.8975 81.6084 0
      vertex 28.5971 81.7375 4
      vertex 28.8975 81.6084 4
    endloop
  endfacet
  facet normal 0.394842 0.918749 0
    outer loop
      vertex 28.5971 81.7375 4
      vertex 28.8975 81.6084 0
      vertex 28.5971 81.7375 0
    endloop
  endfacet
  facet normal 0.785235 -0.619198 0
    outer loop
      vertex 27.6717 85.3811 4
      vertex 27.8742 85.6379 0
      vertex 27.8742 85.6379 4
    endloop
  endfacet
  facet normal 0.785235 -0.619198 0
    outer loop
      vertex 27.8742 85.6379 0
      vertex 27.6717 85.3811 4
      vertex 27.6717 85.3811 0
    endloop
  endfacet
  facet normal 0.91886 -0.394584 0
    outer loop
      vertex 27.3755 84.7996 4
      vertex 27.5045 85.1 0
      vertex 27.5045 85.1 4
    endloop
  endfacet
  facet normal 0.91886 -0.394584 0
    outer loop
      vertex 27.5045 85.1 0
      vertex 27.3755 84.7996 4
      vertex 27.3755 84.7996 0
    endloop
  endfacet
  facet normal -0.246131 0.969237 0
    outer loop
      vertex 96.0405 67.6573 0
      vertex 95.7235 67.5768 4
      vertex 96.0405 67.6573 4
    endloop
  endfacet
  facet normal -0.246131 0.969237 0
    outer loop
      vertex 95.7235 67.5768 4
      vertex 96.0405 67.6573 0
      vertex 95.7235 67.5768 0
    endloop
  endfacet
  facet normal 0.801319 0.598237 0
    outer loop
      vertex 27.831 82.3414 4
      vertex 27.6354 82.6034 0
      vertex 27.6354 82.6034 4
    endloop
  endfacet
  facet normal 0.801319 0.598237 0
    outer loop
      vertex 27.6354 82.6034 0
      vertex 27.831 82.3414 4
      vertex 27.831 82.3414 0
    endloop
  endfacet
  facet normal 0.859456 -0.51121 0
    outer loop
      vertex 27.5045 85.1 4
      vertex 27.6717 85.3811 0
      vertex 27.6717 85.3811 4
    endloop
  endfacet
  facet normal 0.859456 -0.51121 0
    outer loop
      vertex 27.6717 85.3811 0
      vertex 27.5045 85.1 4
      vertex 27.5045 85.1 0
    endloop
  endfacet
  facet normal -0.394842 -0.918749 0
    outer loop
      vertex 96.1025 72.3916 0
      vertex 96.4029 72.2625 4
      vertex 96.1025 72.3916 4
    endloop
  endfacet
  facet normal -0.394842 -0.918749 -0
    outer loop
      vertex 96.4029 72.2625 4
      vertex 96.1025 72.3916 0
      vertex 96.4029 72.2625 0
    endloop
  endfacet
  facet normal -0.91886 0.394584 0
    outer loop
      vertex 97.4955 68.9 0
      vertex 97.6245 69.2004 4
      vertex 97.6245 69.2004 0
    endloop
  endfacet
  facet normal -0.91886 0.394584 0
    outer loop
      vertex 97.6245 69.2004 4
      vertex 97.4955 68.9 0
      vertex 97.4955 68.9 4
    endloop
  endfacet
  facet normal 0.0131487 0.999914 -0
    outer loop
      vertex 95.3988 67.5384 0
      vertex 95.0718 67.5427 4
      vertex 95.3988 67.5384 4
    endloop
  endfacet
  facet normal 0.0131487 0.999914 0
    outer loop
      vertex 95.0718 67.5427 4
      vertex 95.3988 67.5384 0
      vertex 95.0718 67.5427 0
    endloop
  endfacet
  facet normal 0.488678 -0.872464 0
    outer loop
      vertex 28.3705 86.0617 0
      vertex 28.6558 86.2215 4
      vertex 28.3705 86.0617 4
    endloop
  endfacet
  facet normal 0.488678 -0.872464 0
    outer loop
      vertex 28.6558 86.2215 4
      vertex 28.3705 86.0617 0
      vertex 28.6558 86.2215 0
    endloop
  endfacet
  facet normal -0.697873 0.716222 0
    outer loop
      vertex 97.1258 68.3621 0
      vertex 96.8916 68.1339 4
      vertex 97.1258 68.3621 4
    endloop
  endfacet
  facet normal -0.697873 0.716222 0
    outer loop
      vertex 96.8916 68.1339 4
      vertex 97.1258 68.3621 0
      vertex 96.8916 68.1339 0
    endloop
  endfacet
  facet normal -0.59809 0.801429 0
    outer loop
      vertex 96.8916 68.1339 0
      vertex 96.6295 67.9383 4
      vertex 96.8916 68.1339 4
    endloop
  endfacet
  facet normal -0.59809 0.801429 0
    outer loop
      vertex 96.6295 67.9383 4
      vertex 96.8916 68.1339 0
      vertex 96.6295 67.9383 0
    endloop
  endfacet
  facet normal -0.716222 -0.697873 0
    outer loop
      vertex 97.169 71.6586 0
      vertex 96.9408 71.8928 4
      vertex 96.9408 71.8928 0
    endloop
  endfacet
  facet normal -0.716222 -0.697873 0
    outer loop
      vertex 96.9408 71.8928 4
      vertex 97.169 71.6586 0
      vertex 97.169 71.6586 4
    endloop
  endfacet
  facet normal -0.801319 -0.598237 0
    outer loop
      vertex 97.3646 71.3966 0
      vertex 97.169 71.6586 4
      vertex 97.169 71.6586 0
    endloop
  endfacet
  facet normal -0.801319 -0.598237 0
    outer loop
      vertex 97.169 71.6586 4
      vertex 97.3646 71.3966 0
      vertex 97.3646 71.3966 4
    endloop
  endfacet
  facet normal -0.117445 0.993079 0
    outer loop
      vertex 95.7235 67.5768 0
      vertex 95.3988 67.5384 4
      vertex 95.7235 67.5768 4
    endloop
  endfacet
  facet normal -0.117445 0.993079 0
    outer loop
      vertex 95.3988 67.5384 4
      vertex 95.7235 67.5768 0
      vertex 95.3988 67.5384 0
    endloop
  endfacet
  facet normal 0.928772 0.370652 0
    outer loop
      vertex 27.4756 82.8888 4
      vertex 27.3544 83.1925 0
      vertex 27.3544 83.1925 4
    endloop
  endfacet
  facet normal 0.928772 0.370652 0
    outer loop
      vertex 27.3544 83.1925 0
      vertex 27.4756 82.8888 4
      vertex 27.4756 82.8888 0
    endloop
  endfacet
  facet normal 0.697873 -0.716222 0
    outer loop
      vertex 27.8742 85.6379 0
      vertex 28.1084 85.8661 4
      vertex 27.8742 85.6379 4
    endloop
  endfacet
  facet normal 0.697873 -0.716222 0
    outer loop
      vertex 28.1084 85.8661 4
      vertex 27.8742 85.6379 0
      vertex 28.1084 85.8661 0
    endloop
  endfacet
  facet normal -0.370652 0.928772 0
    outer loop
      vertex 96.3442 67.7785 0
      vertex 96.0405 67.6573 4
      vertex 96.3442 67.7785 4
    endloop
  endfacet
  facet normal -0.370652 0.928772 0
    outer loop
      vertex 96.0405 67.6573 4
      vertex 96.3442 67.7785 0
      vertex 96.0405 67.6573 0
    endloop
  endfacet
  facet normal -0.51121 -0.859456 0
    outer loop
      vertex 96.4029 72.2625 0
      vertex 96.684 72.0953 4
      vertex 96.4029 72.2625 4
    endloop
  endfacet
  facet normal -0.51121 -0.859456 -0
    outer loop
      vertex 96.684 72.0953 4
      vertex 96.4029 72.2625 0
      vertex 96.684 72.0953 0
    endloop
  endfacet
  facet normal -0.993079 -0.117445 0
    outer loop
      vertex 97.7645 70.1658 0
      vertex 97.7261 70.4905 4
      vertex 97.7261 70.4905 0
    endloop
  endfacet
  facet normal -0.993079 -0.117445 0
    outer loop
      vertex 97.7261 70.4905 4
      vertex 97.7645 70.1658 0
      vertex 97.7645 70.1658 4
    endloop
  endfacet
  facet normal -0.928772 -0.370652 0
    outer loop
      vertex 97.6456 70.8075 0
      vertex 97.5244 71.1112 4
      vertex 97.5244 71.1112 0
    endloop
  endfacet
  facet normal -0.928772 -0.370652 0
    outer loop
      vertex 97.5244 71.1112 4
      vertex 97.6456 70.8075 0
      vertex 97.6456 70.8075 4
    endloop
  endfacet
  facet normal -0.969237 -0.246131 0
    outer loop
      vertex 97.7261 70.4905 0
      vertex 97.6456 70.8075 4
      vertex 97.6456 70.8075 0
    endloop
  endfacet
  facet normal -0.969237 -0.246131 0
    outer loop
      vertex 97.6456 70.8075 4
      vertex 97.7261 70.4905 0
      vertex 97.7261 70.4905 4
    endloop
  endfacet
  facet normal 0.370652 -0.928772 0
    outer loop
      vertex 28.6558 86.2215 0
      vertex 28.9595 86.3427 4
      vertex 28.6558 86.2215 4
    endloop
  endfacet
  facet normal 0.370652 -0.928772 0
    outer loop
      vertex 28.9595 86.3427 4
      vertex 28.6558 86.2215 0
      vertex 28.9595 86.3427 0
    endloop
  endfacet
  facet normal -0.859456 0.51121 0
    outer loop
      vertex 97.3283 68.6189 0
      vertex 97.4955 68.9 4
      vertex 97.4955 68.9 0
    endloop
  endfacet
  facet normal -0.859456 0.51121 0
    outer loop
      vertex 97.4955 68.9 4
      vertex 97.3283 68.6189 0
      vertex 97.3283 68.6189 4
    endloop
  endfacet
  facet normal -0.785235 0.619198 0
    outer loop
      vertex 97.1258 68.3621 0
      vertex 97.3283 68.6189 4
      vertex 97.3283 68.6189 0
    endloop
  endfacet
  facet normal -0.785235 0.619198 0
    outer loop
      vertex 97.3283 68.6189 4
      vertex 97.1258 68.3621 0
      vertex 97.1258 68.3621 4
    endloop
  endfacet
  facet normal -0.98966 0.143433 0
    outer loop
      vertex 97.7133 69.5152 0
      vertex 97.7602 69.8388 4
      vertex 97.7602 69.8388 0
    endloop
  endfacet
  facet normal -0.98966 0.143433 0
    outer loop
      vertex 97.7602 69.8388 4
      vertex 97.7133 69.5152 0
      vertex 97.7133 69.5152 4
    endloop
  endfacet
  facet normal -0.962441 0.271489 0
    outer loop
      vertex 97.6245 69.2004 0
      vertex 97.7133 69.5152 4
      vertex 97.7133 69.5152 0
    endloop
  endfacet
  facet normal -0.962441 0.271489 0
    outer loop
      vertex 97.7133 69.5152 4
      vertex 97.6245 69.2004 0
      vertex 97.6245 69.2004 4
    endloop
  endfacet
  facet normal 0.969237 0.246131 0
    outer loop
      vertex 27.3544 83.1925 4
      vertex 27.2739 83.5095 0
      vertex 27.2739 83.5095 4
    endloop
  endfacet
  facet normal 0.969237 0.246131 0
    outer loop
      vertex 27.2739 83.5095 0
      vertex 27.3544 83.1925 4
      vertex 27.3544 83.1925 0
    endloop
  endfacet
  facet normal 0.207912 0.978148 -0
    outer loop
      vertex 94.7482 80.5896 0
      vertex 29.2123 94.5197 4
      vertex 94.7482 80.5896 4
    endloop
  endfacet
  facet normal 0.207912 0.978148 0
    outer loop
      vertex 29.2123 94.5197 4
      vertex 94.7482 80.5896 0
      vertex 29.2123 94.5197 0
    endloop
  endfacet
  facet normal 0.619198 0.785235 -0
    outer loop
      vertex 28.316 94.9047 0
      vertex 28.0592 95.1072 4
      vertex 28.316 94.9047 4
    endloop
  endfacet
  facet normal 0.619198 0.785235 0
    outer loop
      vertex 28.0592 95.1072 4
      vertex 28.316 94.9047 0
      vertex 28.0592 95.1072 0
    endloop
  endfacet
  facet normal 0.394842 0.918749 -0
    outer loop
      vertex 28.8975 94.6084 0
      vertex 28.5971 94.7375 4
      vertex 28.8975 94.6084 4
    endloop
  endfacet
  facet normal 0.394842 0.918749 0
    outer loop
      vertex 28.5971 94.7375 4
      vertex 28.8975 94.6084 0
      vertex 28.5971 94.7375 0
    endloop
  endfacet
  facet normal 0.370652 -0.928772 0
    outer loop
      vertex 28.6558 99.2215 0
      vertex 28.9595 99.3427 4
      vertex 28.6558 99.2215 4
    endloop
  endfacet
  facet normal 0.370652 -0.928772 0
    outer loop
      vertex 28.9595 99.3427 4
      vertex 28.6558 99.2215 0
      vertex 28.9595 99.3427 0
    endloop
  endfacet
  facet normal -0.872537 -0.488548 0
    outer loop
      vertex 97.5244 84.1112 0
      vertex 97.3646 84.3966 4
      vertex 97.3646 84.3966 0
    endloop
  endfacet
  facet normal -0.872537 -0.488548 0
    outer loop
      vertex 97.3646 84.3966 4
      vertex 97.5244 84.1112 0
      vertex 97.5244 84.1112 4
    endloop
  endfacet
  facet normal -0.271206 -0.962521 0
    outer loop
      vertex 95.7877 85.4803 0
      vertex 96.1025 85.3916 4
      vertex 95.7877 85.4803 4
    endloop
  endfacet
  facet normal -0.271206 -0.962521 -0
    outer loop
      vertex 96.1025 85.3916 4
      vertex 95.7877 85.4803 0
      vertex 96.1025 85.3916 0
    endloop
  endfacet
  facet normal 0.143433 0.98966 -0
    outer loop
      vertex 95.0718 80.5427 0
      vertex 94.7482 80.5896 4
      vertex 95.0718 80.5427 4
    endloop
  endfacet
  facet normal 0.143433 0.98966 0
    outer loop
      vertex 94.7482 80.5896 4
      vertex 95.0718 80.5427 0
      vertex 94.7482 80.5896 0
    endloop
  endfacet
  facet normal -0.0131487 -0.999914 0
    outer loop
      vertex 29.6012 99.4616 0
      vertex 29.9282 99.4573 4
      vertex 29.6012 99.4616 4
    endloop
  endfacet
  facet normal -0.0131487 -0.999914 -0
    outer loop
      vertex 29.9282 99.4573 4
      vertex 29.6012 99.4616 0
      vertex 29.9282 99.4573 0
    endloop
  endfacet
  facet normal -0.785235 0.619198 0
    outer loop
      vertex 97.1258 81.3621 0
      vertex 97.3283 81.6189 4
      vertex 97.3283 81.6189 0
    endloop
  endfacet
  facet normal -0.785235 0.619198 0
    outer loop
      vertex 97.3283 81.6189 4
      vertex 97.1258 81.3621 0
      vertex 97.1258 81.3621 4
    endloop
  endfacet
  facet normal 0.0131487 0.999914 -0
    outer loop
      vertex 95.3988 80.5384 0
      vertex 95.0718 80.5427 4
      vertex 95.3988 80.5384 4
    endloop
  endfacet
  facet normal 0.0131487 0.999914 0
    outer loop
      vertex 95.0718 80.5427 4
      vertex 95.3988 80.5384 0
      vertex 95.0718 80.5427 0
    endloop
  endfacet
  facet normal 0.859456 -0.51121 0
    outer loop
      vertex 27.5045 98.1 4
      vertex 27.6717 98.3811 0
      vertex 27.6717 98.3811 4
    endloop
  endfacet
  facet normal 0.859456 -0.51121 0
    outer loop
      vertex 27.6717 98.3811 0
      vertex 27.5045 98.1 4
      vertex 27.5045 98.1 0
    endloop
  endfacet
  facet normal 0.785235 -0.619198 0
    outer loop
      vertex 27.6717 98.3811 4
      vertex 27.8742 98.6379 0
      vertex 27.8742 98.6379 4
    endloop
  endfacet
  facet normal 0.785235 -0.619198 0
    outer loop
      vertex 27.8742 98.6379 0
      vertex 27.6717 98.3811 4
      vertex 27.6717 98.3811 0
    endloop
  endfacet
  facet normal 0.246131 -0.969237 0
    outer loop
      vertex 28.9595 99.3427 0
      vertex 29.2765 99.4232 4
      vertex 28.9595 99.3427 4
    endloop
  endfacet
  facet normal 0.246131 -0.969237 0
    outer loop
      vertex 29.2765 99.4232 4
      vertex 28.9595 99.3427 0
      vertex 29.2765 99.4232 0
    endloop
  endfacet
  facet normal 0.801319 0.598237 0
    outer loop
      vertex 27.831 95.3414 4
      vertex 27.6354 95.6034 0
      vertex 27.6354 95.6034 4
    endloop
  endfacet
  facet normal 0.801319 0.598237 0
    outer loop
      vertex 27.6354 95.6034 0
      vertex 27.831 95.3414 4
      vertex 27.831 95.3414 0
    endloop
  endfacet
  facet normal -0.207912 -0.978148 0
    outer loop
      vertex 30.2518 99.4104 0
      vertex 95.7877 85.4803 4
      vertex 30.2518 99.4104 4
    endloop
  endfacet
  facet normal -0.207912 -0.978148 -0
    outer loop
      vertex 95.7877 85.4803 4
      vertex 30.2518 99.4104 0
      vertex 95.7877 85.4803 0
    endloop
  endfacet
  facet normal 0.271206 0.962521 -0
    outer loop
      vertex 29.2123 94.5197 0
      vertex 28.8975 94.6084 4
      vertex 29.2123 94.5197 4
    endloop
  endfacet
  facet normal 0.271206 0.962521 0
    outer loop
      vertex 28.8975 94.6084 4
      vertex 29.2123 94.5197 0
      vertex 28.8975 94.6084 0
    endloop
  endfacet
  facet normal 0.969237 0.246131 0
    outer loop
      vertex 27.3544 96.1925 4
      vertex 27.2739 96.5095 0
      vertex 27.2739 96.5095 4
    endloop
  endfacet
  facet normal 0.969237 0.246131 0
    outer loop
      vertex 27.2739 96.5095 0
      vertex 27.3544 96.1925 4
      vertex 27.3544 96.1925 0
    endloop
  endfacet
  facet normal -0.91886 0.394584 0
    outer loop
      vertex 97.4955 81.9 0
      vertex 97.6245 82.2004 4
      vertex 97.6245 82.2004 0
    endloop
  endfacet
  facet normal -0.91886 0.394584 0
    outer loop
      vertex 97.6245 82.2004 4
      vertex 97.4955 81.9 0
      vertex 97.4955 81.9 4
    endloop
  endfacet
  facet normal 0.488678 -0.872464 0
    outer loop
      vertex 28.3705 99.0617 0
      vertex 28.6558 99.2215 4
      vertex 28.3705 99.0617 4
    endloop
  endfacet
  facet normal 0.488678 -0.872464 0
    outer loop
      vertex 28.6558 99.2215 4
      vertex 28.3705 99.0617 0
      vertex 28.6558 99.2215 0
    endloop
  endfacet
  facet normal -0.246131 0.969237 0
    outer loop
      vertex 96.0405 80.6573 0
      vertex 95.7235 80.5768 4
      vertex 96.0405 80.6573 4
    endloop
  endfacet
  facet normal -0.246131 0.969237 0
    outer loop
      vertex 95.7235 80.5768 4
      vertex 96.0405 80.6573 0
      vertex 95.7235 80.5768 0
    endloop
  endfacet
  facet normal -0.928772 -0.370652 0
    outer loop
      vertex 97.6456 83.8075 0
      vertex 97.5244 84.1112 4
      vertex 97.5244 84.1112 0
    endloop
  endfacet
  facet normal -0.928772 -0.370652 0
    outer loop
      vertex 97.5244 84.1112 4
      vertex 97.6456 83.8075 0
      vertex 97.6456 83.8075 4
    endloop
  endfacet
  facet normal -0.143433 -0.98966 0
    outer loop
      vertex 29.9282 99.4573 0
      vertex 30.2518 99.4104 4
      vertex 29.9282 99.4573 4
    endloop
  endfacet
  facet normal -0.143433 -0.98966 -0
    outer loop
      vertex 30.2518 99.4104 4
      vertex 29.9282 99.4573 0
      vertex 30.2518 99.4104 0
    endloop
  endfacet
  facet normal 0.98966 -0.143433 0
    outer loop
      vertex 27.2398 97.1612 4
      vertex 27.2867 97.4848 0
      vertex 27.2867 97.4848 4
    endloop
  endfacet
  facet normal 0.98966 -0.143433 0
    outer loop
      vertex 27.2867 97.4848 0
      vertex 27.2398 97.1612 4
      vertex 27.2398 97.1612 0
    endloop
  endfacet
  facet normal 0.117445 -0.993079 0
    outer loop
      vertex 29.2765 99.4232 0
      vertex 29.6012 99.4616 4
      vertex 29.2765 99.4232 4
    endloop
  endfacet
  facet normal 0.117445 -0.993079 0
    outer loop
      vertex 29.6012 99.4616 4
      vertex 29.2765 99.4232 0
      vertex 29.6012 99.4616 0
    endloop
  endfacet
  facet normal 0.716222 0.697873 0
    outer loop
      vertex 28.0592 95.1072 4
      vertex 27.831 95.3414 0
      vertex 27.831 95.3414 4
    endloop
  endfacet
  facet normal 0.716222 0.697873 0
    outer loop
      vertex 27.831 95.3414 0
      vertex 28.0592 95.1072 4
      vertex 28.0592 95.1072 0
    endloop
  endfacet
  facet normal 0.999914 -0.0131487 0
    outer loop
      vertex 27.2355 96.8342 4
      vertex 27.2398 97.1612 0
      vertex 27.2398 97.1612 4
    endloop
  endfacet
  facet normal 0.999914 -0.0131487 0
    outer loop
      vertex 27.2398 97.1612 0
      vertex 27.2355 96.8342 4
      vertex 27.2355 96.8342 0
    endloop
  endfacet
  facet normal -0.859456 0.51121 0
    outer loop
      vertex 97.3283 81.6189 0
      vertex 97.4955 81.9 4
      vertex 97.4955 81.9 0
    endloop
  endfacet
  facet normal -0.859456 0.51121 0
    outer loop
      vertex 97.4955 81.9 4
      vertex 97.3283 81.6189 0
      vertex 97.3283 81.6189 4
    endloop
  endfacet
  facet normal -0.697873 0.716222 0
    outer loop
      vertex 97.1258 81.3621 0
      vertex 96.8916 81.1339 4
      vertex 97.1258 81.3621 4
    endloop
  endfacet
  facet normal -0.697873 0.716222 0
    outer loop
      vertex 96.8916 81.1339 4
      vertex 97.1258 81.3621 0
      vertex 96.8916 81.1339 0
    endloop
  endfacet
  facet normal -0.999914 0.0131487 0
    outer loop
      vertex 97.7602 82.8388 0
      vertex 97.7645 83.1658 4
      vertex 97.7645 83.1658 0
    endloop
  endfacet
  facet normal -0.999914 0.0131487 0
    outer loop
      vertex 97.7645 83.1658 4
      vertex 97.7602 82.8388 0
      vertex 97.7602 82.8388 4
    endloop
  endfacet
  facet normal 0.993079 0.117445 0
    outer loop
      vertex 27.2739 96.5095 4
      vertex 27.2355 96.8342 0
      vertex 27.2355 96.8342 4
    endloop
  endfacet
  facet normal 0.993079 0.117445 0
    outer loop
      vertex 27.2355 96.8342 0
      vertex 27.2739 96.5095 4
      vertex 27.2739 96.5095 0
    endloop
  endfacet
  facet normal 0.59809 -0.801429 0
    outer loop
      vertex 28.1084 98.8661 0
      vertex 28.3705 99.0617 4
      vertex 28.1084 98.8661 4
    endloop
  endfacet
  facet normal 0.59809 -0.801429 0
    outer loop
      vertex 28.3705 99.0617 4
      vertex 28.1084 98.8661 0
      vertex 28.3705 99.0617 0
    endloop
  endfacet
  facet normal 0.962441 -0.271489 0
    outer loop
      vertex 27.2867 97.4848 4
      vertex 27.3755 97.7996 0
      vertex 27.3755 97.7996 4
    endloop
  endfacet
  facet normal 0.962441 -0.271489 0
    outer loop
      vertex 27.3755 97.7996 0
      vertex 27.2867 97.4848 4
      vertex 27.2867 97.4848 0
    endloop
  endfacet
  facet normal -0.619198 -0.785235 0
    outer loop
      vertex 96.684 85.0953 0
      vertex 96.9408 84.8928 4
      vertex 96.684 85.0953 4
    endloop
  endfacet
  facet normal -0.619198 -0.785235 -0
    outer loop
      vertex 96.9408 84.8928 4
      vertex 96.684 85.0953 0
      vertex 96.9408 84.8928 0
    endloop
  endfacet
  facet normal -0.117445 0.993079 0
    outer loop
      vertex 95.7235 80.5768 0
      vertex 95.3988 80.5384 4
      vertex 95.7235 80.5768 4
    endloop
  endfacet
  facet normal -0.117445 0.993079 0
    outer loop
      vertex 95.3988 80.5384 4
      vertex 95.7235 80.5768 0
      vertex 95.3988 80.5384 0
    endloop
  endfacet
  facet normal -0.488678 0.872464 0
    outer loop
      vertex 96.6295 80.9383 0
      vertex 96.3442 80.7785 4
      vertex 96.6295 80.9383 4
    endloop
  endfacet
  facet normal -0.488678 0.872464 0
    outer loop
      vertex 96.3442 80.7785 4
      vertex 96.6295 80.9383 0
      vertex 96.3442 80.7785 0
    endloop
  endfacet
  facet normal 0.928772 0.370652 0
    outer loop
      vertex 27.4756 95.8888 4
      vertex 27.3544 96.1925 0
      vertex 27.3544 96.1925 4
    endloop
  endfacet
  facet normal 0.928772 0.370652 0
    outer loop
      vertex 27.3544 96.1925 0
      vertex 27.4756 95.8888 4
      vertex 27.4756 95.8888 0
    endloop
  endfacet
  facet normal -0.801319 -0.598237 0
    outer loop
      vertex 97.3646 84.3966 0
      vertex 97.169 84.6586 4
      vertex 97.169 84.6586 0
    endloop
  endfacet
  facet normal -0.801319 -0.598237 0
    outer loop
      vertex 97.169 84.6586 4
      vertex 97.3646 84.3966 0
      vertex 97.3646 84.3966 4
    endloop
  endfacet
  facet normal 0.91886 -0.394584 0
    outer loop
      vertex 27.3755 97.7996 4
      vertex 27.5045 98.1 0
      vertex 27.5045 98.1 4
    endloop
  endfacet
  facet normal 0.91886 -0.394584 0
    outer loop
      vertex 27.5045 98.1 0
      vertex 27.3755 97.7996 4
      vertex 27.3755 97.7996 0
    endloop
  endfacet
  facet normal -0.716222 -0.697873 0
    outer loop
      vertex 97.169 84.6586 0
      vertex 96.9408 84.8928 4
      vertex 96.9408 84.8928 0
    endloop
  endfacet
  facet normal -0.716222 -0.697873 0
    outer loop
      vertex 96.9408 84.8928 4
      vertex 97.169 84.6586 0
      vertex 97.169 84.6586 4
    endloop
  endfacet
  facet normal 0.697873 -0.716222 0
    outer loop
      vertex 27.8742 98.6379 0
      vertex 28.1084 98.8661 4
      vertex 27.8742 98.6379 4
    endloop
  endfacet
  facet normal 0.697873 -0.716222 0
    outer loop
      vertex 28.1084 98.8661 4
      vertex 27.8742 98.6379 0
      vertex 28.1084 98.8661 0
    endloop
  endfacet
  facet normal 0.51121 0.859456 -0
    outer loop
      vertex 28.5971 94.7375 0
      vertex 28.316 94.9047 4
      vertex 28.5971 94.7375 4
    endloop
  endfacet
  facet normal 0.51121 0.859456 0
    outer loop
      vertex 28.316 94.9047 4
      vertex 28.5971 94.7375 0
      vertex 28.316 94.9047 0
    endloop
  endfacet
  facet normal -0.59809 0.801429 0
    outer loop
      vertex 96.8916 81.1339 0
      vertex 96.6295 80.9383 4
      vertex 96.8916 81.1339 4
    endloop
  endfacet
  facet normal -0.59809 0.801429 0
    outer loop
      vertex 96.6295 80.9383 4
      vertex 96.8916 81.1339 0
      vertex 96.6295 80.9383 0
    endloop
  endfacet
  facet normal 0.872537 0.488548 0
    outer loop
      vertex 27.6354 95.6034 4
      vertex 27.4756 95.8888 0
      vertex 27.4756 95.8888 4
    endloop
  endfacet
  facet normal 0.872537 0.488548 0
    outer loop
      vertex 27.4756 95.8888 0
      vertex 27.6354 95.6034 4
      vertex 27.6354 95.6034 0
    endloop
  endfacet
  facet normal -0.969237 -0.246131 0
    outer loop
      vertex 97.7261 83.4905 0
      vertex 97.6456 83.8075 4
      vertex 97.6456 83.8075 0
    endloop
  endfacet
  facet normal -0.969237 -0.246131 0
    outer loop
      vertex 97.6456 83.8075 4
      vertex 97.7261 83.4905 0
      vertex 97.7261 83.4905 4
    endloop
  endfacet
  facet normal -0.993079 -0.117445 0
    outer loop
      vertex 97.7645 83.1658 0
      vertex 97.7261 83.4905 4
      vertex 97.7261 83.4905 0
    endloop
  endfacet
  facet normal -0.993079 -0.117445 0
    outer loop
      vertex 97.7261 83.4905 4
      vertex 97.7645 83.1658 0
      vertex 97.7645 83.1658 4
    endloop
  endfacet
  facet normal -0.370652 0.928772 0
    outer loop
      vertex 96.3442 80.7785 0
      vertex 96.0405 80.6573 4
      vertex 96.3442 80.7785 4
    endloop
  endfacet
  facet normal -0.370652 0.928772 0
    outer loop
      vertex 96.0405 80.6573 4
      vertex 96.3442 80.7785 0
      vertex 96.0405 80.6573 0
    endloop
  endfacet
  facet normal -0.51121 -0.859456 0
    outer loop
      vertex 96.4029 85.2625 0
      vertex 96.684 85.0953 4
      vertex 96.4029 85.2625 4
    endloop
  endfacet
  facet normal -0.51121 -0.859456 -0
    outer loop
      vertex 96.684 85.0953 4
      vertex 96.4029 85.2625 0
      vertex 96.684 85.0953 0
    endloop
  endfacet
  facet normal -0.98966 0.143433 0
    outer loop
      vertex 97.7133 82.5152 0
      vertex 97.7602 82.8388 4
      vertex 97.7602 82.8388 0
    endloop
  endfacet
  facet normal -0.98966 0.143433 0
    outer loop
      vertex 97.7602 82.8388 4
      vertex 97.7133 82.5152 0
      vertex 97.7133 82.5152 4
    endloop
  endfacet
  facet normal -0.962441 0.271489 0
    outer loop
      vertex 97.6245 82.2004 0
      vertex 97.7133 82.5152 4
      vertex 97.7133 82.5152 0
    endloop
  endfacet
  facet normal -0.962441 0.271489 0
    outer loop
      vertex 97.7133 82.5152 4
      vertex 97.6245 82.2004 0
      vertex 97.6245 82.2004 4
    endloop
  endfacet
  facet normal -0.394842 -0.918749 0
    outer loop
      vertex 96.1025 85.3916 0
      vertex 96.4029 85.2625 4
      vertex 96.1025 85.3916 4
    endloop
  endfacet
  facet normal -0.394842 -0.918749 -0
    outer loop
      vertex 96.4029 85.2625 4
      vertex 96.1025 85.3916 0
      vertex 96.4029 85.2625 0
    endloop
  endfacet
  facet normal 0 1 -0
    outer loop
      vertex 113 165 0
      vertex 12 165 4
      vertex 113 165 4
    endloop
  endfacet
  facet normal 0 1 0
    outer loop
      vertex 12 165 4
      vertex 113 165 0
      vertex 12 165 0
    endloop
  endfacet
  facet normal 0 -1 0
    outer loop
      vertex 12 0 0
      vertex 113 0 4
      vertex 12 0 4
    endloop
  endfacet
  facet normal 0 -1 -0
    outer loop
      vertex 113 0 4
      vertex 12 0 0
      vertex 113 0 0
    endloop
  endfacet
  facet normal 1 -0 0
    outer loop
      vertex 125 12 4
      vertex 125 153 0
      vertex 125 153 4
    endloop
  endfacet
  facet normal 1 0 0
    outer loop
      vertex 125 153 0
      vertex 125 12 4
      vertex 125 12 0
    endloop
  endfacet
  facet normal 0.707107 -0.707107 0
    outer loop
      vertex 113 0 4
      vertex 125 12 0
      vertex 125 12 4
    endloop
  endfacet
  facet normal 0.707107 -0.707107 0
    outer loop
      vertex 125 12 0
      vertex 113 0 4
      vertex 113 0 0
    endloop
  endfacet
  facet normal -1 0 0
    outer loop
      vertex 0 12 0
      vertex 0 153 4
      vertex 0 153 0
    endloop
  endfacet
  facet normal -1 -0 0
    outer loop
      vertex 0 153 4
      vertex 0 12 0
      vertex 0 12 4
    endloop
  endfacet
  facet normal 0.707107 0.707107 0
    outer loop
      vertex 125 153 4
      vertex 113 165 0
      vertex 113 165 4
    endloop
  endfacet
  facet normal 0.707107 0.707107 0
    outer loop
      vertex 113 165 0
      vertex 125 153 4
      vertex 125 153 0
    endloop
  endfacet
  facet normal -0.707107 0.707107 0
    outer loop
      vertex 0 153 0
      vertex 12 165 4
      vertex 12 165 0
    endloop
  endfacet
  facet normal -0.707107 0.707107 0
    outer loop
      vertex 12 165 4
      vertex 0 153 0
      vertex 0 153 4
    endloop
  endfacet
  facet normal -0 0 1
    outer loop
      vertex 8 116 4
      vertex 27.1 115.9 4
      vertex 27.1066 116 4
    endloop
  endfacet
  facet normal 0 0 1
    outer loop
      vertex 27.1 115.9 4
      vertex 8 116 4
      vertex 0 12 4
    endloop
  endfacet
  facet normal 0 0 1
    outer loop
      vertex 0 12 4
      vertex 8 116 4
      vertex 0 153 4
    endloop
  endfacet
  facet normal 0 0 1
    outer loop
      vertex 27.1 115.9 4
      vertex 0 12 4
      vertex 12 0 4
    endloop
  endfacet
  facet normal 0 0 1
    outer loop
      vertex 53.2 116 4
      vertex 34.0934 116 4
      vertex 34.1 115.9 4
    endloop
  endfacet
  facet normal 0 0 1
    outer loop
      vertex 84.8066 111 4
      vertex 59 111 4
      vertex 84.8 110.9 4
    endloop
  endfacet
  facet normal -0 0 1
    outer loop
      vertex 97.7133 30.5152 4
      vertex 125 12 4
      vertex 97.7602 30.8388 4
    endloop
  endfacet
  facet normal 0 0 1
    outer loop
      vertex 125 12 4
      vertex 97.7261 18.4905 4
      vertex 97.7645 18.1658 4
    endloop
  endfacet
  facet normal -0 0 1
    outer loop
      vertex 97.6245 30.2004 4
      vertex 125 12 4
      vertex 97.7133 30.5152 4
    endloop
  endfacet
  facet normal 0 0 1
    outer loop
      vertex 125 12 4
      vertex 97.6456 18.8075 4
      vertex 97.7261 18.4905 4
    endloop
  endfacet
  facet normal 0 0 1
    outer loop
      vertex 125 12 4
      vertex 97.6245 30.2004 4
      vertex 97.6456 18.8075 4
    endloop
  endfacet
  facet normal 0 0 1
    outer loop
      vertex 97.6245 30.2004 4
      vertex 97.5244 19.1112 4
      vertex 97.6456 18.8075 4
    endloop
  endfacet
  facet normal -0 0 1
    outer loop
      vertex 97.4955 29.9 4
      vertex 97.5244 19.1112 4
      vertex 97.6245 30.2004 4
    endloop
  endfacet
  facet normal 0 0 1
    outer loop
      vertex 97.4955 29.9 4
      vertex 97.3646 19.3966 4
      vertex 97.5244 19.1112 4
    endloop
  endfacet
  facet normal -0 0 1
    outer loop
      vertex 97.3283 29.6189 4
      vertex 97.3646 19.3966 4
      vertex 97.4955 29.9 4
    endloop
  endfacet
  facet normal 0 0 1
    outer loop
      vertex 97.3283 29.6189 4
      vertex 97.169 19.6586 4
      vertex 97.3646 19.3966 4
    endloop
  endfacet
  facet normal -0 0 1
    outer loop
      vertex 97.1258 29.3621 4
      vertex 97.169 19.6586 4
      vertex 97.3283 29.6189 4
    endloop
  endfacet
  facet normal 0 0 1
    outer loop
      vertex 97.1258 29.3621 4
      vertex 96.9408 19.8928 4
      vertex 97.169 19.6586 4
    endloop
  endfacet
  facet normal -0 0 1
    outer loop
      vertex 96.8916 29.1339 4
      vertex 96.9408 19.8928 4
      vertex 97.1258 29.3621 4
    endloop
  endfacet
  facet normal 0 0 1
    outer loop
      vertex 96.8916 29.1339 4
      vertex 96.684 20.0953 4
      vertex 96.9408 19.8928 4
    endloop
  endfacet
  facet normal -0 0 1
    outer loop
      vertex 96.6295 28.9383 4
      vertex 96.684 20.0953 4
      vertex 96.8916 29.1339 4
    endloop
  endfacet
  facet normal 0 0 1
    outer loop
      vertex 96.6295 28.9383 4
      vertex 96.4029 20.2625 4
      vertex 96.684 20.0953 4
    endloop
  endfacet
  facet normal -0 0 1
    outer loop
      vertex 96.3442 28.7785 4
      vertex 96.4029 20.2625 4
      vertex 96.6295 28.9383 4
    endloop
  endfacet
  facet normal 0 0 1
    outer loop
      vertex 96.3442 28.7785 4
      vertex 96.1025 20.3916 4
      vertex 96.4029 20.2625 4
    endloop
  endfacet
  facet normal -0 0 1
    outer loop
      vertex 96.0405 28.6573 4
      vertex 96.1025 20.3916 4
      vertex 96.3442 28.7785 4
    endloop
  endfacet
  facet normal 0 0 1
    outer loop
      vertex 96.0405 28.6573 4
      vertex 95.7877 20.4803 4
      vertex 96.1025 20.3916 4
    endloop
  endfacet
  facet normal -0 0 1
    outer loop
      vertex 95.7235 28.5768 4
      vertex 95.7877 20.4803 4
      vertex 96.0405 28.6573 4
    endloop
  endfacet
  facet normal -0 0 1
    outer loop
      vertex 95.3988 28.5384 4
      vertex 95.7877 20.4803 4
      vertex 95.7235 28.5768 4
    endloop
  endfacet
  facet normal 0 0 1
    outer loop
      vertex 95.0718 28.5427 4
      vertex 95.7877 20.4803 4
      vertex 95.3988 28.5384 4
    endloop
  endfacet
  facet normal 0 0 1
    outer loop
      vertex 94.7482 28.5896 4
      vertex 95.7877 20.4803 4
      vertex 95.0718 28.5427 4
    endloop
  endfacet
  facet normal 0 0 1
    outer loop
      vertex 94.7482 28.5896 4
      vertex 30.2518 34.4104 4
      vertex 95.7877 20.4803 4
    endloop
  endfacet
  facet normal 0 0 1
    outer loop
      vertex 29.2123 42.5197 4
      vertex 30.2518 34.4104 4
      vertex 94.7482 28.5896 4
    endloop
  endfacet
  facet normal 0 0 1
    outer loop
      vertex 30.2518 34.4104 4
      vertex 29.2123 42.5197 4
      vertex 29.9282 34.4573 4
    endloop
  endfacet
  facet normal 0 0 1
    outer loop
      vertex 29.2123 42.5197 4
      vertex 29.6012 34.4616 4
      vertex 29.9282 34.4573 4
    endloop
  endfacet
  facet normal 0 0 1
    outer loop
      vertex 29.2123 42.5197 4
      vertex 29.2765 34.4232 4
      vertex 29.6012 34.4616 4
    endloop
  endfacet
  facet normal 0 0 1
    outer loop
      vertex 29.2123 42.5197 4
      vertex 28.9595 34.3427 4
      vertex 29.2765 34.4232 4
    endloop
  endfacet
  facet normal 0 0 1
    outer loop
      vertex 28.8975 42.6084 4
      vertex 28.9595 34.3427 4
      vertex 29.2123 42.5197 4
    endloop
  endfacet
  facet normal 0 0 1
    outer loop
      vertex 28.8975 42.6084 4
      vertex 28.6558 34.2215 4
      vertex 28.9595 34.3427 4
    endloop
  endfacet
  facet normal 0 0 1
    outer loop
      vertex 28.5971 42.7375 4
      vertex 28.6558 34.2215 4
      vertex 28.8975 42.6084 4
    endloop
  endfacet
  facet normal 0 0 1
    outer loop
      vertex 28.5971 42.7375 4
      vertex 28.3705 34.0617 4
      vertex 28.6558 34.2215 4
    endloop
  endfacet
  facet normal 0 0 1
    outer loop
      vertex 28.316 42.9047 4
      vertex 28.3705 34.0617 4
      vertex 28.5971 42.7375 4
    endloop
  endfacet
  facet normal 0 0 1
    outer loop
      vertex 28.316 42.9047 4
      vertex 28.1084 33.8661 4
      vertex 28.3705 34.0617 4
    endloop
  endfacet
  facet normal 0 0 1
    outer loop
      vertex 28.0592 43.1072 4
      vertex 28.1084 33.8661 4
      vertex 28.316 42.9047 4
    endloop
  endfacet
  facet normal 0 0 1
    outer loop
      vertex 28.0592 43.1072 4
      vertex 27.8742 33.6379 4
      vertex 28.1084 33.8661 4
    endloop
  endfacet
  facet normal 0 0 1
    outer loop
      vertex 27.831 43.3414 4
      vertex 27.8742 33.6379 4
      vertex 28.0592 43.1072 4
    endloop
  endfacet
  facet normal 0 0 1
    outer loop
      vertex 27.831 43.3414 4
      vertex 27.6717 33.3811 4
      vertex 27.8742 33.6379 4
    endloop
  endfacet
  facet normal 0 0 1
    outer loop
      vertex 27.6354 43.6034 4
      vertex 27.6717 33.3811 4
      vertex 27.831 43.3414 4
    endloop
  endfacet
  facet normal 0 0 1
    outer loop
      vertex 27.6354 43.6034 4
      vertex 27.5045 33.1 4
      vertex 27.6717 33.3811 4
    endloop
  endfacet
  facet normal 0 0 1
    outer loop
      vertex 27.4756 43.8888 4
      vertex 27.5045 33.1 4
      vertex 27.6354 43.6034 4
    endloop
  endfacet
  facet normal 0 0 1
    outer loop
      vertex 27.4756 43.8888 4
      vertex 27.3755 32.7996 4
      vertex 27.5045 33.1 4
    endloop
  endfacet
  facet normal 0 0 1
    outer loop
      vertex 27.3544 44.1925 4
      vertex 27.3755 32.7996 4
      vertex 27.4756 43.8888 4
    endloop
  endfacet
  facet normal 0 0 1
    outer loop
      vertex 27.3544 44.1925 4
      vertex 27.2867 32.4848 4
      vertex 27.3755 32.7996 4
    endloop
  endfacet
  facet normal 0 0 1
    outer loop
      vertex 27.2739 44.5095 4
      vertex 27.2867 32.4848 4
      vertex 27.3544 44.1925 4
    endloop
  endfacet
  facet normal 0 0 1
    outer loop
      vertex 27.2739 44.5095 4
      vertex 27.2398 32.1612 4
      vertex 27.2867 32.4848 4
    endloop
  endfacet
  facet normal 0 0 1
    outer loop
      vertex 27.2355 44.8342 4
      vertex 27.2398 32.1612 4
      vertex 27.2739 44.5095 4
    endloop
  endfacet
  facet normal 0 0 1
    outer loop
      vertex 27.2398 32.1612 4
      vertex 27.2355 44.8342 4
      vertex 27.2355 31.8342 4
    endloop
  endfacet
  facet normal -0 0 1
    outer loop
      vertex 97.7133 43.5152 4
      vertex 125 12 4
      vertex 97.7602 43.8388 4
    endloop
  endfacet
  facet normal 0 0 1
    outer loop
      vertex 125 12 4
      vertex 97.7261 31.4905 4
      vertex 97.7645 31.1658 4
    endloop
  endfacet
  facet normal 0 0 1
    outer loop
      vertex 125 12 4
      vertex 97.7133 43.5152 4
      vertex 97.7261 31.4905 4
    endloop
  endfacet
  facet normal 0 0 1
    outer loop
      vertex 97.7133 43.5152 4
      vertex 97.6456 31.8075 4
      vertex 97.7261 31.4905 4
    endloop
  endfacet
  facet normal -0 0 1
    outer loop
      vertex 97.6245 43.2004 4
      vertex 97.6456 31.8075 4
      vertex 97.7133 43.5152 4
    endloop
  endfacet
  facet normal 0 0 1
    outer loop
      vertex 97.6245 43.2004 4
      vertex 97.5244 32.1112 4
      vertex 97.6456 31.8075 4
    endloop
  endfacet
  facet normal -0 0 1
    outer loop
      vertex 97.4955 42.9 4
      vertex 97.5244 32.1112 4
      vertex 97.6245 43.2004 4
    endloop
  endfacet
  facet normal 0 0 1
    outer loop
      vertex 97.4955 42.9 4
      vertex 97.3646 32.3966 4
      vertex 97.5244 32.1112 4
    endloop
  endfacet
  facet normal -0 0 1
    outer loop
      vertex 97.3283 42.6189 4
      vertex 97.3646 32.3966 4
      vertex 97.4955 42.9 4
    endloop
  endfacet
  facet normal 0 0 1
    outer loop
      vertex 97.3283 42.6189 4
      vertex 97.169 32.6586 4
      vertex 97.3646 32.3966 4
    endloop
  endfacet
  facet normal -0 0 1
    outer loop
      vertex 97.1258 42.3621 4
      vertex 97.169 32.6586 4
      vertex 97.3283 42.6189 4
    endloop
  endfacet
  facet normal 0 0 1
    outer loop
      vertex 97.1258 42.3621 4
      vertex 96.9408 32.8928 4
      vertex 97.169 32.6586 4
    endloop
  endfacet
  facet normal -0 0 1
    outer loop
      vertex 96.8916 42.1339 4
      vertex 96.9408 32.8928 4
      vertex 97.1258 42.3621 4
    endloop
  endfacet
  facet normal 0 0 1
    outer loop
      vertex 96.8916 42.1339 4
      vertex 96.684 33.0953 4
      vertex 96.9408 32.8928 4
    endloop
  endfacet
  facet normal -0 0 1
    outer loop
      vertex 96.6295 41.9383 4
      vertex 96.684 33.0953 4
      vertex 96.8916 42.1339 4
    endloop
  endfacet
  facet normal 0 0 1
    outer loop
      vertex 96.6295 41.9383 4
      vertex 96.4029 33.2625 4
      vertex 96.684 33.0953 4
    endloop
  endfacet
  facet normal -0 0 1
    outer loop
      vertex 96.3442 41.7785 4
      vertex 96.4029 33.2625 4
      vertex 96.6295 41.9383 4
    endloop
  endfacet
  facet normal 0 0 1
    outer loop
      vertex 96.3442 41.7785 4
      vertex 96.1025 33.3916 4
      vertex 96.4029 33.2625 4
    endloop
  endfacet
  facet normal -0 0 1
    outer loop
      vertex 96.0405 41.6573 4
      vertex 96.1025 33.3916 4
      vertex 96.3442 41.7785 4
    endloop
  endfacet
  facet normal 0 0 1
    outer loop
      vertex 96.0405 41.6573 4
      vertex 95.7877 33.4803 4
      vertex 96.1025 33.3916 4
    endloop
  endfacet
  facet normal -0 0 1
    outer loop
      vertex 95.7235 41.5768 4
      vertex 95.7877 33.4803 4
      vertex 96.0405 41.6573 4
    endloop
  endfacet
  facet normal -0 0 1
    outer loop
      vertex 95.3988 41.5384 4
      vertex 95.7877 33.4803 4
      vertex 95.7235 41.5768 4
    endloop
  endfacet
  facet normal 0 0 1
    outer loop
      vertex 95.0718 41.5427 4
      vertex 95.7877 33.4803 4
      vertex 95.3988 41.5384 4
    endloop
  endfacet
  facet normal 0 0 1
    outer loop
      vertex 94.7482 41.5896 4
      vertex 95.7877 33.4803 4
      vertex 95.0718 41.5427 4
    endloop
  endfacet
  facet normal 0 0 1
    outer loop
      vertex 94.7482 41.5896 4
      vertex 30.2518 47.4104 4
      vertex 95.7877 33.4803 4
    endloop
  endfacet
  facet normal 0 0 1
    outer loop
      vertex 29.2123 55.5197 4
      vertex 30.2518 47.4104 4
      vertex 94.7482 41.5896 4
    endloop
  endfacet
  facet normal 0 0 1
    outer loop
      vertex 30.2518 47.4104 4
      vertex 29.2123 55.5197 4
      vertex 29.9282 47.4573 4
    endloop
  endfacet
  facet normal 0 0 1
    outer loop
      vertex 29.2123 55.5197 4
      vertex 29.6012 47.4616 4
      vertex 29.9282 47.4573 4
    endloop
  endfacet
  facet normal 0 0 1
    outer loop
      vertex 29.2123 55.5197 4
      vertex 29.2765 47.4232 4
      vertex 29.6012 47.4616 4
    endloop
  endfacet
  facet normal 0 0 1
    outer loop
      vertex 29.2123 55.5197 4
      vertex 28.9595 47.3427 4
      vertex 29.2765 47.4232 4
    endloop
  endfacet
  facet normal 0 0 1
    outer loop
      vertex 28.8975 55.6084 4
      vertex 28.9595 47.3427 4
      vertex 29.2123 55.5197 4
    endloop
  endfacet
  facet normal 0 0 1
    outer loop
      vertex 28.8975 55.6084 4
      vertex 28.6558 47.2215 4
      vertex 28.9595 47.3427 4
    endloop
  endfacet
  facet normal 0 0 1
    outer loop
      vertex 28.5971 55.7375 4
      vertex 28.6558 47.2215 4
      vertex 28.8975 55.6084 4
    endloop
  endfacet
  facet normal 0 0 1
    outer loop
      vertex 28.5971 55.7375 4
      vertex 28.3705 47.0617 4
      vertex 28.6558 47.2215 4
    endloop
  endfacet
  facet normal 0 0 1
    outer loop
      vertex 28.316 55.9047 4
      vertex 28.3705 47.0617 4
      vertex 28.5971 55.7375 4
    endloop
  endfacet
  facet normal 0 0 1
    outer loop
      vertex 28.316 55.9047 4
      vertex 28.1084 46.8661 4
      vertex 28.3705 47.0617 4
    endloop
  endfacet
  facet normal 0 0 1
    outer loop
      vertex 28.0592 56.1072 4
      vertex 28.1084 46.8661 4
      vertex 28.316 55.9047 4
    endloop
  endfacet
  facet normal 0 0 1
    outer loop
      vertex 28.0592 56.1072 4
      vertex 27.8742 46.6379 4
      vertex 28.1084 46.8661 4
    endloop
  endfacet
  facet normal 0 0 1
    outer loop
      vertex 27.831 56.3414 4
      vertex 27.8742 46.6379 4
      vertex 28.0592 56.1072 4
    endloop
  endfacet
  facet normal 0 0 1
    outer loop
      vertex 27.831 56.3414 4
      vertex 27.6717 46.3811 4
      vertex 27.8742 46.6379 4
    endloop
  endfacet
  facet normal 0 0 1
    outer loop
      vertex 27.6354 56.6034 4
      vertex 27.6717 46.3811 4
      vertex 27.831 56.3414 4
    endloop
  endfacet
  facet normal 0 0 1
    outer loop
      vertex 27.6354 56.6034 4
      vertex 27.5045 46.1 4
      vertex 27.6717 46.3811 4
    endloop
  endfacet
  facet normal 0 0 1
    outer loop
      vertex 27.4756 56.8888 4
      vertex 27.5045 46.1 4
      vertex 27.6354 56.6034 4
    endloop
  endfacet
  facet normal 0 0 1
    outer loop
      vertex 27.4756 56.8888 4
      vertex 27.3755 45.7996 4
      vertex 27.5045 46.1 4
    endloop
  endfacet
  facet normal 0 0 1
    outer loop
      vertex 27.3544 57.1925 4
      vertex 27.3755 45.7996 4
      vertex 27.4756 56.8888 4
    endloop
  endfacet
  facet normal 0 0 1
    outer loop
      vertex 27.3544 57.1925 4
      vertex 27.2867 45.4848 4
      vertex 27.3755 45.7996 4
    endloop
  endfacet
  facet normal 0 0 1
    outer loop
      vertex 27.2739 57.5095 4
      vertex 27.2867 45.4848 4
      vertex 27.3544 57.1925 4
    endloop
  endfacet
  facet normal 0 0 1
    outer loop
      vertex 27.2739 57.5095 4
      vertex 27.2398 45.1612 4
      vertex 27.2867 45.4848 4
    endloop
  endfacet
  facet normal 0 0 1
    outer loop
      vertex 27.2355 57.8342 4
      vertex 27.2398 45.1612 4
      vertex 27.2739 57.5095 4
    endloop
  endfacet
  facet normal 0 0 1
    outer loop
      vertex 27.2398 45.1612 4
      vertex 27.2355 57.8342 4
      vertex 27.2355 44.8342 4
    endloop
  endfacet
  facet normal -0 0 1
    outer loop
      vertex 97.7261 44.4905 4
      vertex 125 12 4
      vertex 97.7602 56.8388 4
    endloop
  endfacet
  facet normal 0 0 1
    outer loop
      vertex 125 12 4
      vertex 97.7261 44.4905 4
      vertex 97.7645 44.1658 4
    endloop
  endfacet
  facet normal -0 0 1
    outer loop
      vertex 97.7133 56.5152 4
      vertex 97.7261 44.4905 4
      vertex 97.7602 56.8388 4
    endloop
  endfacet
  facet normal 0 0 1
    outer loop
      vertex 97.7133 56.5152 4
      vertex 97.6456 44.8075 4
      vertex 97.7261 44.4905 4
    endloop
  endfacet
  facet normal -0 0 1
    outer loop
      vertex 97.6245 56.2004 4
      vertex 97.6456 44.8075 4
      vertex 97.7133 56.5152 4
    endloop
  endfacet
  facet normal 0 0 1
    outer loop
      vertex 97.6245 56.2004 4
      vertex 97.5244 45.1112 4
      vertex 97.6456 44.8075 4
    endloop
  endfacet
  facet normal -0 0 1
    outer loop
      vertex 97.4955 55.9 4
      vertex 97.5244 45.1112 4
      vertex 97.6245 56.2004 4
    endloop
  endfacet
  facet normal 0 0 1
    outer loop
      vertex 97.4955 55.9 4
      vertex 97.3646 45.3966 4
      vertex 97.5244 45.1112 4
    endloop
  endfacet
  facet normal -0 0 1
    outer loop
      vertex 97.3283 55.6189 4
      vertex 97.3646 45.3966 4
      vertex 97.4955 55.9 4
    endloop
  endfacet
  facet normal 0 0 1
    outer loop
      vertex 97.3283 55.6189 4
      vertex 97.169 45.6586 4
      vertex 97.3646 45.3966 4
    endloop
  endfacet
  facet normal -0 0 1
    outer loop
      vertex 97.1258 55.3621 4
      vertex 97.169 45.6586 4
      vertex 97.3283 55.6189 4
    endloop
  endfacet
  facet normal 0 0 1
    outer loop
      vertex 97.1258 55.3621 4
      vertex 96.9408 45.8928 4
      vertex 97.169 45.6586 4
    endloop
  endfacet
  facet normal -0 0 1
    outer loop
      vertex 96.8916 55.1339 4
      vertex 96.9408 45.8928 4
      vertex 97.1258 55.3621 4
    endloop
  endfacet
  facet normal 0 0 1
    outer loop
      vertex 96.8916 55.1339 4
      vertex 96.684 46.0953 4
      vertex 96.9408 45.8928 4
    endloop
  endfacet
  facet normal -0 0 1
    outer loop
      vertex 96.6295 54.9383 4
      vertex 96.684 46.0953 4
      vertex 96.8916 55.1339 4
    endloop
  endfacet
  facet normal 0 0 1
    outer loop
      vertex 96.6295 54.9383 4
      vertex 96.4029 46.2625 4
      vertex 96.684 46.0953 4
    endloop
  endfacet
  facet normal -0 0 1
    outer loop
      vertex 96.3442 54.7785 4
      vertex 96.4029 46.2625 4
      vertex 96.6295 54.9383 4
    endloop
  endfacet
  facet normal 0 0 1
    outer loop
      vertex 96.3442 54.7785 4
      vertex 96.1025 46.3916 4
      vertex 96.4029 46.2625 4
    endloop
  endfacet
  facet normal -0 0 1
    outer loop
      vertex 96.0405 54.6573 4
      vertex 96.1025 46.3916 4
      vertex 96.3442 54.7785 4
    endloop
  endfacet
  facet normal 0 0 1
    outer loop
      vertex 96.0405 54.6573 4
      vertex 95.7877 46.4803 4
      vertex 96.1025 46.3916 4
    endloop
  endfacet
  facet normal -0 0 1
    outer loop
      vertex 95.7235 54.5768 4
      vertex 95.7877 46.4803 4
      vertex 96.0405 54.6573 4
    endloop
  endfacet
  facet normal -0 0 1
    outer loop
      vertex 95.3988 54.5384 4
      vertex 95.7877 46.4803 4
      vertex 95.7235 54.5768 4
    endloop
  endfacet
  facet normal 0 0 1
    outer loop
      vertex 95.0718 54.5427 4
      vertex 95.7877 46.4803 4
      vertex 95.3988 54.5384 4
    endloop
  endfacet
  facet normal 0 0 1
    outer loop
      vertex 94.7482 54.5896 4
      vertex 95.7877 46.4803 4
      vertex 95.0718 54.5427 4
    endloop
  endfacet
  facet normal 0 0 1
    outer loop
      vertex 94.7482 54.5896 4
      vertex 30.2518 60.4104 4
      vertex 95.7877 46.4803 4
    endloop
  endfacet
  facet normal 0 0 1
    outer loop
      vertex 29.2123 68.5197 4
      vertex 30.2518 60.4104 4
      vertex 94.7482 54.5896 4
    endloop
  endfacet
  facet normal 0 0 1
    outer loop
      vertex 30.2518 60.4104 4
      vertex 29.2123 68.5197 4
      vertex 29.9282 60.4573 4
    endloop
  endfacet
  facet normal 0 0 1
    outer loop
      vertex 29.2123 68.5197 4
      vertex 29.6012 60.4616 4
      vertex 29.9282 60.4573 4
    endloop
  endfacet
  facet normal 0 0 1
    outer loop
      vertex 29.2123 68.5197 4
      vertex 29.2765 60.4232 4
      vertex 29.6012 60.4616 4
    endloop
  endfacet
  facet normal 0 0 1
    outer loop
      vertex 29.2123 68.5197 4
      vertex 28.9595 60.3427 4
      vertex 29.2765 60.4232 4
    endloop
  endfacet
  facet normal 0 0 1
    outer loop
      vertex 28.8975 68.6084 4
      vertex 28.9595 60.3427 4
      vertex 29.2123 68.5197 4
    endloop
  endfacet
  facet normal 0 0 1
    outer loop
      vertex 28.8975 68.6084 4
      vertex 28.6558 60.2215 4
      vertex 28.9595 60.3427 4
    endloop
  endfacet
  facet normal 0 0 1
    outer loop
      vertex 28.5971 68.7375 4
      vertex 28.6558 60.2215 4
      vertex 28.8975 68.6084 4
    endloop
  endfacet
  facet normal 0 0 1
    outer loop
      vertex 28.5971 68.7375 4
      vertex 28.3705 60.0617 4
      vertex 28.6558 60.2215 4
    endloop
  endfacet
  facet normal 0 0 1
    outer loop
      vertex 28.316 68.9047 4
      vertex 28.3705 60.0617 4
      vertex 28.5971 68.7375 4
    endloop
  endfacet
  facet normal 0 0 1
    outer loop
      vertex 28.316 68.9047 4
      vertex 28.1084 59.8661 4
      vertex 28.3705 60.0617 4
    endloop
  endfacet
  facet normal 0 0 1
    outer loop
      vertex 28.0592 69.1072 4
      vertex 28.1084 59.8661 4
      vertex 28.316 68.9047 4
    endloop
  endfacet
  facet normal 0 0 1
    outer loop
      vertex 28.0592 69.1072 4
      vertex 27.8742 59.6379 4
      vertex 28.1084 59.8661 4
    endloop
  endfacet
  facet normal 0 0 1
    outer loop
      vertex 27.831 69.3414 4
      vertex 27.8742 59.6379 4
      vertex 28.0592 69.1072 4
    endloop
  endfacet
  facet normal 0 0 1
    outer loop
      vertex 27.831 69.3414 4
      vertex 27.6717 59.3811 4
      vertex 27.8742 59.6379 4
    endloop
  endfacet
  facet normal 0 0 1
    outer loop
      vertex 27.6354 69.6034 4
      vertex 27.6717 59.3811 4
      vertex 27.831 69.3414 4
    endloop
  endfacet
  facet normal 0 0 1
    outer loop
      vertex 27.6354 69.6034 4
      vertex 27.5045 59.1 4
      vertex 27.6717 59.3811 4
    endloop
  endfacet
  facet normal 0 0 1
    outer loop
      vertex 27.4756 69.8888 4
      vertex 27.5045 59.1 4
      vertex 27.6354 69.6034 4
    endloop
  endfacet
  facet normal 0 0 1
    outer loop
      vertex 27.4756 69.8888 4
      vertex 27.3755 58.7996 4
      vertex 27.5045 59.1 4
    endloop
  endfacet
  facet normal 0 0 1
    outer loop
      vertex 27.3544 70.1925 4
      vertex 27.3755 58.7996 4
      vertex 27.4756 69.8888 4
    endloop
  endfacet
  facet normal 0 0 1
    outer loop
      vertex 27.3544 70.1925 4
      vertex 27.2867 58.4848 4
      vertex 27.3755 58.7996 4
    endloop
  endfacet
  facet normal 0 0 1
    outer loop
      vertex 27.2739 70.5095 4
      vertex 27.2867 58.4848 4
      vertex 27.3544 70.1925 4
    endloop
  endfacet
  facet normal 0 0 1
    outer loop
      vertex 27.2739 70.5095 4
      vertex 27.2398 58.1612 4
      vertex 27.2867 58.4848 4
    endloop
  endfacet
  facet normal 0 0 1
    outer loop
      vertex 27.2355 70.8342 4
      vertex 27.2398 58.1612 4
      vertex 27.2739 70.5095 4
    endloop
  endfacet
  facet normal 0 0 1
    outer loop
      vertex 27.2398 58.1612 4
      vertex 27.2355 70.8342 4
      vertex 27.2355 57.8342 4
    endloop
  endfacet
  facet normal 0 0 1
    outer loop
      vertex 125 12 4
      vertex 97.7602 69.8388 4
      vertex 97.7645 57.1658 4
    endloop
  endfacet
  facet normal 0 0 1
    outer loop
      vertex 97.7602 69.8388 4
      vertex 97.7261 57.4905 4
      vertex 97.7645 57.1658 4
    endloop
  endfacet
  facet normal -0 0 1
    outer loop
      vertex 97.7133 69.5152 4
      vertex 97.7261 57.4905 4
      vertex 97.7602 69.8388 4
    endloop
  endfacet
  facet normal 0 0 1
    outer loop
      vertex 97.7133 69.5152 4
      vertex 97.6456 57.8075 4
      vertex 97.7261 57.4905 4
    endloop
  endfacet
  facet normal -0 0 1
    outer loop
      vertex 97.6245 69.2004 4
      vertex 97.6456 57.8075 4
      vertex 97.7133 69.5152 4
    endloop
  endfacet
  facet normal 0 0 1
    outer loop
      vertex 97.6245 69.2004 4
      vertex 97.5244 58.1112 4
      vertex 97.6456 57.8075 4
    endloop
  endfacet
  facet normal -0 0 1
    outer loop
      vertex 97.4955 68.9 4
      vertex 97.5244 58.1112 4
      vertex 97.6245 69.2004 4
    endloop
  endfacet
  facet normal 0 0 1
    outer loop
      vertex 97.4955 68.9 4
      vertex 97.3646 58.3966 4
      vertex 97.5244 58.1112 4
    endloop
  endfacet
  facet normal -0 0 1
    outer loop
      vertex 97.3283 68.6189 4
      vertex 97.3646 58.3966 4
      vertex 97.4955 68.9 4
    endloop
  endfacet
  facet normal 0 0 1
    outer loop
      vertex 97.3283 68.6189 4
      vertex 97.169 58.6586 4
      vertex 97.3646 58.3966 4
    endloop
  endfacet
  facet normal -0 0 1
    outer loop
      vertex 97.1258 68.3621 4
      vertex 97.169 58.6586 4
      vertex 97.3283 68.6189 4
    endloop
  endfacet
  facet normal 0 0 1
    outer loop
      vertex 97.1258 68.3621 4
      vertex 96.9408 58.8928 4
      vertex 97.169 58.6586 4
    endloop
  endfacet
  facet normal -0 0 1
    outer loop
      vertex 96.8916 68.1339 4
      vertex 96.9408 58.8928 4
      vertex 97.1258 68.3621 4
    endloop
  endfacet
  facet normal 0 0 1
    outer loop
      vertex 96.8916 68.1339 4
      vertex 96.684 59.0953 4
      vertex 96.9408 58.8928 4
    endloop
  endfacet
  facet normal -0 0 1
    outer loop
      vertex 96.6295 67.9383 4
      vertex 96.684 59.0953 4
      vertex 96.8916 68.1339 4
    endloop
  endfacet
  facet normal 0 0 1
    outer loop
      vertex 96.6295 67.9383 4
      vertex 96.4029 59.2625 4
      vertex 96.684 59.0953 4
    endloop
  endfacet
  facet normal -0 0 1
    outer loop
      vertex 96.3442 67.7785 4
      vertex 96.4029 59.2625 4
      vertex 96.6295 67.9383 4
    endloop
  endfacet
  facet normal 0 0 1
    outer loop
      vertex 96.3442 67.7785 4
      vertex 96.1025 59.3916 4
      vertex 96.4029 59.2625 4
    endloop
  endfacet
  facet normal -0 0 1
    outer loop
      vertex 96.0405 67.6573 4
      vertex 96.1025 59.3916 4
      vertex 96.3442 67.7785 4
    endloop
  endfacet
  facet normal 0 0 1
    outer loop
      vertex 96.0405 67.6573 4
      vertex 95.7877 59.4803 4
      vertex 96.1025 59.3916 4
    endloop
  endfacet
  facet normal -0 0 1
    outer loop
      vertex 95.7235 67.5768 4
      vertex 95.7877 59.4803 4
      vertex 96.0405 67.6573 4
    endloop
  endfacet
  facet normal -0 0 1
    outer loop
      vertex 95.3988 67.5384 4
      vertex 95.7877 59.4803 4
      vertex 95.7235 67.5768 4
    endloop
  endfacet
  facet normal 0 0 1
    outer loop
      vertex 95.0718 67.5427 4
      vertex 95.7877 59.4803 4
      vertex 95.3988 67.5384 4
    endloop
  endfacet
  facet normal 0 0 1
    outer loop
      vertex 94.7482 67.5896 4
      vertex 95.7877 59.4803 4
      vertex 95.0718 67.5427 4
    endloop
  endfacet
  facet normal 0 0 1
    outer loop
      vertex 94.7482 67.5896 4
      vertex 30.2518 73.4104 4
      vertex 95.7877 59.4803 4
    endloop
  endfacet
  facet normal 0 0 1
    outer loop
      vertex 29.2123 81.5197 4
      vertex 30.2518 73.4104 4
      vertex 94.7482 67.5896 4
    endloop
  endfacet
  facet normal 0 0 1
    outer loop
      vertex 30.2518 73.4104 4
      vertex 29.2123 81.5197 4
      vertex 29.9282 73.4573 4
    endloop
  endfacet
  facet normal 0 0 1
    outer loop
      vertex 29.2123 81.5197 4
      vertex 29.6012 73.4616 4
      vertex 29.9282 73.4573 4
    endloop
  endfacet
  facet normal 0 0 1
    outer loop
      vertex 29.2123 81.5197 4
      vertex 29.2765 73.4232 4
      vertex 29.6012 73.4616 4
    endloop
  endfacet
  facet normal 0 0 1
    outer loop
      vertex 29.2123 81.5197 4
      vertex 28.9595 73.3427 4
      vertex 29.2765 73.4232 4
    endloop
  endfacet
  facet normal 0 0 1
    outer loop
      vertex 28.8975 81.6084 4
      vertex 28.9595 73.3427 4
      vertex 29.2123 81.5197 4
    endloop
  endfacet
  facet normal 0 0 1
    outer loop
      vertex 28.8975 81.6084 4
      vertex 28.6558 73.2215 4
      vertex 28.9595 73.3427 4
    endloop
  endfacet
  facet normal 0 0 1
    outer loop
      vertex 28.5971 81.7375 4
      vertex 28.6558 73.2215 4
      vertex 28.8975 81.6084 4
    endloop
  endfacet
  facet normal 0 0 1
    outer loop
      vertex 28.5971 81.7375 4
      vertex 28.3705 73.0617 4
      vertex 28.6558 73.2215 4
    endloop
  endfacet
  facet normal 0 0 1
    outer loop
      vertex 28.316 81.9047 4
      vertex 28.3705 73.0617 4
      vertex 28.5971 81.7375 4
    endloop
  endfacet
  facet normal 0 0 1
    outer loop
      vertex 28.316 81.9047 4
      vertex 28.1084 72.8661 4
      vertex 28.3705 73.0617 4
    endloop
  endfacet
  facet normal 0 0 1
    outer loop
      vertex 28.0592 82.1072 4
      vertex 28.1084 72.8661 4
      vertex 28.316 81.9047 4
    endloop
  endfacet
  facet normal 0 0 1
    outer loop
      vertex 28.0592 82.1072 4
      vertex 27.8742 72.6379 4
      vertex 28.1084 72.8661 4
    endloop
  endfacet
  facet normal 0 0 1
    outer loop
      vertex 27.831 82.3414 4
      vertex 27.8742 72.6379 4
      vertex 28.0592 82.1072 4
    endloop
  endfacet
  facet normal 0 0 1
    outer loop
      vertex 27.831 82.3414 4
      vertex 27.6717 72.3811 4
      vertex 27.8742 72.6379 4
    endloop
  endfacet
  facet normal 0 0 1
    outer loop
      vertex 27.6354 82.6034 4
      vertex 27.6717 72.3811 4
      vertex 27.831 82.3414 4
    endloop
  endfacet
  facet normal 0 0 1
    outer loop
      vertex 27.6354 82.6034 4
      vertex 27.5045 72.1 4
      vertex 27.6717 72.3811 4
    endloop
  endfacet
  facet normal 0 0 1
    outer loop
      vertex 27.4756 82.8888 4
      vertex 27.5045 72.1 4
      vertex 27.6354 82.6034 4
    endloop
  endfacet
  facet normal 0 0 1
    outer loop
      vertex 27.4756 82.8888 4
      vertex 27.3755 71.7996 4
      vertex 27.5045 72.1 4
    endloop
  endfacet
  facet normal 0 0 1
    outer loop
      vertex 27.3544 83.1925 4
      vertex 27.3755 71.7996 4
      vertex 27.4756 82.8888 4
    endloop
  endfacet
  facet normal 0 0 1
    outer loop
      vertex 27.3544 83.1925 4
      vertex 27.2867 71.4848 4
      vertex 27.3755 71.7996 4
    endloop
  endfacet
  facet normal 0 0 1
    outer loop
      vertex 27.2739 83.5095 4
      vertex 27.2867 71.4848 4
      vertex 27.3544 83.1925 4
    endloop
  endfacet
  facet normal 0 0 1
    outer loop
      vertex 27.2739 83.5095 4
      vertex 27.2398 71.1612 4
      vertex 27.2867 71.4848 4
    endloop
  endfacet
  facet normal 0 0 1
    outer loop
      vertex 27.2355 83.8342 4
      vertex 27.2398 71.1612 4
      vertex 27.2739 83.5095 4
    endloop
  endfacet
  facet normal 0 0 1
    outer loop
      vertex 27.2398 71.1612 4
      vertex 27.2355 83.8342 4
      vertex 27.2355 70.8342 4
    endloop
  endfacet
  facet normal 0 0 1
    outer loop
      vertex 97.7133 82.5152 4
      vertex 117.6 111 4
      vertex 97.7602 82.8388 4
    endloop
  endfacet
  facet normal 0 0 1
    outer loop
      vertex 117.6 111 4
      vertex 97.7261 70.4905 4
      vertex 97.7645 70.1658 4
    endloop
  endfacet
  facet normal 0 0 1
    outer loop
      vertex 117.6 111 4
      vertex 97.7133 82.5152 4
      vertex 97.7261 70.4905 4
    endloop
  endfacet
  facet normal 0 0 1
    outer loop
      vertex 97.7133 82.5152 4
      vertex 97.6456 70.8075 4
      vertex 97.7261 70.4905 4
    endloop
  endfacet
  facet normal -0 0 1
    outer loop
      vertex 97.6245 82.2004 4
      vertex 97.6456 70.8075 4
      vertex 97.7133 82.5152 4
    endloop
  endfacet
  facet normal 0 0 1
    outer loop
      vertex 97.6245 82.2004 4
      vertex 97.5244 71.1112 4
      vertex 97.6456 70.8075 4
    endloop
  endfacet
  facet normal -0 0 1
    outer loop
      vertex 97.4955 81.9 4
      vertex 97.5244 71.1112 4
      vertex 97.6245 82.2004 4
    endloop
  endfacet
  facet normal 0 0 1
    outer loop
      vertex 97.4955 81.9 4
      vertex 97.3646 71.3966 4
      vertex 97.5244 71.1112 4
    endloop
  endfacet
  facet normal -0 0 1
    outer loop
      vertex 97.3283 81.6189 4
      vertex 97.3646 71.3966 4
      vertex 97.4955 81.9 4
    endloop
  endfacet
  facet normal 0 0 1
    outer loop
      vertex 97.3283 81.6189 4
      vertex 97.169 71.6586 4
      vertex 97.3646 71.3966 4
    endloop
  endfacet
  facet normal -0 0 1
    outer loop
      vertex 97.1258 81.3621 4
      vertex 97.169 71.6586 4
      vertex 97.3283 81.6189 4
    endloop
  endfacet
  facet normal 0 0 1
    outer loop
      vertex 97.1258 81.3621 4
      vertex 96.9408 71.8928 4
      vertex 97.169 71.6586 4
    endloop
  endfacet
  facet normal -0 0 1
    outer loop
      vertex 96.8916 81.1339 4
      vertex 96.9408 71.8928 4
      vertex 97.1258 81.3621 4
    endloop
  endfacet
  facet normal 0 0 1
    outer loop
      vertex 96.8916 81.1339 4
      vertex 96.684 72.0953 4
      vertex 96.9408 71.8928 4
    endloop
  endfacet
  facet normal -0 0 1
    outer loop
      vertex 96.6295 80.9383 4
      vertex 96.684 72.0953 4
      vertex 96.8916 81.1339 4
    endloop
  endfacet
  facet normal 0 0 1
    outer loop
      vertex 96.6295 80.9383 4
      vertex 96.4029 72.2625 4
      vertex 96.684 72.0953 4
    endloop
  endfacet
  facet normal -0 0 1
    outer loop
      vertex 96.3442 80.7785 4
      vertex 96.4029 72.2625 4
      vertex 96.6295 80.9383 4
    endloop
  endfacet
  facet normal 0 0 1
    outer loop
      vertex 96.3442 80.7785 4
      vertex 96.1025 72.3916 4
      vertex 96.4029 72.2625 4
    endloop
  endfacet
  facet normal -0 0 1
    outer loop
      vertex 96.0405 80.6573 4
      vertex 96.1025 72.3916 4
      vertex 96.3442 80.7785 4
    endloop
  endfacet
  facet normal 0 0 1
    outer loop
      vertex 96.0405 80.6573 4
      vertex 95.7877 72.4803 4
      vertex 96.1025 72.3916 4
    endloop
  endfacet
  facet normal -0 0 1
    outer loop
      vertex 95.7235 80.5768 4
      vertex 95.7877 72.4803 4
      vertex 96.0405 80.6573 4
    endloop
  endfacet
  facet normal -0 0 1
    outer loop
      vertex 95.3988 80.5384 4
      vertex 95.7877 72.4803 4
      vertex 95.7235 80.5768 4
    endloop
  endfacet
  facet normal 0 0 1
    outer loop
      vertex 95.0718 80.5427 4
      vertex 95.7877 72.4803 4
      vertex 95.3988 80.5384 4
    endloop
  endfacet
  facet normal 0 0 1
    outer loop
      vertex 94.7482 80.5896 4
      vertex 95.7877 72.4803 4
      vertex 95.0718 80.5427 4
    endloop
  endfacet
  facet normal 0 0 1
    outer loop
      vertex 94.7482 80.5896 4
      vertex 30.2518 86.4104 4
      vertex 95.7877 72.4803 4
    endloop
  endfacet
  facet normal 0 0 1
    outer loop
      vertex 29.2123 94.5197 4
      vertex 30.2518 86.4104 4
      vertex 94.7482 80.5896 4
    endloop
  endfacet
  facet normal 0 0 1
    outer loop
      vertex 30.2518 86.4104 4
      vertex 29.2123 94.5197 4
      vertex 29.9282 86.4573 4
    endloop
  endfacet
  facet normal 0 0 1
    outer loop
      vertex 29.2123 94.5197 4
      vertex 29.6012 86.4616 4
      vertex 29.9282 86.4573 4
    endloop
  endfacet
  facet normal 0 0 1
    outer loop
      vertex 29.2123 94.5197 4
      vertex 29.2765 86.4232 4
      vertex 29.6012 86.4616 4
    endloop
  endfacet
  facet normal 0 0 1
    outer loop
      vertex 29.2123 94.5197 4
      vertex 28.9595 86.3427 4
      vertex 29.2765 86.4232 4
    endloop
  endfacet
  facet normal 0 0 1
    outer loop
      vertex 28.8975 94.6084 4
      vertex 28.9595 86.3427 4
      vertex 29.2123 94.5197 4
    endloop
  endfacet
  facet normal 0 0 1
    outer loop
      vertex 28.8975 94.6084 4
      vertex 28.6558 86.2215 4
      vertex 28.9595 86.3427 4
    endloop
  endfacet
  facet normal 0 0 1
    outer loop
      vertex 28.5971 94.7375 4
      vertex 28.6558 86.2215 4
      vertex 28.8975 94.6084 4
    endloop
  endfacet
  facet normal 0 0 1
    outer loop
      vertex 28.5971 94.7375 4
      vertex 28.3705 86.0617 4
      vertex 28.6558 86.2215 4
    endloop
  endfacet
  facet normal 0 0 1
    outer loop
      vertex 28.316 94.9047 4
      vertex 28.3705 86.0617 4
      vertex 28.5971 94.7375 4
    endloop
  endfacet
  facet normal 0 0 1
    outer loop
      vertex 28.316 94.9047 4
      vertex 28.1084 85.8661 4
      vertex 28.3705 86.0617 4
    endloop
  endfacet
  facet normal 0 0 1
    outer loop
      vertex 28.0592 95.1072 4
      vertex 28.1084 85.8661 4
      vertex 28.316 94.9047 4
    endloop
  endfacet
  facet normal 0 0 1
    outer loop
      vertex 28.0592 95.1072 4
      vertex 27.8742 85.6379 4
      vertex 28.1084 85.8661 4
    endloop
  endfacet
  facet normal 0 0 1
    outer loop
      vertex 27.831 95.3414 4
      vertex 27.8742 85.6379 4
      vertex 28.0592 95.1072 4
    endloop
  endfacet
  facet normal 0 0 1
    outer loop
      vertex 27.831 95.3414 4
      vertex 27.6717 85.3811 4
      vertex 27.8742 85.6379 4
    endloop
  endfacet
  facet normal 0 0 1
    outer loop
      vertex 27.6354 95.6034 4
      vertex 27.6717 85.3811 4
      vertex 27.831 95.3414 4
    endloop
  endfacet
  facet normal 0 0 1
    outer loop
      vertex 27.6354 95.6034 4
      vertex 27.5045 85.1 4
      vertex 27.6717 85.3811 4
    endloop
  endfacet
  facet normal 0 0 1
    outer loop
      vertex 27.4756 95.8888 4
      vertex 27.5045 85.1 4
      vertex 27.6354 95.6034 4
    endloop
  endfacet
  facet normal 0 0 1
    outer loop
      vertex 27.4756 95.8888 4
      vertex 27.3755 84.7996 4
      vertex 27.5045 85.1 4
    endloop
  endfacet
  facet normal 0 0 1
    outer loop
      vertex 27.3544 96.1925 4
      vertex 27.3755 84.7996 4
      vertex 27.4756 95.8888 4
    endloop
  endfacet
  facet normal 0 0 1
    outer loop
      vertex 27.3544 96.1925 4
      vertex 27.2867 84.4848 4
      vertex 27.3755 84.7996 4
    endloop
  endfacet
  facet normal 0 0 1
    outer loop
      vertex 27.2739 96.5095 4
      vertex 27.2867 84.4848 4
      vertex 27.3544 96.1925 4
    endloop
  endfacet
  facet normal 0 0 1
    outer loop
      vertex 27.2739 96.5095 4
      vertex 27.2398 84.1612 4
      vertex 27.2867 84.4848 4
    endloop
  endfacet
  facet normal 0 0 1
    outer loop
      vertex 27.2355 96.8342 4
      vertex 27.2398 84.1612 4
      vertex 27.2739 96.5095 4
    endloop
  endfacet
  facet normal 0 0 1
    outer loop
      vertex 27.2398 84.1612 4
      vertex 27.2355 96.8342 4
      vertex 27.2355 83.8342 4
    endloop
  endfacet
  facet normal 0 0 1
    outer loop
      vertex 117.6 111 4
      vertex 125 153 4
      vertex 117.6 153.6 4
    endloop
  endfacet
  facet normal 0 0 1
    outer loop
      vertex 113 165 4
      vertex 117.6 153.6 4
      vertex 125 153 4
    endloop
  endfacet
  facet normal 0 0 1
    outer loop
      vertex 113 165 4
      vertex 59 153.6 4
      vertex 117.6 153.6 4
    endloop
  endfacet
  facet normal 0 0 1
    outer loop
      vertex 59 153.6 4
      vertex 53.2 148.3 4
      vertex 59 111 4
    endloop
  endfacet
  facet normal -0 0 1
    outer loop
      vertex 12 165 4
      vertex 59 153.6 4
      vertex 113 165 4
    endloop
  endfacet
  facet normal 0 0 1
    outer loop
      vertex 12 165 4
      vertex 53.2 148.3 4
      vertex 59 153.6 4
    endloop
  endfacet
  facet normal 0 0 1
    outer loop
      vertex 12 165 4
      vertex 8 148.3 4
      vertex 53.2 148.3 4
    endloop
  endfacet
  facet normal 0 0 1
    outer loop
      vertex 8 148.3 4
      vertex 0 153 4
      vertex 8 116 4
    endloop
  endfacet
  facet normal -0 0 1
    outer loop
      vertex 0 153 4
      vertex 8 148.3 4
      vertex 12 165 4
    endloop
  endfacet
  facet normal 0 0 1
    outer loop
      vertex 125 153 4
      vertex 117.6 111 4
      vertex 125 12 4
    endloop
  endfacet
  facet normal 0 0 1
    outer loop
      vertex 97.7602 69.8388 4
      vertex 117.6 111 4
      vertex 97.7645 70.1658 4
    endloop
  endfacet
  facet normal 0 0 1
    outer loop
      vertex 97.7602 82.8388 4
      vertex 117.6 111 4
      vertex 97.7645 83.1658 4
    endloop
  endfacet
  facet normal 0 0 1
    outer loop
      vertex 117.6 111 4
      vertex 97.7261 83.4905 4
      vertex 97.7645 83.1658 4
    endloop
  endfacet
  facet normal 0 0 1
    outer loop
      vertex 117.6 111 4
      vertex 97.6456 83.8075 4
      vertex 97.7261 83.4905 4
    endloop
  endfacet
  facet normal 0 0 1
    outer loop
      vertex 117.6 111 4
      vertex 97.5244 84.1112 4
      vertex 97.6456 83.8075 4
    endloop
  endfacet
  facet normal 0 0 1
    outer loop
      vertex 117.6 111 4
      vertex 97.3646 84.3966 4
      vertex 97.5244 84.1112 4
    endloop
  endfacet
  facet normal 0 0 1
    outer loop
      vertex 117.6 111 4
      vertex 97.169 84.6586 4
      vertex 97.3646 84.3966 4
    endloop
  endfacet
  facet normal 0 0 1
    outer loop
      vertex 117.6 111 4
      vertex 96.9408 84.8928 4
      vertex 97.169 84.6586 4
    endloop
  endfacet
  facet normal 0 0 1
    outer loop
      vertex 117.6 111 4
      vertex 96.684 85.0953 4
      vertex 96.9408 84.8928 4
    endloop
  endfacet
  facet normal 0 0 1
    outer loop
      vertex 117.6 111 4
      vertex 96.4029 85.2625 4
      vertex 96.684 85.0953 4
    endloop
  endfacet
  facet normal -0 0 1
    outer loop
      vertex 91.3311 109.15 4
      vertex 96.4029 85.2625 4
      vertex 117.6 111 4
    endloop
  endfacet
  facet normal -0 0 1
    outer loop
      vertex 91.0767 108.769 4
      vertex 96.4029 85.2625 4
      vertex 91.3311 109.15 4
    endloop
  endfacet
  facet normal 0 0 1
    outer loop
      vertex 91.7701 110.443 4
      vertex 117.6 111 4
      vertex 91.8 110.9 4
    endloop
  endfacet
  facet normal 0 -0 1
    outer loop
      vertex 91.8 110.9 4
      vertex 117.6 111 4
      vertex 91.7934 111 4
    endloop
  endfacet
  facet normal 0 0 1
    outer loop
      vertex 117.6 111 4
      vertex 97.7602 69.8388 4
      vertex 125 12 4
    endloop
  endfacet
  facet normal -0 0 1
    outer loop
      vertex 97.7602 56.8388 4
      vertex 125 12 4
      vertex 97.7645 57.1658 4
    endloop
  endfacet
  facet normal -0 0 1
    outer loop
      vertex 97.7602 43.8388 4
      vertex 125 12 4
      vertex 97.7645 44.1658 4
    endloop
  endfacet
  facet normal -0 0 1
    outer loop
      vertex 97.7602 30.8388 4
      vertex 125 12 4
      vertex 97.7645 31.1658 4
    endloop
  endfacet
  facet normal -0 0 1
    outer loop
      vertex 97.7602 17.8388 4
      vertex 125 12 4
      vertex 97.7645 18.1658 4
    endloop
  endfacet
  facet normal -0 0 1
    outer loop
      vertex 97.7133 17.5152 4
      vertex 125 12 4
      vertex 97.7602 17.8388 4
    endloop
  endfacet
  facet normal 0 0 1
    outer loop
      vertex 125 12 4
      vertex 97.7133 17.5152 4
      vertex 113 0 4
    endloop
  endfacet
  facet normal -0 0 1
    outer loop
      vertex 97.6245 17.2004 4
      vertex 113 0 4
      vertex 97.7133 17.5152 4
    endloop
  endfacet
  facet normal -0 0 1
    outer loop
      vertex 97.4955 16.9 4
      vertex 113 0 4
      vertex 97.6245 17.2004 4
    endloop
  endfacet
  facet normal -0 0 1
    outer loop
      vertex 97.3283 16.6189 4
      vertex 113 0 4
      vertex 97.4955 16.9 4
    endloop
  endfacet
  facet normal -0 0 1
    outer loop
      vertex 97.1258 16.3621 4
      vertex 113 0 4
      vertex 97.3283 16.6189 4
    endloop
  endfacet
  facet normal -0 0 1
    outer loop
      vertex 96.8916 16.1339 4
      vertex 113 0 4
      vertex 97.1258 16.3621 4
    endloop
  endfacet
  facet normal -0 0 1
    outer loop
      vertex 96.6295 15.9383 4
      vertex 113 0 4
      vertex 96.8916 16.1339 4
    endloop
  endfacet
  facet normal -0 0 1
    outer loop
      vertex 96.3442 15.7785 4
      vertex 113 0 4
      vertex 96.6295 15.9383 4
    endloop
  endfacet
  facet normal -0 0 1
    outer loop
      vertex 96.0405 15.6573 4
      vertex 113 0 4
      vertex 96.3442 15.7785 4
    endloop
  endfacet
  facet normal -0 0 1
    outer loop
      vertex 95.7235 15.5768 4
      vertex 113 0 4
      vertex 96.0405 15.6573 4
    endloop
  endfacet
  facet normal -0 0 1
    outer loop
      vertex 95.3988 15.5384 4
      vertex 113 0 4
      vertex 95.7235 15.5768 4
    endloop
  endfacet
  facet normal 0 0 1
    outer loop
      vertex 95.0718 15.5427 4
      vertex 113 0 4
      vertex 95.3988 15.5384 4
    endloop
  endfacet
  facet normal 0 0 1
    outer loop
      vertex 94.7482 15.5896 4
      vertex 113 0 4
      vertex 95.0718 15.5427 4
    endloop
  endfacet
  facet normal 0 0 1
    outer loop
      vertex 12 0 4
      vertex 94.7482 15.5896 4
      vertex 29.2123 29.5197 4
    endloop
  endfacet
  facet normal 0 0 1
    outer loop
      vertex 12 0 4
      vertex 29.2123 29.5197 4
      vertex 28.8975 29.6084 4
    endloop
  endfacet
  facet normal 0 0 1
    outer loop
      vertex 27.2398 97.1612 4
      vertex 27.1 115.9 4
      vertex 27.2355 96.8342 4
    endloop
  endfacet
  facet normal 0 0 1
    outer loop
      vertex 27.2355 96.8342 4
      vertex 27.1 115.9 4
      vertex 12 0 4
    endloop
  endfacet
  facet normal 0 0 1
    outer loop
      vertex 94.7482 15.5896 4
      vertex 12 0 4
      vertex 113 0 4
    endloop
  endfacet
  facet normal 0 0 1
    outer loop
      vertex 28.5971 29.7375 4
      vertex 12 0 4
      vertex 28.8975 29.6084 4
    endloop
  endfacet
  facet normal 0 0 1
    outer loop
      vertex 28.316 29.9047 4
      vertex 12 0 4
      vertex 28.5971 29.7375 4
    endloop
  endfacet
  facet normal 0 0 1
    outer loop
      vertex 28.0592 30.1072 4
      vertex 12 0 4
      vertex 28.316 29.9047 4
    endloop
  endfacet
  facet normal 0 0 1
    outer loop
      vertex 27.831 30.3414 4
      vertex 12 0 4
      vertex 28.0592 30.1072 4
    endloop
  endfacet
  facet normal 0 0 1
    outer loop
      vertex 27.6354 30.6034 4
      vertex 12 0 4
      vertex 27.831 30.3414 4
    endloop
  endfacet
  facet normal 0 0 1
    outer loop
      vertex 27.4756 30.8888 4
      vertex 12 0 4
      vertex 27.6354 30.6034 4
    endloop
  endfacet
  facet normal 0 0 1
    outer loop
      vertex 27.3544 31.1925 4
      vertex 12 0 4
      vertex 27.4756 30.8888 4
    endloop
  endfacet
  facet normal 0 0 1
    outer loop
      vertex 27.2739 31.5095 4
      vertex 12 0 4
      vertex 27.3544 31.1925 4
    endloop
  endfacet
  facet normal 0 0 1
    outer loop
      vertex 27.2355 31.8342 4
      vertex 12 0 4
      vertex 27.2739 31.5095 4
    endloop
  endfacet
  facet normal 0 0 1
    outer loop
      vertex 27.2355 96.8342 4
      vertex 12 0 4
      vertex 27.2355 31.8342 4
    endloop
  endfacet
  facet normal 0 0 1
    outer loop
      vertex 91.6807 109.994 4
      vertex 117.6 111 4
      vertex 91.7701 110.443 4
    endloop
  endfacet
  facet normal 0 0 1
    outer loop
      vertex 91.5336 109.561 4
      vertex 117.6 111 4
      vertex 91.6807 109.994 4
    endloop
  endfacet
  facet normal 0 0 1
    outer loop
      vertex 91.3311 109.15 4
      vertex 117.6 111 4
      vertex 91.5336 109.561 4
    endloop
  endfacet
  facet normal 0 0 1
    outer loop
      vertex 96.4029 85.2625 4
      vertex 91.0767 108.769 4
      vertex 96.1025 85.3916 4
    endloop
  endfacet
  facet normal -0 0 1
    outer loop
      vertex 90.7749 108.425 4
      vertex 96.1025 85.3916 4
      vertex 91.0767 108.769 4
    endloop
  endfacet
  facet normal 0 0 1
    outer loop
      vertex 96.1025 85.3916 4
      vertex 90.7749 108.425 4
      vertex 95.7877 85.4803 4
    endloop
  endfacet
  facet normal -0 0 1
    outer loop
      vertex 90.4307 108.123 4
      vertex 95.7877 85.4803 4
      vertex 90.7749 108.425 4
    endloop
  endfacet
  facet normal -0 0 1
    outer loop
      vertex 90.05 107.869 4
      vertex 95.7877 85.4803 4
      vertex 90.4307 108.123 4
    endloop
  endfacet
  facet normal -0 0 1
    outer loop
      vertex 89.6394 107.666 4
      vertex 95.7877 85.4803 4
      vertex 90.05 107.869 4
    endloop
  endfacet
  facet normal -0 0 1
    outer loop
      vertex 89.2059 107.519 4
      vertex 95.7877 85.4803 4
      vertex 89.6394 107.666 4
    endloop
  endfacet
  facet normal -0 0 1
    outer loop
      vertex 88.7568 107.43 4
      vertex 95.7877 85.4803 4
      vertex 89.2059 107.519 4
    endloop
  endfacet
  facet normal -0 0 1
    outer loop
      vertex 88.3 107.4 4
      vertex 95.7877 85.4803 4
      vertex 88.7568 107.43 4
    endloop
  endfacet
  facet normal 0 0 1
    outer loop
      vertex 87.8432 107.43 4
      vertex 95.7877 85.4803 4
      vertex 88.3 107.4 4
    endloop
  endfacet
  facet normal 0 0 1
    outer loop
      vertex 87.3941 107.519 4
      vertex 95.7877 85.4803 4
      vertex 87.8432 107.43 4
    endloop
  endfacet
  facet normal 0 0 1
    outer loop
      vertex 86.9606 107.666 4
      vertex 95.7877 85.4803 4
      vertex 87.3941 107.519 4
    endloop
  endfacet
  facet normal 0 0 1
    outer loop
      vertex 86.55 107.869 4
      vertex 95.7877 85.4803 4
      vertex 86.9606 107.666 4
    endloop
  endfacet
  facet normal 0 0 1
    outer loop
      vertex 86.1693 108.123 4
      vertex 95.7877 85.4803 4
      vertex 86.55 107.869 4
    endloop
  endfacet
  facet normal 0 0 1
    outer loop
      vertex 59 111 4
      vertex 86.1693 108.123 4
      vertex 85.8251 108.425 4
    endloop
  endfacet
  facet normal 0 0 1
    outer loop
      vertex 59 111 4
      vertex 85.8251 108.425 4
      vertex 85.5233 108.769 4
    endloop
  endfacet
  facet normal 0 0 1
    outer loop
      vertex 59 111 4
      vertex 85.5233 108.769 4
      vertex 85.2689 109.15 4
    endloop
  endfacet
  facet normal 0 0 1
    outer loop
      vertex 59 111 4
      vertex 85.2689 109.15 4
      vertex 85.0664 109.561 4
    endloop
  endfacet
  facet normal 0 0 1
    outer loop
      vertex 59 111 4
      vertex 84.8299 110.443 4
      vertex 84.8 110.9 4
    endloop
  endfacet
  facet normal 0 0 1
    outer loop
      vertex 59 111 4
      vertex 84.9193 109.994 4
      vertex 84.8299 110.443 4
    endloop
  endfacet
  facet normal 0 0 1
    outer loop
      vertex 59 111 4
      vertex 85.0664 109.561 4
      vertex 84.9193 109.994 4
    endloop
  endfacet
  facet normal 0 0 1
    outer loop
      vertex 86.1693 108.123 4
      vertex 59 111 4
      vertex 95.7877 85.4803 4
    endloop
  endfacet
  facet normal -0 0 1
    outer loop
      vertex 53.2 116 4
      vertex 59 111 4
      vertex 53.2 148.3 4
    endloop
  endfacet
  facet normal 0 0 1
    outer loop
      vertex 34.0701 115.443 4
      vertex 53.2 116 4
      vertex 34.1 115.9 4
    endloop
  endfacet
  facet normal 0 0 1
    outer loop
      vertex 33.9807 114.994 4
      vertex 53.2 116 4
      vertex 34.0701 115.443 4
    endloop
  endfacet
  facet normal 0 0 1
    outer loop
      vertex 33.8336 114.561 4
      vertex 53.2 116 4
      vertex 33.9807 114.994 4
    endloop
  endfacet
  facet normal 0 0 1
    outer loop
      vertex 33.6311 114.15 4
      vertex 53.2 116 4
      vertex 33.8336 114.561 4
    endloop
  endfacet
  facet normal 0 0 1
    outer loop
      vertex 33.3767 113.769 4
      vertex 53.2 116 4
      vertex 33.6311 114.15 4
    endloop
  endfacet
  facet normal 0 0 1
    outer loop
      vertex 30.2518 99.4104 4
      vertex 53.2 116 4
      vertex 33.3767 113.769 4
    endloop
  endfacet
  facet normal 0 0 1
    outer loop
      vertex 53.2 116 4
      vertex 30.2518 99.4104 4
      vertex 59 111 4
    endloop
  endfacet
  facet normal 0 0 1
    outer loop
      vertex 30.2518 99.4104 4
      vertex 33.3767 113.769 4
      vertex 33.0749 113.425 4
    endloop
  endfacet
  facet normal 0 0 1
    outer loop
      vertex 30.2518 99.4104 4
      vertex 33.0749 113.425 4
      vertex 32.7307 113.123 4
    endloop
  endfacet
  facet normal 0 0 1
    outer loop
      vertex 30.2518 99.4104 4
      vertex 32.7307 113.123 4
      vertex 32.35 112.869 4
    endloop
  endfacet
  facet normal 0 0 1
    outer loop
      vertex 30.2518 99.4104 4
      vertex 32.35 112.869 4
      vertex 31.9394 112.666 4
    endloop
  endfacet
  facet normal 0 0 1
    outer loop
      vertex 30.2518 99.4104 4
      vertex 31.9394 112.666 4
      vertex 31.5059 112.519 4
    endloop
  endfacet
  facet normal 0 0 1
    outer loop
      vertex 30.2518 99.4104 4
      vertex 31.5059 112.519 4
      vertex 31.0568 112.43 4
    endloop
  endfacet
  facet normal 0 0 1
    outer loop
      vertex 30.2518 99.4104 4
      vertex 31.0568 112.43 4
      vertex 30.6 112.4 4
    endloop
  endfacet
  facet normal 0 0 1
    outer loop
      vertex 59 111 4
      vertex 30.2518 99.4104 4
      vertex 95.7877 85.4803 4
    endloop
  endfacet
  facet normal 0 0 1
    outer loop
      vertex 29.9282 99.4573 4
      vertex 30.6 112.4 4
      vertex 30.1432 112.43 4
    endloop
  endfacet
  facet normal 0 0 1
    outer loop
      vertex 30.6 112.4 4
      vertex 29.9282 99.4573 4
      vertex 30.2518 99.4104 4
    endloop
  endfacet
  facet normal 0 0 1
    outer loop
      vertex 29.6012 99.4616 4
      vertex 30.1432 112.43 4
      vertex 29.6941 112.519 4
    endloop
  endfacet
  facet normal 0 0 1
    outer loop
      vertex 30.1432 112.43 4
      vertex 29.6012 99.4616 4
      vertex 29.9282 99.4573 4
    endloop
  endfacet
  facet normal 0 0 1
    outer loop
      vertex 29.6941 112.519 4
      vertex 29.2765 99.4232 4
      vertex 29.6012 99.4616 4
    endloop
  endfacet
  facet normal 0 0 1
    outer loop
      vertex 28.9595 99.3427 4
      vertex 29.6941 112.519 4
      vertex 29.2606 112.666 4
    endloop
  endfacet
  facet normal 0 0 1
    outer loop
      vertex 29.6941 112.519 4
      vertex 28.9595 99.3427 4
      vertex 29.2765 99.4232 4
    endloop
  endfacet
  facet normal 0 0 1
    outer loop
      vertex 28.6558 99.2215 4
      vertex 29.2606 112.666 4
      vertex 28.85 112.869 4
    endloop
  endfacet
  facet normal 0 0 1
    outer loop
      vertex 29.2606 112.666 4
      vertex 28.6558 99.2215 4
      vertex 28.9595 99.3427 4
    endloop
  endfacet
  facet normal 0 0 1
    outer loop
      vertex 28.3705 99.0617 4
      vertex 28.85 112.869 4
      vertex 28.4693 113.123 4
    endloop
  endfacet
  facet normal 0 0 1
    outer loop
      vertex 28.85 112.869 4
      vertex 28.3705 99.0617 4
      vertex 28.6558 99.2215 4
    endloop
  endfacet
  facet normal 0 0 1
    outer loop
      vertex 28.1084 98.8661 4
      vertex 28.4693 113.123 4
      vertex 28.1251 113.425 4
    endloop
  endfacet
  facet normal 0 0 1
    outer loop
      vertex 28.4693 113.123 4
      vertex 28.1084 98.8661 4
      vertex 28.3705 99.0617 4
    endloop
  endfacet
  facet normal 0 0 1
    outer loop
      vertex 28.1251 113.425 4
      vertex 27.8742 98.6379 4
      vertex 28.1084 98.8661 4
    endloop
  endfacet
  facet normal 0 0 1
    outer loop
      vertex 27.8233 113.769 4
      vertex 27.8742 98.6379 4
      vertex 28.1251 113.425 4
    endloop
  endfacet
  facet normal 0 0 1
    outer loop
      vertex 27.8233 113.769 4
      vertex 27.6717 98.3811 4
      vertex 27.8742 98.6379 4
    endloop
  endfacet
  facet normal 0 0 1
    outer loop
      vertex 27.5689 114.15 4
      vertex 27.6717 98.3811 4
      vertex 27.8233 113.769 4
    endloop
  endfacet
  facet normal 0 0 1
    outer loop
      vertex 27.5689 114.15 4
      vertex 27.5045 98.1 4
      vertex 27.6717 98.3811 4
    endloop
  endfacet
  facet normal 0 0 1
    outer loop
      vertex 27.3664 114.561 4
      vertex 27.5045 98.1 4
      vertex 27.5689 114.15 4
    endloop
  endfacet
  facet normal 0 0 1
    outer loop
      vertex 27.5045 98.1 4
      vertex 27.3664 114.561 4
      vertex 27.3755 97.7996 4
    endloop
  endfacet
  facet normal 0 0 1
    outer loop
      vertex 27.2193 114.994 4
      vertex 27.3755 97.7996 4
      vertex 27.3664 114.561 4
    endloop
  endfacet
  facet normal 0 0 1
    outer loop
      vertex 27.3755 97.7996 4
      vertex 27.2193 114.994 4
      vertex 27.2867 97.4848 4
    endloop
  endfacet
  facet normal 0 0 1
    outer loop
      vertex 27.1299 115.443 4
      vertex 27.2867 97.4848 4
      vertex 27.2193 114.994 4
    endloop
  endfacet
  facet normal 0 0 0
    outer loop
      vertex 27.2355 96.8342 4
      vertex 27.2355 70.8342 4
      vertex 27.2355 83.8342 4
    endloop
  endfacet
  facet normal 0 0 0
    outer loop
      vertex 27.2355 96.8342 4
      vertex 27.2355 57.8342 4
      vertex 27.2355 70.8342 4
    endloop
  endfacet
  facet normal 0 0 0
    outer loop
      vertex 27.2355 96.8342 4
      vertex 27.2355 44.8342 4
      vertex 27.2355 57.8342 4
    endloop
  endfacet
  facet normal 0 0 0
    outer loop
      vertex 27.2355 96.8342 4
      vertex 27.2355 31.8342 4
      vertex 27.2355 44.8342 4
    endloop
  endfacet
  facet normal 0 0 1
    outer loop
      vertex 27.1 115.9 4
      vertex 27.2398 97.1612 4
      vertex 27.1299 115.443 4
    endloop
  endfacet
  facet normal 0 0 1
    outer loop
      vertex 27.2867 97.4848 4
      vertex 27.1299 115.443 4
      vertex 27.2398 97.1612 4
    endloop
  endfacet
  facet normal 0 0 -1
    outer loop
      vertex 8 148.3 0
      vertex 22 154.8 0
      vertex 53.2 148.3 0
    endloop
  endfacet
  facet normal 0 0 -1
    outer loop
      vertex 0 153 0
      vertex 14 157 0
      vertex 14 154.8 0
    endloop
  endfacet
  facet normal -0 0 -1
    outer loop
      vertex 22 154.8 0
      vertex 8 148.3 0
      vertex 14 154.8 0
    endloop
  endfacet
  facet normal 0 0 -1
    outer loop
      vertex 0 153 0
      vertex 14 154.8 0
      vertex 8 148.3 0
    endloop
  endfacet
  facet normal -0 0 -1
    outer loop
      vertex 14 157 0
      vertex 0 153 0
      vertex 12 165 0
    endloop
  endfacet
  facet normal 0 0 -1
    outer loop
      vertex 8 116 0
      vertex 0 153 0
      vertex 8 148.3 0
    endloop
  endfacet
  facet normal 0 0 -1
    outer loop
      vertex 117.6 111 0
      vertex 91.7701 110.443 0
      vertex 91.8 110.9 0
    endloop
  endfacet
  facet normal 0 0 -1
    outer loop
      vertex 96.1025 85.3916 0
      vertex 91.6807 109.994 0
      vertex 91.7701 110.443 0
    endloop
  endfacet
  facet normal 0 0 -1
    outer loop
      vertex 96.1025 85.3916 0
      vertex 91.5336 109.561 0
      vertex 91.6807 109.994 0
    endloop
  endfacet
  facet normal 0 0 -1
    outer loop
      vertex 96.1025 85.3916 0
      vertex 91.3311 109.15 0
      vertex 91.5336 109.561 0
    endloop
  endfacet
  facet normal 0 0 -1
    outer loop
      vertex 96.1025 85.3916 0
      vertex 91.0767 108.769 0
      vertex 91.3311 109.15 0
    endloop
  endfacet
  facet normal 0 0 -1
    outer loop
      vertex 96.1025 85.3916 0
      vertex 90.7749 108.425 0
      vertex 91.0767 108.769 0
    endloop
  endfacet
  facet normal 0 0 -1
    outer loop
      vertex 95.7877 85.4803 0
      vertex 90.4307 108.123 0
      vertex 90.7749 108.425 0
    endloop
  endfacet
  facet normal 0 0 -1
    outer loop
      vertex 95.7877 85.4803 0
      vertex 90.05 107.869 0
      vertex 90.4307 108.123 0
    endloop
  endfacet
  facet normal 0 0 -1
    outer loop
      vertex 95.7877 85.4803 0
      vertex 89.6394 107.666 0
      vertex 90.05 107.869 0
    endloop
  endfacet
  facet normal 0 0 -1
    outer loop
      vertex 95.7877 85.4803 0
      vertex 89.2059 107.519 0
      vertex 89.6394 107.666 0
    endloop
  endfacet
  facet normal 0 0 -1
    outer loop
      vertex 95.7877 85.4803 0
      vertex 88.7568 107.43 0
      vertex 89.2059 107.519 0
    endloop
  endfacet
  facet normal 0 0 -1
    outer loop
      vertex 95.7877 85.4803 0
      vertex 88.3 107.4 0
      vertex 88.7568 107.43 0
    endloop
  endfacet
  facet normal 0 0 -1
    outer loop
      vertex 95.7877 85.4803 0
      vertex 87.8432 107.43 0
      vertex 88.3 107.4 0
    endloop
  endfacet
  facet normal 0 0 -1
    outer loop
      vertex 95.7877 85.4803 0
      vertex 87.3941 107.519 0
      vertex 87.8432 107.43 0
    endloop
  endfacet
  facet normal 0 0 -1
    outer loop
      vertex 95.7877 85.4803 0
      vertex 86.9606 107.666 0
      vertex 87.3941 107.519 0
    endloop
  endfacet
  facet normal 0 0 -1
    outer loop
      vertex 95.7877 85.4803 0
      vertex 86.55 107.869 0
      vertex 86.9606 107.666 0
    endloop
  endfacet
  facet normal 0 0 -1
    outer loop
      vertex 95.7877 85.4803 0
      vertex 86.1693 108.123 0
      vertex 86.55 107.869 0
    endloop
  endfacet
  facet normal 0 0 -1
    outer loop
      vertex 59 111 0
      vertex 86.1693 108.123 0
      vertex 95.7877 85.4803 0
    endloop
  endfacet
  facet normal 0 0 -1
    outer loop
      vertex 86.1693 108.123 0
      vertex 59 111 0
      vertex 85.8251 108.425 0
    endloop
  endfacet
  facet normal 0 0 -1
    outer loop
      vertex 85.8251 108.425 0
      vertex 59 111 0
      vertex 85.5233 108.769 0
    endloop
  endfacet
  facet normal 0 0 -1
    outer loop
      vertex 85.5233 108.769 0
      vertex 59 111 0
      vertex 85.2689 109.15 0
    endloop
  endfacet
  facet normal 0 0 -1
    outer loop
      vertex 84.8299 110.443 0
      vertex 59 111 0
      vertex 84.8 110.9 0
    endloop
  endfacet
  facet normal 0 0 -1
    outer loop
      vertex 84.9193 109.994 0
      vertex 59 111 0
      vertex 84.8299 110.443 0
    endloop
  endfacet
  facet normal 0 0 -1
    outer loop
      vertex 85.0664 109.561 0
      vertex 59 111 0
      vertex 84.9193 109.994 0
    endloop
  endfacet
  facet normal 0 0 -1
    outer loop
      vertex 85.2689 109.15 0
      vertex 59 111 0
      vertex 85.0664 109.561 0
    endloop
  endfacet
  facet normal 0 0 -1
    outer loop
      vertex 53.2 148.3 0
      vertex 59 111 0
      vertex 53.2 116 0
    endloop
  endfacet
  facet normal 0 0 -1
    outer loop
      vertex 30.2518 99.4104 0
      vertex 53.2 116 0
      vertex 59 111 0
    endloop
  endfacet
  facet normal 0 0 -1
    outer loop
      vertex 30.2518 99.4104 0
      vertex 59 111 0
      vertex 95.7877 85.4803 0
    endloop
  endfacet
  facet normal 0 0 -1
    outer loop
      vertex 53.2 116 0
      vertex 34.0701 115.443 0
      vertex 34.1 115.9 0
    endloop
  endfacet
  facet normal 0 0 -1
    outer loop
      vertex 53.2 116 0
      vertex 33.9807 114.994 0
      vertex 34.0701 115.443 0
    endloop
  endfacet
  facet normal 0 0 -1
    outer loop
      vertex 53.2 116 0
      vertex 33.8336 114.561 0
      vertex 33.9807 114.994 0
    endloop
  endfacet
  facet normal 0 0 -1
    outer loop
      vertex 53.2 116 0
      vertex 33.6311 114.15 0
      vertex 33.8336 114.561 0
    endloop
  endfacet
  facet normal 0 0 -1
    outer loop
      vertex 53.2 116 0
      vertex 30.2518 99.4104 0
      vertex 33.3767 113.769 0
    endloop
  endfacet
  facet normal 0 0 -1
    outer loop
      vertex 53.2 116 0
      vertex 33.3767 113.769 0
      vertex 33.6311 114.15 0
    endloop
  endfacet
  facet normal 0 0 -1
    outer loop
      vertex 33.3767 113.769 0
      vertex 30.2518 99.4104 0
      vertex 33.0749 113.425 0
    endloop
  endfacet
  facet normal 0 0 -1
    outer loop
      vertex 33.0749 113.425 0
      vertex 30.2518 99.4104 0
      vertex 32.7307 113.123 0
    endloop
  endfacet
  facet normal 0 0 -1
    outer loop
      vertex 32.7307 113.123 0
      vertex 30.2518 99.4104 0
      vertex 32.35 112.869 0
    endloop
  endfacet
  facet normal 0 0 -1
    outer loop
      vertex 32.35 112.869 0
      vertex 30.2518 99.4104 0
      vertex 31.9394 112.666 0
    endloop
  endfacet
  facet normal 0 0 -1
    outer loop
      vertex 31.9394 112.666 0
      vertex 30.2518 99.4104 0
      vertex 31.5059 112.519 0
    endloop
  endfacet
  facet normal 0 0 -1
    outer loop
      vertex 31.5059 112.519 0
      vertex 30.2518 99.4104 0
      vertex 31.0568 112.43 0
    endloop
  endfacet
  facet normal 0 0 -1
    outer loop
      vertex 31.0568 112.43 0
      vertex 30.2518 99.4104 0
      vertex 30.6 112.4 0
    endloop
  endfacet
  facet normal 0 0 -1
    outer loop
      vertex 29.9282 99.4573 0
      vertex 30.6 112.4 0
      vertex 30.2518 99.4104 0
    endloop
  endfacet
  facet normal -0 0 -1
    outer loop
      vertex 30.6 112.4 0
      vertex 29.9282 99.4573 0
      vertex 30.1432 112.43 0
    endloop
  endfacet
  facet normal 0 0 -1
    outer loop
      vertex 29.6012 99.4616 0
      vertex 30.1432 112.43 0
      vertex 29.9282 99.4573 0
    endloop
  endfacet
  facet normal -0 0 -1
    outer loop
      vertex 30.1432 112.43 0
      vertex 29.6012 99.4616 0
      vertex 29.6941 112.519 0
    endloop
  endfacet
  facet normal 0 0 -1
    outer loop
      vertex 29.2765 99.4232 0
      vertex 29.6941 112.519 0
      vertex 29.6012 99.4616 0
    endloop
  endfacet
  facet normal 0 0 -1
    outer loop
      vertex 28.9595 99.3427 0
      vertex 29.6941 112.519 0
      vertex 29.2765 99.4232 0
    endloop
  endfacet
  facet normal -0 0 -1
    outer loop
      vertex 29.6941 112.519 0
      vertex 28.9595 99.3427 0
      vertex 29.2606 112.666 0
    endloop
  endfacet
  facet normal 0 0 -1
    outer loop
      vertex 28.6558 99.2215 0
      vertex 29.2606 112.666 0
      vertex 28.9595 99.3427 0
    endloop
  endfacet
  facet normal -0 0 -1
    outer loop
      vertex 29.2606 112.666 0
      vertex 28.6558 99.2215 0
      vertex 28.85 112.869 0
    endloop
  endfacet
  facet normal 0 0 -1
    outer loop
      vertex 28.3705 99.0617 0
      vertex 28.85 112.869 0
      vertex 28.6558 99.2215 0
    endloop
  endfacet
  facet normal -0 0 -1
    outer loop
      vertex 28.85 112.869 0
      vertex 28.3705 99.0617 0
      vertex 28.4693 113.123 0
    endloop
  endfacet
  facet normal 0 0 -1
    outer loop
      vertex 28.1084 98.8661 0
      vertex 28.4693 113.123 0
      vertex 28.3705 99.0617 0
    endloop
  endfacet
  facet normal -0 0 -1
    outer loop
      vertex 28.4693 113.123 0
      vertex 28.1084 98.8661 0
      vertex 28.1251 113.425 0
    endloop
  endfacet
  facet normal 0 0 -1
    outer loop
      vertex 27.8742 98.6379 0
      vertex 28.1251 113.425 0
      vertex 28.1084 98.8661 0
    endloop
  endfacet
  facet normal 0 0 -1
    outer loop
      vertex 27.8742 98.6379 0
      vertex 27.8233 113.769 0
      vertex 28.1251 113.425 0
    endloop
  endfacet
  facet normal 0 0 -1
    outer loop
      vertex 27.6717 98.3811 0
      vertex 27.8233 113.769 0
      vertex 27.8742 98.6379 0
    endloop
  endfacet
  facet normal 0 0 -1
    outer loop
      vertex 8 116 0
      vertex 27.8233 113.769 0
      vertex 27.6717 98.3811 0
    endloop
  endfacet
  facet normal 0 0 -1
    outer loop
      vertex 8 116 0
      vertex 27.6717 98.3811 0
      vertex 27.5045 98.1 0
    endloop
  endfacet
  facet normal 0 0 -1
    outer loop
      vertex 8 116 0
      vertex 27.5045 98.1 0
      vertex 27.3755 97.7996 0
    endloop
  endfacet
  facet normal 0 0 -1
    outer loop
      vertex 27.8233 113.769 0
      vertex 8 116 0
      vertex 27.5689 114.15 0
    endloop
  endfacet
  facet normal 0 0 -1
    outer loop
      vertex 8 116 0
      vertex 27.3755 97.7996 0
      vertex 27.2867 97.4848 0
    endloop
  endfacet
  facet normal 0 0 -1
    outer loop
      vertex 8 116 0
      vertex 27.2867 97.4848 0
      vertex 27.2398 97.1612 0
    endloop
  endfacet
  facet normal 0 0 -1
    outer loop
      vertex 8 116 0
      vertex 27.2398 97.1612 0
      vertex 27.2355 96.8342 0
    endloop
  endfacet
  facet normal 0 0 -1
    outer loop
      vertex 27.5689 114.15 0
      vertex 8 116 0
      vertex 27.3664 114.561 0
    endloop
  endfacet
  facet normal 0 0 -1
    outer loop
      vertex 117.6 111 0
      vertex 97.7602 82.8388 0
      vertex 97.7645 83.1658 0
    endloop
  endfacet
  facet normal 0 0 -1
    outer loop
      vertex 97.7133 82.5152 0
      vertex 117.6 111 0
      vertex 97.7261 70.4905 0
    endloop
  endfacet
  facet normal 0 0 -1
    outer loop
      vertex 117.6 111 0
      vertex 97.7133 82.5152 0
      vertex 97.7602 82.8388 0
    endloop
  endfacet
  facet normal 0 0 -1
    outer loop
      vertex 97.6456 70.8075 0
      vertex 97.7133 82.5152 0
      vertex 97.7261 70.4905 0
    endloop
  endfacet
  facet normal 0 0 -1
    outer loop
      vertex 97.6456 70.8075 0
      vertex 97.6245 82.2004 0
      vertex 97.7133 82.5152 0
    endloop
  endfacet
  facet normal 0 0 -1
    outer loop
      vertex 97.5244 71.1112 0
      vertex 97.6245 82.2004 0
      vertex 97.6456 70.8075 0
    endloop
  endfacet
  facet normal 0 0 -1
    outer loop
      vertex 97.5244 71.1112 0
      vertex 97.4955 81.9 0
      vertex 97.6245 82.2004 0
    endloop
  endfacet
  facet normal 0 0 -1
    outer loop
      vertex 97.3646 71.3966 0
      vertex 97.4955 81.9 0
      vertex 97.5244 71.1112 0
    endloop
  endfacet
  facet normal 0 0 -1
    outer loop
      vertex 97.3646 71.3966 0
      vertex 97.3283 81.6189 0
      vertex 97.4955 81.9 0
    endloop
  endfacet
  facet normal 0 0 -1
    outer loop
      vertex 97.169 71.6586 0
      vertex 97.3283 81.6189 0
      vertex 97.3646 71.3966 0
    endloop
  endfacet
  facet normal 0 0 -1
    outer loop
      vertex 97.169 71.6586 0
      vertex 97.1258 81.3621 0
      vertex 97.3283 81.6189 0
    endloop
  endfacet
  facet normal 0 0 -1
    outer loop
      vertex 96.9408 71.8928 0
      vertex 97.1258 81.3621 0
      vertex 97.169 71.6586 0
    endloop
  endfacet
  facet normal 0 0 -1
    outer loop
      vertex 96.9408 71.8928 0
      vertex 96.8916 81.1339 0
      vertex 97.1258 81.3621 0
    endloop
  endfacet
  facet normal 0 0 -1
    outer loop
      vertex 96.684 72.0953 0
      vertex 96.8916 81.1339 0
      vertex 96.9408 71.8928 0
    endloop
  endfacet
  facet normal 0 0 -1
    outer loop
      vertex 96.684 72.0953 0
      vertex 96.6295 80.9383 0
      vertex 96.8916 81.1339 0
    endloop
  endfacet
  facet normal 0 0 -1
    outer loop
      vertex 96.4029 72.2625 0
      vertex 96.6295 80.9383 0
      vertex 96.684 72.0953 0
    endloop
  endfacet
  facet normal 0 0 -1
    outer loop
      vertex 96.4029 72.2625 0
      vertex 96.3442 80.7785 0
      vertex 96.6295 80.9383 0
    endloop
  endfacet
  facet normal 0 0 -1
    outer loop
      vertex 96.1025 72.3916 0
      vertex 96.3442 80.7785 0
      vertex 96.4029 72.2625 0
    endloop
  endfacet
  facet normal 0 0 -1
    outer loop
      vertex 96.1025 72.3916 0
      vertex 96.0405 80.6573 0
      vertex 96.3442 80.7785 0
    endloop
  endfacet
  facet normal 0 0 -1
    outer loop
      vertex 95.7877 72.4803 0
      vertex 96.0405 80.6573 0
      vertex 96.1025 72.3916 0
    endloop
  endfacet
  facet normal 0 0 -1
    outer loop
      vertex 95.7877 72.4803 0
      vertex 95.7235 80.5768 0
      vertex 96.0405 80.6573 0
    endloop
  endfacet
  facet normal 0 0 -1
    outer loop
      vertex 95.7877 72.4803 0
      vertex 95.3988 80.5384 0
      vertex 95.7235 80.5768 0
    endloop
  endfacet
  facet normal 0 0 -1
    outer loop
      vertex 95.7877 72.4803 0
      vertex 95.0718 80.5427 0
      vertex 95.3988 80.5384 0
    endloop
  endfacet
  facet normal 0 0 -1
    outer loop
      vertex 95.7877 72.4803 0
      vertex 94.7482 80.5896 0
      vertex 95.0718 80.5427 0
    endloop
  endfacet
  facet normal 0 0 -1
    outer loop
      vertex 30.2518 86.4104 0
      vertex 94.7482 80.5896 0
      vertex 95.7877 72.4803 0
    endloop
  endfacet
  facet normal 0 0 -1
    outer loop
      vertex 29.2123 94.5197 0
      vertex 30.2518 86.4104 0
      vertex 29.9282 86.4573 0
    endloop
  endfacet
  facet normal 0 0 -1
    outer loop
      vertex 30.2518 86.4104 0
      vertex 29.2123 94.5197 0
      vertex 94.7482 80.5896 0
    endloop
  endfacet
  facet normal 0 0 -1
    outer loop
      vertex 29.6012 86.4616 0
      vertex 29.2123 94.5197 0
      vertex 29.9282 86.4573 0
    endloop
  endfacet
  facet normal 0 0 -1
    outer loop
      vertex 29.2765 86.4232 0
      vertex 29.2123 94.5197 0
      vertex 29.6012 86.4616 0
    endloop
  endfacet
  facet normal 0 0 -1
    outer loop
      vertex 28.9595 86.3427 0
      vertex 29.2123 94.5197 0
      vertex 29.2765 86.4232 0
    endloop
  endfacet
  facet normal 0 0 -1
    outer loop
      vertex 28.9595 86.3427 0
      vertex 28.8975 94.6084 0
      vertex 29.2123 94.5197 0
    endloop
  endfacet
  facet normal 0 0 -1
    outer loop
      vertex 28.6558 86.2215 0
      vertex 28.8975 94.6084 0
      vertex 28.9595 86.3427 0
    endloop
  endfacet
  facet normal 0 0 -1
    outer loop
      vertex 28.6558 86.2215 0
      vertex 28.5971 94.7375 0
      vertex 28.8975 94.6084 0
    endloop
  endfacet
  facet normal 0 0 -1
    outer loop
      vertex 28.3705 86.0617 0
      vertex 28.5971 94.7375 0
      vertex 28.6558 86.2215 0
    endloop
  endfacet
  facet normal 0 0 -1
    outer loop
      vertex 28.3705 86.0617 0
      vertex 28.316 94.9047 0
      vertex 28.5971 94.7375 0
    endloop
  endfacet
  facet normal 0 0 -1
    outer loop
      vertex 28.1084 85.8661 0
      vertex 28.316 94.9047 0
      vertex 28.3705 86.0617 0
    endloop
  endfacet
  facet normal 0 0 -1
    outer loop
      vertex 28.1084 85.8661 0
      vertex 28.0592 95.1072 0
      vertex 28.316 94.9047 0
    endloop
  endfacet
  facet normal 0 0 -1
    outer loop
      vertex 27.8742 85.6379 0
      vertex 28.0592 95.1072 0
      vertex 28.1084 85.8661 0
    endloop
  endfacet
  facet normal 0 0 -1
    outer loop
      vertex 27.8742 85.6379 0
      vertex 27.831 95.3414 0
      vertex 28.0592 95.1072 0
    endloop
  endfacet
  facet normal 0 0 -1
    outer loop
      vertex 27.6717 85.3811 0
      vertex 27.831 95.3414 0
      vertex 27.8742 85.6379 0
    endloop
  endfacet
  facet normal 0 0 -1
    outer loop
      vertex 27.6717 85.3811 0
      vertex 27.6354 95.6034 0
      vertex 27.831 95.3414 0
    endloop
  endfacet
  facet normal 0 0 -1
    outer loop
      vertex 27.5045 85.1 0
      vertex 27.6354 95.6034 0
      vertex 27.6717 85.3811 0
    endloop
  endfacet
  facet normal 0 0 -1
    outer loop
      vertex 27.5045 85.1 0
      vertex 27.4756 95.8888 0
      vertex 27.6354 95.6034 0
    endloop
  endfacet
  facet normal 0 0 -1
    outer loop
      vertex 27.3755 84.7996 0
      vertex 27.4756 95.8888 0
      vertex 27.5045 85.1 0
    endloop
  endfacet
  facet normal 0 0 -1
    outer loop
      vertex 27.3755 84.7996 0
      vertex 27.3544 96.1925 0
      vertex 27.4756 95.8888 0
    endloop
  endfacet
  facet normal 0 0 -1
    outer loop
      vertex 27.2867 84.4848 0
      vertex 27.3544 96.1925 0
      vertex 27.3755 84.7996 0
    endloop
  endfacet
  facet normal 0 0 -1
    outer loop
      vertex 27.2867 84.4848 0
      vertex 27.2739 96.5095 0
      vertex 27.3544 96.1925 0
    endloop
  endfacet
  facet normal 0 0 -1
    outer loop
      vertex 8 116 0
      vertex 27.2867 84.4848 0
      vertex 27.2398 84.1612 0
    endloop
  endfacet
  facet normal 0 0 -1
    outer loop
      vertex 8 116 0
      vertex 27.2398 84.1612 0
      vertex 27.2355 83.8342 0
    endloop
  endfacet
  facet normal 0 0 -1
    outer loop
      vertex 27.2867 84.4848 0
      vertex 8 116 0
      vertex 27.2739 96.5095 0
    endloop
  endfacet
  facet normal 0 0 -1
    outer loop
      vertex 117.6 111 0
      vertex 97.7602 69.8388 0
      vertex 97.7645 70.1658 0
    endloop
  endfacet
  facet normal 0 0 -1
    outer loop
      vertex 97.7261 57.4905 0
      vertex 97.7602 69.8388 0
      vertex 97.7645 57.1658 0
    endloop
  endfacet
  facet normal 0 0 -1
    outer loop
      vertex 97.7261 57.4905 0
      vertex 97.7133 69.5152 0
      vertex 97.7602 69.8388 0
    endloop
  endfacet
  facet normal 0 0 -1
    outer loop
      vertex 97.6456 57.8075 0
      vertex 97.7133 69.5152 0
      vertex 97.7261 57.4905 0
    endloop
  endfacet
  facet normal 0 0 -1
    outer loop
      vertex 97.6456 57.8075 0
      vertex 97.6245 69.2004 0
      vertex 97.7133 69.5152 0
    endloop
  endfacet
  facet normal 0 0 -1
    outer loop
      vertex 97.5244 58.1112 0
      vertex 97.6245 69.2004 0
      vertex 97.6456 57.8075 0
    endloop
  endfacet
  facet normal 0 0 -1
    outer loop
      vertex 97.5244 58.1112 0
      vertex 97.4955 68.9 0
      vertex 97.6245 69.2004 0
    endloop
  endfacet
  facet normal 0 0 -1
    outer loop
      vertex 97.3646 58.3966 0
      vertex 97.4955 68.9 0
      vertex 97.5244 58.1112 0
    endloop
  endfacet
  facet normal 0 0 -1
    outer loop
      vertex 97.3646 58.3966 0
      vertex 97.3283 68.6189 0
      vertex 97.4955 68.9 0
    endloop
  endfacet
  facet normal 0 0 -1
    outer loop
      vertex 97.169 58.6586 0
      vertex 97.3283 68.6189 0
      vertex 97.3646 58.3966 0
    endloop
  endfacet
  facet normal 0 0 -1
    outer loop
      vertex 97.169 58.6586 0
      vertex 97.1258 68.3621 0
      vertex 97.3283 68.6189 0
    endloop
  endfacet
  facet normal 0 0 -1
    outer loop
      vertex 96.9408 58.8928 0
      vertex 97.1258 68.3621 0
      vertex 97.169 58.6586 0
    endloop
  endfacet
  facet normal 0 0 -1
    outer loop
      vertex 96.9408 58.8928 0
      vertex 96.8916 68.1339 0
      vertex 97.1258 68.3621 0
    endloop
  endfacet
  facet normal 0 0 -1
    outer loop
      vertex 96.684 59.0953 0
      vertex 96.8916 68.1339 0
      vertex 96.9408 58.8928 0
    endloop
  endfacet
  facet normal 0 0 -1
    outer loop
      vertex 96.684 59.0953 0
      vertex 96.6295 67.9383 0
      vertex 96.8916 68.1339 0
    endloop
  endfacet
  facet normal 0 0 -1
    outer loop
      vertex 96.4029 59.2625 0
      vertex 96.6295 67.9383 0
      vertex 96.684 59.0953 0
    endloop
  endfacet
  facet normal 0 0 -1
    outer loop
      vertex 96.4029 59.2625 0
      vertex 96.3442 67.7785 0
      vertex 96.6295 67.9383 0
    endloop
  endfacet
  facet normal 0 0 -1
    outer loop
      vertex 96.1025 59.3916 0
      vertex 96.3442 67.7785 0
      vertex 96.4029 59.2625 0
    endloop
  endfacet
  facet normal 0 0 -1
    outer loop
      vertex 96.1025 59.3916 0
      vertex 96.0405 67.6573 0
      vertex 96.3442 67.7785 0
    endloop
  endfacet
  facet normal 0 0 -1
    outer loop
      vertex 95.7877 59.4803 0
      vertex 96.0405 67.6573 0
      vertex 96.1025 59.3916 0
    endloop
  endfacet
  facet normal 0 0 -1
    outer loop
      vertex 95.7877 59.4803 0
      vertex 95.7235 67.5768 0
      vertex 96.0405 67.6573 0
    endloop
  endfacet
  facet normal 0 0 -1
    outer loop
      vertex 95.7877 59.4803 0
      vertex 95.3988 67.5384 0
      vertex 95.7235 67.5768 0
    endloop
  endfacet
  facet normal 0 0 -1
    outer loop
      vertex 95.7877 59.4803 0
      vertex 95.0718 67.5427 0
      vertex 95.3988 67.5384 0
    endloop
  endfacet
  facet normal 0 0 -1
    outer loop
      vertex 95.7877 59.4803 0
      vertex 94.7482 67.5896 0
      vertex 95.0718 67.5427 0
    endloop
  endfacet
  facet normal 0 0 -1
    outer loop
      vertex 30.2518 73.4104 0
      vertex 94.7482 67.5896 0
      vertex 95.7877 59.4803 0
    endloop
  endfacet
  facet normal 0 0 -1
    outer loop
      vertex 29.2123 81.5197 0
      vertex 30.2518 73.4104 0
      vertex 29.9282 73.4573 0
    endloop
  endfacet
  facet normal 0 0 -1
    outer loop
      vertex 30.2518 73.4104 0
      vertex 29.2123 81.5197 0
      vertex 94.7482 67.5896 0
    endloop
  endfacet
  facet normal 0 0 -1
    outer loop
      vertex 29.6012 73.4616 0
      vertex 29.2123 81.5197 0
      vertex 29.9282 73.4573 0
    endloop
  endfacet
  facet normal 0 0 -1
    outer loop
      vertex 29.2765 73.4232 0
      vertex 29.2123 81.5197 0
      vertex 29.6012 73.4616 0
    endloop
  endfacet
  facet normal 0 0 -1
    outer loop
      vertex 28.9595 73.3427 0
      vertex 29.2123 81.5197 0
      vertex 29.2765 73.4232 0
    endloop
  endfacet
  facet normal 0 0 -1
    outer loop
      vertex 28.9595 73.3427 0
      vertex 28.8975 81.6084 0
      vertex 29.2123 81.5197 0
    endloop
  endfacet
  facet normal 0 0 -1
    outer loop
      vertex 28.6558 73.2215 0
      vertex 28.8975 81.6084 0
      vertex 28.9595 73.3427 0
    endloop
  endfacet
  facet normal 0 0 -1
    outer loop
      vertex 28.6558 73.2215 0
      vertex 28.5971 81.7375 0
      vertex 28.8975 81.6084 0
    endloop
  endfacet
  facet normal 0 0 -1
    outer loop
      vertex 28.3705 73.0617 0
      vertex 28.5971 81.7375 0
      vertex 28.6558 73.2215 0
    endloop
  endfacet
  facet normal 0 0 -1
    outer loop
      vertex 28.3705 73.0617 0
      vertex 28.316 81.9047 0
      vertex 28.5971 81.7375 0
    endloop
  endfacet
  facet normal 0 0 -1
    outer loop
      vertex 28.1084 72.8661 0
      vertex 28.316 81.9047 0
      vertex 28.3705 73.0617 0
    endloop
  endfacet
  facet normal 0 0 -1
    outer loop
      vertex 28.1084 72.8661 0
      vertex 28.0592 82.1072 0
      vertex 28.316 81.9047 0
    endloop
  endfacet
  facet normal 0 0 -1
    outer loop
      vertex 27.8742 72.6379 0
      vertex 28.0592 82.1072 0
      vertex 28.1084 72.8661 0
    endloop
  endfacet
  facet normal 0 0 -1
    outer loop
      vertex 27.8742 72.6379 0
      vertex 27.831 82.3414 0
      vertex 28.0592 82.1072 0
    endloop
  endfacet
  facet normal 0 0 -1
    outer loop
      vertex 27.6717 72.3811 0
      vertex 27.831 82.3414 0
      vertex 27.8742 72.6379 0
    endloop
  endfacet
  facet normal 0 0 -1
    outer loop
      vertex 27.6717 72.3811 0
      vertex 27.6354 82.6034 0
      vertex 27.831 82.3414 0
    endloop
  endfacet
  facet normal 0 0 -1
    outer loop
      vertex 27.5045 72.1 0
      vertex 27.6354 82.6034 0
      vertex 27.6717 72.3811 0
    endloop
  endfacet
  facet normal 0 0 -1
    outer loop
      vertex 27.5045 72.1 0
      vertex 27.4756 82.8888 0
      vertex 27.6354 82.6034 0
    endloop
  endfacet
  facet normal 0 0 -1
    outer loop
      vertex 27.3755 71.7996 0
      vertex 27.4756 82.8888 0
      vertex 27.5045 72.1 0
    endloop
  endfacet
  facet normal 0 0 -1
    outer loop
      vertex 27.3755 71.7996 0
      vertex 27.3544 83.1925 0
      vertex 27.4756 82.8888 0
    endloop
  endfacet
  facet normal 0 0 -1
    outer loop
      vertex 27.2867 71.4848 0
      vertex 27.3544 83.1925 0
      vertex 27.3755 71.7996 0
    endloop
  endfacet
  facet normal 0 0 -1
    outer loop
      vertex 27.2867 71.4848 0
      vertex 27.2739 83.5095 0
      vertex 27.3544 83.1925 0
    endloop
  endfacet
  facet normal 0 0 -1
    outer loop
      vertex 27.2398 71.1612 0
      vertex 27.2739 83.5095 0
      vertex 27.2867 71.4848 0
    endloop
  endfacet
  facet normal 0 0 -1
    outer loop
      vertex 8 116 0
      vertex 27.2398 71.1612 0
      vertex 27.2355 70.8342 0
    endloop
  endfacet
  facet normal 0 0 -1
    outer loop
      vertex 27.2398 71.1612 0
      vertex 8 116 0
      vertex 27.2739 83.5095 0
    endloop
  endfacet
  facet normal 0 0 -1
    outer loop
      vertex 125 12 0
      vertex 97.7602 56.8388 0
      vertex 97.7645 57.1658 0
    endloop
  endfacet
  facet normal 0 0 -1
    outer loop
      vertex 125 12 0
      vertex 97.7261 44.4905 0
      vertex 97.7602 56.8388 0
    endloop
  endfacet
  facet normal 0 0 -1
    outer loop
      vertex 97.7261 44.4905 0
      vertex 97.7133 56.5152 0
      vertex 97.7602 56.8388 0
    endloop
  endfacet
  facet normal 0 0 -1
    outer loop
      vertex 97.6456 44.8075 0
      vertex 97.7133 56.5152 0
      vertex 97.7261 44.4905 0
    endloop
  endfacet
  facet normal 0 0 -1
    outer loop
      vertex 97.6456 44.8075 0
      vertex 97.6245 56.2004 0
      vertex 97.7133 56.5152 0
    endloop
  endfacet
  facet normal 0 0 -1
    outer loop
      vertex 97.5244 45.1112 0
      vertex 97.6245 56.2004 0
      vertex 97.6456 44.8075 0
    endloop
  endfacet
  facet normal 0 0 -1
    outer loop
      vertex 97.5244 45.1112 0
      vertex 97.4955 55.9 0
      vertex 97.6245 56.2004 0
    endloop
  endfacet
  facet normal 0 0 -1
    outer loop
      vertex 97.3646 45.3966 0
      vertex 97.4955 55.9 0
      vertex 97.5244 45.1112 0
    endloop
  endfacet
  facet normal 0 0 -1
    outer loop
      vertex 97.3646 45.3966 0
      vertex 97.3283 55.6189 0
      vertex 97.4955 55.9 0
    endloop
  endfacet
  facet normal 0 0 -1
    outer loop
      vertex 97.169 45.6586 0
      vertex 97.3283 55.6189 0
      vertex 97.3646 45.3966 0
    endloop
  endfacet
  facet normal 0 0 -1
    outer loop
      vertex 97.169 45.6586 0
      vertex 97.1258 55.3621 0
      vertex 97.3283 55.6189 0
    endloop
  endfacet
  facet normal 0 0 -1
    outer loop
      vertex 96.9408 45.8928 0
      vertex 97.1258 55.3621 0
      vertex 97.169 45.6586 0
    endloop
  endfacet
  facet normal 0 0 -1
    outer loop
      vertex 96.9408 45.8928 0
      vertex 96.8916 55.1339 0
      vertex 97.1258 55.3621 0
    endloop
  endfacet
  facet normal 0 0 -1
    outer loop
      vertex 96.684 46.0953 0
      vertex 96.8916 55.1339 0
      vertex 96.9408 45.8928 0
    endloop
  endfacet
  facet normal 0 0 -1
    outer loop
      vertex 96.684 46.0953 0
      vertex 96.6295 54.9383 0
      vertex 96.8916 55.1339 0
    endloop
  endfacet
  facet normal 0 0 -1
    outer loop
      vertex 96.4029 46.2625 0
      vertex 96.6295 54.9383 0
      vertex 96.684 46.0953 0
    endloop
  endfacet
  facet normal 0 0 -1
    outer loop
      vertex 96.4029 46.2625 0
      vertex 96.3442 54.7785 0
      vertex 96.6295 54.9383 0
    endloop
  endfacet
  facet normal 0 0 -1
    outer loop
      vertex 96.1025 46.3916 0
      vertex 96.3442 54.7785 0
      vertex 96.4029 46.2625 0
    endloop
  endfacet
  facet normal 0 0 -1
    outer loop
      vertex 96.1025 46.3916 0
      vertex 96.0405 54.6573 0
      vertex 96.3442 54.7785 0
    endloop
  endfacet
  facet normal 0 0 -1
    outer loop
      vertex 95.7877 46.4803 0
      vertex 96.0405 54.6573 0
      vertex 96.1025 46.3916 0
    endloop
  endfacet
  facet normal 0 0 -1
    outer loop
      vertex 95.7877 46.4803 0
      vertex 95.7235 54.5768 0
      vertex 96.0405 54.6573 0
    endloop
  endfacet
  facet normal 0 0 -1
    outer loop
      vertex 95.7877 46.4803 0
      vertex 95.3988 54.5384 0
      vertex 95.7235 54.5768 0
    endloop
  endfacet
  facet normal 0 0 -1
    outer loop
      vertex 95.7877 46.4803 0
      vertex 95.0718 54.5427 0
      vertex 95.3988 54.5384 0
    endloop
  endfacet
  facet normal 0 0 -1
    outer loop
      vertex 95.7877 46.4803 0
      vertex 94.7482 54.5896 0
      vertex 95.0718 54.5427 0
    endloop
  endfacet
  facet normal 0 0 -1
    outer loop
      vertex 30.2518 60.4104 0
      vertex 94.7482 54.5896 0
      vertex 95.7877 46.4803 0
    endloop
  endfacet
  facet normal 0 0 -1
    outer loop
      vertex 29.2123 68.5197 0
      vertex 30.2518 60.4104 0
      vertex 29.9282 60.4573 0
    endloop
  endfacet
  facet normal 0 0 -1
    outer loop
      vertex 30.2518 60.4104 0
      vertex 29.2123 68.5197 0
      vertex 94.7482 54.5896 0
    endloop
  endfacet
  facet normal 0 0 -1
    outer loop
      vertex 29.6012 60.4616 0
      vertex 29.2123 68.5197 0
      vertex 29.9282 60.4573 0
    endloop
  endfacet
  facet normal 0 0 -1
    outer loop
      vertex 29.2765 60.4232 0
      vertex 29.2123 68.5197 0
      vertex 29.6012 60.4616 0
    endloop
  endfacet
  facet normal 0 0 -1
    outer loop
      vertex 28.9595 60.3427 0
      vertex 29.2123 68.5197 0
      vertex 29.2765 60.4232 0
    endloop
  endfacet
  facet normal 0 0 -1
    outer loop
      vertex 28.9595 60.3427 0
      vertex 28.8975 68.6084 0
      vertex 29.2123 68.5197 0
    endloop
  endfacet
  facet normal 0 0 -1
    outer loop
      vertex 28.6558 60.2215 0
      vertex 28.8975 68.6084 0
      vertex 28.9595 60.3427 0
    endloop
  endfacet
  facet normal 0 0 -1
    outer loop
      vertex 28.6558 60.2215 0
      vertex 28.5971 68.7375 0
      vertex 28.8975 68.6084 0
    endloop
  endfacet
  facet normal 0 0 -1
    outer loop
      vertex 28.3705 60.0617 0
      vertex 28.5971 68.7375 0
      vertex 28.6558 60.2215 0
    endloop
  endfacet
  facet normal 0 0 -1
    outer loop
      vertex 28.3705 60.0617 0
      vertex 28.316 68.9047 0
      vertex 28.5971 68.7375 0
    endloop
  endfacet
  facet normal 0 0 -1
    outer loop
      vertex 28.1084 59.8661 0
      vertex 28.316 68.9047 0
      vertex 28.3705 60.0617 0
    endloop
  endfacet
  facet normal 0 0 -1
    outer loop
      vertex 28.1084 59.8661 0
      vertex 28.0592 69.1072 0
      vertex 28.316 68.9047 0
    endloop
  endfacet
  facet normal 0 0 -1
    outer loop
      vertex 27.8742 59.6379 0
      vertex 28.0592 69.1072 0
      vertex 28.1084 59.8661 0
    endloop
  endfacet
  facet normal 0 0 -1
    outer loop
      vertex 27.8742 59.6379 0
      vertex 27.831 69.3414 0
      vertex 28.0592 69.1072 0
    endloop
  endfacet
  facet normal 0 0 -1
    outer loop
      vertex 27.6717 59.3811 0
      vertex 27.831 69.3414 0
      vertex 27.8742 59.6379 0
    endloop
  endfacet
  facet normal 0 0 -1
    outer loop
      vertex 27.6717 59.3811 0
      vertex 27.6354 69.6034 0
      vertex 27.831 69.3414 0
    endloop
  endfacet
  facet normal 0 0 -1
    outer loop
      vertex 27.5045 59.1 0
      vertex 27.6354 69.6034 0
      vertex 27.6717 59.3811 0
    endloop
  endfacet
  facet normal 0 0 -1
    outer loop
      vertex 27.5045 59.1 0
      vertex 27.4756 69.8888 0
      vertex 27.6354 69.6034 0
    endloop
  endfacet
  facet normal 0 0 -1
    outer loop
      vertex 27.3755 58.7996 0
      vertex 27.4756 69.8888 0
      vertex 27.5045 59.1 0
    endloop
  endfacet
  facet normal 0 0 -1
    outer loop
      vertex 27.3755 58.7996 0
      vertex 27.3544 70.1925 0
      vertex 27.4756 69.8888 0
    endloop
  endfacet
  facet normal 0 0 -1
    outer loop
      vertex 27.2867 58.4848 0
      vertex 27.3544 70.1925 0
      vertex 27.3755 58.7996 0
    endloop
  endfacet
  facet normal 0 0 -1
    outer loop
      vertex 27.2867 58.4848 0
      vertex 27.2739 70.5095 0
      vertex 27.3544 70.1925 0
    endloop
  endfacet
  facet normal 0 0 -1
    outer loop
      vertex 27.2398 58.1612 0
      vertex 27.2739 70.5095 0
      vertex 27.2867 58.4848 0
    endloop
  endfacet
  facet normal 0 0 -1
    outer loop
      vertex 0 12 0
      vertex 27.2398 58.1612 0
      vertex 27.2355 57.8342 0
    endloop
  endfacet
  facet normal 0 0 -1
    outer loop
      vertex 27.2398 58.1612 0
      vertex 27.2355 70.8342 0
      vertex 27.2739 70.5095 0
    endloop
  endfacet
  facet normal 0 0 -1
    outer loop
      vertex 125 12 0
      vertex 97.7602 43.8388 0
      vertex 97.7645 44.1658 0
    endloop
  endfacet
  facet normal 0 0 -1
    outer loop
      vertex 97.7133 43.5152 0
      vertex 125 12 0
      vertex 97.7261 31.4905 0
    endloop
  endfacet
  facet normal 0 0 -1
    outer loop
      vertex 125 12 0
      vertex 97.7133 43.5152 0
      vertex 97.7602 43.8388 0
    endloop
  endfacet
  facet normal 0 0 -1
    outer loop
      vertex 97.6456 31.8075 0
      vertex 97.7133 43.5152 0
      vertex 97.7261 31.4905 0
    endloop
  endfacet
  facet normal 0 0 -1
    outer loop
      vertex 97.6456 31.8075 0
      vertex 97.6245 43.2004 0
      vertex 97.7133 43.5152 0
    endloop
  endfacet
  facet normal 0 0 -1
    outer loop
      vertex 97.5244 32.1112 0
      vertex 97.6245 43.2004 0
      vertex 97.6456 31.8075 0
    endloop
  endfacet
  facet normal 0 0 -1
    outer loop
      vertex 97.5244 32.1112 0
      vertex 97.4955 42.9 0
      vertex 97.6245 43.2004 0
    endloop
  endfacet
  facet normal 0 0 -1
    outer loop
      vertex 97.3646 32.3966 0
      vertex 97.4955 42.9 0
      vertex 97.5244 32.1112 0
    endloop
  endfacet
  facet normal 0 0 -1
    outer loop
      vertex 97.3646 32.3966 0
      vertex 97.3283 42.6189 0
      vertex 97.4955 42.9 0
    endloop
  endfacet
  facet normal 0 0 -1
    outer loop
      vertex 97.169 32.6586 0
      vertex 97.3283 42.6189 0
      vertex 97.3646 32.3966 0
    endloop
  endfacet
  facet normal 0 0 -1
    outer loop
      vertex 97.169 32.6586 0
      vertex 97.1258 42.3621 0
      vertex 97.3283 42.6189 0
    endloop
  endfacet
  facet normal 0 0 -1
    outer loop
      vertex 96.9408 32.8928 0
      vertex 97.1258 42.3621 0
      vertex 97.169 32.6586 0
    endloop
  endfacet
  facet normal 0 0 -1
    outer loop
      vertex 96.9408 32.8928 0
      vertex 96.8916 42.1339 0
      vertex 97.1258 42.3621 0
    endloop
  endfacet
  facet normal 0 0 -1
    outer loop
      vertex 96.684 33.0953 0
      vertex 96.8916 42.1339 0
      vertex 96.9408 32.8928 0
    endloop
  endfacet
  facet normal 0 0 -1
    outer loop
      vertex 96.684 33.0953 0
      vertex 96.6295 41.9383 0
      vertex 96.8916 42.1339 0
    endloop
  endfacet
  facet normal 0 0 -1
    outer loop
      vertex 96.4029 33.2625 0
      vertex 96.6295 41.9383 0
      vertex 96.684 33.0953 0
    endloop
  endfacet
  facet normal 0 0 -1
    outer loop
      vertex 96.4029 33.2625 0
      vertex 96.3442 41.7785 0
      vertex 96.6295 41.9383 0
    endloop
  endfacet
  facet normal 0 0 -1
    outer loop
      vertex 96.1025 33.3916 0
      vertex 96.3442 41.7785 0
      vertex 96.4029 33.2625 0
    endloop
  endfacet
  facet normal 0 0 -1
    outer loop
      vertex 96.1025 33.3916 0
      vertex 96.0405 41.6573 0
      vertex 96.3442 41.7785 0
    endloop
  endfacet
  facet normal 0 0 -1
    outer loop
      vertex 95.7877 33.4803 0
      vertex 96.0405 41.6573 0
      vertex 96.1025 33.3916 0
    endloop
  endfacet
  facet normal 0 0 -1
    outer loop
      vertex 95.7877 33.4803 0
      vertex 95.7235 41.5768 0
      vertex 96.0405 41.6573 0
    endloop
  endfacet
  facet normal 0 0 -1
    outer loop
      vertex 95.7877 33.4803 0
      vertex 95.3988 41.5384 0
      vertex 95.7235 41.5768 0
    endloop
  endfacet
  facet normal 0 0 -1
    outer loop
      vertex 95.7877 33.4803 0
      vertex 95.0718 41.5427 0
      vertex 95.3988 41.5384 0
    endloop
  endfacet
  facet normal 0 0 -1
    outer loop
      vertex 95.7877 33.4803 0
      vertex 94.7482 41.5896 0
      vertex 95.0718 41.5427 0
    endloop
  endfacet
  facet normal 0 0 -1
    outer loop
      vertex 30.2518 47.4104 0
      vertex 94.7482 41.5896 0
      vertex 95.7877 33.4803 0
    endloop
  endfacet
  facet normal 0 0 -1
    outer loop
      vertex 29.2123 55.5197 0
      vertex 30.2518 47.4104 0
      vertex 29.9282 47.4573 0
    endloop
  endfacet
  facet normal 0 0 -1
    outer loop
      vertex 30.2518 47.4104 0
      vertex 29.2123 55.5197 0
      vertex 94.7482 41.5896 0
    endloop
  endfacet
  facet normal 0 0 -1
    outer loop
      vertex 29.6012 47.4616 0
      vertex 29.2123 55.5197 0
      vertex 29.9282 47.4573 0
    endloop
  endfacet
  facet normal 0 0 -1
    outer loop
      vertex 29.2765 47.4232 0
      vertex 29.2123 55.5197 0
      vertex 29.6012 47.4616 0
    endloop
  endfacet
  facet normal 0 0 -1
    outer loop
      vertex 28.9595 47.3427 0
      vertex 29.2123 55.5197 0
      vertex 29.2765 47.4232 0
    endloop
  endfacet
  facet normal 0 0 -1
    outer loop
      vertex 28.9595 47.3427 0
      vertex 28.8975 55.6084 0
      vertex 29.2123 55.5197 0
    endloop
  endfacet
  facet normal 0 0 -1
    outer loop
      vertex 28.6558 47.2215 0
      vertex 28.8975 55.6084 0
      vertex 28.9595 47.3427 0
    endloop
  endfacet
  facet normal 0 0 -1
    outer loop
      vertex 28.6558 47.2215 0
      vertex 28.5971 55.7375 0
      vertex 28.8975 55.6084 0
    endloop
  endfacet
  facet normal 0 0 -1
    outer loop
      vertex 28.3705 47.0617 0
      vertex 28.5971 55.7375 0
      vertex 28.6558 47.2215 0
    endloop
  endfacet
  facet normal 0 0 -1
    outer loop
      vertex 28.3705 47.0617 0
      vertex 28.316 55.9047 0
      vertex 28.5971 55.7375 0
    endloop
  endfacet
  facet normal 0 0 -1
    outer loop
      vertex 28.1084 46.8661 0
      vertex 28.316 55.9047 0
      vertex 28.3705 47.0617 0
    endloop
  endfacet
  facet normal 0 0 -1
    outer loop
      vertex 28.1084 46.8661 0
      vertex 28.0592 56.1072 0
      vertex 28.316 55.9047 0
    endloop
  endfacet
  facet normal 0 0 -1
    outer loop
      vertex 27.8742 46.6379 0
      vertex 28.0592 56.1072 0
      vertex 28.1084 46.8661 0
    endloop
  endfacet
  facet normal 0 0 -1
    outer loop
      vertex 27.8742 46.6379 0
      vertex 27.831 56.3414 0
      vertex 28.0592 56.1072 0
    endloop
  endfacet
  facet normal 0 0 -1
    outer loop
      vertex 27.6717 46.3811 0
      vertex 27.831 56.3414 0
      vertex 27.8742 46.6379 0
    endloop
  endfacet
  facet normal 0 0 -1
    outer loop
      vertex 27.6717 46.3811 0
      vertex 27.6354 56.6034 0
      vertex 27.831 56.3414 0
    endloop
  endfacet
  facet normal 0 0 -1
    outer loop
      vertex 27.5045 46.1 0
      vertex 27.6354 56.6034 0
      vertex 27.6717 46.3811 0
    endloop
  endfacet
  facet normal 0 0 -1
    outer loop
      vertex 27.5045 46.1 0
      vertex 27.4756 56.8888 0
      vertex 27.6354 56.6034 0
    endloop
  endfacet
  facet normal 0 0 -1
    outer loop
      vertex 27.3755 45.7996 0
      vertex 27.4756 56.8888 0
      vertex 27.5045 46.1 0
    endloop
  endfacet
  facet normal 0 0 -1
    outer loop
      vertex 27.3755 45.7996 0
      vertex 27.3544 57.1925 0
      vertex 27.4756 56.8888 0
    endloop
  endfacet
  facet normal 0 0 -1
    outer loop
      vertex 27.2867 45.4848 0
      vertex 27.3544 57.1925 0
      vertex 27.3755 45.7996 0
    endloop
  endfacet
  facet normal 0 0 -1
    outer loop
      vertex 27.2867 45.4848 0
      vertex 27.2739 57.5095 0
      vertex 27.3544 57.1925 0
    endloop
  endfacet
  facet normal 0 0 -1
    outer loop
      vertex 27.2398 45.1612 0
      vertex 27.2739 57.5095 0
      vertex 27.2867 45.4848 0
    endloop
  endfacet
  facet normal 0 0 -1
    outer loop
      vertex 0 12 0
      vertex 27.2398 45.1612 0
      vertex 27.2355 44.8342 0
    endloop
  endfacet
  facet normal -0 0 -1
    outer loop
      vertex 27.2398 45.1612 0
      vertex 0 12 0
      vertex 27.2739 57.5095 0
    endloop
  endfacet
  facet normal 0 0 -1
    outer loop
      vertex 125 12 0
      vertex 97.7602 30.8388 0
      vertex 97.7645 31.1658 0
    endloop
  endfacet
  facet normal 0 0 -1
    outer loop
      vertex 97.6456 18.8075 0
      vertex 111 10.2 0
      vertex 97.7261 18.4905 0
    endloop
  endfacet
  facet normal 0 0 -1
    outer loop
      vertex 111 10.2 0
      vertex 97.7133 30.5152 0
      vertex 97.7602 30.8388 0
    endloop
  endfacet
  facet normal 0 0 -1
    outer loop
      vertex 97.5244 19.1112 0
      vertex 111 10.2 0
      vertex 97.6456 18.8075 0
    endloop
  endfacet
  facet normal 0 0 -1
    outer loop
      vertex 111 10.2 0
      vertex 97.6245 30.2004 0
      vertex 97.7133 30.5152 0
    endloop
  endfacet
  facet normal 0 0 -1
    outer loop
      vertex 111 10.2 0
      vertex 97.5244 19.1112 0
      vertex 97.6245 30.2004 0
    endloop
  endfacet
  facet normal 0 0 -1
    outer loop
      vertex 97.5244 19.1112 0
      vertex 97.4955 29.9 0
      vertex 97.6245 30.2004 0
    endloop
  endfacet
  facet normal 0 0 -1
    outer loop
      vertex 97.3646 19.3966 0
      vertex 97.4955 29.9 0
      vertex 97.5244 19.1112 0
    endloop
  endfacet
  facet normal 0 0 -1
    outer loop
      vertex 97.3646 19.3966 0
      vertex 97.3283 29.6189 0
      vertex 97.4955 29.9 0
    endloop
  endfacet
  facet normal 0 0 -1
    outer loop
      vertex 97.169 19.6586 0
      vertex 97.3283 29.6189 0
      vertex 97.3646 19.3966 0
    endloop
  endfacet
  facet normal 0 0 -1
    outer loop
      vertex 97.169 19.6586 0
      vertex 97.1258 29.3621 0
      vertex 97.3283 29.6189 0
    endloop
  endfacet
  facet normal 0 0 -1
    outer loop
      vertex 96.9408 19.8928 0
      vertex 97.1258 29.3621 0
      vertex 97.169 19.6586 0
    endloop
  endfacet
  facet normal 0 0 -1
    outer loop
      vertex 96.9408 19.8928 0
      vertex 96.8916 29.1339 0
      vertex 97.1258 29.3621 0
    endloop
  endfacet
  facet normal 0 0 -1
    outer loop
      vertex 96.684 20.0953 0
      vertex 96.8916 29.1339 0
      vertex 96.9408 19.8928 0
    endloop
  endfacet
  facet normal 0 0 -1
    outer loop
      vertex 96.684 20.0953 0
      vertex 96.6295 28.9383 0
      vertex 96.8916 29.1339 0
    endloop
  endfacet
  facet normal 0 0 -1
    outer loop
      vertex 96.4029 20.2625 0
      vertex 96.6295 28.9383 0
      vertex 96.684 20.0953 0
    endloop
  endfacet
  facet normal 0 0 -1
    outer loop
      vertex 96.4029 20.2625 0
      vertex 96.3442 28.7785 0
      vertex 96.6295 28.9383 0
    endloop
  endfacet
  facet normal 0 0 -1
    outer loop
      vertex 96.1025 20.3916 0
      vertex 96.3442 28.7785 0
      vertex 96.4029 20.2625 0
    endloop
  endfacet
  facet normal 0 0 -1
    outer loop
      vertex 96.1025 20.3916 0
      vertex 96.0405 28.6573 0
      vertex 96.3442 28.7785 0
    endloop
  endfacet
  facet normal 0 0 -1
    outer loop
      vertex 95.7877 20.4803 0
      vertex 96.0405 28.6573 0
      vertex 96.1025 20.3916 0
    endloop
  endfacet
  facet normal 0 0 -1
    outer loop
      vertex 95.7877 20.4803 0
      vertex 95.7235 28.5768 0
      vertex 96.0405 28.6573 0
    endloop
  endfacet
  facet normal 0 0 -1
    outer loop
      vertex 95.7877 20.4803 0
      vertex 95.3988 28.5384 0
      vertex 95.7235 28.5768 0
    endloop
  endfacet
  facet normal 0 0 -1
    outer loop
      vertex 95.7877 20.4803 0
      vertex 95.0718 28.5427 0
      vertex 95.3988 28.5384 0
    endloop
  endfacet
  facet normal 0 0 -1
    outer loop
      vertex 95.7877 20.4803 0
      vertex 94.7482 28.5896 0
      vertex 95.0718 28.5427 0
    endloop
  endfacet
  facet normal 0 0 -1
    outer loop
      vertex 30.2518 34.4104 0
      vertex 94.7482 28.5896 0
      vertex 95.7877 20.4803 0
    endloop
  endfacet
  facet normal 0 0 -1
    outer loop
      vertex 29.2123 42.5197 0
      vertex 30.2518 34.4104 0
      vertex 29.9282 34.4573 0
    endloop
  endfacet
  facet normal 0 0 -1
    outer loop
      vertex 30.2518 34.4104 0
      vertex 29.2123 42.5197 0
      vertex 94.7482 28.5896 0
    endloop
  endfacet
  facet normal 0 0 -1
    outer loop
      vertex 29.6012 34.4616 0
      vertex 29.2123 42.5197 0
      vertex 29.9282 34.4573 0
    endloop
  endfacet
  facet normal 0 0 -1
    outer loop
      vertex 29.2765 34.4232 0
      vertex 29.2123 42.5197 0
      vertex 29.6012 34.4616 0
    endloop
  endfacet
  facet normal 0 0 -1
    outer loop
      vertex 28.9595 34.3427 0
      vertex 29.2123 42.5197 0
      vertex 29.2765 34.4232 0
    endloop
  endfacet
  facet normal 0 0 -1
    outer loop
      vertex 28.9595 34.3427 0
      vertex 28.8975 42.6084 0
      vertex 29.2123 42.5197 0
    endloop
  endfacet
  facet normal 0 0 -1
    outer loop
      vertex 28.6558 34.2215 0
      vertex 28.8975 42.6084 0
      vertex 28.9595 34.3427 0
    endloop
  endfacet
  facet normal 0 0 -1
    outer loop
      vertex 28.6558 34.2215 0
      vertex 28.5971 42.7375 0
      vertex 28.8975 42.6084 0
    endloop
  endfacet
  facet normal 0 0 -1
    outer loop
      vertex 28.3705 34.0617 0
      vertex 28.5971 42.7375 0
      vertex 28.6558 34.2215 0
    endloop
  endfacet
  facet normal 0 0 -1
    outer loop
      vertex 28.3705 34.0617 0
      vertex 28.316 42.9047 0
      vertex 28.5971 42.7375 0
    endloop
  endfacet
  facet normal 0 0 -1
    outer loop
      vertex 28.1084 33.8661 0
      vertex 28.316 42.9047 0
      vertex 28.3705 34.0617 0
    endloop
  endfacet
  facet normal 0 0 -1
    outer loop
      vertex 28.1084 33.8661 0
      vertex 28.0592 43.1072 0
      vertex 28.316 42.9047 0
    endloop
  endfacet
  facet normal 0 0 -1
    outer loop
      vertex 27.8742 33.6379 0
      vertex 28.0592 43.1072 0
      vertex 28.1084 33.8661 0
    endloop
  endfacet
  facet normal 0 0 -1
    outer loop
      vertex 27.8742 33.6379 0
      vertex 27.831 43.3414 0
      vertex 28.0592 43.1072 0
    endloop
  endfacet
  facet normal 0 0 -1
    outer loop
      vertex 27.6717 33.3811 0
      vertex 27.831 43.3414 0
      vertex 27.8742 33.6379 0
    endloop
  endfacet
  facet normal 0 0 -1
    outer loop
      vertex 27.6717 33.3811 0
      vertex 27.6354 43.6034 0
      vertex 27.831 43.3414 0
    endloop
  endfacet
  facet normal 0 0 -1
    outer loop
      vertex 27.5045 33.1 0
      vertex 27.6354 43.6034 0
      vertex 27.6717 33.3811 0
    endloop
  endfacet
  facet normal 0 0 -1
    outer loop
      vertex 27.5045 33.1 0
      vertex 27.4756 43.8888 0
      vertex 27.6354 43.6034 0
    endloop
  endfacet
  facet normal 0 0 -1
    outer loop
      vertex 27.3755 32.7996 0
      vertex 27.4756 43.8888 0
      vertex 27.5045 33.1 0
    endloop
  endfacet
  facet normal 0 0 -1
    outer loop
      vertex 27.3755 32.7996 0
      vertex 27.3544 44.1925 0
      vertex 27.4756 43.8888 0
    endloop
  endfacet
  facet normal 0 0 -1
    outer loop
      vertex 27.2867 32.4848 0
      vertex 27.3544 44.1925 0
      vertex 27.3755 32.7996 0
    endloop
  endfacet
  facet normal 0 0 -1
    outer loop
      vertex 27.2867 32.4848 0
      vertex 27.2739 44.5095 0
      vertex 27.3544 44.1925 0
    endloop
  endfacet
  facet normal 0 0 -1
    outer loop
      vertex 0 12 0
      vertex 27.2867 32.4848 0
      vertex 27.2398 32.1612 0
    endloop
  endfacet
  facet normal 0 0 -1
    outer loop
      vertex 0 12 0
      vertex 27.2398 32.1612 0
      vertex 27.2355 31.8342 0
    endloop
  endfacet
  facet normal -0 0 -1
    outer loop
      vertex 27.2867 32.4848 0
      vertex 0 12 0
      vertex 27.2739 44.5095 0
    endloop
  endfacet
  facet normal 0 0 -1
    outer loop
      vertex 113 0 0
      vertex 103 8 0
      vertex 111 8 0
    endloop
  endfacet
  facet normal 0 0 -1
    outer loop
      vertex 95.7235 15.5768 0
      vertex 103 10.2 0
      vertex 103 8 0
    endloop
  endfacet
  facet normal 0 0 -1
    outer loop
      vertex 103 10.2 0
      vertex 97.7602 17.8388 0
      vertex 97.7645 18.1658 0
    endloop
  endfacet
  facet normal 0 0 -1
    outer loop
      vertex 103 10.2 0
      vertex 97.7133 17.5152 0
      vertex 97.7602 17.8388 0
    endloop
  endfacet
  facet normal 0 0 -1
    outer loop
      vertex 103 10.2 0
      vertex 97.6245 17.2004 0
      vertex 97.7133 17.5152 0
    endloop
  endfacet
  facet normal 0 0 -1
    outer loop
      vertex 103 10.2 0
      vertex 97.4955 16.9 0
      vertex 97.6245 17.2004 0
    endloop
  endfacet
  facet normal 0 0 -1
    outer loop
      vertex 103 10.2 0
      vertex 97.3283 16.6189 0
      vertex 97.4955 16.9 0
    endloop
  endfacet
  facet normal 0 0 -1
    outer loop
      vertex 103 10.2 0
      vertex 97.1258 16.3621 0
      vertex 97.3283 16.6189 0
    endloop
  endfacet
  facet normal 0 0 -1
    outer loop
      vertex 103 10.2 0
      vertex 96.8916 16.1339 0
      vertex 97.1258 16.3621 0
    endloop
  endfacet
  facet normal 0 0 -1
    outer loop
      vertex 103 10.2 0
      vertex 96.6295 15.9383 0
      vertex 96.8916 16.1339 0
    endloop
  endfacet
  facet normal 0 0 -1
    outer loop
      vertex 103 10.2 0
      vertex 96.3442 15.7785 0
      vertex 96.6295 15.9383 0
    endloop
  endfacet
  facet normal 0 0 -1
    outer loop
      vertex 103 10.2 0
      vertex 96.0405 15.6573 0
      vertex 96.3442 15.7785 0
    endloop
  endfacet
  facet normal 0 0 -1
    outer loop
      vertex 103 10.2 0
      vertex 95.7235 15.5768 0
      vertex 96.0405 15.6573 0
    endloop
  endfacet
  facet normal 0 0 -1
    outer loop
      vertex 103 8 0
      vertex 95.3988 15.5384 0
      vertex 95.7235 15.5768 0
    endloop
  endfacet
  facet normal 0 0 -1
    outer loop
      vertex 103 8 0
      vertex 95.0718 15.5427 0
      vertex 95.3988 15.5384 0
    endloop
  endfacet
  facet normal 0 0 -1
    outer loop
      vertex 103 8 0
      vertex 94.7482 15.5896 0
      vertex 95.0718 15.5427 0
    endloop
  endfacet
  facet normal 0 0 -1
    outer loop
      vertex 22 8 0
      vertex 94.7482 15.5896 0
      vertex 103 8 0
    endloop
  endfacet
  facet normal 0 0 -1
    outer loop
      vertex 22 8 0
      vertex 103 8 0
      vertex 113 0 0
    endloop
  endfacet
  facet normal -0 0 -1
    outer loop
      vertex 94.7482 15.5896 0
      vertex 22 8 0
      vertex 29.2123 29.5197 0
    endloop
  endfacet
  facet normal -0 0 -1
    outer loop
      vertex 27.2739 44.5095 0
      vertex 0 12 0
      vertex 27.2355 44.8342 0
    endloop
  endfacet
  facet normal -0 0 -1
    outer loop
      vertex 27.2739 57.5095 0
      vertex 0 12 0
      vertex 27.2355 57.8342 0
    endloop
  endfacet
  facet normal -0 0 -1
    outer loop
      vertex 27.2398 58.1612 0
      vertex 0 12 0
      vertex 27.2355 70.8342 0
    endloop
  endfacet
  facet normal 0 -0 -1
    outer loop
      vertex 8 116 0
      vertex 27.2355 70.8342 0
      vertex 0 12 0
    endloop
  endfacet
  facet normal 0 0 -1
    outer loop
      vertex 27.2739 83.5095 0
      vertex 8 116 0
      vertex 27.2355 83.8342 0
    endloop
  endfacet
  facet normal 0 0 -1
    outer loop
      vertex 27.3664 114.561 0
      vertex 8 116 0
      vertex 27.2193 114.994 0
    endloop
  endfacet
  facet normal 0 0 -1
    outer loop
      vertex 27.2193 114.994 0
      vertex 8 116 0
      vertex 27.1299 115.443 0
    endloop
  endfacet
  facet normal -0 0 -1
    outer loop
      vertex 27.3544 31.1925 0
      vertex 14 10.2 0
      vertex 27.2739 31.5095 0
    endloop
  endfacet
  facet normal -0 0 -1
    outer loop
      vertex 27.4756 30.8888 0
      vertex 14 10.2 0
      vertex 27.3544 31.1925 0
    endloop
  endfacet
  facet normal -0 0 -1
    outer loop
      vertex 27.6354 30.6034 0
      vertex 14 10.2 0
      vertex 27.4756 30.8888 0
    endloop
  endfacet
  facet normal -0 0 -1
    outer loop
      vertex 27.831 30.3414 0
      vertex 14 10.2 0
      vertex 27.6354 30.6034 0
    endloop
  endfacet
  facet normal 0 0 -1
    outer loop
      vertex 14 10.2 0
      vertex 27.831 30.3414 0
      vertex 22 10.2 0
    endloop
  endfacet
  facet normal -0 0 -1
    outer loop
      vertex 28.0592 30.1072 0
      vertex 22 10.2 0
      vertex 27.831 30.3414 0
    endloop
  endfacet
  facet normal -0 0 -1
    outer loop
      vertex 28.316 29.9047 0
      vertex 22 10.2 0
      vertex 28.0592 30.1072 0
    endloop
  endfacet
  facet normal -0 0 -1
    outer loop
      vertex 28.5971 29.7375 0
      vertex 22 10.2 0
      vertex 28.316 29.9047 0
    endloop
  endfacet
  facet normal -0 0 -1
    outer loop
      vertex 28.8975 29.6084 0
      vertex 22 10.2 0
      vertex 28.5971 29.7375 0
    endloop
  endfacet
  facet normal -0 0 -1
    outer loop
      vertex 29.2123 29.5197 0
      vertex 22 10.2 0
      vertex 28.8975 29.6084 0
    endloop
  endfacet
  facet normal 0 0 -1
    outer loop
      vertex 22 10.2 0
      vertex 29.2123 29.5197 0
      vertex 22 8 0
    endloop
  endfacet
  facet normal 0 0 -1
    outer loop
      vertex 12 0 0
      vertex 22 8 0
      vertex 113 0 0
    endloop
  endfacet
  facet normal 0 0 -1
    outer loop
      vertex 0 12 0
      vertex 14 8 0
      vertex 12 0 0
    endloop
  endfacet
  facet normal -0 0 -1
    outer loop
      vertex 22 8 0
      vertex 12 0 0
      vertex 14 8 0
    endloop
  endfacet
  facet normal 0 0 -1
    outer loop
      vertex 125 12 0
      vertex 117.6 111 0
      vertex 125 153 0
    endloop
  endfacet
  facet normal 0 0 -1
    outer loop
      vertex 111 8 0
      vertex 125 12 0
      vertex 113 0 0
    endloop
  endfacet
  facet normal 0 0 -1
    outer loop
      vertex 125 12 0
      vertex 111 8 0
      vertex 111 10.2 0
    endloop
  endfacet
  facet normal 0 0 -1
    outer loop
      vertex 97.7602 30.8388 0
      vertex 125 12 0
      vertex 111 10.2 0
    endloop
  endfacet
  facet normal 0 0 -1
    outer loop
      vertex 97.7645 18.1658 0
      vertex 111 10.2 0
      vertex 103 10.2 0
    endloop
  endfacet
  facet normal 0 0 -1
    outer loop
      vertex 97.7261 18.4905 0
      vertex 111 10.2 0
      vertex 97.7645 18.1658 0
    endloop
  endfacet
  facet normal 0 0 -1
    outer loop
      vertex 97.7261 31.4905 0
      vertex 125 12 0
      vertex 97.7645 31.1658 0
    endloop
  endfacet
  facet normal 0 0 -1
    outer loop
      vertex 97.7261 44.4905 0
      vertex 125 12 0
      vertex 97.7645 44.1658 0
    endloop
  endfacet
  facet normal 0 0 -1
    outer loop
      vertex 97.7602 69.8388 0
      vertex 125 12 0
      vertex 97.7645 57.1658 0
    endloop
  endfacet
  facet normal 0 0 -1
    outer loop
      vertex 97.7602 69.8388 0
      vertex 117.6 111 0
      vertex 125 12 0
    endloop
  endfacet
  facet normal 0 0 -1
    outer loop
      vertex 97.7261 70.4905 0
      vertex 117.6 111 0
      vertex 97.7645 70.1658 0
    endloop
  endfacet
  facet normal 0 0 -1
    outer loop
      vertex 97.7261 83.4905 0
      vertex 117.6 111 0
      vertex 97.7645 83.1658 0
    endloop
  endfacet
  facet normal 0 0 -1
    outer loop
      vertex 97.6456 83.8075 0
      vertex 117.6 111 0
      vertex 97.7261 83.4905 0
    endloop
  endfacet
  facet normal 0 0 -1
    outer loop
      vertex 97.5244 84.1112 0
      vertex 117.6 111 0
      vertex 97.6456 83.8075 0
    endloop
  endfacet
  facet normal 0 0 -1
    outer loop
      vertex 97.3646 84.3966 0
      vertex 117.6 111 0
      vertex 97.5244 84.1112 0
    endloop
  endfacet
  facet normal 0 0 -1
    outer loop
      vertex 97.169 84.6586 0
      vertex 117.6 111 0
      vertex 97.3646 84.3966 0
    endloop
  endfacet
  facet normal 0 0 -1
    outer loop
      vertex 96.9408 84.8928 0
      vertex 117.6 111 0
      vertex 97.169 84.6586 0
    endloop
  endfacet
  facet normal 0 0 -1
    outer loop
      vertex 96.684 85.0953 0
      vertex 117.6 111 0
      vertex 96.9408 84.8928 0
    endloop
  endfacet
  facet normal 0 0 -1
    outer loop
      vertex 96.4029 85.2625 0
      vertex 117.6 111 0
      vertex 96.684 85.0953 0
    endloop
  endfacet
  facet normal 0 0 -1
    outer loop
      vertex 91.7701 110.443 0
      vertex 96.4029 85.2625 0
      vertex 96.1025 85.3916 0
    endloop
  endfacet
  facet normal 0 0 -1
    outer loop
      vertex 90.7749 108.425 0
      vertex 96.1025 85.3916 0
      vertex 95.7877 85.4803 0
    endloop
  endfacet
  facet normal 0 0 -1
    outer loop
      vertex 91.7701 110.443 0
      vertex 117.6 111 0
      vertex 96.4029 85.2625 0
    endloop
  endfacet
  facet normal -0 0 -1
    outer loop
      vertex 117.6 111 0
      vertex 91.8 110.9 0
      vertex 91.7934 111 0
    endloop
  endfacet
  facet normal 0 0 -1
    outer loop
      vertex 117.6 153.6 0
      vertex 125 153 0
      vertex 117.6 111 0
    endloop
  endfacet
  facet normal 0 0 -1
    outer loop
      vertex 117.6 153.6 0
      vertex 113 165 0
      vertex 125 153 0
    endloop
  endfacet
  facet normal 0 0 -1
    outer loop
      vertex 111 157 0
      vertex 117.6 153.6 0
      vertex 111 154.8 0
    endloop
  endfacet
  facet normal 0 0 -1
    outer loop
      vertex 117.6 153.6 0
      vertex 103 154.8 0
      vertex 111 154.8 0
    endloop
  endfacet
  facet normal -0 0 -1
    outer loop
      vertex 103 154.8 0
      vertex 59 153.6 0
      vertex 103 157 0
    endloop
  endfacet
  facet normal 0 0 -1
    outer loop
      vertex 59 153.6 0
      vertex 103 154.8 0
      vertex 117.6 153.6 0
    endloop
  endfacet
  facet normal 0 0 -1
    outer loop
      vertex 117.6 153.6 0
      vertex 111 157 0
      vertex 113 165 0
    endloop
  endfacet
  facet normal 0 0 -1
    outer loop
      vertex 103 157 0
      vertex 113 165 0
      vertex 111 157 0
    endloop
  endfacet
  facet normal 0 0 -1
    outer loop
      vertex 59 153.6 0
      vertex 113 165 0
      vertex 103 157 0
    endloop
  endfacet
  facet normal 0 0 -1
    outer loop
      vertex 59 111 0
      vertex 53.2 148.3 0
      vertex 59 153.6 0
    endloop
  endfacet
  facet normal 0 0 -1
    outer loop
      vertex 22 157 0
      vertex 53.2 148.3 0
      vertex 22 154.8 0
    endloop
  endfacet
  facet normal 0 0 -1
    outer loop
      vertex 53.2 148.3 0
      vertex 22 157 0
      vertex 59 153.6 0
    endloop
  endfacet
  facet normal 0 0 -1
    outer loop
      vertex 12 165 0
      vertex 59 153.6 0
      vertex 22 157 0
    endloop
  endfacet
  facet normal 0 0 -1
    outer loop
      vertex 12 165 0
      vertex 22 157 0
      vertex 14 157 0
    endloop
  endfacet
  facet normal 0 0 -1
    outer loop
      vertex 59 153.6 0
      vertex 12 165 0
      vertex 113 165 0
    endloop
  endfacet
  facet normal -0 0 -1
    outer loop
      vertex 84.8066 111 0
      vertex 84.8 110.9 0
      vertex 59 111 0
    endloop
  endfacet
  facet normal -0 0 -1
    outer loop
      vertex 53.2 116 0
      vertex 34.1 115.9 0
      vertex 34.0934 116 0
    endloop
  endfacet
  facet normal 0 0 -1
    outer loop
      vertex 0 12 0
      vertex 27.2739 31.5095 0
      vertex 14 10.2 0
    endloop
  endfacet
  facet normal -0 0 -1
    outer loop
      vertex 27.2739 31.5095 0
      vertex 0 12 0
      vertex 27.2355 31.8342 0
    endloop
  endfacet
  facet normal 0 0 -1
    outer loop
      vertex 27.1299 115.443 0
      vertex 8 116 0
      vertex 27.1 115.9 0
    endloop
  endfacet
  facet normal 0 0 -1
    outer loop
      vertex 14 8 0
      vertex 0 12 0
      vertex 14 10.2 0
    endloop
  endfacet
  facet normal 0 0 -1
    outer loop
      vertex 27.2739 96.5095 0
      vertex 8 116 0
      vertex 27.2355 96.8342 0
    endloop
  endfacet
  facet normal 0 0 -1
    outer loop
      vertex 0 153 0
      vertex 8 116 0
      vertex 0 12 0
    endloop
  endfacet
  facet normal 0 0 -1
    outer loop
      vertex 27.1 115.9 0
      vertex 8 116 0
      vertex 27.1066 116 0
    endloop
  endfacet
  facet normal -0.707107 -0.707107 0
    outer loop
      vertex 12 0 0
      vertex 0 12 4
      vertex 0 12 0
    endloop
  endfacet
  facet normal -0.707107 -0.707107 0
    outer loop
      vertex 0 12 4
      vertex 12 0 0
      vertex 12 0 4
    endloop
  endfacet
  facet normal -1 0 0
    outer loop
      vertex 53.2 116 0
      vertex 53.2 148.3 4
      vertex 53.2 148.3 0
    endloop
  endfacet
  facet normal -1 -0 0
    outer loop
      vertex 53.2 148.3 4
      vertex 53.2 116 0
      vertex 53.2 116 4
    endloop
  endfacet
  facet normal 1 -0 0
    outer loop
      vertex 8 116 4
      vertex 8 148.3 0
      vertex 8 148.3 4
    endloop
  endfacet
  facet normal 1 0 0
    outer loop
      vertex 8 148.3 0
      vertex 8 116 4
      vertex 8 116 0
    endloop
  endfacet
  facet normal 0 -1 0
    outer loop
      vertex 8 148.3 0
      vertex 53.2 148.3 4
      vertex 8 148.3 4
    endloop
  endfacet
  facet normal 0 -1 -0
    outer loop
      vertex 53.2 148.3 4
      vertex 8 148.3 0
      vertex 53.2 148.3 0
    endloop
  endfacet
  facet normal 0 1 -0
    outer loop
      vertex 27.1066 116 0
      vertex 8 116 4
      vertex 27.1066 116 4
    endloop
  endfacet
  facet normal 0 1 0
    outer loop
      vertex 8 116 4
      vertex 27.1066 116 0
      vertex 8 116 0
    endloop
  endfacet
  facet normal 0 1 -0
    outer loop
      vertex 53.2 116 0
      vertex 34.0934 116 4
      vertex 53.2 116 4
    endloop
  endfacet
  facet normal 0 1 0
    outer loop
      vertex 34.0934 116 4
      vertex 53.2 116 0
      vertex 34.0934 116 0
    endloop
  endfacet
  facet normal -1 0 0
    outer loop
      vertex 117.6 111 0
      vertex 117.6 153.6 4
      vertex 117.6 153.6 0
    endloop
  endfacet
  facet normal -1 -0 0
    outer loop
      vertex 117.6 153.6 4
      vertex 117.6 111 0
      vertex 117.6 111 4
    endloop
  endfacet
  facet normal 1 -0 0
    outer loop
      vertex 59 111 4
      vertex 59 153.6 0
      vertex 59 153.6 4
    endloop
  endfacet
  facet normal 1 0 0
    outer loop
      vertex 59 153.6 0
      vertex 59 111 4
      vertex 59 111 0
    endloop
  endfacet
  facet normal 0 -1 0
    outer loop
      vertex 59 153.6 0
      vertex 117.6 153.6 4
      vertex 59 153.6 4
    endloop
  endfacet
  facet normal 0 -1 -0
    outer loop
      vertex 117.6 153.6 4
      vertex 59 153.6 0
      vertex 117.6 153.6 0
    endloop
  endfacet
  facet normal 0 1 -0
    outer loop
      vertex 84.8066 111 0
      vertex 59 111 4
      vertex 84.8066 111 4
    endloop
  endfacet
  facet normal 0 1 0
    outer loop
      vertex 59 111 4
      vertex 84.8066 111 0
      vertex 59 111 0
    endloop
  endfacet
  facet normal 0 1 -0
    outer loop
      vertex 117.6 111 0
      vertex 91.7934 111 4
      vertex 117.6 111 4
    endloop
  endfacet
  facet normal 0 1 0
    outer loop
      vertex 91.7934 111 4
      vertex 117.6 111 0
      vertex 91.7934 111 0
    endloop
  endfacet
  facet normal -0.443192 0.896427 0
    outer loop
      vertex 32.35 112.869 0
      vertex 31.9394 112.666 4
      vertex 32.35 112.869 4
    endloop
  endfacet
  facet normal -0.443192 0.896427 0
    outer loop
      vertex 31.9394 112.666 4
      vertex 32.35 112.869 0
      vertex 31.9394 112.666 0
    endloop
  endfacet
  facet normal -0.997829 -0.0658567 0
    outer loop
      vertex 34.1 115.9 0
      vertex 34.0934 116 4
      vertex 34.0934 116 0
    endloop
  endfacet
  facet normal -0.997829 -0.0658567 0
    outer loop
      vertex 34.0934 116 4
      vertex 34.1 115.9 0
      vertex 34.1 115.9 4
    endloop
  endfacet
  facet normal -0.997867 0.0652871 0
    outer loop
      vertex 34.0701 115.443 0
      vertex 34.1 115.9 4
      vertex 34.1 115.9 0
    endloop
  endfacet
  facet normal -0.997867 0.0652871 0
    outer loop
      vertex 34.1 115.9 4
      vertex 34.0701 115.443 0
      vertex 34.0701 115.443 4
    endloop
  endfacet
  facet normal -0.555003 0.831849 0
    outer loop
      vertex 32.7307 113.123 0
      vertex 32.35 112.869 4
      vertex 32.7307 113.123 4
    endloop
  endfacet
  facet normal -0.555003 0.831849 0
    outer loop
      vertex 32.35 112.869 4
      vertex 32.7307 113.123 0
      vertex 32.35 112.869 0
    endloop
  endfacet
  facet normal -0.321139 0.947032 0
    outer loop
      vertex 31.9394 112.666 0
      vertex 31.5059 112.519 4
      vertex 31.9394 112.666 4
    endloop
  endfacet
  facet normal -0.321139 0.947032 0
    outer loop
      vertex 31.5059 112.519 4
      vertex 31.9394 112.666 0
      vertex 31.5059 112.519 0
    endloop
  endfacet
  facet normal -0.980748 0.195276 0
    outer loop
      vertex 33.9807 114.994 0
      vertex 34.0701 115.443 4
      vertex 34.0701 115.443 0
    endloop
  endfacet
  facet normal -0.980748 0.195276 0
    outer loop
      vertex 34.0701 115.443 4
      vertex 33.9807 114.994 0
      vertex 33.9807 114.994 4
    endloop
  endfacet
  facet normal 0.194394 0.980924 -0
    outer loop
      vertex 30.1432 112.43 0
      vertex 29.6941 112.519 4
      vertex 30.1432 112.43 4
    endloop
  endfacet
  facet normal 0.194394 0.980924 0
    outer loop
      vertex 29.6941 112.519 4
      vertex 30.1432 112.43 0
      vertex 29.6941 112.519 0
    endloop
  endfacet
  facet normal -0.946853 0.321668 0
    outer loop
      vertex 33.8336 114.561 0
      vertex 33.9807 114.994 4
      vertex 33.9807 114.994 0
    endloop
  endfacet
  facet normal -0.946853 0.321668 0
    outer loop
      vertex 33.9807 114.994 4
      vertex 33.8336 114.561 0
      vertex 33.8336 114.561 4
    endloop
  endfacet
  facet normal 0.897031 0.441968 0
    outer loop
      vertex 27.5689 114.15 4
      vertex 27.3664 114.561 0
      vertex 27.3664 114.561 4
    endloop
  endfacet
  facet normal 0.897031 0.441968 0
    outer loop
      vertex 27.3664 114.561 0
      vertex 27.5689 114.15 4
      vertex 27.5689 114.15 0
    endloop
  endfacet
  facet normal 0.0655331 0.99785 -0
    outer loop
      vertex 30.6 112.4 0
      vertex 30.1432 112.43 4
      vertex 30.6 112.4 4
    endloop
  endfacet
  facet normal 0.0655331 0.99785 0
    outer loop
      vertex 30.1432 112.43 4
      vertex 30.6 112.4 0
      vertex 30.1432 112.43 0
    endloop
  endfacet
  facet normal 0.997829 -0.0658567 0
    outer loop
      vertex 27.1 115.9 4
      vertex 27.1066 116 0
      vertex 27.1066 116 4
    endloop
  endfacet
  facet normal 0.997829 -0.0658567 0
    outer loop
      vertex 27.1066 116 0
      vertex 27.1 115.9 4
      vertex 27.1 115.9 0
    endloop
  endfacet
  facet normal 0.659524 0.751683 -0
    outer loop
      vertex 28.4693 113.123 0
      vertex 28.1251 113.425 4
      vertex 28.4693 113.123 4
    endloop
  endfacet
  facet normal 0.659524 0.751683 0
    outer loop
      vertex 28.1251 113.425 4
      vertex 28.4693 113.123 0
      vertex 28.1251 113.425 0
    endloop
  endfacet
  facet normal -0.831647 0.555305 0
    outer loop
      vertex 33.3767 113.769 0
      vertex 33.6311 114.15 4
      vertex 33.6311 114.15 0
    endloop
  endfacet
  facet normal -0.831647 0.555305 0
    outer loop
      vertex 33.6311 114.15 4
      vertex 33.3767 113.769 0
      vertex 33.3767 113.769 4
    endloop
  endfacet
  facet normal 0.997867 0.0652871 0
    outer loop
      vertex 27.1299 115.443 4
      vertex 27.1 115.9 0
      vertex 27.1 115.9 4
    endloop
  endfacet
  facet normal 0.997867 0.0652871 0
    outer loop
      vertex 27.1 115.9 0
      vertex 27.1299 115.443 4
      vertex 27.1299 115.443 0
    endloop
  endfacet
  facet normal -0.194394 0.980924 0
    outer loop
      vertex 31.5059 112.519 0
      vertex 31.0568 112.43 4
      vertex 31.5059 112.519 4
    endloop
  endfacet
  facet normal -0.194394 0.980924 0
    outer loop
      vertex 31.0568 112.43 4
      vertex 31.5059 112.519 0
      vertex 31.0568 112.43 0
    endloop
  endfacet
  facet normal 0.831647 0.555305 0
    outer loop
      vertex 27.8233 113.769 4
      vertex 27.5689 114.15 0
      vertex 27.5689 114.15 4
    endloop
  endfacet
  facet normal 0.831647 0.555305 0
    outer loop
      vertex 27.5689 114.15 0
      vertex 27.8233 113.769 4
      vertex 27.8233 113.769 0
    endloop
  endfacet
  facet normal -0.0655331 0.99785 0
    outer loop
      vertex 31.0568 112.43 0
      vertex 30.6 112.4 4
      vertex 31.0568 112.43 4
    endloop
  endfacet
  facet normal -0.0655331 0.99785 0
    outer loop
      vertex 30.6 112.4 4
      vertex 31.0568 112.43 0
      vertex 30.6 112.4 0
    endloop
  endfacet
  facet normal 0.980748 0.195276 0
    outer loop
      vertex 27.2193 114.994 4
      vertex 27.1299 115.443 0
      vertex 27.1299 115.443 4
    endloop
  endfacet
  facet normal 0.980748 0.195276 0
    outer loop
      vertex 27.1299 115.443 0
      vertex 27.2193 114.994 4
      vertex 27.2193 114.994 0
    endloop
  endfacet
  facet normal 0.443192 0.896427 -0
    outer loop
      vertex 29.2606 112.666 0
      vertex 28.85 112.869 4
      vertex 29.2606 112.666 4
    endloop
  endfacet
  facet normal 0.443192 0.896427 0
    outer loop
      vertex 28.85 112.869 4
      vertex 29.2606 112.666 0
      vertex 28.85 112.869 0
    endloop
  endfacet
  facet normal 0.321139 0.947032 -0
    outer loop
      vertex 29.6941 112.519 0
      vertex 29.2606 112.666 4
      vertex 29.6941 112.519 4
    endloop
  endfacet
  facet normal 0.321139 0.947032 0
    outer loop
      vertex 29.2606 112.666 4
      vertex 29.6941 112.519 0
      vertex 29.2606 112.666 0
    endloop
  endfacet
  facet normal 0.946853 0.321668 0
    outer loop
      vertex 27.3664 114.561 4
      vertex 27.2193 114.994 0
      vertex 27.2193 114.994 4
    endloop
  endfacet
  facet normal 0.946853 0.321668 0
    outer loop
      vertex 27.2193 114.994 0
      vertex 27.3664 114.561 4
      vertex 27.3664 114.561 0
    endloop
  endfacet
  facet normal -0.75171 0.659494 0
    outer loop
      vertex 33.0749 113.425 0
      vertex 33.3767 113.769 4
      vertex 33.3767 113.769 0
    endloop
  endfacet
  facet normal -0.75171 0.659494 0
    outer loop
      vertex 33.3767 113.769 4
      vertex 33.0749 113.425 0
      vertex 33.0749 113.425 4
    endloop
  endfacet
  facet normal -0.897031 0.441968 0
    outer loop
      vertex 33.6311 114.15 0
      vertex 33.8336 114.561 4
      vertex 33.8336 114.561 0
    endloop
  endfacet
  facet normal -0.897031 0.441968 0
    outer loop
      vertex 33.8336 114.561 4
      vertex 33.6311 114.15 0
      vertex 33.6311 114.15 4
    endloop
  endfacet
  facet normal 0.75171 0.659494 0
    outer loop
      vertex 28.1251 113.425 4
      vertex 27.8233 113.769 0
      vertex 27.8233 113.769 4
    endloop
  endfacet
  facet normal 0.75171 0.659494 0
    outer loop
      vertex 27.8233 113.769 0
      vertex 28.1251 113.425 4
      vertex 28.1251 113.425 0
    endloop
  endfacet
  facet normal 0.555003 0.831849 -0
    outer loop
      vertex 28.85 112.869 0
      vertex 28.4693 113.123 4
      vertex 28.85 112.869 4
    endloop
  endfacet
  facet normal 0.555003 0.831849 0
    outer loop
      vertex 28.4693 113.123 4
      vertex 28.85 112.869 0
      vertex 28.4693 113.123 0
    endloop
  endfacet
  facet normal -0.659524 0.751683 0
    outer loop
      vertex 33.0749 113.425 0
      vertex 32.7307 113.123 4
      vertex 33.0749 113.425 4
    endloop
  endfacet
  facet normal -0.659524 0.751683 0
    outer loop
      vertex 32.7307 113.123 4
      vertex 33.0749 113.425 0
      vertex 32.7307 113.123 0
    endloop
  endfacet
  facet normal -0.555003 0.831849 0
    outer loop
      vertex 90.4307 108.123 0
      vertex 90.05 107.869 4
      vertex 90.4307 108.123 4
    endloop
  endfacet
  facet normal -0.555003 0.831849 0
    outer loop
      vertex 90.05 107.869 4
      vertex 90.4307 108.123 0
      vertex 90.05 107.869 0
    endloop
  endfacet
  facet normal -0.194394 0.980924 0
    outer loop
      vertex 89.2059 107.519 0
      vertex 88.7568 107.43 4
      vertex 89.2059 107.519 4
    endloop
  endfacet
  facet normal -0.194394 0.980924 0
    outer loop
      vertex 88.7568 107.43 4
      vertex 89.2059 107.519 0
      vertex 88.7568 107.43 0
    endloop
  endfacet
  facet normal 0.555003 0.831849 -0
    outer loop
      vertex 86.55 107.869 0
      vertex 86.1693 108.123 4
      vertex 86.55 107.869 4
    endloop
  endfacet
  facet normal 0.555003 0.831849 0
    outer loop
      vertex 86.1693 108.123 4
      vertex 86.55 107.869 0
      vertex 86.1693 108.123 0
    endloop
  endfacet
  facet normal 0.0655331 0.99785 -0
    outer loop
      vertex 88.3 107.4 0
      vertex 87.8432 107.43 4
      vertex 88.3 107.4 4
    endloop
  endfacet
  facet normal 0.0655331 0.99785 0
    outer loop
      vertex 87.8432 107.43 4
      vertex 88.3 107.4 0
      vertex 87.8432 107.43 0
    endloop
  endfacet
  facet normal -0.659524 0.751683 0
    outer loop
      vertex 90.7749 108.425 0
      vertex 90.4307 108.123 4
      vertex 90.7749 108.425 4
    endloop
  endfacet
  facet normal -0.659524 0.751683 0
    outer loop
      vertex 90.4307 108.123 4
      vertex 90.7749 108.425 0
      vertex 90.4307 108.123 0
    endloop
  endfacet
  facet normal 0.659524 0.751683 -0
    outer loop
      vertex 86.1693 108.123 0
      vertex 85.8251 108.425 4
      vertex 86.1693 108.123 4
    endloop
  endfacet
  facet normal 0.659524 0.751683 0
    outer loop
      vertex 85.8251 108.425 4
      vertex 86.1693 108.123 0
      vertex 85.8251 108.425 0
    endloop
  endfacet
  facet normal -0.897031 0.441968 0
    outer loop
      vertex 91.3311 109.15 0
      vertex 91.5336 109.561 4
      vertex 91.5336 109.561 0
    endloop
  endfacet
  facet normal -0.897031 0.441968 0
    outer loop
      vertex 91.5336 109.561 4
      vertex 91.3311 109.15 0
      vertex 91.3311 109.15 4
    endloop
  endfacet
  facet normal 0.831647 0.555305 0
    outer loop
      vertex 85.5233 108.769 4
      vertex 85.2689 109.15 0
      vertex 85.2689 109.15 4
    endloop
  endfacet
  facet normal 0.831647 0.555305 0
    outer loop
      vertex 85.2689 109.15 0
      vertex 85.5233 108.769 4
      vertex 85.5233 108.769 0
    endloop
  endfacet
  facet normal 0.897031 0.441968 0
    outer loop
      vertex 85.2689 109.15 4
      vertex 85.0664 109.561 0
      vertex 85.0664 109.561 4
    endloop
  endfacet
  facet normal 0.897031 0.441968 0
    outer loop
      vertex 85.0664 109.561 0
      vertex 85.2689 109.15 4
      vertex 85.2689 109.15 0
    endloop
  endfacet
  facet normal 0.997829 -0.0658567 0
    outer loop
      vertex 84.8 110.9 4
      vertex 84.8066 111 0
      vertex 84.8066 111 4
    endloop
  endfacet
  facet normal 0.997829 -0.0658567 0
    outer loop
      vertex 84.8066 111 0
      vertex 84.8 110.9 4
      vertex 84.8 110.9 0
    endloop
  endfacet
  facet normal -0.831647 0.555305 0
    outer loop
      vertex 91.0767 108.769 0
      vertex 91.3311 109.15 4
      vertex 91.3311 109.15 0
    endloop
  endfacet
  facet normal -0.831647 0.555305 0
    outer loop
      vertex 91.3311 109.15 4
      vertex 91.0767 108.769 0
      vertex 91.0767 108.769 4
    endloop
  endfacet
  facet normal 0.946853 0.321668 0
    outer loop
      vertex 85.0664 109.561 4
      vertex 84.9193 109.994 0
      vertex 84.9193 109.994 4
    endloop
  endfacet
  facet normal 0.946853 0.321668 0
    outer loop
      vertex 84.9193 109.994 0
      vertex 85.0664 109.561 4
      vertex 85.0664 109.561 0
    endloop
  endfacet
  facet normal -0.997829 -0.0658567 0
    outer loop
      vertex 91.8 110.9 0
      vertex 91.7934 111 4
      vertex 91.7934 111 0
    endloop
  endfacet
  facet normal -0.997829 -0.0658567 0
    outer loop
      vertex 91.7934 111 4
      vertex 91.8 110.9 0
      vertex 91.8 110.9 4
    endloop
  endfacet
  facet normal -0.443192 0.896427 0
    outer loop
      vertex 90.05 107.869 0
      vertex 89.6394 107.666 4
      vertex 90.05 107.869 4
    endloop
  endfacet
  facet normal -0.443192 0.896427 0
    outer loop
      vertex 89.6394 107.666 4
      vertex 90.05 107.869 0
      vertex 89.6394 107.666 0
    endloop
  endfacet
  facet normal -0.997867 0.0652871 0
    outer loop
      vertex 91.7701 110.443 0
      vertex 91.8 110.9 4
      vertex 91.8 110.9 0
    endloop
  endfacet
  facet normal -0.997867 0.0652871 0
    outer loop
      vertex 91.8 110.9 4
      vertex 91.7701 110.443 0
      vertex 91.7701 110.443 4
    endloop
  endfacet
  facet normal -0.980748 0.195276 0
    outer loop
      vertex 91.6807 109.994 0
      vertex 91.7701 110.443 4
      vertex 91.7701 110.443 0
    endloop
  endfacet
  facet normal -0.980748 0.195276 0
    outer loop
      vertex 91.7701 110.443 4
      vertex 91.6807 109.994 0
      vertex 91.6807 109.994 4
    endloop
  endfacet
  facet normal 0.443192 0.896427 -0
    outer loop
      vertex 86.9606 107.666 0
      vertex 86.55 107.869 4
      vertex 86.9606 107.666 4
    endloop
  endfacet
  facet normal 0.443192 0.896427 0
    outer loop
      vertex 86.55 107.869 4
      vertex 86.9606 107.666 0
      vertex 86.55 107.869 0
    endloop
  endfacet
  facet normal -0.0655331 0.99785 0
    outer loop
      vertex 88.7568 107.43 0
      vertex 88.3 107.4 4
      vertex 88.7568 107.43 4
    endloop
  endfacet
  facet normal -0.0655331 0.99785 0
    outer loop
      vertex 88.3 107.4 4
      vertex 88.7568 107.43 0
      vertex 88.3 107.4 0
    endloop
  endfacet
  facet normal 0.321139 0.947032 -0
    outer loop
      vertex 87.3941 107.519 0
      vertex 86.9606 107.666 4
      vertex 87.3941 107.519 4
    endloop
  endfacet
  facet normal 0.321139 0.947032 0
    outer loop
      vertex 86.9606 107.666 4
      vertex 87.3941 107.519 0
      vertex 86.9606 107.666 0
    endloop
  endfacet
  facet normal -0.75171 0.659494 0
    outer loop
      vertex 90.7749 108.425 0
      vertex 91.0767 108.769 4
      vertex 91.0767 108.769 0
    endloop
  endfacet
  facet normal -0.75171 0.659494 0
    outer loop
      vertex 91.0767 108.769 4
      vertex 90.7749 108.425 0
      vertex 90.7749 108.425 4
    endloop
  endfacet
  facet normal -0.321139 0.947032 0
    outer loop
      vertex 89.6394 107.666 0
      vertex 89.2059 107.519 4
      vertex 89.6394 107.666 4
    endloop
  endfacet
  facet normal -0.321139 0.947032 0
    outer loop
      vertex 89.2059 107.519 4
      vertex 89.6394 107.666 0
      vertex 89.2059 107.519 0
    endloop
  endfacet
  facet normal -0.946853 0.321668 0
    outer loop
      vertex 91.5336 109.561 0
      vertex 91.6807 109.994 4
      vertex 91.6807 109.994 0
    endloop
  endfacet
  facet normal -0.946853 0.321668 0
    outer loop
      vertex 91.6807 109.994 4
      vertex 91.5336 109.561 0
      vertex 91.5336 109.561 4
    endloop
  endfacet
  facet normal 0.75171 0.659494 0
    outer loop
      vertex 85.8251 108.425 4
      vertex 85.5233 108.769 0
      vertex 85.5233 108.769 4
    endloop
  endfacet
  facet normal 0.75171 0.659494 0
    outer loop
      vertex 85.5233 108.769 0
      vertex 85.8251 108.425 4
      vertex 85.8251 108.425 0
    endloop
  endfacet
  facet normal 0.997867 0.0652871 0
    outer loop
      vertex 84.8299 110.443 4
      vertex 84.8 110.9 0
      vertex 84.8 110.9 4
    endloop
  endfacet
  facet normal 0.997867 0.0652871 0
    outer loop
      vertex 84.8 110.9 0
      vertex 84.8299 110.443 4
      vertex 84.8299 110.443 0
    endloop
  endfacet
  facet normal 0.980748 0.195276 0
    outer loop
      vertex 84.9193 109.994 4
      vertex 84.8299 110.443 0
      vertex 84.8299 110.443 4
    endloop
  endfacet
  facet normal 0.980748 0.195276 0
    outer loop
      vertex 84.8299 110.443 0
      vertex 84.9193 109.994 4
      vertex 84.9193 109.994 0
    endloop
  endfacet
  facet normal 0.194394 0.980924 -0
    outer loop
      vertex 87.8432 107.43 0
      vertex 87.3941 107.519 4
      vertex 87.8432 107.43 4
    endloop
  endfacet
  facet normal 0.194394 0.980924 0
    outer loop
      vertex 87.3941 107.519 4
      vertex 87.8432 107.43 0
      vertex 87.3941 107.519 0
    endloop
  endfacet
  facet normal 1 0 0
    outer loop
      vertex 22 10.2 0
      vertex 22 8 0
      vertex 22 10.2 -6
    endloop
  endfacet
  facet normal 1 -0 0
    outer loop
      vertex 22 11.2 -5.8
      vertex 22 11.4 -6
      vertex 22 11.4 -5.8
    endloop
  endfacet
  facet normal 1 0 0
    outer loop
      vertex 22 10.2 -6
      vertex 22 11.4 -6
      vertex 22 11.2 -5.8
    endloop
  endfacet
  facet normal 1 0 0
    outer loop
      vertex 22 11.4 -6
      vertex 22 10.2 -6
      vertex 22 10.4 -8
    endloop
  endfacet
  facet normal 1 0 0
    outer loop
      vertex 22 8 -8
      vertex 22 10.2 -6
      vertex 22 8 0
    endloop
  endfacet
  facet normal 1 0 0
    outer loop
      vertex 22 10.2 -6
      vertex 22 8 -8
      vertex 22 10.4 -8
    endloop
  endfacet
  facet normal 0 0 -1
    outer loop
      vertex 14 8 -8
      vertex 22 10.4 -8
      vertex 22 8 -8
    endloop
  endfacet
  facet normal -0 0 -1
    outer loop
      vertex 22 10.4 -8
      vertex 14 8 -8
      vertex 14 10.4 -8
    endloop
  endfacet
  facet normal -1 0 0
    outer loop
      vertex 14 11.4 -6
      vertex 14 11.2 -5.8
      vertex 14 11.4 -5.8
    endloop
  endfacet
  facet normal -1 0 0
    outer loop
      vertex 14 10.2 -6
      vertex 14 11.4 -6
      vertex 14 10.4 -8
    endloop
  endfacet
  facet normal -1 0 0
    outer loop
      vertex 14 11.4 -6
      vertex 14 10.2 -6
      vertex 14 11.2 -5.8
    endloop
  endfacet
  facet normal -1 0 0
    outer loop
      vertex 14 8 -8
      vertex 14 10.2 -6
      vertex 14 10.4 -8
    endloop
  endfacet
  facet normal -1 0 0
    outer loop
      vertex 14 8 0
      vertex 14 10.2 -6
      vertex 14 8 -8
    endloop
  endfacet
  facet normal -1 0 0
    outer loop
      vertex 14 10.2 -6
      vertex 14 8 0
      vertex 14 10.2 0
    endloop
  endfacet
  facet normal 0 1 -0
    outer loop
      vertex 22 10.2 -6
      vertex 14 10.2 0
      vertex 22 10.2 0
    endloop
  endfacet
  facet normal 0 1 0
    outer loop
      vertex 14 10.2 0
      vertex 22 10.2 -6
      vertex 14 10.2 -6
    endloop
  endfacet
  facet normal 0 -1 0
    outer loop
      vertex 14 8 -8
      vertex 22 8 0
      vertex 14 8 0
    endloop
  endfacet
  facet normal 0 -1 -0
    outer loop
      vertex 22 8 0
      vertex 14 8 -8
      vertex 22 8 -8
    endloop
  endfacet
  facet normal 0 0.894427 -0.447214
    outer loop
      vertex 22 10.4 -8
      vertex 14 11.4 -6
      vertex 22 11.4 -6
    endloop
  endfacet
  facet normal 0 0.894427 -0.447214
    outer loop
      vertex 14 11.4 -6
      vertex 22 10.4 -8
      vertex 14 10.4 -8
    endloop
  endfacet
  facet normal 0 1 -0
    outer loop
      vertex 22 11.4 -6
      vertex 14 11.4 -5.8
      vertex 22 11.4 -5.8
    endloop
  endfacet
  facet normal 0 1 0
    outer loop
      vertex 14 11.4 -5.8
      vertex 22 11.4 -6
      vertex 14 11.4 -6
    endloop
  endfacet
  facet normal 0 -0.196116 0.980581
    outer loop
      vertex 14 11.2 -5.8
      vertex 22 10.2 -6
      vertex 22 11.2 -5.8
    endloop
  endfacet
  facet normal 0 -0.196116 0.980581
    outer loop
      vertex 22 10.2 -6
      vertex 14 11.2 -5.8
      vertex 14 10.2 -6
    endloop
  endfacet
  facet normal -0 0 1
    outer loop
      vertex 14 11.4 -5.8
      vertex 22 11.2 -5.8
      vertex 22 11.4 -5.8
    endloop
  endfacet
  facet normal 0 0 1
    outer loop
      vertex 22 11.2 -5.8
      vertex 14 11.4 -5.8
      vertex 14 11.2 -5.8
    endloop
  endfacet
  facet normal -1 0 0
    outer loop
      vertex 14 157 -8
      vertex 14 154.8 -6
      vertex 14 157 0
    endloop
  endfacet
  facet normal -1 0 0
    outer loop
      vertex 14 154.6 -8
      vertex 14 154.8 -6
      vertex 14 157 -8
    endloop
  endfacet
  facet normal -1 0 0
    outer loop
      vertex 14 153.6 -6
      vertex 14 154.8 -6
      vertex 14 154.6 -8
    endloop
  endfacet
  facet normal -1 0 0
    outer loop
      vertex 14 154.8 -6
      vertex 14 153.6 -6
      vertex 14 153.8 -5.8
    endloop
  endfacet
  facet normal -1 -0 0
    outer loop
      vertex 14 153.8 -5.8
      vertex 14 153.6 -6
      vertex 14 153.6 -5.8
    endloop
  endfacet
  facet normal -1 -0 0
    outer loop
      vertex 14 157 0
      vertex 14 154.8 -6
      vertex 14 154.8 0
    endloop
  endfacet
  facet normal 0 0 -1
    outer loop
      vertex 14 154.6 -8
      vertex 22 157 -8
      vertex 22 154.6 -8
    endloop
  endfacet
  facet normal -0 0 -1
    outer loop
      vertex 22 157 -8
      vertex 14 154.6 -8
      vertex 14 157 -8
    endloop
  endfacet
  facet normal 1 0 0
    outer loop
      vertex 22 154.8 -6
      vertex 22 157 0
      vertex 22 154.8 0
    endloop
  endfacet
  facet normal 1 0 0
    outer loop
      vertex 22 157 0
      vertex 22 154.8 -6
      vertex 22 157 -8
    endloop
  endfacet
  facet normal 1 0 0
    outer loop
      vertex 22 154.8 -6
      vertex 22 154.6 -8
      vertex 22 157 -8
    endloop
  endfacet
  facet normal 1 0 0
    outer loop
      vertex 22 153.6 -6
      vertex 22 154.8 -6
      vertex 22 153.8 -5.8
    endloop
  endfacet
  facet normal 1 0 0
    outer loop
      vertex 22 153.6 -6
      vertex 22 153.8 -5.8
      vertex 22 153.6 -5.8
    endloop
  endfacet
  facet normal 1 0 0
    outer loop
      vertex 22 154.8 -6
      vertex 22 153.6 -6
      vertex 22 154.6 -8
    endloop
  endfacet
  facet normal 0 -1 0
    outer loop
      vertex 14 154.8 -6
      vertex 22 154.8 0
      vertex 14 154.8 0
    endloop
  endfacet
  facet normal 0 -1 -0
    outer loop
      vertex 22 154.8 0
      vertex 14 154.8 -6
      vertex 22 154.8 -6
    endloop
  endfacet
  facet normal 0 1 -0
    outer loop
      vertex 22 157 -8
      vertex 14 157 0
      vertex 22 157 0
    endloop
  endfacet
  facet normal 0 1 0
    outer loop
      vertex 14 157 0
      vertex 22 157 -8
      vertex 14 157 -8
    endloop
  endfacet
  facet normal 0 -0.894427 -0.447214
    outer loop
      vertex 14 154.6 -8
      vertex 22 153.6 -6
      vertex 14 153.6 -6
    endloop
  endfacet
  facet normal 0 -0.894427 -0.447214
    outer loop
      vertex 22 153.6 -6
      vertex 14 154.6 -8
      vertex 22 154.6 -8
    endloop
  endfacet
  facet normal 0 -1 0
    outer loop
      vertex 14 153.6 -6
      vertex 22 153.6 -5.8
      vertex 14 153.6 -5.8
    endloop
  endfacet
  facet normal 0 -1 -0
    outer loop
      vertex 22 153.6 -5.8
      vertex 14 153.6 -6
      vertex 22 153.6 -6
    endloop
  endfacet
  facet normal -0 0.196116 0.980581
    outer loop
      vertex 14 154.8 -6
      vertex 22 153.8 -5.8
      vertex 22 154.8 -6
    endloop
  endfacet
  facet normal 0 0.196116 0.980581
    outer loop
      vertex 22 153.8 -5.8
      vertex 14 154.8 -6
      vertex 14 153.8 -5.8
    endloop
  endfacet
  facet normal -0 0 1
    outer loop
      vertex 14 153.8 -5.8
      vertex 22 153.6 -5.8
      vertex 22 153.8 -5.8
    endloop
  endfacet
  facet normal 0 0 1
    outer loop
      vertex 22 153.6 -5.8
      vertex 14 153.8 -5.8
      vertex 14 153.6 -5.8
    endloop
  endfacet
  facet normal 1 0 0
    outer loop
      vertex 111 10.2 0
      vertex 111 8 0
      vertex 111 10.2 -6
    endloop
  endfacet
  facet normal 1 -0 0
    outer loop
      vertex 111 11.2 -5.8
      vertex 111 11.4 -6
      vertex 111 11.4 -5.8
    endloop
  endfacet
  facet normal 1 0 0
    outer loop
      vertex 111 10.2 -6
      vertex 111 11.4 -6
      vertex 111 11.2 -5.8
    endloop
  endfacet
  facet normal 1 0 0
    outer loop
      vertex 111 11.4 -6
      vertex 111 10.2 -6
      vertex 111 10.4 -8
    endloop
  endfacet
  facet normal 1 0 0
    outer loop
      vertex 111 8 -8
      vertex 111 10.2 -6
      vertex 111 8 0
    endloop
  endfacet
  facet normal 1 0 0
    outer loop
      vertex 111 10.2 -6
      vertex 111 8 -8
      vertex 111 10.4 -8
    endloop
  endfacet
  facet normal 0 0 -1
    outer loop
      vertex 103 8 -8
      vertex 111 10.4 -8
      vertex 111 8 -8
    endloop
  endfacet
  facet normal -0 0 -1
    outer loop
      vertex 111 10.4 -8
      vertex 103 8 -8
      vertex 103 10.4 -8
    endloop
  endfacet
  facet normal -1 0 0
    outer loop
      vertex 103 11.4 -6
      vertex 103 11.2 -5.8
      vertex 103 11.4 -5.8
    endloop
  endfacet
  facet normal -1 0 0
    outer loop
      vertex 103 10.2 -6
      vertex 103 11.4 -6
      vertex 103 10.4 -8
    endloop
  endfacet
  facet normal -1 0 0
    outer loop
      vertex 103 11.4 -6
      vertex 103 10.2 -6
      vertex 103 11.2 -5.8
    endloop
  endfacet
  facet normal -1 0 0
    outer loop
      vertex 103 8 -8
      vertex 103 10.2 -6
      vertex 103 10.4 -8
    endloop
  endfacet
  facet normal -1 0 0
    outer loop
      vertex 103 8 0
      vertex 103 10.2 -6
      vertex 103 8 -8
    endloop
  endfacet
  facet normal -1 0 0
    outer loop
      vertex 103 10.2 -6
      vertex 103 8 0
      vertex 103 10.2 0
    endloop
  endfacet
  facet normal 0 1 -0
    outer loop
      vertex 111 10.2 -6
      vertex 103 10.2 0
      vertex 111 10.2 0
    endloop
  endfacet
  facet normal 0 1 0
    outer loop
      vertex 103 10.2 0
      vertex 111 10.2 -6
      vertex 103 10.2 -6
    endloop
  endfacet
  facet normal 0 -1 0
    outer loop
      vertex 103 8 -8
      vertex 111 8 0
      vertex 103 8 0
    endloop
  endfacet
  facet normal 0 -1 -0
    outer loop
      vertex 111 8 0
      vertex 103 8 -8
      vertex 111 8 -8
    endloop
  endfacet
  facet normal 0 0.894427 -0.447214
    outer loop
      vertex 111 10.4 -8
      vertex 103 11.4 -6
      vertex 111 11.4 -6
    endloop
  endfacet
  facet normal 0 0.894427 -0.447214
    outer loop
      vertex 103 11.4 -6
      vertex 111 10.4 -8
      vertex 103 10.4 -8
    endloop
  endfacet
  facet normal 0 1 -0
    outer loop
      vertex 111 11.4 -6
      vertex 103 11.4 -5.8
      vertex 111 11.4 -5.8
    endloop
  endfacet
  facet normal 0 1 0
    outer loop
      vertex 103 11.4 -5.8
      vertex 111 11.4 -6
      vertex 103 11.4 -6
    endloop
  endfacet
  facet normal 0 -0.196116 0.980581
    outer loop
      vertex 103 11.2 -5.8
      vertex 111 10.2 -6
      vertex 111 11.2 -5.8
    endloop
  endfacet
  facet normal 0 -0.196116 0.980581
    outer loop
      vertex 111 10.2 -6
      vertex 103 11.2 -5.8
      vertex 103 10.2 -6
    endloop
  endfacet
  facet normal -0 0 1
    outer loop
      vertex 103 11.4 -5.8
      vertex 111 11.2 -5.8
      vertex 111 11.4 -5.8
    endloop
  endfacet
  facet normal 0 0 1
    outer loop
      vertex 111 11.2 -5.8
      vertex 103 11.4 -5.8
      vertex 103 11.2 -5.8
    endloop
  endfacet
  facet normal -1 0 0
    outer loop
      vertex 103 157 -8
      vertex 103 154.8 -6
      vertex 103 157 0
    endloop
  endfacet
  facet normal -1 0 0
    outer loop
      vertex 103 154.6 -8
      vertex 103 154.8 -6
      vertex 103 157 -8
    endloop
  endfacet
  facet normal -1 0 0
    outer loop
      vertex 103 153.6 -6
      vertex 103 154.8 -6
      vertex 103 154.6 -8
    endloop
  endfacet
  facet normal -1 0 0
    outer loop
      vertex 103 154.8 -6
      vertex 103 153.6 -6
      vertex 103 153.8 -5.8
    endloop
  endfacet
  facet normal -1 -0 0
    outer loop
      vertex 103 153.8 -5.8
      vertex 103 153.6 -6
      vertex 103 153.6 -5.8
    endloop
  endfacet
  facet normal -1 -0 0
    outer loop
      vertex 103 157 0
      vertex 103 154.8 -6
      vertex 103 154.8 0
    endloop
  endfacet
  facet normal 0 0 -1
    outer loop
      vertex 103 154.6 -8
      vertex 111 157 -8
      vertex 111 154.6 -8
    endloop
  endfacet
  facet normal -0 0 -1
    outer loop
      vertex 111 157 -8
      vertex 103 154.6 -8
      vertex 103 157 -8
    endloop
  endfacet
  facet normal 1 0 0
    outer loop
      vertex 111 154.8 -6
      vertex 111 157 0
      vertex 111 154.8 0
    endloop
  endfacet
  facet normal 1 0 0
    outer loop
      vertex 111 157 0
      vertex 111 154.8 -6
      vertex 111 157 -8
    endloop
  endfacet
  facet normal 1 0 0
    outer loop
      vertex 111 154.8 -6
      vertex 111 154.6 -8
      vertex 111 157 -8
    endloop
  endfacet
  facet normal 1 0 0
    outer loop
      vertex 111 153.6 -6
      vertex 111 154.8 -6
      vertex 111 153.8 -5.8
    endloop
  endfacet
  facet normal 1 0 0
    outer loop
      vertex 111 153.6 -6
      vertex 111 153.8 -5.8
      vertex 111 153.6 -5.8
    endloop
  endfacet
  facet normal 1 0 0
    outer loop
      vertex 111 154.8 -6
      vertex 111 153.6 -6
      vertex 111 154.6 -8
    endloop
  endfacet
  facet normal 0 -1 0
    outer loop
      vertex 103 154.8 -6
      vertex 111 154.8 0
      vertex 103 154.8 0
    endloop
  endfacet
  facet normal 0 -1 -0
    outer loop
      vertex 111 154.8 0
      vertex 103 154.8 -6
      vertex 111 154.8 -6
    endloop
  endfacet
  facet normal 0 1 -0
    outer loop
      vertex 111 157 -8
      vertex 103 157 0
      vertex 111 157 0
    endloop
  endfacet
  facet normal 0 1 0
    outer loop
      vertex 103 157 0
      vertex 111 157 -8
      vertex 103 157 -8
    endloop
  endfacet
  facet normal 0 -0.894427 -0.447214
    outer loop
      vertex 103 154.6 -8
      vertex 111 153.6 -6
      vertex 103 153.6 -6
    endloop
  endfacet
  facet normal 0 -0.894427 -0.447214
    outer loop
      vertex 111 153.6 -6
      vertex 103 154.6 -8
      vertex 111 154.6 -8
    endloop
  endfacet
  facet normal 0 -1 0
    outer loop
      vertex 103 153.6 -6
      vertex 111 153.6 -5.8
      vertex 103 153.6 -5.8
    endloop
  endfacet
  facet normal 0 -1 -0
    outer loop
      vertex 111 153.6 -5.8
      vertex 103 153.6 -6
      vertex 111 153.6 -6
    endloop
  endfacet
  facet normal -0 0.196116 0.980581
    outer loop
      vertex 103 154.8 -6
      vertex 111 153.8 -5.8
      vertex 111 154.8 -6
    endloop
  endfacet
  facet normal 0 0.196116 0.980581
    outer loop
      vertex 111 153.8 -5.8
      vertex 103 154.8 -6
      vertex 103 153.8 -5.8
    endloop
  endfacet
  facet normal -0 0 1
    outer loop
      vertex 103 153.8 -5.8
      vertex 111 153.6 -5.8
      vertex 111 153.8 -5.8
    endloop
  endfacet
  facet normal 0 0 1
    outer loop
      vertex 111 153.6 -5.8
      vertex 103 153.8 -5.8
      vertex 103 153.6 -5.8
    endloop
  endfacet
endsolid OpenSCAD_Model
