solid OpenSCAD_Model
  facet normal 0.831635 -0.555322 0
    outer loop
      vertex 328.347 3.12991 3
      vertex 328.928 4 0
      vertex 328.928 4 3
    endloop
  endfacet
  facet normal 0.831635 -0.555322 0
    outer loop
      vertex 328.928 4 0
      vertex 328.347 3.12991 3
      vertex 328.347 3.12991 0
    endloop
  endfacet
  facet normal 0.831635 -0.555322 0
    outer loop
      vertex 328.347 3.12991 195
      vertex 328.928 4 192
      vertex 328.928 4 195
    endloop
  endfacet
  facet normal 0.831635 -0.555322 0
    outer loop
      vertex 328.928 4 192
      vertex 328.347 3.12991 195
      vertex 328.347 3.12991 192
    endloop
  endfacet
  facet normal 0.98063 -0.19587 0
    outer loop
      vertex 329.727 5.92945 3
      vertex 329.932 6.95579 0
      vertex 329.932 6.95579 3
    endloop
  endfacet
  facet normal 0.98063 -0.19587 0
    outer loop
      vertex 329.932 6.95579 0
      vertex 329.727 5.92945 3
      vertex 329.727 5.92945 0
    endloop
  endfacet
  facet normal 0.98063 -0.19587 0
    outer loop
      vertex 329.727 5.92945 195
      vertex 329.932 6.95579 192
      vertex 329.932 6.95579 195
    endloop
  endfacet
  facet normal 0.98063 -0.19587 0
    outer loop
      vertex 329.932 6.95579 192
      vertex 329.727 5.92945 195
      vertex 329.727 5.92945 192
    endloop
  endfacet
  facet normal 0.946948 0.321388 0
    outer loop
      vertex 329.727 149.071 3
      vertex 329.391 150.061 0
      vertex 329.391 150.061 3
    endloop
  endfacet
  facet normal 0.946948 0.321388 0
    outer loop
      vertex 329.391 150.061 0
      vertex 329.727 149.071 3
      vertex 329.727 149.071 0
    endloop
  endfacet
  facet normal 0.946948 0.321388 0
    outer loop
      vertex 329.727 149.071 195
      vertex 329.391 150.061 192
      vertex 329.391 150.061 195
    endloop
  endfacet
  facet normal 0.946948 0.321388 0
    outer loop
      vertex 329.391 150.061 192
      vertex 329.727 149.071 195
      vertex 329.727 149.071 192
    endloop
  endfacet
  facet normal -0.442418 0.896809 0
    outer loop
      vertex 4.93853 154.391 0
      vertex 4 153.928 195
      vertex 4.93853 154.391 195
    endloop
  endfacet
  facet normal -0.442418 0.896809 0
    outer loop
      vertex 4 153.928 195
      vertex 4.93853 154.391 0
      vertex 4 153.928 0
    endloop
  endfacet
  facet normal -0.997858 0.0654155 0
    outer loop
      vertex 0 147 0
      vertex 0.0684404 148.044 195
      vertex 0.0684404 148.044 0
    endloop
  endfacet
  facet normal -0.997858 0.0654155 0
    outer loop
      vertex 0.0684404 148.044 195
      vertex 0 147 0
      vertex 0 147 195
    endloop
  endfacet
  facet normal 0.896809 -0.442418 0
    outer loop
      vertex 328.928 4 3
      vertex 329.391 4.93853 0
      vertex 329.391 4.93853 3
    endloop
  endfacet
  facet normal 0.896809 -0.442418 0
    outer loop
      vertex 329.391 4.93853 0
      vertex 328.928 4 3
      vertex 328.928 4 0
    endloop
  endfacet
  facet normal 0.896809 -0.442418 0
    outer loop
      vertex 328.928 4 195
      vertex 329.391 4.93853 192
      vertex 329.391 4.93853 195
    endloop
  endfacet
  facet normal 0.896809 -0.442418 0
    outer loop
      vertex 329.391 4.93853 192
      vertex 328.928 4 195
      vertex 328.928 4 192
    endloop
  endfacet
  facet normal 0.751633 -0.659581 0
    outer loop
      vertex 328.347 3.12991 195
      vertex 328.233 3 192
      vertex 328.347 3.12991 192
    endloop
  endfacet
  facet normal 0.751864 -0.659319 0
    outer loop
      vertex 328.233 3 192
      vertex 327.657 2.34315 195
      vertex 328.233 3 3
    endloop
  endfacet
  facet normal 0.751826 -0.659362 -1.67994e-05
    outer loop
      vertex 327.657 2.34315 195
      vertex 328.233 3 192
      vertex 328.347 3.12991 195
    endloop
  endfacet
  facet normal 0.751633 -0.659581 0
    outer loop
      vertex 328.233 3 3
      vertex 328.347 3.12991 0
      vertex 328.347 3.12991 3
    endloop
  endfacet
  facet normal 0.751826 -0.659362 1.67994e-05
    outer loop
      vertex 328.233 3 3
      vertex 327.657 2.34315 0
      vertex 328.347 3.12991 0
    endloop
  endfacet
  facet normal 0.751864 -0.659319 0
    outer loop
      vertex 327.657 2.34315 0
      vertex 328.233 3 3
      vertex 327.657 2.34315 195
    endloop
  endfacet
  facet normal -1 0 0
    outer loop
      vertex 0 8 0
      vertex 0 147 195
      vertex 0 147 0
    endloop
  endfacet
  facet normal -1 -0 0
    outer loop
      vertex 0 147 195
      vertex 0 8 0
      vertex 0 8 195
    endloop
  endfacet
  facet normal 0.980654 0.195749 0
    outer loop
      vertex 329.932 148.044 3
      vertex 329.727 149.071 0
      vertex 329.727 149.071 3
    endloop
  endfacet
  facet normal 0.980654 0.195749 0
    outer loop
      vertex 329.727 149.071 0
      vertex 329.932 148.044 3
      vertex 329.932 148.044 0
    endloop
  endfacet
  facet normal 0.980654 0.195749 0
    outer loop
      vertex 329.932 148.044 195
      vertex 329.727 149.071 192
      vertex 329.727 149.071 195
    endloop
  endfacet
  facet normal 0.980654 0.195749 0
    outer loop
      vertex 329.727 149.071 192
      vertex 329.932 148.044 195
      vertex 329.932 148.044 192
    endloop
  endfacet
  facet normal 0.947038 -0.321121 0
    outer loop
      vertex 329.391 4.93853 195
      vertex 329.727 5.92945 192
      vertex 329.727 5.92945 195
    endloop
  endfacet
  facet normal 0.947038 -0.321121 0
    outer loop
      vertex 329.727 5.92945 192
      vertex 329.391 4.93853 195
      vertex 329.391 4.93853 192
    endloop
  endfacet
  facet normal 0.947038 -0.321121 0
    outer loop
      vertex 329.391 4.93853 3
      vertex 329.727 5.92945 0
      vertex 329.727 5.92945 3
    endloop
  endfacet
  facet normal 0.947038 -0.321121 0
    outer loop
      vertex 329.727 5.92945 0
      vertex 329.391 4.93853 3
      vertex 329.391 4.93853 0
    endloop
  endfacet
  facet normal 0 1 -0
    outer loop
      vertex 322 155 0
      vertex 8 155 195
      vertex 322 155 195
    endloop
  endfacet
  facet normal 0 1 0
    outer loop
      vertex 8 155 195
      vertex 322 155 0
      vertex 8 155 0
    endloop
  endfacet
  facet normal 0.896897 0.44224 0
    outer loop
      vertex 329.391 150.061 3
      vertex 328.928 151 0
      vertex 328.928 151 3
    endloop
  endfacet
  facet normal 0.896897 0.44224 0
    outer loop
      vertex 328.928 151 0
      vertex 329.391 150.061 3
      vertex 329.391 150.061 0
    endloop
  endfacet
  facet normal 0.896897 0.44224 0
    outer loop
      vertex 329.391 150.061 195
      vertex 328.928 151 192
      vertex 328.928 151 195
    endloop
  endfacet
  facet normal 0.896897 0.44224 0
    outer loop
      vertex 328.928 151 192
      vertex 329.391 150.061 195
      vertex 329.391 150.061 192
    endloop
  endfacet
  facet normal 0.44224 0.896897 -0
    outer loop
      vertex 326 153.928 0
      vertex 325.061 154.391 195
      vertex 326 153.928 195
    endloop
  endfacet
  facet normal 0.44224 0.896897 0
    outer loop
      vertex 325.061 154.391 195
      vertex 326 153.928 0
      vertex 325.061 154.391 0
    endloop
  endfacet
  facet normal -0.19587 0.98063 0
    outer loop
      vertex 6.95579 154.932 0
      vertex 5.92945 154.727 195
      vertex 6.95579 154.932 195
    endloop
  endfacet
  facet normal -0.19587 0.98063 0
    outer loop
      vertex 5.92945 154.727 195
      vertex 6.95579 154.932 0
      vertex 5.92945 154.727 0
    endloop
  endfacet
  facet normal -0.555322 0.831635 0
    outer loop
      vertex 4 153.928 0
      vertex 3.12991 153.347 195
      vertex 4 153.928 195
    endloop
  endfacet
  facet normal -0.555322 0.831635 0
    outer loop
      vertex 3.12991 153.347 195
      vertex 4 153.928 0
      vertex 3.12991 153.347 0
    endloop
  endfacet
  facet normal 0.555606 -0.831446 0
    outer loop
      vertex 326 1.0718 0
      vertex 326.87 1.65317 195
      vertex 326 1.0718 195
    endloop
  endfacet
  facet normal 0.555606 -0.831446 0
    outer loop
      vertex 326.87 1.65317 195
      vertex 326 1.0718 0
      vertex 326.87 1.65317 0
    endloop
  endfacet
  facet normal 0.194971 -0.980809 0
    outer loop
      vertex 323.044 0.0684404 0
      vertex 324.071 0.272593 195
      vertex 323.044 0.0684404 195
    endloop
  endfacet
  facet normal 0.194971 -0.980809 0
    outer loop
      vertex 324.071 0.272593 195
      vertex 323.044 0.0684404 0
      vertex 324.071 0.272593 0
    endloop
  endfacet
  facet normal -0.659362 0.751826 0
    outer loop
      vertex 3.12991 153.347 0
      vertex 2.34315 152.657 195
      vertex 3.12991 153.347 195
    endloop
  endfacet
  facet normal -0.659362 0.751826 0
    outer loop
      vertex 2.34315 152.657 195
      vertex 3.12991 153.347 0
      vertex 2.34315 152.657 0
    endloop
  endfacet
  facet normal 0 -1 0
    outer loop
      vertex 8 0 0
      vertex 322 0 195
      vertex 8 0 195
    endloop
  endfacet
  facet normal 0 -1 -0
    outer loop
      vertex 322 0 195
      vertex 8 0 0
      vertex 322 0 0
    endloop
  endfacet
  facet normal 1 -0 0
    outer loop
      vertex 330 8 3
      vertex 330 147 0
      vertex 330 147 3
    endloop
  endfacet
  facet normal 1 0 0
    outer loop
      vertex 330 147 0
      vertex 330 8 3
      vertex 330 8 0
    endloop
  endfacet
  facet normal 1 -0 0
    outer loop
      vertex 330 8 195
      vertex 330 147 192
      vertex 330 147 195
    endloop
  endfacet
  facet normal 1 0 0
    outer loop
      vertex 330 147 192
      vertex 330 8 195
      vertex 330 8 192
    endloop
  endfacet
  facet normal 0.997886 0.0649964 0
    outer loop
      vertex 330 147 3
      vertex 329.932 148.044 0
      vertex 329.932 148.044 3
    endloop
  endfacet
  facet normal 0.997886 0.0649964 0
    outer loop
      vertex 329.932 148.044 0
      vertex 330 147 3
      vertex 330 147 0
    endloop
  endfacet
  facet normal 0.997886 0.0649964 0
    outer loop
      vertex 330 147 195
      vertex 329.932 148.044 192
      vertex 329.932 148.044 195
    endloop
  endfacet
  facet normal 0.997886 0.0649964 0
    outer loop
      vertex 329.932 148.044 192
      vertex 330 147 195
      vertex 330 147 192
    endloop
  endfacet
  facet normal -0.831446 0.555606 0
    outer loop
      vertex 1.0718 151 0
      vertex 1.65317 151.87 195
      vertex 1.65317 151.87 0
    endloop
  endfacet
  facet normal -0.831446 0.555606 0
    outer loop
      vertex 1.65317 151.87 195
      vertex 1.0718 151 0
      vertex 1.0718 151 195
    endloop
  endfacet
  facet normal -0.94684 0.321706 0
    outer loop
      vertex 0.272593 149.071 0
      vertex 0.608963 150.061 195
      vertex 0.608963 150.061 0
    endloop
  endfacet
  facet normal -0.94684 0.321706 0
    outer loop
      vertex 0.608963 150.061 195
      vertex 0.272593 149.071 0
      vertex 0.272593 149.071 195
    endloop
  endfacet
  facet normal 0.997886 -0.0649834 0
    outer loop
      vertex 329.932 6.95579 3
      vertex 330 8 0
      vertex 330 8 3
    endloop
  endfacet
  facet normal 0.997886 -0.0649834 0
    outer loop
      vertex 330 8 0
      vertex 329.932 6.95579 3
      vertex 329.932 6.95579 0
    endloop
  endfacet
  facet normal 0.997886 -0.0649834 0
    outer loop
      vertex 329.932 6.95579 195
      vertex 330 8 192
      vertex 330 8 195
    endloop
  endfacet
  facet normal 0.997886 -0.0649834 0
    outer loop
      vertex 330 8 192
      vertex 329.932 6.95579 195
      vertex 329.932 6.95579 192
    endloop
  endfacet
  facet normal -0.321121 0.947038 0
    outer loop
      vertex 5.92945 154.727 0
      vertex 4.93853 154.391 195
      vertex 5.92945 154.727 195
    endloop
  endfacet
  facet normal -0.321121 0.947038 0
    outer loop
      vertex 4.93853 154.391 195
      vertex 5.92945 154.727 0
      vertex 4.93853 154.391 0
    endloop
  endfacet
  facet normal 0.321706 -0.94684 0
    outer loop
      vertex 324.071 0.272593 0
      vertex 325.061 0.608963 195
      vertex 324.071 0.272593 195
    endloop
  endfacet
  facet normal 0.321706 -0.94684 0
    outer loop
      vertex 325.061 0.608963 195
      vertex 324.071 0.272593 0
      vertex 325.061 0.608963 0
    endloop
  endfacet
  facet normal -0.896871 -0.442293 0
    outer loop
      vertex 1.0718 4 0
      vertex 0.608963 4.93853 195
      vertex 0.608963 4.93853 0
    endloop
  endfacet
  facet normal -0.896871 -0.442293 0
    outer loop
      vertex 0.608963 4.93853 195
      vertex 1.0718 4 0
      vertex 1.0718 4 195
    endloop
  endfacet
  facet normal 0.195749 0.980654 -0
    outer loop
      vertex 324.071 154.727 0
      vertex 323.044 154.932 195
      vertex 324.071 154.727 195
    endloop
  endfacet
  facet normal 0.195749 0.980654 0
    outer loop
      vertex 323.044 154.932 195
      vertex 324.071 154.727 0
      vertex 323.044 154.932 0
    endloop
  endfacet
  facet normal -0.0649834 0.997886 0
    outer loop
      vertex 8 155 0
      vertex 6.95579 154.932 195
      vertex 8 155 195
    endloop
  endfacet
  facet normal -0.0649834 0.997886 0
    outer loop
      vertex 6.95579 154.932 195
      vertex 8 155 0
      vertex 6.95579 154.932 0
    endloop
  endfacet
  facet normal 0.0654155 -0.997858 0
    outer loop
      vertex 322 0 0
      vertex 323.044 0.0684404 195
      vertex 322 0 195
    endloop
  endfacet
  facet normal 0.0654155 -0.997858 0
    outer loop
      vertex 323.044 0.0684404 195
      vertex 322 0 0
      vertex 323.044 0.0684404 0
    endloop
  endfacet
  facet normal -0.997859 -0.0654024 0
    outer loop
      vertex 0.0684404 6.95579 0
      vertex 0 8 195
      vertex 0 8 0
    endloop
  endfacet
  facet normal -0.997859 -0.0654024 0
    outer loop
      vertex 0 8 195
      vertex 0.0684404 6.95579 0
      vertex 0.0684404 6.95579 195
    endloop
  endfacet
  facet normal -0.896959 0.442115 0
    outer loop
      vertex 0.608963 150.061 0
      vertex 1.0718 151 195
      vertex 1.0718 151 0
    endloop
  endfacet
  facet normal -0.896959 0.442115 0
    outer loop
      vertex 1.0718 151 195
      vertex 0.608963 150.061 0
      vertex 0.608963 150.061 195
    endloop
  endfacet
  facet normal 0.659238 -0.751935 0
    outer loop
      vertex 326.87 1.65317 0
      vertex 327.657 2.34315 195
      vertex 326.87 1.65317 195
    endloop
  endfacet
  facet normal 0.659238 -0.751935 0
    outer loop
      vertex 327.657 2.34315 195
      vertex 326.87 1.65317 0
      vertex 327.657 2.34315 0
    endloop
  endfacet
  facet normal 0.0649964 0.997886 -0
    outer loop
      vertex 323.044 154.932 0
      vertex 322 155 195
      vertex 323.044 154.932 195
    endloop
  endfacet
  facet normal 0.0649964 0.997886 0
    outer loop
      vertex 322 155 195
      vertex 323.044 154.932 0
      vertex 322 155 0
    endloop
  endfacet
  facet normal 0.321388 0.946948 -0
    outer loop
      vertex 325.061 154.391 0
      vertex 324.071 154.727 195
      vertex 325.061 154.391 195
    endloop
  endfacet
  facet normal 0.321388 0.946948 0
    outer loop
      vertex 324.071 154.727 195
      vertex 325.061 154.391 0
      vertex 324.071 154.727 0
    endloop
  endfacet
  facet normal -0.0654024 -0.997859 0
    outer loop
      vertex 6.95579 0.0684404 0
      vertex 8 0 195
      vertex 6.95579 0.0684404 195
    endloop
  endfacet
  facet normal -0.0654024 -0.997859 -0
    outer loop
      vertex 8 0 195
      vertex 6.95579 0.0684404 0
      vertex 8 0 0
    endloop
  endfacet
  facet normal 0.831609 0.555362 0
    outer loop
      vertex 328.928 151 195
      vertex 328.347 151.87 192
      vertex 328.347 151.87 195
    endloop
  endfacet
  facet normal 0.831609 0.555362 0
    outer loop
      vertex 328.347 151.87 192
      vertex 328.928 151 195
      vertex 328.928 151 192
    endloop
  endfacet
  facet normal 0.831609 0.555362 0
    outer loop
      vertex 328.928 151 3
      vertex 328.347 151.87 0
      vertex 328.347 151.87 3
    endloop
  endfacet
  facet normal 0.831609 0.555362 0
    outer loop
      vertex 328.347 151.87 0
      vertex 328.928 151 3
      vertex 328.928 151 0
    endloop
  endfacet
  facet normal -0.555567 -0.831472 0
    outer loop
      vertex 3.12991 1.65317 0
      vertex 4 1.0718 195
      vertex 3.12991 1.65317 195
    endloop
  endfacet
  facet normal -0.555567 -0.831472 -0
    outer loop
      vertex 4 1.0718 195
      vertex 3.12991 1.65317 0
      vertex 4 1.0718 0
    endloop
  endfacet
  facet normal -0.442293 -0.896871 0
    outer loop
      vertex 4 1.0718 0
      vertex 4.93853 0.608963 195
      vertex 4 1.0718 195
    endloop
  endfacet
  facet normal -0.442293 -0.896871 -0
    outer loop
      vertex 4.93853 0.608963 195
      vertex 4 1.0718 0
      vertex 4.93853 0.608963 0
    endloop
  endfacet
  facet normal -0.831472 -0.555567 0
    outer loop
      vertex 1.65317 3.12991 0
      vertex 1.0718 4 195
      vertex 1.0718 4 0
    endloop
  endfacet
  facet normal -0.831472 -0.555567 0
    outer loop
      vertex 1.0718 4 195
      vertex 1.65317 3.12991 0
      vertex 1.65317 3.12991 195
    endloop
  endfacet
  facet normal -0.751935 0.659238 0
    outer loop
      vertex 1.65317 151.87 0
      vertex 2.34315 152.657 195
      vertex 2.34315 152.657 0
    endloop
  endfacet
  facet normal -0.751935 0.659238 0
    outer loop
      vertex 2.34315 152.657 195
      vertex 1.65317 151.87 0
      vertex 1.65317 151.87 195
    endloop
  endfacet
  facet normal 0.659248 0.751925 -0
    outer loop
      vertex 327.657 152.657 0
      vertex 326.87 153.347 195
      vertex 327.657 152.657 195
    endloop
  endfacet
  facet normal 0.659248 0.751925 0
    outer loop
      vertex 326.87 153.347 195
      vertex 327.657 152.657 0
      vertex 326.87 153.347 0
    endloop
  endfacet
  facet normal -0.321438 -0.946931 0
    outer loop
      vertex 4.93853 0.608963 0
      vertex 5.92945 0.272593 195
      vertex 4.93853 0.608963 195
    endloop
  endfacet
  facet normal -0.321438 -0.946931 -0
    outer loop
      vertex 5.92945 0.272593 195
      vertex 4.93853 0.608963 0
      vertex 5.92945 0.272593 0
    endloop
  endfacet
  facet normal -0.980785 -0.195091 0
    outer loop
      vertex 0.272593 5.92945 0
      vertex 0.0684404 6.95579 195
      vertex 0.0684404 6.95579 0
    endloop
  endfacet
  facet normal -0.980785 -0.195091 0
    outer loop
      vertex 0.0684404 6.95579 195
      vertex 0.272593 5.92945 0
      vertex 0.272593 5.92945 195
    endloop
  endfacet
  facet normal -0.659351 -0.751835 0
    outer loop
      vertex 2.34315 2.34315 0
      vertex 3.12991 1.65317 195
      vertex 2.34315 2.34315 195
    endloop
  endfacet
  facet normal -0.659351 -0.751835 -0
    outer loop
      vertex 3.12991 1.65317 195
      vertex 2.34315 2.34315 0
      vertex 3.12991 1.65317 0
    endloop
  endfacet
  facet normal -0.751835 -0.659351 0
    outer loop
      vertex 2.34315 2.34315 0
      vertex 1.65317 3.12991 195
      vertex 1.65317 3.12991 0
    endloop
  endfacet
  facet normal -0.751835 -0.659351 0
    outer loop
      vertex 1.65317 3.12991 195
      vertex 2.34315 2.34315 0
      vertex 2.34315 2.34315 195
    endloop
  endfacet
  facet normal -0.980809 0.194971 0
    outer loop
      vertex 0.0684404 148.044 0
      vertex 0.272593 149.071 195
      vertex 0.272593 149.071 0
    endloop
  endfacet
  facet normal -0.980809 0.194971 0
    outer loop
      vertex 0.272593 149.071 195
      vertex 0.0684404 148.044 0
      vertex 0.0684404 148.044 195
    endloop
  endfacet
  facet normal 0.751938 0.659234 0
    outer loop
      vertex 327.657 152.657 195
      vertex 328.233 152 192
      vertex 327.657 152.657 0
    endloop
  endfacet
  facet normal 0.751925 0.659248 -5.73259e-06
    outer loop
      vertex 328.347 151.87 195
      vertex 328.233 152 192
      vertex 327.657 152.657 195
    endloop
  endfacet
  facet normal 0.75186 0.659323 0
    outer loop
      vertex 328.233 152 192
      vertex 328.347 151.87 195
      vertex 328.347 151.87 192
    endloop
  endfacet
  facet normal 0.751938 0.659234 -0
    outer loop
      vertex 328.233 152 3
      vertex 327.657 152.657 0
      vertex 328.233 152 192
    endloop
  endfacet
  facet normal 0.75186 0.659323 -0
    outer loop
      vertex 328.347 151.87 0
      vertex 328.233 152 3
      vertex 328.347 151.87 3
    endloop
  endfacet
  facet normal 0.751925 0.659248 5.73259e-06
    outer loop
      vertex 328.233 152 3
      vertex 328.347 151.87 0
      vertex 327.657 152.657 0
    endloop
  endfacet
  facet normal 0.442115 -0.896959 0
    outer loop
      vertex 325.061 0.608963 0
      vertex 326 1.0718 195
      vertex 325.061 0.608963 195
    endloop
  endfacet
  facet normal 0.442115 -0.896959 0
    outer loop
      vertex 326 1.0718 195
      vertex 325.061 0.608963 0
      vertex 326 1.0718 0
    endloop
  endfacet
  facet normal 0.555362 0.831609 -0
    outer loop
      vertex 326.87 153.347 0
      vertex 326 153.928 195
      vertex 326.87 153.347 195
    endloop
  endfacet
  facet normal 0.555362 0.831609 0
    outer loop
      vertex 326 153.928 195
      vertex 326.87 153.347 0
      vertex 326 153.928 0
    endloop
  endfacet
  facet normal 0 0 1
    outer loop
      vertex 322 155 195
      vertex 330 147 195
      vertex 329.932 148.044 195
    endloop
  endfacet
  facet normal 0 0 1
    outer loop
      vertex 330 147 195
      vertex 290.5 143 195
      vertex 330 8 195
    endloop
  endfacet
  facet normal 0 0 1
    outer loop
      vertex 322 155 195
      vertex 329.932 148.044 195
      vertex 329.727 149.071 195
    endloop
  endfacet
  facet normal -0 0 1
    outer loop
      vertex 290.5 12 195
      vertex 330 8 195
      vertex 290.5 143 195
    endloop
  endfacet
  facet normal 0 0 1
    outer loop
      vertex 322 155 195
      vertex 329.727 149.071 195
      vertex 329.391 150.061 195
    endloop
  endfacet
  facet normal 0 -0 1
    outer loop
      vertex 322 0 195
      vertex 330 8 195
      vertex 290.5 12 195
    endloop
  endfacet
  facet normal 0 0 1
    outer loop
      vertex 322 155 195
      vertex 329.391 150.061 195
      vertex 328.928 151 195
    endloop
  endfacet
  facet normal 0 0 1
    outer loop
      vertex 330 8 195
      vertex 322 0 195
      vertex 329.932 6.95579 195
    endloop
  endfacet
  facet normal 0 0 1
    outer loop
      vertex 322 155 195
      vertex 328.928 151 195
      vertex 328.347 151.87 195
    endloop
  endfacet
  facet normal 0 0 1
    outer loop
      vertex 329.932 6.95579 195
      vertex 322 0 195
      vertex 329.727 5.92945 195
    endloop
  endfacet
  facet normal 0 0 1
    outer loop
      vertex 322 155 195
      vertex 328.347 151.87 195
      vertex 327.657 152.657 195
    endloop
  endfacet
  facet normal 0 0 1
    outer loop
      vertex 329.727 5.92945 195
      vertex 322 0 195
      vertex 329.391 4.93853 195
    endloop
  endfacet
  facet normal 0 0 1
    outer loop
      vertex 322 155 195
      vertex 327.657 152.657 195
      vertex 326.87 153.347 195
    endloop
  endfacet
  facet normal 0 0 1
    outer loop
      vertex 329.391 4.93853 195
      vertex 322 0 195
      vertex 328.928 4 195
    endloop
  endfacet
  facet normal 0 0 1
    outer loop
      vertex 322 155 195
      vertex 326.87 153.347 195
      vertex 326 153.928 195
    endloop
  endfacet
  facet normal 0 0 1
    outer loop
      vertex 328.928 4 195
      vertex 322 0 195
      vertex 328.347 3.12991 195
    endloop
  endfacet
  facet normal 0 0 1
    outer loop
      vertex 322 155 195
      vertex 326 153.928 195
      vertex 325.061 154.391 195
    endloop
  endfacet
  facet normal 0 0 1
    outer loop
      vertex 328.347 3.12991 195
      vertex 322 0 195
      vertex 327.657 2.34315 195
    endloop
  endfacet
  facet normal 0 0 1
    outer loop
      vertex 322 155 195
      vertex 325.061 154.391 195
      vertex 324.071 154.727 195
    endloop
  endfacet
  facet normal 0 0 1
    outer loop
      vertex 327.657 2.34315 195
      vertex 322 0 195
      vertex 326.87 1.65317 195
    endloop
  endfacet
  facet normal 0 0 1
    outer loop
      vertex 322 155 195
      vertex 324.071 154.727 195
      vertex 323.044 154.932 195
    endloop
  endfacet
  facet normal 0 0 1
    outer loop
      vertex 326.87 1.65317 195
      vertex 322 0 195
      vertex 326 1.0718 195
    endloop
  endfacet
  facet normal 0 0 1
    outer loop
      vertex 330 147 195
      vertex 322 155 195
      vertex 290.5 143 195
    endloop
  endfacet
  facet normal 0 0 1
    outer loop
      vertex 326 1.0718 195
      vertex 322 0 195
      vertex 325.061 0.608963 195
    endloop
  endfacet
  facet normal 0 0 1
    outer loop
      vertex 325.061 0.608963 195
      vertex 322 0 195
      vertex 324.071 0.272593 195
    endloop
  endfacet
  facet normal 0 0 1
    outer loop
      vertex 322 155 195
      vertex 39.5 143 195
      vertex 290.5 143 195
    endloop
  endfacet
  facet normal -0 0 1
    outer loop
      vertex 0 147 195
      vertex 39.5 143 195
      vertex 8 155 195
    endloop
  endfacet
  facet normal -0 0 1
    outer loop
      vertex 8 155 195
      vertex 39.5 143 195
      vertex 322 155 195
    endloop
  endfacet
  facet normal 0 0 1
    outer loop
      vertex 324.071 0.272593 195
      vertex 322 0 195
      vertex 323.044 0.0684404 195
    endloop
  endfacet
  facet normal -0 0 1
    outer loop
      vertex 39.5 12 195
      vertex 322 0 195
      vertex 290.5 12 195
    endloop
  endfacet
  facet normal 0 0 1
    outer loop
      vertex 39.5 12 195
      vertex 8 0 195
      vertex 322 0 195
    endloop
  endfacet
  facet normal 0 0 1
    outer loop
      vertex 39.5 143 195
      vertex 0 147 195
      vertex 39.5 12 195
    endloop
  endfacet
  facet normal 0 0 1
    outer loop
      vertex 0 147 195
      vertex 8 155 195
      vertex 6.95579 154.932 195
    endloop
  endfacet
  facet normal 0 0 1
    outer loop
      vertex 0 8 195
      vertex 39.5 12 195
      vertex 0 147 195
    endloop
  endfacet
  facet normal 0 0 1
    outer loop
      vertex 0 147 195
      vertex 6.95579 154.932 195
      vertex 5.92945 154.727 195
    endloop
  endfacet
  facet normal 0 0 1
    outer loop
      vertex 39.5 12 195
      vertex 0 8 195
      vertex 8 0 195
    endloop
  endfacet
  facet normal 0 0 1
    outer loop
      vertex 0 147 195
      vertex 5.92945 154.727 195
      vertex 4.93853 154.391 195
    endloop
  endfacet
  facet normal 0 0 1
    outer loop
      vertex 8 0 195
      vertex 0 8 195
      vertex 6.95579 0.0684404 195
    endloop
  endfacet
  facet normal 0 0 1
    outer loop
      vertex 0 147 195
      vertex 4.93853 154.391 195
      vertex 4 153.928 195
    endloop
  endfacet
  facet normal 0 0 1
    outer loop
      vertex 6.95579 0.0684404 195
      vertex 0 8 195
      vertex 5.92945 0.272593 195
    endloop
  endfacet
  facet normal 0 0 1
    outer loop
      vertex 0 147 195
      vertex 4 153.928 195
      vertex 3.12991 153.347 195
    endloop
  endfacet
  facet normal 0 0 1
    outer loop
      vertex 5.92945 0.272593 195
      vertex 0 8 195
      vertex 4.93853 0.608963 195
    endloop
  endfacet
  facet normal 0 0 1
    outer loop
      vertex 0 147 195
      vertex 3.12991 153.347 195
      vertex 2.34315 152.657 195
    endloop
  endfacet
  facet normal 0 0 1
    outer loop
      vertex 4.93853 0.608963 195
      vertex 0 8 195
      vertex 4 1.0718 195
    endloop
  endfacet
  facet normal 0 0 1
    outer loop
      vertex 0 147 195
      vertex 2.34315 152.657 195
      vertex 1.65317 151.87 195
    endloop
  endfacet
  facet normal 0 0 1
    outer loop
      vertex 4 1.0718 195
      vertex 0 8 195
      vertex 3.12991 1.65317 195
    endloop
  endfacet
  facet normal 0 0 1
    outer loop
      vertex 0 147 195
      vertex 1.65317 151.87 195
      vertex 1.0718 151 195
    endloop
  endfacet
  facet normal 0 0 1
    outer loop
      vertex 3.12991 1.65317 195
      vertex 0 8 195
      vertex 2.34315 2.34315 195
    endloop
  endfacet
  facet normal 0 0 1
    outer loop
      vertex 0 147 195
      vertex 1.0718 151 195
      vertex 0.608963 150.061 195
    endloop
  endfacet
  facet normal 0 0 1
    outer loop
      vertex 2.34315 2.34315 195
      vertex 0 8 195
      vertex 1.65317 3.12991 195
    endloop
  endfacet
  facet normal 0 0 1
    outer loop
      vertex 0 147 195
      vertex 0.608963 150.061 195
      vertex 0.272593 149.071 195
    endloop
  endfacet
  facet normal 0 0 1
    outer loop
      vertex 1.65317 3.12991 195
      vertex 0 8 195
      vertex 1.0718 4 195
    endloop
  endfacet
  facet normal 0 0 1
    outer loop
      vertex 0 147 195
      vertex 0.272593 149.071 195
      vertex 0.0684404 148.044 195
    endloop
  endfacet
  facet normal 0 0 1
    outer loop
      vertex 1.0718 4 195
      vertex 0 8 195
      vertex 0.608963 4.93853 195
    endloop
  endfacet
  facet normal 0 0 1
    outer loop
      vertex 0.608963 4.93853 195
      vertex 0 8 195
      vertex 0.272593 5.92945 195
    endloop
  endfacet
  facet normal 0 0 1
    outer loop
      vertex 0.272593 5.92945 195
      vertex 0 8 195
      vertex 0.0684404 6.95579 195
    endloop
  endfacet
  facet normal -0.195091 -0.980785 0
    outer loop
      vertex 5.92945 0.272593 0
      vertex 6.95579 0.0684404 195
      vertex 5.92945 0.272593 195
    endloop
  endfacet
  facet normal -0.195091 -0.980785 -0
    outer loop
      vertex 6.95579 0.0684404 195
      vertex 5.92945 0.272593 0
      vertex 6.95579 0.0684404 0
    endloop
  endfacet
  facet normal -0.946931 -0.321438 0
    outer loop
      vertex 0.608963 4.93853 0
      vertex 0.272593 5.92945 195
      vertex 0.272593 5.92945 0
    endloop
  endfacet
  facet normal -0.946931 -0.321438 0
    outer loop
      vertex 0.272593 5.92945 195
      vertex 0.608963 4.93853 0
      vertex 0.608963 4.93853 195
    endloop
  endfacet
  facet normal 0 0 -1
    outer loop
      vertex 18 30 0
      vertex 73 125 0
      vertex 73 30 0
    endloop
  endfacet
  facet normal -0 0 -1
    outer loop
      vertex 73 125 0
      vertex 18 30 0
      vertex 18 125 0
    endloop
  endfacet
  facet normal 0 0 -1
    outer loop
      vertex 257 30 0
      vertex 312 125 0
      vertex 312 30 0
    endloop
  endfacet
  facet normal -0 0 -1
    outer loop
      vertex 312 125 0
      vertex 257 30 0
      vertex 257 125 0
    endloop
  endfacet
  facet normal 0 0 -1
    outer loop
      vertex 322 0 0
      vertex 330 8 0
      vertex 329.932 6.95579 0
    endloop
  endfacet
  facet normal 0 0 -1
    outer loop
      vertex 330 8 0
      vertex 312 30 0
      vertex 330 147 0
    endloop
  endfacet
  facet normal 0 0 -1
    outer loop
      vertex 322 0 0
      vertex 329.932 6.95579 0
      vertex 329.727 5.92945 0
    endloop
  endfacet
  facet normal 0 0 -1
    outer loop
      vertex 312 125 0
      vertex 330 147 0
      vertex 312 30 0
    endloop
  endfacet
  facet normal 0 0 -1
    outer loop
      vertex 322 0 0
      vertex 329.727 5.92945 0
      vertex 329.391 4.93853 0
    endloop
  endfacet
  facet normal 0 0 -1
    outer loop
      vertex 312 143 0
      vertex 330 147 0
      vertex 312 125 0
    endloop
  endfacet
  facet normal 0 0 -1
    outer loop
      vertex 322 0 0
      vertex 329.391 4.93853 0
      vertex 328.928 4 0
    endloop
  endfacet
  facet normal 0 -0 -1
    outer loop
      vertex 322 155 0
      vertex 330 147 0
      vertex 312 143 0
    endloop
  endfacet
  facet normal 0 0 -1
    outer loop
      vertex 322 0 0
      vertex 328.928 4 0
      vertex 328.347 3.12991 0
    endloop
  endfacet
  facet normal 0 0 -1
    outer loop
      vertex 330 147 0
      vertex 322 155 0
      vertex 329.932 148.044 0
    endloop
  endfacet
  facet normal 0 0 -1
    outer loop
      vertex 322 0 0
      vertex 328.347 3.12991 0
      vertex 327.657 2.34315 0
    endloop
  endfacet
  facet normal 0 0 -1
    outer loop
      vertex 329.932 148.044 0
      vertex 322 155 0
      vertex 329.727 149.071 0
    endloop
  endfacet
  facet normal 0 0 -1
    outer loop
      vertex 322 0 0
      vertex 327.657 2.34315 0
      vertex 326.87 1.65317 0
    endloop
  endfacet
  facet normal 0 0 -1
    outer loop
      vertex 329.727 149.071 0
      vertex 322 155 0
      vertex 329.391 150.061 0
    endloop
  endfacet
  facet normal 0 0 -1
    outer loop
      vertex 322 0 0
      vertex 326.87 1.65317 0
      vertex 326 1.0718 0
    endloop
  endfacet
  facet normal 0 0 -1
    outer loop
      vertex 329.391 150.061 0
      vertex 322 155 0
      vertex 328.928 151 0
    endloop
  endfacet
  facet normal 0 0 -1
    outer loop
      vertex 322 0 0
      vertex 326 1.0718 0
      vertex 325.061 0.608963 0
    endloop
  endfacet
  facet normal 0 0 -1
    outer loop
      vertex 328.928 151 0
      vertex 322 155 0
      vertex 328.347 151.87 0
    endloop
  endfacet
  facet normal 0 0 -1
    outer loop
      vertex 322 0 0
      vertex 325.061 0.608963 0
      vertex 324.071 0.272593 0
    endloop
  endfacet
  facet normal 0 0 -1
    outer loop
      vertex 328.347 151.87 0
      vertex 322 155 0
      vertex 327.657 152.657 0
    endloop
  endfacet
  facet normal 0 0 -1
    outer loop
      vertex 322 0 0
      vertex 324.071 0.272593 0
      vertex 323.044 0.0684404 0
    endloop
  endfacet
  facet normal 0 0 -1
    outer loop
      vertex 327.657 152.657 0
      vertex 322 155 0
      vertex 326.87 153.347 0
    endloop
  endfacet
  facet normal -0 0 -1
    outer loop
      vertex 330 8 0
      vertex 322 0 0
      vertex 312 12 0
    endloop
  endfacet
  facet normal 0 0 -1
    outer loop
      vertex 326.87 153.347 0
      vertex 322 155 0
      vertex 326 153.928 0
    endloop
  endfacet
  facet normal 0 0 -1
    outer loop
      vertex 330 8 0
      vertex 312 12 0
      vertex 312 30 0
    endloop
  endfacet
  facet normal 0 0 -1
    outer loop
      vertex 322 0 0
      vertex 257 12 0
      vertex 312 12 0
    endloop
  endfacet
  facet normal 0 0 -1
    outer loop
      vertex 73 30 0
      vertex 257 30 0
      vertex 257 12 0
    endloop
  endfacet
  facet normal 0 0 -1
    outer loop
      vertex 257 30 0
      vertex 73 30 0
      vertex 257 125 0
    endloop
  endfacet
  facet normal 0 0 -1
    outer loop
      vertex 73 30 0
      vertex 257 12 0
      vertex 73 12 0
    endloop
  endfacet
  facet normal 0 0 -1
    outer loop
      vertex 322 0 0
      vertex 73 12 0
      vertex 257 12 0
    endloop
  endfacet
  facet normal 0 0 -1
    outer loop
      vertex 8 0 0
      vertex 73 12 0
      vertex 322 0 0
    endloop
  endfacet
  facet normal 0 0 -1
    outer loop
      vertex 0 8 0
      vertex 18 30 0
      vertex 18 12 0
    endloop
  endfacet
  facet normal -0 0 -1
    outer loop
      vertex 18 30 0
      vertex 0 8 0
      vertex 18 125 0
    endloop
  endfacet
  facet normal 0 0 -1
    outer loop
      vertex 0 8 0
      vertex 18 12 0
      vertex 8 0 0
    endloop
  endfacet
  facet normal -0 0 -1
    outer loop
      vertex 73 12 0
      vertex 8 0 0
      vertex 18 12 0
    endloop
  endfacet
  facet normal 0 0 -1
    outer loop
      vertex 326 153.928 0
      vertex 322 155 0
      vertex 325.061 154.391 0
    endloop
  endfacet
  facet normal 0 0 -1
    outer loop
      vertex 325.061 154.391 0
      vertex 322 155 0
      vertex 324.071 154.727 0
    endloop
  endfacet
  facet normal 0 0 -1
    outer loop
      vertex 324.071 154.727 0
      vertex 322 155 0
      vertex 323.044 154.932 0
    endloop
  endfacet
  facet normal 0 0 -1
    outer loop
      vertex 257 143 0
      vertex 322 155 0
      vertex 312 143 0
    endloop
  endfacet
  facet normal 0 0 -1
    outer loop
      vertex 73 125 0
      vertex 257 125 0
      vertex 73 30 0
    endloop
  endfacet
  facet normal 0 0 -1
    outer loop
      vertex 257 125 0
      vertex 73 125 0
      vertex 257 143 0
    endloop
  endfacet
  facet normal 0 0 -1
    outer loop
      vertex 73 143 0
      vertex 257 143 0
      vertex 73 125 0
    endloop
  endfacet
  facet normal 0 0 -1
    outer loop
      vertex 257 143 0
      vertex 73 143 0
      vertex 322 155 0
    endloop
  endfacet
  facet normal 0 0 -1
    outer loop
      vertex 8 155 0
      vertex 73 143 0
      vertex 18 143 0
    endloop
  endfacet
  facet normal 0 0 -1
    outer loop
      vertex 73 143 0
      vertex 8 155 0
      vertex 322 155 0
    endloop
  endfacet
  facet normal 0 0 -1
    outer loop
      vertex 0 147 0
      vertex 18 125 0
      vertex 0 8 0
    endloop
  endfacet
  facet normal 0 0 -1
    outer loop
      vertex 0 8 0
      vertex 8 0 0
      vertex 6.95579 0.0684404 0
    endloop
  endfacet
  facet normal 0 0 -1
    outer loop
      vertex 18 125 0
      vertex 0 147 0
      vertex 18 143 0
    endloop
  endfacet
  facet normal 0 0 -1
    outer loop
      vertex 0 8 0
      vertex 6.95579 0.0684404 0
      vertex 5.92945 0.272593 0
    endloop
  endfacet
  facet normal 0 0 -1
    outer loop
      vertex 18 143 0
      vertex 0 147 0
      vertex 8 155 0
    endloop
  endfacet
  facet normal 0 0 -1
    outer loop
      vertex 0 8 0
      vertex 5.92945 0.272593 0
      vertex 4.93853 0.608963 0
    endloop
  endfacet
  facet normal 0 0 -1
    outer loop
      vertex 8 155 0
      vertex 0 147 0
      vertex 6.95579 154.932 0
    endloop
  endfacet
  facet normal 0 0 -1
    outer loop
      vertex 0 8 0
      vertex 4.93853 0.608963 0
      vertex 4 1.0718 0
    endloop
  endfacet
  facet normal 0 0 -1
    outer loop
      vertex 6.95579 154.932 0
      vertex 0 147 0
      vertex 5.92945 154.727 0
    endloop
  endfacet
  facet normal 0 0 -1
    outer loop
      vertex 0 8 0
      vertex 4 1.0718 0
      vertex 3.12991 1.65317 0
    endloop
  endfacet
  facet normal 0 0 -1
    outer loop
      vertex 5.92945 154.727 0
      vertex 0 147 0
      vertex 4.93853 154.391 0
    endloop
  endfacet
  facet normal 0 0 -1
    outer loop
      vertex 0 8 0
      vertex 3.12991 1.65317 0
      vertex 2.34315 2.34315 0
    endloop
  endfacet
  facet normal 0 0 -1
    outer loop
      vertex 4.93853 154.391 0
      vertex 0 147 0
      vertex 4 153.928 0
    endloop
  endfacet
  facet normal 0 0 -1
    outer loop
      vertex 0 8 0
      vertex 2.34315 2.34315 0
      vertex 1.65317 3.12991 0
    endloop
  endfacet
  facet normal 0 0 -1
    outer loop
      vertex 4 153.928 0
      vertex 0 147 0
      vertex 3.12991 153.347 0
    endloop
  endfacet
  facet normal 0 0 -1
    outer loop
      vertex 0 8 0
      vertex 1.65317 3.12991 0
      vertex 1.0718 4 0
    endloop
  endfacet
  facet normal 0 0 -1
    outer loop
      vertex 3.12991 153.347 0
      vertex 0 147 0
      vertex 2.34315 152.657 0
    endloop
  endfacet
  facet normal 0 0 -1
    outer loop
      vertex 0 8 0
      vertex 1.0718 4 0
      vertex 0.608963 4.93853 0
    endloop
  endfacet
  facet normal 0 0 -1
    outer loop
      vertex 2.34315 152.657 0
      vertex 0 147 0
      vertex 1.65317 151.87 0
    endloop
  endfacet
  facet normal 0 0 -1
    outer loop
      vertex 0 8 0
      vertex 0.608963 4.93853 0
      vertex 0.272593 5.92945 0
    endloop
  endfacet
  facet normal 0 0 -1
    outer loop
      vertex 1.65317 151.87 0
      vertex 0 147 0
      vertex 1.0718 151 0
    endloop
  endfacet
  facet normal 0 0 -1
    outer loop
      vertex 0 8 0
      vertex 0.272593 5.92945 0
      vertex 0.0684404 6.95579 0
    endloop
  endfacet
  facet normal 0 0 -1
    outer loop
      vertex 1.0718 151 0
      vertex 0 147 0
      vertex 0.608963 150.061 0
    endloop
  endfacet
  facet normal 0 0 -1
    outer loop
      vertex 0.608963 150.061 0
      vertex 0 147 0
      vertex 0.272593 149.071 0
    endloop
  endfacet
  facet normal 0 0 -1
    outer loop
      vertex 0.272593 149.071 0
      vertex 0 147 0
      vertex 0.0684404 148.044 0
    endloop
  endfacet
  facet normal -0.752198 -0.658937 0
    outer loop
      vertex 325.967 150.044 3
      vertex 325.536 150.536 192
      vertex 325.536 150.536 3
    endloop
  endfacet
  facet normal -0.752198 -0.658937 0
    outer loop
      vertex 325.536 150.536 192
      vertex 325.967 150.044 3
      vertex 325.967 150.044 192
    endloop
  endfacet
  facet normal -0.659145 0.752016 0
    outer loop
      vertex 325.536 4.46447 3
      vertex 325.044 4.03323 192
      vertex 325.536 4.46447 192
    endloop
  endfacet
  facet normal -0.659145 0.752016 0
    outer loop
      vertex 325.044 4.03323 192
      vertex 325.536 4.46447 3
      vertex 325.044 4.03323 3
    endloop
  endfacet
  facet normal -0.322643 -0.946521 0
    outer loop
      vertex 323.294 151.83 3
      vertex 323.913 151.619 192
      vertex 323.294 151.83 192
    endloop
  endfacet
  facet normal -0.322643 -0.946521 -0
    outer loop
      vertex 323.913 151.619 192
      vertex 323.294 151.83 3
      vertex 323.913 151.619 3
    endloop
  endfacet
  facet normal 0.75183 0.659357 0
    outer loop
      vertex 4.46447 4.46447 192
      vertex 4.03323 4.95619 3
      vertex 4.03323 4.95619 192
    endloop
  endfacet
  facet normal 0.75183 0.659357 0
    outer loop
      vertex 4.03323 4.95619 3
      vertex 4.46447 4.46447 192
      vertex 4.46447 4.46447 3
    endloop
  endfacet
  facet normal -0.195029 -0.980797 -0
    outer loop
      vertex 322.653 151.957 7
      vertex 322.653 151.957 3
      vertex 323 151.888 7
    endloop
  endfacet
  facet normal -0.19435 -0.980932 0
    outer loop
      vertex 322.653 151.957 22
      vertex 323.294 151.83 192
      vertex 322.653 151.957 192
    endloop
  endfacet
  facet normal -0.195029 -0.980797 2.66024e-06
    outer loop
      vertex 323 151.888 22
      vertex 323.294 151.83 192
      vertex 322.653 151.957 22
    endloop
  endfacet
  facet normal -0.193549 -0.981091 0
    outer loop
      vertex 323.294 151.83 3
      vertex 323 151.888 22
      vertex 323 151.888 7
    endloop
  endfacet
  facet normal -0.193549 -0.981091 0
    outer loop
      vertex 323 151.888 22
      vertex 323.294 151.83 3
      vertex 323.294 151.83 192
    endloop
  endfacet
  facet normal -0.19435 -0.980932 -6.12126e-05
    outer loop
      vertex 323.294 151.83 3
      vertex 323 151.888 7
      vertex 322.653 151.957 3
    endloop
  endfacet
  facet normal 1 -0 0
    outer loop
      vertex 3 8 192
      vertex 3 147 3
      vertex 3 147 192
    endloop
  endfacet
  facet normal 1 0 0
    outer loop
      vertex 3 147 3
      vertex 3 8 192
      vertex 3 8 3
    endloop
  endfacet
  facet normal 0.980787 0.195081 0
    outer loop
      vertex 3.17037 6.7059 192
      vertex 3.04278 7.34737 3
      vertex 3.04278 7.34737 192
    endloop
  endfacet
  facet normal 0.980787 0.195081 0
    outer loop
      vertex 3.04278 7.34737 3
      vertex 3.17037 6.7059 192
      vertex 3.17037 6.7059 3
    endloop
  endfacet
  facet normal -0.195219 0.98076 0
    outer loop
      vertex 323.294 3.17037 3
      vertex 322.653 3.04278 192
      vertex 323.294 3.17037 192
    endloop
  endfacet
  facet normal -0.195219 0.98076 0
    outer loop
      vertex 322.653 3.04278 192
      vertex 323.294 3.17037 3
      vertex 322.653 3.04278 3
    endloop
  endfacet
  facet normal -0.441703 -0.897161 0
    outer loop
      vertex 323.913 151.619 3
      vertex 324.5 151.33 192
      vertex 323.913 151.619 192
    endloop
  endfacet
  facet normal -0.441703 -0.897161 -0
    outer loop
      vertex 324.5 151.33 192
      vertex 323.913 151.619 3
      vertex 324.5 151.33 3
    endloop
  endfacet
  facet normal 0.896872 0.44229 0
    outer loop
      vertex 3.66987 5.5 192
      vertex 3.3806 6.08658 3
      vertex 3.3806 6.08658 192
    endloop
  endfacet
  facet normal 0.896872 0.44229 0
    outer loop
      vertex 3.3806 6.08658 3
      vertex 3.66987 5.5 192
      vertex 3.66987 5.5 3
    endloop
  endfacet
  facet normal 0 -1 0
    outer loop
      vertex 8 152 192
      vertex 253 152 22
      vertex 322 152 192
    endloop
  endfacet
  facet normal 0 -1 0
    outer loop
      vertex 8 152 3
      vertex 253 152 22
      vertex 8 152 192
    endloop
  endfacet
  facet normal 0 -1 -0
    outer loop
      vertex 253 152 22
      vertex 8 152 3
      vertex 253 152 7
    endloop
  endfacet
  facet normal 0 -1 0
    outer loop
      vertex 322 152 3
      vertex 253 152 7
      vertex 8 152 3
    endloop
  endfacet
  facet normal 0 -1 0
    outer loop
      vertex 253 152 7
      vertex 322 152 3
      vertex 322 152 7
    endloop
  endfacet
  facet normal 0 -1 -0
    outer loop
      vertex 322 152 192
      vertex 253 152 22
      vertex 322 152 22
    endloop
  endfacet
  facet normal 0.896998 -0.442035 0
    outer loop
      vertex 3.3806 148.913 192
      vertex 3.66987 149.5 3
      vertex 3.66987 149.5 192
    endloop
  endfacet
  facet normal 0.896998 -0.442035 0
    outer loop
      vertex 3.66987 149.5 3
      vertex 3.3806 148.913 192
      vertex 3.3806 148.913 3
    endloop
  endfacet
  facet normal -0.442035 0.896998 0
    outer loop
      vertex 324.5 3.66987 3
      vertex 323.913 3.3806 192
      vertex 324.5 3.66987 192
    endloop
  endfacet
  facet normal -0.442035 0.896998 0
    outer loop
      vertex 323.913 3.3806 192
      vertex 324.5 3.66987 3
      vertex 323.913 3.3806 3
    endloop
  endfacet
  facet normal 0.321438 0.946931 -0
    outer loop
      vertex 6.7059 3.17037 3
      vertex 6.08658 3.3806 192
      vertex 6.7059 3.17037 192
    endloop
  endfacet
  facet normal 0.321438 0.946931 0
    outer loop
      vertex 6.08658 3.3806 192
      vertex 6.7059 3.17037 3
      vertex 6.08658 3.3806 3
    endloop
  endfacet
  facet normal 0.65915 -0.752012 0
    outer loop
      vertex 4.46447 150.536 3
      vertex 4.95619 150.967 192
      vertex 4.46447 150.536 192
    endloop
  endfacet
  facet normal 0.65915 -0.752012 0
    outer loop
      vertex 4.95619 150.967 192
      vertex 4.46447 150.536 3
      vertex 4.95619 150.967 3
    endloop
  endfacet
  facet normal 0.322493 -0.946572 0
    outer loop
      vertex 6.08658 151.619 3
      vertex 6.7059 151.83 192
      vertex 6.08658 151.619 192
    endloop
  endfacet
  facet normal 0.322493 -0.946572 0
    outer loop
      vertex 6.7059 151.83 192
      vertex 6.08658 151.619 3
      vertex 6.7059 151.83 3
    endloop
  endfacet
  facet normal 0.44229 0.896872 -0
    outer loop
      vertex 6.08658 3.3806 3
      vertex 5.5 3.66987 192
      vertex 6.08658 3.3806 192
    endloop
  endfacet
  facet normal 0.44229 0.896872 0
    outer loop
      vertex 5.5 3.66987 192
      vertex 6.08658 3.3806 3
      vertex 5.5 3.66987 3
    endloop
  endfacet
  facet normal 0.0654098 0.997858 -0
    outer loop
      vertex 8 3 3
      vertex 7.34737 3.04278 192
      vertex 8 3 192
    endloop
  endfacet
  facet normal 0.0654098 0.997858 0
    outer loop
      vertex 7.34737 3.04278 192
      vertex 8 3 3
      vertex 7.34737 3.04278 3
    endloop
  endfacet
  facet normal 0.946931 0.321438 0
    outer loop
      vertex 3.3806 6.08658 192
      vertex 3.17037 6.7059 3
      vertex 3.17037 6.7059 192
    endloop
  endfacet
  facet normal 0.946931 0.321438 0
    outer loop
      vertex 3.17037 6.7059 3
      vertex 3.3806 6.08658 192
      vertex 3.3806 6.08658 3
    endloop
  endfacet
  facet normal -0.321587 0.94688 0
    outer loop
      vertex 323.913 3.3806 3
      vertex 323.294 3.17037 192
      vertex 323.913 3.3806 192
    endloop
  endfacet
  facet normal -0.321587 0.94688 0
    outer loop
      vertex 323.294 3.17037 192
      vertex 323.913 3.3806 3
      vertex 323.294 3.17037 3
    endloop
  endfacet
  facet normal 0.441957 -0.897036 0
    outer loop
      vertex 5.5 151.33 3
      vertex 6.08658 151.619 192
      vertex 5.5 151.33 192
    endloop
  endfacet
  facet normal 0.441957 -0.897036 0
    outer loop
      vertex 6.08658 151.619 192
      vertex 5.5 151.33 3
      vertex 6.08658 151.619 3
    endloop
  endfacet
  facet normal -0.658937 -0.752198 0
    outer loop
      vertex 325.044 150.967 3
      vertex 325.536 150.536 192
      vertex 325.044 150.967 192
    endloop
  endfacet
  facet normal -0.658937 -0.752198 -0
    outer loop
      vertex 325.536 150.536 192
      vertex 325.044 150.967 3
      vertex 325.536 150.536 3
    endloop
  endfacet
  facet normal -0.555053 -0.831815 0
    outer loop
      vertex 324.5 151.33 3
      vertex 325.044 150.967 192
      vertex 324.5 151.33 192
    endloop
  endfacet
  facet normal -0.555053 -0.831815 -0
    outer loop
      vertex 325.044 150.967 192
      vertex 324.5 151.33 3
      vertex 325.044 150.967 3
    endloop
  endfacet
  facet normal 0.659357 0.75183 -0
    outer loop
      vertex 4.95619 4.03323 3
      vertex 4.46447 4.46447 192
      vertex 4.95619 4.03323 192
    endloop
  endfacet
  facet normal 0.659357 0.75183 0
    outer loop
      vertex 4.46447 4.46447 192
      vertex 4.95619 4.03323 3
      vertex 4.46447 4.46447 3
    endloop
  endfacet
  facet normal 0.98076 -0.195219 0
    outer loop
      vertex 3.04278 147.653 192
      vertex 3.17037 148.294 3
      vertex 3.17037 148.294 192
    endloop
  endfacet
  facet normal 0.98076 -0.195219 0
    outer loop
      vertex 3.17037 148.294 3
      vertex 3.04278 147.653 192
      vertex 3.04278 147.653 3
    endloop
  endfacet
  facet normal 0.194213 -0.980959 0
    outer loop
      vertex 6.7059 151.83 3
      vertex 7.34737 151.957 192
      vertex 6.7059 151.83 192
    endloop
  endfacet
  facet normal 0.194213 -0.980959 0
    outer loop
      vertex 7.34737 151.957 192
      vertex 6.7059 151.83 3
      vertex 7.34737 151.957 3
    endloop
  endfacet
  facet normal -0.0653729 0.997861 0
    outer loop
      vertex 322.653 3.04278 3
      vertex 322 3 192
      vertex 322.653 3.04278 192
    endloop
  endfacet
  facet normal -0.0653729 0.997861 0
    outer loop
      vertex 322 3 192
      vertex 322.653 3.04278 3
      vertex 322 3 3
    endloop
  endfacet
  facet normal 0.555568 0.831471 -0
    outer loop
      vertex 5.5 3.66987 3
      vertex 4.95619 4.03323 192
      vertex 5.5 3.66987 192
    endloop
  endfacet
  facet normal 0.555568 0.831471 0
    outer loop
      vertex 4.95619 4.03323 192
      vertex 5.5 3.66987 3
      vertex 4.95619 4.03323 3
    endloop
  endfacet
  facet normal 0 1 -0
    outer loop
      vertex 322 3 3
      vertex 8 3 192
      vertex 322 3 192
    endloop
  endfacet
  facet normal 0 1 0
    outer loop
      vertex 8 3 192
      vertex 322 3 3
      vertex 8 3 3
    endloop
  endfacet
  facet normal 0.752016 -0.659145 0
    outer loop
      vertex 4.03323 150.044 192
      vertex 4.46447 150.536 3
      vertex 4.46447 150.536 192
    endloop
  endfacet
  facet normal 0.752016 -0.659145 0
    outer loop
      vertex 4.46447 150.536 3
      vertex 4.03323 150.044 192
      vertex 4.03323 150.044 3
    endloop
  endfacet
  facet normal 0.0657447 -0.997836 0
    outer loop
      vertex 7.34737 151.957 3
      vertex 8 152 192
      vertex 7.34737 151.957 192
    endloop
  endfacet
  facet normal 0.0657447 -0.997836 0
    outer loop
      vertex 8 152 192
      vertex 7.34737 151.957 3
      vertex 8 152 3
    endloop
  endfacet
  facet normal -0.555434 0.831561 0
    outer loop
      vertex 325.044 4.03323 3
      vertex 324.5 3.66987 192
      vertex 325.044 4.03323 192
    endloop
  endfacet
  facet normal -0.555434 0.831561 0
    outer loop
      vertex 324.5 3.66987 192
      vertex 325.044 4.03323 3
      vertex 324.5 3.66987 3
    endloop
  endfacet
  facet normal 0.997861 -0.0653729 0
    outer loop
      vertex 3 147 192
      vertex 3.04278 147.653 3
      vertex 3.04278 147.653 192
    endloop
  endfacet
  facet normal 0.997861 -0.0653729 0
    outer loop
      vertex 3.04278 147.653 3
      vertex 3 147 192
      vertex 3 147 3
    endloop
  endfacet
  facet normal 0.555187 -0.831725 0
    outer loop
      vertex 4.95619 150.967 3
      vertex 5.5 151.33 192
      vertex 4.95619 150.967 192
    endloop
  endfacet
  facet normal 0.555187 -0.831725 0
    outer loop
      vertex 5.5 151.33 192
      vertex 4.95619 150.967 3
      vertex 5.5 151.33 3
    endloop
  endfacet
  facet normal 0.831561 -0.555434 0
    outer loop
      vertex 3.66987 149.5 192
      vertex 4.03323 150.044 3
      vertex 4.03323 150.044 192
    endloop
  endfacet
  facet normal 0.831561 -0.555434 0
    outer loop
      vertex 4.03323 150.044 3
      vertex 3.66987 149.5 192
      vertex 3.66987 149.5 3
    endloop
  endfacet
  facet normal -0.0657076 -0.997839 0
    outer loop
      vertex 322 152 3
      vertex 322.653 151.957 7
      vertex 322 152 7
    endloop
  endfacet
  facet normal -0.0657076 -0.997839 -0
    outer loop
      vertex 322.653 151.957 7
      vertex 322 152 3
      vertex 322.653 151.957 3
    endloop
  endfacet
  facet normal -0.0657076 -0.997839 0
    outer loop
      vertex 322 152 22
      vertex 322.653 151.957 192
      vertex 322 152 192
    endloop
  endfacet
  facet normal -0.0657076 -0.997839 -0
    outer loop
      vertex 322.653 151.957 192
      vertex 322 152 22
      vertex 322.653 151.957 22
    endloop
  endfacet
  facet normal -0.834609 -0.550842 0
    outer loop
      vertex 326 149.994 3
      vertex 325.967 150.044 192
      vertex 325.967 150.044 3
    endloop
  endfacet
  facet normal -0.834609 -0.550842 0
    outer loop
      vertex 325.967 150.044 192
      vertex 326 149.994 3
      vertex 326 149.994 192
    endloop
  endfacet
  facet normal 0.94688 -0.321587 0
    outer loop
      vertex 3.17037 148.294 192
      vertex 3.3806 148.913 3
      vertex 3.3806 148.913 192
    endloop
  endfacet
  facet normal 0.94688 -0.321587 0
    outer loop
      vertex 3.3806 148.913 3
      vertex 3.17037 148.294 192
      vertex 3.17037 148.294 3
    endloop
  endfacet
  facet normal 0.831471 0.555568 0
    outer loop
      vertex 4.03323 4.95619 192
      vertex 3.66987 5.5 3
      vertex 3.66987 5.5 192
    endloop
  endfacet
  facet normal 0.831471 0.555568 0
    outer loop
      vertex 3.66987 5.5 3
      vertex 4.03323 4.95619 192
      vertex 4.03323 4.95619 3
    endloop
  endfacet
  facet normal 0.195081 0.980787 -0
    outer loop
      vertex 7.34737 3.04278 3
      vertex 6.7059 3.17037 192
      vertex 7.34737 3.04278 192
    endloop
  endfacet
  facet normal 0.195081 0.980787 0
    outer loop
      vertex 6.7059 3.17037 192
      vertex 7.34737 3.04278 3
      vertex 6.7059 3.17037 3
    endloop
  endfacet
  facet normal 0.997858 0.0654098 0
    outer loop
      vertex 3.04278 7.34737 192
      vertex 3 8 3
      vertex 3 8 192
    endloop
  endfacet
  facet normal 0.997858 0.0654098 0
    outer loop
      vertex 3 8 3
      vertex 3.04278 7.34737 192
      vertex 3.04278 7.34737 3
    endloop
  endfacet
  facet normal 0 0 1
    outer loop
      vertex 325.536 150.536 3
      vertex 326 149.994 3
      vertex 325.967 150.044 3
    endloop
  endfacet
  facet normal 0 0 1
    outer loop
      vertex 326 149.994 3
      vertex 250 104 3
      vertex 326 5.00593 3
    endloop
  endfacet
  facet normal 0 0 1
    outer loop
      vertex 326 149.994 3
      vertex 325.536 150.536 3
      vertex 322 152 3
    endloop
  endfacet
  facet normal 0 -0 1
    outer loop
      vertex 322 3 3
      vertex 326 5.00593 3
      vertex 250 104 3
    endloop
  endfacet
  facet normal 0 0 1
    outer loop
      vertex 322 152 3
      vertex 325.536 150.536 3
      vertex 325.044 150.967 3
    endloop
  endfacet
  facet normal 0 -0 1
    outer loop
      vertex 325.536 4.46447 3
      vertex 326 5.00593 3
      vertex 322 3 3
    endloop
  endfacet
  facet normal 0 0 1
    outer loop
      vertex 322 152 3
      vertex 325.044 150.967 3
      vertex 324.5 151.33 3
    endloop
  endfacet
  facet normal 0 0 1
    outer loop
      vertex 326 5.00593 3
      vertex 325.536 4.46447 3
      vertex 325.967 4.95619 3
    endloop
  endfacet
  facet normal 0 0 1
    outer loop
      vertex 322 152 3
      vertex 324.5 151.33 3
      vertex 323.913 151.619 3
    endloop
  endfacet
  facet normal 0 0 1
    outer loop
      vertex 325.536 4.46447 3
      vertex 322 3 3
      vertex 325.044 4.03323 3
    endloop
  endfacet
  facet normal 0 0 1
    outer loop
      vertex 322 152 3
      vertex 323.913 151.619 3
      vertex 323.294 151.83 3
    endloop
  endfacet
  facet normal 0 0 1
    outer loop
      vertex 325.044 4.03323 3
      vertex 322 3 3
      vertex 324.5 3.66987 3
    endloop
  endfacet
  facet normal 0 0 1
    outer loop
      vertex 322 152 3
      vertex 323.294 151.83 3
      vertex 322.653 151.957 3
    endloop
  endfacet
  facet normal 0 0 1
    outer loop
      vertex 324.5 3.66987 3
      vertex 322 3 3
      vertex 323.913 3.3806 3
    endloop
  endfacet
  facet normal 0 0 1
    outer loop
      vertex 326 149.994 3
      vertex 322 152 3
      vertex 250 104 3
    endloop
  endfacet
  facet normal 0 0 1
    outer loop
      vertex 323.913 3.3806 3
      vertex 322 3 3
      vertex 323.294 3.17037 3
    endloop
  endfacet
  facet normal 0 0 1
    outer loop
      vertex 323.294 3.17037 3
      vertex 322 3 3
      vertex 322.653 3.04278 3
    endloop
  endfacet
  facet normal -0 0 1
    outer loop
      vertex 8 152 3
      vertex 250 104 3
      vertex 322 152 3
    endloop
  endfacet
  facet normal -0 0 1
    outer loop
      vertex 3 147 3
      vertex 10 104 3
      vertex 8 152 3
    endloop
  endfacet
  facet normal 0 0 1
    outer loop
      vertex 250 104 3
      vertex 8 152 3
      vertex 10 104 3
    endloop
  endfacet
  facet normal 0 0 1
    outer loop
      vertex 326 149.994 3
      vertex 330 147 3
      vertex 329.932 148.044 3
    endloop
  endfacet
  facet normal 0 0 1
    outer loop
      vertex 330 147 3
      vertex 326 149.994 3
      vertex 330 8 3
    endloop
  endfacet
  facet normal 0 0 1
    outer loop
      vertex 326 149.994 3
      vertex 329.932 148.044 3
      vertex 329.727 149.071 3
    endloop
  endfacet
  facet normal 0 0 1
    outer loop
      vertex 326 5.00593 3
      vertex 330 8 3
      vertex 326 149.994 3
    endloop
  endfacet
  facet normal -0 0 1
    outer loop
      vertex 326 149.994 3
      vertex 329.727 149.071 3
      vertex 329.391 150.061 3
    endloop
  endfacet
  facet normal 0 0 1
    outer loop
      vertex 330 8 3
      vertex 326 5.00593 3
      vertex 329.932 6.95579 3
    endloop
  endfacet
  facet normal 0 0 1
    outer loop
      vertex 326 149.994 3
      vertex 329.391 150.061 3
      vertex 328.928 151 3
    endloop
  endfacet
  facet normal 0 0 1
    outer loop
      vertex 329.932 6.95579 3
      vertex 326 5.00593 3
      vertex 329.727 5.92945 3
    endloop
  endfacet
  facet normal 0 0 1
    outer loop
      vertex 326 149.994 3
      vertex 328.928 151 3
      vertex 328.347 151.87 3
    endloop
  endfacet
  facet normal 0 0 1
    outer loop
      vertex 329.727 5.92945 3
      vertex 326 5.00593 3
      vertex 329.391 4.93853 3
    endloop
  endfacet
  facet normal 0 0 1
    outer loop
      vertex 326 149.994 3
      vertex 328.347 151.87 3
      vertex 328.233 152 3
    endloop
  endfacet
  facet normal 0 0 1
    outer loop
      vertex 329.391 4.93853 3
      vertex 326 5.00593 3
      vertex 328.928 4 3
    endloop
  endfacet
  facet normal 0 0 1
    outer loop
      vertex 326 149.994 3
      vertex 328.233 152 3
      vertex 326 152 3
    endloop
  endfacet
  facet normal 0 0 1
    outer loop
      vertex 328.928 4 3
      vertex 326 5.00593 3
      vertex 328.347 3.12991 3
    endloop
  endfacet
  facet normal 0 0 1
    outer loop
      vertex 328.347 3.12991 3
      vertex 326 5.00593 3
      vertex 328.233 3 3
    endloop
  endfacet
  facet normal 0 0 1
    outer loop
      vertex 328.233 3 3
      vertex 326 5.00593 3
      vertex 326 3 3
    endloop
  endfacet
  facet normal -0 0 1
    outer loop
      vertex 250 8 3
      vertex 322 3 3
      vertex 250 104 3
    endloop
  endfacet
  facet normal 0 0 1
    outer loop
      vertex 8 3 3
      vertex 250 8 3
      vertex 10 8 3
    endloop
  endfacet
  facet normal 0 0 1
    outer loop
      vertex 250 8 3
      vertex 8 3 3
      vertex 322 3 3
    endloop
  endfacet
  facet normal 0 0 1
    outer loop
      vertex 3 8 3
      vertex 10 104 3
      vertex 3 147 3
    endloop
  endfacet
  facet normal 0 0 1
    outer loop
      vertex 3 147 3
      vertex 8 152 3
      vertex 7.34737 151.957 3
    endloop
  endfacet
  facet normal 0 0 1
    outer loop
      vertex 10 104 3
      vertex 3 8 3
      vertex 10 8 3
    endloop
  endfacet
  facet normal 0 0 1
    outer loop
      vertex 3 147 3
      vertex 7.34737 151.957 3
      vertex 6.7059 151.83 3
    endloop
  endfacet
  facet normal 0 -0 1
    outer loop
      vertex 3.04278 7.34737 3
      vertex 10 8 3
      vertex 3 8 3
    endloop
  endfacet
  facet normal 0 0 1
    outer loop
      vertex 3 147 3
      vertex 6.7059 151.83 3
      vertex 6.08658 151.619 3
    endloop
  endfacet
  facet normal 0 0 1
    outer loop
      vertex 10 8 3
      vertex 7.34737 3.04278 3
      vertex 8 3 3
    endloop
  endfacet
  facet normal 0 0 1
    outer loop
      vertex 3 147 3
      vertex 6.08658 151.619 3
      vertex 5.5 151.33 3
    endloop
  endfacet
  facet normal 0 0 1
    outer loop
      vertex 10 8 3
      vertex 6.7059 3.17037 3
      vertex 7.34737 3.04278 3
    endloop
  endfacet
  facet normal 0 0 1
    outer loop
      vertex 3 147 3
      vertex 5.5 151.33 3
      vertex 4.95619 150.967 3
    endloop
  endfacet
  facet normal 0 0 1
    outer loop
      vertex 10 8 3
      vertex 6.08658 3.3806 3
      vertex 6.7059 3.17037 3
    endloop
  endfacet
  facet normal 0 0 1
    outer loop
      vertex 3 147 3
      vertex 4.95619 150.967 3
      vertex 4.46447 150.536 3
    endloop
  endfacet
  facet normal 0 0 1
    outer loop
      vertex 10 8 3
      vertex 5.5 3.66987 3
      vertex 6.08658 3.3806 3
    endloop
  endfacet
  facet normal 0 0 1
    outer loop
      vertex 3 147 3
      vertex 4.46447 150.536 3
      vertex 4.03323 150.044 3
    endloop
  endfacet
  facet normal 0 0 1
    outer loop
      vertex 10 8 3
      vertex 4.95619 4.03323 3
      vertex 5.5 3.66987 3
    endloop
  endfacet
  facet normal 0 0 1
    outer loop
      vertex 3 147 3
      vertex 4.03323 150.044 3
      vertex 3.66987 149.5 3
    endloop
  endfacet
  facet normal 0 0 1
    outer loop
      vertex 10 8 3
      vertex 4.46447 4.46447 3
      vertex 4.95619 4.03323 3
    endloop
  endfacet
  facet normal 0 0 1
    outer loop
      vertex 3 147 3
      vertex 3.66987 149.5 3
      vertex 3.3806 148.913 3
    endloop
  endfacet
  facet normal 0 0 1
    outer loop
      vertex 10 8 3
      vertex 4.03323 4.95619 3
      vertex 4.46447 4.46447 3
    endloop
  endfacet
  facet normal 0 0 1
    outer loop
      vertex 3 147 3
      vertex 3.3806 148.913 3
      vertex 3.17037 148.294 3
    endloop
  endfacet
  facet normal 0 0 1
    outer loop
      vertex 10 8 3
      vertex 3.66987 5.5 3
      vertex 4.03323 4.95619 3
    endloop
  endfacet
  facet normal 0 0 1
    outer loop
      vertex 3 147 3
      vertex 3.17037 148.294 3
      vertex 3.04278 147.653 3
    endloop
  endfacet
  facet normal 0 0 1
    outer loop
      vertex 10 8 3
      vertex 3.3806 6.08658 3
      vertex 3.66987 5.5 3
    endloop
  endfacet
  facet normal 0 0 1
    outer loop
      vertex 10 8 3
      vertex 3.17037 6.7059 3
      vertex 3.3806 6.08658 3
    endloop
  endfacet
  facet normal 0 0 1
    outer loop
      vertex 10 8 3
      vertex 3.04278 7.34737 3
      vertex 3.17037 6.7059 3
    endloop
  endfacet
  facet normal 0 0 -1
    outer loop
      vertex 325.536 4.46447 192
      vertex 326 5.00593 192
      vertex 325.967 4.95619 192
    endloop
  endfacet
  facet normal 0 0 -1
    outer loop
      vertex 326 5.00593 192
      vertex 290.5 12 192
      vertex 326 149.994 192
    endloop
  endfacet
  facet normal 0 0 -1
    outer loop
      vertex 326 5.00593 192
      vertex 325.536 4.46447 192
      vertex 322 3 192
    endloop
  endfacet
  facet normal 0 0 -1
    outer loop
      vertex 290.5 143 192
      vertex 326 149.994 192
      vertex 290.5 12 192
    endloop
  endfacet
  facet normal 0 0 -1
    outer loop
      vertex 322 3 192
      vertex 325.536 4.46447 192
      vertex 325.044 4.03323 192
    endloop
  endfacet
  facet normal 0 -0 -1
    outer loop
      vertex 322 152 192
      vertex 326 149.994 192
      vertex 290.5 143 192
    endloop
  endfacet
  facet normal 0 0 -1
    outer loop
      vertex 322 3 192
      vertex 325.044 4.03323 192
      vertex 324.5 3.66987 192
    endloop
  endfacet
  facet normal -0 -0 -1
    outer loop
      vertex 325.536 150.536 192
      vertex 326 149.994 192
      vertex 322 152 192
    endloop
  endfacet
  facet normal 0 0 -1
    outer loop
      vertex 322 3 192
      vertex 324.5 3.66987 192
      vertex 323.913 3.3806 192
    endloop
  endfacet
  facet normal 0 0 -1
    outer loop
      vertex 326 149.994 192
      vertex 325.536 150.536 192
      vertex 325.967 150.044 192
    endloop
  endfacet
  facet normal 0 0 -1
    outer loop
      vertex 322 3 192
      vertex 323.913 3.3806 192
      vertex 323.294 3.17037 192
    endloop
  endfacet
  facet normal 0 0 -1
    outer loop
      vertex 325.536 150.536 192
      vertex 322 152 192
      vertex 325.044 150.967 192
    endloop
  endfacet
  facet normal 0 0 -1
    outer loop
      vertex 322 3 192
      vertex 323.294 3.17037 192
      vertex 322.653 3.04278 192
    endloop
  endfacet
  facet normal 0 0 -1
    outer loop
      vertex 325.044 150.967 192
      vertex 322 152 192
      vertex 324.5 151.33 192
    endloop
  endfacet
  facet normal -0 0 -1
    outer loop
      vertex 326 5.00593 192
      vertex 322 3 192
      vertex 290.5 12 192
    endloop
  endfacet
  facet normal 0 0 -1
    outer loop
      vertex 324.5 151.33 192
      vertex 322 152 192
      vertex 323.913 151.619 192
    endloop
  endfacet
  facet normal 0 0 -1
    outer loop
      vertex 323.913 151.619 192
      vertex 322 152 192
      vertex 323.294 151.83 192
    endloop
  endfacet
  facet normal 0 0 -1
    outer loop
      vertex 322 3 192
      vertex 39.5 12 192
      vertex 290.5 12 192
    endloop
  endfacet
  facet normal 0 0 -1
    outer loop
      vertex 3 8 192
      vertex 39.5 12 192
      vertex 8 3 192
    endloop
  endfacet
  facet normal 0 0 -1
    outer loop
      vertex 8 3 192
      vertex 39.5 12 192
      vertex 322 3 192
    endloop
  endfacet
  facet normal 0 0 -1
    outer loop
      vertex 326 5.00593 192
      vertex 330 8 192
      vertex 329.932 6.95579 192
    endloop
  endfacet
  facet normal -0 0 -1
    outer loop
      vertex 330 8 192
      vertex 326 5.00593 192
      vertex 330 147 192
    endloop
  endfacet
  facet normal 0 0 -1
    outer loop
      vertex 326 5.00593 192
      vertex 329.932 6.95579 192
      vertex 329.727 5.92945 192
    endloop
  endfacet
  facet normal 0 0 -1
    outer loop
      vertex 326 149.994 192
      vertex 330 147 192
      vertex 326 5.00593 192
    endloop
  endfacet
  facet normal 0 0 -1
    outer loop
      vertex 326 5.00593 192
      vertex 329.727 5.92945 192
      vertex 329.391 4.93853 192
    endloop
  endfacet
  facet normal 0 0 -1
    outer loop
      vertex 330 147 192
      vertex 326 149.994 192
      vertex 329.932 148.044 192
    endloop
  endfacet
  facet normal 0 0 -1
    outer loop
      vertex 326 5.00593 192
      vertex 329.391 4.93853 192
      vertex 328.928 4 192
    endloop
  endfacet
  facet normal 0 0 -1
    outer loop
      vertex 329.932 148.044 192
      vertex 326 149.994 192
      vertex 329.727 149.071 192
    endloop
  endfacet
  facet normal 0 0 -1
    outer loop
      vertex 326 5.00593 192
      vertex 328.928 4 192
      vertex 328.347 3.12991 192
    endloop
  endfacet
  facet normal 0 0 -1
    outer loop
      vertex 329.727 149.071 192
      vertex 326 149.994 192
      vertex 329.391 150.061 192
    endloop
  endfacet
  facet normal 0 0 -1
    outer loop
      vertex 326 5.00593 192
      vertex 328.347 3.12991 192
      vertex 328.233 3 192
    endloop
  endfacet
  facet normal -0 0 -1
    outer loop
      vertex 329.391 150.061 192
      vertex 326 149.994 192
      vertex 328.928 151 192
    endloop
  endfacet
  facet normal 0 0 -1
    outer loop
      vertex 326 5.00593 192
      vertex 328.233 3 192
      vertex 326 3 192
    endloop
  endfacet
  facet normal -0 0 -1
    outer loop
      vertex 328.928 151 192
      vertex 326 149.994 192
      vertex 328.347 151.87 192
    endloop
  endfacet
  facet normal -0 0 -1
    outer loop
      vertex 328.347 151.87 192
      vertex 326 149.994 192
      vertex 328.233 152 192
    endloop
  endfacet
  facet normal -0 0 -1
    outer loop
      vertex 328.233 152 192
      vertex 326 149.994 192
      vertex 326 152 192
    endloop
  endfacet
  facet normal 0 0 -1
    outer loop
      vertex 323.294 151.83 192
      vertex 322 152 192
      vertex 322.653 151.957 192
    endloop
  endfacet
  facet normal 0 0 -1
    outer loop
      vertex 39.5 143 192
      vertex 322 152 192
      vertex 290.5 143 192
    endloop
  endfacet
  facet normal 0 0 -1
    outer loop
      vertex 39.5 143 192
      vertex 8 152 192
      vertex 322 152 192
    endloop
  endfacet
  facet normal -0 0 -1
    outer loop
      vertex 39.5 12 192
      vertex 3 8 192
      vertex 39.5 143 192
    endloop
  endfacet
  facet normal 0 0 -1
    outer loop
      vertex 3 8 192
      vertex 8 3 192
      vertex 7.34737 3.04278 192
    endloop
  endfacet
  facet normal 0 0 -1
    outer loop
      vertex 3 147 192
      vertex 39.5 143 192
      vertex 3 8 192
    endloop
  endfacet
  facet normal 0 0 -1
    outer loop
      vertex 3 8 192
      vertex 7.34737 3.04278 192
      vertex 6.7059 3.17037 192
    endloop
  endfacet
  facet normal 0 0 -1
    outer loop
      vertex 39.5 143 192
      vertex 3 147 192
      vertex 8 152 192
    endloop
  endfacet
  facet normal 0 0 -1
    outer loop
      vertex 3 8 192
      vertex 6.7059 3.17037 192
      vertex 6.08658 3.3806 192
    endloop
  endfacet
  facet normal 0 0 -1
    outer loop
      vertex 8 152 192
      vertex 3 147 192
      vertex 7.34737 151.957 192
    endloop
  endfacet
  facet normal 0 0 -1
    outer loop
      vertex 3 8 192
      vertex 6.08658 3.3806 192
      vertex 5.5 3.66987 192
    endloop
  endfacet
  facet normal 0 0 -1
    outer loop
      vertex 7.34737 151.957 192
      vertex 3 147 192
      vertex 6.7059 151.83 192
    endloop
  endfacet
  facet normal 0 0 -1
    outer loop
      vertex 3 8 192
      vertex 5.5 3.66987 192
      vertex 4.95619 4.03323 192
    endloop
  endfacet
  facet normal 0 0 -1
    outer loop
      vertex 6.7059 151.83 192
      vertex 3 147 192
      vertex 6.08658 151.619 192
    endloop
  endfacet
  facet normal 0 0 -1
    outer loop
      vertex 3 8 192
      vertex 4.95619 4.03323 192
      vertex 4.46447 4.46447 192
    endloop
  endfacet
  facet normal 0 0 -1
    outer loop
      vertex 6.08658 151.619 192
      vertex 3 147 192
      vertex 5.5 151.33 192
    endloop
  endfacet
  facet normal 0 0 -1
    outer loop
      vertex 3 8 192
      vertex 4.46447 4.46447 192
      vertex 4.03323 4.95619 192
    endloop
  endfacet
  facet normal 0 0 -1
    outer loop
      vertex 5.5 151.33 192
      vertex 3 147 192
      vertex 4.95619 150.967 192
    endloop
  endfacet
  facet normal 0 0 -1
    outer loop
      vertex 3 8 192
      vertex 4.03323 4.95619 192
      vertex 3.66987 5.5 192
    endloop
  endfacet
  facet normal 0 0 -1
    outer loop
      vertex 4.95619 150.967 192
      vertex 3 147 192
      vertex 4.46447 150.536 192
    endloop
  endfacet
  facet normal 0 0 -1
    outer loop
      vertex 3 8 192
      vertex 3.66987 5.5 192
      vertex 3.3806 6.08658 192
    endloop
  endfacet
  facet normal 0 0 -1
    outer loop
      vertex 4.46447 150.536 192
      vertex 3 147 192
      vertex 4.03323 150.044 192
    endloop
  endfacet
  facet normal 0 0 -1
    outer loop
      vertex 3 8 192
      vertex 3.3806 6.08658 192
      vertex 3.17037 6.7059 192
    endloop
  endfacet
  facet normal 0 0 -1
    outer loop
      vertex 4.03323 150.044 192
      vertex 3 147 192
      vertex 3.66987 149.5 192
    endloop
  endfacet
  facet normal 0 0 -1
    outer loop
      vertex 3 8 192
      vertex 3.17037 6.7059 192
      vertex 3.04278 7.34737 192
    endloop
  endfacet
  facet normal 0 0 -1
    outer loop
      vertex 3.66987 149.5 192
      vertex 3 147 192
      vertex 3.3806 148.913 192
    endloop
  endfacet
  facet normal 0 0 -1
    outer loop
      vertex 3.3806 148.913 192
      vertex 3 147 192
      vertex 3.17037 148.294 192
    endloop
  endfacet
  facet normal 0 0 -1
    outer loop
      vertex 3.17037 148.294 192
      vertex 3 147 192
      vertex 3.04278 147.653 192
    endloop
  endfacet
  facet normal -0.752012 0.65915 0
    outer loop
      vertex 325.536 4.46447 3
      vertex 325.967 4.95619 192
      vertex 325.967 4.95619 3
    endloop
  endfacet
  facet normal -0.752012 0.65915 0
    outer loop
      vertex 325.967 4.95619 192
      vertex 325.536 4.46447 3
      vertex 325.536 4.46447 192
    endloop
  endfacet
  facet normal -0.833285 0.552843 0
    outer loop
      vertex 325.967 4.95619 3
      vertex 326 5.00593 192
      vertex 326 5.00593 3
    endloop
  endfacet
  facet normal -0.833285 0.552843 0
    outer loop
      vertex 326 5.00593 192
      vertex 325.967 4.95619 3
      vertex 325.967 4.95619 192
    endloop
  endfacet
  facet normal -1 0 0
    outer loop
      vertex 290.5 12 192
      vertex 290.5 143 195
      vertex 290.5 143 192
    endloop
  endfacet
  facet normal -1 -0 0
    outer loop
      vertex 290.5 143 195
      vertex 290.5 12 192
      vertex 290.5 12 195
    endloop
  endfacet
  facet normal 1 -0 0
    outer loop
      vertex 39.5 12 195
      vertex 39.5 143 192
      vertex 39.5 143 195
    endloop
  endfacet
  facet normal 1 0 0
    outer loop
      vertex 39.5 143 192
      vertex 39.5 12 195
      vertex 39.5 12 192
    endloop
  endfacet
  facet normal 0 -1 0
    outer loop
      vertex 39.5 143 192
      vertex 290.5 143 195
      vertex 39.5 143 195
    endloop
  endfacet
  facet normal 0 -1 -0
    outer loop
      vertex 290.5 143 195
      vertex 39.5 143 192
      vertex 290.5 143 192
    endloop
  endfacet
  facet normal 0 1 -0
    outer loop
      vertex 290.5 12 192
      vertex 39.5 12 195
      vertex 290.5 12 195
    endloop
  endfacet
  facet normal 0 1 0
    outer loop
      vertex 39.5 12 195
      vertex 290.5 12 192
      vertex 39.5 12 192
    endloop
  endfacet
  facet normal 1 -0 0
    outer loop
      vertex 326 149.994 192
      vertex 326 152 3
      vertex 326 152 192
    endloop
  endfacet
  facet normal 1 0 0
    outer loop
      vertex 326 152 3
      vertex 326 149.994 192
      vertex 326 149.994 3
    endloop
  endfacet
  facet normal 1 -0 0
    outer loop
      vertex 326 3 192
      vertex 326 5.00593 3
      vertex 326 5.00593 192
    endloop
  endfacet
  facet normal 1 0 0
    outer loop
      vertex 326 5.00593 3
      vertex 326 3 192
      vertex 326 3 3
    endloop
  endfacet
  facet normal 0 -1 0
    outer loop
      vertex 326 152 3
      vertex 328.233 152 192
      vertex 326 152 192
    endloop
  endfacet
  facet normal 0 -1 -0
    outer loop
      vertex 328.233 152 192
      vertex 326 152 3
      vertex 328.233 152 3
    endloop
  endfacet
  facet normal 0 1 -0
    outer loop
      vertex 328.233 3 3
      vertex 326 3 192
      vertex 328.233 3 192
    endloop
  endfacet
  facet normal 0 1 0
    outer loop
      vertex 326 3 192
      vertex 328.233 3 3
      vertex 326 3 3
    endloop
  endfacet
  facet normal 1 -0 0
    outer loop
      vertex 320.85 5.5 76.8
      vertex 320.85 149.5 43
      vertex 320.85 149.5 76.8
    endloop
  endfacet
  facet normal 1 0 0
    outer loop
      vertex 320.85 149.5 43
      vertex 320.85 5.5 76.8
      vertex 320.85 5.5 43
    endloop
  endfacet
  facet normal -1 0 0
    outer loop
      vertex 9.15 5.5 43
      vertex 9.15 149.5 76.8
      vertex 9.15 149.5 43
    endloop
  endfacet
  facet normal -1 -0 0
    outer loop
      vertex 9.15 149.5 76.8
      vertex 9.15 5.5 43
      vertex 9.15 5.5 76.8
    endloop
  endfacet
  facet normal 0 1 -0
    outer loop
      vertex 320.85 149.5 43
      vertex 9.15 149.5 76.8
      vertex 320.85 149.5 76.8
    endloop
  endfacet
  facet normal 0 1 0
    outer loop
      vertex 9.15 149.5 76.8
      vertex 320.85 149.5 43
      vertex 9.15 149.5 43
    endloop
  endfacet
  facet normal 0 -1 0
    outer loop
      vertex 9.15 5.5 43
      vertex 320.85 5.5 76.8
      vertex 9.15 5.5 76.8
    endloop
  endfacet
  facet normal 0 -1 -0
    outer loop
      vertex 320.85 5.5 76.8
      vertex 9.15 5.5 43
      vertex 320.85 5.5 43
    endloop
  endfacet
  facet normal 0 0 1
    outer loop
      vertex 320.85 149.5 76.8
      vertex 285.5 138 76.8
      vertex 320.85 5.5 76.8
    endloop
  endfacet
  facet normal 0 0 1
    outer loop
      vertex 320.85 149.5 76.8
      vertex 44.5 138 76.8
      vertex 285.5 138 76.8
    endloop
  endfacet
  facet normal 0 0 1
    outer loop
      vertex 44.5 138 76.8
      vertex 9.15 149.5 76.8
      vertex 44.5 17 76.8
    endloop
  endfacet
  facet normal -0 0 1
    outer loop
      vertex 9.15 149.5 76.8
      vertex 44.5 138 76.8
      vertex 320.85 149.5 76.8
    endloop
  endfacet
  facet normal -0 0 1
    outer loop
      vertex 285.5 17 76.8
      vertex 320.85 5.5 76.8
      vertex 285.5 138 76.8
    endloop
  endfacet
  facet normal -0 0 1
    outer loop
      vertex 44.5 17 76.8
      vertex 320.85 5.5 76.8
      vertex 285.5 17 76.8
    endloop
  endfacet
  facet normal 0 0 1
    outer loop
      vertex 44.5 17 76.8
      vertex 9.15 5.5 76.8
      vertex 320.85 5.5 76.8
    endloop
  endfacet
  facet normal 0 0 1
    outer loop
      vertex 9.15 5.5 76.8
      vertex 44.5 17 76.8
      vertex 9.15 149.5 76.8
    endloop
  endfacet
  facet normal 0.751858 -0.659325 0
    outer loop
      vertex 145.512 36.4878 158
      vertex 150.514 42.1918 156.8
      vertex 150.514 42.1918 158
    endloop
  endfacet
  facet normal 0.751858 -0.659325 0
    outer loop
      vertex 150.514 42.1918 156.8
      vertex 145.512 36.4878 158
      vertex 145.512 36.4878 156.8
    endloop
  endfacet
  facet normal 0.89685 0.442335 0
    outer loop
      vertex 158.085 99.6956 158
      vertex 154.729 106.5 156.8
      vertex 154.729 106.5 158
    endloop
  endfacet
  facet normal 0.89685 0.442335 0
    outer loop
      vertex 154.729 106.5 156.8
      vertex 158.085 99.6956 158
      vertex 158.085 99.6956 156.8
    endloop
  endfacet
  facet normal 0.831462 0.555582 0
    outer loop
      vertex 154.729 106.5 158
      vertex 150.514 112.808 156.8
      vertex 150.514 112.808 158
    endloop
  endfacet
  facet normal 0.831462 0.555582 0
    outer loop
      vertex 150.514 112.808 156.8
      vertex 154.729 106.5 158
      vertex 154.729 106.5 156.8
    endloop
  endfacet
  facet normal 0.980788 0.195077 0
    outer loop
      vertex 162.004 85.0705 158
      vertex 160.524 92.5115 156.8
      vertex 160.524 92.5115 158
    endloop
  endfacet
  facet normal 0.980788 0.195077 0
    outer loop
      vertex 160.524 92.5115 156.8
      vertex 162.004 85.0705 158
      vertex 162.004 85.0705 156.8
    endloop
  endfacet
  facet normal 0.0653993 -0.997859 0
    outer loop
      vertex 104.5 19.5 156.8
      vertex 112.071 19.9962 158
      vertex 104.5 19.5 158
    endloop
  endfacet
  facet normal 0.0653993 -0.997859 0
    outer loop
      vertex 112.071 19.9962 158
      vertex 104.5 19.5 156.8
      vertex 112.071 19.9962 156.8
    endloop
  endfacet
  facet normal -0.980785 0.195089 0
    outer loop
      vertex 46.9962 85.0705 156.8
      vertex 48.4763 92.5115 158
      vertex 48.4763 92.5115 156.8
    endloop
  endfacet
  facet normal -0.980785 0.195089 0
    outer loop
      vertex 48.4763 92.5115 158
      vertex 46.9962 85.0705 156.8
      vertex 46.9962 85.0705 158
    endloop
  endfacet
  facet normal 0.659325 0.751858 -0
    outer loop
      vertex 145.512 118.512 156.8
      vertex 139.808 123.514 158
      vertex 145.512 118.512 158
    endloop
  endfacet
  facet normal 0.659325 0.751858 0
    outer loop
      vertex 139.808 123.514 158
      vertex 145.512 118.512 156.8
      vertex 139.808 123.514 156.8
    endloop
  endfacet
  facet normal -0.980785 -0.195089 0
    outer loop
      vertex 48.4763 62.4885 156.8
      vertex 46.9962 69.9295 158
      vertex 46.9962 69.9295 156.8
    endloop
  endfacet
  facet normal -0.980785 -0.195089 0
    outer loop
      vertex 46.9962 69.9295 158
      vertex 48.4763 62.4885 156.8
      vertex 48.4763 62.4885 158
    endloop
  endfacet
  facet normal 0.83147 -0.55557 0
    outer loop
      vertex 150.514 42.1918 158
      vertex 154.729 48.5 156.8
      vertex 154.729 48.5 158
    endloop
  endfacet
  facet normal 0.83147 -0.55557 0
    outer loop
      vertex 154.729 48.5 156.8
      vertex 150.514 42.1918 158
      vertex 150.514 42.1918 156.8
    endloop
  endfacet
  facet normal -0.442335 0.89685 0
    outer loop
      vertex 82.3044 131.085 156.8
      vertex 75.5 127.729 158
      vertex 82.3044 131.085 158
    endloop
  endfacet
  facet normal -0.442335 0.89685 0
    outer loop
      vertex 75.5 127.729 158
      vertex 82.3044 131.085 156.8
      vertex 75.5 127.729 156.8
    endloop
  endfacet
  facet normal 0.321447 -0.946928 0
    outer loop
      vertex 119.512 21.4763 156.8
      vertex 126.696 23.915 158
      vertex 119.512 21.4763 158
    endloop
  endfacet
  facet normal 0.321447 -0.946928 0
    outer loop
      vertex 126.696 23.915 158
      vertex 119.512 21.4763 156.8
      vertex 126.696 23.915 156.8
    endloop
  endfacet
  facet normal 0.195089 -0.980785 0
    outer loop
      vertex 112.071 19.9962 156.8
      vertex 119.512 21.4763 158
      vertex 112.071 19.9962 158
    endloop
  endfacet
  facet normal 0.195089 -0.980785 0
    outer loop
      vertex 119.512 21.4763 158
      vertex 112.071 19.9962 156.8
      vertex 119.512 21.4763 156.8
    endloop
  endfacet
  facet normal 0.997861 0.0653773 0
    outer loop
      vertex 162.5 77.5 158
      vertex 162.004 85.0705 156.8
      vertex 162.004 85.0705 158
    endloop
  endfacet
  facet normal 0.997861 0.0653773 0
    outer loop
      vertex 162.004 85.0705 156.8
      vertex 162.5 77.5 158
      vertex 162.5 77.5 156.8
    endloop
  endfacet
  facet normal -0.659325 0.751858 0
    outer loop
      vertex 69.1918 123.514 156.8
      vertex 63.4878 118.512 158
      vertex 69.1918 123.514 158
    endloop
  endfacet
  facet normal -0.659325 0.751858 0
    outer loop
      vertex 63.4878 118.512 158
      vertex 69.1918 123.514 156.8
      vertex 63.4878 118.512 156.8
    endloop
  endfacet
  facet normal -0.195077 0.980788 0
    outer loop
      vertex 96.9295 135.004 156.8
      vertex 89.4885 133.524 158
      vertex 96.9295 135.004 158
    endloop
  endfacet
  facet normal -0.195077 0.980788 0
    outer loop
      vertex 89.4885 133.524 158
      vertex 96.9295 135.004 156.8
      vertex 89.4885 133.524 156.8
    endloop
  endfacet
  facet normal 0.555582 -0.831462 0
    outer loop
      vertex 133.5 27.2705 156.8
      vertex 139.808 31.4855 158
      vertex 133.5 27.2705 158
    endloop
  endfacet
  facet normal 0.555582 -0.831462 0
    outer loop
      vertex 139.808 31.4855 158
      vertex 133.5 27.2705 156.8
      vertex 139.808 31.4855 156.8
    endloop
  endfacet
  facet normal -0.997859 -0.0654036 0
    outer loop
      vertex 46.9962 69.9295 156.8
      vertex 46.5 77.5 158
      vertex 46.5 77.5 156.8
    endloop
  endfacet
  facet normal -0.997859 -0.0654036 0
    outer loop
      vertex 46.5 77.5 158
      vertex 46.9962 69.9295 156.8
      vertex 46.9962 69.9295 158
    endloop
  endfacet
  facet normal -0.321478 0.946917 0
    outer loop
      vertex 89.4885 133.524 156.8
      vertex 82.3044 131.085 158
      vertex 89.4885 133.524 158
    endloop
  endfacet
  facet normal -0.321478 0.946917 0
    outer loop
      vertex 82.3044 131.085 158
      vertex 89.4885 133.524 156.8
      vertex 82.3044 131.085 156.8
    endloop
  endfacet
  facet normal 0.065373 0.997861 -0
    outer loop
      vertex 112.071 135.004 156.8
      vertex 104.5 135.5 158
      vertex 112.071 135.004 158
    endloop
  endfacet
  facet normal 0.065373 0.997861 0
    outer loop
      vertex 104.5 135.5 158
      vertex 112.071 135.004 156.8
      vertex 104.5 135.5 156.8
    endloop
  endfacet
  facet normal 0.195077 0.980788 -0
    outer loop
      vertex 119.512 133.524 156.8
      vertex 112.071 135.004 158
      vertex 119.512 133.524 158
    endloop
  endfacet
  facet normal 0.195077 0.980788 0
    outer loop
      vertex 112.071 135.004 158
      vertex 119.512 133.524 156.8
      vertex 112.071 135.004 156.8
    endloop
  endfacet
  facet normal 0.89685 -0.442335 0
    outer loop
      vertex 154.729 48.5 158
      vertex 158.085 55.3044 156.8
      vertex 158.085 55.3044 158
    endloop
  endfacet
  facet normal 0.89685 -0.442335 0
    outer loop
      vertex 158.085 55.3044 156.8
      vertex 154.729 48.5 158
      vertex 154.729 48.5 156.8
    endloop
  endfacet
  facet normal 0.442303 -0.896865 0
    outer loop
      vertex 126.696 23.915 156.8
      vertex 133.5 27.2705 158
      vertex 126.696 23.915 158
    endloop
  endfacet
  facet normal 0.442303 -0.896865 0
    outer loop
      vertex 133.5 27.2705 158
      vertex 126.696 23.915 156.8
      vertex 133.5 27.2705 156.8
    endloop
  endfacet
  facet normal 0.751858 0.659325 0
    outer loop
      vertex 150.514 112.808 158
      vertex 145.512 118.512 156.8
      vertex 145.512 118.512 158
    endloop
  endfacet
  facet normal 0.751858 0.659325 0
    outer loop
      vertex 145.512 118.512 156.8
      vertex 150.514 112.808 158
      vertex 150.514 112.808 156.8
    endloop
  endfacet
  facet normal 0.321482 0.946916 -0
    outer loop
      vertex 126.696 131.085 156.8
      vertex 119.512 133.524 158
      vertex 126.696 131.085 158
    endloop
  endfacet
  facet normal 0.321482 0.946916 0
    outer loop
      vertex 119.512 133.524 158
      vertex 126.696 131.085 156.8
      vertex 119.512 133.524 156.8
    endloop
  endfacet
  facet normal -0.195089 -0.980785 0
    outer loop
      vertex 89.4885 21.4763 156.8
      vertex 96.9295 19.9962 158
      vertex 89.4885 21.4763 158
    endloop
  endfacet
  facet normal -0.195089 -0.980785 -0
    outer loop
      vertex 96.9295 19.9962 158
      vertex 89.4885 21.4763 156.8
      vertex 96.9295 19.9962 156.8
    endloop
  endfacet
  facet normal 0.659348 -0.751838 0
    outer loop
      vertex 139.808 31.4855 156.8
      vertex 145.512 36.4878 158
      vertex 139.808 31.4855 158
    endloop
  endfacet
  facet normal 0.659348 -0.751838 0
    outer loop
      vertex 145.512 36.4878 158
      vertex 139.808 31.4855 156.8
      vertex 145.512 36.4878 156.8
    endloop
  endfacet
  facet normal -0.0654036 -0.997859 0
    outer loop
      vertex 96.9295 19.9962 156.8
      vertex 104.5 19.5 158
      vertex 96.9295 19.9962 158
    endloop
  endfacet
  facet normal -0.0654036 -0.997859 -0
    outer loop
      vertex 104.5 19.5 158
      vertex 96.9295 19.9962 156.8
      vertex 104.5 19.5 156.8
    endloop
  endfacet
  facet normal 0.442356 0.896839 -0
    outer loop
      vertex 133.5 127.729 156.8
      vertex 126.696 131.085 158
      vertex 133.5 127.729 158
    endloop
  endfacet
  facet normal 0.442356 0.896839 0
    outer loop
      vertex 126.696 131.085 158
      vertex 133.5 127.729 156.8
      vertex 126.696 131.085 156.8
    endloop
  endfacet
  facet normal 0.555582 0.831462 -0
    outer loop
      vertex 139.808 123.514 156.8
      vertex 133.5 127.729 158
      vertex 139.808 123.514 158
    endloop
  endfacet
  facet normal 0.555582 0.831462 0
    outer loop
      vertex 133.5 127.729 158
      vertex 139.808 123.514 156.8
      vertex 133.5 127.729 156.8
    endloop
  endfacet
  facet normal -0.896876 -0.442282 0
    outer loop
      vertex 54.2705 48.5 156.8
      vertex 50.915 55.3044 158
      vertex 50.915 55.3044 156.8
    endloop
  endfacet
  facet normal -0.896876 -0.442282 0
    outer loop
      vertex 50.915 55.3044 158
      vertex 54.2705 48.5 156.8
      vertex 54.2705 48.5 158
    endloop
  endfacet
  facet normal 0 0 -1
    outer loop
      vertex 158.5 77.5 156.8
      vertex 162.5 77.5 156.8
      vertex 162.004 69.9295 156.8
    endloop
  endfacet
  facet normal 0 0 -1
    outer loop
      vertex 158.038 70.4516 156.8
      vertex 162.004 69.9295 156.8
      vertex 160.524 62.4885 156.8
    endloop
  endfacet
  facet normal 0 0 -1
    outer loop
      vertex 162.5 77.5 156.8
      vertex 158.5 77.5 156.8
      vertex 162.004 85.0705 156.8
    endloop
  endfacet
  facet normal 0 0 -1
    outer loop
      vertex 158.038 84.5484 156.8
      vertex 162.004 85.0705 156.8
      vertex 158.5 77.5 156.8
    endloop
  endfacet
  facet normal 0 0 -1
    outer loop
      vertex 156.66 63.5238 156.8
      vertex 160.524 62.4885 156.8
      vertex 158.085 55.3044 156.8
    endloop
  endfacet
  facet normal 0 0 -1
    outer loop
      vertex 162.004 69.9295 156.8
      vertex 158.038 70.4516 156.8
      vertex 158.5 77.5 156.8
    endloop
  endfacet
  facet normal 0 0 -1
    outer loop
      vertex 160.524 62.4885 156.8
      vertex 156.66 63.5238 156.8
      vertex 158.038 70.4516 156.8
    endloop
  endfacet
  facet normal 0 0 -1
    outer loop
      vertex 154.389 56.8351 156.8
      vertex 158.085 55.3044 156.8
      vertex 154.729 48.5 156.8
    endloop
  endfacet
  facet normal 0 0 -1
    outer loop
      vertex 158.085 55.3044 156.8
      vertex 154.389 56.8351 156.8
      vertex 156.66 63.5238 156.8
    endloop
  endfacet
  facet normal 0 0 -1
    outer loop
      vertex 154.729 48.5 156.8
      vertex 151.265 50.5 156.8
      vertex 154.389 56.8351 156.8
    endloop
  endfacet
  facet normal 0 0 -1
    outer loop
      vertex 150.514 42.1918 156.8
      vertex 151.265 50.5 156.8
      vertex 154.729 48.5 156.8
    endloop
  endfacet
  facet normal 0 0 -1
    outer loop
      vertex 150.514 42.1918 156.8
      vertex 147.341 44.6269 156.8
      vertex 151.265 50.5 156.8
    endloop
  endfacet
  facet normal 0 0 -1
    outer loop
      vertex 145.512 36.4878 156.8
      vertex 147.341 44.6269 156.8
      vertex 150.514 42.1918 156.8
    endloop
  endfacet
  facet normal 0 0 -1
    outer loop
      vertex 145.512 36.4878 156.8
      vertex 142.684 39.3162 156.8
      vertex 147.341 44.6269 156.8
    endloop
  endfacet
  facet normal 0 0 -1
    outer loop
      vertex 139.808 31.4855 156.8
      vertex 142.684 39.3162 156.8
      vertex 145.512 36.4878 156.8
    endloop
  endfacet
  facet normal 0 0 -1
    outer loop
      vertex 139.808 31.4855 156.8
      vertex 137.373 34.6589 156.8
      vertex 142.684 39.3162 156.8
    endloop
  endfacet
  facet normal 0 0 -1
    outer loop
      vertex 133.5 27.2705 156.8
      vertex 137.373 34.6589 156.8
      vertex 139.808 31.4855 156.8
    endloop
  endfacet
  facet normal 0 0 -1
    outer loop
      vertex 133.5 27.2705 156.8
      vertex 131.5 30.7346 156.8
      vertex 137.373 34.6589 156.8
    endloop
  endfacet
  facet normal 0 0 -1
    outer loop
      vertex 126.696 23.915 156.8
      vertex 131.5 30.7346 156.8
      vertex 133.5 27.2705 156.8
    endloop
  endfacet
  facet normal 0 0 -1
    outer loop
      vertex 126.696 23.915 156.8
      vertex 125.165 27.6105 156.8
      vertex 131.5 30.7346 156.8
    endloop
  endfacet
  facet normal 0 0 -1
    outer loop
      vertex 119.512 21.4763 156.8
      vertex 125.165 27.6105 156.8
      vertex 126.696 23.915 156.8
    endloop
  endfacet
  facet normal 0 0 -1
    outer loop
      vertex 119.512 21.4763 156.8
      vertex 118.476 25.34 156.8
      vertex 125.165 27.6105 156.8
    endloop
  endfacet
  facet normal 0 0 -1
    outer loop
      vertex 112.071 19.9962 156.8
      vertex 118.476 25.34 156.8
      vertex 119.512 21.4763 156.8
    endloop
  endfacet
  facet normal 0 0 -1
    outer loop
      vertex 112.071 19.9962 156.8
      vertex 111.548 23.962 156.8
      vertex 118.476 25.34 156.8
    endloop
  endfacet
  facet normal 0 0 -1
    outer loop
      vertex 104.5 19.5 156.8
      vertex 111.548 23.962 156.8
      vertex 112.071 19.9962 156.8
    endloop
  endfacet
  facet normal 0 0 -1
    outer loop
      vertex 104.5 19.5 156.8
      vertex 104.5 23.5 156.8
      vertex 111.548 23.962 156.8
    endloop
  endfacet
  facet normal 0 0 -1
    outer loop
      vertex 104.5 19.5 156.8
      vertex 97.4516 23.962 156.8
      vertex 104.5 23.5 156.8
    endloop
  endfacet
  facet normal 0 0 -1
    outer loop
      vertex 96.9295 19.9962 156.8
      vertex 97.4516 23.962 156.8
      vertex 104.5 19.5 156.8
    endloop
  endfacet
  facet normal 0 0 -1
    outer loop
      vertex 96.9295 19.9962 156.8
      vertex 90.5238 25.34 156.8
      vertex 97.4516 23.962 156.8
    endloop
  endfacet
  facet normal 0 0 -1
    outer loop
      vertex 89.4885 21.4763 156.8
      vertex 90.5238 25.34 156.8
      vertex 96.9295 19.9962 156.8
    endloop
  endfacet
  facet normal 0 0 -1
    outer loop
      vertex 89.4885 21.4763 156.8
      vertex 83.8351 27.6105 156.8
      vertex 90.5238 25.34 156.8
    endloop
  endfacet
  facet normal 0 0 -1
    outer loop
      vertex 82.3044 23.915 156.8
      vertex 83.8351 27.6105 156.8
      vertex 89.4885 21.4763 156.8
    endloop
  endfacet
  facet normal 0 0 -1
    outer loop
      vertex 82.3044 23.915 156.8
      vertex 77.5 30.7346 156.8
      vertex 83.8351 27.6105 156.8
    endloop
  endfacet
  facet normal 0 0 -1
    outer loop
      vertex 75.5 27.2705 156.8
      vertex 77.5 30.7346 156.8
      vertex 82.3044 23.915 156.8
    endloop
  endfacet
  facet normal 0 0 -1
    outer loop
      vertex 75.5 27.2705 156.8
      vertex 71.6269 34.6589 156.8
      vertex 77.5 30.7346 156.8
    endloop
  endfacet
  facet normal 0 0 -1
    outer loop
      vertex 69.1918 31.4855 156.8
      vertex 71.6269 34.6589 156.8
      vertex 75.5 27.2705 156.8
    endloop
  endfacet
  facet normal 0 0 -1
    outer loop
      vertex 69.1918 31.4855 156.8
      vertex 66.3162 39.3162 156.8
      vertex 71.6269 34.6589 156.8
    endloop
  endfacet
  facet normal 0 0 -1
    outer loop
      vertex 63.4878 36.4878 156.8
      vertex 66.3162 39.3162 156.8
      vertex 69.1918 31.4855 156.8
    endloop
  endfacet
  facet normal 0 0 -1
    outer loop
      vertex 63.4878 36.4878 156.8
      vertex 61.6589 44.6269 156.8
      vertex 66.3162 39.3162 156.8
    endloop
  endfacet
  facet normal 0 0 -1
    outer loop
      vertex 58.4855 42.1918 156.8
      vertex 61.6589 44.6269 156.8
      vertex 63.4878 36.4878 156.8
    endloop
  endfacet
  facet normal 0 0 -1
    outer loop
      vertex 58.4855 42.1918 156.8
      vertex 57.7346 50.5 156.8
      vertex 61.6589 44.6269 156.8
    endloop
  endfacet
  facet normal 0 0 -1
    outer loop
      vertex 54.2705 48.5 156.8
      vertex 57.7346 50.5 156.8
      vertex 58.4855 42.1918 156.8
    endloop
  endfacet
  facet normal -0 0 -1
    outer loop
      vertex 57.7346 50.5 156.8
      vertex 54.2705 48.5 156.8
      vertex 54.6105 56.8351 156.8
    endloop
  endfacet
  facet normal 0 0 -1
    outer loop
      vertex 50.915 55.3044 156.8
      vertex 54.6105 56.8351 156.8
      vertex 54.2705 48.5 156.8
    endloop
  endfacet
  facet normal -0 0 -1
    outer loop
      vertex 54.6105 56.8351 156.8
      vertex 50.915 55.3044 156.8
      vertex 52.34 63.5238 156.8
    endloop
  endfacet
  facet normal 0 0 -1
    outer loop
      vertex 48.4763 62.4885 156.8
      vertex 52.34 63.5238 156.8
      vertex 50.915 55.3044 156.8
    endloop
  endfacet
  facet normal -0 0 -1
    outer loop
      vertex 52.34 63.5238 156.8
      vertex 48.4763 62.4885 156.8
      vertex 50.962 70.4516 156.8
    endloop
  endfacet
  facet normal 0 0 -1
    outer loop
      vertex 46.9962 69.9295 156.8
      vertex 50.962 70.4516 156.8
      vertex 48.4763 62.4885 156.8
    endloop
  endfacet
  facet normal -0 0 -1
    outer loop
      vertex 162.004 85.0705 156.8
      vertex 158.038 84.5484 156.8
      vertex 160.524 92.5115 156.8
    endloop
  endfacet
  facet normal 0 0 -1
    outer loop
      vertex 156.66 91.4762 156.8
      vertex 160.524 92.5115 156.8
      vertex 158.038 84.5484 156.8
    endloop
  endfacet
  facet normal -0 0 -1
    outer loop
      vertex 160.524 92.5115 156.8
      vertex 156.66 91.4762 156.8
      vertex 158.085 99.6956 156.8
    endloop
  endfacet
  facet normal 0 0 -1
    outer loop
      vertex 154.389 98.1649 156.8
      vertex 158.085 99.6956 156.8
      vertex 156.66 91.4762 156.8
    endloop
  endfacet
  facet normal -0 0 -1
    outer loop
      vertex 158.085 99.6956 156.8
      vertex 154.389 98.1649 156.8
      vertex 154.729 106.5 156.8
    endloop
  endfacet
  facet normal 0 0 -1
    outer loop
      vertex 151.265 104.5 156.8
      vertex 154.729 106.5 156.8
      vertex 154.389 98.1649 156.8
    endloop
  endfacet
  facet normal 0 0 -1
    outer loop
      vertex 151.265 104.5 156.8
      vertex 150.514 112.808 156.8
      vertex 154.729 106.5 156.8
    endloop
  endfacet
  facet normal 0 0 -1
    outer loop
      vertex 147.341 110.373 156.8
      vertex 150.514 112.808 156.8
      vertex 151.265 104.5 156.8
    endloop
  endfacet
  facet normal 0 0 -1
    outer loop
      vertex 147.341 110.373 156.8
      vertex 145.512 118.512 156.8
      vertex 150.514 112.808 156.8
    endloop
  endfacet
  facet normal 0 0 -1
    outer loop
      vertex 142.684 115.684 156.8
      vertex 145.512 118.512 156.8
      vertex 147.341 110.373 156.8
    endloop
  endfacet
  facet normal 0 0 -1
    outer loop
      vertex 142.684 115.684 156.8
      vertex 139.808 123.514 156.8
      vertex 145.512 118.512 156.8
    endloop
  endfacet
  facet normal 0 0 -1
    outer loop
      vertex 137.373 120.341 156.8
      vertex 139.808 123.514 156.8
      vertex 142.684 115.684 156.8
    endloop
  endfacet
  facet normal 0 0 -1
    outer loop
      vertex 137.373 120.341 156.8
      vertex 133.5 127.729 156.8
      vertex 139.808 123.514 156.8
    endloop
  endfacet
  facet normal 0 0 -1
    outer loop
      vertex 131.5 124.265 156.8
      vertex 133.5 127.729 156.8
      vertex 137.373 120.341 156.8
    endloop
  endfacet
  facet normal 0 0 -1
    outer loop
      vertex 131.5 124.265 156.8
      vertex 126.696 131.085 156.8
      vertex 133.5 127.729 156.8
    endloop
  endfacet
  facet normal 0 0 -1
    outer loop
      vertex 125.165 127.389 156.8
      vertex 126.696 131.085 156.8
      vertex 131.5 124.265 156.8
    endloop
  endfacet
  facet normal 0 0 -1
    outer loop
      vertex 125.165 127.389 156.8
      vertex 119.512 133.524 156.8
      vertex 126.696 131.085 156.8
    endloop
  endfacet
  facet normal 0 0 -1
    outer loop
      vertex 118.476 129.66 156.8
      vertex 119.512 133.524 156.8
      vertex 125.165 127.389 156.8
    endloop
  endfacet
  facet normal 0 0 -1
    outer loop
      vertex 118.476 129.66 156.8
      vertex 112.071 135.004 156.8
      vertex 119.512 133.524 156.8
    endloop
  endfacet
  facet normal 0 0 -1
    outer loop
      vertex 111.548 131.038 156.8
      vertex 112.071 135.004 156.8
      vertex 118.476 129.66 156.8
    endloop
  endfacet
  facet normal 0 0 -1
    outer loop
      vertex 104.5 131.5 156.8
      vertex 112.071 135.004 156.8
      vertex 111.548 131.038 156.8
    endloop
  endfacet
  facet normal 0 0 -1
    outer loop
      vertex 104.5 131.5 156.8
      vertex 104.5 135.5 156.8
      vertex 112.071 135.004 156.8
    endloop
  endfacet
  facet normal 0 0 -1
    outer loop
      vertex 97.4516 131.038 156.8
      vertex 104.5 135.5 156.8
      vertex 104.5 131.5 156.8
    endloop
  endfacet
  facet normal 0 0 -1
    outer loop
      vertex 97.4516 131.038 156.8
      vertex 96.9295 135.004 156.8
      vertex 104.5 135.5 156.8
    endloop
  endfacet
  facet normal 0 0 -1
    outer loop
      vertex 90.5238 129.66 156.8
      vertex 96.9295 135.004 156.8
      vertex 97.4516 131.038 156.8
    endloop
  endfacet
  facet normal 0 0 -1
    outer loop
      vertex 90.5238 129.66 156.8
      vertex 89.4885 133.524 156.8
      vertex 96.9295 135.004 156.8
    endloop
  endfacet
  facet normal 0 0 -1
    outer loop
      vertex 83.8351 127.389 156.8
      vertex 89.4885 133.524 156.8
      vertex 90.5238 129.66 156.8
    endloop
  endfacet
  facet normal 0 0 -1
    outer loop
      vertex 83.8351 127.389 156.8
      vertex 82.3044 131.085 156.8
      vertex 89.4885 133.524 156.8
    endloop
  endfacet
  facet normal 0 0 -1
    outer loop
      vertex 77.5 124.265 156.8
      vertex 82.3044 131.085 156.8
      vertex 83.8351 127.389 156.8
    endloop
  endfacet
  facet normal 0 0 -1
    outer loop
      vertex 77.5 124.265 156.8
      vertex 75.5 127.729 156.8
      vertex 82.3044 131.085 156.8
    endloop
  endfacet
  facet normal 0 0 -1
    outer loop
      vertex 71.6269 120.341 156.8
      vertex 75.5 127.729 156.8
      vertex 77.5 124.265 156.8
    endloop
  endfacet
  facet normal 0 0 -1
    outer loop
      vertex 71.6269 120.341 156.8
      vertex 69.1918 123.514 156.8
      vertex 75.5 127.729 156.8
    endloop
  endfacet
  facet normal 0 0 -1
    outer loop
      vertex 66.3162 115.684 156.8
      vertex 69.1918 123.514 156.8
      vertex 71.6269 120.341 156.8
    endloop
  endfacet
  facet normal 0 0 -1
    outer loop
      vertex 66.3162 115.684 156.8
      vertex 63.4878 118.512 156.8
      vertex 69.1918 123.514 156.8
    endloop
  endfacet
  facet normal 0 0 -1
    outer loop
      vertex 61.6589 110.373 156.8
      vertex 63.4878 118.512 156.8
      vertex 66.3162 115.684 156.8
    endloop
  endfacet
  facet normal 0 0 -1
    outer loop
      vertex 61.6589 110.373 156.8
      vertex 58.4855 112.808 156.8
      vertex 63.4878 118.512 156.8
    endloop
  endfacet
  facet normal 0 0 -1
    outer loop
      vertex 57.7346 104.5 156.8
      vertex 58.4855 112.808 156.8
      vertex 61.6589 110.373 156.8
    endloop
  endfacet
  facet normal 0 0 -1
    outer loop
      vertex 54.2705 106.5 156.8
      vertex 57.7346 104.5 156.8
      vertex 54.6105 98.1649 156.8
    endloop
  endfacet
  facet normal 0 0 -1
    outer loop
      vertex 57.7346 104.5 156.8
      vertex 54.2705 106.5 156.8
      vertex 58.4855 112.808 156.8
    endloop
  endfacet
  facet normal 0 0 -1
    outer loop
      vertex 50.915 99.6956 156.8
      vertex 54.6105 98.1649 156.8
      vertex 52.34 91.4762 156.8
    endloop
  endfacet
  facet normal 0 0 -1
    outer loop
      vertex 48.4763 92.5115 156.8
      vertex 52.34 91.4762 156.8
      vertex 50.962 84.5484 156.8
    endloop
  endfacet
  facet normal 0 0 -1
    outer loop
      vertex 54.6105 98.1649 156.8
      vertex 50.915 99.6956 156.8
      vertex 54.2705 106.5 156.8
    endloop
  endfacet
  facet normal 0 0 -1
    outer loop
      vertex 46.9962 85.0705 156.8
      vertex 50.962 84.5484 156.8
      vertex 50.5 77.5 156.8
    endloop
  endfacet
  facet normal -0 0 -1
    outer loop
      vertex 50.962 70.4516 156.8
      vertex 46.9962 69.9295 156.8
      vertex 50.5 77.5 156.8
    endloop
  endfacet
  facet normal 0 0 -1
    outer loop
      vertex 52.34 91.4762 156.8
      vertex 48.4763 92.5115 156.8
      vertex 50.915 99.6956 156.8
    endloop
  endfacet
  facet normal 0 0 -1
    outer loop
      vertex 46.5 77.5 156.8
      vertex 50.5 77.5 156.8
      vertex 46.9962 69.9295 156.8
    endloop
  endfacet
  facet normal 0 0 -1
    outer loop
      vertex 50.962 84.5484 156.8
      vertex 46.9962 85.0705 156.8
      vertex 48.4763 92.5115 156.8
    endloop
  endfacet
  facet normal 0 0 -1
    outer loop
      vertex 50.5 77.5 156.8
      vertex 46.5 77.5 156.8
      vertex 46.9962 85.0705 156.8
    endloop
  endfacet
  facet normal -0.997859 0.0654036 0
    outer loop
      vertex 46.5 77.5 156.8
      vertex 46.9962 85.0705 158
      vertex 46.9962 85.0705 156.8
    endloop
  endfacet
  facet normal -0.997859 0.0654036 0
    outer loop
      vertex 46.9962 85.0705 158
      vertex 46.5 77.5 156.8
      vertex 46.5 77.5 158
    endloop
  endfacet
  facet normal 0.946917 0.321478 0
    outer loop
      vertex 160.524 92.5115 158
      vertex 158.085 99.6956 156.8
      vertex 158.085 99.6956 158
    endloop
  endfacet
  facet normal 0.946917 0.321478 0
    outer loop
      vertex 158.085 99.6956 156.8
      vertex 160.524 92.5115 158
      vertex 160.524 92.5115 156.8
    endloop
  endfacet
  facet normal -0.751838 -0.659348 0
    outer loop
      vertex 63.4878 36.4878 156.8
      vertex 58.4855 42.1918 158
      vertex 58.4855 42.1918 156.8
    endloop
  endfacet
  facet normal -0.751838 -0.659348 0
    outer loop
      vertex 58.4855 42.1918 158
      vertex 63.4878 36.4878 156.8
      vertex 63.4878 36.4878 158
    endloop
  endfacet
  facet normal -0.55557 0.83147 0
    outer loop
      vertex 75.5 127.729 156.8
      vertex 69.1918 123.514 158
      vertex 75.5 127.729 158
    endloop
  endfacet
  facet normal -0.55557 0.83147 0
    outer loop
      vertex 69.1918 123.514 158
      vertex 75.5 127.729 156.8
      vertex 69.1918 123.514 156.8
    endloop
  endfacet
  facet normal -0.83147 -0.55557 0
    outer loop
      vertex 58.4855 42.1918 156.8
      vertex 54.2705 48.5 158
      vertex 54.2705 48.5 156.8
    endloop
  endfacet
  facet normal -0.83147 -0.55557 0
    outer loop
      vertex 54.2705 48.5 158
      vertex 58.4855 42.1918 156.8
      vertex 58.4855 42.1918 158
    endloop
  endfacet
  facet normal 0.997861 -0.0653773 0
    outer loop
      vertex 162.004 69.9295 158
      vertex 162.5 77.5 156.8
      vertex 162.5 77.5 158
    endloop
  endfacet
  facet normal 0.997861 -0.0653773 0
    outer loop
      vertex 162.5 77.5 156.8
      vertex 162.004 69.9295 158
      vertex 162.004 69.9295 156.8
    endloop
  endfacet
  facet normal -0.831462 0.555582 0
    outer loop
      vertex 54.2705 106.5 156.8
      vertex 58.4855 112.808 158
      vertex 58.4855 112.808 156.8
    endloop
  endfacet
  facet normal -0.831462 0.555582 0
    outer loop
      vertex 58.4855 112.808 158
      vertex 54.2705 106.5 156.8
      vertex 54.2705 106.5 158
    endloop
  endfacet
  facet normal -0.0653773 0.997861 0
    outer loop
      vertex 104.5 135.5 156.8
      vertex 96.9295 135.004 158
      vertex 104.5 135.5 158
    endloop
  endfacet
  facet normal -0.0653773 0.997861 0
    outer loop
      vertex 96.9295 135.004 158
      vertex 104.5 135.5 156.8
      vertex 96.9295 135.004 156.8
    endloop
  endfacet
  facet normal 0.980788 -0.195077 0
    outer loop
      vertex 160.524 62.4885 158
      vertex 162.004 69.9295 156.8
      vertex 162.004 69.9295 158
    endloop
  endfacet
  facet normal 0.980788 -0.195077 0
    outer loop
      vertex 162.004 69.9295 156.8
      vertex 160.524 62.4885 158
      vertex 160.524 62.4885 156.8
    endloop
  endfacet
  facet normal 0.946917 -0.321478 0
    outer loop
      vertex 158.085 55.3044 158
      vertex 160.524 62.4885 156.8
      vertex 160.524 62.4885 158
    endloop
  endfacet
  facet normal 0.946917 -0.321478 0
    outer loop
      vertex 160.524 62.4885 156.8
      vertex 158.085 55.3044 158
      vertex 158.085 55.3044 156.8
    endloop
  endfacet
  facet normal -0.946929 -0.321443 0
    outer loop
      vertex 50.915 55.3044 156.8
      vertex 48.4763 62.4885 158
      vertex 48.4763 62.4885 156.8
    endloop
  endfacet
  facet normal -0.946929 -0.321443 0
    outer loop
      vertex 48.4763 62.4885 158
      vertex 50.915 55.3044 156.8
      vertex 50.915 55.3044 158
    endloop
  endfacet
  facet normal -0.751838 0.659348 0
    outer loop
      vertex 58.4855 112.808 156.8
      vertex 63.4878 118.512 158
      vertex 63.4878 118.512 156.8
    endloop
  endfacet
  facet normal -0.751838 0.659348 0
    outer loop
      vertex 63.4878 118.512 158
      vertex 58.4855 112.808 156.8
      vertex 58.4855 112.808 158
    endloop
  endfacet
  facet normal -0.55557 -0.83147 0
    outer loop
      vertex 69.1918 31.4855 156.8
      vertex 75.5 27.2705 158
      vertex 69.1918 31.4855 158
    endloop
  endfacet
  facet normal -0.55557 -0.83147 -0
    outer loop
      vertex 75.5 27.2705 158
      vertex 69.1918 31.4855 156.8
      vertex 75.5 27.2705 156.8
    endloop
  endfacet
  facet normal -0.946929 0.321443 0
    outer loop
      vertex 48.4763 92.5115 156.8
      vertex 50.915 99.6956 158
      vertex 50.915 99.6956 156.8
    endloop
  endfacet
  facet normal -0.946929 0.321443 0
    outer loop
      vertex 50.915 99.6956 158
      vertex 48.4763 92.5115 156.8
      vertex 48.4763 92.5115 158
    endloop
  endfacet
  facet normal -0.896876 0.442282 0
    outer loop
      vertex 50.915 99.6956 156.8
      vertex 54.2705 106.5 158
      vertex 54.2705 106.5 156.8
    endloop
  endfacet
  facet normal -0.896876 0.442282 0
    outer loop
      vertex 54.2705 106.5 158
      vertex 50.915 99.6956 156.8
      vertex 50.915 99.6956 158
    endloop
  endfacet
  facet normal -0.659348 -0.751838 0
    outer loop
      vertex 63.4878 36.4878 156.8
      vertex 69.1918 31.4855 158
      vertex 63.4878 36.4878 158
    endloop
  endfacet
  facet normal -0.659348 -0.751838 -0
    outer loop
      vertex 69.1918 31.4855 158
      vertex 63.4878 36.4878 156.8
      vertex 69.1918 31.4855 156.8
    endloop
  endfacet
  facet normal -0.321443 -0.946929 0
    outer loop
      vertex 82.3044 23.915 156.8
      vertex 89.4885 21.4763 158
      vertex 82.3044 23.915 158
    endloop
  endfacet
  facet normal -0.321443 -0.946929 -0
    outer loop
      vertex 89.4885 21.4763 158
      vertex 82.3044 23.915 156.8
      vertex 89.4885 21.4763 156.8
    endloop
  endfacet
  facet normal 0 0 1
    outer loop
      vertex 158.5 77.5 158
      vertex 162.5 77.5 158
      vertex 162.004 85.0705 158
    endloop
  endfacet
  facet normal 0 0 1
    outer loop
      vertex 158.038 84.5484 158
      vertex 162.004 85.0705 158
      vertex 160.524 92.5115 158
    endloop
  endfacet
  facet normal 0 0 1
    outer loop
      vertex 162.5 77.5 158
      vertex 158.5 77.5 158
      vertex 162.004 69.9295 158
    endloop
  endfacet
  facet normal -0 0 1
    outer loop
      vertex 158.038 70.4516 158
      vertex 162.004 69.9295 158
      vertex 158.5 77.5 158
    endloop
  endfacet
  facet normal 0 0 1
    outer loop
      vertex 156.66 91.4762 158
      vertex 160.524 92.5115 158
      vertex 158.085 99.6956 158
    endloop
  endfacet
  facet normal 0 0 1
    outer loop
      vertex 162.004 85.0705 158
      vertex 158.038 84.5484 158
      vertex 158.5 77.5 158
    endloop
  endfacet
  facet normal 0 0 1
    outer loop
      vertex 160.524 92.5115 158
      vertex 156.66 91.4762 158
      vertex 158.038 84.5484 158
    endloop
  endfacet
  facet normal 0 0 1
    outer loop
      vertex 154.389 98.1649 158
      vertex 158.085 99.6956 158
      vertex 154.729 106.5 158
    endloop
  endfacet
  facet normal 0 0 1
    outer loop
      vertex 158.085 99.6956 158
      vertex 154.389 98.1649 158
      vertex 156.66 91.4762 158
    endloop
  endfacet
  facet normal 0 0 1
    outer loop
      vertex 154.729 106.5 158
      vertex 151.265 104.5 158
      vertex 154.389 98.1649 158
    endloop
  endfacet
  facet normal 0 0 1
    outer loop
      vertex 150.514 112.808 158
      vertex 151.265 104.5 158
      vertex 154.729 106.5 158
    endloop
  endfacet
  facet normal 0 0 1
    outer loop
      vertex 150.514 112.808 158
      vertex 147.341 110.373 158
      vertex 151.265 104.5 158
    endloop
  endfacet
  facet normal 0 0 1
    outer loop
      vertex 145.512 118.512 158
      vertex 147.341 110.373 158
      vertex 150.514 112.808 158
    endloop
  endfacet
  facet normal 0 0 1
    outer loop
      vertex 145.512 118.512 158
      vertex 142.684 115.684 158
      vertex 147.341 110.373 158
    endloop
  endfacet
  facet normal 0 0 1
    outer loop
      vertex 139.808 123.514 158
      vertex 142.684 115.684 158
      vertex 145.512 118.512 158
    endloop
  endfacet
  facet normal 0 0 1
    outer loop
      vertex 139.808 123.514 158
      vertex 137.373 120.341 158
      vertex 142.684 115.684 158
    endloop
  endfacet
  facet normal 0 0 1
    outer loop
      vertex 133.5 127.729 158
      vertex 137.373 120.341 158
      vertex 139.808 123.514 158
    endloop
  endfacet
  facet normal 0 0 1
    outer loop
      vertex 133.5 127.729 158
      vertex 131.5 124.265 158
      vertex 137.373 120.341 158
    endloop
  endfacet
  facet normal 0 0 1
    outer loop
      vertex 126.696 131.085 158
      vertex 131.5 124.265 158
      vertex 133.5 127.729 158
    endloop
  endfacet
  facet normal 0 0 1
    outer loop
      vertex 126.696 131.085 158
      vertex 125.165 127.389 158
      vertex 131.5 124.265 158
    endloop
  endfacet
  facet normal 0 0 1
    outer loop
      vertex 119.512 133.524 158
      vertex 125.165 127.389 158
      vertex 126.696 131.085 158
    endloop
  endfacet
  facet normal 0 0 1
    outer loop
      vertex 119.512 133.524 158
      vertex 118.476 129.66 158
      vertex 125.165 127.389 158
    endloop
  endfacet
  facet normal 0 0 1
    outer loop
      vertex 112.071 135.004 158
      vertex 118.476 129.66 158
      vertex 119.512 133.524 158
    endloop
  endfacet
  facet normal 0 0 1
    outer loop
      vertex 112.071 135.004 158
      vertex 111.548 131.038 158
      vertex 118.476 129.66 158
    endloop
  endfacet
  facet normal 0 0 1
    outer loop
      vertex 104.5 135.5 158
      vertex 111.548 131.038 158
      vertex 112.071 135.004 158
    endloop
  endfacet
  facet normal 0 0 1
    outer loop
      vertex 104.5 135.5 158
      vertex 104.5 131.5 158
      vertex 111.548 131.038 158
    endloop
  endfacet
  facet normal 0 0 1
    outer loop
      vertex 104.5 135.5 158
      vertex 97.4516 131.038 158
      vertex 104.5 131.5 158
    endloop
  endfacet
  facet normal -0 0 1
    outer loop
      vertex 96.9295 135.004 158
      vertex 97.4516 131.038 158
      vertex 104.5 135.5 158
    endloop
  endfacet
  facet normal 0 0 1
    outer loop
      vertex 96.9295 135.004 158
      vertex 90.5238 129.66 158
      vertex 97.4516 131.038 158
    endloop
  endfacet
  facet normal -0 0 1
    outer loop
      vertex 89.4885 133.524 158
      vertex 90.5238 129.66 158
      vertex 96.9295 135.004 158
    endloop
  endfacet
  facet normal 0 0 1
    outer loop
      vertex 89.4885 133.524 158
      vertex 83.8351 127.389 158
      vertex 90.5238 129.66 158
    endloop
  endfacet
  facet normal -0 0 1
    outer loop
      vertex 82.3044 131.085 158
      vertex 83.8351 127.389 158
      vertex 89.4885 133.524 158
    endloop
  endfacet
  facet normal 0 0 1
    outer loop
      vertex 82.3044 131.085 158
      vertex 77.5 124.265 158
      vertex 83.8351 127.389 158
    endloop
  endfacet
  facet normal -0 0 1
    outer loop
      vertex 75.5 127.729 158
      vertex 77.5 124.265 158
      vertex 82.3044 131.085 158
    endloop
  endfacet
  facet normal 0 0 1
    outer loop
      vertex 75.5 127.729 158
      vertex 71.6269 120.341 158
      vertex 77.5 124.265 158
    endloop
  endfacet
  facet normal -0 0 1
    outer loop
      vertex 69.1918 123.514 158
      vertex 71.6269 120.341 158
      vertex 75.5 127.729 158
    endloop
  endfacet
  facet normal 0 0 1
    outer loop
      vertex 69.1918 123.514 158
      vertex 66.3162 115.684 158
      vertex 71.6269 120.341 158
    endloop
  endfacet
  facet normal -0 0 1
    outer loop
      vertex 63.4878 118.512 158
      vertex 66.3162 115.684 158
      vertex 69.1918 123.514 158
    endloop
  endfacet
  facet normal 0 0 1
    outer loop
      vertex 63.4878 118.512 158
      vertex 61.6589 110.373 158
      vertex 66.3162 115.684 158
    endloop
  endfacet
  facet normal -0 0 1
    outer loop
      vertex 58.4855 112.808 158
      vertex 61.6589 110.373 158
      vertex 63.4878 118.512 158
    endloop
  endfacet
  facet normal 0 0 1
    outer loop
      vertex 58.4855 112.808 158
      vertex 57.7346 104.5 158
      vertex 61.6589 110.373 158
    endloop
  endfacet
  facet normal -0 0 1
    outer loop
      vertex 54.2705 106.5 158
      vertex 57.7346 104.5 158
      vertex 58.4855 112.808 158
    endloop
  endfacet
  facet normal 0 0 1
    outer loop
      vertex 57.7346 104.5 158
      vertex 54.2705 106.5 158
      vertex 54.6105 98.1649 158
    endloop
  endfacet
  facet normal -0 0 1
    outer loop
      vertex 50.915 99.6956 158
      vertex 54.6105 98.1649 158
      vertex 54.2705 106.5 158
    endloop
  endfacet
  facet normal 0 0 1
    outer loop
      vertex 54.6105 98.1649 158
      vertex 50.915 99.6956 158
      vertex 52.34 91.4762 158
    endloop
  endfacet
  facet normal -0 0 1
    outer loop
      vertex 48.4763 92.5115 158
      vertex 52.34 91.4762 158
      vertex 50.915 99.6956 158
    endloop
  endfacet
  facet normal 0 0 1
    outer loop
      vertex 52.34 91.4762 158
      vertex 48.4763 92.5115 158
      vertex 50.962 84.5484 158
    endloop
  endfacet
  facet normal -0 0 1
    outer loop
      vertex 46.9962 85.0705 158
      vertex 50.962 84.5484 158
      vertex 48.4763 92.5115 158
    endloop
  endfacet
  facet normal 0 0 1
    outer loop
      vertex 162.004 69.9295 158
      vertex 158.038 70.4516 158
      vertex 160.524 62.4885 158
    endloop
  endfacet
  facet normal -0 0 1
    outer loop
      vertex 156.66 63.5238 158
      vertex 160.524 62.4885 158
      vertex 158.038 70.4516 158
    endloop
  endfacet
  facet normal 0 0 1
    outer loop
      vertex 160.524 62.4885 158
      vertex 156.66 63.5238 158
      vertex 158.085 55.3044 158
    endloop
  endfacet
  facet normal -0 0 1
    outer loop
      vertex 154.389 56.8351 158
      vertex 158.085 55.3044 158
      vertex 156.66 63.5238 158
    endloop
  endfacet
  facet normal 0 0 1
    outer loop
      vertex 158.085 55.3044 158
      vertex 154.389 56.8351 158
      vertex 154.729 48.5 158
    endloop
  endfacet
  facet normal -0 0 1
    outer loop
      vertex 151.265 50.5 158
      vertex 154.729 48.5 158
      vertex 154.389 56.8351 158
    endloop
  endfacet
  facet normal 0 0 1
    outer loop
      vertex 151.265 50.5 158
      vertex 150.514 42.1918 158
      vertex 154.729 48.5 158
    endloop
  endfacet
  facet normal -0 0 1
    outer loop
      vertex 147.341 44.6269 158
      vertex 150.514 42.1918 158
      vertex 151.265 50.5 158
    endloop
  endfacet
  facet normal 0 0 1
    outer loop
      vertex 147.341 44.6269 158
      vertex 145.512 36.4878 158
      vertex 150.514 42.1918 158
    endloop
  endfacet
  facet normal -0 0 1
    outer loop
      vertex 142.684 39.3162 158
      vertex 145.512 36.4878 158
      vertex 147.341 44.6269 158
    endloop
  endfacet
  facet normal 0 0 1
    outer loop
      vertex 142.684 39.3162 158
      vertex 139.808 31.4855 158
      vertex 145.512 36.4878 158
    endloop
  endfacet
  facet normal -0 0 1
    outer loop
      vertex 137.373 34.6589 158
      vertex 139.808 31.4855 158
      vertex 142.684 39.3162 158
    endloop
  endfacet
  facet normal 0 0 1
    outer loop
      vertex 137.373 34.6589 158
      vertex 133.5 27.2705 158
      vertex 139.808 31.4855 158
    endloop
  endfacet
  facet normal -0 0 1
    outer loop
      vertex 131.5 30.7346 158
      vertex 133.5 27.2705 158
      vertex 137.373 34.6589 158
    endloop
  endfacet
  facet normal 0 0 1
    outer loop
      vertex 131.5 30.7346 158
      vertex 126.696 23.915 158
      vertex 133.5 27.2705 158
    endloop
  endfacet
  facet normal -0 0 1
    outer loop
      vertex 125.165 27.6105 158
      vertex 126.696 23.915 158
      vertex 131.5 30.7346 158
    endloop
  endfacet
  facet normal 0 0 1
    outer loop
      vertex 125.165 27.6105 158
      vertex 119.512 21.4763 158
      vertex 126.696 23.915 158
    endloop
  endfacet
  facet normal -0 0 1
    outer loop
      vertex 118.476 25.34 158
      vertex 119.512 21.4763 158
      vertex 125.165 27.6105 158
    endloop
  endfacet
  facet normal 0 0 1
    outer loop
      vertex 118.476 25.34 158
      vertex 112.071 19.9962 158
      vertex 119.512 21.4763 158
    endloop
  endfacet
  facet normal -0 0 1
    outer loop
      vertex 111.548 23.962 158
      vertex 112.071 19.9962 158
      vertex 118.476 25.34 158
    endloop
  endfacet
  facet normal -0 0 1
    outer loop
      vertex 104.5 23.5 158
      vertex 112.071 19.9962 158
      vertex 111.548 23.962 158
    endloop
  endfacet
  facet normal 0 0 1
    outer loop
      vertex 104.5 23.5 158
      vertex 104.5 19.5 158
      vertex 112.071 19.9962 158
    endloop
  endfacet
  facet normal 0 0 1
    outer loop
      vertex 97.4516 23.962 158
      vertex 104.5 19.5 158
      vertex 104.5 23.5 158
    endloop
  endfacet
  facet normal 0 0 1
    outer loop
      vertex 97.4516 23.962 158
      vertex 96.9295 19.9962 158
      vertex 104.5 19.5 158
    endloop
  endfacet
  facet normal 0 0 1
    outer loop
      vertex 90.5238 25.34 158
      vertex 96.9295 19.9962 158
      vertex 97.4516 23.962 158
    endloop
  endfacet
  facet normal 0 0 1
    outer loop
      vertex 90.5238 25.34 158
      vertex 89.4885 21.4763 158
      vertex 96.9295 19.9962 158
    endloop
  endfacet
  facet normal 0 0 1
    outer loop
      vertex 83.8351 27.6105 158
      vertex 89.4885 21.4763 158
      vertex 90.5238 25.34 158
    endloop
  endfacet
  facet normal 0 0 1
    outer loop
      vertex 83.8351 27.6105 158
      vertex 82.3044 23.915 158
      vertex 89.4885 21.4763 158
    endloop
  endfacet
  facet normal 0 0 1
    outer loop
      vertex 77.5 30.7346 158
      vertex 82.3044 23.915 158
      vertex 83.8351 27.6105 158
    endloop
  endfacet
  facet normal 0 0 1
    outer loop
      vertex 77.5 30.7346 158
      vertex 75.5 27.2705 158
      vertex 82.3044 23.915 158
    endloop
  endfacet
  facet normal 0 0 1
    outer loop
      vertex 71.6269 34.6589 158
      vertex 75.5 27.2705 158
      vertex 77.5 30.7346 158
    endloop
  endfacet
  facet normal 0 0 1
    outer loop
      vertex 71.6269 34.6589 158
      vertex 69.1918 31.4855 158
      vertex 75.5 27.2705 158
    endloop
  endfacet
  facet normal 0 0 1
    outer loop
      vertex 66.3162 39.3162 158
      vertex 69.1918 31.4855 158
      vertex 71.6269 34.6589 158
    endloop
  endfacet
  facet normal 0 0 1
    outer loop
      vertex 66.3162 39.3162 158
      vertex 63.4878 36.4878 158
      vertex 69.1918 31.4855 158
    endloop
  endfacet
  facet normal 0 0 1
    outer loop
      vertex 61.6589 44.6269 158
      vertex 63.4878 36.4878 158
      vertex 66.3162 39.3162 158
    endloop
  endfacet
  facet normal 0 0 1
    outer loop
      vertex 61.6589 44.6269 158
      vertex 58.4855 42.1918 158
      vertex 63.4878 36.4878 158
    endloop
  endfacet
  facet normal 0 0 1
    outer loop
      vertex 57.7346 50.5 158
      vertex 58.4855 42.1918 158
      vertex 61.6589 44.6269 158
    endloop
  endfacet
  facet normal 0 0 1
    outer loop
      vertex 54.2705 48.5 158
      vertex 57.7346 50.5 158
      vertex 54.6105 56.8351 158
    endloop
  endfacet
  facet normal 0 0 1
    outer loop
      vertex 57.7346 50.5 158
      vertex 54.2705 48.5 158
      vertex 58.4855 42.1918 158
    endloop
  endfacet
  facet normal 0 0 1
    outer loop
      vertex 50.915 55.3044 158
      vertex 54.6105 56.8351 158
      vertex 52.34 63.5238 158
    endloop
  endfacet
  facet normal 0 0 1
    outer loop
      vertex 48.4763 62.4885 158
      vertex 52.34 63.5238 158
      vertex 50.962 70.4516 158
    endloop
  endfacet
  facet normal 0 0 1
    outer loop
      vertex 54.6105 56.8351 158
      vertex 50.915 55.3044 158
      vertex 54.2705 48.5 158
    endloop
  endfacet
  facet normal 0 0 1
    outer loop
      vertex 46.9962 69.9295 158
      vertex 50.962 70.4516 158
      vertex 50.5 77.5 158
    endloop
  endfacet
  facet normal 0 0 1
    outer loop
      vertex 50.962 84.5484 158
      vertex 46.9962 85.0705 158
      vertex 50.5 77.5 158
    endloop
  endfacet
  facet normal 0 0 1
    outer loop
      vertex 52.34 63.5238 158
      vertex 48.4763 62.4885 158
      vertex 50.915 55.3044 158
    endloop
  endfacet
  facet normal 0 0 1
    outer loop
      vertex 46.5 77.5 158
      vertex 50.5 77.5 158
      vertex 46.9962 85.0705 158
    endloop
  endfacet
  facet normal 0 0 1
    outer loop
      vertex 50.962 70.4516 158
      vertex 46.9962 69.9295 158
      vertex 48.4763 62.4885 158
    endloop
  endfacet
  facet normal 0 0 1
    outer loop
      vertex 50.5 77.5 158
      vertex 46.5 77.5 158
      vertex 46.9962 69.9295 158
    endloop
  endfacet
  facet normal -0.442282 -0.896876 0
    outer loop
      vertex 75.5 27.2705 156.8
      vertex 82.3044 23.915 158
      vertex 75.5 27.2705 158
    endloop
  endfacet
  facet normal -0.442282 -0.896876 -0
    outer loop
      vertex 82.3044 23.915 158
      vertex 75.5 27.2705 156.8
      vertex 82.3044 23.915 156.8
    endloop
  endfacet
  facet normal 0.195089 -0.980785 0
    outer loop
      vertex 233.071 19.9962 156.8
      vertex 240.512 21.4763 158
      vertex 233.071 19.9962 158
    endloop
  endfacet
  facet normal 0.195089 -0.980785 0
    outer loop
      vertex 240.512 21.4763 158
      vertex 233.071 19.9962 156.8
      vertex 240.512 21.4763 156.8
    endloop
  endfacet
  facet normal 0.980788 0.195077 0
    outer loop
      vertex 283.004 85.0705 158
      vertex 281.524 92.5115 156.8
      vertex 281.524 92.5115 158
    endloop
  endfacet
  facet normal 0.980788 0.195077 0
    outer loop
      vertex 281.524 92.5115 156.8
      vertex 283.004 85.0705 158
      vertex 283.004 85.0705 156.8
    endloop
  endfacet
  facet normal 0.997861 0.0653773 0
    outer loop
      vertex 283.5 77.5 158
      vertex 283.004 85.0705 156.8
      vertex 283.004 85.0705 158
    endloop
  endfacet
  facet normal 0.997861 0.0653773 0
    outer loop
      vertex 283.004 85.0705 156.8
      vertex 283.5 77.5 158
      vertex 283.5 77.5 156.8
    endloop
  endfacet
  facet normal -0.321482 0.946916 0
    outer loop
      vertex 210.488 133.524 156.8
      vertex 203.304 131.085 158
      vertex 210.488 133.524 158
    endloop
  endfacet
  facet normal -0.321482 0.946916 0
    outer loop
      vertex 203.304 131.085 158
      vertex 210.488 133.524 156.8
      vertex 203.304 131.085 156.8
    endloop
  endfacet
  facet normal 0.980788 -0.195077 0
    outer loop
      vertex 281.524 62.4885 158
      vertex 283.004 69.9295 156.8
      vertex 283.004 69.9295 158
    endloop
  endfacet
  facet normal 0.980788 -0.195077 0
    outer loop
      vertex 283.004 69.9295 156.8
      vertex 281.524 62.4885 158
      vertex 281.524 62.4885 156.8
    endloop
  endfacet
  facet normal 0.659325 0.751858 -0
    outer loop
      vertex 266.512 118.512 156.8
      vertex 260.808 123.514 158
      vertex 266.512 118.512 158
    endloop
  endfacet
  facet normal 0.659325 0.751858 0
    outer loop
      vertex 260.808 123.514 158
      vertex 266.512 118.512 156.8
      vertex 260.808 123.514 156.8
    endloop
  endfacet
  facet normal -0.555582 0.831462 0
    outer loop
      vertex 196.5 127.729 156.8
      vertex 190.192 123.514 158
      vertex 196.5 127.729 158
    endloop
  endfacet
  facet normal -0.555582 0.831462 0
    outer loop
      vertex 190.192 123.514 158
      vertex 196.5 127.729 156.8
      vertex 190.192 123.514 156.8
    endloop
  endfacet
  facet normal -0.659325 0.751858 0
    outer loop
      vertex 190.192 123.514 156.8
      vertex 184.488 118.512 158
      vertex 190.192 123.514 158
    endloop
  endfacet
  facet normal -0.659325 0.751858 0
    outer loop
      vertex 184.488 118.512 158
      vertex 190.192 123.514 156.8
      vertex 184.488 118.512 156.8
    endloop
  endfacet
  facet normal -0.195089 -0.980785 0
    outer loop
      vertex 210.488 21.4763 156.8
      vertex 217.929 19.9962 158
      vertex 210.488 21.4763 158
    endloop
  endfacet
  facet normal -0.195089 -0.980785 -0
    outer loop
      vertex 217.929 19.9962 158
      vertex 210.488 21.4763 156.8
      vertex 217.929 19.9962 156.8
    endloop
  endfacet
  facet normal -0.442356 0.896839 0
    outer loop
      vertex 203.304 131.085 156.8
      vertex 196.5 127.729 158
      vertex 203.304 131.085 158
    endloop
  endfacet
  facet normal -0.442356 0.896839 0
    outer loop
      vertex 196.5 127.729 158
      vertex 203.304 131.085 156.8
      vertex 196.5 127.729 156.8
    endloop
  endfacet
  facet normal 0.946917 -0.321478 0
    outer loop
      vertex 279.085 55.3044 158
      vertex 281.524 62.4885 156.8
      vertex 281.524 62.4885 158
    endloop
  endfacet
  facet normal 0.946917 -0.321478 0
    outer loop
      vertex 281.524 62.4885 156.8
      vertex 279.085 55.3044 158
      vertex 279.085 55.3044 156.8
    endloop
  endfacet
  facet normal 0.997861 -0.0653773 0
    outer loop
      vertex 283.004 69.9295 158
      vertex 283.5 77.5 156.8
      vertex 283.5 77.5 158
    endloop
  endfacet
  facet normal 0.997861 -0.0653773 0
    outer loop
      vertex 283.5 77.5 156.8
      vertex 283.004 69.9295 158
      vertex 283.004 69.9295 156.8
    endloop
  endfacet
  facet normal -0.89685 -0.442335 0
    outer loop
      vertex 175.271 48.5 156.8
      vertex 171.915 55.3044 158
      vertex 171.915 55.3044 156.8
    endloop
  endfacet
  facet normal -0.89685 -0.442335 0
    outer loop
      vertex 171.915 55.3044 158
      vertex 175.271 48.5 156.8
      vertex 175.271 48.5 158
    endloop
  endfacet
  facet normal -0.980788 -0.195077 0
    outer loop
      vertex 169.476 62.4885 156.8
      vertex 167.996 69.9295 158
      vertex 167.996 69.9295 156.8
    endloop
  endfacet
  facet normal -0.980788 -0.195077 0
    outer loop
      vertex 167.996 69.9295 158
      vertex 169.476 62.4885 156.8
      vertex 169.476 62.4885 158
    endloop
  endfacet
  facet normal 0.83147 -0.55557 0
    outer loop
      vertex 271.514 42.1918 158
      vertex 275.729 48.5 156.8
      vertex 275.729 48.5 158
    endloop
  endfacet
  facet normal 0.83147 -0.55557 0
    outer loop
      vertex 275.729 48.5 156.8
      vertex 271.514 42.1918 158
      vertex 271.514 42.1918 156.8
    endloop
  endfacet
  facet normal -0.946917 0.321478 0
    outer loop
      vertex 169.476 92.5115 156.8
      vertex 171.915 99.6956 158
      vertex 171.915 99.6956 156.8
    endloop
  endfacet
  facet normal -0.946917 0.321478 0
    outer loop
      vertex 171.915 99.6956 158
      vertex 169.476 92.5115 156.8
      vertex 169.476 92.5115 158
    endloop
  endfacet
  facet normal -0.997861 -0.0653773 0
    outer loop
      vertex 167.996 69.9295 156.8
      vertex 167.5 77.5 158
      vertex 167.5 77.5 156.8
    endloop
  endfacet
  facet normal -0.997861 -0.0653773 0
    outer loop
      vertex 167.5 77.5 158
      vertex 167.996 69.9295 156.8
      vertex 167.996 69.9295 158
    endloop
  endfacet
  facet normal -0.946917 -0.321478 0
    outer loop
      vertex 171.915 55.3044 156.8
      vertex 169.476 62.4885 158
      vertex 169.476 62.4885 156.8
    endloop
  endfacet
  facet normal -0.946917 -0.321478 0
    outer loop
      vertex 169.476 62.4885 158
      vertex 171.915 55.3044 156.8
      vertex 171.915 55.3044 158
    endloop
  endfacet
  facet normal -0.065373 0.997861 0
    outer loop
      vertex 225.5 135.5 156.8
      vertex 217.929 135.004 158
      vertex 225.5 135.5 158
    endloop
  endfacet
  facet normal -0.065373 0.997861 0
    outer loop
      vertex 217.929 135.004 158
      vertex 225.5 135.5 156.8
      vertex 217.929 135.004 156.8
    endloop
  endfacet
  facet normal 0.659348 -0.751838 0
    outer loop
      vertex 260.808 31.4855 156.8
      vertex 266.512 36.4878 158
      vertex 260.808 31.4855 158
    endloop
  endfacet
  facet normal 0.659348 -0.751838 0
    outer loop
      vertex 266.512 36.4878 158
      vertex 260.808 31.4855 156.8
      vertex 266.512 36.4878 156.8
    endloop
  endfacet
  facet normal 0.442356 0.896839 -0
    outer loop
      vertex 254.5 127.729 156.8
      vertex 247.696 131.085 158
      vertex 254.5 127.729 158
    endloop
  endfacet
  facet normal 0.442356 0.896839 0
    outer loop
      vertex 247.696 131.085 158
      vertex 254.5 127.729 156.8
      vertex 247.696 131.085 156.8
    endloop
  endfacet
  facet normal -0.0653993 -0.997859 0
    outer loop
      vertex 217.929 19.9962 156.8
      vertex 225.5 19.5 158
      vertex 217.929 19.9962 158
    endloop
  endfacet
  facet normal -0.0653993 -0.997859 -0
    outer loop
      vertex 225.5 19.5 158
      vertex 217.929 19.9962 156.8
      vertex 225.5 19.5 156.8
    endloop
  endfacet
  facet normal 0 0 1
    outer loop
      vertex 279.5 77.5 158
      vertex 283.5 77.5 158
      vertex 283.004 85.0705 158
    endloop
  endfacet
  facet normal 0 0 1
    outer loop
      vertex 279.038 84.5484 158
      vertex 283.004 85.0705 158
      vertex 281.524 92.5115 158
    endloop
  endfacet
  facet normal 0 0 1
    outer loop
      vertex 283.5 77.5 158
      vertex 279.5 77.5 158
      vertex 283.004 69.9295 158
    endloop
  endfacet
  facet normal -0 0 1
    outer loop
      vertex 279.038 70.4516 158
      vertex 283.004 69.9295 158
      vertex 279.5 77.5 158
    endloop
  endfacet
  facet normal 0 0 1
    outer loop
      vertex 277.66 91.4762 158
      vertex 281.524 92.5115 158
      vertex 279.085 99.6956 158
    endloop
  endfacet
  facet normal 0 0 1
    outer loop
      vertex 283.004 85.0705 158
      vertex 279.038 84.5484 158
      vertex 279.5 77.5 158
    endloop
  endfacet
  facet normal 0 0 1
    outer loop
      vertex 281.524 92.5115 158
      vertex 277.66 91.4762 158
      vertex 279.038 84.5484 158
    endloop
  endfacet
  facet normal 0 0 1
    outer loop
      vertex 275.389 98.1649 158
      vertex 279.085 99.6956 158
      vertex 275.729 106.5 158
    endloop
  endfacet
  facet normal 0 0 1
    outer loop
      vertex 279.085 99.6956 158
      vertex 275.389 98.1649 158
      vertex 277.66 91.4762 158
    endloop
  endfacet
  facet normal 0 0 1
    outer loop
      vertex 275.729 106.5 158
      vertex 272.265 104.5 158
      vertex 275.389 98.1649 158
    endloop
  endfacet
  facet normal 0 0 1
    outer loop
      vertex 271.514 112.808 158
      vertex 272.265 104.5 158
      vertex 275.729 106.5 158
    endloop
  endfacet
  facet normal 0 0 1
    outer loop
      vertex 271.514 112.808 158
      vertex 268.341 110.373 158
      vertex 272.265 104.5 158
    endloop
  endfacet
  facet normal 0 0 1
    outer loop
      vertex 266.512 118.512 158
      vertex 268.341 110.373 158
      vertex 271.514 112.808 158
    endloop
  endfacet
  facet normal 0 0 1
    outer loop
      vertex 266.512 118.512 158
      vertex 263.684 115.684 158
      vertex 268.341 110.373 158
    endloop
  endfacet
  facet normal 0 0 1
    outer loop
      vertex 260.808 123.514 158
      vertex 263.684 115.684 158
      vertex 266.512 118.512 158
    endloop
  endfacet
  facet normal 0 0 1
    outer loop
      vertex 260.808 123.514 158
      vertex 258.373 120.341 158
      vertex 263.684 115.684 158
    endloop
  endfacet
  facet normal 0 0 1
    outer loop
      vertex 254.5 127.729 158
      vertex 258.373 120.341 158
      vertex 260.808 123.514 158
    endloop
  endfacet
  facet normal 0 0 1
    outer loop
      vertex 254.5 127.729 158
      vertex 252.5 124.265 158
      vertex 258.373 120.341 158
    endloop
  endfacet
  facet normal 0 0 1
    outer loop
      vertex 247.696 131.085 158
      vertex 252.5 124.265 158
      vertex 254.5 127.729 158
    endloop
  endfacet
  facet normal 0 0 1
    outer loop
      vertex 247.696 131.085 158
      vertex 246.165 127.389 158
      vertex 252.5 124.265 158
    endloop
  endfacet
  facet normal 0 0 1
    outer loop
      vertex 240.512 133.524 158
      vertex 246.165 127.389 158
      vertex 247.696 131.085 158
    endloop
  endfacet
  facet normal 0 0 1
    outer loop
      vertex 240.512 133.524 158
      vertex 239.476 129.66 158
      vertex 246.165 127.389 158
    endloop
  endfacet
  facet normal 0 0 1
    outer loop
      vertex 233.071 135.004 158
      vertex 239.476 129.66 158
      vertex 240.512 133.524 158
    endloop
  endfacet
  facet normal 0 0 1
    outer loop
      vertex 233.071 135.004 158
      vertex 232.548 131.038 158
      vertex 239.476 129.66 158
    endloop
  endfacet
  facet normal 0 0 1
    outer loop
      vertex 225.5 135.5 158
      vertex 232.548 131.038 158
      vertex 233.071 135.004 158
    endloop
  endfacet
  facet normal 0 0 1
    outer loop
      vertex 225.5 135.5 158
      vertex 225.5 131.5 158
      vertex 232.548 131.038 158
    endloop
  endfacet
  facet normal 0 0 1
    outer loop
      vertex 225.5 135.5 158
      vertex 218.452 131.038 158
      vertex 225.5 131.5 158
    endloop
  endfacet
  facet normal -0 0 1
    outer loop
      vertex 217.929 135.004 158
      vertex 218.452 131.038 158
      vertex 225.5 135.5 158
    endloop
  endfacet
  facet normal 0 0 1
    outer loop
      vertex 217.929 135.004 158
      vertex 211.524 129.66 158
      vertex 218.452 131.038 158
    endloop
  endfacet
  facet normal -0 0 1
    outer loop
      vertex 210.488 133.524 158
      vertex 211.524 129.66 158
      vertex 217.929 135.004 158
    endloop
  endfacet
  facet normal 0 0 1
    outer loop
      vertex 210.488 133.524 158
      vertex 204.835 127.389 158
      vertex 211.524 129.66 158
    endloop
  endfacet
  facet normal -0 0 1
    outer loop
      vertex 203.304 131.085 158
      vertex 204.835 127.389 158
      vertex 210.488 133.524 158
    endloop
  endfacet
  facet normal 0 0 1
    outer loop
      vertex 203.304 131.085 158
      vertex 198.5 124.265 158
      vertex 204.835 127.389 158
    endloop
  endfacet
  facet normal -0 0 1
    outer loop
      vertex 196.5 127.729 158
      vertex 198.5 124.265 158
      vertex 203.304 131.085 158
    endloop
  endfacet
  facet normal 0 0 1
    outer loop
      vertex 196.5 127.729 158
      vertex 192.627 120.341 158
      vertex 198.5 124.265 158
    endloop
  endfacet
  facet normal -0 0 1
    outer loop
      vertex 190.192 123.514 158
      vertex 192.627 120.341 158
      vertex 196.5 127.729 158
    endloop
  endfacet
  facet normal 0 0 1
    outer loop
      vertex 190.192 123.514 158
      vertex 187.316 115.684 158
      vertex 192.627 120.341 158
    endloop
  endfacet
  facet normal -0 0 1
    outer loop
      vertex 184.488 118.512 158
      vertex 187.316 115.684 158
      vertex 190.192 123.514 158
    endloop
  endfacet
  facet normal 0 0 1
    outer loop
      vertex 184.488 118.512 158
      vertex 182.659 110.373 158
      vertex 187.316 115.684 158
    endloop
  endfacet
  facet normal -0 0 1
    outer loop
      vertex 179.486 112.808 158
      vertex 182.659 110.373 158
      vertex 184.488 118.512 158
    endloop
  endfacet
  facet normal 0 0 1
    outer loop
      vertex 179.486 112.808 158
      vertex 178.735 104.5 158
      vertex 182.659 110.373 158
    endloop
  endfacet
  facet normal -0 0 1
    outer loop
      vertex 175.271 106.5 158
      vertex 178.735 104.5 158
      vertex 179.486 112.808 158
    endloop
  endfacet
  facet normal 0 0 1
    outer loop
      vertex 178.735 104.5 158
      vertex 175.271 106.5 158
      vertex 175.611 98.1649 158
    endloop
  endfacet
  facet normal -0 0 1
    outer loop
      vertex 171.915 99.6956 158
      vertex 175.611 98.1649 158
      vertex 175.271 106.5 158
    endloop
  endfacet
  facet normal 0 0 1
    outer loop
      vertex 175.611 98.1649 158
      vertex 171.915 99.6956 158
      vertex 173.34 91.4762 158
    endloop
  endfacet
  facet normal -0 0 1
    outer loop
      vertex 169.476 92.5115 158
      vertex 173.34 91.4762 158
      vertex 171.915 99.6956 158
    endloop
  endfacet
  facet normal 0 0 1
    outer loop
      vertex 173.34 91.4762 158
      vertex 169.476 92.5115 158
      vertex 171.962 84.5484 158
    endloop
  endfacet
  facet normal -0 0 1
    outer loop
      vertex 167.996 85.0705 158
      vertex 171.962 84.5484 158
      vertex 169.476 92.5115 158
    endloop
  endfacet
  facet normal 0 0 1
    outer loop
      vertex 283.004 69.9295 158
      vertex 279.038 70.4516 158
      vertex 281.524 62.4885 158
    endloop
  endfacet
  facet normal -0 0 1
    outer loop
      vertex 277.66 63.5238 158
      vertex 281.524 62.4885 158
      vertex 279.038 70.4516 158
    endloop
  endfacet
  facet normal 0 0 1
    outer loop
      vertex 281.524 62.4885 158
      vertex 277.66 63.5238 158
      vertex 279.085 55.3044 158
    endloop
  endfacet
  facet normal -0 0 1
    outer loop
      vertex 275.389 56.8351 158
      vertex 279.085 55.3044 158
      vertex 277.66 63.5238 158
    endloop
  endfacet
  facet normal 0 0 1
    outer loop
      vertex 279.085 55.3044 158
      vertex 275.389 56.8351 158
      vertex 275.729 48.5 158
    endloop
  endfacet
  facet normal -0 0 1
    outer loop
      vertex 272.265 50.5 158
      vertex 275.729 48.5 158
      vertex 275.389 56.8351 158
    endloop
  endfacet
  facet normal 0 0 1
    outer loop
      vertex 272.265 50.5 158
      vertex 271.514 42.1918 158
      vertex 275.729 48.5 158
    endloop
  endfacet
  facet normal -0 0 1
    outer loop
      vertex 268.341 44.6269 158
      vertex 271.514 42.1918 158
      vertex 272.265 50.5 158
    endloop
  endfacet
  facet normal 0 0 1
    outer loop
      vertex 268.341 44.6269 158
      vertex 266.512 36.4878 158
      vertex 271.514 42.1918 158
    endloop
  endfacet
  facet normal -0 0 1
    outer loop
      vertex 263.684 39.3162 158
      vertex 266.512 36.4878 158
      vertex 268.341 44.6269 158
    endloop
  endfacet
  facet normal 0 0 1
    outer loop
      vertex 263.684 39.3162 158
      vertex 260.808 31.4855 158
      vertex 266.512 36.4878 158
    endloop
  endfacet
  facet normal -0 0 1
    outer loop
      vertex 258.373 34.6589 158
      vertex 260.808 31.4855 158
      vertex 263.684 39.3162 158
    endloop
  endfacet
  facet normal 0 0 1
    outer loop
      vertex 258.373 34.6589 158
      vertex 254.5 27.2705 158
      vertex 260.808 31.4855 158
    endloop
  endfacet
  facet normal -0 0 1
    outer loop
      vertex 252.5 30.7346 158
      vertex 254.5 27.2705 158
      vertex 258.373 34.6589 158
    endloop
  endfacet
  facet normal 0 0 1
    outer loop
      vertex 252.5 30.7346 158
      vertex 247.696 23.915 158
      vertex 254.5 27.2705 158
    endloop
  endfacet
  facet normal -0 0 1
    outer loop
      vertex 246.165 27.6105 158
      vertex 247.696 23.915 158
      vertex 252.5 30.7346 158
    endloop
  endfacet
  facet normal 0 0 1
    outer loop
      vertex 246.165 27.6105 158
      vertex 240.512 21.4763 158
      vertex 247.696 23.915 158
    endloop
  endfacet
  facet normal -0 0 1
    outer loop
      vertex 239.476 25.34 158
      vertex 240.512 21.4763 158
      vertex 246.165 27.6105 158
    endloop
  endfacet
  facet normal 0 0 1
    outer loop
      vertex 239.476 25.34 158
      vertex 233.071 19.9962 158
      vertex 240.512 21.4763 158
    endloop
  endfacet
  facet normal -0 0 1
    outer loop
      vertex 232.548 23.962 158
      vertex 233.071 19.9962 158
      vertex 239.476 25.34 158
    endloop
  endfacet
  facet normal -0 0 1
    outer loop
      vertex 225.5 23.5 158
      vertex 233.071 19.9962 158
      vertex 232.548 23.962 158
    endloop
  endfacet
  facet normal 0 0 1
    outer loop
      vertex 225.5 23.5 158
      vertex 225.5 19.5 158
      vertex 233.071 19.9962 158
    endloop
  endfacet
  facet normal 0 0 1
    outer loop
      vertex 218.452 23.962 158
      vertex 225.5 19.5 158
      vertex 225.5 23.5 158
    endloop
  endfacet
  facet normal 0 0 1
    outer loop
      vertex 218.452 23.962 158
      vertex 217.929 19.9962 158
      vertex 225.5 19.5 158
    endloop
  endfacet
  facet normal 0 0 1
    outer loop
      vertex 211.524 25.34 158
      vertex 217.929 19.9962 158
      vertex 218.452 23.962 158
    endloop
  endfacet
  facet normal 0 0 1
    outer loop
      vertex 211.524 25.34 158
      vertex 210.488 21.4763 158
      vertex 217.929 19.9962 158
    endloop
  endfacet
  facet normal 0 0 1
    outer loop
      vertex 204.835 27.6105 158
      vertex 210.488 21.4763 158
      vertex 211.524 25.34 158
    endloop
  endfacet
  facet normal 0 0 1
    outer loop
      vertex 204.835 27.6105 158
      vertex 203.304 23.915 158
      vertex 210.488 21.4763 158
    endloop
  endfacet
  facet normal 0 0 1
    outer loop
      vertex 198.5 30.7346 158
      vertex 203.304 23.915 158
      vertex 204.835 27.6105 158
    endloop
  endfacet
  facet normal 0 0 1
    outer loop
      vertex 198.5 30.7346 158
      vertex 196.5 27.2705 158
      vertex 203.304 23.915 158
    endloop
  endfacet
  facet normal 0 0 1
    outer loop
      vertex 192.627 34.6589 158
      vertex 196.5 27.2705 158
      vertex 198.5 30.7346 158
    endloop
  endfacet
  facet normal 0 0 1
    outer loop
      vertex 192.627 34.6589 158
      vertex 190.192 31.4855 158
      vertex 196.5 27.2705 158
    endloop
  endfacet
  facet normal 0 0 1
    outer loop
      vertex 187.316 39.3162 158
      vertex 190.192 31.4855 158
      vertex 192.627 34.6589 158
    endloop
  endfacet
  facet normal 0 0 1
    outer loop
      vertex 187.316 39.3162 158
      vertex 184.488 36.4878 158
      vertex 190.192 31.4855 158
    endloop
  endfacet
  facet normal 0 0 1
    outer loop
      vertex 182.659 44.6269 158
      vertex 184.488 36.4878 158
      vertex 187.316 39.3162 158
    endloop
  endfacet
  facet normal 0 0 1
    outer loop
      vertex 182.659 44.6269 158
      vertex 179.486 42.1918 158
      vertex 184.488 36.4878 158
    endloop
  endfacet
  facet normal 0 0 1
    outer loop
      vertex 178.735 50.5 158
      vertex 179.486 42.1918 158
      vertex 182.659 44.6269 158
    endloop
  endfacet
  facet normal 0 0 1
    outer loop
      vertex 175.271 48.5 158
      vertex 178.735 50.5 158
      vertex 175.611 56.8351 158
    endloop
  endfacet
  facet normal 0 0 1
    outer loop
      vertex 178.735 50.5 158
      vertex 175.271 48.5 158
      vertex 179.486 42.1918 158
    endloop
  endfacet
  facet normal 0 0 1
    outer loop
      vertex 171.915 55.3044 158
      vertex 175.611 56.8351 158
      vertex 173.34 63.5238 158
    endloop
  endfacet
  facet normal 0 0 1
    outer loop
      vertex 169.476 62.4885 158
      vertex 173.34 63.5238 158
      vertex 171.962 70.4516 158
    endloop
  endfacet
  facet normal 0 0 1
    outer loop
      vertex 175.611 56.8351 158
      vertex 171.915 55.3044 158
      vertex 175.271 48.5 158
    endloop
  endfacet
  facet normal 0 0 1
    outer loop
      vertex 167.996 69.9295 158
      vertex 171.962 70.4516 158
      vertex 171.5 77.5 158
    endloop
  endfacet
  facet normal 0 0 1
    outer loop
      vertex 171.962 84.5484 158
      vertex 167.996 85.0705 158
      vertex 171.5 77.5 158
    endloop
  endfacet
  facet normal 0 0 1
    outer loop
      vertex 173.34 63.5238 158
      vertex 169.476 62.4885 158
      vertex 171.915 55.3044 158
    endloop
  endfacet
  facet normal 0 0 1
    outer loop
      vertex 167.5 77.5 158
      vertex 171.5 77.5 158
      vertex 167.996 85.0705 158
    endloop
  endfacet
  facet normal 0 0 1
    outer loop
      vertex 171.962 70.4516 158
      vertex 167.996 69.9295 158
      vertex 169.476 62.4885 158
    endloop
  endfacet
  facet normal 0 0 1
    outer loop
      vertex 171.5 77.5 158
      vertex 167.5 77.5 158
      vertex 167.996 69.9295 158
    endloop
  endfacet
  facet normal -0.997861 0.0653773 0
    outer loop
      vertex 167.5 77.5 156.8
      vertex 167.996 85.0705 158
      vertex 167.996 85.0705 156.8
    endloop
  endfacet
  facet normal -0.997861 0.0653773 0
    outer loop
      vertex 167.996 85.0705 158
      vertex 167.5 77.5 156.8
      vertex 167.5 77.5 158
    endloop
  endfacet
  facet normal 0.831462 0.555582 0
    outer loop
      vertex 275.729 106.5 158
      vertex 271.514 112.808 156.8
      vertex 271.514 112.808 158
    endloop
  endfacet
  facet normal 0.831462 0.555582 0
    outer loop
      vertex 271.514 112.808 156.8
      vertex 275.729 106.5 158
      vertex 275.729 106.5 156.8
    endloop
  endfacet
  facet normal 0.555582 0.831462 -0
    outer loop
      vertex 260.808 123.514 156.8
      vertex 254.5 127.729 158
      vertex 260.808 123.514 158
    endloop
  endfacet
  facet normal 0.555582 0.831462 0
    outer loop
      vertex 254.5 127.729 158
      vertex 260.808 123.514 156.8
      vertex 254.5 127.729 156.8
    endloop
  endfacet
  facet normal 0.0653993 -0.997859 0
    outer loop
      vertex 225.5 19.5 156.8
      vertex 233.071 19.9962 158
      vertex 225.5 19.5 158
    endloop
  endfacet
  facet normal 0.0653993 -0.997859 0
    outer loop
      vertex 233.071 19.9962 158
      vertex 225.5 19.5 156.8
      vertex 233.071 19.9962 156.8
    endloop
  endfacet
  facet normal -0.751858 0.659325 0
    outer loop
      vertex 179.486 112.808 156.8
      vertex 184.488 118.512 158
      vertex 184.488 118.512 156.8
    endloop
  endfacet
  facet normal -0.751858 0.659325 0
    outer loop
      vertex 184.488 118.512 158
      vertex 179.486 112.808 156.8
      vertex 179.486 112.808 158
    endloop
  endfacet
  facet normal 0.321482 0.946916 -0
    outer loop
      vertex 247.696 131.085 156.8
      vertex 240.512 133.524 158
      vertex 247.696 131.085 158
    endloop
  endfacet
  facet normal 0.321482 0.946916 0
    outer loop
      vertex 240.512 133.524 158
      vertex 247.696 131.085 156.8
      vertex 240.512 133.524 156.8
    endloop
  endfacet
  facet normal -0.195077 0.980788 0
    outer loop
      vertex 217.929 135.004 156.8
      vertex 210.488 133.524 158
      vertex 217.929 135.004 158
    endloop
  endfacet
  facet normal -0.195077 0.980788 0
    outer loop
      vertex 210.488 133.524 158
      vertex 217.929 135.004 156.8
      vertex 210.488 133.524 156.8
    endloop
  endfacet
  facet normal 0.89685 0.442335 0
    outer loop
      vertex 279.085 99.6956 158
      vertex 275.729 106.5 156.8
      vertex 275.729 106.5 158
    endloop
  endfacet
  facet normal 0.89685 0.442335 0
    outer loop
      vertex 275.729 106.5 156.8
      vertex 279.085 99.6956 158
      vertex 279.085 99.6956 156.8
    endloop
  endfacet
  facet normal -0.83147 -0.55557 0
    outer loop
      vertex 179.486 42.1918 156.8
      vertex 175.271 48.5 158
      vertex 175.271 48.5 156.8
    endloop
  endfacet
  facet normal -0.83147 -0.55557 0
    outer loop
      vertex 175.271 48.5 158
      vertex 179.486 42.1918 156.8
      vertex 179.486 42.1918 158
    endloop
  endfacet
  facet normal -0.980788 0.195077 0
    outer loop
      vertex 167.996 85.0705 156.8
      vertex 169.476 92.5115 158
      vertex 169.476 92.5115 156.8
    endloop
  endfacet
  facet normal -0.980788 0.195077 0
    outer loop
      vertex 169.476 92.5115 158
      vertex 167.996 85.0705 156.8
      vertex 167.996 85.0705 158
    endloop
  endfacet
  facet normal 0.555582 -0.831462 0
    outer loop
      vertex 254.5 27.2705 156.8
      vertex 260.808 31.4855 158
      vertex 254.5 27.2705 158
    endloop
  endfacet
  facet normal 0.555582 -0.831462 0
    outer loop
      vertex 260.808 31.4855 158
      vertex 254.5 27.2705 156.8
      vertex 260.808 31.4855 156.8
    endloop
  endfacet
  facet normal -0.555582 -0.831462 0
    outer loop
      vertex 190.192 31.4855 156.8
      vertex 196.5 27.2705 158
      vertex 190.192 31.4855 158
    endloop
  endfacet
  facet normal -0.555582 -0.831462 -0
    outer loop
      vertex 196.5 27.2705 158
      vertex 190.192 31.4855 156.8
      vertex 196.5 27.2705 156.8
    endloop
  endfacet
  facet normal 0.751858 -0.659325 0
    outer loop
      vertex 266.512 36.4878 158
      vertex 271.514 42.1918 156.8
      vertex 271.514 42.1918 158
    endloop
  endfacet
  facet normal 0.751858 -0.659325 0
    outer loop
      vertex 271.514 42.1918 156.8
      vertex 266.512 36.4878 158
      vertex 266.512 36.4878 156.8
    endloop
  endfacet
  facet normal 0 0 -1
    outer loop
      vertex 279.5 77.5 156.8
      vertex 283.5 77.5 156.8
      vertex 283.004 69.9295 156.8
    endloop
  endfacet
  facet normal 0 0 -1
    outer loop
      vertex 279.038 70.4516 156.8
      vertex 283.004 69.9295 156.8
      vertex 281.524 62.4885 156.8
    endloop
  endfacet
  facet normal 0 0 -1
    outer loop
      vertex 283.5 77.5 156.8
      vertex 279.5 77.5 156.8
      vertex 283.004 85.0705 156.8
    endloop
  endfacet
  facet normal 0 0 -1
    outer loop
      vertex 279.038 84.5484 156.8
      vertex 283.004 85.0705 156.8
      vertex 279.5 77.5 156.8
    endloop
  endfacet
  facet normal 0 0 -1
    outer loop
      vertex 277.66 63.5238 156.8
      vertex 281.524 62.4885 156.8
      vertex 279.085 55.3044 156.8
    endloop
  endfacet
  facet normal 0 0 -1
    outer loop
      vertex 283.004 69.9295 156.8
      vertex 279.038 70.4516 156.8
      vertex 279.5 77.5 156.8
    endloop
  endfacet
  facet normal 0 0 -1
    outer loop
      vertex 281.524 62.4885 156.8
      vertex 277.66 63.5238 156.8
      vertex 279.038 70.4516 156.8
    endloop
  endfacet
  facet normal 0 0 -1
    outer loop
      vertex 275.389 56.8351 156.8
      vertex 279.085 55.3044 156.8
      vertex 275.729 48.5 156.8
    endloop
  endfacet
  facet normal 0 0 -1
    outer loop
      vertex 279.085 55.3044 156.8
      vertex 275.389 56.8351 156.8
      vertex 277.66 63.5238 156.8
    endloop
  endfacet
  facet normal 0 0 -1
    outer loop
      vertex 275.729 48.5 156.8
      vertex 272.265 50.5 156.8
      vertex 275.389 56.8351 156.8
    endloop
  endfacet
  facet normal 0 0 -1
    outer loop
      vertex 271.514 42.1918 156.8
      vertex 272.265 50.5 156.8
      vertex 275.729 48.5 156.8
    endloop
  endfacet
  facet normal 0 0 -1
    outer loop
      vertex 271.514 42.1918 156.8
      vertex 268.341 44.6269 156.8
      vertex 272.265 50.5 156.8
    endloop
  endfacet
  facet normal 0 0 -1
    outer loop
      vertex 266.512 36.4878 156.8
      vertex 268.341 44.6269 156.8
      vertex 271.514 42.1918 156.8
    endloop
  endfacet
  facet normal 0 0 -1
    outer loop
      vertex 266.512 36.4878 156.8
      vertex 263.684 39.3162 156.8
      vertex 268.341 44.6269 156.8
    endloop
  endfacet
  facet normal 0 0 -1
    outer loop
      vertex 260.808 31.4855 156.8
      vertex 263.684 39.3162 156.8
      vertex 266.512 36.4878 156.8
    endloop
  endfacet
  facet normal 0 0 -1
    outer loop
      vertex 260.808 31.4855 156.8
      vertex 258.373 34.6589 156.8
      vertex 263.684 39.3162 156.8
    endloop
  endfacet
  facet normal 0 0 -1
    outer loop
      vertex 254.5 27.2705 156.8
      vertex 258.373 34.6589 156.8
      vertex 260.808 31.4855 156.8
    endloop
  endfacet
  facet normal 0 0 -1
    outer loop
      vertex 254.5 27.2705 156.8
      vertex 252.5 30.7346 156.8
      vertex 258.373 34.6589 156.8
    endloop
  endfacet
  facet normal 0 0 -1
    outer loop
      vertex 247.696 23.915 156.8
      vertex 252.5 30.7346 156.8
      vertex 254.5 27.2705 156.8
    endloop
  endfacet
  facet normal 0 0 -1
    outer loop
      vertex 247.696 23.915 156.8
      vertex 246.165 27.6105 156.8
      vertex 252.5 30.7346 156.8
    endloop
  endfacet
  facet normal 0 0 -1
    outer loop
      vertex 240.512 21.4763 156.8
      vertex 246.165 27.6105 156.8
      vertex 247.696 23.915 156.8
    endloop
  endfacet
  facet normal 0 0 -1
    outer loop
      vertex 240.512 21.4763 156.8
      vertex 239.476 25.34 156.8
      vertex 246.165 27.6105 156.8
    endloop
  endfacet
  facet normal 0 0 -1
    outer loop
      vertex 233.071 19.9962 156.8
      vertex 239.476 25.34 156.8
      vertex 240.512 21.4763 156.8
    endloop
  endfacet
  facet normal 0 0 -1
    outer loop
      vertex 233.071 19.9962 156.8
      vertex 232.548 23.962 156.8
      vertex 239.476 25.34 156.8
    endloop
  endfacet
  facet normal 0 0 -1
    outer loop
      vertex 225.5 19.5 156.8
      vertex 232.548 23.962 156.8
      vertex 233.071 19.9962 156.8
    endloop
  endfacet
  facet normal 0 0 -1
    outer loop
      vertex 225.5 19.5 156.8
      vertex 225.5 23.5 156.8
      vertex 232.548 23.962 156.8
    endloop
  endfacet
  facet normal 0 0 -1
    outer loop
      vertex 225.5 19.5 156.8
      vertex 218.452 23.962 156.8
      vertex 225.5 23.5 156.8
    endloop
  endfacet
  facet normal 0 0 -1
    outer loop
      vertex 217.929 19.9962 156.8
      vertex 218.452 23.962 156.8
      vertex 225.5 19.5 156.8
    endloop
  endfacet
  facet normal 0 0 -1
    outer loop
      vertex 217.929 19.9962 156.8
      vertex 211.524 25.34 156.8
      vertex 218.452 23.962 156.8
    endloop
  endfacet
  facet normal 0 0 -1
    outer loop
      vertex 210.488 21.4763 156.8
      vertex 211.524 25.34 156.8
      vertex 217.929 19.9962 156.8
    endloop
  endfacet
  facet normal 0 0 -1
    outer loop
      vertex 210.488 21.4763 156.8
      vertex 204.835 27.6105 156.8
      vertex 211.524 25.34 156.8
    endloop
  endfacet
  facet normal 0 0 -1
    outer loop
      vertex 203.304 23.915 156.8
      vertex 204.835 27.6105 156.8
      vertex 210.488 21.4763 156.8
    endloop
  endfacet
  facet normal 0 0 -1
    outer loop
      vertex 203.304 23.915 156.8
      vertex 198.5 30.7346 156.8
      vertex 204.835 27.6105 156.8
    endloop
  endfacet
  facet normal 0 0 -1
    outer loop
      vertex 196.5 27.2705 156.8
      vertex 198.5 30.7346 156.8
      vertex 203.304 23.915 156.8
    endloop
  endfacet
  facet normal 0 0 -1
    outer loop
      vertex 196.5 27.2705 156.8
      vertex 192.627 34.6589 156.8
      vertex 198.5 30.7346 156.8
    endloop
  endfacet
  facet normal 0 0 -1
    outer loop
      vertex 190.192 31.4855 156.8
      vertex 192.627 34.6589 156.8
      vertex 196.5 27.2705 156.8
    endloop
  endfacet
  facet normal 0 0 -1
    outer loop
      vertex 190.192 31.4855 156.8
      vertex 187.316 39.3162 156.8
      vertex 192.627 34.6589 156.8
    endloop
  endfacet
  facet normal 0 0 -1
    outer loop
      vertex 184.488 36.4878 156.8
      vertex 187.316 39.3162 156.8
      vertex 190.192 31.4855 156.8
    endloop
  endfacet
  facet normal 0 0 -1
    outer loop
      vertex 184.488 36.4878 156.8
      vertex 182.659 44.6269 156.8
      vertex 187.316 39.3162 156.8
    endloop
  endfacet
  facet normal 0 0 -1
    outer loop
      vertex 179.486 42.1918 156.8
      vertex 182.659 44.6269 156.8
      vertex 184.488 36.4878 156.8
    endloop
  endfacet
  facet normal 0 0 -1
    outer loop
      vertex 179.486 42.1918 156.8
      vertex 178.735 50.5 156.8
      vertex 182.659 44.6269 156.8
    endloop
  endfacet
  facet normal 0 0 -1
    outer loop
      vertex 175.271 48.5 156.8
      vertex 178.735 50.5 156.8
      vertex 179.486 42.1918 156.8
    endloop
  endfacet
  facet normal -0 0 -1
    outer loop
      vertex 178.735 50.5 156.8
      vertex 175.271 48.5 156.8
      vertex 175.611 56.8351 156.8
    endloop
  endfacet
  facet normal 0 0 -1
    outer loop
      vertex 171.915 55.3044 156.8
      vertex 175.611 56.8351 156.8
      vertex 175.271 48.5 156.8
    endloop
  endfacet
  facet normal -0 0 -1
    outer loop
      vertex 175.611 56.8351 156.8
      vertex 171.915 55.3044 156.8
      vertex 173.34 63.5238 156.8
    endloop
  endfacet
  facet normal 0 0 -1
    outer loop
      vertex 169.476 62.4885 156.8
      vertex 173.34 63.5238 156.8
      vertex 171.915 55.3044 156.8
    endloop
  endfacet
  facet normal -0 0 -1
    outer loop
      vertex 173.34 63.5238 156.8
      vertex 169.476 62.4885 156.8
      vertex 171.962 70.4516 156.8
    endloop
  endfacet
  facet normal 0 0 -1
    outer loop
      vertex 167.996 69.9295 156.8
      vertex 171.962 70.4516 156.8
      vertex 169.476 62.4885 156.8
    endloop
  endfacet
  facet normal -0 0 -1
    outer loop
      vertex 283.004 85.0705 156.8
      vertex 279.038 84.5484 156.8
      vertex 281.524 92.5115 156.8
    endloop
  endfacet
  facet normal 0 0 -1
    outer loop
      vertex 277.66 91.4762 156.8
      vertex 281.524 92.5115 156.8
      vertex 279.038 84.5484 156.8
    endloop
  endfacet
  facet normal -0 0 -1
    outer loop
      vertex 281.524 92.5115 156.8
      vertex 277.66 91.4762 156.8
      vertex 279.085 99.6956 156.8
    endloop
  endfacet
  facet normal 0 0 -1
    outer loop
      vertex 275.389 98.1649 156.8
      vertex 279.085 99.6956 156.8
      vertex 277.66 91.4762 156.8
    endloop
  endfacet
  facet normal -0 0 -1
    outer loop
      vertex 279.085 99.6956 156.8
      vertex 275.389 98.1649 156.8
      vertex 275.729 106.5 156.8
    endloop
  endfacet
  facet normal 0 0 -1
    outer loop
      vertex 272.265 104.5 156.8
      vertex 275.729 106.5 156.8
      vertex 275.389 98.1649 156.8
    endloop
  endfacet
  facet normal 0 0 -1
    outer loop
      vertex 272.265 104.5 156.8
      vertex 271.514 112.808 156.8
      vertex 275.729 106.5 156.8
    endloop
  endfacet
  facet normal 0 0 -1
    outer loop
      vertex 268.341 110.373 156.8
      vertex 271.514 112.808 156.8
      vertex 272.265 104.5 156.8
    endloop
  endfacet
  facet normal 0 0 -1
    outer loop
      vertex 268.341 110.373 156.8
      vertex 266.512 118.512 156.8
      vertex 271.514 112.808 156.8
    endloop
  endfacet
  facet normal 0 0 -1
    outer loop
      vertex 263.684 115.684 156.8
      vertex 266.512 118.512 156.8
      vertex 268.341 110.373 156.8
    endloop
  endfacet
  facet normal 0 0 -1
    outer loop
      vertex 263.684 115.684 156.8
      vertex 260.808 123.514 156.8
      vertex 266.512 118.512 156.8
    endloop
  endfacet
  facet normal 0 0 -1
    outer loop
      vertex 258.373 120.341 156.8
      vertex 260.808 123.514 156.8
      vertex 263.684 115.684 156.8
    endloop
  endfacet
  facet normal 0 0 -1
    outer loop
      vertex 258.373 120.341 156.8
      vertex 254.5 127.729 156.8
      vertex 260.808 123.514 156.8
    endloop
  endfacet
  facet normal 0 0 -1
    outer loop
      vertex 252.5 124.265 156.8
      vertex 254.5 127.729 156.8
      vertex 258.373 120.341 156.8
    endloop
  endfacet
  facet normal 0 0 -1
    outer loop
      vertex 252.5 124.265 156.8
      vertex 247.696 131.085 156.8
      vertex 254.5 127.729 156.8
    endloop
  endfacet
  facet normal 0 0 -1
    outer loop
      vertex 246.165 127.389 156.8
      vertex 247.696 131.085 156.8
      vertex 252.5 124.265 156.8
    endloop
  endfacet
  facet normal 0 0 -1
    outer loop
      vertex 246.165 127.389 156.8
      vertex 240.512 133.524 156.8
      vertex 247.696 131.085 156.8
    endloop
  endfacet
  facet normal 0 0 -1
    outer loop
      vertex 239.476 129.66 156.8
      vertex 240.512 133.524 156.8
      vertex 246.165 127.389 156.8
    endloop
  endfacet
  facet normal 0 0 -1
    outer loop
      vertex 239.476 129.66 156.8
      vertex 233.071 135.004 156.8
      vertex 240.512 133.524 156.8
    endloop
  endfacet
  facet normal 0 0 -1
    outer loop
      vertex 232.548 131.038 156.8
      vertex 233.071 135.004 156.8
      vertex 239.476 129.66 156.8
    endloop
  endfacet
  facet normal 0 0 -1
    outer loop
      vertex 225.5 131.5 156.8
      vertex 233.071 135.004 156.8
      vertex 232.548 131.038 156.8
    endloop
  endfacet
  facet normal 0 0 -1
    outer loop
      vertex 225.5 131.5 156.8
      vertex 225.5 135.5 156.8
      vertex 233.071 135.004 156.8
    endloop
  endfacet
  facet normal 0 0 -1
    outer loop
      vertex 218.452 131.038 156.8
      vertex 225.5 135.5 156.8
      vertex 225.5 131.5 156.8
    endloop
  endfacet
  facet normal 0 0 -1
    outer loop
      vertex 218.452 131.038 156.8
      vertex 217.929 135.004 156.8
      vertex 225.5 135.5 156.8
    endloop
  endfacet
  facet normal 0 0 -1
    outer loop
      vertex 211.524 129.66 156.8
      vertex 217.929 135.004 156.8
      vertex 218.452 131.038 156.8
    endloop
  endfacet
  facet normal 0 0 -1
    outer loop
      vertex 211.524 129.66 156.8
      vertex 210.488 133.524 156.8
      vertex 217.929 135.004 156.8
    endloop
  endfacet
  facet normal 0 0 -1
    outer loop
      vertex 204.835 127.389 156.8
      vertex 210.488 133.524 156.8
      vertex 211.524 129.66 156.8
    endloop
  endfacet
  facet normal 0 0 -1
    outer loop
      vertex 204.835 127.389 156.8
      vertex 203.304 131.085 156.8
      vertex 210.488 133.524 156.8
    endloop
  endfacet
  facet normal 0 0 -1
    outer loop
      vertex 198.5 124.265 156.8
      vertex 203.304 131.085 156.8
      vertex 204.835 127.389 156.8
    endloop
  endfacet
  facet normal 0 0 -1
    outer loop
      vertex 198.5 124.265 156.8
      vertex 196.5 127.729 156.8
      vertex 203.304 131.085 156.8
    endloop
  endfacet
  facet normal 0 0 -1
    outer loop
      vertex 192.627 120.341 156.8
      vertex 196.5 127.729 156.8
      vertex 198.5 124.265 156.8
    endloop
  endfacet
  facet normal 0 0 -1
    outer loop
      vertex 192.627 120.341 156.8
      vertex 190.192 123.514 156.8
      vertex 196.5 127.729 156.8
    endloop
  endfacet
  facet normal 0 0 -1
    outer loop
      vertex 187.316 115.684 156.8
      vertex 190.192 123.514 156.8
      vertex 192.627 120.341 156.8
    endloop
  endfacet
  facet normal 0 0 -1
    outer loop
      vertex 187.316 115.684 156.8
      vertex 184.488 118.512 156.8
      vertex 190.192 123.514 156.8
    endloop
  endfacet
  facet normal 0 0 -1
    outer loop
      vertex 182.659 110.373 156.8
      vertex 184.488 118.512 156.8
      vertex 187.316 115.684 156.8
    endloop
  endfacet
  facet normal 0 0 -1
    outer loop
      vertex 182.659 110.373 156.8
      vertex 179.486 112.808 156.8
      vertex 184.488 118.512 156.8
    endloop
  endfacet
  facet normal 0 0 -1
    outer loop
      vertex 178.735 104.5 156.8
      vertex 179.486 112.808 156.8
      vertex 182.659 110.373 156.8
    endloop
  endfacet
  facet normal 0 0 -1
    outer loop
      vertex 175.271 106.5 156.8
      vertex 178.735 104.5 156.8
      vertex 175.611 98.1649 156.8
    endloop
  endfacet
  facet normal 0 0 -1
    outer loop
      vertex 178.735 104.5 156.8
      vertex 175.271 106.5 156.8
      vertex 179.486 112.808 156.8
    endloop
  endfacet
  facet normal 0 0 -1
    outer loop
      vertex 171.915 99.6956 156.8
      vertex 175.611 98.1649 156.8
      vertex 173.34 91.4762 156.8
    endloop
  endfacet
  facet normal 0 0 -1
    outer loop
      vertex 169.476 92.5115 156.8
      vertex 173.34 91.4762 156.8
      vertex 171.962 84.5484 156.8
    endloop
  endfacet
  facet normal 0 0 -1
    outer loop
      vertex 175.611 98.1649 156.8
      vertex 171.915 99.6956 156.8
      vertex 175.271 106.5 156.8
    endloop
  endfacet
  facet normal 0 0 -1
    outer loop
      vertex 167.996 85.0705 156.8
      vertex 171.962 84.5484 156.8
      vertex 171.5 77.5 156.8
    endloop
  endfacet
  facet normal -0 0 -1
    outer loop
      vertex 171.962 70.4516 156.8
      vertex 167.996 69.9295 156.8
      vertex 171.5 77.5 156.8
    endloop
  endfacet
  facet normal 0 0 -1
    outer loop
      vertex 173.34 91.4762 156.8
      vertex 169.476 92.5115 156.8
      vertex 171.915 99.6956 156.8
    endloop
  endfacet
  facet normal 0 0 -1
    outer loop
      vertex 167.5 77.5 156.8
      vertex 171.5 77.5 156.8
      vertex 167.996 69.9295 156.8
    endloop
  endfacet
  facet normal 0 0 -1
    outer loop
      vertex 171.962 84.5484 156.8
      vertex 167.996 85.0705 156.8
      vertex 169.476 92.5115 156.8
    endloop
  endfacet
  facet normal 0 0 -1
    outer loop
      vertex 171.5 77.5 156.8
      vertex 167.5 77.5 156.8
      vertex 167.996 85.0705 156.8
    endloop
  endfacet
  facet normal -0.751858 -0.659325 0
    outer loop
      vertex 184.488 36.4878 156.8
      vertex 179.486 42.1918 158
      vertex 179.486 42.1918 156.8
    endloop
  endfacet
  facet normal -0.751858 -0.659325 0
    outer loop
      vertex 179.486 42.1918 158
      vertex 184.488 36.4878 156.8
      vertex 184.488 36.4878 158
    endloop
  endfacet
  facet normal -0.831462 0.555582 0
    outer loop
      vertex 175.271 106.5 156.8
      vertex 179.486 112.808 158
      vertex 179.486 112.808 156.8
    endloop
  endfacet
  facet normal -0.831462 0.555582 0
    outer loop
      vertex 179.486 112.808 158
      vertex 175.271 106.5 156.8
      vertex 175.271 106.5 158
    endloop
  endfacet
  facet normal -0.89685 0.442335 0
    outer loop
      vertex 171.915 99.6956 156.8
      vertex 175.271 106.5 158
      vertex 175.271 106.5 156.8
    endloop
  endfacet
  facet normal -0.89685 0.442335 0
    outer loop
      vertex 175.271 106.5 158
      vertex 171.915 99.6956 156.8
      vertex 171.915 99.6956 158
    endloop
  endfacet
  facet normal -0.321447 -0.946928 0
    outer loop
      vertex 203.304 23.915 156.8
      vertex 210.488 21.4763 158
      vertex 203.304 23.915 158
    endloop
  endfacet
  facet normal -0.321447 -0.946928 -0
    outer loop
      vertex 210.488 21.4763 158
      vertex 203.304 23.915 156.8
      vertex 210.488 21.4763 156.8
    endloop
  endfacet
  facet normal 0.751858 0.659325 0
    outer loop
      vertex 271.514 112.808 158
      vertex 266.512 118.512 156.8
      vertex 266.512 118.512 158
    endloop
  endfacet
  facet normal 0.751858 0.659325 0
    outer loop
      vertex 266.512 118.512 156.8
      vertex 271.514 112.808 158
      vertex 271.514 112.808 156.8
    endloop
  endfacet
  facet normal 0.946917 0.321478 0
    outer loop
      vertex 281.524 92.5115 158
      vertex 279.085 99.6956 156.8
      vertex 279.085 99.6956 158
    endloop
  endfacet
  facet normal 0.946917 0.321478 0
    outer loop
      vertex 279.085 99.6956 156.8
      vertex 281.524 92.5115 158
      vertex 281.524 92.5115 156.8
    endloop
  endfacet
  facet normal 0.442303 -0.896865 0
    outer loop
      vertex 247.696 23.915 156.8
      vertex 254.5 27.2705 158
      vertex 247.696 23.915 158
    endloop
  endfacet
  facet normal 0.442303 -0.896865 0
    outer loop
      vertex 254.5 27.2705 158
      vertex 247.696 23.915 156.8
      vertex 254.5 27.2705 156.8
    endloop
  endfacet
  facet normal 0.89685 -0.442335 0
    outer loop
      vertex 275.729 48.5 158
      vertex 279.085 55.3044 156.8
      vertex 279.085 55.3044 158
    endloop
  endfacet
  facet normal 0.89685 -0.442335 0
    outer loop
      vertex 279.085 55.3044 156.8
      vertex 275.729 48.5 158
      vertex 275.729 48.5 156.8
    endloop
  endfacet
  facet normal 0.321447 -0.946928 0
    outer loop
      vertex 240.512 21.4763 156.8
      vertex 247.696 23.915 158
      vertex 240.512 21.4763 158
    endloop
  endfacet
  facet normal 0.321447 -0.946928 0
    outer loop
      vertex 247.696 23.915 158
      vertex 240.512 21.4763 156.8
      vertex 247.696 23.915 156.8
    endloop
  endfacet
  facet normal 0.065373 0.997861 -0
    outer loop
      vertex 233.071 135.004 156.8
      vertex 225.5 135.5 158
      vertex 233.071 135.004 158
    endloop
  endfacet
  facet normal 0.065373 0.997861 0
    outer loop
      vertex 225.5 135.5 158
      vertex 233.071 135.004 156.8
      vertex 225.5 135.5 156.8
    endloop
  endfacet
  facet normal -0.659348 -0.751838 0
    outer loop
      vertex 184.488 36.4878 156.8
      vertex 190.192 31.4855 158
      vertex 184.488 36.4878 158
    endloop
  endfacet
  facet normal -0.659348 -0.751838 -0
    outer loop
      vertex 190.192 31.4855 158
      vertex 184.488 36.4878 156.8
      vertex 190.192 31.4855 156.8
    endloop
  endfacet
  facet normal 0.195077 0.980788 -0
    outer loop
      vertex 240.512 133.524 156.8
      vertex 233.071 135.004 158
      vertex 240.512 133.524 158
    endloop
  endfacet
  facet normal 0.195077 0.980788 0
    outer loop
      vertex 233.071 135.004 158
      vertex 240.512 133.524 156.8
      vertex 233.071 135.004 156.8
    endloop
  endfacet
  facet normal -0.442303 -0.896865 0
    outer loop
      vertex 196.5 27.2705 156.8
      vertex 203.304 23.915 158
      vertex 196.5 27.2705 158
    endloop
  endfacet
  facet normal -0.442303 -0.896865 -0
    outer loop
      vertex 203.304 23.915 158
      vertex 196.5 27.2705 156.8
      vertex 203.304 23.915 156.8
    endloop
  endfacet
  facet normal 1 -0 0
    outer loop
      vertex 285.5 17 156.6
      vertex 285.5 138 76.8
      vertex 285.5 138 156.6
    endloop
  endfacet
  facet normal 1 0 0
    outer loop
      vertex 285.5 138 76.8
      vertex 285.5 17 156.6
      vertex 285.5 17 76.8
    endloop
  endfacet
  facet normal 0 0 1
    outer loop
      vertex 285.5 138 156.6
      vertex 279.5 77.5 156.6
      vertex 285.5 17 156.6
    endloop
  endfacet
  facet normal 0 0 1
    outer loop
      vertex 285.5 138 156.6
      vertex 279.038 84.5484 156.6
      vertex 279.5 77.5 156.6
    endloop
  endfacet
  facet normal 0 0 1
    outer loop
      vertex 285.5 138 156.6
      vertex 277.66 91.4762 156.6
      vertex 279.038 84.5484 156.6
    endloop
  endfacet
  facet normal 0 0 1
    outer loop
      vertex 285.5 138 156.6
      vertex 275.389 98.1649 156.6
      vertex 277.66 91.4762 156.6
    endloop
  endfacet
  facet normal 0 0 1
    outer loop
      vertex 285.5 138 156.6
      vertex 272.265 104.5 156.6
      vertex 275.389 98.1649 156.6
    endloop
  endfacet
  facet normal 0 0 1
    outer loop
      vertex 285.5 138 156.6
      vertex 268.341 110.373 156.6
      vertex 272.265 104.5 156.6
    endloop
  endfacet
  facet normal 0 0 1
    outer loop
      vertex 285.5 138 156.6
      vertex 263.684 115.684 156.6
      vertex 268.341 110.373 156.6
    endloop
  endfacet
  facet normal 0 0 1
    outer loop
      vertex 285.5 138 156.6
      vertex 258.373 120.341 156.6
      vertex 263.684 115.684 156.6
    endloop
  endfacet
  facet normal 0 0 1
    outer loop
      vertex 285.5 138 156.6
      vertex 252.5 124.265 156.6
      vertex 258.373 120.341 156.6
    endloop
  endfacet
  facet normal 0 0 1
    outer loop
      vertex 285.5 138 156.6
      vertex 246.165 127.389 156.6
      vertex 252.5 124.265 156.6
    endloop
  endfacet
  facet normal 0 0 1
    outer loop
      vertex 285.5 138 156.6
      vertex 239.476 129.66 156.6
      vertex 246.165 127.389 156.6
    endloop
  endfacet
  facet normal 0 0 1
    outer loop
      vertex 285.5 138 156.6
      vertex 232.548 131.038 156.6
      vertex 239.476 129.66 156.6
    endloop
  endfacet
  facet normal 0 0 1
    outer loop
      vertex 285.5 138 156.6
      vertex 225.5 131.5 156.6
      vertex 232.548 131.038 156.6
    endloop
  endfacet
  facet normal 0 0 1
    outer loop
      vertex 285.5 138 156.6
      vertex 218.452 131.038 156.6
      vertex 225.5 131.5 156.6
    endloop
  endfacet
  facet normal 0 0 1
    outer loop
      vertex 171.962 84.5484 156.6
      vertex 158.5 77.5 156.6
      vertex 171.5 77.5 156.6
    endloop
  endfacet
  facet normal 0 0 1
    outer loop
      vertex 158.038 84.5484 156.6
      vertex 171.962 84.5484 156.6
      vertex 173.34 91.4762 156.6
    endloop
  endfacet
  facet normal 0 0 1
    outer loop
      vertex 156.66 91.4762 156.6
      vertex 173.34 91.4762 156.6
      vertex 175.611 98.1649 156.6
    endloop
  endfacet
  facet normal 0 0 1
    outer loop
      vertex 154.389 98.1649 156.6
      vertex 175.611 98.1649 156.6
      vertex 178.735 104.5 156.6
    endloop
  endfacet
  facet normal 0 0 1
    outer loop
      vertex 151.265 104.5 156.6
      vertex 178.735 104.5 156.6
      vertex 182.659 110.373 156.6
    endloop
  endfacet
  facet normal 0 0 1
    outer loop
      vertex 171.962 84.5484 156.6
      vertex 158.038 84.5484 156.6
      vertex 158.5 77.5 156.6
    endloop
  endfacet
  facet normal 0 0 1
    outer loop
      vertex 147.341 110.373 156.6
      vertex 182.659 110.373 156.6
      vertex 187.316 115.684 156.6
    endloop
  endfacet
  facet normal 0 0 1
    outer loop
      vertex 173.34 91.4762 156.6
      vertex 156.66 91.4762 156.6
      vertex 158.038 84.5484 156.6
    endloop
  endfacet
  facet normal 0 0 1
    outer loop
      vertex 142.684 115.684 156.6
      vertex 187.316 115.684 156.6
      vertex 192.627 120.341 156.6
    endloop
  endfacet
  facet normal 0 0 1
    outer loop
      vertex 175.611 98.1649 156.6
      vertex 154.389 98.1649 156.6
      vertex 156.66 91.4762 156.6
    endloop
  endfacet
  facet normal 0 0 1
    outer loop
      vertex 137.373 120.341 156.6
      vertex 192.627 120.341 156.6
      vertex 198.5 124.265 156.6
    endloop
  endfacet
  facet normal 0 0 1
    outer loop
      vertex 178.735 104.5 156.6
      vertex 151.265 104.5 156.6
      vertex 154.389 98.1649 156.6
    endloop
  endfacet
  facet normal 0 0 1
    outer loop
      vertex 131.5 124.265 156.6
      vertex 198.5 124.265 156.6
      vertex 204.835 127.389 156.6
    endloop
  endfacet
  facet normal 0 0 1
    outer loop
      vertex 182.659 110.373 156.6
      vertex 147.341 110.373 156.6
      vertex 151.265 104.5 156.6
    endloop
  endfacet
  facet normal 0 0 1
    outer loop
      vertex 125.165 127.389 156.6
      vertex 204.835 127.389 156.6
      vertex 211.524 129.66 156.6
    endloop
  endfacet
  facet normal 0 0 1
    outer loop
      vertex 187.316 115.684 156.6
      vertex 142.684 115.684 156.6
      vertex 147.341 110.373 156.6
    endloop
  endfacet
  facet normal 0 0 1
    outer loop
      vertex 192.627 120.341 156.6
      vertex 137.373 120.341 156.6
      vertex 142.684 115.684 156.6
    endloop
  endfacet
  facet normal 0 0 1
    outer loop
      vertex 118.476 129.66 156.6
      vertex 211.524 129.66 156.6
      vertex 218.452 131.038 156.6
    endloop
  endfacet
  facet normal 0 0 1
    outer loop
      vertex 198.5 124.265 156.6
      vertex 131.5 124.265 156.6
      vertex 137.373 120.341 156.6
    endloop
  endfacet
  facet normal 0 0 1
    outer loop
      vertex 111.548 131.038 156.6
      vertex 218.452 131.038 156.6
      vertex 285.5 138 156.6
    endloop
  endfacet
  facet normal 0 0 1
    outer loop
      vertex 204.835 127.389 156.6
      vertex 125.165 127.389 156.6
      vertex 131.5 124.265 156.6
    endloop
  endfacet
  facet normal 0 0 1
    outer loop
      vertex 211.524 129.66 156.6
      vertex 118.476 129.66 156.6
      vertex 125.165 127.389 156.6
    endloop
  endfacet
  facet normal 0 0 1
    outer loop
      vertex 218.452 131.038 156.6
      vertex 111.548 131.038 156.6
      vertex 118.476 129.66 156.6
    endloop
  endfacet
  facet normal 0 0 1
    outer loop
      vertex 285.5 138 156.6
      vertex 104.5 131.5 156.6
      vertex 111.548 131.038 156.6
    endloop
  endfacet
  facet normal 0 0 1
    outer loop
      vertex 50.962 84.5484 156.6
      vertex 44.5 138 156.6
      vertex 50.5 77.5 156.6
    endloop
  endfacet
  facet normal 0 0 1
    outer loop
      vertex 52.34 91.4762 156.6
      vertex 44.5 138 156.6
      vertex 50.962 84.5484 156.6
    endloop
  endfacet
  facet normal 0 0 1
    outer loop
      vertex 54.6105 98.1649 156.6
      vertex 44.5 138 156.6
      vertex 52.34 91.4762 156.6
    endloop
  endfacet
  facet normal 0 0 1
    outer loop
      vertex 57.7346 104.5 156.6
      vertex 44.5 138 156.6
      vertex 54.6105 98.1649 156.6
    endloop
  endfacet
  facet normal 0 0 1
    outer loop
      vertex 61.6589 110.373 156.6
      vertex 44.5 138 156.6
      vertex 57.7346 104.5 156.6
    endloop
  endfacet
  facet normal 0 0 1
    outer loop
      vertex 66.3162 115.684 156.6
      vertex 44.5 138 156.6
      vertex 61.6589 110.373 156.6
    endloop
  endfacet
  facet normal 0 0 1
    outer loop
      vertex 71.6269 120.341 156.6
      vertex 44.5 138 156.6
      vertex 66.3162 115.684 156.6
    endloop
  endfacet
  facet normal 0 0 1
    outer loop
      vertex 77.5 124.265 156.6
      vertex 44.5 138 156.6
      vertex 71.6269 120.341 156.6
    endloop
  endfacet
  facet normal 0 0 1
    outer loop
      vertex 83.8351 127.389 156.6
      vertex 44.5 138 156.6
      vertex 77.5 124.265 156.6
    endloop
  endfacet
  facet normal 0 0 1
    outer loop
      vertex 90.5238 129.66 156.6
      vertex 44.5 138 156.6
      vertex 83.8351 127.389 156.6
    endloop
  endfacet
  facet normal 0 0 1
    outer loop
      vertex 97.4516 131.038 156.6
      vertex 44.5 138 156.6
      vertex 90.5238 129.66 156.6
    endloop
  endfacet
  facet normal 0 0 1
    outer loop
      vertex 104.5 131.5 156.6
      vertex 44.5 138 156.6
      vertex 97.4516 131.038 156.6
    endloop
  endfacet
  facet normal -0 0 1
    outer loop
      vertex 44.5 138 156.6
      vertex 104.5 131.5 156.6
      vertex 285.5 138 156.6
    endloop
  endfacet
  facet normal -0 0 1
    outer loop
      vertex 279.038 70.4516 156.6
      vertex 285.5 17 156.6
      vertex 279.5 77.5 156.6
    endloop
  endfacet
  facet normal -0 0 1
    outer loop
      vertex 277.66 63.5238 156.6
      vertex 285.5 17 156.6
      vertex 279.038 70.4516 156.6
    endloop
  endfacet
  facet normal -0 0 1
    outer loop
      vertex 275.389 56.8351 156.6
      vertex 285.5 17 156.6
      vertex 277.66 63.5238 156.6
    endloop
  endfacet
  facet normal -0 0 1
    outer loop
      vertex 272.265 50.5 156.6
      vertex 285.5 17 156.6
      vertex 275.389 56.8351 156.6
    endloop
  endfacet
  facet normal -0 0 1
    outer loop
      vertex 268.341 44.6269 156.6
      vertex 285.5 17 156.6
      vertex 272.265 50.5 156.6
    endloop
  endfacet
  facet normal -0 0 1
    outer loop
      vertex 263.684 39.3162 156.6
      vertex 285.5 17 156.6
      vertex 268.341 44.6269 156.6
    endloop
  endfacet
  facet normal -0 0 1
    outer loop
      vertex 258.373 34.6589 156.6
      vertex 285.5 17 156.6
      vertex 263.684 39.3162 156.6
    endloop
  endfacet
  facet normal -0 0 1
    outer loop
      vertex 252.5 30.7346 156.6
      vertex 285.5 17 156.6
      vertex 258.373 34.6589 156.6
    endloop
  endfacet
  facet normal -0 0 1
    outer loop
      vertex 246.165 27.6105 156.6
      vertex 285.5 17 156.6
      vertex 252.5 30.7346 156.6
    endloop
  endfacet
  facet normal -0 0 1
    outer loop
      vertex 239.476 25.34 156.6
      vertex 285.5 17 156.6
      vertex 246.165 27.6105 156.6
    endloop
  endfacet
  facet normal -0 0 1
    outer loop
      vertex 232.548 23.962 156.6
      vertex 285.5 17 156.6
      vertex 239.476 25.34 156.6
    endloop
  endfacet
  facet normal -0 0 1
    outer loop
      vertex 225.5 23.5 156.6
      vertex 285.5 17 156.6
      vertex 232.548 23.962 156.6
    endloop
  endfacet
  facet normal 0 0 1
    outer loop
      vertex 218.452 23.962 156.6
      vertex 285.5 17 156.6
      vertex 225.5 23.5 156.6
    endloop
  endfacet
  facet normal -0 0 1
    outer loop
      vertex 158.5 77.5 156.6
      vertex 171.962 70.4516 156.6
      vertex 171.5 77.5 156.6
    endloop
  endfacet
  facet normal 0 0 1
    outer loop
      vertex 158.038 70.4516 156.6
      vertex 171.962 70.4516 156.6
      vertex 158.5 77.5 156.6
    endloop
  endfacet
  facet normal 0 0 1
    outer loop
      vertex 171.962 70.4516 156.6
      vertex 158.038 70.4516 156.6
      vertex 173.34 63.5238 156.6
    endloop
  endfacet
  facet normal 0 0 1
    outer loop
      vertex 156.66 63.5238 156.6
      vertex 173.34 63.5238 156.6
      vertex 158.038 70.4516 156.6
    endloop
  endfacet
  facet normal 0 0 1
    outer loop
      vertex 173.34 63.5238 156.6
      vertex 156.66 63.5238 156.6
      vertex 175.611 56.8351 156.6
    endloop
  endfacet
  facet normal 0 0 1
    outer loop
      vertex 154.389 56.8351 156.6
      vertex 175.611 56.8351 156.6
      vertex 156.66 63.5238 156.6
    endloop
  endfacet
  facet normal 0 0 1
    outer loop
      vertex 175.611 56.8351 156.6
      vertex 154.389 56.8351 156.6
      vertex 178.735 50.5 156.6
    endloop
  endfacet
  facet normal 0 0 1
    outer loop
      vertex 151.265 50.5 156.6
      vertex 178.735 50.5 156.6
      vertex 154.389 56.8351 156.6
    endloop
  endfacet
  facet normal 0 0 1
    outer loop
      vertex 178.735 50.5 156.6
      vertex 151.265 50.5 156.6
      vertex 182.659 44.6269 156.6
    endloop
  endfacet
  facet normal 0 0 1
    outer loop
      vertex 147.341 44.6269 156.6
      vertex 182.659 44.6269 156.6
      vertex 151.265 50.5 156.6
    endloop
  endfacet
  facet normal 0 0 1
    outer loop
      vertex 182.659 44.6269 156.6
      vertex 147.341 44.6269 156.6
      vertex 187.316 39.3162 156.6
    endloop
  endfacet
  facet normal 0 0 1
    outer loop
      vertex 142.684 39.3162 156.6
      vertex 187.316 39.3162 156.6
      vertex 147.341 44.6269 156.6
    endloop
  endfacet
  facet normal 0 0 1
    outer loop
      vertex 187.316 39.3162 156.6
      vertex 142.684 39.3162 156.6
      vertex 192.627 34.6589 156.6
    endloop
  endfacet
  facet normal 0 0 1
    outer loop
      vertex 137.373 34.6589 156.6
      vertex 192.627 34.6589 156.6
      vertex 142.684 39.3162 156.6
    endloop
  endfacet
  facet normal 0 0 1
    outer loop
      vertex 192.627 34.6589 156.6
      vertex 137.373 34.6589 156.6
      vertex 198.5 30.7346 156.6
    endloop
  endfacet
  facet normal 0 0 1
    outer loop
      vertex 131.5 30.7346 156.6
      vertex 198.5 30.7346 156.6
      vertex 137.373 34.6589 156.6
    endloop
  endfacet
  facet normal 0 0 1
    outer loop
      vertex 198.5 30.7346 156.6
      vertex 131.5 30.7346 156.6
      vertex 204.835 27.6105 156.6
    endloop
  endfacet
  facet normal 0 0 1
    outer loop
      vertex 125.165 27.6105 156.6
      vertex 204.835 27.6105 156.6
      vertex 131.5 30.7346 156.6
    endloop
  endfacet
  facet normal 0 0 1
    outer loop
      vertex 204.835 27.6105 156.6
      vertex 125.165 27.6105 156.6
      vertex 211.524 25.34 156.6
    endloop
  endfacet
  facet normal 0 0 1
    outer loop
      vertex 118.476 25.34 156.6
      vertex 211.524 25.34 156.6
      vertex 125.165 27.6105 156.6
    endloop
  endfacet
  facet normal 0 0 1
    outer loop
      vertex 211.524 25.34 156.6
      vertex 118.476 25.34 156.6
      vertex 218.452 23.962 156.6
    endloop
  endfacet
  facet normal 0 0 1
    outer loop
      vertex 111.548 23.962 156.6
      vertex 218.452 23.962 156.6
      vertex 118.476 25.34 156.6
    endloop
  endfacet
  facet normal 0 0 1
    outer loop
      vertex 218.452 23.962 156.6
      vertex 111.548 23.962 156.6
      vertex 285.5 17 156.6
    endloop
  endfacet
  facet normal -0 0 1
    outer loop
      vertex 104.5 23.5 156.6
      vertex 285.5 17 156.6
      vertex 111.548 23.962 156.6
    endloop
  endfacet
  facet normal 0 0 1
    outer loop
      vertex 44.5 17 156.6
      vertex 50.5 77.5 156.6
      vertex 44.5 138 156.6
    endloop
  endfacet
  facet normal 0 0 1
    outer loop
      vertex 104.5 23.5 156.6
      vertex 44.5 17 156.6
      vertex 285.5 17 156.6
    endloop
  endfacet
  facet normal 0 0 1
    outer loop
      vertex 97.4516 23.962 156.6
      vertex 44.5 17 156.6
      vertex 104.5 23.5 156.6
    endloop
  endfacet
  facet normal 0 0 1
    outer loop
      vertex 90.5238 25.34 156.6
      vertex 44.5 17 156.6
      vertex 97.4516 23.962 156.6
    endloop
  endfacet
  facet normal 0 0 1
    outer loop
      vertex 83.8351 27.6105 156.6
      vertex 44.5 17 156.6
      vertex 90.5238 25.34 156.6
    endloop
  endfacet
  facet normal 0 0 1
    outer loop
      vertex 77.5 30.7346 156.6
      vertex 44.5 17 156.6
      vertex 83.8351 27.6105 156.6
    endloop
  endfacet
  facet normal 0 0 1
    outer loop
      vertex 71.6269 34.6589 156.6
      vertex 44.5 17 156.6
      vertex 77.5 30.7346 156.6
    endloop
  endfacet
  facet normal 0 0 1
    outer loop
      vertex 66.3162 39.3162 156.6
      vertex 44.5 17 156.6
      vertex 71.6269 34.6589 156.6
    endloop
  endfacet
  facet normal 0 0 1
    outer loop
      vertex 61.6589 44.6269 156.6
      vertex 44.5 17 156.6
      vertex 66.3162 39.3162 156.6
    endloop
  endfacet
  facet normal 0 0 1
    outer loop
      vertex 57.7346 50.5 156.6
      vertex 44.5 17 156.6
      vertex 61.6589 44.6269 156.6
    endloop
  endfacet
  facet normal 0 0 1
    outer loop
      vertex 54.6105 56.8351 156.6
      vertex 44.5 17 156.6
      vertex 57.7346 50.5 156.6
    endloop
  endfacet
  facet normal 0 0 1
    outer loop
      vertex 52.34 63.5238 156.6
      vertex 44.5 17 156.6
      vertex 54.6105 56.8351 156.6
    endloop
  endfacet
  facet normal 0 0 1
    outer loop
      vertex 50.962 70.4516 156.6
      vertex 44.5 17 156.6
      vertex 52.34 63.5238 156.6
    endloop
  endfacet
  facet normal 0 0 1
    outer loop
      vertex 50.5 77.5 156.6
      vertex 44.5 17 156.6
      vertex 50.962 70.4516 156.6
    endloop
  endfacet
  facet normal -1 0 0
    outer loop
      vertex 44.5 17 76.8
      vertex 44.5 138 156.6
      vertex 44.5 138 76.8
    endloop
  endfacet
  facet normal -1 -0 0
    outer loop
      vertex 44.5 138 156.6
      vertex 44.5 17 76.8
      vertex 44.5 17 156.6
    endloop
  endfacet
  facet normal 0 1 -0
    outer loop
      vertex 285.5 138 76.8
      vertex 44.5 138 156.6
      vertex 285.5 138 156.6
    endloop
  endfacet
  facet normal 0 1 0
    outer loop
      vertex 44.5 138 156.6
      vertex 285.5 138 76.8
      vertex 44.5 138 76.8
    endloop
  endfacet
  facet normal 0 -1 0
    outer loop
      vertex 44.5 17 76.8
      vertex 285.5 17 156.6
      vertex 44.5 17 156.6
    endloop
  endfacet
  facet normal 0 -1 -0
    outer loop
      vertex 285.5 17 156.6
      vertex 44.5 17 76.8
      vertex 285.5 17 76.8
    endloop
  endfacet
  facet normal 1 -0 0
    outer loop
      vertex 250 8 43
      vertex 250 104 3
      vertex 250 104 43
    endloop
  endfacet
  facet normal 1 0 0
    outer loop
      vertex 250 104 3
      vertex 250 8 43
      vertex 250 8 3
    endloop
  endfacet
  facet normal 0 0 -1
    outer loop
      vertex 250 104 43
      vertex 320.85 5.5 43
      vertex 250 8 43
    endloop
  endfacet
  facet normal 0 0 -1
    outer loop
      vertex 9.15 5.5 43
      vertex 250 8 43
      vertex 320.85 5.5 43
    endloop
  endfacet
  facet normal -0 0 -1
    outer loop
      vertex 10 8 43
      vertex 9.15 5.5 43
      vertex 10 104 43
    endloop
  endfacet
  facet normal -0 0 -1
    outer loop
      vertex 250 8 43
      vertex 9.15 5.5 43
      vertex 10 8 43
    endloop
  endfacet
  facet normal 0 0 -1
    outer loop
      vertex 320.85 5.5 43
      vertex 250 104 43
      vertex 320.85 149.5 43
    endloop
  endfacet
  facet normal 0 0 -1
    outer loop
      vertex 9.15 149.5 43
      vertex 250 104 43
      vertex 10 104 43
    endloop
  endfacet
  facet normal 0 0 -1
    outer loop
      vertex 250 104 43
      vertex 9.15 149.5 43
      vertex 320.85 149.5 43
    endloop
  endfacet
  facet normal 0 0 -1
    outer loop
      vertex 9.15 149.5 43
      vertex 10 104 43
      vertex 9.15 5.5 43
    endloop
  endfacet
  facet normal -1 0 0
    outer loop
      vertex 10 8 3
      vertex 10 104 43
      vertex 10 104 3
    endloop
  endfacet
  facet normal -1 -0 0
    outer loop
      vertex 10 104 43
      vertex 10 8 3
      vertex 10 8 43
    endloop
  endfacet
  facet normal 0 1 -0
    outer loop
      vertex 250 104 3
      vertex 10 104 43
      vertex 250 104 43
    endloop
  endfacet
  facet normal 0 1 0
    outer loop
      vertex 10 104 43
      vertex 250 104 3
      vertex 10 104 3
    endloop
  endfacet
  facet normal 0 -1 0
    outer loop
      vertex 10 8 3
      vertex 250 8 43
      vertex 10 8 43
    endloop
  endfacet
  facet normal 0 -1 -0
    outer loop
      vertex 250 8 43
      vertex 10 8 3
      vertex 250 8 3
    endloop
  endfacet
  facet normal 1 0 0
    outer loop
      vertex 323 65 29
      vertex 323 5 29
      vertex 323 65 22
    endloop
  endfacet
  facet normal 1 -0 0
    outer loop
      vertex 323 65 22
      vertex 323 151.888 7
      vertex 323 151.888 22
    endloop
  endfacet
  facet normal 1 0 0
    outer loop
      vertex 323 5 7
      vertex 323 65 22
      vertex 323 5 29
    endloop
  endfacet
  facet normal 1 0 0
    outer loop
      vertex 323 65 22
      vertex 323 5 7
      vertex 323 151.888 7
    endloop
  endfacet
  facet normal -0 0 1
    outer loop
      vertex 263 65 29
      vertex 323 5 29
      vertex 323 65 29
    endloop
  endfacet
  facet normal 0 0 1
    outer loop
      vertex 323 5 29
      vertex 263 65 29
      vertex 263 5 29
    endloop
  endfacet
  facet normal 0 0 -1
    outer loop
      vertex 263 52 7
      vertex 323 151.888 7
      vertex 323 5 7
    endloop
  endfacet
  facet normal 0 -0 -1
    outer loop
      vertex 322 152 7
      vertex 323 151.888 7
      vertex 263 52 7
    endloop
  endfacet
  facet normal 0 0 -1
    outer loop
      vertex 263 52 7
      vertex 323 5 7
      vertex 263 5 7
    endloop
  endfacet
  facet normal 0 0 -1
    outer loop
      vertex 323 151.888 7
      vertex 322 152 7
      vertex 322.653 151.957 7
    endloop
  endfacet
  facet normal 0 0 -1
    outer loop
      vertex 253 152 7
      vertex 263 52 7
      vertex 253 52 7
    endloop
  endfacet
  facet normal 0 0 -1
    outer loop
      vertex 263 52 7
      vertex 253 152 7
      vertex 322 152 7
    endloop
  endfacet
  facet normal -1 0 0
    outer loop
      vertex 263 52 7
      vertex 263 5 7
      vertex 263 52 22
    endloop
  endfacet
  facet normal -1 0 0
    outer loop
      vertex 263 52 22
      vertex 263 65 29
      vertex 263 65 22
    endloop
  endfacet
  facet normal -1 0 0
    outer loop
      vertex 263 5 29
      vertex 263 52 22
      vertex 263 5 7
    endloop
  endfacet
  facet normal -1 0 0
    outer loop
      vertex 263 52 22
      vertex 263 5 29
      vertex 263 65 29
    endloop
  endfacet
  facet normal 0 1 -0
    outer loop
      vertex 323 65 22
      vertex 263 65 29
      vertex 323 65 29
    endloop
  endfacet
  facet normal 0 1 0
    outer loop
      vertex 263 65 29
      vertex 323 65 22
      vertex 263 65 22
    endloop
  endfacet
  facet normal 0 -1 0
    outer loop
      vertex 263 5 7
      vertex 323 5 29
      vertex 263 5 29
    endloop
  endfacet
  facet normal 0 -1 -0
    outer loop
      vertex 323 5 29
      vertex 263 5 7
      vertex 323 5 7
    endloop
  endfacet
  facet normal 0 0 1
    outer loop
      vertex 322 152 22
      vertex 323 151.888 22
      vertex 322.653 151.957 22
    endloop
  endfacet
  facet normal 0 0 1
    outer loop
      vertex 323 151.888 22
      vertex 322 152 22
      vertex 323 65 22
    endloop
  endfacet
  facet normal 0 0 1
    outer loop
      vertex 322 152 22
      vertex 263 65 22
      vertex 323 65 22
    endloop
  endfacet
  facet normal -0 0 1
    outer loop
      vertex 253 152 22
      vertex 263 65 22
      vertex 322 152 22
    endloop
  endfacet
  facet normal 0 0 1
    outer loop
      vertex 253 52 22
      vertex 263 65 22
      vertex 253 152 22
    endloop
  endfacet
  facet normal 0 0 1
    outer loop
      vertex 263 65 22
      vertex 253 52 22
      vertex 263 52 22
    endloop
  endfacet
  facet normal -1 0 0
    outer loop
      vertex 253 52 7
      vertex 253 152 22
      vertex 253 152 7
    endloop
  endfacet
  facet normal -1 -0 0
    outer loop
      vertex 253 152 22
      vertex 253 52 7
      vertex 253 52 22
    endloop
  endfacet
  facet normal 0 -1 0
    outer loop
      vertex 253 52 7
      vertex 263 52 22
      vertex 253 52 22
    endloop
  endfacet
  facet normal 0 -1 -0
    outer loop
      vertex 263 52 22
      vertex 253 52 7
      vertex 263 52 7
    endloop
  endfacet
  facet normal 0.751865 -0.659317 0
    outer loop
      vertex 142.684 39.3162 195
      vertex 147.341 44.6269 158
      vertex 147.341 44.6269 195
    endloop
  endfacet
  facet normal 0.751865 -0.659317 0
    outer loop
      vertex 147.341 44.6269 158
      vertex 142.684 39.3162 195
      vertex 142.684 39.3162 158
    endloop
  endfacet
  facet normal 0.751865 -0.659317 0
    outer loop
      vertex 142.684 39.3162 156.8
      vertex 147.341 44.6269 156.6
      vertex 147.341 44.6269 156.8
    endloop
  endfacet
  facet normal 0.751865 -0.659317 0
    outer loop
      vertex 147.341 44.6269 156.6
      vertex 142.684 39.3162 156.8
      vertex 142.684 39.3162 156.6
    endloop
  endfacet
  facet normal 0.89688 0.442274 0
    outer loop
      vertex 154.389 98.1649 195
      vertex 151.265 104.5 158
      vertex 151.265 104.5 195
    endloop
  endfacet
  facet normal 0.89688 0.442274 0
    outer loop
      vertex 151.265 104.5 158
      vertex 154.389 98.1649 195
      vertex 154.389 98.1649 158
    endloop
  endfacet
  facet normal 0.89688 0.442274 0
    outer loop
      vertex 154.389 98.1649 156.8
      vertex 151.265 104.5 156.6
      vertex 151.265 104.5 156.8
    endloop
  endfacet
  facet normal 0.89688 0.442274 0
    outer loop
      vertex 151.265 104.5 156.6
      vertex 154.389 98.1649 156.8
      vertex 154.389 98.1649 156.6
    endloop
  endfacet
  facet normal 0.831484 0.555549 0
    outer loop
      vertex 151.265 104.5 195
      vertex 147.341 110.373 158
      vertex 147.341 110.373 195
    endloop
  endfacet
  facet normal 0.831484 0.555549 0
    outer loop
      vertex 147.341 110.373 158
      vertex 151.265 104.5 195
      vertex 151.265 104.5 158
    endloop
  endfacet
  facet normal 0.831484 0.555549 0
    outer loop
      vertex 151.265 104.5 156.8
      vertex 147.341 110.373 156.6
      vertex 147.341 110.373 156.8
    endloop
  endfacet
  facet normal 0.831484 0.555549 0
    outer loop
      vertex 147.341 110.373 156.6
      vertex 151.265 104.5 156.8
      vertex 151.265 104.5 156.6
    endloop
  endfacet
  facet normal 0.980786 0.195087 0
    outer loop
      vertex 158.038 84.5484 156.8
      vertex 156.66 91.4762 156.6
      vertex 156.66 91.4762 156.8
    endloop
  endfacet
  facet normal 0.980786 0.195087 0
    outer loop
      vertex 156.66 91.4762 156.6
      vertex 158.038 84.5484 156.8
      vertex 158.038 84.5484 156.6
    endloop
  endfacet
  facet normal 0.980786 0.195087 0
    outer loop
      vertex 158.038 84.5484 195
      vertex 156.66 91.4762 158
      vertex 156.66 91.4762 195
    endloop
  endfacet
  facet normal 0.980786 0.195087 0
    outer loop
      vertex 156.66 91.4762 158
      vertex 158.038 84.5484 195
      vertex 158.038 84.5484 158
    endloop
  endfacet
  facet normal 0.0654101 -0.997858 0
    outer loop
      vertex 104.5 23.5 156.6
      vertex 111.548 23.962 156.8
      vertex 104.5 23.5 156.8
    endloop
  endfacet
  facet normal 0.0654101 -0.997858 0
    outer loop
      vertex 111.548 23.962 156.8
      vertex 104.5 23.5 156.6
      vertex 111.548 23.962 156.6
    endloop
  endfacet
  facet normal 0.0654101 -0.997858 0
    outer loop
      vertex 104.5 23.5 158
      vertex 111.548 23.962 195
      vertex 104.5 23.5 195
    endloop
  endfacet
  facet normal 0.0654101 -0.997858 0
    outer loop
      vertex 111.548 23.962 195
      vertex 104.5 23.5 158
      vertex 111.548 23.962 158
    endloop
  endfacet
  facet normal -0.980786 0.195087 0
    outer loop
      vertex 50.962 84.5484 158
      vertex 52.34 91.4762 195
      vertex 52.34 91.4762 158
    endloop
  endfacet
  facet normal -0.980786 0.195087 0
    outer loop
      vertex 52.34 91.4762 195
      vertex 50.962 84.5484 158
      vertex 50.962 84.5484 195
    endloop
  endfacet
  facet normal -0.980786 0.195087 0
    outer loop
      vertex 50.962 84.5484 156.6
      vertex 52.34 91.4762 156.8
      vertex 52.34 91.4762 156.6
    endloop
  endfacet
  facet normal -0.980786 0.195087 0
    outer loop
      vertex 52.34 91.4762 156.8
      vertex 50.962 84.5484 156.6
      vertex 50.962 84.5484 156.8
    endloop
  endfacet
  facet normal 0.659296 0.751883 -0
    outer loop
      vertex 142.684 115.684 158
      vertex 137.373 120.341 195
      vertex 142.684 115.684 195
    endloop
  endfacet
  facet normal 0.659296 0.751883 0
    outer loop
      vertex 137.373 120.341 195
      vertex 142.684 115.684 158
      vertex 137.373 120.341 158
    endloop
  endfacet
  facet normal 0.659296 0.751883 -0
    outer loop
      vertex 142.684 115.684 156.6
      vertex 137.373 120.341 156.8
      vertex 142.684 115.684 156.8
    endloop
  endfacet
  facet normal 0.659296 0.751883 0
    outer loop
      vertex 137.373 120.341 156.8
      vertex 142.684 115.684 156.6
      vertex 137.373 120.341 156.6
    endloop
  endfacet
  facet normal -0.980786 -0.195087 0
    outer loop
      vertex 52.34 63.5238 156.6
      vertex 50.962 70.4516 156.8
      vertex 50.962 70.4516 156.6
    endloop
  endfacet
  facet normal -0.980786 -0.195087 0
    outer loop
      vertex 50.962 70.4516 156.8
      vertex 52.34 63.5238 156.6
      vertex 52.34 63.5238 156.8
    endloop
  endfacet
  facet normal -0.980786 -0.195087 0
    outer loop
      vertex 52.34 63.5238 158
      vertex 50.962 70.4516 195
      vertex 50.962 70.4516 158
    endloop
  endfacet
  facet normal -0.980786 -0.195087 0
    outer loop
      vertex 50.962 70.4516 195
      vertex 52.34 63.5238 158
      vertex 52.34 63.5238 195
    endloop
  endfacet
  facet normal 0.831488 -0.555543 0
    outer loop
      vertex 147.341 44.6269 156.8
      vertex 151.265 50.5 156.6
      vertex 151.265 50.5 156.8
    endloop
  endfacet
  facet normal 0.831488 -0.555543 0
    outer loop
      vertex 151.265 50.5 156.6
      vertex 147.341 44.6269 156.8
      vertex 147.341 44.6269 156.6
    endloop
  endfacet
  facet normal 0.831488 -0.555543 0
    outer loop
      vertex 147.341 44.6269 195
      vertex 151.265 50.5 158
      vertex 151.265 50.5 195
    endloop
  endfacet
  facet normal 0.831488 -0.555543 0
    outer loop
      vertex 151.265 50.5 158
      vertex 147.341 44.6269 195
      vertex 147.341 44.6269 158
    endloop
  endfacet
  facet normal -0.442274 0.89688 0
    outer loop
      vertex 83.8351 127.389 156.6
      vertex 77.5 124.265 156.8
      vertex 83.8351 127.389 156.8
    endloop
  endfacet
  facet normal -0.442274 0.89688 0
    outer loop
      vertex 77.5 124.265 156.8
      vertex 83.8351 127.389 156.6
      vertex 77.5 124.265 156.6
    endloop
  endfacet
  facet normal -0.442274 0.89688 0
    outer loop
      vertex 83.8351 127.389 158
      vertex 77.5 124.265 195
      vertex 83.8351 127.389 195
    endloop
  endfacet
  facet normal -0.442274 0.89688 0
    outer loop
      vertex 77.5 124.265 195
      vertex 83.8351 127.389 158
      vertex 77.5 124.265 158
    endloop
  endfacet
  facet normal 0.321426 -0.946935 0
    outer loop
      vertex 118.476 25.34 156.6
      vertex 125.165 27.6105 156.8
      vertex 118.476 25.34 156.8
    endloop
  endfacet
  facet normal 0.321426 -0.946935 0
    outer loop
      vertex 125.165 27.6105 156.8
      vertex 118.476 25.34 156.6
      vertex 125.165 27.6105 156.6
    endloop
  endfacet
  facet normal 0.321426 -0.946935 0
    outer loop
      vertex 118.476 25.34 158
      vertex 125.165 27.6105 195
      vertex 118.476 25.34 195
    endloop
  endfacet
  facet normal 0.321426 -0.946935 0
    outer loop
      vertex 125.165 27.6105 195
      vertex 118.476 25.34 158
      vertex 125.165 27.6105 158
    endloop
  endfacet
  facet normal 0.195081 -0.980787 0
    outer loop
      vertex 111.548 23.962 156.6
      vertex 118.476 25.34 156.8
      vertex 111.548 23.962 156.8
    endloop
  endfacet
  facet normal 0.195081 -0.980787 0
    outer loop
      vertex 118.476 25.34 156.8
      vertex 111.548 23.962 156.6
      vertex 118.476 25.34 156.6
    endloop
  endfacet
  facet normal 0.195081 -0.980787 0
    outer loop
      vertex 111.548 23.962 158
      vertex 118.476 25.34 195
      vertex 111.548 23.962 195
    endloop
  endfacet
  facet normal 0.195081 -0.980787 0
    outer loop
      vertex 118.476 25.34 195
      vertex 111.548 23.962 158
      vertex 118.476 25.34 158
    endloop
  endfacet
  facet normal 0.997859 0.0654064 0
    outer loop
      vertex 158.5 77.5 195
      vertex 158.038 84.5484 158
      vertex 158.038 84.5484 195
    endloop
  endfacet
  facet normal 0.997859 0.0654064 0
    outer loop
      vertex 158.038 84.5484 158
      vertex 158.5 77.5 195
      vertex 158.5 77.5 158
    endloop
  endfacet
  facet normal 0.997859 0.0654064 0
    outer loop
      vertex 158.5 77.5 156.8
      vertex 158.038 84.5484 156.6
      vertex 158.038 84.5484 156.8
    endloop
  endfacet
  facet normal 0.997859 0.0654064 0
    outer loop
      vertex 158.038 84.5484 156.6
      vertex 158.5 77.5 156.8
      vertex 158.5 77.5 156.6
    endloop
  endfacet
  facet normal -0.659317 0.751865 0
    outer loop
      vertex 71.6269 120.341 156.6
      vertex 66.3162 115.684 156.8
      vertex 71.6269 120.341 156.8
    endloop
  endfacet
  facet normal -0.659317 0.751865 0
    outer loop
      vertex 66.3162 115.684 156.8
      vertex 71.6269 120.341 156.6
      vertex 66.3162 115.684 156.6
    endloop
  endfacet
  facet normal -0.659317 0.751865 0
    outer loop
      vertex 71.6269 120.341 158
      vertex 66.3162 115.684 195
      vertex 71.6269 120.341 195
    endloop
  endfacet
  facet normal -0.659317 0.751865 0
    outer loop
      vertex 66.3162 115.684 195
      vertex 71.6269 120.341 158
      vertex 66.3162 115.684 158
    endloop
  endfacet
  facet normal -0.195087 0.980786 0
    outer loop
      vertex 97.4516 131.038 158
      vertex 90.5238 129.66 195
      vertex 97.4516 131.038 195
    endloop
  endfacet
  facet normal -0.195087 0.980786 0
    outer loop
      vertex 90.5238 129.66 195
      vertex 97.4516 131.038 158
      vertex 90.5238 129.66 158
    endloop
  endfacet
  facet normal -0.195087 0.980786 0
    outer loop
      vertex 97.4516 131.038 156.6
      vertex 90.5238 129.66 156.8
      vertex 97.4516 131.038 156.8
    endloop
  endfacet
  facet normal -0.195087 0.980786 0
    outer loop
      vertex 90.5238 129.66 156.8
      vertex 97.4516 131.038 156.6
      vertex 90.5238 129.66 156.6
    endloop
  endfacet
  facet normal 0.555579 -0.831464 0
    outer loop
      vertex 131.5 30.7346 158
      vertex 137.373 34.6589 195
      vertex 131.5 30.7346 195
    endloop
  endfacet
  facet normal 0.555579 -0.831464 0
    outer loop
      vertex 137.373 34.6589 195
      vertex 131.5 30.7346 158
      vertex 137.373 34.6589 158
    endloop
  endfacet
  facet normal 0.555579 -0.831464 0
    outer loop
      vertex 131.5 30.7346 156.6
      vertex 137.373 34.6589 156.8
      vertex 131.5 30.7346 156.8
    endloop
  endfacet
  facet normal 0.555579 -0.831464 0
    outer loop
      vertex 137.373 34.6589 156.8
      vertex 131.5 30.7346 156.6
      vertex 137.373 34.6589 156.6
    endloop
  endfacet
  facet normal -0.997859 -0.0654064 0
    outer loop
      vertex 50.962 70.4516 158
      vertex 50.5 77.5 195
      vertex 50.5 77.5 158
    endloop
  endfacet
  facet normal -0.997859 -0.0654064 0
    outer loop
      vertex 50.5 77.5 195
      vertex 50.962 70.4516 158
      vertex 50.962 70.4516 195
    endloop
  endfacet
  facet normal -0.997859 -0.0654064 0
    outer loop
      vertex 50.962 70.4516 156.6
      vertex 50.5 77.5 156.8
      vertex 50.5 77.5 156.6
    endloop
  endfacet
  facet normal -0.997859 -0.0654064 0
    outer loop
      vertex 50.5 77.5 156.8
      vertex 50.962 70.4516 156.6
      vertex 50.962 70.4516 156.8
    endloop
  endfacet
  facet normal -0.321502 0.946909 0
    outer loop
      vertex 90.5238 129.66 158
      vertex 83.8351 127.389 195
      vertex 90.5238 129.66 195
    endloop
  endfacet
  facet normal -0.321502 0.946909 0
    outer loop
      vertex 83.8351 127.389 195
      vertex 90.5238 129.66 158
      vertex 83.8351 127.389 158
    endloop
  endfacet
  facet normal -0.321502 0.946909 0
    outer loop
      vertex 90.5238 129.66 156.6
      vertex 83.8351 127.389 156.8
      vertex 90.5238 129.66 156.8
    endloop
  endfacet
  facet normal -0.321502 0.946909 0
    outer loop
      vertex 83.8351 127.389 156.8
      vertex 90.5238 129.66 156.6
      vertex 83.8351 127.389 156.6
    endloop
  endfacet
  facet normal 0.0654101 0.997858 -0
    outer loop
      vertex 111.548 131.038 158
      vertex 104.5 131.5 195
      vertex 111.548 131.038 195
    endloop
  endfacet
  facet normal 0.0654101 0.997858 0
    outer loop
      vertex 104.5 131.5 195
      vertex 111.548 131.038 158
      vertex 104.5 131.5 158
    endloop
  endfacet
  facet normal 0.0654101 0.997858 -0
    outer loop
      vertex 111.548 131.038 156.6
      vertex 104.5 131.5 156.8
      vertex 111.548 131.038 156.8
    endloop
  endfacet
  facet normal 0.0654101 0.997858 0
    outer loop
      vertex 104.5 131.5 156.8
      vertex 111.548 131.038 156.6
      vertex 104.5 131.5 156.6
    endloop
  endfacet
  facet normal 0.195081 0.980787 -0
    outer loop
      vertex 118.476 129.66 158
      vertex 111.548 131.038 195
      vertex 118.476 129.66 195
    endloop
  endfacet
  facet normal 0.195081 0.980787 0
    outer loop
      vertex 111.548 131.038 195
      vertex 118.476 129.66 158
      vertex 111.548 131.038 158
    endloop
  endfacet
  facet normal 0.195081 0.980787 -0
    outer loop
      vertex 118.476 129.66 156.6
      vertex 111.548 131.038 156.8
      vertex 118.476 129.66 156.8
    endloop
  endfacet
  facet normal 0.195081 0.980787 0
    outer loop
      vertex 111.548 131.038 156.8
      vertex 118.476 129.66 156.6
      vertex 111.548 131.038 156.6
    endloop
  endfacet
  facet normal 0.89688 -0.442274 0
    outer loop
      vertex 151.265 50.5 195
      vertex 154.389 56.8351 158
      vertex 154.389 56.8351 195
    endloop
  endfacet
  facet normal 0.89688 -0.442274 0
    outer loop
      vertex 154.389 56.8351 158
      vertex 151.265 50.5 195
      vertex 151.265 50.5 158
    endloop
  endfacet
  facet normal 0.89688 -0.442274 0
    outer loop
      vertex 151.265 50.5 156.8
      vertex 154.389 56.8351 156.6
      vertex 154.389 56.8351 156.8
    endloop
  endfacet
  facet normal 0.89688 -0.442274 0
    outer loop
      vertex 154.389 56.8351 156.6
      vertex 151.265 50.5 156.8
      vertex 151.265 50.5 156.6
    endloop
  endfacet
  facet normal 0.751883 0.659296 0
    outer loop
      vertex 147.341 110.373 156.8
      vertex 142.684 115.684 156.6
      vertex 142.684 115.684 156.8
    endloop
  endfacet
  facet normal 0.751883 0.659296 0
    outer loop
      vertex 142.684 115.684 156.6
      vertex 147.341 110.373 156.8
      vertex 147.341 110.373 156.6
    endloop
  endfacet
  facet normal 0.751883 0.659296 0
    outer loop
      vertex 147.341 110.373 195
      vertex 142.684 115.684 158
      vertex 142.684 115.684 195
    endloop
  endfacet
  facet normal 0.751883 0.659296 0
    outer loop
      vertex 142.684 115.684 158
      vertex 147.341 110.373 195
      vertex 147.341 110.373 158
    endloop
  endfacet
  facet normal 0.321489 0.946913 -0
    outer loop
      vertex 125.165 127.389 158
      vertex 118.476 129.66 195
      vertex 125.165 127.389 195
    endloop
  endfacet
  facet normal 0.321489 0.946913 0
    outer loop
      vertex 118.476 129.66 195
      vertex 125.165 127.389 158
      vertex 118.476 129.66 158
    endloop
  endfacet
  facet normal 0.321489 0.946913 -0
    outer loop
      vertex 125.165 127.389 156.6
      vertex 118.476 129.66 156.8
      vertex 125.165 127.389 156.8
    endloop
  endfacet
  facet normal 0.321489 0.946913 0
    outer loop
      vertex 118.476 129.66 156.8
      vertex 125.165 127.389 156.6
      vertex 118.476 129.66 156.6
    endloop
  endfacet
  facet normal -0.195087 -0.980786 0
    outer loop
      vertex 90.5238 25.34 156.6
      vertex 97.4516 23.962 156.8
      vertex 90.5238 25.34 156.8
    endloop
  endfacet
  facet normal -0.195087 -0.980786 -0
    outer loop
      vertex 97.4516 23.962 156.8
      vertex 90.5238 25.34 156.6
      vertex 97.4516 23.962 156.6
    endloop
  endfacet
  facet normal -0.195087 -0.980786 0
    outer loop
      vertex 90.5238 25.34 158
      vertex 97.4516 23.962 195
      vertex 90.5238 25.34 195
    endloop
  endfacet
  facet normal -0.195087 -0.980786 -0
    outer loop
      vertex 97.4516 23.962 195
      vertex 90.5238 25.34 158
      vertex 97.4516 23.962 158
    endloop
  endfacet
  facet normal 0.65932 -0.751862 0
    outer loop
      vertex 137.373 34.6589 158
      vertex 142.684 39.3162 195
      vertex 137.373 34.6589 195
    endloop
  endfacet
  facet normal 0.65932 -0.751862 0
    outer loop
      vertex 142.684 39.3162 195
      vertex 137.373 34.6589 158
      vertex 142.684 39.3162 158
    endloop
  endfacet
  facet normal 0.65932 -0.751862 0
    outer loop
      vertex 137.373 34.6589 156.6
      vertex 142.684 39.3162 156.8
      vertex 137.373 34.6589 156.8
    endloop
  endfacet
  facet normal 0.65932 -0.751862 0
    outer loop
      vertex 142.684 39.3162 156.8
      vertex 137.373 34.6589 156.6
      vertex 142.684 39.3162 156.6
    endloop
  endfacet
  facet normal 0.442291 -0.896871 0
    outer loop
      vertex 125.165 27.6105 156.6
      vertex 131.5 30.7346 156.8
      vertex 125.165 27.6105 156.8
    endloop
  endfacet
  facet normal 0.442291 -0.896871 0
    outer loop
      vertex 131.5 30.7346 156.8
      vertex 125.165 27.6105 156.6
      vertex 131.5 30.7346 156.6
    endloop
  endfacet
  facet normal 0.442291 -0.896871 0
    outer loop
      vertex 125.165 27.6105 158
      vertex 131.5 30.7346 195
      vertex 125.165 27.6105 195
    endloop
  endfacet
  facet normal 0.442291 -0.896871 0
    outer loop
      vertex 131.5 30.7346 195
      vertex 125.165 27.6105 158
      vertex 131.5 30.7346 158
    endloop
  endfacet
  facet normal -0.0654064 -0.997859 0
    outer loop
      vertex 97.4516 23.962 156.6
      vertex 104.5 23.5 156.8
      vertex 97.4516 23.962 156.8
    endloop
  endfacet
  facet normal -0.0654064 -0.997859 -0
    outer loop
      vertex 104.5 23.5 156.8
      vertex 97.4516 23.962 156.6
      vertex 104.5 23.5 156.6
    endloop
  endfacet
  facet normal -0.0654064 -0.997859 0
    outer loop
      vertex 97.4516 23.962 158
      vertex 104.5 23.5 195
      vertex 97.4516 23.962 195
    endloop
  endfacet
  facet normal -0.0654064 -0.997859 -0
    outer loop
      vertex 104.5 23.5 195
      vertex 97.4516 23.962 158
      vertex 104.5 23.5 158
    endloop
  endfacet
  facet normal 0.44228 0.896877 -0
    outer loop
      vertex 131.5 124.265 156.6
      vertex 125.165 127.389 156.8
      vertex 131.5 124.265 156.8
    endloop
  endfacet
  facet normal 0.44228 0.896877 0
    outer loop
      vertex 125.165 127.389 156.8
      vertex 131.5 124.265 156.6
      vertex 125.165 127.389 156.6
    endloop
  endfacet
  facet normal 0.44228 0.896877 -0
    outer loop
      vertex 131.5 124.265 158
      vertex 125.165 127.389 195
      vertex 131.5 124.265 195
    endloop
  endfacet
  facet normal 0.44228 0.896877 0
    outer loop
      vertex 125.165 127.389 195
      vertex 131.5 124.265 158
      vertex 125.165 127.389 158
    endloop
  endfacet
  facet normal 0.555549 0.831484 -0
    outer loop
      vertex 137.373 120.341 156.6
      vertex 131.5 124.265 156.8
      vertex 137.373 120.341 156.8
    endloop
  endfacet
  facet normal 0.555549 0.831484 0
    outer loop
      vertex 131.5 124.265 156.8
      vertex 137.373 120.341 156.6
      vertex 131.5 124.265 156.6
    endloop
  endfacet
  facet normal 0.555549 0.831484 -0
    outer loop
      vertex 137.373 120.341 158
      vertex 131.5 124.265 195
      vertex 137.373 120.341 195
    endloop
  endfacet
  facet normal 0.555549 0.831484 0
    outer loop
      vertex 131.5 124.265 195
      vertex 137.373 120.341 158
      vertex 131.5 124.265 158
    endloop
  endfacet
  facet normal -0.896874 -0.442286 0
    outer loop
      vertex 57.7346 50.5 156.6
      vertex 54.6105 56.8351 156.8
      vertex 54.6105 56.8351 156.6
    endloop
  endfacet
  facet normal -0.896874 -0.442286 0
    outer loop
      vertex 54.6105 56.8351 156.8
      vertex 57.7346 50.5 156.6
      vertex 57.7346 50.5 156.8
    endloop
  endfacet
  facet normal -0.896874 -0.442286 0
    outer loop
      vertex 57.7346 50.5 158
      vertex 54.6105 56.8351 195
      vertex 54.6105 56.8351 158
    endloop
  endfacet
  facet normal -0.896874 -0.442286 0
    outer loop
      vertex 54.6105 56.8351 195
      vertex 57.7346 50.5 158
      vertex 57.7346 50.5 195
    endloop
  endfacet
  facet normal 0.946909 -0.321502 0
    outer loop
      vertex 154.389 56.8351 195
      vertex 156.66 63.5238 158
      vertex 156.66 63.5238 195
    endloop
  endfacet
  facet normal 0.946909 -0.321502 0
    outer loop
      vertex 156.66 63.5238 158
      vertex 154.389 56.8351 195
      vertex 154.389 56.8351 158
    endloop
  endfacet
  facet normal 0.946909 -0.321502 0
    outer loop
      vertex 154.389 56.8351 156.8
      vertex 156.66 63.5238 156.6
      vertex 156.66 63.5238 156.8
    endloop
  endfacet
  facet normal 0.946909 -0.321502 0
    outer loop
      vertex 156.66 63.5238 156.6
      vertex 154.389 56.8351 156.8
      vertex 154.389 56.8351 156.6
    endloop
  endfacet
  facet normal -0.997859 0.0654064 0
    outer loop
      vertex 50.5 77.5 158
      vertex 50.962 84.5484 195
      vertex 50.962 84.5484 158
    endloop
  endfacet
  facet normal -0.997859 0.0654064 0
    outer loop
      vertex 50.962 84.5484 195
      vertex 50.5 77.5 158
      vertex 50.5 77.5 195
    endloop
  endfacet
  facet normal -0.997859 0.0654064 0
    outer loop
      vertex 50.5 77.5 156.6
      vertex 50.962 84.5484 156.8
      vertex 50.962 84.5484 156.6
    endloop
  endfacet
  facet normal -0.997859 0.0654064 0
    outer loop
      vertex 50.962 84.5484 156.8
      vertex 50.5 77.5 156.6
      vertex 50.5 77.5 156.8
    endloop
  endfacet
  facet normal 0.946909 0.321502 0
    outer loop
      vertex 156.66 91.4762 156.8
      vertex 154.389 98.1649 156.6
      vertex 154.389 98.1649 156.8
    endloop
  endfacet
  facet normal 0.946909 0.321502 0
    outer loop
      vertex 154.389 98.1649 156.6
      vertex 156.66 91.4762 156.8
      vertex 156.66 91.4762 156.6
    endloop
  endfacet
  facet normal 0.946909 0.321502 0
    outer loop
      vertex 156.66 91.4762 195
      vertex 154.389 98.1649 158
      vertex 154.389 98.1649 195
    endloop
  endfacet
  facet normal 0.946909 0.321502 0
    outer loop
      vertex 154.389 98.1649 158
      vertex 156.66 91.4762 195
      vertex 156.66 91.4762 158
    endloop
  endfacet
  facet normal -0.751844 -0.659341 0
    outer loop
      vertex 66.3162 39.3162 156.6
      vertex 61.6589 44.6269 156.8
      vertex 61.6589 44.6269 156.6
    endloop
  endfacet
  facet normal -0.751844 -0.659341 0
    outer loop
      vertex 61.6589 44.6269 156.8
      vertex 66.3162 39.3162 156.6
      vertex 66.3162 39.3162 156.8
    endloop
  endfacet
  facet normal -0.751844 -0.659341 0
    outer loop
      vertex 66.3162 39.3162 158
      vertex 61.6589 44.6269 195
      vertex 61.6589 44.6269 158
    endloop
  endfacet
  facet normal -0.751844 -0.659341 0
    outer loop
      vertex 61.6589 44.6269 195
      vertex 66.3162 39.3162 158
      vertex 66.3162 39.3162 195
    endloop
  endfacet
  facet normal -0.555543 0.831488 0
    outer loop
      vertex 77.5 124.265 156.6
      vertex 71.6269 120.341 156.8
      vertex 77.5 124.265 156.8
    endloop
  endfacet
  facet normal -0.555543 0.831488 0
    outer loop
      vertex 71.6269 120.341 156.8
      vertex 77.5 124.265 156.6
      vertex 71.6269 120.341 156.6
    endloop
  endfacet
  facet normal -0.555543 0.831488 0
    outer loop
      vertex 77.5 124.265 158
      vertex 71.6269 120.341 195
      vertex 77.5 124.265 195
    endloop
  endfacet
  facet normal -0.555543 0.831488 0
    outer loop
      vertex 71.6269 120.341 195
      vertex 77.5 124.265 158
      vertex 71.6269 120.341 158
    endloop
  endfacet
  facet normal -0.831468 -0.555572 0
    outer loop
      vertex 61.6589 44.6269 156.6
      vertex 57.7346 50.5 156.8
      vertex 57.7346 50.5 156.6
    endloop
  endfacet
  facet normal -0.831468 -0.555572 0
    outer loop
      vertex 57.7346 50.5 156.8
      vertex 61.6589 44.6269 156.6
      vertex 61.6589 44.6269 156.8
    endloop
  endfacet
  facet normal -0.831468 -0.555572 0
    outer loop
      vertex 61.6589 44.6269 158
      vertex 57.7346 50.5 195
      vertex 57.7346 50.5 158
    endloop
  endfacet
  facet normal -0.831468 -0.555572 0
    outer loop
      vertex 57.7346 50.5 195
      vertex 61.6589 44.6269 158
      vertex 61.6589 44.6269 195
    endloop
  endfacet
  facet normal 0.997859 -0.0654064 0
    outer loop
      vertex 158.038 70.4516 195
      vertex 158.5 77.5 158
      vertex 158.5 77.5 195
    endloop
  endfacet
  facet normal 0.997859 -0.0654064 0
    outer loop
      vertex 158.5 77.5 158
      vertex 158.038 70.4516 195
      vertex 158.038 70.4516 158
    endloop
  endfacet
  facet normal 0.997859 -0.0654064 0
    outer loop
      vertex 158.038 70.4516 156.8
      vertex 158.5 77.5 156.6
      vertex 158.5 77.5 156.8
    endloop
  endfacet
  facet normal 0.997859 -0.0654064 0
    outer loop
      vertex 158.5 77.5 156.6
      vertex 158.038 70.4516 156.8
      vertex 158.038 70.4516 156.6
    endloop
  endfacet
  facet normal -0.831464 0.555579 0
    outer loop
      vertex 57.7346 104.5 158
      vertex 61.6589 110.373 195
      vertex 61.6589 110.373 158
    endloop
  endfacet
  facet normal -0.831464 0.555579 0
    outer loop
      vertex 61.6589 110.373 195
      vertex 57.7346 104.5 158
      vertex 57.7346 104.5 195
    endloop
  endfacet
  facet normal -0.831464 0.555579 0
    outer loop
      vertex 57.7346 104.5 156.6
      vertex 61.6589 110.373 156.8
      vertex 61.6589 110.373 156.6
    endloop
  endfacet
  facet normal -0.831464 0.555579 0
    outer loop
      vertex 61.6589 110.373 156.8
      vertex 57.7346 104.5 156.6
      vertex 57.7346 104.5 156.8
    endloop
  endfacet
  facet normal -0.0654064 0.997859 0
    outer loop
      vertex 104.5 131.5 158
      vertex 97.4516 131.038 195
      vertex 104.5 131.5 195
    endloop
  endfacet
  facet normal -0.0654064 0.997859 0
    outer loop
      vertex 97.4516 131.038 195
      vertex 104.5 131.5 158
      vertex 97.4516 131.038 158
    endloop
  endfacet
  facet normal -0.0654064 0.997859 0
    outer loop
      vertex 104.5 131.5 156.6
      vertex 97.4516 131.038 156.8
      vertex 104.5 131.5 156.8
    endloop
  endfacet
  facet normal -0.0654064 0.997859 0
    outer loop
      vertex 97.4516 131.038 156.8
      vertex 104.5 131.5 156.6
      vertex 97.4516 131.038 156.6
    endloop
  endfacet
  facet normal 0.980786 -0.195087 0
    outer loop
      vertex 156.66 63.5238 156.8
      vertex 158.038 70.4516 156.6
      vertex 158.038 70.4516 156.8
    endloop
  endfacet
  facet normal 0.980786 -0.195087 0
    outer loop
      vertex 158.038 70.4516 156.6
      vertex 156.66 63.5238 156.8
      vertex 156.66 63.5238 156.6
    endloop
  endfacet
  facet normal 0.980786 -0.195087 0
    outer loop
      vertex 156.66 63.5238 195
      vertex 158.038 70.4516 158
      vertex 158.038 70.4516 195
    endloop
  endfacet
  facet normal 0.980786 -0.195087 0
    outer loop
      vertex 158.038 70.4516 158
      vertex 156.66 63.5238 195
      vertex 156.66 63.5238 158
    endloop
  endfacet
  facet normal -0.94693 -0.321438 0
    outer loop
      vertex 54.6105 56.8351 156.6
      vertex 52.34 63.5238 156.8
      vertex 52.34 63.5238 156.6
    endloop
  endfacet
  facet normal -0.94693 -0.321438 0
    outer loop
      vertex 52.34 63.5238 156.8
      vertex 54.6105 56.8351 156.6
      vertex 54.6105 56.8351 156.8
    endloop
  endfacet
  facet normal -0.94693 -0.321438 0
    outer loop
      vertex 54.6105 56.8351 158
      vertex 52.34 63.5238 195
      vertex 52.34 63.5238 158
    endloop
  endfacet
  facet normal -0.94693 -0.321438 0
    outer loop
      vertex 52.34 63.5238 195
      vertex 54.6105 56.8351 158
      vertex 54.6105 56.8351 195
    endloop
  endfacet
  facet normal -0.751862 0.65932 0
    outer loop
      vertex 61.6589 110.373 156.6
      vertex 66.3162 115.684 156.8
      vertex 66.3162 115.684 156.6
    endloop
  endfacet
  facet normal -0.751862 0.65932 0
    outer loop
      vertex 66.3162 115.684 156.8
      vertex 61.6589 110.373 156.6
      vertex 61.6589 110.373 156.8
    endloop
  endfacet
  facet normal -0.751862 0.65932 0
    outer loop
      vertex 61.6589 110.373 158
      vertex 66.3162 115.684 195
      vertex 66.3162 115.684 158
    endloop
  endfacet
  facet normal -0.751862 0.65932 0
    outer loop
      vertex 66.3162 115.684 195
      vertex 61.6589 110.373 158
      vertex 61.6589 110.373 195
    endloop
  endfacet
  facet normal -0.555572 -0.831468 0
    outer loop
      vertex 71.6269 34.6589 156.6
      vertex 77.5 30.7346 156.8
      vertex 71.6269 34.6589 156.8
    endloop
  endfacet
  facet normal -0.555572 -0.831468 -0
    outer loop
      vertex 77.5 30.7346 156.8
      vertex 71.6269 34.6589 156.6
      vertex 77.5 30.7346 156.6
    endloop
  endfacet
  facet normal -0.555572 -0.831468 0
    outer loop
      vertex 71.6269 34.6589 158
      vertex 77.5 30.7346 195
      vertex 71.6269 34.6589 195
    endloop
  endfacet
  facet normal -0.555572 -0.831468 -0
    outer loop
      vertex 77.5 30.7346 195
      vertex 71.6269 34.6589 158
      vertex 77.5 30.7346 158
    endloop
  endfacet
  facet normal -0.94693 0.321438 0
    outer loop
      vertex 52.34 91.4762 158
      vertex 54.6105 98.1649 195
      vertex 54.6105 98.1649 158
    endloop
  endfacet
  facet normal -0.94693 0.321438 0
    outer loop
      vertex 54.6105 98.1649 195
      vertex 52.34 91.4762 158
      vertex 52.34 91.4762 195
    endloop
  endfacet
  facet normal -0.94693 0.321438 0
    outer loop
      vertex 52.34 91.4762 156.6
      vertex 54.6105 98.1649 156.8
      vertex 54.6105 98.1649 156.6
    endloop
  endfacet
  facet normal -0.94693 0.321438 0
    outer loop
      vertex 54.6105 98.1649 156.8
      vertex 52.34 91.4762 156.6
      vertex 52.34 91.4762 156.8
    endloop
  endfacet
  facet normal -0.896874 0.442286 0
    outer loop
      vertex 54.6105 98.1649 158
      vertex 57.7346 104.5 195
      vertex 57.7346 104.5 158
    endloop
  endfacet
  facet normal -0.896874 0.442286 0
    outer loop
      vertex 57.7346 104.5 195
      vertex 54.6105 98.1649 158
      vertex 54.6105 98.1649 195
    endloop
  endfacet
  facet normal -0.896874 0.442286 0
    outer loop
      vertex 54.6105 98.1649 156.6
      vertex 57.7346 104.5 156.8
      vertex 57.7346 104.5 156.6
    endloop
  endfacet
  facet normal -0.896874 0.442286 0
    outer loop
      vertex 57.7346 104.5 156.8
      vertex 54.6105 98.1649 156.6
      vertex 54.6105 98.1649 156.8
    endloop
  endfacet
  facet normal -0.659341 -0.751844 0
    outer loop
      vertex 66.3162 39.3162 156.6
      vertex 71.6269 34.6589 156.8
      vertex 66.3162 39.3162 156.8
    endloop
  endfacet
  facet normal -0.659341 -0.751844 -0
    outer loop
      vertex 71.6269 34.6589 156.8
      vertex 66.3162 39.3162 156.6
      vertex 71.6269 34.6589 156.6
    endloop
  endfacet
  facet normal -0.659341 -0.751844 0
    outer loop
      vertex 66.3162 39.3162 158
      vertex 71.6269 34.6589 195
      vertex 66.3162 39.3162 195
    endloop
  endfacet
  facet normal -0.659341 -0.751844 -0
    outer loop
      vertex 71.6269 34.6589 195
      vertex 66.3162 39.3162 158
      vertex 71.6269 34.6589 158
    endloop
  endfacet
  facet normal -0.321438 -0.94693 0
    outer loop
      vertex 83.8351 27.6105 156.6
      vertex 90.5238 25.34 156.8
      vertex 83.8351 27.6105 156.8
    endloop
  endfacet
  facet normal -0.321438 -0.94693 -0
    outer loop
      vertex 90.5238 25.34 156.8
      vertex 83.8351 27.6105 156.6
      vertex 90.5238 25.34 156.6
    endloop
  endfacet
  facet normal -0.321438 -0.94693 0
    outer loop
      vertex 83.8351 27.6105 158
      vertex 90.5238 25.34 195
      vertex 83.8351 27.6105 195
    endloop
  endfacet
  facet normal -0.321438 -0.94693 -0
    outer loop
      vertex 90.5238 25.34 195
      vertex 83.8351 27.6105 158
      vertex 90.5238 25.34 158
    endloop
  endfacet
  facet normal 0 0 1
    outer loop
      vertex 158.038 84.5484 195
      vertex 158.038 70.4516 195
      vertex 158.5 77.5 195
    endloop
  endfacet
  facet normal 0 0 1
    outer loop
      vertex 156.66 91.4762 195
      vertex 158.038 70.4516 195
      vertex 158.038 84.5484 195
    endloop
  endfacet
  facet normal 0 0 1
    outer loop
      vertex 156.66 91.4762 195
      vertex 156.66 63.5238 195
      vertex 158.038 70.4516 195
    endloop
  endfacet
  facet normal 0 0 1
    outer loop
      vertex 154.389 98.1649 195
      vertex 156.66 63.5238 195
      vertex 156.66 91.4762 195
    endloop
  endfacet
  facet normal 0 0 1
    outer loop
      vertex 154.389 98.1649 195
      vertex 154.389 56.8351 195
      vertex 156.66 63.5238 195
    endloop
  endfacet
  facet normal 0 0 1
    outer loop
      vertex 151.265 104.5 195
      vertex 154.389 56.8351 195
      vertex 154.389 98.1649 195
    endloop
  endfacet
  facet normal 0 0 1
    outer loop
      vertex 151.265 104.5 195
      vertex 151.265 50.5 195
      vertex 154.389 56.8351 195
    endloop
  endfacet
  facet normal 0 0 1
    outer loop
      vertex 147.341 110.373 195
      vertex 151.265 50.5 195
      vertex 151.265 104.5 195
    endloop
  endfacet
  facet normal 0 0 1
    outer loop
      vertex 147.341 110.373 195
      vertex 147.341 44.6269 195
      vertex 151.265 50.5 195
    endloop
  endfacet
  facet normal 0 0 1
    outer loop
      vertex 142.684 115.684 195
      vertex 147.341 44.6269 195
      vertex 147.341 110.373 195
    endloop
  endfacet
  facet normal 0 0 1
    outer loop
      vertex 142.684 115.684 195
      vertex 142.684 39.3162 195
      vertex 147.341 44.6269 195
    endloop
  endfacet
  facet normal 0 0 1
    outer loop
      vertex 137.373 120.341 195
      vertex 142.684 39.3162 195
      vertex 142.684 115.684 195
    endloop
  endfacet
  facet normal 0 0 1
    outer loop
      vertex 137.373 120.341 195
      vertex 137.373 34.6589 195
      vertex 142.684 39.3162 195
    endloop
  endfacet
  facet normal 0 0 1
    outer loop
      vertex 131.5 124.265 195
      vertex 137.373 34.6589 195
      vertex 137.373 120.341 195
    endloop
  endfacet
  facet normal 0 0 1
    outer loop
      vertex 131.5 124.265 195
      vertex 131.5 30.7346 195
      vertex 137.373 34.6589 195
    endloop
  endfacet
  facet normal 0 0 1
    outer loop
      vertex 125.165 127.389 195
      vertex 131.5 30.7346 195
      vertex 131.5 124.265 195
    endloop
  endfacet
  facet normal 0 0 1
    outer loop
      vertex 125.165 127.389 195
      vertex 125.165 27.6105 195
      vertex 131.5 30.7346 195
    endloop
  endfacet
  facet normal 0 0 1
    outer loop
      vertex 118.476 129.66 195
      vertex 125.165 27.6105 195
      vertex 125.165 127.389 195
    endloop
  endfacet
  facet normal 0 0 1
    outer loop
      vertex 118.476 129.66 195
      vertex 118.476 25.34 195
      vertex 125.165 27.6105 195
    endloop
  endfacet
  facet normal 0 0 1
    outer loop
      vertex 111.548 131.038 195
      vertex 118.476 25.34 195
      vertex 118.476 129.66 195
    endloop
  endfacet
  facet normal 0 0 1
    outer loop
      vertex 111.548 131.038 195
      vertex 111.548 23.962 195
      vertex 118.476 25.34 195
    endloop
  endfacet
  facet normal 0 0 1
    outer loop
      vertex 104.5 131.5 195
      vertex 111.548 23.962 195
      vertex 111.548 131.038 195
    endloop
  endfacet
  facet normal 0 0 1
    outer loop
      vertex 104.5 131.5 195
      vertex 104.5 23.5 195
      vertex 111.548 23.962 195
    endloop
  endfacet
  facet normal -0 0 1
    outer loop
      vertex 97.4516 131.038 195
      vertex 104.5 23.5 195
      vertex 104.5 131.5 195
    endloop
  endfacet
  facet normal 0 0 1
    outer loop
      vertex 97.4516 131.038 195
      vertex 97.4516 23.962 195
      vertex 104.5 23.5 195
    endloop
  endfacet
  facet normal -0 0 1
    outer loop
      vertex 90.5238 129.66 195
      vertex 97.4516 23.962 195
      vertex 97.4516 131.038 195
    endloop
  endfacet
  facet normal 0 0 1
    outer loop
      vertex 90.5238 129.66 195
      vertex 90.5238 25.34 195
      vertex 97.4516 23.962 195
    endloop
  endfacet
  facet normal -0 0 1
    outer loop
      vertex 83.8351 127.389 195
      vertex 90.5238 25.34 195
      vertex 90.5238 129.66 195
    endloop
  endfacet
  facet normal 0 0 1
    outer loop
      vertex 83.8351 127.389 195
      vertex 83.8351 27.6105 195
      vertex 90.5238 25.34 195
    endloop
  endfacet
  facet normal -0 0 1
    outer loop
      vertex 77.5 124.265 195
      vertex 83.8351 27.6105 195
      vertex 83.8351 127.389 195
    endloop
  endfacet
  facet normal 0 0 1
    outer loop
      vertex 77.5 124.265 195
      vertex 77.5 30.7346 195
      vertex 83.8351 27.6105 195
    endloop
  endfacet
  facet normal -0 0 1
    outer loop
      vertex 71.6269 120.341 195
      vertex 77.5 30.7346 195
      vertex 77.5 124.265 195
    endloop
  endfacet
  facet normal 0 0 1
    outer loop
      vertex 71.6269 120.341 195
      vertex 71.6269 34.6589 195
      vertex 77.5 30.7346 195
    endloop
  endfacet
  facet normal -0 0 1
    outer loop
      vertex 66.3162 115.684 195
      vertex 71.6269 34.6589 195
      vertex 71.6269 120.341 195
    endloop
  endfacet
  facet normal 0 0 1
    outer loop
      vertex 66.3162 115.684 195
      vertex 66.3162 39.3162 195
      vertex 71.6269 34.6589 195
    endloop
  endfacet
  facet normal -0 0 1
    outer loop
      vertex 61.6589 110.373 195
      vertex 66.3162 39.3162 195
      vertex 66.3162 115.684 195
    endloop
  endfacet
  facet normal 0 0 1
    outer loop
      vertex 61.6589 110.373 195
      vertex 61.6589 44.6269 195
      vertex 66.3162 39.3162 195
    endloop
  endfacet
  facet normal -0 0 1
    outer loop
      vertex 57.7346 104.5 195
      vertex 61.6589 44.6269 195
      vertex 61.6589 110.373 195
    endloop
  endfacet
  facet normal 0 0 1
    outer loop
      vertex 57.7346 104.5 195
      vertex 57.7346 50.5 195
      vertex 61.6589 44.6269 195
    endloop
  endfacet
  facet normal -0 0 1
    outer loop
      vertex 54.6105 98.1649 195
      vertex 57.7346 50.5 195
      vertex 57.7346 104.5 195
    endloop
  endfacet
  facet normal 0 0 1
    outer loop
      vertex 54.6105 98.1649 195
      vertex 54.6105 56.8351 195
      vertex 57.7346 50.5 195
    endloop
  endfacet
  facet normal -0 0 1
    outer loop
      vertex 52.34 91.4762 195
      vertex 54.6105 56.8351 195
      vertex 54.6105 98.1649 195
    endloop
  endfacet
  facet normal 0 0 1
    outer loop
      vertex 52.34 91.4762 195
      vertex 52.34 63.5238 195
      vertex 54.6105 56.8351 195
    endloop
  endfacet
  facet normal -0 0 1
    outer loop
      vertex 50.962 84.5484 195
      vertex 52.34 63.5238 195
      vertex 52.34 91.4762 195
    endloop
  endfacet
  facet normal 0 0 1
    outer loop
      vertex 50.962 84.5484 195
      vertex 50.962 70.4516 195
      vertex 52.34 63.5238 195
    endloop
  endfacet
  facet normal 0 -0 1
    outer loop
      vertex 50.962 70.4516 195
      vertex 50.962 84.5484 195
      vertex 50.5 77.5 195
    endloop
  endfacet
  facet normal -0.442286 -0.896874 0
    outer loop
      vertex 77.5 30.7346 158
      vertex 83.8351 27.6105 195
      vertex 77.5 30.7346 195
    endloop
  endfacet
  facet normal -0.442286 -0.896874 -0
    outer loop
      vertex 83.8351 27.6105 195
      vertex 77.5 30.7346 158
      vertex 83.8351 27.6105 158
    endloop
  endfacet
  facet normal -0.442286 -0.896874 0
    outer loop
      vertex 77.5 30.7346 156.6
      vertex 83.8351 27.6105 156.8
      vertex 77.5 30.7346 156.8
    endloop
  endfacet
  facet normal -0.442286 -0.896874 -0
    outer loop
      vertex 83.8351 27.6105 156.8
      vertex 77.5 30.7346 156.6
      vertex 83.8351 27.6105 156.6
    endloop
  endfacet
  facet normal 0.0654101 -0.997858 0
    outer loop
      vertex 225.5 23.5 156.6
      vertex 232.548 23.962 156.8
      vertex 225.5 23.5 156.8
    endloop
  endfacet
  facet normal 0.0654101 -0.997858 0
    outer loop
      vertex 232.548 23.962 156.8
      vertex 225.5 23.5 156.6
      vertex 232.548 23.962 156.6
    endloop
  endfacet
  facet normal 0.0654101 -0.997858 0
    outer loop
      vertex 225.5 23.5 158
      vertex 232.548 23.962 195
      vertex 225.5 23.5 195
    endloop
  endfacet
  facet normal 0.0654101 -0.997858 0
    outer loop
      vertex 232.548 23.962 195
      vertex 225.5 23.5 158
      vertex 232.548 23.962 158
    endloop
  endfacet
  facet normal 0.980786 0.195087 0
    outer loop
      vertex 279.038 84.5484 156.8
      vertex 277.66 91.4762 156.6
      vertex 277.66 91.4762 156.8
    endloop
  endfacet
  facet normal 0.980786 0.195087 0
    outer loop
      vertex 277.66 91.4762 156.6
      vertex 279.038 84.5484 156.8
      vertex 279.038 84.5484 156.6
    endloop
  endfacet
  facet normal 0.980786 0.195087 0
    outer loop
      vertex 279.038 84.5484 195
      vertex 277.66 91.4762 158
      vertex 277.66 91.4762 195
    endloop
  endfacet
  facet normal 0.980786 0.195087 0
    outer loop
      vertex 277.66 91.4762 158
      vertex 279.038 84.5484 195
      vertex 279.038 84.5484 158
    endloop
  endfacet
  facet normal 0 0 1
    outer loop
      vertex 279.038 84.5484 195
      vertex 279.038 70.4516 195
      vertex 279.5 77.5 195
    endloop
  endfacet
  facet normal 0 0 1
    outer loop
      vertex 277.66 91.4762 195
      vertex 279.038 70.4516 195
      vertex 279.038 84.5484 195
    endloop
  endfacet
  facet normal 0 0 1
    outer loop
      vertex 277.66 91.4762 195
      vertex 277.66 63.5238 195
      vertex 279.038 70.4516 195
    endloop
  endfacet
  facet normal 0 0 1
    outer loop
      vertex 275.389 98.1649 195
      vertex 277.66 63.5238 195
      vertex 277.66 91.4762 195
    endloop
  endfacet
  facet normal 0 0 1
    outer loop
      vertex 275.389 98.1649 195
      vertex 275.389 56.8351 195
      vertex 277.66 63.5238 195
    endloop
  endfacet
  facet normal 0 0 1
    outer loop
      vertex 272.265 104.5 195
      vertex 275.389 56.8351 195
      vertex 275.389 98.1649 195
    endloop
  endfacet
  facet normal 0 0 1
    outer loop
      vertex 272.265 104.5 195
      vertex 272.265 50.5 195
      vertex 275.389 56.8351 195
    endloop
  endfacet
  facet normal 0 0 1
    outer loop
      vertex 268.341 110.373 195
      vertex 272.265 50.5 195
      vertex 272.265 104.5 195
    endloop
  endfacet
  facet normal 0 0 1
    outer loop
      vertex 268.341 110.373 195
      vertex 268.341 44.6269 195
      vertex 272.265 50.5 195
    endloop
  endfacet
  facet normal 0 0 1
    outer loop
      vertex 263.684 115.684 195
      vertex 268.341 44.6269 195
      vertex 268.341 110.373 195
    endloop
  endfacet
  facet normal 0 0 1
    outer loop
      vertex 263.684 115.684 195
      vertex 263.684 39.3162 195
      vertex 268.341 44.6269 195
    endloop
  endfacet
  facet normal 0 0 1
    outer loop
      vertex 258.373 120.341 195
      vertex 263.684 39.3162 195
      vertex 263.684 115.684 195
    endloop
  endfacet
  facet normal 0 0 1
    outer loop
      vertex 258.373 120.341 195
      vertex 258.373 34.6589 195
      vertex 263.684 39.3162 195
    endloop
  endfacet
  facet normal 0 0 1
    outer loop
      vertex 252.5 124.265 195
      vertex 258.373 34.6589 195
      vertex 258.373 120.341 195
    endloop
  endfacet
  facet normal 0 0 1
    outer loop
      vertex 252.5 124.265 195
      vertex 252.5 30.7346 195
      vertex 258.373 34.6589 195
    endloop
  endfacet
  facet normal 0 0 1
    outer loop
      vertex 246.165 127.389 195
      vertex 252.5 30.7346 195
      vertex 252.5 124.265 195
    endloop
  endfacet
  facet normal 0 0 1
    outer loop
      vertex 246.165 127.389 195
      vertex 246.165 27.6105 195
      vertex 252.5 30.7346 195
    endloop
  endfacet
  facet normal 0 0 1
    outer loop
      vertex 239.476 129.66 195
      vertex 246.165 27.6105 195
      vertex 246.165 127.389 195
    endloop
  endfacet
  facet normal 0 0 1
    outer loop
      vertex 239.476 129.66 195
      vertex 239.476 25.34 195
      vertex 246.165 27.6105 195
    endloop
  endfacet
  facet normal 0 0 1
    outer loop
      vertex 232.548 131.038 195
      vertex 239.476 25.34 195
      vertex 239.476 129.66 195
    endloop
  endfacet
  facet normal 0 0 1
    outer loop
      vertex 232.548 131.038 195
      vertex 232.548 23.962 195
      vertex 239.476 25.34 195
    endloop
  endfacet
  facet normal 0 0 1
    outer loop
      vertex 225.5 131.5 195
      vertex 232.548 23.962 195
      vertex 232.548 131.038 195
    endloop
  endfacet
  facet normal 0 0 1
    outer loop
      vertex 225.5 131.5 195
      vertex 225.5 23.5 195
      vertex 232.548 23.962 195
    endloop
  endfacet
  facet normal -0 0 1
    outer loop
      vertex 218.452 131.038 195
      vertex 225.5 23.5 195
      vertex 225.5 131.5 195
    endloop
  endfacet
  facet normal 0 0 1
    outer loop
      vertex 218.452 131.038 195
      vertex 218.452 23.962 195
      vertex 225.5 23.5 195
    endloop
  endfacet
  facet normal -0 0 1
    outer loop
      vertex 211.524 129.66 195
      vertex 218.452 23.962 195
      vertex 218.452 131.038 195
    endloop
  endfacet
  facet normal 0 0 1
    outer loop
      vertex 211.524 129.66 195
      vertex 211.524 25.34 195
      vertex 218.452 23.962 195
    endloop
  endfacet
  facet normal -0 0 1
    outer loop
      vertex 204.835 127.389 195
      vertex 211.524 25.34 195
      vertex 211.524 129.66 195
    endloop
  endfacet
  facet normal 0 0 1
    outer loop
      vertex 204.835 127.389 195
      vertex 204.835 27.6105 195
      vertex 211.524 25.34 195
    endloop
  endfacet
  facet normal -0 0 1
    outer loop
      vertex 198.5 124.265 195
      vertex 204.835 27.6105 195
      vertex 204.835 127.389 195
    endloop
  endfacet
  facet normal 0 0 1
    outer loop
      vertex 198.5 124.265 195
      vertex 198.5 30.7346 195
      vertex 204.835 27.6105 195
    endloop
  endfacet
  facet normal -0 0 1
    outer loop
      vertex 192.627 120.341 195
      vertex 198.5 30.7346 195
      vertex 198.5 124.265 195
    endloop
  endfacet
  facet normal 0 0 1
    outer loop
      vertex 192.627 120.341 195
      vertex 192.627 34.6589 195
      vertex 198.5 30.7346 195
    endloop
  endfacet
  facet normal -0 0 1
    outer loop
      vertex 187.316 115.684 195
      vertex 192.627 34.6589 195
      vertex 192.627 120.341 195
    endloop
  endfacet
  facet normal 0 0 1
    outer loop
      vertex 187.316 115.684 195
      vertex 187.316 39.3162 195
      vertex 192.627 34.6589 195
    endloop
  endfacet
  facet normal -0 0 1
    outer loop
      vertex 182.659 110.373 195
      vertex 187.316 39.3162 195
      vertex 187.316 115.684 195
    endloop
  endfacet
  facet normal 0 0 1
    outer loop
      vertex 182.659 110.373 195
      vertex 182.659 44.6269 195
      vertex 187.316 39.3162 195
    endloop
  endfacet
  facet normal -0 0 1
    outer loop
      vertex 178.735 104.5 195
      vertex 182.659 44.6269 195
      vertex 182.659 110.373 195
    endloop
  endfacet
  facet normal 0 0 1
    outer loop
      vertex 178.735 104.5 195
      vertex 178.735 50.5 195
      vertex 182.659 44.6269 195
    endloop
  endfacet
  facet normal -0 0 1
    outer loop
      vertex 175.611 98.1649 195
      vertex 178.735 50.5 195
      vertex 178.735 104.5 195
    endloop
  endfacet
  facet normal 0 0 1
    outer loop
      vertex 175.611 98.1649 195
      vertex 175.611 56.8351 195
      vertex 178.735 50.5 195
    endloop
  endfacet
  facet normal -0 0 1
    outer loop
      vertex 173.34 91.4762 195
      vertex 175.611 56.8351 195
      vertex 175.611 98.1649 195
    endloop
  endfacet
  facet normal 0 0 1
    outer loop
      vertex 173.34 91.4762 195
      vertex 173.34 63.5238 195
      vertex 175.611 56.8351 195
    endloop
  endfacet
  facet normal -0 0 1
    outer loop
      vertex 171.962 84.5484 195
      vertex 173.34 63.5238 195
      vertex 173.34 91.4762 195
    endloop
  endfacet
  facet normal 0 0 1
    outer loop
      vertex 171.962 84.5484 195
      vertex 171.962 70.4516 195
      vertex 173.34 63.5238 195
    endloop
  endfacet
  facet normal 0 -0 1
    outer loop
      vertex 171.962 70.4516 195
      vertex 171.962 84.5484 195
      vertex 171.5 77.5 195
    endloop
  endfacet
  facet normal 0.321489 0.946913 -0
    outer loop
      vertex 246.165 127.389 156.6
      vertex 239.476 129.66 156.8
      vertex 246.165 127.389 156.8
    endloop
  endfacet
  facet normal 0.321489 0.946913 0
    outer loop
      vertex 239.476 129.66 156.8
      vertex 246.165 127.389 156.6
      vertex 239.476 129.66 156.6
    endloop
  endfacet
  facet normal 0.321489 0.946913 -0
    outer loop
      vertex 246.165 127.389 158
      vertex 239.476 129.66 195
      vertex 246.165 127.389 195
    endloop
  endfacet
  facet normal 0.321489 0.946913 0
    outer loop
      vertex 239.476 129.66 195
      vertex 246.165 127.389 158
      vertex 239.476 129.66 158
    endloop
  endfacet
  facet normal -0.195081 0.980787 0
    outer loop
      vertex 218.452 131.038 158
      vertex 211.524 129.66 195
      vertex 218.452 131.038 195
    endloop
  endfacet
  facet normal -0.195081 0.980787 0
    outer loop
      vertex 211.524 129.66 195
      vertex 218.452 131.038 158
      vertex 211.524 129.66 158
    endloop
  endfacet
  facet normal -0.195081 0.980787 0
    outer loop
      vertex 218.452 131.038 156.6
      vertex 211.524 129.66 156.8
      vertex 218.452 131.038 156.8
    endloop
  endfacet
  facet normal -0.195081 0.980787 0
    outer loop
      vertex 211.524 129.66 156.8
      vertex 218.452 131.038 156.6
      vertex 211.524 129.66 156.6
    endloop
  endfacet
  facet normal 0.195081 -0.980787 0
    outer loop
      vertex 232.548 23.962 156.6
      vertex 239.476 25.34 156.8
      vertex 232.548 23.962 156.8
    endloop
  endfacet
  facet normal 0.195081 -0.980787 0
    outer loop
      vertex 239.476 25.34 156.8
      vertex 232.548 23.962 156.6
      vertex 239.476 25.34 156.6
    endloop
  endfacet
  facet normal 0.195081 -0.980787 0
    outer loop
      vertex 232.548 23.962 158
      vertex 239.476 25.34 195
      vertex 232.548 23.962 195
    endloop
  endfacet
  facet normal 0.195081 -0.980787 0
    outer loop
      vertex 239.476 25.34 195
      vertex 232.548 23.962 158
      vertex 239.476 25.34 158
    endloop
  endfacet
  facet normal -0.831488 -0.555543 0
    outer loop
      vertex 182.659 44.6269 156.6
      vertex 178.735 50.5 156.8
      vertex 178.735 50.5 156.6
    endloop
  endfacet
  facet normal -0.831488 -0.555543 0
    outer loop
      vertex 178.735 50.5 156.8
      vertex 182.659 44.6269 156.6
      vertex 182.659 44.6269 156.8
    endloop
  endfacet
  facet normal -0.831488 -0.555543 0
    outer loop
      vertex 182.659 44.6269 158
      vertex 178.735 50.5 195
      vertex 178.735 50.5 158
    endloop
  endfacet
  facet normal -0.831488 -0.555543 0
    outer loop
      vertex 178.735 50.5 195
      vertex 182.659 44.6269 158
      vertex 182.659 44.6269 195
    endloop
  endfacet
  facet normal 0.65932 -0.751862 0
    outer loop
      vertex 258.373 34.6589 156.6
      vertex 263.684 39.3162 156.8
      vertex 258.373 34.6589 156.8
    endloop
  endfacet
  facet normal 0.65932 -0.751862 0
    outer loop
      vertex 263.684 39.3162 156.8
      vertex 258.373 34.6589 156.6
      vertex 263.684 39.3162 156.6
    endloop
  endfacet
  facet normal 0.65932 -0.751862 0
    outer loop
      vertex 258.373 34.6589 158
      vertex 263.684 39.3162 195
      vertex 258.373 34.6589 195
    endloop
  endfacet
  facet normal 0.65932 -0.751862 0
    outer loop
      vertex 263.684 39.3162 195
      vertex 258.373 34.6589 158
      vertex 263.684 39.3162 158
    endloop
  endfacet
  facet normal 0.997859 0.0654064 0
    outer loop
      vertex 279.5 77.5 195
      vertex 279.038 84.5484 158
      vertex 279.038 84.5484 195
    endloop
  endfacet
  facet normal 0.997859 0.0654064 0
    outer loop
      vertex 279.038 84.5484 158
      vertex 279.5 77.5 195
      vertex 279.5 77.5 158
    endloop
  endfacet
  facet normal 0.997859 0.0654064 0
    outer loop
      vertex 279.5 77.5 156.8
      vertex 279.038 84.5484 156.6
      vertex 279.038 84.5484 156.8
    endloop
  endfacet
  facet normal 0.997859 0.0654064 0
    outer loop
      vertex 279.038 84.5484 156.6
      vertex 279.5 77.5 156.8
      vertex 279.5 77.5 156.6
    endloop
  endfacet
  facet normal 0.659296 0.751883 -0
    outer loop
      vertex 263.684 115.684 156.6
      vertex 258.373 120.341 156.8
      vertex 263.684 115.684 156.8
    endloop
  endfacet
  facet normal 0.659296 0.751883 0
    outer loop
      vertex 258.373 120.341 156.8
      vertex 263.684 115.684 156.6
      vertex 258.373 120.341 156.6
    endloop
  endfacet
  facet normal 0.659296 0.751883 -0
    outer loop
      vertex 263.684 115.684 158
      vertex 258.373 120.341 195
      vertex 263.684 115.684 195
    endloop
  endfacet
  facet normal 0.659296 0.751883 0
    outer loop
      vertex 258.373 120.341 195
      vertex 263.684 115.684 158
      vertex 258.373 120.341 158
    endloop
  endfacet
  facet normal 0.946909 -0.321502 0
    outer loop
      vertex 275.389 56.8351 156.8
      vertex 277.66 63.5238 156.6
      vertex 277.66 63.5238 156.8
    endloop
  endfacet
  facet normal 0.946909 -0.321502 0
    outer loop
      vertex 277.66 63.5238 156.6
      vertex 275.389 56.8351 156.8
      vertex 275.389 56.8351 156.6
    endloop
  endfacet
  facet normal 0.946909 -0.321502 0
    outer loop
      vertex 275.389 56.8351 195
      vertex 277.66 63.5238 158
      vertex 277.66 63.5238 195
    endloop
  endfacet
  facet normal 0.946909 -0.321502 0
    outer loop
      vertex 277.66 63.5238 158
      vertex 275.389 56.8351 195
      vertex 275.389 56.8351 158
    endloop
  endfacet
  facet normal -0.751883 0.659296 0
    outer loop
      vertex 182.659 110.373 156.6
      vertex 187.316 115.684 156.8
      vertex 187.316 115.684 156.6
    endloop
  endfacet
  facet normal -0.751883 0.659296 0
    outer loop
      vertex 187.316 115.684 156.8
      vertex 182.659 110.373 156.6
      vertex 182.659 110.373 156.8
    endloop
  endfacet
  facet normal -0.751883 0.659296 0
    outer loop
      vertex 182.659 110.373 158
      vertex 187.316 115.684 195
      vertex 187.316 115.684 158
    endloop
  endfacet
  facet normal -0.751883 0.659296 0
    outer loop
      vertex 187.316 115.684 195
      vertex 182.659 110.373 158
      vertex 182.659 110.373 195
    endloop
  endfacet
  facet normal 0.997859 -0.0654064 0
    outer loop
      vertex 279.038 70.4516 195
      vertex 279.5 77.5 158
      vertex 279.5 77.5 195
    endloop
  endfacet
  facet normal 0.997859 -0.0654064 0
    outer loop
      vertex 279.5 77.5 158
      vertex 279.038 70.4516 195
      vertex 279.038 70.4516 158
    endloop
  endfacet
  facet normal 0.997859 -0.0654064 0
    outer loop
      vertex 279.038 70.4516 156.8
      vertex 279.5 77.5 156.6
      vertex 279.5 77.5 156.8
    endloop
  endfacet
  facet normal 0.997859 -0.0654064 0
    outer loop
      vertex 279.5 77.5 156.6
      vertex 279.038 70.4516 156.8
      vertex 279.038 70.4516 156.6
    endloop
  endfacet
  facet normal 0.555579 -0.831464 0
    outer loop
      vertex 252.5 30.7346 156.6
      vertex 258.373 34.6589 156.8
      vertex 252.5 30.7346 156.8
    endloop
  endfacet
  facet normal 0.555579 -0.831464 0
    outer loop
      vertex 258.373 34.6589 156.8
      vertex 252.5 30.7346 156.6
      vertex 258.373 34.6589 156.6
    endloop
  endfacet
  facet normal 0.555579 -0.831464 0
    outer loop
      vertex 252.5 30.7346 158
      vertex 258.373 34.6589 195
      vertex 252.5 30.7346 195
    endloop
  endfacet
  facet normal 0.555579 -0.831464 0
    outer loop
      vertex 258.373 34.6589 195
      vertex 252.5 30.7346 158
      vertex 258.373 34.6589 158
    endloop
  endfacet
  facet normal -0.980786 0.195087 0
    outer loop
      vertex 171.962 84.5484 158
      vertex 173.34 91.4762 195
      vertex 173.34 91.4762 158
    endloop
  endfacet
  facet normal -0.980786 0.195087 0
    outer loop
      vertex 173.34 91.4762 195
      vertex 171.962 84.5484 158
      vertex 171.962 84.5484 195
    endloop
  endfacet
  facet normal -0.980786 0.195087 0
    outer loop
      vertex 171.962 84.5484 156.6
      vertex 173.34 91.4762 156.8
      vertex 173.34 91.4762 156.6
    endloop
  endfacet
  facet normal -0.980786 0.195087 0
    outer loop
      vertex 173.34 91.4762 156.8
      vertex 171.962 84.5484 156.6
      vertex 171.962 84.5484 156.8
    endloop
  endfacet
  facet normal -0.321426 -0.946935 0
    outer loop
      vertex 204.835 27.6105 156.6
      vertex 211.524 25.34 156.8
      vertex 204.835 27.6105 156.8
    endloop
  endfacet
  facet normal -0.321426 -0.946935 -0
    outer loop
      vertex 211.524 25.34 156.8
      vertex 204.835 27.6105 156.6
      vertex 211.524 25.34 156.6
    endloop
  endfacet
  facet normal -0.321426 -0.946935 0
    outer loop
      vertex 204.835 27.6105 158
      vertex 211.524 25.34 195
      vertex 204.835 27.6105 195
    endloop
  endfacet
  facet normal -0.321426 -0.946935 -0
    outer loop
      vertex 211.524 25.34 195
      vertex 204.835 27.6105 158
      vertex 211.524 25.34 158
    endloop
  endfacet
  facet normal -0.195081 -0.980787 0
    outer loop
      vertex 211.524 25.34 158
      vertex 218.452 23.962 195
      vertex 211.524 25.34 195
    endloop
  endfacet
  facet normal -0.195081 -0.980787 -0
    outer loop
      vertex 218.452 23.962 195
      vertex 211.524 25.34 158
      vertex 218.452 23.962 158
    endloop
  endfacet
  facet normal -0.195081 -0.980787 0
    outer loop
      vertex 211.524 25.34 156.6
      vertex 218.452 23.962 156.8
      vertex 211.524 25.34 156.8
    endloop
  endfacet
  facet normal -0.195081 -0.980787 -0
    outer loop
      vertex 218.452 23.962 156.8
      vertex 211.524 25.34 156.6
      vertex 218.452 23.962 156.6
    endloop
  endfacet
  facet normal 0.946909 0.321502 0
    outer loop
      vertex 277.66 91.4762 156.8
      vertex 275.389 98.1649 156.6
      vertex 275.389 98.1649 156.8
    endloop
  endfacet
  facet normal 0.946909 0.321502 0
    outer loop
      vertex 275.389 98.1649 156.6
      vertex 277.66 91.4762 156.8
      vertex 277.66 91.4762 156.6
    endloop
  endfacet
  facet normal 0.946909 0.321502 0
    outer loop
      vertex 277.66 91.4762 195
      vertex 275.389 98.1649 158
      vertex 275.389 98.1649 195
    endloop
  endfacet
  facet normal 0.946909 0.321502 0
    outer loop
      vertex 275.389 98.1649 158
      vertex 277.66 91.4762 195
      vertex 277.66 91.4762 158
    endloop
  endfacet
  facet normal -0.997859 0.0654064 0
    outer loop
      vertex 171.5 77.5 158
      vertex 171.962 84.5484 195
      vertex 171.962 84.5484 158
    endloop
  endfacet
  facet normal -0.997859 0.0654064 0
    outer loop
      vertex 171.962 84.5484 195
      vertex 171.5 77.5 158
      vertex 171.5 77.5 195
    endloop
  endfacet
  facet normal -0.997859 0.0654064 0
    outer loop
      vertex 171.5 77.5 156.6
      vertex 171.962 84.5484 156.8
      vertex 171.962 84.5484 156.6
    endloop
  endfacet
  facet normal -0.997859 0.0654064 0
    outer loop
      vertex 171.962 84.5484 156.8
      vertex 171.5 77.5 156.6
      vertex 171.5 77.5 156.8
    endloop
  endfacet
  facet normal 0.555549 0.831484 -0
    outer loop
      vertex 258.373 120.341 156.6
      vertex 252.5 124.265 156.8
      vertex 258.373 120.341 156.8
    endloop
  endfacet
  facet normal 0.555549 0.831484 0
    outer loop
      vertex 252.5 124.265 156.8
      vertex 258.373 120.341 156.6
      vertex 252.5 124.265 156.6
    endloop
  endfacet
  facet normal 0.555549 0.831484 -0
    outer loop
      vertex 258.373 120.341 158
      vertex 252.5 124.265 195
      vertex 258.373 120.341 195
    endloop
  endfacet
  facet normal 0.555549 0.831484 0
    outer loop
      vertex 252.5 124.265 195
      vertex 258.373 120.341 158
      vertex 252.5 124.265 158
    endloop
  endfacet
  facet normal -0.980786 -0.195087 0
    outer loop
      vertex 173.34 63.5238 156.6
      vertex 171.962 70.4516 156.8
      vertex 171.962 70.4516 156.6
    endloop
  endfacet
  facet normal -0.980786 -0.195087 0
    outer loop
      vertex 171.962 70.4516 156.8
      vertex 173.34 63.5238 156.6
      vertex 173.34 63.5238 156.8
    endloop
  endfacet
  facet normal -0.980786 -0.195087 0
    outer loop
      vertex 173.34 63.5238 158
      vertex 171.962 70.4516 195
      vertex 171.962 70.4516 158
    endloop
  endfacet
  facet normal -0.980786 -0.195087 0
    outer loop
      vertex 171.962 70.4516 195
      vertex 173.34 63.5238 158
      vertex 173.34 63.5238 195
    endloop
  endfacet
  facet normal -0.44228 0.896877 0
    outer loop
      vertex 204.835 127.389 158
      vertex 198.5 124.265 195
      vertex 204.835 127.389 195
    endloop
  endfacet
  facet normal -0.44228 0.896877 0
    outer loop
      vertex 198.5 124.265 195
      vertex 204.835 127.389 158
      vertex 198.5 124.265 158
    endloop
  endfacet
  facet normal -0.44228 0.896877 0
    outer loop
      vertex 204.835 127.389 156.6
      vertex 198.5 124.265 156.8
      vertex 204.835 127.389 156.8
    endloop
  endfacet
  facet normal -0.44228 0.896877 0
    outer loop
      vertex 198.5 124.265 156.8
      vertex 204.835 127.389 156.6
      vertex 198.5 124.265 156.6
    endloop
  endfacet
  facet normal -0.65932 -0.751862 0
    outer loop
      vertex 187.316 39.3162 158
      vertex 192.627 34.6589 195
      vertex 187.316 39.3162 195
    endloop
  endfacet
  facet normal -0.65932 -0.751862 -0
    outer loop
      vertex 192.627 34.6589 195
      vertex 187.316 39.3162 158
      vertex 192.627 34.6589 158
    endloop
  endfacet
  facet normal -0.65932 -0.751862 0
    outer loop
      vertex 187.316 39.3162 156.6
      vertex 192.627 34.6589 156.8
      vertex 187.316 39.3162 156.8
    endloop
  endfacet
  facet normal -0.65932 -0.751862 -0
    outer loop
      vertex 192.627 34.6589 156.8
      vertex 187.316 39.3162 156.6
      vertex 192.627 34.6589 156.6
    endloop
  endfacet
  facet normal -0.555549 0.831484 0
    outer loop
      vertex 198.5 124.265 156.6
      vertex 192.627 120.341 156.8
      vertex 198.5 124.265 156.8
    endloop
  endfacet
  facet normal -0.555549 0.831484 0
    outer loop
      vertex 192.627 120.341 156.8
      vertex 198.5 124.265 156.6
      vertex 192.627 120.341 156.6
    endloop
  endfacet
  facet normal -0.555549 0.831484 0
    outer loop
      vertex 198.5 124.265 158
      vertex 192.627 120.341 195
      vertex 198.5 124.265 195
    endloop
  endfacet
  facet normal -0.555549 0.831484 0
    outer loop
      vertex 192.627 120.341 195
      vertex 198.5 124.265 158
      vertex 192.627 120.341 158
    endloop
  endfacet
  facet normal -0.831484 0.555549 0
    outer loop
      vertex 178.735 104.5 156.6
      vertex 182.659 110.373 156.8
      vertex 182.659 110.373 156.6
    endloop
  endfacet
  facet normal -0.831484 0.555549 0
    outer loop
      vertex 182.659 110.373 156.8
      vertex 178.735 104.5 156.6
      vertex 178.735 104.5 156.8
    endloop
  endfacet
  facet normal -0.831484 0.555549 0
    outer loop
      vertex 178.735 104.5 158
      vertex 182.659 110.373 195
      vertex 182.659 110.373 158
    endloop
  endfacet
  facet normal -0.831484 0.555549 0
    outer loop
      vertex 182.659 110.373 195
      vertex 178.735 104.5 158
      vertex 178.735 104.5 195
    endloop
  endfacet
  facet normal 0.44228 0.896877 -0
    outer loop
      vertex 252.5 124.265 158
      vertex 246.165 127.389 195
      vertex 252.5 124.265 195
    endloop
  endfacet
  facet normal 0.44228 0.896877 0
    outer loop
      vertex 246.165 127.389 195
      vertex 252.5 124.265 158
      vertex 246.165 127.389 158
    endloop
  endfacet
  facet normal 0.44228 0.896877 -0
    outer loop
      vertex 252.5 124.265 156.6
      vertex 246.165 127.389 156.8
      vertex 252.5 124.265 156.8
    endloop
  endfacet
  facet normal 0.44228 0.896877 0
    outer loop
      vertex 246.165 127.389 156.8
      vertex 252.5 124.265 156.6
      vertex 246.165 127.389 156.6
    endloop
  endfacet
  facet normal -0.321489 0.946913 0
    outer loop
      vertex 211.524 129.66 158
      vertex 204.835 127.389 195
      vertex 211.524 129.66 195
    endloop
  endfacet
  facet normal -0.321489 0.946913 0
    outer loop
      vertex 204.835 127.389 195
      vertex 211.524 129.66 158
      vertex 204.835 127.389 158
    endloop
  endfacet
  facet normal -0.321489 0.946913 0
    outer loop
      vertex 211.524 129.66 156.6
      vertex 204.835 127.389 156.8
      vertex 211.524 129.66 156.8
    endloop
  endfacet
  facet normal -0.321489 0.946913 0
    outer loop
      vertex 204.835 127.389 156.8
      vertex 211.524 129.66 156.6
      vertex 204.835 127.389 156.6
    endloop
  endfacet
  facet normal 0.980786 -0.195087 0
    outer loop
      vertex 277.66 63.5238 156.8
      vertex 279.038 70.4516 156.6
      vertex 279.038 70.4516 156.8
    endloop
  endfacet
  facet normal 0.980786 -0.195087 0
    outer loop
      vertex 279.038 70.4516 156.6
      vertex 277.66 63.5238 156.8
      vertex 277.66 63.5238 156.6
    endloop
  endfacet
  facet normal 0.980786 -0.195087 0
    outer loop
      vertex 277.66 63.5238 195
      vertex 279.038 70.4516 158
      vertex 279.038 70.4516 195
    endloop
  endfacet
  facet normal 0.980786 -0.195087 0
    outer loop
      vertex 279.038 70.4516 158
      vertex 277.66 63.5238 195
      vertex 277.66 63.5238 158
    endloop
  endfacet
  facet normal -0.997859 -0.0654064 0
    outer loop
      vertex 171.962 70.4516 156.6
      vertex 171.5 77.5 156.8
      vertex 171.5 77.5 156.6
    endloop
  endfacet
  facet normal -0.997859 -0.0654064 0
    outer loop
      vertex 171.5 77.5 156.8
      vertex 171.962 70.4516 156.6
      vertex 171.962 70.4516 156.8
    endloop
  endfacet
  facet normal -0.997859 -0.0654064 0
    outer loop
      vertex 171.962 70.4516 158
      vertex 171.5 77.5 195
      vertex 171.5 77.5 158
    endloop
  endfacet
  facet normal -0.997859 -0.0654064 0
    outer loop
      vertex 171.5 77.5 195
      vertex 171.962 70.4516 158
      vertex 171.962 70.4516 195
    endloop
  endfacet
  facet normal -0.751865 -0.659317 0
    outer loop
      vertex 187.316 39.3162 158
      vertex 182.659 44.6269 195
      vertex 182.659 44.6269 158
    endloop
  endfacet
  facet normal -0.751865 -0.659317 0
    outer loop
      vertex 182.659 44.6269 195
      vertex 187.316 39.3162 158
      vertex 187.316 39.3162 195
    endloop
  endfacet
  facet normal -0.751865 -0.659317 0
    outer loop
      vertex 187.316 39.3162 156.6
      vertex 182.659 44.6269 156.8
      vertex 182.659 44.6269 156.6
    endloop
  endfacet
  facet normal -0.751865 -0.659317 0
    outer loop
      vertex 182.659 44.6269 156.8
      vertex 187.316 39.3162 156.6
      vertex 187.316 39.3162 156.8
    endloop
  endfacet
  facet normal 0.831488 -0.555543 0
    outer loop
      vertex 268.341 44.6269 156.8
      vertex 272.265 50.5 156.6
      vertex 272.265 50.5 156.8
    endloop
  endfacet
  facet normal 0.831488 -0.555543 0
    outer loop
      vertex 272.265 50.5 156.6
      vertex 268.341 44.6269 156.8
      vertex 268.341 44.6269 156.6
    endloop
  endfacet
  facet normal 0.831488 -0.555543 0
    outer loop
      vertex 268.341 44.6269 195
      vertex 272.265 50.5 158
      vertex 272.265 50.5 195
    endloop
  endfacet
  facet normal 0.831488 -0.555543 0
    outer loop
      vertex 272.265 50.5 158
      vertex 268.341 44.6269 195
      vertex 268.341 44.6269 158
    endloop
  endfacet
  facet normal -0.659296 0.751883 0
    outer loop
      vertex 192.627 120.341 158
      vertex 187.316 115.684 195
      vertex 192.627 120.341 195
    endloop
  endfacet
  facet normal -0.659296 0.751883 0
    outer loop
      vertex 187.316 115.684 195
      vertex 192.627 120.341 158
      vertex 187.316 115.684 158
    endloop
  endfacet
  facet normal -0.659296 0.751883 0
    outer loop
      vertex 192.627 120.341 156.6
      vertex 187.316 115.684 156.8
      vertex 192.627 120.341 156.8
    endloop
  endfacet
  facet normal -0.659296 0.751883 0
    outer loop
      vertex 187.316 115.684 156.8
      vertex 192.627 120.341 156.6
      vertex 187.316 115.684 156.6
    endloop
  endfacet
  facet normal -0.946909 0.321502 0
    outer loop
      vertex 173.34 91.4762 158
      vertex 175.611 98.1649 195
      vertex 175.611 98.1649 158
    endloop
  endfacet
  facet normal -0.946909 0.321502 0
    outer loop
      vertex 175.611 98.1649 195
      vertex 173.34 91.4762 158
      vertex 173.34 91.4762 195
    endloop
  endfacet
  facet normal -0.946909 0.321502 0
    outer loop
      vertex 173.34 91.4762 156.6
      vertex 175.611 98.1649 156.8
      vertex 175.611 98.1649 156.6
    endloop
  endfacet
  facet normal -0.946909 0.321502 0
    outer loop
      vertex 175.611 98.1649 156.8
      vertex 173.34 91.4762 156.6
      vertex 173.34 91.4762 156.8
    endloop
  endfacet
  facet normal -0.89688 0.442274 0
    outer loop
      vertex 175.611 98.1649 158
      vertex 178.735 104.5 195
      vertex 178.735 104.5 158
    endloop
  endfacet
  facet normal -0.89688 0.442274 0
    outer loop
      vertex 178.735 104.5 195
      vertex 175.611 98.1649 158
      vertex 175.611 98.1649 195
    endloop
  endfacet
  facet normal -0.89688 0.442274 0
    outer loop
      vertex 175.611 98.1649 156.6
      vertex 178.735 104.5 156.8
      vertex 178.735 104.5 156.6
    endloop
  endfacet
  facet normal -0.89688 0.442274 0
    outer loop
      vertex 178.735 104.5 156.8
      vertex 175.611 98.1649 156.6
      vertex 175.611 98.1649 156.8
    endloop
  endfacet
  facet normal -0.0654101 0.997858 0
    outer loop
      vertex 225.5 131.5 158
      vertex 218.452 131.038 195
      vertex 225.5 131.5 195
    endloop
  endfacet
  facet normal -0.0654101 0.997858 0
    outer loop
      vertex 218.452 131.038 195
      vertex 225.5 131.5 158
      vertex 218.452 131.038 158
    endloop
  endfacet
  facet normal -0.0654101 0.997858 0
    outer loop
      vertex 225.5 131.5 156.6
      vertex 218.452 131.038 156.8
      vertex 225.5 131.5 156.8
    endloop
  endfacet
  facet normal -0.0654101 0.997858 0
    outer loop
      vertex 218.452 131.038 156.8
      vertex 225.5 131.5 156.6
      vertex 218.452 131.038 156.6
    endloop
  endfacet
  facet normal 0.195081 0.980787 -0
    outer loop
      vertex 239.476 129.66 158
      vertex 232.548 131.038 195
      vertex 239.476 129.66 195
    endloop
  endfacet
  facet normal 0.195081 0.980787 0
    outer loop
      vertex 232.548 131.038 195
      vertex 239.476 129.66 158
      vertex 232.548 131.038 158
    endloop
  endfacet
  facet normal 0.195081 0.980787 -0
    outer loop
      vertex 239.476 129.66 156.6
      vertex 232.548 131.038 156.8
      vertex 239.476 129.66 156.8
    endloop
  endfacet
  facet normal 0.195081 0.980787 0
    outer loop
      vertex 232.548 131.038 156.8
      vertex 239.476 129.66 156.6
      vertex 232.548 131.038 156.6
    endloop
  endfacet
  facet normal -0.442291 -0.896871 0
    outer loop
      vertex 198.5 30.7346 156.6
      vertex 204.835 27.6105 156.8
      vertex 198.5 30.7346 156.8
    endloop
  endfacet
  facet normal -0.442291 -0.896871 -0
    outer loop
      vertex 204.835 27.6105 156.8
      vertex 198.5 30.7346 156.6
      vertex 204.835 27.6105 156.6
    endloop
  endfacet
  facet normal -0.442291 -0.896871 0
    outer loop
      vertex 198.5 30.7346 158
      vertex 204.835 27.6105 195
      vertex 198.5 30.7346 195
    endloop
  endfacet
  facet normal -0.442291 -0.896871 -0
    outer loop
      vertex 204.835 27.6105 195
      vertex 198.5 30.7346 158
      vertex 204.835 27.6105 158
    endloop
  endfacet
  facet normal 0.831484 0.555549 0
    outer loop
      vertex 272.265 104.5 156.8
      vertex 268.341 110.373 156.6
      vertex 268.341 110.373 156.8
    endloop
  endfacet
  facet normal 0.831484 0.555549 0
    outer loop
      vertex 268.341 110.373 156.6
      vertex 272.265 104.5 156.8
      vertex 272.265 104.5 156.6
    endloop
  endfacet
  facet normal 0.831484 0.555549 0
    outer loop
      vertex 272.265 104.5 195
      vertex 268.341 110.373 158
      vertex 268.341 110.373 195
    endloop
  endfacet
  facet normal 0.831484 0.555549 0
    outer loop
      vertex 268.341 110.373 158
      vertex 272.265 104.5 195
      vertex 272.265 104.5 158
    endloop
  endfacet
  facet normal 0.751865 -0.659317 0
    outer loop
      vertex 263.684 39.3162 195
      vertex 268.341 44.6269 158
      vertex 268.341 44.6269 195
    endloop
  endfacet
  facet normal 0.751865 -0.659317 0
    outer loop
      vertex 268.341 44.6269 158
      vertex 263.684 39.3162 195
      vertex 263.684 39.3162 158
    endloop
  endfacet
  facet normal 0.751865 -0.659317 0
    outer loop
      vertex 263.684 39.3162 156.8
      vertex 268.341 44.6269 156.6
      vertex 268.341 44.6269 156.8
    endloop
  endfacet
  facet normal 0.751865 -0.659317 0
    outer loop
      vertex 268.341 44.6269 156.6
      vertex 263.684 39.3162 156.8
      vertex 263.684 39.3162 156.6
    endloop
  endfacet
  facet normal 0.89688 0.442274 0
    outer loop
      vertex 275.389 98.1649 195
      vertex 272.265 104.5 158
      vertex 272.265 104.5 195
    endloop
  endfacet
  facet normal 0.89688 0.442274 0
    outer loop
      vertex 272.265 104.5 158
      vertex 275.389 98.1649 195
      vertex 275.389 98.1649 158
    endloop
  endfacet
  facet normal 0.89688 0.442274 0
    outer loop
      vertex 275.389 98.1649 156.8
      vertex 272.265 104.5 156.6
      vertex 272.265 104.5 156.8
    endloop
  endfacet
  facet normal 0.89688 0.442274 0
    outer loop
      vertex 272.265 104.5 156.6
      vertex 275.389 98.1649 156.8
      vertex 275.389 98.1649 156.6
    endloop
  endfacet
  facet normal 0.751883 0.659296 0
    outer loop
      vertex 268.341 110.373 156.8
      vertex 263.684 115.684 156.6
      vertex 263.684 115.684 156.8
    endloop
  endfacet
  facet normal 0.751883 0.659296 0
    outer loop
      vertex 263.684 115.684 156.6
      vertex 268.341 110.373 156.8
      vertex 268.341 110.373 156.6
    endloop
  endfacet
  facet normal 0.751883 0.659296 0
    outer loop
      vertex 268.341 110.373 195
      vertex 263.684 115.684 158
      vertex 263.684 115.684 195
    endloop
  endfacet
  facet normal 0.751883 0.659296 0
    outer loop
      vertex 263.684 115.684 158
      vertex 268.341 110.373 195
      vertex 268.341 110.373 158
    endloop
  endfacet
  facet normal 0.0654101 0.997858 -0
    outer loop
      vertex 232.548 131.038 158
      vertex 225.5 131.5 195
      vertex 232.548 131.038 195
    endloop
  endfacet
  facet normal 0.0654101 0.997858 0
    outer loop
      vertex 225.5 131.5 195
      vertex 232.548 131.038 158
      vertex 225.5 131.5 158
    endloop
  endfacet
  facet normal 0.0654101 0.997858 -0
    outer loop
      vertex 232.548 131.038 156.6
      vertex 225.5 131.5 156.8
      vertex 232.548 131.038 156.8
    endloop
  endfacet
  facet normal 0.0654101 0.997858 0
    outer loop
      vertex 225.5 131.5 156.8
      vertex 232.548 131.038 156.6
      vertex 225.5 131.5 156.6
    endloop
  endfacet
  facet normal -0.946909 -0.321502 0
    outer loop
      vertex 175.611 56.8351 156.6
      vertex 173.34 63.5238 156.8
      vertex 173.34 63.5238 156.6
    endloop
  endfacet
  facet normal -0.946909 -0.321502 0
    outer loop
      vertex 173.34 63.5238 156.8
      vertex 175.611 56.8351 156.6
      vertex 175.611 56.8351 156.8
    endloop
  endfacet
  facet normal -0.946909 -0.321502 0
    outer loop
      vertex 175.611 56.8351 158
      vertex 173.34 63.5238 195
      vertex 173.34 63.5238 158
    endloop
  endfacet
  facet normal -0.946909 -0.321502 0
    outer loop
      vertex 173.34 63.5238 195
      vertex 175.611 56.8351 158
      vertex 175.611 56.8351 195
    endloop
  endfacet
  facet normal 0.321426 -0.946935 0
    outer loop
      vertex 239.476 25.34 156.6
      vertex 246.165 27.6105 156.8
      vertex 239.476 25.34 156.8
    endloop
  endfacet
  facet normal 0.321426 -0.946935 0
    outer loop
      vertex 246.165 27.6105 156.8
      vertex 239.476 25.34 156.6
      vertex 246.165 27.6105 156.6
    endloop
  endfacet
  facet normal 0.321426 -0.946935 0
    outer loop
      vertex 239.476 25.34 158
      vertex 246.165 27.6105 195
      vertex 239.476 25.34 195
    endloop
  endfacet
  facet normal 0.321426 -0.946935 0
    outer loop
      vertex 246.165 27.6105 195
      vertex 239.476 25.34 158
      vertex 246.165 27.6105 158
    endloop
  endfacet
  facet normal 0.89688 -0.442274 0
    outer loop
      vertex 272.265 50.5 195
      vertex 275.389 56.8351 158
      vertex 275.389 56.8351 195
    endloop
  endfacet
  facet normal 0.89688 -0.442274 0
    outer loop
      vertex 275.389 56.8351 158
      vertex 272.265 50.5 195
      vertex 272.265 50.5 158
    endloop
  endfacet
  facet normal 0.89688 -0.442274 0
    outer loop
      vertex 272.265 50.5 156.8
      vertex 275.389 56.8351 156.6
      vertex 275.389 56.8351 156.8
    endloop
  endfacet
  facet normal 0.89688 -0.442274 0
    outer loop
      vertex 275.389 56.8351 156.6
      vertex 272.265 50.5 156.8
      vertex 272.265 50.5 156.6
    endloop
  endfacet
  facet normal -0.0654101 -0.997858 0
    outer loop
      vertex 218.452 23.962 158
      vertex 225.5 23.5 195
      vertex 218.452 23.962 195
    endloop
  endfacet
  facet normal -0.0654101 -0.997858 -0
    outer loop
      vertex 225.5 23.5 195
      vertex 218.452 23.962 158
      vertex 225.5 23.5 158
    endloop
  endfacet
  facet normal -0.0654101 -0.997858 0
    outer loop
      vertex 218.452 23.962 156.6
      vertex 225.5 23.5 156.8
      vertex 218.452 23.962 156.8
    endloop
  endfacet
  facet normal -0.0654101 -0.997858 -0
    outer loop
      vertex 225.5 23.5 156.8
      vertex 218.452 23.962 156.6
      vertex 225.5 23.5 156.6
    endloop
  endfacet
  facet normal -0.89688 -0.442274 0
    outer loop
      vertex 178.735 50.5 156.6
      vertex 175.611 56.8351 156.8
      vertex 175.611 56.8351 156.6
    endloop
  endfacet
  facet normal -0.89688 -0.442274 0
    outer loop
      vertex 175.611 56.8351 156.8
      vertex 178.735 50.5 156.6
      vertex 178.735 50.5 156.8
    endloop
  endfacet
  facet normal -0.89688 -0.442274 0
    outer loop
      vertex 178.735 50.5 158
      vertex 175.611 56.8351 195
      vertex 175.611 56.8351 158
    endloop
  endfacet
  facet normal -0.89688 -0.442274 0
    outer loop
      vertex 175.611 56.8351 195
      vertex 178.735 50.5 158
      vertex 178.735 50.5 195
    endloop
  endfacet
  facet normal 0.442291 -0.896871 0
    outer loop
      vertex 246.165 27.6105 156.6
      vertex 252.5 30.7346 156.8
      vertex 246.165 27.6105 156.8
    endloop
  endfacet
  facet normal 0.442291 -0.896871 0
    outer loop
      vertex 252.5 30.7346 156.8
      vertex 246.165 27.6105 156.6
      vertex 252.5 30.7346 156.6
    endloop
  endfacet
  facet normal 0.442291 -0.896871 0
    outer loop
      vertex 246.165 27.6105 158
      vertex 252.5 30.7346 195
      vertex 246.165 27.6105 195
    endloop
  endfacet
  facet normal 0.442291 -0.896871 0
    outer loop
      vertex 252.5 30.7346 195
      vertex 246.165 27.6105 158
      vertex 252.5 30.7346 158
    endloop
  endfacet
  facet normal -0.555579 -0.831464 0
    outer loop
      vertex 192.627 34.6589 158
      vertex 198.5 30.7346 195
      vertex 192.627 34.6589 195
    endloop
  endfacet
  facet normal -0.555579 -0.831464 -0
    outer loop
      vertex 198.5 30.7346 195
      vertex 192.627 34.6589 158
      vertex 198.5 30.7346 158
    endloop
  endfacet
  facet normal -0.555579 -0.831464 0
    outer loop
      vertex 192.627 34.6589 156.6
      vertex 198.5 30.7346 156.8
      vertex 192.627 34.6589 156.8
    endloop
  endfacet
  facet normal -0.555579 -0.831464 -0
    outer loop
      vertex 198.5 30.7346 156.8
      vertex 192.627 34.6589 156.6
      vertex 198.5 30.7346 156.6
    endloop
  endfacet
  facet normal 1 -0 0
    outer loop
      vertex 73 12 0
      vertex 73 30 -6
      vertex 73 30 0
    endloop
  endfacet
  facet normal 1 0 0
    outer loop
      vertex 73 30 -6
      vertex 73 12 0
      vertex 73 12 -6
    endloop
  endfacet
  facet normal 0 0 -1
    outer loop
      vertex 18 12 -6
      vertex 73 30 -6
      vertex 73 12 -6
    endloop
  endfacet
  facet normal -0 0 -1
    outer loop
      vertex 73 30 -6
      vertex 18 12 -6
      vertex 18 30 -6
    endloop
  endfacet
  facet normal -1 0 0
    outer loop
      vertex 18 12 -6
      vertex 18 30 0
      vertex 18 30 -6
    endloop
  endfacet
  facet normal -1 -0 0
    outer loop
      vertex 18 30 0
      vertex 18 12 -6
      vertex 18 12 0
    endloop
  endfacet
  facet normal 0 1 -0
    outer loop
      vertex 73 30 -6
      vertex 18 30 0
      vertex 73 30 0
    endloop
  endfacet
  facet normal 0 1 0
    outer loop
      vertex 18 30 0
      vertex 73 30 -6
      vertex 18 30 -6
    endloop
  endfacet
  facet normal 0 -1 0
    outer loop
      vertex 18 12 -6
      vertex 73 12 0
      vertex 18 12 0
    endloop
  endfacet
  facet normal 0 -1 -0
    outer loop
      vertex 73 12 0
      vertex 18 12 -6
      vertex 73 12 -6
    endloop
  endfacet
  facet normal 1 -0 0
    outer loop
      vertex 73 125 0
      vertex 73 143 -6
      vertex 73 143 0
    endloop
  endfacet
  facet normal 1 0 0
    outer loop
      vertex 73 143 -6
      vertex 73 125 0
      vertex 73 125 -6
    endloop
  endfacet
  facet normal 0 0 -1
    outer loop
      vertex 18 125 -6
      vertex 73 143 -6
      vertex 73 125 -6
    endloop
  endfacet
  facet normal -0 0 -1
    outer loop
      vertex 73 143 -6
      vertex 18 125 -6
      vertex 18 143 -6
    endloop
  endfacet
  facet normal -1 0 0
    outer loop
      vertex 18 125 -6
      vertex 18 143 0
      vertex 18 143 -6
    endloop
  endfacet
  facet normal -1 -0 0
    outer loop
      vertex 18 143 0
      vertex 18 125 -6
      vertex 18 125 0
    endloop
  endfacet
  facet normal 0 1 -0
    outer loop
      vertex 73 143 -6
      vertex 18 143 0
      vertex 73 143 0
    endloop
  endfacet
  facet normal 0 1 0
    outer loop
      vertex 18 143 0
      vertex 73 143 -6
      vertex 18 143 -6
    endloop
  endfacet
  facet normal 0 -1 0
    outer loop
      vertex 18 125 -6
      vertex 73 125 0
      vertex 18 125 0
    endloop
  endfacet
  facet normal 0 -1 -0
    outer loop
      vertex 73 125 0
      vertex 18 125 -6
      vertex 73 125 -6
    endloop
  endfacet
  facet normal 1 -0 0
    outer loop
      vertex 312 12 0
      vertex 312 30 -6
      vertex 312 30 0
    endloop
  endfacet
  facet normal 1 0 0
    outer loop
      vertex 312 30 -6
      vertex 312 12 0
      vertex 312 12 -6
    endloop
  endfacet
  facet normal 0 0 -1
    outer loop
      vertex 257 12 -6
      vertex 312 30 -6
      vertex 312 12 -6
    endloop
  endfacet
  facet normal -0 0 -1
    outer loop
      vertex 312 30 -6
      vertex 257 12 -6
      vertex 257 30 -6
    endloop
  endfacet
  facet normal -1 0 0
    outer loop
      vertex 257 12 -6
      vertex 257 30 0
      vertex 257 30 -6
    endloop
  endfacet
  facet normal -1 -0 0
    outer loop
      vertex 257 30 0
      vertex 257 12 -6
      vertex 257 12 0
    endloop
  endfacet
  facet normal 0 1 -0
    outer loop
      vertex 312 30 -6
      vertex 257 30 0
      vertex 312 30 0
    endloop
  endfacet
  facet normal 0 1 0
    outer loop
      vertex 257 30 0
      vertex 312 30 -6
      vertex 257 30 -6
    endloop
  endfacet
  facet normal 0 -1 0
    outer loop
      vertex 257 12 -6
      vertex 312 12 0
      vertex 257 12 0
    endloop
  endfacet
  facet normal 0 -1 -0
    outer loop
      vertex 312 12 0
      vertex 257 12 -6
      vertex 312 12 -6
    endloop
  endfacet
  facet normal 1 -0 0
    outer loop
      vertex 312 125 0
      vertex 312 143 -6
      vertex 312 143 0
    endloop
  endfacet
  facet normal 1 0 0
    outer loop
      vertex 312 143 -6
      vertex 312 125 0
      vertex 312 125 -6
    endloop
  endfacet
  facet normal 0 0 -1
    outer loop
      vertex 257 125 -6
      vertex 312 143 -6
      vertex 312 125 -6
    endloop
  endfacet
  facet normal -0 0 -1
    outer loop
      vertex 312 143 -6
      vertex 257 125 -6
      vertex 257 143 -6
    endloop
  endfacet
  facet normal -1 0 0
    outer loop
      vertex 257 125 -6
      vertex 257 143 0
      vertex 257 143 -6
    endloop
  endfacet
  facet normal -1 -0 0
    outer loop
      vertex 257 143 0
      vertex 257 125 -6
      vertex 257 125 0
    endloop
  endfacet
  facet normal 0 1 -0
    outer loop
      vertex 312 143 -6
      vertex 257 143 0
      vertex 312 143 0
    endloop
  endfacet
  facet normal 0 1 0
    outer loop
      vertex 257 143 0
      vertex 312 143 -6
      vertex 257 143 -6
    endloop
  endfacet
  facet normal 0 -1 0
    outer loop
      vertex 257 125 -6
      vertex 312 125 0
      vertex 257 125 0
    endloop
  endfacet
  facet normal 0 -1 -0
    outer loop
      vertex 312 125 0
      vertex 257 125 -6
      vertex 312 125 -6
    endloop
  endfacet
endsolid OpenSCAD_Model
