solid OpenSCAD_Model
  facet normal -0.980724 -0.195397 0
    outer loop
      vertex 16.2308 14.2937 3.2
      vertex 16.1733 14.5823 8
      vertex 16.1733 14.5823 3.2
    endloop
  endfacet
  facet normal -0.980724 -0.195397 0
    outer loop
      vertex 16.1733 14.5823 8
      vertex 16.2308 14.2937 3.2
      vertex 16.2308 14.2937 8
    endloop
  endfacet
  facet normal -0.99787 -0.0652336 0
    outer loop
      vertex 16.25 14 3.2
      vertex 16.2308 14.2937 8
      vertex 16.2308 14.2937 3.2
    endloop
  endfacet
  facet normal -0.99787 -0.0652336 0
    outer loop
      vertex 16.2308 14.2937 8
      vertex 16.25 14 3.2
      vertex 16.25 14 8
    endloop
  endfacet
  facet normal -0.946936 -0.321421 0
    outer loop
      vertex 16.1733 14.5823 3.2
      vertex 16.0787 14.861 8
      vertex 16.0787 14.861 3.2
    endloop
  endfacet
  facet normal -0.946936 -0.321421 0
    outer loop
      vertex 16.0787 14.861 8
      vertex 16.1733 14.5823 3.2
      vertex 16.1733 14.5823 8
    endloop
  endfacet
  facet normal -0.831318 -0.555797 0
    outer loop
      vertex 15.9486 15.125 3.2
      vertex 15.785 15.3697 8
      vertex 15.785 15.3697 3.2
    endloop
  endfacet
  facet normal -0.831318 -0.555797 0
    outer loop
      vertex 15.785 15.3697 8
      vertex 15.9486 15.125 3.2
      vertex 15.9486 15.125 8
    endloop
  endfacet
  facet normal 0.659202 0.751966 -0
    outer loop
      vertex 12.6303 12.215 3.2
      vertex 12.409 12.409 8
      vertex 12.6303 12.215 8
    endloop
  endfacet
  facet normal 0.659202 0.751966 0
    outer loop
      vertex 12.409 12.409 8
      vertex 12.6303 12.215 3.2
      vertex 12.409 12.409 3.2
    endloop
  endfacet
  facet normal -0.751966 0.659202 0
    outer loop
      vertex 15.591 12.409 3.2
      vertex 15.785 12.6303 8
      vertex 15.785 12.6303 3.2
    endloop
  endfacet
  facet normal -0.751966 0.659202 0
    outer loop
      vertex 15.785 12.6303 8
      vertex 15.591 12.409 3.2
      vertex 15.591 12.409 8
    endloop
  endfacet
  facet normal 0.99787 -0.0652336 0
    outer loop
      vertex 11.75 14 8
      vertex 11.7692 14.2937 3.2
      vertex 11.7692 14.2937 8
    endloop
  endfacet
  facet normal 0.99787 -0.0652336 0
    outer loop
      vertex 11.7692 14.2937 3.2
      vertex 11.75 14 8
      vertex 11.75 14 3.2
    endloop
  endfacet
  facet normal -0.659202 -0.751966 0
    outer loop
      vertex 15.3697 15.785 3.2
      vertex 15.591 15.591 8
      vertex 15.3697 15.785 8
    endloop
  endfacet
  facet normal -0.659202 -0.751966 -0
    outer loop
      vertex 15.591 15.591 8
      vertex 15.3697 15.785 3.2
      vertex 15.591 15.591 3.2
    endloop
  endfacet
  facet normal 0.442042 -0.896995 0
    outer loop
      vertex 12.875 15.9486 3.2
      vertex 13.139 16.0787 8
      vertex 12.875 15.9486 8
    endloop
  endfacet
  facet normal 0.442042 -0.896995 0
    outer loop
      vertex 13.139 16.0787 8
      vertex 12.875 15.9486 3.2
      vertex 13.139 16.0787 3.2
    endloop
  endfacet
  facet normal -0.442042 -0.896995 0
    outer loop
      vertex 14.861 16.0787 3.2
      vertex 15.125 15.9486 8
      vertex 14.861 16.0787 8
    endloop
  endfacet
  facet normal -0.442042 -0.896995 -0
    outer loop
      vertex 15.125 15.9486 8
      vertex 14.861 16.0787 3.2
      vertex 15.125 15.9486 3.2
    endloop
  endfacet
  facet normal -0.896995 0.442042 0
    outer loop
      vertex 15.9486 12.875 3.2
      vertex 16.0787 13.139 8
      vertex 16.0787 13.139 3.2
    endloop
  endfacet
  facet normal -0.896995 0.442042 0
    outer loop
      vertex 16.0787 13.139 8
      vertex 15.9486 12.875 3.2
      vertex 15.9486 12.875 8
    endloop
  endfacet
  facet normal -0.321421 0.946936 0
    outer loop
      vertex 14.861 11.9213 3.2
      vertex 14.5823 11.8267 8
      vertex 14.861 11.9213 8
    endloop
  endfacet
  facet normal -0.321421 0.946936 0
    outer loop
      vertex 14.5823 11.8267 8
      vertex 14.861 11.9213 3.2
      vertex 14.5823 11.8267 3.2
    endloop
  endfacet
  facet normal -0.896995 -0.442042 0
    outer loop
      vertex 16.0787 14.861 3.2
      vertex 15.9486 15.125 8
      vertex 15.9486 15.125 3.2
    endloop
  endfacet
  facet normal -0.896995 -0.442042 0
    outer loop
      vertex 15.9486 15.125 8
      vertex 16.0787 14.861 3.2
      vertex 16.0787 14.861 8
    endloop
  endfacet
  facet normal 0.896995 -0.442042 0
    outer loop
      vertex 11.9213 14.861 8
      vertex 12.0514 15.125 3.2
      vertex 12.0514 15.125 8
    endloop
  endfacet
  facet normal 0.896995 -0.442042 0
    outer loop
      vertex 12.0514 15.125 3.2
      vertex 11.9213 14.861 8
      vertex 11.9213 14.861 3.2
    endloop
  endfacet
  facet normal -0.751966 -0.659202 0
    outer loop
      vertex 15.785 15.3697 3.2
      vertex 15.591 15.591 8
      vertex 15.591 15.591 3.2
    endloop
  endfacet
  facet normal -0.751966 -0.659202 0
    outer loop
      vertex 15.591 15.591 8
      vertex 15.785 15.3697 3.2
      vertex 15.785 15.3697 8
    endloop
  endfacet
  facet normal -0.980724 0.195397 0
    outer loop
      vertex 16.1733 13.4177 3.2
      vertex 16.2308 13.7063 8
      vertex 16.2308 13.7063 3.2
    endloop
  endfacet
  facet normal -0.980724 0.195397 0
    outer loop
      vertex 16.2308 13.7063 8
      vertex 16.1733 13.4177 3.2
      vertex 16.1733 13.4177 8
    endloop
  endfacet
  facet normal -0.99787 0.0652336 0
    outer loop
      vertex 16.2308 13.7063 3.2
      vertex 16.25 14 8
      vertex 16.25 14 3.2
    endloop
  endfacet
  facet normal -0.99787 0.0652336 0
    outer loop
      vertex 16.25 14 8
      vertex 16.2308 13.7063 3.2
      vertex 16.2308 13.7063 8
    endloop
  endfacet
  facet normal 0.555797 0.831318 -0
    outer loop
      vertex 12.875 12.0514 3.2
      vertex 12.6303 12.215 8
      vertex 12.875 12.0514 8
    endloop
  endfacet
  facet normal 0.555797 0.831318 0
    outer loop
      vertex 12.6303 12.215 8
      vertex 12.875 12.0514 3.2
      vertex 12.6303 12.215 3.2
    endloop
  endfacet
  facet normal 0.946936 0.321421 0
    outer loop
      vertex 11.9213 13.139 8
      vertex 11.8267 13.4177 3.2
      vertex 11.8267 13.4177 8
    endloop
  endfacet
  facet normal 0.946936 0.321421 0
    outer loop
      vertex 11.8267 13.4177 3.2
      vertex 11.9213 13.139 8
      vertex 11.9213 13.139 3.2
    endloop
  endfacet
  facet normal 0.99787 0.0652336 0
    outer loop
      vertex 11.7692 13.7063 8
      vertex 11.75 14 3.2
      vertex 11.75 14 8
    endloop
  endfacet
  facet normal 0.99787 0.0652336 0
    outer loop
      vertex 11.75 14 3.2
      vertex 11.7692 13.7063 8
      vertex 11.7692 13.7063 3.2
    endloop
  endfacet
  facet normal 0.751966 0.659202 0
    outer loop
      vertex 12.409 12.409 8
      vertex 12.215 12.6303 3.2
      vertex 12.215 12.6303 8
    endloop
  endfacet
  facet normal 0.751966 0.659202 0
    outer loop
      vertex 12.215 12.6303 3.2
      vertex 12.409 12.409 8
      vertex 12.409 12.409 3.2
    endloop
  endfacet
  facet normal 0.321421 -0.946936 0
    outer loop
      vertex 13.139 16.0787 3.2
      vertex 13.4177 16.1733 8
      vertex 13.139 16.0787 8
    endloop
  endfacet
  facet normal 0.321421 -0.946936 0
    outer loop
      vertex 13.4177 16.1733 8
      vertex 13.139 16.0787 3.2
      vertex 13.4177 16.1733 3.2
    endloop
  endfacet
  facet normal -0.659202 0.751966 0
    outer loop
      vertex 15.591 12.409 3.2
      vertex 15.3697 12.215 8
      vertex 15.591 12.409 8
    endloop
  endfacet
  facet normal -0.659202 0.751966 0
    outer loop
      vertex 15.3697 12.215 8
      vertex 15.591 12.409 3.2
      vertex 15.3697 12.215 3.2
    endloop
  endfacet
  facet normal -0.0652336 0.99787 0
    outer loop
      vertex 14.2937 11.7692 3.2
      vertex 14 11.75 8
      vertex 14.2937 11.7692 8
    endloop
  endfacet
  facet normal -0.0652336 0.99787 0
    outer loop
      vertex 14 11.75 8
      vertex 14.2937 11.7692 3.2
      vertex 14 11.75 3.2
    endloop
  endfacet
  facet normal -0.195397 -0.980724 0
    outer loop
      vertex 14.2937 16.2308 3.2
      vertex 14.5823 16.1733 8
      vertex 14.2937 16.2308 8
    endloop
  endfacet
  facet normal -0.195397 -0.980724 -0
    outer loop
      vertex 14.5823 16.1733 8
      vertex 14.2937 16.2308 3.2
      vertex 14.5823 16.1733 3.2
    endloop
  endfacet
  facet normal -0.321421 -0.946936 0
    outer loop
      vertex 14.5823 16.1733 3.2
      vertex 14.861 16.0787 8
      vertex 14.5823 16.1733 8
    endloop
  endfacet
  facet normal -0.321421 -0.946936 -0
    outer loop
      vertex 14.861 16.0787 8
      vertex 14.5823 16.1733 3.2
      vertex 14.861 16.0787 3.2
    endloop
  endfacet
  facet normal -0.946936 0.321421 0
    outer loop
      vertex 16.0787 13.139 3.2
      vertex 16.1733 13.4177 8
      vertex 16.1733 13.4177 3.2
    endloop
  endfacet
  facet normal -0.946936 0.321421 0
    outer loop
      vertex 16.1733 13.4177 8
      vertex 16.0787 13.139 3.2
      vertex 16.0787 13.139 8
    endloop
  endfacet
  facet normal 0.195397 -0.980724 0
    outer loop
      vertex 13.4177 16.1733 3.2
      vertex 13.7063 16.2308 8
      vertex 13.4177 16.1733 8
    endloop
  endfacet
  facet normal 0.195397 -0.980724 0
    outer loop
      vertex 13.7063 16.2308 8
      vertex 13.4177 16.1733 3.2
      vertex 13.7063 16.2308 3.2
    endloop
  endfacet
  facet normal 0.946936 -0.321421 0
    outer loop
      vertex 11.8267 14.5823 8
      vertex 11.9213 14.861 3.2
      vertex 11.9213 14.861 8
    endloop
  endfacet
  facet normal 0.946936 -0.321421 0
    outer loop
      vertex 11.9213 14.861 3.2
      vertex 11.8267 14.5823 8
      vertex 11.8267 14.5823 3.2
    endloop
  endfacet
  facet normal -0.555797 -0.831318 0
    outer loop
      vertex 15.125 15.9486 3.2
      vertex 15.3697 15.785 8
      vertex 15.125 15.9486 8
    endloop
  endfacet
  facet normal -0.555797 -0.831318 -0
    outer loop
      vertex 15.3697 15.785 8
      vertex 15.125 15.9486 3.2
      vertex 15.3697 15.785 3.2
    endloop
  endfacet
  facet normal -0.195397 0.980724 0
    outer loop
      vertex 14.5823 11.8267 3.2
      vertex 14.2937 11.7692 8
      vertex 14.5823 11.8267 8
    endloop
  endfacet
  facet normal -0.195397 0.980724 0
    outer loop
      vertex 14.2937 11.7692 8
      vertex 14.5823 11.8267 3.2
      vertex 14.2937 11.7692 3.2
    endloop
  endfacet
  facet normal -0.442042 0.896995 0
    outer loop
      vertex 15.125 12.0514 3.2
      vertex 14.861 11.9213 8
      vertex 15.125 12.0514 8
    endloop
  endfacet
  facet normal -0.442042 0.896995 0
    outer loop
      vertex 14.861 11.9213 8
      vertex 15.125 12.0514 3.2
      vertex 14.861 11.9213 3.2
    endloop
  endfacet
  facet normal 0.442042 0.896995 -0
    outer loop
      vertex 13.139 11.9213 3.2
      vertex 12.875 12.0514 8
      vertex 13.139 11.9213 8
    endloop
  endfacet
  facet normal 0.442042 0.896995 0
    outer loop
      vertex 12.875 12.0514 8
      vertex 13.139 11.9213 3.2
      vertex 12.875 12.0514 3.2
    endloop
  endfacet
  facet normal 0.751966 -0.659202 0
    outer loop
      vertex 12.215 15.3697 8
      vertex 12.409 15.591 3.2
      vertex 12.409 15.591 8
    endloop
  endfacet
  facet normal 0.751966 -0.659202 0
    outer loop
      vertex 12.409 15.591 3.2
      vertex 12.215 15.3697 8
      vertex 12.215 15.3697 3.2
    endloop
  endfacet
  facet normal 0.896995 0.442042 0
    outer loop
      vertex 12.0514 12.875 8
      vertex 11.9213 13.139 3.2
      vertex 11.9213 13.139 8
    endloop
  endfacet
  facet normal 0.896995 0.442042 0
    outer loop
      vertex 11.9213 13.139 3.2
      vertex 12.0514 12.875 8
      vertex 12.0514 12.875 3.2
    endloop
  endfacet
  facet normal 0.831318 0.555797 0
    outer loop
      vertex 12.215 12.6303 8
      vertex 12.0514 12.875 3.2
      vertex 12.0514 12.875 8
    endloop
  endfacet
  facet normal 0.831318 0.555797 0
    outer loop
      vertex 12.0514 12.875 3.2
      vertex 12.215 12.6303 8
      vertex 12.215 12.6303 3.2
    endloop
  endfacet
  facet normal 0.555797 -0.831318 0
    outer loop
      vertex 12.6303 15.785 3.2
      vertex 12.875 15.9486 8
      vertex 12.6303 15.785 8
    endloop
  endfacet
  facet normal 0.555797 -0.831318 0
    outer loop
      vertex 12.875 15.9486 8
      vertex 12.6303 15.785 3.2
      vertex 12.875 15.9486 3.2
    endloop
  endfacet
  facet normal -0.831318 0.555797 0
    outer loop
      vertex 15.785 12.6303 3.2
      vertex 15.9486 12.875 8
      vertex 15.9486 12.875 3.2
    endloop
  endfacet
  facet normal -0.831318 0.555797 0
    outer loop
      vertex 15.9486 12.875 8
      vertex 15.785 12.6303 3.2
      vertex 15.785 12.6303 8
    endloop
  endfacet
  facet normal 0.0652336 0.99787 -0
    outer loop
      vertex 14 11.75 3.2
      vertex 13.7063 11.7692 8
      vertex 14 11.75 8
    endloop
  endfacet
  facet normal 0.0652336 0.99787 0
    outer loop
      vertex 13.7063 11.7692 8
      vertex 14 11.75 3.2
      vertex 13.7063 11.7692 3.2
    endloop
  endfacet
  facet normal 0.659202 -0.751966 0
    outer loop
      vertex 12.409 15.591 3.2
      vertex 12.6303 15.785 8
      vertex 12.409 15.591 8
    endloop
  endfacet
  facet normal 0.659202 -0.751966 0
    outer loop
      vertex 12.6303 15.785 8
      vertex 12.409 15.591 3.2
      vertex 12.6303 15.785 3.2
    endloop
  endfacet
  facet normal -0.555797 0.831318 0
    outer loop
      vertex 15.3697 12.215 3.2
      vertex 15.125 12.0514 8
      vertex 15.3697 12.215 8
    endloop
  endfacet
  facet normal -0.555797 0.831318 0
    outer loop
      vertex 15.125 12.0514 8
      vertex 15.3697 12.215 3.2
      vertex 15.125 12.0514 3.2
    endloop
  endfacet
  facet normal 0.980724 -0.195397 0
    outer loop
      vertex 11.7692 14.2937 8
      vertex 11.8267 14.5823 3.2
      vertex 11.8267 14.5823 8
    endloop
  endfacet
  facet normal 0.980724 -0.195397 0
    outer loop
      vertex 11.8267 14.5823 3.2
      vertex 11.7692 14.2937 8
      vertex 11.7692 14.2937 3.2
    endloop
  endfacet
  facet normal 0.0652336 -0.99787 0
    outer loop
      vertex 13.7063 16.2308 3.2
      vertex 14 16.25 8
      vertex 13.7063 16.2308 8
    endloop
  endfacet
  facet normal 0.0652336 -0.99787 0
    outer loop
      vertex 14 16.25 8
      vertex 13.7063 16.2308 3.2
      vertex 14 16.25 3.2
    endloop
  endfacet
  facet normal 0.321421 0.946936 -0
    outer loop
      vertex 13.4177 11.8267 3.2
      vertex 13.139 11.9213 8
      vertex 13.4177 11.8267 8
    endloop
  endfacet
  facet normal 0.321421 0.946936 0
    outer loop
      vertex 13.139 11.9213 8
      vertex 13.4177 11.8267 3.2
      vertex 13.139 11.9213 3.2
    endloop
  endfacet
  facet normal 0.980724 0.195397 0
    outer loop
      vertex 11.8267 13.4177 8
      vertex 11.7692 13.7063 3.2
      vertex 11.7692 13.7063 8
    endloop
  endfacet
  facet normal 0.980724 0.195397 0
    outer loop
      vertex 11.7692 13.7063 3.2
      vertex 11.8267 13.4177 8
      vertex 11.8267 13.4177 3.2
    endloop
  endfacet
  facet normal -0.0652336 -0.99787 0
    outer loop
      vertex 14 16.25 3.2
      vertex 14.2937 16.2308 8
      vertex 14 16.25 8
    endloop
  endfacet
  facet normal -0.0652336 -0.99787 -0
    outer loop
      vertex 14.2937 16.2308 8
      vertex 14 16.25 3.2
      vertex 14.2937 16.2308 3.2
    endloop
  endfacet
  facet normal 0.195397 0.980724 -0
    outer loop
      vertex 13.7063 11.7692 3.2
      vertex 13.4177 11.8267 8
      vertex 13.7063 11.7692 8
    endloop
  endfacet
  facet normal 0.195397 0.980724 0
    outer loop
      vertex 13.4177 11.8267 8
      vertex 13.7063 11.7692 3.2
      vertex 13.4177 11.8267 3.2
    endloop
  endfacet
  facet normal 0.831318 -0.555797 0
    outer loop
      vertex 12.0514 15.125 8
      vertex 12.215 15.3697 3.2
      vertex 12.215 15.3697 8
    endloop
  endfacet
  facet normal 0.831318 -0.555797 0
    outer loop
      vertex 12.215 15.3697 3.2
      vertex 12.0514 15.125 8
      vertex 12.0514 15.125 3.2
    endloop
  endfacet
  facet normal -0.853853 -0.0560346 -0.517489
    outer loop
      vertex 18.1541 14.5379 0
      vertex 18.1894 14 0
      vertex 16.25 14 3.2
    endloop
  endfacet
  facet normal 0.810234 0.275157 -0.517503
    outer loop
      vertex 11.9213 13.139 3.2
      vertex 10.9694 12.7447 1.5
      vertex 10.8773 13.0159 1.5
    endloop
  endfacet
  facet normal 0.767439 -0.378492 -0.517475
    outer loop
      vertex 11.1592 15.6402 1.5
      vertex 12.0514 15.125 3.2
      vertex 11.0325 15.3833 1.5
    endloop
  endfacet
  facet normal 0.166783 0.839294 -0.517463
    outer loop
      vertex 13.7063 11.7692 3.2
      vertex 13.5718 10.7478 1.5
      vertex 13.291 10.8036 1.5
    endloop
  endfacet
  facet normal 0.643218 -0.564347 -0.517477
    outer loop
      vertex 11.6805 16.3195 1.5
      vertex 12.409 15.591 3.2
      vertex 11.4916 16.1042 1.5
    endloop
  endfacet
  facet normal -0.811522 -0.270507 -0.517937
    outer loop
      vertex 18.0466 15.0843 0
      vertex 16.0787 14.861 3.2
      vertex 18.0438 15.0927 0
    endloop
  endfacet
  facet normal -0.810283 -0.275037 -0.517491
    outer loop
      vertex 16.0787 14.861 3.2
      vertex 18.0466 15.0843 0
      vertex 16.1733 14.5823 3.2
    endloop
  endfacet
  facet normal 0.853844 -0.0563633 -0.517469
    outer loop
      vertex 11.7692 14.2937 3.2
      vertex 10.7384 14.2858 1.5
      vertex 10.7478 14.4282 1.5
    endloop
  endfacet
  facet normal 0.853869 -0.0558198 -0.517486
    outer loop
      vertex 10.7384 14.2858 1.5
      vertex 11.7692 14.2937 3.2
      vertex 11.75 14 3.2
    endloop
  endfacet
  facet normal 0.810234 -0.275157 -0.517503
    outer loop
      vertex 10.9694 15.2553 1.5
      vertex 11.9213 14.861 3.2
      vertex 10.8773 14.9841 1.5
    endloop
  endfacet
  facet normal -0.767541 0.378246 -0.517504
    outer loop
      vertex 17.8705 12.3968 0
      vertex 15.9486 12.875 3.2
      vertex 16.0787 13.139 3.2
    endloop
  endfacet
  facet normal -0.768962 0.374869 -0.517853
    outer loop
      vertex 15.9486 12.875 3.2
      vertex 17.8705 12.3968 0
      vertex 17.8666 12.3888 0
    endloop
  endfacet
  facet normal 0.378246 0.767539 -0.517507
    outer loop
      vertex 12.7447 10.9694 1.5
      vertex 12.875 12.0514 3.2
      vertex 13.139 11.9213 3.2
    endloop
  endfacet
  facet normal 0.378353 0.767498 -0.51749
    outer loop
      vertex 12.875 12.0514 3.2
      vertex 12.7447 10.9694 1.5
      vertex 12.6167 11.0325 1.5
    endloop
  endfacet
  facet normal 0.711359 0.475596 -0.517472
    outer loop
      vertex 12.215 12.6303 3.2
      vertex 11.1592 12.3598 1.5
      vertex 12.0514 12.875 3.2
    endloop
  endfacet
  facet normal 0.711342 0.475628 -0.517466
    outer loop
      vertex 11.1592 12.3598 1.5
      vertex 12.215 12.6303 3.2
      vertex 11.2385 12.2412 1.5
    endloop
  endfacet
  facet normal 0.83918 -0.167237 -0.517502
    outer loop
      vertex 11.8267 14.5823 3.2
      vertex 10.8036 14.709 1.5
      vertex 10.8315 14.849 1.5
    endloop
  endfacet
  facet normal 0.839187 -0.167198 -0.517504
    outer loop
      vertex 10.8036 14.709 1.5
      vertex 11.8267 14.5823 3.2
      vertex 11.7692 14.2937 3.2
    endloop
  endfacet
  facet normal -0.275064 -0.810259 -0.517513
    outer loop
      vertex 15.1523 17.0656 1.5
      vertex 14.861 16.0787 3.2
      vertex 14.9841 17.1227 1.5
    endloop
  endfacet
  facet normal -0.275061 -0.810264 -0.517508
    outer loop
      vertex 15.6032 17.8705 0
      vertex 15.0036 17.2881 1.23056
      vertex 15.0927 18.0438 0
    endloop
  endfacet
  facet normal -0.275363 -0.810161 -0.517507
    outer loop
      vertex 15.1523 17.0656 1.5
      vertex 15.6032 17.8705 0
      vertex 14.861 16.0787 3.2
    endloop
  endfacet
  facet normal -0.274893 -0.810348 -0.517465
    outer loop
      vertex 15.0036 17.2881 1.23056
      vertex 15.6032 17.8705 0
      vertex 15.1523 17.0656 1.5
    endloop
  endfacet
  facet normal -0.378546 -0.767409 -0.517481
    outer loop
      vertex 15.6112 17.8666 0
      vertex 16.0947 17.6281 0
      vertex 15.125 15.9486 3.2
    endloop
  endfacet
  facet normal -0.767409 0.378546 -0.517481
    outer loop
      vertex 17.8666 12.3888 0
      vertex 17.6281 11.9053 0
      vertex 15.9486 12.875 3.2
    endloop
  endfacet
  facet normal 0.853863 -0.0558686 -0.517491
    outer loop
      vertex 10.7384 14.2858 1.5
      vertex 11.75 14 3.2
      vertex 10.7197 14 1.5
    endloop
  endfacet
  facet normal -0.0558686 -0.853863 -0.517491
    outer loop
      vertex 14 17.2803 1.5
      vertex 14.2858 17.2616 1.5
      vertex 14 16.25 3.2
    endloop
  endfacet
  facet normal -0.0562095 -0.853867 -0.517447
    outer loop
      vertex 14.5379 18.1541 0
      vertex 14.4849 17.9664 0.315491
      vertex 14.307 18.1693 0
    endloop
  endfacet
  facet normal -0.378546 0.767409 -0.517481
    outer loop
      vertex 16.0947 10.3719 0
      vertex 15.6112 10.1334 0
      vertex 15.125 12.0514 3.2
    endloop
  endfacet
  facet normal 0.839294 -0.166783 -0.517463
    outer loop
      vertex 10.8036 14.709 1.5
      vertex 11.7692 14.2937 3.2
      vertex 10.7478 14.4282 1.5
    endloop
  endfacet
  facet normal -0.475596 -0.711359 -0.517472
    outer loop
      vertex 16.0947 17.6281 0
      vertex 15.3697 15.785 3.2
      vertex 15.125 15.9486 3.2
    endloop
  endfacet
  facet normal -0.472308 -0.713282 -0.517836
    outer loop
      vertex 15.3697 15.785 3.2
      vertex 16.0947 17.6281 0
      vertex 16.1021 17.6232 0
    endloop
  endfacet
  facet normal 0.378492 -0.767439 -0.517475
    outer loop
      vertex 12.6167 16.9675 1.5
      vertex 12.875 15.9486 3.2
      vertex 12.3598 16.8408 1.5
    endloop
  endfacet
  facet normal -0.839239 -0.166991 -0.517486
    outer loop
      vertex 18.0484 15.0755 0
      vertex 18.1536 14.5468 0
      vertex 16.2308 14.2937 3.2
    endloop
  endfacet
  facet normal 0.767539 0.378246 -0.517507
    outer loop
      vertex 12.0514 12.875 3.2
      vertex 10.9694 12.7447 1.5
      vertex 11.9213 13.139 3.2
    endloop
  endfacet
  facet normal 0.767498 0.378353 -0.51749
    outer loop
      vertex 10.9694 12.7447 1.5
      vertex 12.0514 12.875 3.2
      vertex 11.0325 12.6167 1.5
    endloop
  endfacet
  facet normal 0.564347 -0.643218 -0.517477
    outer loop
      vertex 11.8958 16.5084 1.5
      vertex 12.409 15.591 3.2
      vertex 11.6805 16.3195 1.5
    endloop
  endfacet
  facet normal -0.378246 -0.767541 -0.517504
    outer loop
      vertex 15.6032 17.8705 0
      vertex 15.125 15.9486 3.2
      vertex 14.861 16.0787 3.2
    endloop
  endfacet
  facet normal -0.374869 -0.768962 -0.517853
    outer loop
      vertex 15.125 15.9486 3.2
      vertex 15.6032 17.8705 0
      vertex 15.6112 17.8666 0
    endloop
  endfacet
  facet normal 0.378353 -0.767498 -0.51749
    outer loop
      vertex 12.7447 17.0306 1.5
      vertex 12.875 15.9486 3.2
      vertex 12.6167 16.9675 1.5
    endloop
  endfacet
  facet normal 0.378246 -0.767539 -0.517507
    outer loop
      vertex 12.875 15.9486 3.2
      vertex 12.7447 17.0306 1.5
      vertex 13.139 16.0787 3.2
    endloop
  endfacet
  facet normal 0.0558686 0.853863 -0.517491
    outer loop
      vertex 14 11.75 3.2
      vertex 14 10.7197 1.5
      vertex 13.7142 10.7384 1.5
    endloop
  endfacet
  facet normal -0.711458 -0.475417 -0.517499
    outer loop
      vertex 17.3237 16.5503 0
      vertex 17.6232 16.1021 0
      vertex 15.785 15.3697 3.2
    endloop
  endfacet
  facet normal -0.643444 0.564067 -0.517502
    outer loop
      vertex 17.3237 11.4497 0
      vertex 15.591 12.409 3.2
      vertex 15.785 12.6303 3.2
    endloop
  endfacet
  facet normal -0.642266 0.565578 -0.517317
    outer loop
      vertex 15.591 12.409 3.2
      vertex 17.3237 11.4497 0
      vertex 17.3178 11.443 0
    endloop
  endfacet
  facet normal -0.374869 0.768962 -0.517853
    outer loop
      vertex 15.6032 10.1295 0
      vertex 15.125 12.0514 3.2
      vertex 15.6112 10.1334 0
    endloop
  endfacet
  facet normal -0.378246 0.767541 -0.517504
    outer loop
      vertex 15.125 12.0514 3.2
      vertex 15.6032 10.1295 0
      vertex 14.861 11.9213 3.2
    endloop
  endfacet
  facet normal -0.6433 -0.564256 -0.517475
    outer loop
      vertex 16.9623 16.9623 0
      vertex 17.3178 16.557 0
      vertex 15.591 15.591 3.2
    endloop
  endfacet
  facet normal -0.475417 0.711458 -0.517499
    outer loop
      vertex 16.5503 10.6763 0
      vertex 16.1021 10.3768 0
      vertex 15.3697 12.215 3.2
    endloop
  endfacet
  facet normal 0.167237 -0.83918 -0.517502
    outer loop
      vertex 13.291 17.1964 1.5
      vertex 13.4177 16.1733 3.2
      vertex 13.151 17.1685 1.5
    endloop
  endfacet
  facet normal 0.167198 -0.839187 -0.517504
    outer loop
      vertex 13.4177 16.1733 3.2
      vertex 13.291 17.1964 1.5
      vertex 13.7063 16.2308 3.2
    endloop
  endfacet
  facet normal 0.839294 0.166783 -0.517463
    outer loop
      vertex 11.7692 13.7063 3.2
      vertex 10.8036 13.291 1.5
      vertex 10.7478 13.5718 1.5
    endloop
  endfacet
  facet normal -0.0558686 0.853863 -0.517491
    outer loop
      vertex 14 11.75 3.2
      vertex 14.2858 10.7384 1.5
      vertex 14 10.7197 1.5
    endloop
  endfacet
  facet normal -0.0559496 0.85385 -0.517503
    outer loop
      vertex 14.4849 10.0336 0.31549
      vertex 14.5379 9.84586 0
      vertex 14.307 9.83073 0
    endloop
  endfacet
  facet normal -0.853853 0.0560346 -0.517489
    outer loop
      vertex 18.1894 14 0
      vertex 18.1541 13.4621 0
      vertex 16.25 14 3.2
    endloop
  endfacet
  facet normal 0.166783 -0.839294 -0.517463
    outer loop
      vertex 13.5718 17.2522 1.5
      vertex 13.7063 16.2308 3.2
      vertex 13.291 17.1964 1.5
    endloop
  endfacet
  facet normal -0.167237 0.83918 -0.517502
    outer loop
      vertex 14.709 10.8036 1.5
      vertex 14.5823 11.8267 3.2
      vertex 14.849 10.8315 1.5
    endloop
  endfacet
  facet normal -0.167198 0.839187 -0.517504
    outer loop
      vertex 14.5823 11.8267 3.2
      vertex 14.709 10.8036 1.5
      vertex 14.2937 11.7692 3.2
    endloop
  endfacet
  facet normal -0.166738 0.839299 -0.517471
    outer loop
      vertex 15.0843 9.95336 0
      vertex 14.8484 10.4796 0.929533
      vertex 14.9161 10.5809 1.07202
    endloop
  endfacet
  facet normal -0.165991 0.839495 -0.517392
    outer loop
      vertex 14.8484 10.4796 0.929533
      vertex 15.0843 9.95336 0
      vertex 15.0755 9.95162 0
    endloop
  endfacet
  facet normal 0.81028 0.275036 -0.517496
    outer loop
      vertex 11.9213 13.139 3.2
      vertex 10.8315 13.151 1.5
      vertex 11.8267 13.4177 3.2
    endloop
  endfacet
  facet normal 0.810356 0.274717 -0.517546
    outer loop
      vertex 10.8315 13.151 1.5
      vertex 11.9213 13.139 3.2
      vertex 10.8773 13.0159 1.5
    endloop
  endfacet
  facet normal -0.564067 -0.643444 -0.517502
    outer loop
      vertex 16.5503 17.3237 0
      vertex 15.591 15.591 3.2
      vertex 15.3697 15.785 3.2
    endloop
  endfacet
  facet normal -0.565578 -0.642266 -0.517317
    outer loop
      vertex 15.591 15.591 3.2
      vertex 16.5503 17.3237 0
      vertex 16.557 17.3178 0
    endloop
  endfacet
  facet normal 0.378492 0.767439 -0.517475
    outer loop
      vertex 12.875 12.0514 3.2
      vertex 12.6167 11.0325 1.5
      vertex 12.3598 11.1592 1.5
    endloop
  endfacet
  facet normal 0.767498 -0.378353 -0.51749
    outer loop
      vertex 12.0514 15.125 3.2
      vertex 10.9694 15.2553 1.5
      vertex 11.0325 15.3833 1.5
    endloop
  endfacet
  facet normal 0.767539 -0.378246 -0.517507
    outer loop
      vertex 10.9694 15.2553 1.5
      vertex 12.0514 15.125 3.2
      vertex 11.9213 14.861 3.2
    endloop
  endfacet
  facet normal -0.6433 0.564256 -0.517475
    outer loop
      vertex 17.3178 11.443 0
      vertex 16.9623 11.0377 0
      vertex 15.591 12.409 3.2
    endloop
  endfacet
  facet normal 0.0558686 -0.853863 -0.517491
    outer loop
      vertex 14 17.2803 1.5
      vertex 14 16.25 3.2
      vertex 13.7142 17.2616 1.5
    endloop
  endfacet
  facet normal 0.767439 0.378492 -0.517475
    outer loop
      vertex 12.0514 12.875 3.2
      vertex 11.1592 12.3598 1.5
      vertex 11.0325 12.6167 1.5
    endloop
  endfacet
  facet normal 0.275157 0.810234 -0.517503
    outer loop
      vertex 13.139 11.9213 3.2
      vertex 13.0159 10.8773 1.5
      vertex 12.7447 10.9694 1.5
    endloop
  endfacet
  facet normal -0.275363 0.810161 -0.517507
    outer loop
      vertex 15.6032 10.1295 0
      vertex 15.1523 10.9344 1.5
      vertex 14.861 11.9213 3.2
    endloop
  endfacet
  facet normal -0.274893 0.810348 -0.517465
    outer loop
      vertex 15.6032 10.1295 0
      vertex 15.0036 10.7119 1.23056
      vertex 15.1523 10.9344 1.5
    endloop
  endfacet
  facet normal -0.275034 0.810277 -0.517501
    outer loop
      vertex 15.0036 10.7119 1.23056
      vertex 15.6032 10.1295 0
      vertex 15.0927 9.95622 0
    endloop
  endfacet
  facet normal -0.275064 0.810259 -0.517513
    outer loop
      vertex 14.861 11.9213 3.2
      vertex 15.1523 10.9344 1.5
      vertex 14.9841 10.8773 1.5
    endloop
  endfacet
  facet normal -0.810269 0.275063 -0.517498
    outer loop
      vertex 18.0438 12.9073 0
      vertex 17.8705 12.3968 0
      vertex 16.0787 13.139 3.2
    endloop
  endfacet
  facet normal 0.563838 -0.643615 -0.517538
    outer loop
      vertex 12.0031 16.6024 1.5
      vertex 12.409 15.591 3.2
      vertex 11.8958 16.5084 1.5
    endloop
  endfacet
  facet normal 0.564071 -0.643448 -0.517494
    outer loop
      vertex 12.409 15.591 3.2
      vertex 12.0031 16.6024 1.5
      vertex 12.6303 15.785 3.2
    endloop
  endfacet
  facet normal -0.0563633 0.853844 -0.517469
    outer loop
      vertex 14.2858 10.7384 1.5
      vertex 14.2937 11.7692 3.2
      vertex 14.4282 10.7478 1.5
    endloop
  endfacet
  facet normal -0.0558198 0.853869 -0.517486
    outer loop
      vertex 14.2937 11.7692 3.2
      vertex 14.2858 10.7384 1.5
      vertex 14 11.75 3.2
    endloop
  endfacet
  facet normal -0.0564546 0.85379 -0.517548
    outer loop
      vertex 14.5468 9.84645 0
      vertex 14.4849 10.0336 0.31549
      vertex 14.5173 10.0706 0.372994
    endloop
  endfacet
  facet normal -0.0565982 0.85377 -0.517565
    outer loop
      vertex 14.4849 10.0336 0.31549
      vertex 14.5468 9.84645 0
      vertex 14.5379 9.84586 0
    endloop
  endfacet
  facet normal -0.810283 0.275037 -0.517491
    outer loop
      vertex 18.0466 12.9157 0
      vertex 16.0787 13.139 3.2
      vertex 16.1733 13.4177 3.2
    endloop
  endfacet
  facet normal -0.811522 0.270507 -0.517937
    outer loop
      vertex 16.0787 13.139 3.2
      vertex 18.0466 12.9157 0
      vertex 18.0438 12.9073 0
    endloop
  endfacet
  facet normal -0.275036 -0.81028 -0.517496
    outer loop
      vertex 14.849 17.1685 1.5
      vertex 14.861 16.0787 3.2
      vertex 14.5823 16.1733 3.2
    endloop
  endfacet
  facet normal -0.274717 -0.810356 -0.517546
    outer loop
      vertex 14.861 16.0787 3.2
      vertex 14.849 17.1685 1.5
      vertex 14.9841 17.1227 1.5
    endloop
  endfacet
  facet normal -0.270574 -0.811721 -0.517589
    outer loop
      vertex 15.0927 18.0438 0
      vertex 14.9161 17.4191 1.07202
      vertex 15.0843 18.0466 0
    endloop
  endfacet
  facet normal -0.275348 -0.810184 -0.51748
    outer loop
      vertex 14.9161 17.4191 1.07202
      vertex 15.0927 18.0438 0
      vertex 15.0036 17.2881 1.23056
    endloop
  endfacet
  facet normal -0.642266 -0.565578 -0.517317
    outer loop
      vertex 17.3237 16.5503 0
      vertex 15.591 15.591 3.2
      vertex 17.3178 16.557 0
    endloop
  endfacet
  facet normal -0.643444 -0.564067 -0.517502
    outer loop
      vertex 15.591 15.591 3.2
      vertex 17.3237 16.5503 0
      vertex 15.785 15.3697 3.2
    endloop
  endfacet
  facet normal -0.167198 -0.839187 -0.517504
    outer loop
      vertex 14.709 17.1964 1.5
      vertex 14.5823 16.1733 3.2
      vertex 14.2937 16.2308 3.2
    endloop
  endfacet
  facet normal -0.167237 -0.83918 -0.517502
    outer loop
      vertex 14.5823 16.1733 3.2
      vertex 14.709 17.1964 1.5
      vertex 14.849 17.1685 1.5
    endloop
  endfacet
  facet normal -0.171424 -0.838071 -0.517929
    outer loop
      vertex 15.0843 18.0466 0
      vertex 14.8484 17.5204 0.929533
      vertex 15.0755 18.0484 0
    endloop
  endfacet
  facet normal -0.166788 -0.839302 -0.517449
    outer loop
      vertex 14.8484 17.5204 0.929533
      vertex 15.0843 18.0466 0
      vertex 14.9161 17.4191 1.07202
    endloop
  endfacet
  facet normal 0.643448 0.564071 -0.517494
    outer loop
      vertex 12.409 12.409 3.2
      vertex 11.3976 12.0031 1.5
      vertex 12.215 12.6303 3.2
    endloop
  endfacet
  facet normal 0.643615 0.563838 -0.517538
    outer loop
      vertex 11.3976 12.0031 1.5
      vertex 12.409 12.409 3.2
      vertex 11.4916 11.8958 1.5
    endloop
  endfacet
  facet normal -0.767409 -0.378546 -0.517481
    outer loop
      vertex 17.6281 16.0947 0
      vertex 17.8666 15.6112 0
      vertex 15.9486 15.125 3.2
    endloop
  endfacet
  facet normal 0.0563633 -0.853844 -0.517469
    outer loop
      vertex 13.7142 17.2616 1.5
      vertex 13.7063 16.2308 3.2
      vertex 13.5718 17.2522 1.5
    endloop
  endfacet
  facet normal 0.0558198 -0.853869 -0.517486
    outer loop
      vertex 13.7063 16.2308 3.2
      vertex 13.7142 17.2616 1.5
      vertex 14 16.25 3.2
    endloop
  endfacet
  facet normal 0.564071 0.643448 -0.517494
    outer loop
      vertex 12.0031 11.3976 1.5
      vertex 12.409 12.409 3.2
      vertex 12.6303 12.215 3.2
    endloop
  endfacet
  facet normal 0.563838 0.643615 -0.517538
    outer loop
      vertex 12.409 12.409 3.2
      vertex 12.0031 11.3976 1.5
      vertex 11.8958 11.4916 1.5
    endloop
  endfacet
  facet normal 0.643615 -0.563838 -0.517538
    outer loop
      vertex 12.409 15.591 3.2
      vertex 11.3976 15.9969 1.5
      vertex 11.4916 16.1042 1.5
    endloop
  endfacet
  facet normal 0.643448 -0.564071 -0.517494
    outer loop
      vertex 11.3976 15.9969 1.5
      vertex 12.409 15.591 3.2
      vertex 12.215 15.3697 3.2
    endloop
  endfacet
  facet normal 0.810356 -0.274717 -0.517546
    outer loop
      vertex 11.9213 14.861 3.2
      vertex 10.8315 14.849 1.5
      vertex 10.8773 14.9841 1.5
    endloop
  endfacet
  facet normal 0.81028 -0.275036 -0.517496
    outer loop
      vertex 10.8315 14.849 1.5
      vertex 11.9213 14.861 3.2
      vertex 11.8267 14.5823 3.2
    endloop
  endfacet
  facet normal -0.564256 0.6433 -0.517475
    outer loop
      vertex 16.9623 11.0377 0
      vertex 16.557 10.6822 0
      vertex 15.591 12.409 3.2
    endloop
  endfacet
  facet normal -0.768962 -0.374869 -0.517853
    outer loop
      vertex 17.8705 15.6032 0
      vertex 15.9486 15.125 3.2
      vertex 17.8666 15.6112 0
    endloop
  endfacet
  facet normal -0.767541 -0.378246 -0.517504
    outer loop
      vertex 15.9486 15.125 3.2
      vertex 17.8705 15.6032 0
      vertex 16.0787 14.861 3.2
    endloop
  endfacet
  facet normal 0.475628 -0.711342 -0.517466
    outer loop
      vertex 12.3598 16.8408 1.5
      vertex 12.6303 15.785 3.2
      vertex 12.2412 16.7615 1.5
    endloop
  endfacet
  facet normal 0.475596 -0.711359 -0.517472
    outer loop
      vertex 12.6303 15.785 3.2
      vertex 12.3598 16.8408 1.5
      vertex 12.875 15.9486 3.2
    endloop
  endfacet
  facet normal -0.472308 0.713282 -0.517836
    outer loop
      vertex 16.0947 10.3719 0
      vertex 15.3697 12.215 3.2
      vertex 16.1021 10.3768 0
    endloop
  endfacet
  facet normal -0.475596 0.711359 -0.517472
    outer loop
      vertex 15.3697 12.215 3.2
      vertex 16.0947 10.3719 0
      vertex 15.125 12.0514 3.2
    endloop
  endfacet
  facet normal 0.564347 0.643218 -0.517477
    outer loop
      vertex 12.409 12.409 3.2
      vertex 11.8958 11.4916 1.5
      vertex 11.6805 11.6805 1.5
    endloop
  endfacet
  facet normal -0.0558198 -0.853869 -0.517486
    outer loop
      vertex 14.2858 17.2616 1.5
      vertex 14.2937 16.2308 3.2
      vertex 14 16.25 3.2
    endloop
  endfacet
  facet normal -0.0563633 -0.853844 -0.517469
    outer loop
      vertex 14.2937 16.2308 3.2
      vertex 14.2858 17.2616 1.5
      vertex 14.4282 17.2522 1.5
    endloop
  endfacet
  facet normal -0.0480251 -0.854846 -0.516655
    outer loop
      vertex 14.5468 18.1536 0
      vertex 14.4849 17.9664 0.315491
      vertex 14.5379 18.1541 0
    endloop
  endfacet
  facet normal -0.0562763 -0.853754 -0.517626
    outer loop
      vertex 14.4849 17.9664 0.315491
      vertex 14.5468 18.1536 0
      vertex 14.5173 17.9294 0.372995
    endloop
  endfacet
  facet normal -0.713282 -0.472308 -0.517836
    outer loop
      vertex 17.6281 16.0947 0
      vertex 15.785 15.3697 3.2
      vertex 17.6232 16.1021 0
    endloop
  endfacet
  facet normal -0.711359 -0.475596 -0.517472
    outer loop
      vertex 15.785 15.3697 3.2
      vertex 17.6281 16.0947 0
      vertex 15.9486 15.125 3.2
    endloop
  endfacet
  facet normal -0.838256 -0.171461 -0.517618
    outer loop
      vertex 18.0484 15.0755 0
      vertex 16.1733 14.5823 3.2
      vertex 18.0466 15.0843 0
    endloop
  endfacet
  facet normal -0.839186 -0.167197 -0.517506
    outer loop
      vertex 16.1733 14.5823 3.2
      vertex 18.0484 15.0755 0
      vertex 16.2308 14.2937 3.2
    endloop
  endfacet
  facet normal -0.810269 -0.275063 -0.517498
    outer loop
      vertex 17.8705 15.6032 0
      vertex 18.0438 15.0927 0
      vertex 16.0787 14.861 3.2
    endloop
  endfacet
  facet normal 0.853863 0.0558686 -0.517491
    outer loop
      vertex 11.75 14 3.2
      vertex 10.7384 13.7142 1.5
      vertex 10.7197 14 1.5
    endloop
  endfacet
  facet normal -0.274717 0.810356 -0.517546
    outer loop
      vertex 14.849 10.8315 1.5
      vertex 14.861 11.9213 3.2
      vertex 14.9841 10.8773 1.5
    endloop
  endfacet
  facet normal -0.275036 0.81028 -0.517496
    outer loop
      vertex 14.861 11.9213 3.2
      vertex 14.849 10.8315 1.5
      vertex 14.5823 11.8267 3.2
    endloop
  endfacet
  facet normal -0.275369 0.810184 -0.517468
    outer loop
      vertex 15.0927 9.95622 0
      vertex 14.9161 10.5809 1.07202
      vertex 15.0036 10.7119 1.23056
    endloop
  endfacet
  facet normal -0.275801 0.810044 -0.517458
    outer loop
      vertex 14.9161 10.5809 1.07202
      vertex 15.0927 9.95622 0
      vertex 15.0843 9.95336 0
    endloop
  endfacet
  facet normal -0.839239 0.166991 -0.517486
    outer loop
      vertex 18.1536 13.4532 0
      vertex 18.0484 12.9245 0
      vertex 16.2308 13.7063 3.2
    endloop
  endfacet
  facet normal -0.85388 0.0558205 -0.517468
    outer loop
      vertex 18.1541 13.4621 0
      vertex 16.2308 13.7063 3.2
      vertex 16.25 14 3.2
    endloop
  endfacet
  facet normal -0.854493 0.0480052 -0.51724
    outer loop
      vertex 16.2308 13.7063 3.2
      vertex 18.1541 13.4621 0
      vertex 18.1536 13.4532 0
    endloop
  endfacet
  facet normal 0.275036 0.81028 -0.517496
    outer loop
      vertex 13.151 10.8315 1.5
      vertex 13.139 11.9213 3.2
      vertex 13.4177 11.8267 3.2
    endloop
  endfacet
  facet normal 0.274717 0.810356 -0.517546
    outer loop
      vertex 13.139 11.9213 3.2
      vertex 13.151 10.8315 1.5
      vertex 13.0159 10.8773 1.5
    endloop
  endfacet
  facet normal 0.643218 0.564347 -0.517477
    outer loop
      vertex 12.409 12.409 3.2
      vertex 11.6805 11.6805 1.5
      vertex 11.4916 11.8958 1.5
    endloop
  endfacet
  facet normal -0.166783 -0.839294 -0.517463
    outer loop
      vertex 14.4282 17.2522 1.5
      vertex 14.709 17.1964 1.5
      vertex 14.2937 16.2308 3.2
    endloop
  endfacet
  facet normal -0.166976 -0.839165 -0.517612
    outer loop
      vertex 15.0755 18.0484 0
      vertex 14.5173 17.9294 0.372995
      vertex 14.5468 18.1536 0
    endloop
  endfacet
  facet normal -0.166839 -0.839293 -0.517448
    outer loop
      vertex 14.5173 17.9294 0.372995
      vertex 15.0755 18.0484 0
      vertex 14.7601 17.6526 0.743675
    endloop
  endfacet
  facet normal -0.167123 -0.839194 -0.517516
    outer loop
      vertex 14.7601 17.6526 0.743675
      vertex 15.0755 18.0484 0
      vertex 14.8484 17.5204 0.929533
    endloop
  endfacet
  facet normal 0.71147 -0.475409 -0.51749
    outer loop
      vertex 11.3976 15.9969 1.5
      vertex 12.215 15.3697 3.2
      vertex 11.2385 15.7588 1.5
    endloop
  endfacet
  facet normal -0.711458 0.475417 -0.517499
    outer loop
      vertex 17.6232 11.8979 0
      vertex 17.3237 11.4497 0
      vertex 15.785 12.6303 3.2
    endloop
  endfacet
  facet normal -0.711359 0.475596 -0.517472
    outer loop
      vertex 17.6281 11.9053 0
      vertex 15.785 12.6303 3.2
      vertex 15.9486 12.875 3.2
    endloop
  endfacet
  facet normal -0.713282 0.472308 -0.517836
    outer loop
      vertex 15.785 12.6303 3.2
      vertex 17.6281 11.9053 0
      vertex 17.6232 11.8979 0
    endloop
  endfacet
  facet normal 0.711342 -0.475628 -0.517466
    outer loop
      vertex 12.215 15.3697 3.2
      vertex 11.1592 15.6402 1.5
      vertex 11.2385 15.7588 1.5
    endloop
  endfacet
  facet normal 0.711359 -0.475596 -0.517472
    outer loop
      vertex 11.1592 15.6402 1.5
      vertex 12.215 15.3697 3.2
      vertex 12.0514 15.125 3.2
    endloop
  endfacet
  facet normal 0.853869 0.0558198 -0.517486
    outer loop
      vertex 11.7692 13.7063 3.2
      vertex 10.7384 13.7142 1.5
      vertex 11.75 14 3.2
    endloop
  endfacet
  facet normal 0.853844 0.0563633 -0.517469
    outer loop
      vertex 10.7384 13.7142 1.5
      vertex 11.7692 13.7063 3.2
      vertex 10.7478 13.5718 1.5
    endloop
  endfacet
  facet normal 0.0558198 0.853869 -0.517486
    outer loop
      vertex 13.7142 10.7384 1.5
      vertex 13.7063 11.7692 3.2
      vertex 14 11.75 3.2
    endloop
  endfacet
  facet normal 0.0563633 0.853844 -0.517469
    outer loop
      vertex 13.7063 11.7692 3.2
      vertex 13.7142 10.7384 1.5
      vertex 13.5718 10.7478 1.5
    endloop
  endfacet
  facet normal 0.274717 -0.810356 -0.517546
    outer loop
      vertex 13.151 17.1685 1.5
      vertex 13.139 16.0787 3.2
      vertex 13.0159 17.1227 1.5
    endloop
  endfacet
  facet normal 0.275036 -0.81028 -0.517496
    outer loop
      vertex 13.139 16.0787 3.2
      vertex 13.151 17.1685 1.5
      vertex 13.4177 16.1733 3.2
    endloop
  endfacet
  facet normal -0.854493 -0.0480052 -0.51724
    outer loop
      vertex 18.1541 14.5379 0
      vertex 16.2308 14.2937 3.2
      vertex 18.1536 14.5468 0
    endloop
  endfacet
  facet normal -0.85388 -0.0558205 -0.517468
    outer loop
      vertex 16.2308 14.2937 3.2
      vertex 18.1541 14.5379 0
      vertex 16.25 14 3.2
    endloop
  endfacet
  facet normal -0.839186 0.167197 -0.517506
    outer loop
      vertex 18.0484 12.9245 0
      vertex 16.1733 13.4177 3.2
      vertex 16.2308 13.7063 3.2
    endloop
  endfacet
  facet normal -0.838256 0.171461 -0.517618
    outer loop
      vertex 16.1733 13.4177 3.2
      vertex 18.0484 12.9245 0
      vertex 18.0466 12.9157 0
    endloop
  endfacet
  facet normal 0.475596 0.711359 -0.517472
    outer loop
      vertex 12.3598 11.1592 1.5
      vertex 12.6303 12.215 3.2
      vertex 12.875 12.0514 3.2
    endloop
  endfacet
  facet normal 0.475628 0.711342 -0.517466
    outer loop
      vertex 12.6303 12.215 3.2
      vertex 12.3598 11.1592 1.5
      vertex 12.2412 11.2385 1.5
    endloop
  endfacet
  facet normal 0.475409 0.71147 -0.51749
    outer loop
      vertex 12.6303 12.215 3.2
      vertex 12.2412 11.2385 1.5
      vertex 12.0031 11.3976 1.5
    endloop
  endfacet
  facet normal 0.275157 -0.810234 -0.517503
    outer loop
      vertex 13.0159 17.1227 1.5
      vertex 13.139 16.0787 3.2
      vertex 12.7447 17.0306 1.5
    endloop
  endfacet
  facet normal -0.564256 -0.6433 -0.517475
    outer loop
      vertex 16.557 17.3178 0
      vertex 16.9623 16.9623 0
      vertex 15.591 15.591 3.2
    endloop
  endfacet
  facet normal -0.565578 0.642266 -0.517317
    outer loop
      vertex 16.5503 10.6763 0
      vertex 15.591 12.409 3.2
      vertex 16.557 10.6822 0
    endloop
  endfacet
  facet normal -0.564067 0.643444 -0.517502
    outer loop
      vertex 15.591 12.409 3.2
      vertex 16.5503 10.6763 0
      vertex 15.3697 12.215 3.2
    endloop
  endfacet
  facet normal -0.166783 0.839294 -0.517463
    outer loop
      vertex 14.709 10.8036 1.5
      vertex 14.4282 10.7478 1.5
      vertex 14.2937 11.7692 3.2
    endloop
  endfacet
  facet normal -0.167141 0.839198 -0.517504
    outer loop
      vertex 15.0755 9.95162 0
      vertex 14.7601 10.3474 0.743673
      vertex 14.8484 10.4796 0.929533
    endloop
  endfacet
  facet normal -0.166861 0.839295 -0.517437
    outer loop
      vertex 15.0755 9.95162 0
      vertex 14.5173 10.0706 0.372994
      vertex 14.7601 10.3474 0.743673
    endloop
  endfacet
  facet normal -0.166939 0.839221 -0.517532
    outer loop
      vertex 14.5173 10.0706 0.372994
      vertex 15.0755 9.95162 0
      vertex 14.5468 9.84645 0
    endloop
  endfacet
  facet normal 0.475409 -0.71147 -0.51749
    outer loop
      vertex 12.2412 16.7615 1.5
      vertex 12.6303 15.785 3.2
      vertex 12.0031 16.6024 1.5
    endloop
  endfacet
  facet normal 0.839187 0.167198 -0.517504
    outer loop
      vertex 11.8267 13.4177 3.2
      vertex 10.8036 13.291 1.5
      vertex 11.7692 13.7063 3.2
    endloop
  endfacet
  facet normal 0.83918 0.167237 -0.517502
    outer loop
      vertex 10.8036 13.291 1.5
      vertex 11.8267 13.4177 3.2
      vertex 10.8315 13.151 1.5
    endloop
  endfacet
  facet normal 0.71147 0.475409 -0.51749
    outer loop
      vertex 12.215 12.6303 3.2
      vertex 11.3976 12.0031 1.5
      vertex 11.2385 12.2412 1.5
    endloop
  endfacet
  facet normal 0.167198 0.839187 -0.517504
    outer loop
      vertex 13.291 10.8036 1.5
      vertex 13.4177 11.8267 3.2
      vertex 13.7063 11.7692 3.2
    endloop
  endfacet
  facet normal 0.167237 0.83918 -0.517502
    outer loop
      vertex 13.4177 11.8267 3.2
      vertex 13.291 10.8036 1.5
      vertex 13.151 10.8315 1.5
    endloop
  endfacet
  facet normal -0.475417 -0.711458 -0.517499
    outer loop
      vertex 16.1021 17.6232 0
      vertex 16.5503 17.3237 0
      vertex 15.3697 15.785 3.2
    endloop
  endfacet
  facet normal -0.980397 -0.197031 0
    outer loop
      vertex 130.231 14.2937 3.2
      vertex 130.173 14.5823 8
      vertex 130.173 14.5823 3.2
    endloop
  endfacet
  facet normal -0.980397 -0.197031 0
    outer loop
      vertex 130.173 14.5823 8
      vertex 130.231 14.2937 3.2
      vertex 130.231 14.2937 8
    endloop
  endfacet
  facet normal -0.997914 -0.0645569 0
    outer loop
      vertex 130.25 14 3.2
      vertex 130.231 14.2937 8
      vertex 130.231 14.2937 3.2
    endloop
  endfacet
  facet normal -0.997914 -0.0645569 0
    outer loop
      vertex 130.231 14.2937 8
      vertex 130.25 14 3.2
      vertex 130.25 14 8
    endloop
  endfacet
  facet normal -0.947555 -0.319592 0
    outer loop
      vertex 130.173 14.5823 3.2
      vertex 130.079 14.861 8
      vertex 130.079 14.861 3.2
    endloop
  endfacet
  facet normal -0.947555 -0.319592 0
    outer loop
      vertex 130.079 14.861 8
      vertex 130.173 14.5823 3.2
      vertex 130.173 14.5823 8
    endloop
  endfacet
  facet normal -0.83069 -0.556735 0
    outer loop
      vertex 129.949 15.125 3.2
      vertex 129.785 15.3697 8
      vertex 129.785 15.3697 3.2
    endloop
  endfacet
  facet normal -0.83069 -0.556735 0
    outer loop
      vertex 129.785 15.3697 8
      vertex 129.949 15.125 3.2
      vertex 129.949 15.125 8
    endloop
  endfacet
  facet normal 0.659708 0.751522 -0
    outer loop
      vertex 126.63 12.215 3.2
      vertex 126.409 12.409 8
      vertex 126.63 12.215 8
    endloop
  endfacet
  facet normal 0.659708 0.751522 0
    outer loop
      vertex 126.409 12.409 8
      vertex 126.63 12.215 3.2
      vertex 126.409 12.409 3.2
    endloop
  endfacet
  facet normal -0.751966 0.659202 0
    outer loop
      vertex 129.591 12.409 3.2
      vertex 129.785 12.6303 8
      vertex 129.785 12.6303 3.2
    endloop
  endfacet
  facet normal -0.751966 0.659202 0
    outer loop
      vertex 129.785 12.6303 8
      vertex 129.591 12.409 3.2
      vertex 129.591 12.409 8
    endloop
  endfacet
  facet normal 0.997914 -0.0645569 0
    outer loop
      vertex 125.75 14 8
      vertex 125.769 14.2937 3.2
      vertex 125.769 14.2937 8
    endloop
  endfacet
  facet normal 0.997914 -0.0645569 0
    outer loop
      vertex 125.769 14.2937 3.2
      vertex 125.75 14 8
      vertex 125.75 14 3.2
    endloop
  endfacet
  facet normal -0.659708 -0.751522 0
    outer loop
      vertex 129.37 15.785 3.2
      vertex 129.591 15.591 8
      vertex 129.37 15.785 8
    endloop
  endfacet
  facet normal -0.659708 -0.751522 -0
    outer loop
      vertex 129.591 15.591 8
      vertex 129.37 15.785 3.2
      vertex 129.591 15.591 3.2
    endloop
  endfacet
  facet normal 0.442042 -0.896995 0
    outer loop
      vertex 126.875 15.9486 3.2
      vertex 127.139 16.0787 8
      vertex 126.875 15.9486 8
    endloop
  endfacet
  facet normal 0.442042 -0.896995 0
    outer loop
      vertex 127.139 16.0787 8
      vertex 126.875 15.9486 3.2
      vertex 127.139 16.0787 3.2
    endloop
  endfacet
  facet normal -0.442042 -0.896995 0
    outer loop
      vertex 128.861 16.0787 3.2
      vertex 129.125 15.9486 8
      vertex 128.861 16.0787 8
    endloop
  endfacet
  facet normal -0.442042 -0.896995 -0
    outer loop
      vertex 129.125 15.9486 8
      vertex 128.861 16.0787 3.2
      vertex 129.125 15.9486 3.2
    endloop
  endfacet
  facet normal -0.897129 0.441768 0
    outer loop
      vertex 129.949 12.875 3.2
      vertex 130.079 13.139 8
      vertex 130.079 13.139 3.2
    endloop
  endfacet
  facet normal -0.897129 0.441768 0
    outer loop
      vertex 130.079 13.139 8
      vertex 129.949 12.875 3.2
      vertex 129.949 12.875 8
    endloop
  endfacet
  facet normal -0.321112 0.947041 0
    outer loop
      vertex 128.861 11.9213 3.2
      vertex 128.582 11.8267 8
      vertex 128.861 11.9213 8
    endloop
  endfacet
  facet normal -0.321112 0.947041 0
    outer loop
      vertex 128.582 11.8267 8
      vertex 128.861 11.9213 3.2
      vertex 128.582 11.8267 3.2
    endloop
  endfacet
  facet normal -0.897129 -0.441768 0
    outer loop
      vertex 130.079 14.861 3.2
      vertex 129.949 15.125 8
      vertex 129.949 15.125 3.2
    endloop
  endfacet
  facet normal -0.897129 -0.441768 0
    outer loop
      vertex 129.949 15.125 8
      vertex 130.079 14.861 3.2
      vertex 130.079 14.861 8
    endloop
  endfacet
  facet normal 0.897129 -0.441768 0
    outer loop
      vertex 125.921 14.861 8
      vertex 126.051 15.125 3.2
      vertex 126.051 15.125 8
    endloop
  endfacet
  facet normal 0.897129 -0.441768 0
    outer loop
      vertex 126.051 15.125 3.2
      vertex 125.921 14.861 8
      vertex 125.921 14.861 3.2
    endloop
  endfacet
  facet normal -0.751966 -0.659202 0
    outer loop
      vertex 129.785 15.3697 3.2
      vertex 129.591 15.591 8
      vertex 129.591 15.591 3.2
    endloop
  endfacet
  facet normal -0.751966 -0.659202 0
    outer loop
      vertex 129.591 15.591 8
      vertex 129.785 15.3697 3.2
      vertex 129.785 15.3697 8
    endloop
  endfacet
  facet normal -0.980397 0.197031 0
    outer loop
      vertex 130.173 13.4177 3.2
      vertex 130.231 13.7063 8
      vertex 130.231 13.7063 3.2
    endloop
  endfacet
  facet normal -0.980397 0.197031 0
    outer loop
      vertex 130.231 13.7063 8
      vertex 130.173 13.4177 3.2
      vertex 130.173 13.4177 8
    endloop
  endfacet
  facet normal -0.997914 0.0645569 0
    outer loop
      vertex 130.231 13.7063 3.2
      vertex 130.25 14 8
      vertex 130.25 14 3.2
    endloop
  endfacet
  facet normal -0.997914 0.0645569 0
    outer loop
      vertex 130.25 14 8
      vertex 130.231 13.7063 3.2
      vertex 130.231 13.7063 8
    endloop
  endfacet
  facet normal 0.555327 0.831632 -0
    outer loop
      vertex 126.875 12.0514 3.2
      vertex 126.63 12.215 8
      vertex 126.875 12.0514 8
    endloop
  endfacet
  facet normal 0.555327 0.831632 0
    outer loop
      vertex 126.63 12.215 8
      vertex 126.875 12.0514 3.2
      vertex 126.63 12.215 3.2
    endloop
  endfacet
  facet normal 0.947555 0.319592 0
    outer loop
      vertex 125.921 13.139 8
      vertex 125.827 13.4177 3.2
      vertex 125.827 13.4177 8
    endloop
  endfacet
  facet normal 0.947555 0.319592 0
    outer loop
      vertex 125.827 13.4177 3.2
      vertex 125.921 13.139 8
      vertex 125.921 13.139 3.2
    endloop
  endfacet
  facet normal 0.997914 0.0645569 0
    outer loop
      vertex 125.769 13.7063 8
      vertex 125.75 14 3.2
      vertex 125.75 14 8
    endloop
  endfacet
  facet normal 0.997914 0.0645569 0
    outer loop
      vertex 125.75 14 3.2
      vertex 125.769 13.7063 8
      vertex 125.769 13.7063 3.2
    endloop
  endfacet
  facet normal 0.751966 0.659202 0
    outer loop
      vertex 126.409 12.409 8
      vertex 126.215 12.6303 3.2
      vertex 126.215 12.6303 8
    endloop
  endfacet
  facet normal 0.751966 0.659202 0
    outer loop
      vertex 126.215 12.6303 3.2
      vertex 126.409 12.409 8
      vertex 126.409 12.409 3.2
    endloop
  endfacet
  facet normal 0.321112 -0.947041 0
    outer loop
      vertex 127.139 16.0787 3.2
      vertex 127.418 16.1733 8
      vertex 127.139 16.0787 8
    endloop
  endfacet
  facet normal 0.321112 -0.947041 0
    outer loop
      vertex 127.418 16.1733 8
      vertex 127.139 16.0787 3.2
      vertex 127.418 16.1733 3.2
    endloop
  endfacet
  facet normal -0.659708 0.751522 0
    outer loop
      vertex 129.591 12.409 3.2
      vertex 129.37 12.215 8
      vertex 129.591 12.409 8
    endloop
  endfacet
  facet normal -0.659708 0.751522 0
    outer loop
      vertex 129.37 12.215 8
      vertex 129.591 12.409 3.2
      vertex 129.37 12.215 3.2
    endloop
  endfacet
  facet normal -0.0651673 0.997874 0
    outer loop
      vertex 128.294 11.7692 3.2
      vertex 128 11.75 8
      vertex 128.294 11.7692 8
    endloop
  endfacet
  facet normal -0.0651673 0.997874 0
    outer loop
      vertex 128 11.75 8
      vertex 128.294 11.7692 3.2
      vertex 128 11.75 3.2
    endloop
  endfacet
  facet normal -0.195789 -0.980646 0
    outer loop
      vertex 128.294 16.2308 3.2
      vertex 128.582 16.1733 8
      vertex 128.294 16.2308 8
    endloop
  endfacet
  facet normal -0.195789 -0.980646 -0
    outer loop
      vertex 128.582 16.1733 8
      vertex 128.294 16.2308 3.2
      vertex 128.582 16.1733 3.2
    endloop
  endfacet
  facet normal -0.321112 -0.947041 0
    outer loop
      vertex 128.582 16.1733 3.2
      vertex 128.861 16.0787 8
      vertex 128.582 16.1733 8
    endloop
  endfacet
  facet normal -0.321112 -0.947041 -0
    outer loop
      vertex 128.861 16.0787 8
      vertex 128.582 16.1733 3.2
      vertex 128.861 16.0787 3.2
    endloop
  endfacet
  facet normal -0.947555 0.319592 0
    outer loop
      vertex 130.079 13.139 3.2
      vertex 130.173 13.4177 8
      vertex 130.173 13.4177 3.2
    endloop
  endfacet
  facet normal -0.947555 0.319592 0
    outer loop
      vertex 130.173 13.4177 8
      vertex 130.079 13.139 3.2
      vertex 130.079 13.139 8
    endloop
  endfacet
  facet normal 0.195789 -0.980646 0
    outer loop
      vertex 127.418 16.1733 3.2
      vertex 127.706 16.2308 8
      vertex 127.418 16.1733 8
    endloop
  endfacet
  facet normal 0.195789 -0.980646 0
    outer loop
      vertex 127.706 16.2308 8
      vertex 127.418 16.1733 3.2
      vertex 127.706 16.2308 3.2
    endloop
  endfacet
  facet normal 0.947555 -0.319592 0
    outer loop
      vertex 125.827 14.5823 8
      vertex 125.921 14.861 3.2
      vertex 125.921 14.861 8
    endloop
  endfacet
  facet normal 0.947555 -0.319592 0
    outer loop
      vertex 125.921 14.861 3.2
      vertex 125.827 14.5823 8
      vertex 125.827 14.5823 3.2
    endloop
  endfacet
  facet normal -0.555327 -0.831632 0
    outer loop
      vertex 129.125 15.9486 3.2
      vertex 129.37 15.785 8
      vertex 129.125 15.9486 8
    endloop
  endfacet
  facet normal -0.555327 -0.831632 -0
    outer loop
      vertex 129.37 15.785 8
      vertex 129.125 15.9486 3.2
      vertex 129.37 15.785 3.2
    endloop
  endfacet
  facet normal -0.195789 0.980646 0
    outer loop
      vertex 128.582 11.8267 3.2
      vertex 128.294 11.7692 8
      vertex 128.582 11.8267 8
    endloop
  endfacet
  facet normal -0.195789 0.980646 0
    outer loop
      vertex 128.294 11.7692 8
      vertex 128.582 11.8267 3.2
      vertex 128.294 11.7692 3.2
    endloop
  endfacet
  facet normal -0.442042 0.896995 0
    outer loop
      vertex 129.125 12.0514 3.2
      vertex 128.861 11.9213 8
      vertex 129.125 12.0514 8
    endloop
  endfacet
  facet normal -0.442042 0.896995 0
    outer loop
      vertex 128.861 11.9213 8
      vertex 129.125 12.0514 3.2
      vertex 128.861 11.9213 3.2
    endloop
  endfacet
  facet normal 0.442042 0.896995 -0
    outer loop
      vertex 127.139 11.9213 3.2
      vertex 126.875 12.0514 8
      vertex 127.139 11.9213 8
    endloop
  endfacet
  facet normal 0.442042 0.896995 0
    outer loop
      vertex 126.875 12.0514 8
      vertex 127.139 11.9213 3.2
      vertex 126.875 12.0514 3.2
    endloop
  endfacet
  facet normal 0.751966 -0.659202 0
    outer loop
      vertex 126.215 15.3697 8
      vertex 126.409 15.591 3.2
      vertex 126.409 15.591 8
    endloop
  endfacet
  facet normal 0.751966 -0.659202 0
    outer loop
      vertex 126.409 15.591 3.2
      vertex 126.215 15.3697 8
      vertex 126.215 15.3697 3.2
    endloop
  endfacet
  facet normal 0.897129 0.441768 0
    outer loop
      vertex 126.051 12.875 8
      vertex 125.921 13.139 3.2
      vertex 125.921 13.139 8
    endloop
  endfacet
  facet normal 0.897129 0.441768 0
    outer loop
      vertex 125.921 13.139 3.2
      vertex 126.051 12.875 8
      vertex 126.051 12.875 3.2
    endloop
  endfacet
  facet normal 0.83069 0.556735 0
    outer loop
      vertex 126.215 12.6303 8
      vertex 126.051 12.875 3.2
      vertex 126.051 12.875 8
    endloop
  endfacet
  facet normal 0.83069 0.556735 0
    outer loop
      vertex 126.051 12.875 3.2
      vertex 126.215 12.6303 8
      vertex 126.215 12.6303 3.2
    endloop
  endfacet
  facet normal 0.555327 -0.831632 0
    outer loop
      vertex 126.63 15.785 3.2
      vertex 126.875 15.9486 8
      vertex 126.63 15.785 8
    endloop
  endfacet
  facet normal 0.555327 -0.831632 0
    outer loop
      vertex 126.875 15.9486 8
      vertex 126.63 15.785 3.2
      vertex 126.875 15.9486 3.2
    endloop
  endfacet
  facet normal -0.83069 0.556735 0
    outer loop
      vertex 129.785 12.6303 3.2
      vertex 129.949 12.875 8
      vertex 129.949 12.875 3.2
    endloop
  endfacet
  facet normal -0.83069 0.556735 0
    outer loop
      vertex 129.949 12.875 8
      vertex 129.785 12.6303 3.2
      vertex 129.785 12.6303 8
    endloop
  endfacet
  facet normal 0.0651673 0.997874 -0
    outer loop
      vertex 128 11.75 3.2
      vertex 127.706 11.7692 8
      vertex 128 11.75 8
    endloop
  endfacet
  facet normal 0.0651673 0.997874 0
    outer loop
      vertex 127.706 11.7692 8
      vertex 128 11.75 3.2
      vertex 127.706 11.7692 3.2
    endloop
  endfacet
  facet normal 0.659708 -0.751522 0
    outer loop
      vertex 126.409 15.591 3.2
      vertex 126.63 15.785 8
      vertex 126.409 15.591 8
    endloop
  endfacet
  facet normal 0.659708 -0.751522 0
    outer loop
      vertex 126.63 15.785 8
      vertex 126.409 15.591 3.2
      vertex 126.63 15.785 3.2
    endloop
  endfacet
  facet normal -0.555327 0.831632 0
    outer loop
      vertex 129.37 12.215 3.2
      vertex 129.125 12.0514 8
      vertex 129.37 12.215 8
    endloop
  endfacet
  facet normal -0.555327 0.831632 0
    outer loop
      vertex 129.125 12.0514 8
      vertex 129.37 12.215 3.2
      vertex 129.125 12.0514 3.2
    endloop
  endfacet
  facet normal 0.980397 -0.197031 0
    outer loop
      vertex 125.769 14.2937 8
      vertex 125.827 14.5823 3.2
      vertex 125.827 14.5823 8
    endloop
  endfacet
  facet normal 0.980397 -0.197031 0
    outer loop
      vertex 125.827 14.5823 3.2
      vertex 125.769 14.2937 8
      vertex 125.769 14.2937 3.2
    endloop
  endfacet
  facet normal 0.0651673 -0.997874 0
    outer loop
      vertex 127.706 16.2308 3.2
      vertex 128 16.25 8
      vertex 127.706 16.2308 8
    endloop
  endfacet
  facet normal 0.0651673 -0.997874 0
    outer loop
      vertex 128 16.25 8
      vertex 127.706 16.2308 3.2
      vertex 128 16.25 3.2
    endloop
  endfacet
  facet normal 0.321112 0.947041 -0
    outer loop
      vertex 127.418 11.8267 3.2
      vertex 127.139 11.9213 8
      vertex 127.418 11.8267 8
    endloop
  endfacet
  facet normal 0.321112 0.947041 0
    outer loop
      vertex 127.139 11.9213 8
      vertex 127.418 11.8267 3.2
      vertex 127.139 11.9213 3.2
    endloop
  endfacet
  facet normal 0.980397 0.197031 0
    outer loop
      vertex 125.827 13.4177 8
      vertex 125.769 13.7063 3.2
      vertex 125.769 13.7063 8
    endloop
  endfacet
  facet normal 0.980397 0.197031 0
    outer loop
      vertex 125.769 13.7063 3.2
      vertex 125.827 13.4177 8
      vertex 125.827 13.4177 3.2
    endloop
  endfacet
  facet normal -0.0651673 -0.997874 0
    outer loop
      vertex 128 16.25 3.2
      vertex 128.294 16.2308 8
      vertex 128 16.25 8
    endloop
  endfacet
  facet normal -0.0651673 -0.997874 -0
    outer loop
      vertex 128.294 16.2308 8
      vertex 128 16.25 3.2
      vertex 128.294 16.2308 3.2
    endloop
  endfacet
  facet normal 0.195789 0.980646 -0
    outer loop
      vertex 127.706 11.7692 3.2
      vertex 127.418 11.8267 8
      vertex 127.706 11.7692 8
    endloop
  endfacet
  facet normal 0.195789 0.980646 0
    outer loop
      vertex 127.418 11.8267 8
      vertex 127.706 11.7692 3.2
      vertex 127.418 11.8267 3.2
    endloop
  endfacet
  facet normal 0.83069 -0.556735 0
    outer loop
      vertex 126.051 15.125 8
      vertex 126.215 15.3697 3.2
      vertex 126.215 15.3697 8
    endloop
  endfacet
  facet normal 0.83069 -0.556735 0
    outer loop
      vertex 126.215 15.3697 3.2
      vertex 126.051 15.125 8
      vertex 126.051 15.125 3.2
    endloop
  endfacet
  facet normal -0.854027 -0.0537876 -0.51744
    outer loop
      vertex 131.262 14.2858 1.5
      vertex 131.28 14 1.5
      vertex 130.25 14 3.2
    endloop
  endfacet
  facet normal 0.809998 0.276082 -0.51738
    outer loop
      vertex 125.921 13.139 3.2
      vertex 124.13 12.3968 0
      vertex 123.956 12.9073 0
    endloop
  endfacet
  facet normal 0.76713 -0.379202 -0.517414
    outer loop
      vertex 124.372 16.0947 0
      vertex 126.051 15.125 3.2
      vertex 124.133 15.6112 0
    endloop
  endfacet
  facet normal 0.166673 0.839336 -0.517431
    outer loop
      vertex 127.706 11.7692 3.2
      vertex 127.572 10.7478 1.5
      vertex 127.291 10.8036 1.5
    endloop
  endfacet
  facet normal 0.166829 0.839139 -0.5177
    outer loop
      vertex 126.924 9.95162 0
      vertex 127.483 10.0706 0.372992
      vertex 127.453 9.84645 0
    endloop
  endfacet
  facet normal 0.166652 0.839305 -0.517488
    outer loop
      vertex 127.483 10.0706 0.372992
      vertex 126.924 9.95162 0
      vertex 127.24 10.3474 0.743673
    endloop
  endfacet
  facet normal 0.167276 0.839088 -0.517638
    outer loop
      vertex 127.24 10.3474 0.743673
      vertex 126.924 9.95162 0
      vertex 127.152 10.4796 0.929531
    endloop
  endfacet
  facet normal 0.642918 -0.564715 -0.517448
    outer loop
      vertex 125.038 16.9623 0
      vertex 126.409 15.591 3.2
      vertex 124.682 16.557 0
    endloop
  endfacet
  facet normal -0.810052 -0.275813 -0.517439
    outer loop
      vertex 131.169 14.849 1.5
      vertex 130.079 14.861 3.2
      vertex 131.123 14.9841 1.5
    endloop
  endfacet
  facet normal -0.810623 -0.273407 -0.517822
    outer loop
      vertex 130.079 14.861 3.2
      vertex 131.169 14.849 1.5
      vertex 130.173 14.5823 3.2
    endloop
  endfacet
  facet normal 0.857138 0 -0.515086
    outer loop
      vertex 125.769 14.2937 3.2
      vertex 123.846 14.5379 0
      vertex 123.846 14.5468 0
    endloop
  endfacet
  facet normal 0.853962 -0.0552444 -0.517394
    outer loop
      vertex 123.846 14.5379 0
      vertex 125.769 14.2937 3.2
      vertex 125.75 14 3.2
    endloop
  endfacet
  facet normal 0.809998 -0.276082 -0.51738
    outer loop
      vertex 124.13 15.6032 0
      vertex 125.921 14.861 3.2
      vertex 123.956 15.0927 0
    endloop
  endfacet
  facet normal -0.767632 0.378001 -0.517548
    outer loop
      vertex 131.031 12.7447 1.5
      vertex 129.949 12.875 3.2
      vertex 130.079 13.139 3.2
    endloop
  endfacet
  facet normal -0.765762 0.382881 -0.516731
    outer loop
      vertex 129.949 12.875 3.2
      vertex 131.031 12.7447 1.5
      vertex 130.967 12.6167 1.5
    endloop
  endfacet
  facet normal 0.378251 0.76755 -0.517487
    outer loop
      vertex 126.397 10.1295 0
      vertex 126.875 12.0514 3.2
      vertex 127.139 11.9213 3.2
    endloop
  endfacet
  facet normal 0.374873 0.768971 -0.517836
    outer loop
      vertex 126.875 12.0514 3.2
      vertex 126.397 10.1295 0
      vertex 126.389 10.1334 0
    endloop
  endfacet
  facet normal 0.710876 0.476435 -0.517363
    outer loop
      vertex 126.215 12.6303 3.2
      vertex 124.372 11.9053 0
      vertex 126.051 12.875 3.2
    endloop
  endfacet
  facet normal 0.709236 0.479214 -0.517048
    outer loop
      vertex 124.372 11.9053 0
      vertex 126.215 12.6303 3.2
      vertex 124.377 11.8979 0
    endloop
  endfacet
  facet normal 0.852163 -0.0968367 -0.514239
    outer loop
      vertex 125.827 14.5823 3.2
      vertex 123.952 15.0755 0
      vertex 123.953 15.0843 0
    endloop
  endfacet
  facet normal 0.838895 -0.168593 -0.517524
    outer loop
      vertex 123.952 15.0755 0
      vertex 125.827 14.5823 3.2
      vertex 125.769 14.2937 3.2
    endloop
  endfacet
  facet normal -0.275345 -0.810189 -0.517473
    outer loop
      vertex 128.984 17.1227 1.5
      vertex 129.255 17.0306 1.5
      vertex 128.861 16.0787 3.2
    endloop
  endfacet
  facet normal -0.378383 -0.767517 -0.517439
    outer loop
      vertex 129.383 16.9675 1.5
      vertex 129.64 16.8408 1.5
      vertex 129.125 15.9486 3.2
    endloop
  endfacet
  facet normal -0.768334 0.37684 -0.517354
    outer loop
      vertex 130.967 12.6167 1.5
      vertex 130.841 12.3598 1.5
      vertex 129.949 12.875 3.2
    endloop
  endfacet
  facet normal 0.853923 -0.055563 -0.517424
    outer loop
      vertex 123.846 14.5379 0
      vertex 125.75 14 3.2
      vertex 123.811 14 0
    endloop
  endfacet
  facet normal -0.0558296 -0.853865 -0.517492
    outer loop
      vertex 128 17.2803 1.5
      vertex 128.286 17.2616 1.5
      vertex 128 16.25 3.2
    endloop
  endfacet
  facet normal -0.378383 0.767517 -0.517439
    outer loop
      vertex 129.64 11.1592 1.5
      vertex 129.383 11.0325 1.5
      vertex 129.125 12.0514 3.2
    endloop
  endfacet
  facet normal 0.838994 -0.168211 -0.517488
    outer loop
      vertex 123.952 15.0755 0
      vertex 125.769 14.2937 3.2
      vertex 123.846 14.5468 0
    endloop
  endfacet
  facet normal -0.475202 -0.711642 -0.517445
    outer loop
      vertex 129.64 16.8408 1.5
      vertex 129.37 15.785 3.2
      vertex 129.125 15.9486 3.2
    endloop
  endfacet
  facet normal -0.474486 -0.712028 -0.517571
    outer loop
      vertex 129.37 15.785 3.2
      vertex 129.64 16.8408 1.5
      vertex 129.759 16.7615 1.5
    endloop
  endfacet
  facet normal 0.378227 -0.767555 -0.517497
    outer loop
      vertex 126.389 17.8666 0
      vertex 126.875 15.9486 3.2
      vertex 125.905 17.6281 0
    endloop
  endfacet
  facet normal -0.839276 -0.167377 -0.517302
    outer loop
      vertex 131.196 14.709 1.5
      vertex 131.252 14.4282 1.5
      vertex 130.231 14.2937 3.2
    endloop
  endfacet
  facet normal 0.767728 0.378048 -0.517371
    outer loop
      vertex 126.051 12.875 3.2
      vertex 124.13 12.3968 0
      vertex 125.921 13.139 3.2
    endloop
  endfacet
  facet normal 0.797726 0.299147 -0.523588
    outer loop
      vertex 124.13 12.3968 0
      vertex 126.051 12.875 3.2
      vertex 124.133 12.3888 0
    endloop
  endfacet
  facet normal 0.564504 -0.643106 -0.517446
    outer loop
      vertex 125.443 17.3178 0
      vertex 126.409 15.591 3.2
      vertex 125.038 16.9623 0
    endloop
  endfacet
  facet normal -0.378259 -0.767566 -0.517459
    outer loop
      vertex 129.255 17.0306 1.5
      vertex 129.125 15.9486 3.2
      vertex 128.861 16.0787 3.2
    endloop
  endfacet
  facet normal -0.378366 -0.767525 -0.517441
    outer loop
      vertex 129.125 15.9486 3.2
      vertex 129.255 17.0306 1.5
      vertex 129.383 16.9675 1.5
    endloop
  endfacet
  facet normal 0.374873 -0.768971 -0.517836
    outer loop
      vertex 126.397 17.8705 0
      vertex 126.875 15.9486 3.2
      vertex 126.389 17.8666 0
    endloop
  endfacet
  facet normal 0.378251 -0.76755 -0.517487
    outer loop
      vertex 126.875 15.9486 3.2
      vertex 126.397 17.8705 0
      vertex 127.139 16.0787 3.2
    endloop
  endfacet
  facet normal 0.0558296 0.853865 -0.517492
    outer loop
      vertex 128 11.75 3.2
      vertex 128 10.7197 1.5
      vertex 127.714 10.7384 1.5
    endloop
  endfacet
  facet normal 0.0559254 0.853852 -0.517503
    outer loop
      vertex 127.515 10.0336 0.315488
      vertex 127.693 9.83073 0
      vertex 127.462 9.84586 0
    endloop
  endfacet
  facet normal -0.710257 -0.477283 -0.517431
    outer loop
      vertex 130.602 15.9969 1.5
      vertex 130.762 15.7588 1.5
      vertex 129.785 15.3697 3.2
    endloop
  endfacet
  facet normal -0.643498 0.564115 -0.517383
    outer loop
      vertex 130.602 12.0031 1.5
      vertex 129.591 12.409 3.2
      vertex 129.785 12.6303 3.2
    endloop
  endfacet
  facet normal -0.643666 0.563882 -0.517427
    outer loop
      vertex 129.591 12.409 3.2
      vertex 130.602 12.0031 1.5
      vertex 130.508 11.8958 1.5
    endloop
  endfacet
  facet normal -0.378366 0.767525 -0.517441
    outer loop
      vertex 129.255 10.9694 1.5
      vertex 129.125 12.0514 3.2
      vertex 129.383 11.0325 1.5
    endloop
  endfacet
  facet normal -0.378259 0.767566 -0.517459
    outer loop
      vertex 129.125 12.0514 3.2
      vertex 129.255 10.9694 1.5
      vertex 128.861 11.9213 3.2
    endloop
  endfacet
  facet normal -0.644516 -0.562792 -0.517556
    outer loop
      vertex 130.32 16.3195 1.5
      vertex 130.508 16.1042 1.5
      vertex 129.591 15.591 3.2
    endloop
  endfacet
  facet normal -0.47556 0.711396 -0.517454
    outer loop
      vertex 129.997 11.3976 1.5
      vertex 129.759 11.2385 1.5
      vertex 129.37 12.215 3.2
    endloop
  endfacet
  facet normal 0.167234 -0.839167 -0.517524
    outer loop
      vertex 127.291 17.1964 1.5
      vertex 127.418 16.1733 3.2
      vertex 127.151 17.1685 1.5
    endloop
  endfacet
  facet normal 0.167531 -0.839114 -0.517514
    outer loop
      vertex 127.418 16.1733 3.2
      vertex 127.291 17.1964 1.5
      vertex 127.706 16.2308 3.2
    endloop
  endfacet
  facet normal 0.166301 -0.839422 -0.517412
    outer loop
      vertex 126.916 18.0466 0
      vertex 127.152 17.5204 0.929532
      vertex 127.084 17.4191 1.07202
    endloop
  endfacet
  facet normal 0.187564 -0.833616 -0.519523
    outer loop
      vertex 127.152 17.5204 0.929532
      vertex 126.916 18.0466 0
      vertex 126.924 18.0484 0
    endloop
  endfacet
  facet normal 0.838994 0.168211 -0.517488
    outer loop
      vertex 125.769 13.7063 3.2
      vertex 123.952 12.9245 0
      vertex 123.846 13.4532 0
    endloop
  endfacet
  facet normal -0.0558296 0.853865 -0.517492
    outer loop
      vertex 128 11.75 3.2
      vertex 128.286 10.7384 1.5
      vertex 128 10.7197 1.5
    endloop
  endfacet
  facet normal -0.854027 0.0537876 -0.51744
    outer loop
      vertex 131.28 14 1.5
      vertex 131.262 13.7142 1.5
      vertex 130.25 14 3.2
    endloop
  endfacet
  facet normal 0.166673 -0.839336 -0.517431
    outer loop
      vertex 127.572 17.2522 1.5
      vertex 127.706 16.2308 3.2
      vertex 127.291 17.1964 1.5
    endloop
  endfacet
  facet normal 0.167255 -0.839086 -0.517649
    outer loop
      vertex 126.924 18.0484 0
      vertex 127.24 17.6526 0.743675
      vertex 127.152 17.5204 0.929532
    endloop
  endfacet
  facet normal 0.166631 -0.839303 -0.517499
    outer loop
      vertex 126.924 18.0484 0
      vertex 127.483 17.9294 0.372993
      vertex 127.24 17.6526 0.743675
    endloop
  endfacet
  facet normal 0.166865 -0.839083 -0.51778
    outer loop
      vertex 127.483 17.9294 0.372993
      vertex 126.924 18.0484 0
      vertex 127.453 18.1536 0
    endloop
  endfacet
  facet normal -0.167234 0.839167 -0.517524
    outer loop
      vertex 128.709 10.8036 1.5
      vertex 128.582 11.8267 3.2
      vertex 128.849 10.8315 1.5
    endloop
  endfacet
  facet normal -0.167531 0.839114 -0.517514
    outer loop
      vertex 128.582 11.8267 3.2
      vertex 128.709 10.8036 1.5
      vertex 128.294 11.7692 3.2
    endloop
  endfacet
  facet normal 0.810711 0.273437 -0.517668
    outer loop
      vertex 125.921 13.139 3.2
      vertex 123.953 12.9157 0
      vertex 125.827 13.4177 3.2
    endloop
  endfacet
  facet normal 0.806596 0.28807 -0.516158
    outer loop
      vertex 123.953 12.9157 0
      vertex 125.921 13.139 3.2
      vertex 123.956 12.9073 0
    endloop
  endfacet
  facet normal -0.564529 -0.643098 -0.517428
    outer loop
      vertex 129.997 16.6024 1.5
      vertex 129.591 15.591 3.2
      vertex 129.37 15.785 3.2
    endloop
  endfacet
  facet normal -0.564795 -0.642905 -0.517377
    outer loop
      vertex 129.591 15.591 3.2
      vertex 129.997 16.6024 1.5
      vertex 130.104 16.5084 1.5
    endloop
  endfacet
  facet normal 0.378227 0.767555 -0.517497
    outer loop
      vertex 126.875 12.0514 3.2
      vertex 126.389 10.1334 0
      vertex 125.905 10.3719 0
    endloop
  endfacet
  facet normal 0.797726 -0.299147 -0.523588
    outer loop
      vertex 126.051 15.125 3.2
      vertex 124.13 15.6032 0
      vertex 124.133 15.6112 0
    endloop
  endfacet
  facet normal 0.767728 -0.378048 -0.517371
    outer loop
      vertex 124.13 15.6032 0
      vertex 126.051 15.125 3.2
      vertex 125.921 14.861 3.2
    endloop
  endfacet
  facet normal -0.644516 0.562792 -0.517556
    outer loop
      vertex 130.508 11.8958 1.5
      vertex 130.32 11.6805 1.5
      vertex 129.591 12.409 3.2
    endloop
  endfacet
  facet normal 0.0558296 -0.853865 -0.517492
    outer loop
      vertex 128 17.2803 1.5
      vertex 128 16.25 3.2
      vertex 127.714 17.2616 1.5
    endloop
  endfacet
  facet normal 0.0561853 -0.853869 -0.517447
    outer loop
      vertex 127.693 18.1693 0
      vertex 127.515 17.9664 0.315489
      vertex 127.462 18.1541 0
    endloop
  endfacet
  facet normal 0.76713 0.379202 -0.517414
    outer loop
      vertex 126.051 12.875 3.2
      vertex 124.372 11.9053 0
      vertex 124.133 12.3888 0
    endloop
  endfacet
  facet normal 0.275366 0.810183 -0.517471
    outer loop
      vertex 126.848 10.9344 1.5
      vertex 127.139 11.9213 3.2
      vertex 127.016 10.8773 1.5
    endloop
  endfacet
  facet normal 0.275284 0.810218 -0.51746
    outer loop
      vertex 126.397 10.1295 0
      vertex 126.996 10.7119 1.23056
      vertex 126.907 9.95622 0
    endloop
  endfacet
  facet normal 0.274905 0.810334 -0.51748
    outer loop
      vertex 126.848 10.9344 1.5
      vertex 126.397 10.1295 0
      vertex 127.139 11.9213 3.2
    endloop
  endfacet
  facet normal 0.275611 0.810054 -0.517542
    outer loop
      vertex 126.996 10.7119 1.23056
      vertex 126.397 10.1295 0
      vertex 126.848 10.9344 1.5
    endloop
  endfacet
  facet normal -0.275345 0.810189 -0.517473
    outer loop
      vertex 129.255 10.9694 1.5
      vertex 128.984 10.8773 1.5
      vertex 128.861 11.9213 3.2
    endloop
  endfacet
  facet normal -0.810309 0.274884 -0.51753
    outer loop
      vertex 131.123 13.0159 1.5
      vertex 131.031 12.7447 1.5
      vertex 130.079 13.139 3.2
    endloop
  endfacet
  facet normal 0.550882 -0.653589 -0.51899
    outer loop
      vertex 125.45 17.3237 0
      vertex 126.409 15.591 3.2
      vertex 125.443 17.3178 0
    endloop
  endfacet
  facet normal 0.564538 -0.643107 -0.517407
    outer loop
      vertex 126.409 15.591 3.2
      vertex 125.45 17.3237 0
      vertex 126.63 15.785 3.2
    endloop
  endfacet
  facet normal -0.0565217 0.853838 -0.517461
    outer loop
      vertex 128.286 10.7384 1.5
      vertex 128.294 11.7692 3.2
      vertex 128.428 10.7478 1.5
    endloop
  endfacet
  facet normal -0.0557631 0.853873 -0.517486
    outer loop
      vertex 128.294 11.7692 3.2
      vertex 128.286 10.7384 1.5
      vertex 128 11.75 3.2
    endloop
  endfacet
  facet normal -0.810623 0.273407 -0.517822
    outer loop
      vertex 131.169 13.151 1.5
      vertex 130.079 13.139 3.2
      vertex 130.173 13.4177 3.2
    endloop
  endfacet
  facet normal -0.810052 0.275813 -0.517439
    outer loop
      vertex 130.079 13.139 3.2
      vertex 131.169 13.151 1.5
      vertex 131.123 13.0159 1.5
    endloop
  endfacet
  facet normal -0.274762 -0.810345 -0.517539
    outer loop
      vertex 128.849 17.1685 1.5
      vertex 128.861 16.0787 3.2
      vertex 128.582 16.1733 3.2
    endloop
  endfacet
  facet normal -0.274905 -0.810311 -0.517516
    outer loop
      vertex 128.861 16.0787 3.2
      vertex 128.849 17.1685 1.5
      vertex 128.984 17.1227 1.5
    endloop
  endfacet
  facet normal -0.643666 -0.563882 -0.517427
    outer loop
      vertex 130.602 15.9969 1.5
      vertex 129.591 15.591 3.2
      vertex 130.508 16.1042 1.5
    endloop
  endfacet
  facet normal -0.643498 -0.564115 -0.517383
    outer loop
      vertex 129.591 15.591 3.2
      vertex 130.602 15.9969 1.5
      vertex 129.785 15.3697 3.2
    endloop
  endfacet
  facet normal -0.167531 -0.839114 -0.517514
    outer loop
      vertex 128.709 17.1964 1.5
      vertex 128.582 16.1733 3.2
      vertex 128.294 16.2308 3.2
    endloop
  endfacet
  facet normal -0.167234 -0.839167 -0.517524
    outer loop
      vertex 128.582 16.1733 3.2
      vertex 128.709 17.1964 1.5
      vertex 128.849 17.1685 1.5
    endloop
  endfacet
  facet normal 0.643424 0.56405 -0.517546
    outer loop
      vertex 126.409 12.409 3.2
      vertex 124.676 11.4497 0
      vertex 126.215 12.6303 3.2
    endloop
  endfacet
  facet normal 0.637823 0.571185 -0.516652
    outer loop
      vertex 124.676 11.4497 0
      vertex 126.409 12.409 3.2
      vertex 124.682 11.443 0
    endloop
  endfacet
  facet normal -0.768334 -0.37684 -0.517354
    outer loop
      vertex 130.841 15.6402 1.5
      vertex 130.967 15.3833 1.5
      vertex 129.949 15.125 3.2
    endloop
  endfacet
  facet normal 0.0565217 -0.853838 -0.517461
    outer loop
      vertex 127.714 17.2616 1.5
      vertex 127.706 16.2308 3.2
      vertex 127.572 17.2522 1.5
    endloop
  endfacet
  facet normal 0.0557631 -0.853873 -0.517486
    outer loop
      vertex 127.706 16.2308 3.2
      vertex 127.714 17.2616 1.5
      vertex 128 16.25 3.2
    endloop
  endfacet
  facet normal 0.056763 -0.853679 -0.517698
    outer loop
      vertex 127.453 18.1536 0
      vertex 127.515 17.9664 0.315489
      vertex 127.483 17.9294 0.372993
    endloop
  endfacet
  facet normal 0.0474948 -0.854906 -0.516605
    outer loop
      vertex 127.515 17.9664 0.315489
      vertex 127.453 18.1536 0
      vertex 127.462 18.1541 0
    endloop
  endfacet
  facet normal 0.564538 0.643107 -0.517407
    outer loop
      vertex 125.45 10.6763 0
      vertex 126.409 12.409 3.2
      vertex 126.63 12.215 3.2
    endloop
  endfacet
  facet normal 0.550882 0.653589 -0.51899
    outer loop
      vertex 126.409 12.409 3.2
      vertex 125.45 10.6763 0
      vertex 125.443 10.6822 0
    endloop
  endfacet
  facet normal 0.637823 -0.571185 -0.516652
    outer loop
      vertex 126.409 15.591 3.2
      vertex 124.676 16.5503 0
      vertex 124.682 16.557 0
    endloop
  endfacet
  facet normal 0.643424 -0.56405 -0.517546
    outer loop
      vertex 124.676 16.5503 0
      vertex 126.409 15.591 3.2
      vertex 126.215 15.3697 3.2
    endloop
  endfacet
  facet normal 0.806596 -0.28807 -0.516158
    outer loop
      vertex 125.921 14.861 3.2
      vertex 123.953 15.0843 0
      vertex 123.956 15.0927 0
    endloop
  endfacet
  facet normal 0.810711 -0.273437 -0.517668
    outer loop
      vertex 123.953 15.0843 0
      vertex 125.921 14.861 3.2
      vertex 125.827 14.5823 3.2
    endloop
  endfacet
  facet normal -0.563279 0.644088 -0.517558
    outer loop
      vertex 130.32 11.6805 1.5
      vertex 130.104 11.4916 1.5
      vertex 129.591 12.409 3.2
    endloop
  endfacet
  facet normal -0.765762 -0.382881 -0.516731
    outer loop
      vertex 131.031 15.2553 1.5
      vertex 129.949 15.125 3.2
      vertex 130.967 15.3833 1.5
    endloop
  endfacet
  facet normal -0.767632 -0.378001 -0.517548
    outer loop
      vertex 129.949 15.125 3.2
      vertex 131.031 15.2553 1.5
      vertex 130.079 14.861 3.2
    endloop
  endfacet
  facet normal 0.491354 -0.701935 -0.515615
    outer loop
      vertex 125.905 17.6281 0
      vertex 126.63 15.785 3.2
      vertex 125.898 17.6232 0
    endloop
  endfacet
  facet normal 0.475177 -0.711604 -0.517519
    outer loop
      vertex 126.63 15.785 3.2
      vertex 125.905 17.6281 0
      vertex 126.875 15.9486 3.2
    endloop
  endfacet
  facet normal -0.474486 0.712028 -0.517571
    outer loop
      vertex 129.64 11.1592 1.5
      vertex 129.37 12.215 3.2
      vertex 129.759 11.2385 1.5
    endloop
  endfacet
  facet normal -0.475202 0.711642 -0.517445
    outer loop
      vertex 129.37 12.215 3.2
      vertex 129.64 11.1592 1.5
      vertex 129.125 12.0514 3.2
    endloop
  endfacet
  facet normal 0.564504 0.643106 -0.517446
    outer loop
      vertex 126.409 12.409 3.2
      vertex 125.443 10.6822 0
      vertex 125.038 11.0377 0
    endloop
  endfacet
  facet normal -0.0557631 -0.853873 -0.517486
    outer loop
      vertex 128.286 17.2616 1.5
      vertex 128.294 16.2308 3.2
      vertex 128 16.25 3.2
    endloop
  endfacet
  facet normal -0.0565217 -0.853838 -0.517461
    outer loop
      vertex 128.294 16.2308 3.2
      vertex 128.286 17.2616 1.5
      vertex 128.428 17.2522 1.5
    endloop
  endfacet
  facet normal -0.712025 -0.474283 -0.51776
    outer loop
      vertex 130.841 15.6402 1.5
      vertex 129.785 15.3697 3.2
      vertex 130.762 15.7588 1.5
    endloop
  endfacet
  facet normal -0.710867 -0.476429 -0.517382
    outer loop
      vertex 129.785 15.3697 3.2
      vertex 130.841 15.6402 1.5
      vertex 129.949 15.125 3.2
    endloop
  endfacet
  facet normal -0.840123 -0.162024 -0.517632
    outer loop
      vertex 131.196 14.709 1.5
      vertex 130.173 14.5823 3.2
      vertex 131.169 14.849 1.5
    endloop
  endfacet
  facet normal -0.838957 -0.168605 -0.517421
    outer loop
      vertex 130.173 14.5823 3.2
      vertex 131.196 14.709 1.5
      vertex 130.231 14.2937 3.2
    endloop
  endfacet
  facet normal -0.810309 -0.274884 -0.51753
    outer loop
      vertex 131.031 15.2553 1.5
      vertex 131.123 14.9841 1.5
      vertex 130.079 14.861 3.2
    endloop
  endfacet
  facet normal 0.853923 0.055563 -0.517424
    outer loop
      vertex 125.75 14 3.2
      vertex 123.846 13.4621 0
      vertex 123.811 14 0
    endloop
  endfacet
  facet normal -0.274905 0.810311 -0.517516
    outer loop
      vertex 128.849 10.8315 1.5
      vertex 128.861 11.9213 3.2
      vertex 128.984 10.8773 1.5
    endloop
  endfacet
  facet normal -0.274762 0.810345 -0.517539
    outer loop
      vertex 128.861 11.9213 3.2
      vertex 128.849 10.8315 1.5
      vertex 128.582 11.8267 3.2
    endloop
  endfacet
  facet normal -0.839276 0.167377 -0.517302
    outer loop
      vertex 131.252 13.5718 1.5
      vertex 131.196 13.291 1.5
      vertex 130.231 13.7063 3.2
    endloop
  endfacet
  facet normal -0.853851 0.0552372 -0.517579
    outer loop
      vertex 131.262 13.7142 1.5
      vertex 130.231 13.7063 3.2
      vertex 130.25 14 3.2
    endloop
  endfacet
  facet normal -0.853628 0.0599458 -0.517422
    outer loop
      vertex 130.231 13.7063 3.2
      vertex 131.262 13.7142 1.5
      vertex 131.252 13.5718 1.5
    endloop
  endfacet
  facet normal 0.274762 0.810345 -0.517539
    outer loop
      vertex 127.151 10.8315 1.5
      vertex 127.139 11.9213 3.2
      vertex 127.418 11.8267 3.2
    endloop
  endfacet
  facet normal 0.274905 0.810311 -0.517516
    outer loop
      vertex 127.139 11.9213 3.2
      vertex 127.151 10.8315 1.5
      vertex 127.016 10.8773 1.5
    endloop
  endfacet
  facet normal 0.259082 0.815292 -0.517858
    outer loop
      vertex 126.907 9.95622 0
      vertex 127.084 10.5809 1.07202
      vertex 126.916 9.95336 0
    endloop
  endfacet
  facet normal 0.274139 0.810535 -0.517572
    outer loop
      vertex 127.084 10.5809 1.07202
      vertex 126.907 9.95622 0
      vertex 126.996 10.7119 1.23056
    endloop
  endfacet
  facet normal 0.642918 0.564715 -0.517448
    outer loop
      vertex 126.409 12.409 3.2
      vertex 125.038 11.0377 0
      vertex 124.682 11.443 0
    endloop
  endfacet
  facet normal -0.166673 -0.839336 -0.517431
    outer loop
      vertex 128.428 17.2522 1.5
      vertex 128.709 17.1964 1.5
      vertex 128.294 16.2308 3.2
    endloop
  endfacet
  facet normal 0.71181 -0.474858 -0.517529
    outer loop
      vertex 124.676 16.5503 0
      vertex 126.215 15.3697 3.2
      vertex 124.377 16.1021 0
    endloop
  endfacet
  facet normal -0.710257 0.477283 -0.517431
    outer loop
      vertex 130.762 12.2412 1.5
      vertex 130.602 12.0031 1.5
      vertex 129.785 12.6303 3.2
    endloop
  endfacet
  facet normal -0.710867 0.476429 -0.517382
    outer loop
      vertex 130.841 12.3598 1.5
      vertex 129.785 12.6303 3.2
      vertex 129.949 12.875 3.2
    endloop
  endfacet
  facet normal -0.712025 0.474283 -0.51776
    outer loop
      vertex 129.785 12.6303 3.2
      vertex 130.841 12.3598 1.5
      vertex 130.762 12.2412 1.5
    endloop
  endfacet
  facet normal 0.709236 -0.479214 -0.517048
    outer loop
      vertex 126.215 15.3697 3.2
      vertex 124.372 16.0947 0
      vertex 124.377 16.1021 0
    endloop
  endfacet
  facet normal 0.710876 -0.476435 -0.517363
    outer loop
      vertex 124.372 16.0947 0
      vertex 126.215 15.3697 3.2
      vertex 126.051 15.125 3.2
    endloop
  endfacet
  facet normal 0.853962 0.0552444 -0.517394
    outer loop
      vertex 125.769 13.7063 3.2
      vertex 123.846 13.4621 0
      vertex 125.75 14 3.2
    endloop
  endfacet
  facet normal 0.857138 0 -0.515086
    outer loop
      vertex 123.846 13.4621 0
      vertex 125.769 13.7063 3.2
      vertex 123.846 13.4532 0
    endloop
  endfacet
  facet normal 0.0557631 0.853873 -0.517486
    outer loop
      vertex 127.714 10.7384 1.5
      vertex 127.706 11.7692 3.2
      vertex 128 11.75 3.2
    endloop
  endfacet
  facet normal 0.0565217 0.853838 -0.517461
    outer loop
      vertex 127.706 11.7692 3.2
      vertex 127.714 10.7384 1.5
      vertex 127.572 10.7478 1.5
    endloop
  endfacet
  facet normal 0.0559743 0.853846 -0.517508
    outer loop
      vertex 127.453 9.84645 0
      vertex 127.515 10.0336 0.315488
      vertex 127.462 9.84586 0
    endloop
  endfacet
  facet normal 0.0569429 0.853714 -0.51762
    outer loop
      vertex 127.515 10.0336 0.315488
      vertex 127.453 9.84645 0
      vertex 127.483 10.0706 0.372992
    endloop
  endfacet
  facet normal 0.274905 -0.810311 -0.517516
    outer loop
      vertex 127.151 17.1685 1.5
      vertex 127.139 16.0787 3.2
      vertex 127.016 17.1227 1.5
    endloop
  endfacet
  facet normal 0.274762 -0.810345 -0.517539
    outer loop
      vertex 127.139 16.0787 3.2
      vertex 127.151 17.1685 1.5
      vertex 127.418 16.1733 3.2
    endloop
  endfacet
  facet normal 0.274118 -0.810535 -0.517584
    outer loop
      vertex 126.907 18.0438 0
      vertex 127.084 17.4191 1.07202
      vertex 126.996 17.2881 1.23056
    endloop
  endfacet
  facet normal 0.254117 -0.816804 -0.517934
    outer loop
      vertex 127.084 17.4191 1.07202
      vertex 126.907 18.0438 0
      vertex 126.916 18.0466 0
    endloop
  endfacet
  facet normal -0.853628 -0.0599458 -0.517422
    outer loop
      vertex 131.262 14.2858 1.5
      vertex 130.231 14.2937 3.2
      vertex 131.252 14.4282 1.5
    endloop
  endfacet
  facet normal -0.853851 -0.0552372 -0.517579
    outer loop
      vertex 130.231 14.2937 3.2
      vertex 131.262 14.2858 1.5
      vertex 130.25 14 3.2
    endloop
  endfacet
  facet normal -0.838957 0.168605 -0.517421
    outer loop
      vertex 131.196 13.291 1.5
      vertex 130.173 13.4177 3.2
      vertex 130.231 13.7063 3.2
    endloop
  endfacet
  facet normal -0.840123 0.162024 -0.517632
    outer loop
      vertex 130.173 13.4177 3.2
      vertex 131.196 13.291 1.5
      vertex 131.169 13.151 1.5
    endloop
  endfacet
  facet normal 0.475177 0.711604 -0.517519
    outer loop
      vertex 125.905 10.3719 0
      vertex 126.63 12.215 3.2
      vertex 126.875 12.0514 3.2
    endloop
  endfacet
  facet normal 0.491354 0.701935 -0.515615
    outer loop
      vertex 126.63 12.215 3.2
      vertex 125.905 10.3719 0
      vertex 125.898 10.3768 0
    endloop
  endfacet
  facet normal 0.475584 0.711391 -0.517439
    outer loop
      vertex 126.63 12.215 3.2
      vertex 125.898 10.3768 0
      vertex 125.45 10.6763 0
    endloop
  endfacet
  facet normal 0.274905 -0.810334 -0.51748
    outer loop
      vertex 126.397 17.8705 0
      vertex 126.848 17.0656 1.5
      vertex 127.139 16.0787 3.2
    endloop
  endfacet
  facet normal 0.275611 -0.810054 -0.517542
    outer loop
      vertex 126.397 17.8705 0
      vertex 126.996 17.2881 1.23056
      vertex 126.848 17.0656 1.5
    endloop
  endfacet
  facet normal 0.275311 -0.810205 -0.517467
    outer loop
      vertex 126.996 17.2881 1.23056
      vertex 126.397 17.8705 0
      vertex 126.907 18.0438 0
    endloop
  endfacet
  facet normal 0.275366 -0.810183 -0.517471
    outer loop
      vertex 127.139 16.0787 3.2
      vertex 126.848 17.0656 1.5
      vertex 127.016 17.1227 1.5
    endloop
  endfacet
  facet normal -0.563279 -0.644088 -0.517558
    outer loop
      vertex 130.104 16.5084 1.5
      vertex 130.32 16.3195 1.5
      vertex 129.591 15.591 3.2
    endloop
  endfacet
  facet normal -0.564795 0.642905 -0.517377
    outer loop
      vertex 129.997 11.3976 1.5
      vertex 129.591 12.409 3.2
      vertex 130.104 11.4916 1.5
    endloop
  endfacet
  facet normal -0.564529 0.643098 -0.517428
    outer loop
      vertex 129.591 12.409 3.2
      vertex 129.997 11.3976 1.5
      vertex 129.37 12.215 3.2
    endloop
  endfacet
  facet normal -0.166673 0.839336 -0.517431
    outer loop
      vertex 128.709 10.8036 1.5
      vertex 128.428 10.7478 1.5
      vertex 128.294 11.7692 3.2
    endloop
  endfacet
  facet normal 0.475584 -0.711391 -0.517439
    outer loop
      vertex 125.898 17.6232 0
      vertex 126.63 15.785 3.2
      vertex 125.45 17.3237 0
    endloop
  endfacet
  facet normal 0.838895 0.168593 -0.517524
    outer loop
      vertex 125.827 13.4177 3.2
      vertex 123.952 12.9245 0
      vertex 125.769 13.7063 3.2
    endloop
  endfacet
  facet normal 0.852163 0.0968367 -0.514239
    outer loop
      vertex 123.952 12.9245 0
      vertex 125.827 13.4177 3.2
      vertex 123.953 12.9157 0
    endloop
  endfacet
  facet normal 0.71181 0.474858 -0.517529
    outer loop
      vertex 126.215 12.6303 3.2
      vertex 124.676 11.4497 0
      vertex 124.377 11.8979 0
    endloop
  endfacet
  facet normal 0.167531 0.839114 -0.517514
    outer loop
      vertex 127.291 10.8036 1.5
      vertex 127.418 11.8267 3.2
      vertex 127.706 11.7692 3.2
    endloop
  endfacet
  facet normal 0.167234 0.839167 -0.517524
    outer loop
      vertex 127.418 11.8267 3.2
      vertex 127.291 10.8036 1.5
      vertex 127.151 10.8315 1.5
    endloop
  endfacet
  facet normal 0.181667 0.835253 -0.518989
    outer loop
      vertex 126.916 9.95336 0
      vertex 127.152 10.4796 0.929531
      vertex 126.924 9.95162 0
    endloop
  endfacet
  facet normal 0.166245 0.83942 -0.517433
    outer loop
      vertex 127.152 10.4796 0.929531
      vertex 126.916 9.95336 0
      vertex 127.084 10.5809 1.07202
    endloop
  endfacet
  facet normal -0.47556 -0.711396 -0.517454
    outer loop
      vertex 129.759 16.7615 1.5
      vertex 129.997 16.6024 1.5
      vertex 129.37 15.785 3.2
    endloop
  endfacet
  facet normal 0.555629 -0.83143 0
    outer loop
      vertex 6.34743 18.7601 0
      vertex 7 19.1962 1.5
      vertex 6.34743 18.7601 1.5
    endloop
  endfacet
  facet normal 0.555629 -0.83143 0
    outer loop
      vertex 7 19.1962 1.5
      vertex 6.34743 18.7601 0
      vertex 7 19.1962 0
    endloop
  endfacet
  facet normal 0.321463 -0.946922 0
    outer loop
      vertex 7.7039 19.5433 0
      vertex 8.44709 19.7956 1.5
      vertex 7.7039 19.5433 1.5
    endloop
  endfacet
  facet normal 0.321463 -0.946922 0
    outer loop
      vertex 8.44709 19.7956 1.5
      vertex 7.7039 19.5433 0
      vertex 8.44709 19.7956 0
    endloop
  endfacet
  facet normal -0.659392 0.751799 0
    outer loop
      vertex 14.2426 9.75736 0
      vertex 13.6526 9.23988 1.5
      vertex 14.2426 9.75736 1.5
    endloop
  endfacet
  facet normal -0.659392 0.751799 0
    outer loop
      vertex 13.6526 9.23988 1.5
      vertex 14.2426 9.75736 0
      vertex 13.6526 9.23988 0
    endloop
  endfacet
  facet normal 0.321441 0.94693 -0
    outer loop
      vertex 8.44709 8.20444 0
      vertex 7.7039 8.45672 1.5
      vertex 8.44709 8.20444 1.5
    endloop
  endfacet
  facet normal 0.321441 0.94693 0
    outer loop
      vertex 7.7039 8.45672 1.5
      vertex 8.44709 8.20444 0
      vertex 7.7039 8.45672 0
    endloop
  endfacet
  facet normal -0.442263 -0.896885 0
    outer loop
      vertex 12.2961 19.5433 0
      vertex 13 19.1962 1.5
      vertex 12.2961 19.5433 1.5
    endloop
  endfacet
  facet normal -0.442263 -0.896885 -0
    outer loop
      vertex 13 19.1962 1.5
      vertex 12.2961 19.5433 0
      vertex 13 19.1962 0
    endloop
  endfacet
  facet normal 0.980784 0.195099 0
    outer loop
      vertex 4.20444 12.4471 1.5
      vertex 4.05133 13.2168 0
      vertex 4.05133 13.2168 1.5
    endloop
  endfacet
  facet normal 0.980784 0.195099 0
    outer loop
      vertex 4.05133 13.2168 0
      vertex 4.20444 12.4471 1.5
      vertex 4.20444 12.4471 0
    endloop
  endfacet
  facet normal 0.751799 -0.659392 0
    outer loop
      vertex 5.23988 17.6526 1.5
      vertex 5.75736 18.2426 0
      vertex 5.75736 18.2426 1.5
    endloop
  endfacet
  facet normal 0.751799 -0.659392 0
    outer loop
      vertex 5.75736 18.2426 0
      vertex 5.23988 17.6526 1.5
      vertex 5.23988 17.6526 0
    endloop
  endfacet
  facet normal 0.442294 0.89687 -0
    outer loop
      vertex 7.7039 8.45672 0
      vertex 7 8.80385 1.5
      vertex 7.7039 8.45672 1.5
    endloop
  endfacet
  facet normal 0.442294 0.89687 0
    outer loop
      vertex 7 8.80385 1.5
      vertex 7.7039 8.45672 0
      vertex 7 8.80385 0
    endloop
  endfacet
  facet normal 0.751822 0.659367 0
    outer loop
      vertex 5.75736 9.75736 1.5
      vertex 5.23988 10.3474 0
      vertex 5.23988 10.3474 1.5
    endloop
  endfacet
  facet normal 0.751822 0.659367 0
    outer loop
      vertex 5.23988 10.3474 0
      vertex 5.75736 9.75736 1.5
      vertex 5.75736 9.75736 0
    endloop
  endfacet
  facet normal -0.321437 0.946931 0
    outer loop
      vertex 12.2961 8.45672 0
      vertex 11.5529 8.20444 1.5
      vertex 12.2961 8.45672 1.5
    endloop
  endfacet
  facet normal -0.321437 0.946931 0
    outer loop
      vertex 11.5529 8.20444 1.5
      vertex 12.2961 8.45672 0
      vertex 11.5529 8.20444 0
    endloop
  endfacet
  facet normal 0.831483 0.55555 0
    outer loop
      vertex 5.23988 10.3474 1.5
      vertex 4.80385 11 0
      vertex 4.80385 11 1.5
    endloop
  endfacet
  facet normal 0.831483 0.55555 0
    outer loop
      vertex 4.80385 11 0
      vertex 5.23988 10.3474 1.5
      vertex 5.23988 10.3474 0
    endloop
  endfacet
  facet normal 0.0653638 -0.997862 0
    outer loop
      vertex 9.21684 19.9487 0
      vertex 10 20 1.5
      vertex 9.21684 19.9487 1.5
    endloop
  endfacet
  facet normal 0.0653638 -0.997862 0
    outer loop
      vertex 10 20 1.5
      vertex 9.21684 19.9487 0
      vertex 10 20 0
    endloop
  endfacet
  facet normal 0.946931 0.321437 0
    outer loop
      vertex 4.45672 11.7039 1.5
      vertex 4.20444 12.4471 0
      vertex 4.20444 12.4471 1.5
    endloop
  endfacet
  facet normal 0.946931 0.321437 0
    outer loop
      vertex 4.20444 12.4471 0
      vertex 4.45672 11.7039 1.5
      vertex 4.45672 11.7039 0
    endloop
  endfacet
  facet normal 0.659348 0.751838 -0
    outer loop
      vertex 6.34743 9.23988 0
      vertex 5.75736 9.75736 1.5
      vertex 6.34743 9.23988 1.5
    endloop
  endfacet
  facet normal 0.659348 0.751838 0
    outer loop
      vertex 5.75736 9.75736 1.5
      vertex 6.34743 9.23988 0
      vertex 5.75736 9.75736 0
    endloop
  endfacet
  facet normal -0.555611 -0.831442 0
    outer loop
      vertex 13 19.1962 0
      vertex 13.6526 18.7601 1.5
      vertex 13 19.1962 1.5
    endloop
  endfacet
  facet normal -0.555611 -0.831442 -0
    outer loop
      vertex 13.6526 18.7601 1.5
      vertex 13 19.1962 0
      vertex 13.6526 18.7601 0
    endloop
  endfacet
  facet normal -0.442294 0.89687 0
    outer loop
      vertex 13 8.80385 0
      vertex 12.2961 8.45672 1.5
      vertex 13 8.80385 1.5
    endloop
  endfacet
  facet normal -0.442294 0.89687 0
    outer loop
      vertex 12.2961 8.45672 1.5
      vertex 13 8.80385 0
      vertex 12.2961 8.45672 0
    endloop
  endfacet
  facet normal 0.980784 -0.195099 0
    outer loop
      vertex 4.05133 14.7832 1.5
      vertex 4.20444 15.5529 0
      vertex 4.20444 15.5529 1.5
    endloop
  endfacet
  facet normal 0.980784 -0.195099 0
    outer loop
      vertex 4.20444 15.5529 0
      vertex 4.05133 14.7832 1.5
      vertex 4.05133 14.7832 0
    endloop
  endfacet
  facet normal -0.195099 0.980784 0
    outer loop
      vertex 11.5529 8.20444 0
      vertex 10.7832 8.05133 1.5
      vertex 11.5529 8.20444 1.5
    endloop
  endfacet
  facet normal -0.195099 0.980784 0
    outer loop
      vertex 10.7832 8.05133 1.5
      vertex 11.5529 8.20444 0
      vertex 10.7832 8.05133 0
    endloop
  endfacet
  facet normal 0.946931 -0.321437 0
    outer loop
      vertex 4.20444 15.5529 1.5
      vertex 4.45672 16.2961 0
      vertex 4.45672 16.2961 1.5
    endloop
  endfacet
  facet normal 0.946931 -0.321437 0
    outer loop
      vertex 4.45672 16.2961 0
      vertex 4.20444 15.5529 1.5
      vertex 4.20444 15.5529 0
    endloop
  endfacet
  facet normal -0.831566 -0.555426 0
    outer loop
      vertex 14.8484 17.5204 0.929533
      vertex 14.7601 17.6526 1.5
      vertex 14.7601 17.6526 0.743675
    endloop
  endfacet
  facet normal -0.831455 -0.555593 5.58824e-05
    outer loop
      vertex 14.9161 17.4191 1.07202
      vertex 14.7601 17.6526 1.5
      vertex 14.8484 17.5204 0.929533
    endloop
  endfacet
  facet normal -0.831538 -0.555468 -4.24325e-05
    outer loop
      vertex 15.0036 17.2881 1.23056
      vertex 14.7601 17.6526 1.5
      vertex 14.9161 17.4191 1.07202
    endloop
  endfacet
  facet normal -0.831483 -0.55555 0.000117761
    outer loop
      vertex 14.7601 17.6526 1.5
      vertex 15.0036 17.2881 1.23056
      vertex 15.1523 17.0656 1.5
    endloop
  endfacet
  facet normal -0.32146 -0.946923 0
    outer loop
      vertex 11.5529 19.7956 0
      vertex 12.2961 19.5433 1.5
      vertex 11.5529 19.7956 1.5
    endloop
  endfacet
  facet normal -0.32146 -0.946923 -0
    outer loop
      vertex 12.2961 19.5433 1.5
      vertex 11.5529 19.7956 0
      vertex 12.2961 19.5433 0
    endloop
  endfacet
  facet normal 0.195075 -0.980788 0
    outer loop
      vertex 8.44709 19.7956 0
      vertex 9.21684 19.9487 1.5
      vertex 8.44709 19.7956 1.5
    endloop
  endfacet
  facet normal 0.195075 -0.980788 0
    outer loop
      vertex 9.21684 19.9487 1.5
      vertex 8.44709 19.7956 0
      vertex 9.21684 19.9487 0
    endloop
  endfacet
  facet normal -0.751242 -0.660027 -0.000867036
    outer loop
      vertex 14.4849 17.9664 0.315491
      vertex 14.2426 18.2426 0
      vertex 14.307 18.1693 0
    endloop
  endfacet
  facet normal -0.751733 -0.659468 0
    outer loop
      vertex 14.2426 18.2426 0
      vertex 14.4849 17.9664 0.315491
      vertex 14.2426 18.2426 1.5
    endloop
  endfacet
  facet normal -0.752167 -0.658972 -0.000204325
    outer loop
      vertex 14.5173 17.9294 0.372995
      vertex 14.2426 18.2426 1.5
      vertex 14.4849 17.9664 0.315491
    endloop
  endfacet
  facet normal -0.751778 -0.659416 1.40502e-05
    outer loop
      vertex 14.7601 17.6526 0.743675
      vertex 14.2426 18.2426 1.5
      vertex 14.5173 17.9294 0.372995
    endloop
  endfacet
  facet normal -0.751787 -0.659406 0
    outer loop
      vertex 14.2426 18.2426 1.5
      vertex 14.7601 17.6526 0.743675
      vertex 14.7601 17.6526 1.5
    endloop
  endfacet
  facet normal -0.659406 -0.751787 0
    outer loop
      vertex 13.6526 18.7601 0
      vertex 14.2426 18.2426 1.5
      vertex 13.6526 18.7601 1.5
    endloop
  endfacet
  facet normal -0.659406 -0.751787 -0
    outer loop
      vertex 14.2426 18.2426 1.5
      vertex 13.6526 18.7601 0
      vertex 14.2426 18.2426 0
    endloop
  endfacet
  facet normal 0.195087 0.980786 -0
    outer loop
      vertex 9.21684 8.05133 0
      vertex 8.44709 8.20444 1.5
      vertex 9.21684 8.05133 1.5
    endloop
  endfacet
  facet normal 0.195087 0.980786 0
    outer loop
      vertex 8.44709 8.20444 1.5
      vertex 9.21684 8.05133 0
      vertex 8.44709 8.20444 0
    endloop
  endfacet
  facet normal -0.55555 0.831483 0
    outer loop
      vertex 13.6526 9.23988 0
      vertex 13 8.80385 1.5
      vertex 13.6526 9.23988 1.5
    endloop
  endfacet
  facet normal -0.55555 0.831483 0
    outer loop
      vertex 13 8.80385 1.5
      vertex 13.6526 9.23988 0
      vertex 13 8.80385 0
    endloop
  endfacet
  facet normal 0.555567 0.831472 -0
    outer loop
      vertex 7 8.80385 0
      vertex 6.34743 9.23988 1.5
      vertex 7 8.80385 1.5
    endloop
  endfacet
  facet normal 0.555567 0.831472 0
    outer loop
      vertex 6.34743 9.23988 1.5
      vertex 7 8.80385 0
      vertex 6.34743 9.23988 0
    endloop
  endfacet
  facet normal 0.442263 -0.896885 0
    outer loop
      vertex 7 19.1962 0
      vertex 7.7039 19.5433 1.5
      vertex 7 19.1962 1.5
    endloop
  endfacet
  facet normal 0.442263 -0.896885 0
    outer loop
      vertex 7.7039 19.5433 1.5
      vertex 7 19.1962 0
      vertex 7.7039 19.5433 0
    endloop
  endfacet
  facet normal 0.831483 -0.55555 0
    outer loop
      vertex 4.80385 17 1.5
      vertex 5.23988 17.6526 0
      vertex 5.23988 17.6526 1.5
    endloop
  endfacet
  facet normal 0.831483 -0.55555 0
    outer loop
      vertex 5.23988 17.6526 0
      vertex 4.80385 17 1.5
      vertex 4.80385 17 0
    endloop
  endfacet
  facet normal 0.89687 -0.442294 0
    outer loop
      vertex 4.45672 16.2961 1.5
      vertex 4.80385 17 0
      vertex 4.80385 17 1.5
    endloop
  endfacet
  facet normal 0.89687 -0.442294 0
    outer loop
      vertex 4.80385 17 0
      vertex 4.45672 16.2961 1.5
      vertex 4.45672 16.2961 0
    endloop
  endfacet
  facet normal 0.89687 0.442294 0
    outer loop
      vertex 4.80385 11 1.5
      vertex 4.45672 11.7039 0
      vertex 4.45672 11.7039 1.5
    endloop
  endfacet
  facet normal 0.89687 0.442294 0
    outer loop
      vertex 4.45672 11.7039 0
      vertex 4.80385 11 1.5
      vertex 4.80385 11 0
    endloop
  endfacet
  facet normal -0.751789 0.659404 3.11066e-05
    outer loop
      vertex 14.2426 9.75736 1.5
      vertex 14.7601 10.3474 0.743673
      vertex 14.5173 10.0706 0.372994
    endloop
  endfacet
  facet normal -0.75218 0.658958 -0.000187995
    outer loop
      vertex 14.2426 9.75736 1.5
      vertex 14.5173 10.0706 0.372994
      vertex 14.4849 10.0336 0.31549
    endloop
  endfacet
  facet normal -0.751554 0.659671 -0.000399519
    outer loop
      vertex 14.2426 9.75736 0
      vertex 14.4849 10.0336 0.31549
      vertex 14.307 9.83073 0
    endloop
  endfacet
  facet normal -0.75178 0.659414 0
    outer loop
      vertex 14.4849 10.0336 0.31549
      vertex 14.2426 9.75736 0
      vertex 14.2426 9.75736 1.5
    endloop
  endfacet
  facet normal -0.751809 0.659381 0
    outer loop
      vertex 14.7601 10.3474 0.743673
      vertex 14.2426 9.75736 1.5
      vertex 14.7601 10.3474 1.5
    endloop
  endfacet
  facet normal -0.0653985 0.997859 0
    outer loop
      vertex 10.7832 8.05133 0
      vertex 10 8 1.5
      vertex 10.7832 8.05133 1.5
    endloop
  endfacet
  facet normal -0.0653985 0.997859 0
    outer loop
      vertex 10 8 1.5
      vertex 10.7832 8.05133 0
      vertex 10 8 0
    endloop
  endfacet
  facet normal -0.831538 0.555468 -4.24325e-05
    outer loop
      vertex 14.7601 10.3474 1.5
      vertex 15.0036 10.7119 1.23056
      vertex 14.9161 10.5809 1.07202
    endloop
  endfacet
  facet normal -0.831566 0.555426 0
    outer loop
      vertex 14.7601 10.3474 1.5
      vertex 14.8484 10.4796 0.929533
      vertex 14.7601 10.3474 0.743673
    endloop
  endfacet
  facet normal -0.831483 0.55555 0.000117761
    outer loop
      vertex 15.0036 10.7119 1.23056
      vertex 14.7601 10.3474 1.5
      vertex 15.1523 10.9344 1.5
    endloop
  endfacet
  facet normal -0.831455 0.555593 5.58824e-05
    outer loop
      vertex 14.8484 10.4796 0.929533
      vertex 14.7601 10.3474 1.5
      vertex 14.9161 10.5809 1.07202
    endloop
  endfacet
  facet normal -0.0653605 -0.997862 0
    outer loop
      vertex 10 20 0
      vertex 10.7832 19.9487 1.5
      vertex 10 20 1.5
    endloop
  endfacet
  facet normal -0.0653605 -0.997862 -0
    outer loop
      vertex 10.7832 19.9487 1.5
      vertex 10 20 0
      vertex 10.7832 19.9487 0
    endloop
  endfacet
  facet normal -0.195087 -0.980786 0
    outer loop
      vertex 10.7832 19.9487 0
      vertex 11.5529 19.7956 1.5
      vertex 10.7832 19.9487 1.5
    endloop
  endfacet
  facet normal -0.195087 -0.980786 -0
    outer loop
      vertex 11.5529 19.7956 1.5
      vertex 10.7832 19.9487 0
      vertex 11.5529 19.7956 0
    endloop
  endfacet
  facet normal 0.997859 0.0653985 0
    outer loop
      vertex 4.05133 13.2168 1.5
      vertex 4 14 0
      vertex 4 14 1.5
    endloop
  endfacet
  facet normal 0.997859 0.0653985 0
    outer loop
      vertex 4 14 0
      vertex 4.05133 13.2168 1.5
      vertex 4.05133 13.2168 0
    endloop
  endfacet
  facet normal 0.997859 -0.0653985 0
    outer loop
      vertex 4 14 1.5
      vertex 4.05133 14.7832 0
      vertex 4.05133 14.7832 1.5
    endloop
  endfacet
  facet normal 0.997859 -0.0653985 0
    outer loop
      vertex 4.05133 14.7832 0
      vertex 4 14 1.5
      vertex 4 14 0
    endloop
  endfacet
  facet normal 0.659362 -0.751826 0
    outer loop
      vertex 5.75736 18.2426 0
      vertex 6.34743 18.7601 1.5
      vertex 5.75736 18.2426 1.5
    endloop
  endfacet
  facet normal 0.659362 -0.751826 0
    outer loop
      vertex 6.34743 18.7601 1.5
      vertex 5.75736 18.2426 0
      vertex 6.34743 18.7601 0
    endloop
  endfacet
  facet normal 0 0 -1
    outer loop
      vertex 14.7601 10.3474 1.5
      vertex 14.9841 10.8773 1.5
      vertex 15.1523 10.9344 1.5
    endloop
  endfacet
  facet normal 0 0 -1
    outer loop
      vertex 14.7601 10.3474 1.5
      vertex 14.849 10.8315 1.5
      vertex 14.9841 10.8773 1.5
    endloop
  endfacet
  facet normal 0 0 -1
    outer loop
      vertex 14.7601 10.3474 1.5
      vertex 14.709 10.8036 1.5
      vertex 14.849 10.8315 1.5
    endloop
  endfacet
  facet normal 0 0 -1
    outer loop
      vertex 14.7601 10.3474 1.5
      vertex 14.4282 10.7478 1.5
      vertex 14.709 10.8036 1.5
    endloop
  endfacet
  facet normal 0 0 -1
    outer loop
      vertex 14.7601 10.3474 1.5
      vertex 14.2858 10.7384 1.5
      vertex 14.4282 10.7478 1.5
    endloop
  endfacet
  facet normal 0 0 -1
    outer loop
      vertex 14.2426 9.75736 1.5
      vertex 14.2858 10.7384 1.5
      vertex 14.7601 10.3474 1.5
    endloop
  endfacet
  facet normal 0 0 -1
    outer loop
      vertex 14.2426 9.75736 1.5
      vertex 14 10.7197 1.5
      vertex 14.2858 10.7384 1.5
    endloop
  endfacet
  facet normal 0 0 -1
    outer loop
      vertex 14.2426 9.75736 1.5
      vertex 13.7142 10.7384 1.5
      vertex 14 10.7197 1.5
    endloop
  endfacet
  facet normal 0 0 -1
    outer loop
      vertex 13.5718 10.7478 1.5
      vertex 14.2426 9.75736 1.5
      vertex 13.6526 9.23988 1.5
    endloop
  endfacet
  facet normal 0 0 -1
    outer loop
      vertex 14.2426 9.75736 1.5
      vertex 13.5718 10.7478 1.5
      vertex 13.7142 10.7384 1.5
    endloop
  endfacet
  facet normal 0 0 -1
    outer loop
      vertex 13.6526 9.23988 1.5
      vertex 13.291 10.8036 1.5
      vertex 13.5718 10.7478 1.5
    endloop
  endfacet
  facet normal 0 0 -1
    outer loop
      vertex 13.6526 9.23988 1.5
      vertex 13.151 10.8315 1.5
      vertex 13.291 10.8036 1.5
    endloop
  endfacet
  facet normal 0 0 -1
    outer loop
      vertex 13 8.80385 1.5
      vertex 13.151 10.8315 1.5
      vertex 13.6526 9.23988 1.5
    endloop
  endfacet
  facet normal -0 0 -1
    outer loop
      vertex 13.151 10.8315 1.5
      vertex 13 8.80385 1.5
      vertex 13.0159 10.8773 1.5
    endloop
  endfacet
  facet normal 0 0 -1
    outer loop
      vertex 13 8.80385 1.5
      vertex 12.7447 10.9694 1.5
      vertex 13.0159 10.8773 1.5
    endloop
  endfacet
  facet normal 0 0 -1
    outer loop
      vertex 13 8.80385 1.5
      vertex 12.6167 11.0325 1.5
      vertex 12.7447 10.9694 1.5
    endloop
  endfacet
  facet normal 0 0 -1
    outer loop
      vertex 12.2961 8.45672 1.5
      vertex 12.6167 11.0325 1.5
      vertex 13 8.80385 1.5
    endloop
  endfacet
  facet normal -0 0 -1
    outer loop
      vertex 12.6167 11.0325 1.5
      vertex 12.2961 8.45672 1.5
      vertex 12.3598 11.1592 1.5
    endloop
  endfacet
  facet normal 0 0 -1
    outer loop
      vertex 11.5529 8.20444 1.5
      vertex 12.3598 11.1592 1.5
      vertex 12.2961 8.45672 1.5
    endloop
  endfacet
  facet normal -0 0 -1
    outer loop
      vertex 12.3598 11.1592 1.5
      vertex 11.5529 8.20444 1.5
      vertex 12.2412 11.2385 1.5
    endloop
  endfacet
  facet normal -0 0 -1
    outer loop
      vertex 12.2412 11.2385 1.5
      vertex 11.5529 8.20444 1.5
      vertex 12.0031 11.3976 1.5
    endloop
  endfacet
  facet normal 0 0 -1
    outer loop
      vertex 10.7832 8.05133 1.5
      vertex 12.0031 11.3976 1.5
      vertex 11.5529 8.20444 1.5
    endloop
  endfacet
  facet normal -0 0 -1
    outer loop
      vertex 12.0031 11.3976 1.5
      vertex 10.7832 8.05133 1.5
      vertex 11.8958 11.4916 1.5
    endloop
  endfacet
  facet normal -0 0 -1
    outer loop
      vertex 11.8958 11.4916 1.5
      vertex 10.7832 8.05133 1.5
      vertex 11.6805 11.6805 1.5
    endloop
  endfacet
  facet normal 0 0 -1
    outer loop
      vertex 10 8 1.5
      vertex 11.6805 11.6805 1.5
      vertex 10.7832 8.05133 1.5
    endloop
  endfacet
  facet normal -0 0 -1
    outer loop
      vertex 11.6805 11.6805 1.5
      vertex 10 8 1.5
      vertex 11.4916 11.8958 1.5
    endloop
  endfacet
  facet normal 0 0 -1
    outer loop
      vertex 9.21684 8.05133 1.5
      vertex 11.4916 11.8958 1.5
      vertex 10 8 1.5
    endloop
  endfacet
  facet normal -0 0 -1
    outer loop
      vertex 11.4916 11.8958 1.5
      vertex 9.21684 8.05133 1.5
      vertex 11.3976 12.0031 1.5
    endloop
  endfacet
  facet normal 0 0 -1
    outer loop
      vertex 8.44709 8.20444 1.5
      vertex 11.3976 12.0031 1.5
      vertex 9.21684 8.05133 1.5
    endloop
  endfacet
  facet normal -0 0 -1
    outer loop
      vertex 11.3976 12.0031 1.5
      vertex 8.44709 8.20444 1.5
      vertex 11.2385 12.2412 1.5
    endloop
  endfacet
  facet normal -0 0 -1
    outer loop
      vertex 11.2385 12.2412 1.5
      vertex 8.44709 8.20444 1.5
      vertex 11.1592 12.3598 1.5
    endloop
  endfacet
  facet normal 0 0 -1
    outer loop
      vertex 7.7039 8.45672 1.5
      vertex 11.1592 12.3598 1.5
      vertex 8.44709 8.20444 1.5
    endloop
  endfacet
  facet normal 0 0 -1
    outer loop
      vertex 7 8.80385 1.5
      vertex 11.1592 12.3598 1.5
      vertex 7.7039 8.45672 1.5
    endloop
  endfacet
  facet normal -0 0 -1
    outer loop
      vertex 11.1592 12.3598 1.5
      vertex 7 8.80385 1.5
      vertex 11.0325 12.6167 1.5
    endloop
  endfacet
  facet normal -0 0 -1
    outer loop
      vertex 11.0325 12.6167 1.5
      vertex 7 8.80385 1.5
      vertex 10.9694 12.7447 1.5
    endloop
  endfacet
  facet normal 0 0 -1
    outer loop
      vertex 6.34743 9.23988 1.5
      vertex 10.9694 12.7447 1.5
      vertex 7 8.80385 1.5
    endloop
  endfacet
  facet normal 0 0 -1
    outer loop
      vertex 5.75736 9.75736 1.5
      vertex 10.9694 12.7447 1.5
      vertex 6.34743 9.23988 1.5
    endloop
  endfacet
  facet normal 0 0 -1
    outer loop
      vertex 14.7601 17.6526 1.5
      vertex 14.9841 17.1227 1.5
      vertex 14.849 17.1685 1.5
    endloop
  endfacet
  facet normal 0 0 -1
    outer loop
      vertex 14.9841 17.1227 1.5
      vertex 14.7601 17.6526 1.5
      vertex 15.1523 17.0656 1.5
    endloop
  endfacet
  facet normal 0 0 -1
    outer loop
      vertex 14.709 17.1964 1.5
      vertex 14.7601 17.6526 1.5
      vertex 14.849 17.1685 1.5
    endloop
  endfacet
  facet normal 0 0 -1
    outer loop
      vertex 14.4282 17.2522 1.5
      vertex 14.7601 17.6526 1.5
      vertex 14.709 17.1964 1.5
    endloop
  endfacet
  facet normal 0 0 -1
    outer loop
      vertex 14.2858 17.2616 1.5
      vertex 14.7601 17.6526 1.5
      vertex 14.4282 17.2522 1.5
    endloop
  endfacet
  facet normal 0 0 -1
    outer loop
      vertex 14.2858 17.2616 1.5
      vertex 14.2426 18.2426 1.5
      vertex 14.7601 17.6526 1.5
    endloop
  endfacet
  facet normal 0 0 -1
    outer loop
      vertex 14 17.2803 1.5
      vertex 14.2426 18.2426 1.5
      vertex 14.2858 17.2616 1.5
    endloop
  endfacet
  facet normal 0 0 -1
    outer loop
      vertex 13.7142 17.2616 1.5
      vertex 14.2426 18.2426 1.5
      vertex 14 17.2803 1.5
    endloop
  endfacet
  facet normal 0 0 -1
    outer loop
      vertex 13.5718 17.2522 1.5
      vertex 14.2426 18.2426 1.5
      vertex 13.7142 17.2616 1.5
    endloop
  endfacet
  facet normal -0 0 -1
    outer loop
      vertex 14.2426 18.2426 1.5
      vertex 13.5718 17.2522 1.5
      vertex 13.6526 18.7601 1.5
    endloop
  endfacet
  facet normal 0 0 -1
    outer loop
      vertex 13.291 17.1964 1.5
      vertex 13.6526 18.7601 1.5
      vertex 13.5718 17.2522 1.5
    endloop
  endfacet
  facet normal 0 0 -1
    outer loop
      vertex 13.151 17.1685 1.5
      vertex 13.6526 18.7601 1.5
      vertex 13.291 17.1964 1.5
    endloop
  endfacet
  facet normal 0 0 -1
    outer loop
      vertex 13 19.1962 1.5
      vertex 13.151 17.1685 1.5
      vertex 13.0159 17.1227 1.5
    endloop
  endfacet
  facet normal 0 0 -1
    outer loop
      vertex 13.151 17.1685 1.5
      vertex 13 19.1962 1.5
      vertex 13.6526 18.7601 1.5
    endloop
  endfacet
  facet normal 0 0 -1
    outer loop
      vertex 12.7447 17.0306 1.5
      vertex 13 19.1962 1.5
      vertex 13.0159 17.1227 1.5
    endloop
  endfacet
  facet normal 0 0 -1
    outer loop
      vertex 12.6167 16.9675 1.5
      vertex 13 19.1962 1.5
      vertex 12.7447 17.0306 1.5
    endloop
  endfacet
  facet normal 0 0 -1
    outer loop
      vertex 12.2961 19.5433 1.5
      vertex 12.6167 16.9675 1.5
      vertex 12.3598 16.8408 1.5
    endloop
  endfacet
  facet normal 0 0 -1
    outer loop
      vertex 12.6167 16.9675 1.5
      vertex 12.2961 19.5433 1.5
      vertex 13 19.1962 1.5
    endloop
  endfacet
  facet normal 0 0 -1
    outer loop
      vertex 11.5529 19.7956 1.5
      vertex 12.3598 16.8408 1.5
      vertex 12.2412 16.7615 1.5
    endloop
  endfacet
  facet normal 0 0 -1
    outer loop
      vertex 11.5529 19.7956 1.5
      vertex 12.2412 16.7615 1.5
      vertex 12.0031 16.6024 1.5
    endloop
  endfacet
  facet normal 0 0 -1
    outer loop
      vertex 10.7832 19.9487 1.5
      vertex 12.0031 16.6024 1.5
      vertex 11.8958 16.5084 1.5
    endloop
  endfacet
  facet normal 0 0 -1
    outer loop
      vertex 10.7832 19.9487 1.5
      vertex 11.8958 16.5084 1.5
      vertex 11.6805 16.3195 1.5
    endloop
  endfacet
  facet normal 0 0 -1
    outer loop
      vertex 12.3598 16.8408 1.5
      vertex 11.5529 19.7956 1.5
      vertex 12.2961 19.5433 1.5
    endloop
  endfacet
  facet normal 0 0 -1
    outer loop
      vertex 10 20 1.5
      vertex 11.6805 16.3195 1.5
      vertex 11.4916 16.1042 1.5
    endloop
  endfacet
  facet normal 0 0 -1
    outer loop
      vertex 9.21684 19.9487 1.5
      vertex 11.4916 16.1042 1.5
      vertex 11.3976 15.9969 1.5
    endloop
  endfacet
  facet normal 0 0 -1
    outer loop
      vertex 8.44709 19.7956 1.5
      vertex 11.3976 15.9969 1.5
      vertex 11.2385 15.7588 1.5
    endloop
  endfacet
  facet normal 0 0 -1
    outer loop
      vertex 8.44709 19.7956 1.5
      vertex 11.2385 15.7588 1.5
      vertex 11.1592 15.6402 1.5
    endloop
  endfacet
  facet normal 0 0 -1
    outer loop
      vertex 7 19.1962 1.5
      vertex 11.1592 15.6402 1.5
      vertex 11.0325 15.3833 1.5
    endloop
  endfacet
  facet normal 0 0 -1
    outer loop
      vertex 7 19.1962 1.5
      vertex 11.0325 15.3833 1.5
      vertex 10.9694 15.2553 1.5
    endloop
  endfacet
  facet normal 0 0 -1
    outer loop
      vertex 5.75736 18.2426 1.5
      vertex 10.9694 15.2553 1.5
      vertex 10.8773 14.9841 1.5
    endloop
  endfacet
  facet normal 0 0 -1
    outer loop
      vertex 5.75736 18.2426 1.5
      vertex 10.8773 14.9841 1.5
      vertex 10.8315 14.849 1.5
    endloop
  endfacet
  facet normal 0 0 -1
    outer loop
      vertex 4.80385 17 1.5
      vertex 10.8315 14.849 1.5
      vertex 10.8036 14.709 1.5
    endloop
  endfacet
  facet normal 0 0 -1
    outer loop
      vertex 12.0031 16.6024 1.5
      vertex 10.7832 19.9487 1.5
      vertex 11.5529 19.7956 1.5
    endloop
  endfacet
  facet normal 0 0 -1
    outer loop
      vertex 4.80385 17 1.5
      vertex 10.8036 14.709 1.5
      vertex 10.7478 14.4282 1.5
    endloop
  endfacet
  facet normal 0 0 -1
    outer loop
      vertex 4.20444 15.5529 1.5
      vertex 10.7478 14.4282 1.5
      vertex 10.7384 14.2858 1.5
    endloop
  endfacet
  facet normal 0 0 -1
    outer loop
      vertex 4.05133 14.7832 1.5
      vertex 10.7384 14.2858 1.5
      vertex 10.7197 14 1.5
    endloop
  endfacet
  facet normal -0 0 -1
    outer loop
      vertex 10.9694 12.7447 1.5
      vertex 5.75736 9.75736 1.5
      vertex 10.8773 13.0159 1.5
    endloop
  endfacet
  facet normal 0 0 -1
    outer loop
      vertex 11.6805 16.3195 1.5
      vertex 10 20 1.5
      vertex 10.7832 19.9487 1.5
    endloop
  endfacet
  facet normal -0 0 -1
    outer loop
      vertex 10.8773 13.0159 1.5
      vertex 5.75736 9.75736 1.5
      vertex 10.8315 13.151 1.5
    endloop
  endfacet
  facet normal 0 0 -1
    outer loop
      vertex 11.4916 16.1042 1.5
      vertex 9.21684 19.9487 1.5
      vertex 10 20 1.5
    endloop
  endfacet
  facet normal 0 0 -1
    outer loop
      vertex 5.23988 10.3474 1.5
      vertex 10.8315 13.151 1.5
      vertex 5.75736 9.75736 1.5
    endloop
  endfacet
  facet normal 0 0 -1
    outer loop
      vertex 11.3976 15.9969 1.5
      vertex 8.44709 19.7956 1.5
      vertex 9.21684 19.9487 1.5
    endloop
  endfacet
  facet normal 0 0 -1
    outer loop
      vertex 4.80385 11 1.5
      vertex 10.8315 13.151 1.5
      vertex 5.23988 10.3474 1.5
    endloop
  endfacet
  facet normal 0 0 -1
    outer loop
      vertex 11.1592 15.6402 1.5
      vertex 7.7039 19.5433 1.5
      vertex 8.44709 19.7956 1.5
    endloop
  endfacet
  facet normal -0 0 -1
    outer loop
      vertex 10.8315 13.151 1.5
      vertex 4.80385 11 1.5
      vertex 10.8036 13.291 1.5
    endloop
  endfacet
  facet normal 0 0 -1
    outer loop
      vertex 11.1592 15.6402 1.5
      vertex 7 19.1962 1.5
      vertex 7.7039 19.5433 1.5
    endloop
  endfacet
  facet normal -0 0 -1
    outer loop
      vertex 10.8036 13.291 1.5
      vertex 4.80385 11 1.5
      vertex 10.7478 13.5718 1.5
    endloop
  endfacet
  facet normal 0 0 -1
    outer loop
      vertex 10.9694 15.2553 1.5
      vertex 6.34743 18.7601 1.5
      vertex 7 19.1962 1.5
    endloop
  endfacet
  facet normal 0 0 -1
    outer loop
      vertex 4.45672 11.7039 1.5
      vertex 10.7478 13.5718 1.5
      vertex 4.80385 11 1.5
    endloop
  endfacet
  facet normal 0 0 -1
    outer loop
      vertex 10.9694 15.2553 1.5
      vertex 5.75736 18.2426 1.5
      vertex 6.34743 18.7601 1.5
    endloop
  endfacet
  facet normal 0 0 -1
    outer loop
      vertex 4.20444 12.4471 1.5
      vertex 10.7478 13.5718 1.5
      vertex 4.45672 11.7039 1.5
    endloop
  endfacet
  facet normal 0 0 -1
    outer loop
      vertex 10.8315 14.849 1.5
      vertex 5.23988 17.6526 1.5
      vertex 5.75736 18.2426 1.5
    endloop
  endfacet
  facet normal -0 0 -1
    outer loop
      vertex 10.7478 13.5718 1.5
      vertex 4.20444 12.4471 1.5
      vertex 10.7384 13.7142 1.5
    endloop
  endfacet
  facet normal 0 0 -1
    outer loop
      vertex 10.8315 14.849 1.5
      vertex 4.80385 17 1.5
      vertex 5.23988 17.6526 1.5
    endloop
  endfacet
  facet normal 0 0 -1
    outer loop
      vertex 4.05133 13.2168 1.5
      vertex 10.7384 13.7142 1.5
      vertex 4.20444 12.4471 1.5
    endloop
  endfacet
  facet normal 0 0 -1
    outer loop
      vertex 10.7478 14.4282 1.5
      vertex 4.45672 16.2961 1.5
      vertex 4.80385 17 1.5
    endloop
  endfacet
  facet normal -0 0 -1
    outer loop
      vertex 10.7384 13.7142 1.5
      vertex 4.05133 13.2168 1.5
      vertex 10.7197 14 1.5
    endloop
  endfacet
  facet normal 0 0 -1
    outer loop
      vertex 10.7478 14.4282 1.5
      vertex 4.20444 15.5529 1.5
      vertex 4.45672 16.2961 1.5
    endloop
  endfacet
  facet normal 0 0 -1
    outer loop
      vertex 4 14 1.5
      vertex 10.7197 14 1.5
      vertex 4.05133 13.2168 1.5
    endloop
  endfacet
  facet normal 0 0 -1
    outer loop
      vertex 10.7384 14.2858 1.5
      vertex 4.05133 14.7832 1.5
      vertex 4.20444 15.5529 1.5
    endloop
  endfacet
  facet normal 0 0 -1
    outer loop
      vertex 10.7197 14 1.5
      vertex 4 14 1.5
      vertex 4.05133 14.7832 1.5
    endloop
  endfacet
  facet normal 0.0654018 0.997859 -0
    outer loop
      vertex 10 8 0
      vertex 9.21684 8.05133 1.5
      vertex 10 8 1.5
    endloop
  endfacet
  facet normal 0.0654018 0.997859 0
    outer loop
      vertex 9.21684 8.05133 1.5
      vertex 10 8 0
      vertex 9.21684 8.05133 0
    endloop
  endfacet
  facet normal -0.98081 -0.194964 0
    outer loop
      vertex 137.949 14.7832 0
      vertex 137.796 15.5529 1.5
      vertex 137.796 15.5529 0
    endloop
  endfacet
  facet normal -0.98081 -0.194964 0
    outer loop
      vertex 137.796 15.5529 1.5
      vertex 137.949 14.7832 0
      vertex 137.949 14.7832 1.5
    endloop
  endfacet
  facet normal -0.997887 -0.0649798 0
    outer loop
      vertex 138 14 0
      vertex 137.949 14.7832 1.5
      vertex 137.949 14.7832 0
    endloop
  endfacet
  facet normal -0.997887 -0.0649798 0
    outer loop
      vertex 137.949 14.7832 1.5
      vertex 138 14 0
      vertex 138 14 1.5
    endloop
  endfacet
  facet normal -0.946652 -0.322259 0
    outer loop
      vertex 137.796 15.5529 0
      vertex 137.543 16.2961 1.5
      vertex 137.543 16.2961 0
    endloop
  endfacet
  facet normal -0.946652 -0.322259 0
    outer loop
      vertex 137.543 16.2961 1.5
      vertex 137.796 15.5529 0
      vertex 137.796 15.5529 1.5
    endloop
  endfacet
  facet normal 0.555376 -0.831599 0
    outer loop
      vertex 128.347 18.7601 0
      vertex 129 19.1962 1.5
      vertex 128.347 18.7601 1.5
    endloop
  endfacet
  facet normal 0.555376 -0.831599 0
    outer loop
      vertex 129 19.1962 1.5
      vertex 128.347 18.7601 0
      vertex 129 19.1962 0
    endloop
  endfacet
  facet normal 0.321537 -0.946897 0
    outer loop
      vertex 129.704 19.5433 0
      vertex 130.447 19.7956 1.5
      vertex 129.704 19.5433 1.5
    endloop
  endfacet
  facet normal 0.321537 -0.946897 0
    outer loop
      vertex 130.447 19.7956 1.5
      vertex 129.704 19.5433 0
      vertex 130.447 19.7956 0
    endloop
  endfacet
  facet normal -0.659392 0.751799 0
    outer loop
      vertex 136.243 9.75736 0
      vertex 135.653 9.23988 1.5
      vertex 136.243 9.75736 1.5
    endloop
  endfacet
  facet normal -0.659392 0.751799 0
    outer loop
      vertex 135.653 9.23988 1.5
      vertex 136.243 9.75736 0
      vertex 135.653 9.23988 0
    endloop
  endfacet
  facet normal 0.321514 0.946905 -0
    outer loop
      vertex 130.447 8.20444 0
      vertex 129.704 8.45672 1.5
      vertex 130.447 8.20444 1.5
    endloop
  endfacet
  facet normal 0.321514 0.946905 0
    outer loop
      vertex 129.704 8.45672 1.5
      vertex 130.447 8.20444 0
      vertex 129.704 8.45672 0
    endloop
  endfacet
  facet normal -0.896936 -0.44216 0
    outer loop
      vertex 137.543 16.2961 0
      vertex 137.196 17 1.5
      vertex 137.196 17 0
    endloop
  endfacet
  facet normal -0.896936 -0.44216 0
    outer loop
      vertex 137.196 17 1.5
      vertex 137.543 16.2961 0
      vertex 137.543 16.2961 1.5
    endloop
  endfacet
  facet normal -0.442212 -0.89691 0
    outer loop
      vertex 134.296 19.5433 0
      vertex 135 19.1962 1.5
      vertex 134.296 19.5433 1.5
    endloop
  endfacet
  facet normal -0.442212 -0.89691 -0
    outer loop
      vertex 135 19.1962 1.5
      vertex 134.296 19.5433 0
      vertex 135 19.1962 0
    endloop
  endfacet
  facet normal 0.752138 -0.659006 0
    outer loop
      vertex 127.515 17.9664 0.315489
      vertex 127.757 18.2426 0
      vertex 127.757 18.2426 1.5
    endloop
  endfacet
  facet normal 0.753275 -0.657703 0.00201305
    outer loop
      vertex 127.757 18.2426 0
      vertex 127.515 17.9664 0.315489
      vertex 127.693 18.1693 0
    endloop
  endfacet
  facet normal 0.755237 -0.65545 -0.00146217
    outer loop
      vertex 127.757 18.2426 1.5
      vertex 127.483 17.9294 0.372993
      vertex 127.515 17.9664 0.315489
    endloop
  endfacet
  facet normal 0.752103 -0.659046 0
    outer loop
      vertex 127.24 17.6526 0.743675
      vertex 127.757 18.2426 1.5
      vertex 127.24 17.6526 1.5
    endloop
  endfacet
  facet normal 0.751807 -0.659383 0.000464377
    outer loop
      vertex 127.757 18.2426 1.5
      vertex 127.24 17.6526 0.743675
      vertex 127.483 17.9294 0.372993
    endloop
  endfacet
  facet normal 0.442243 0.896895 -0
    outer loop
      vertex 129.704 8.45672 0
      vertex 129 8.80385 1.5
      vertex 129.704 8.45672 1.5
    endloop
  endfacet
  facet normal 0.442243 0.896895 0
    outer loop
      vertex 129 8.80385 1.5
      vertex 129.704 8.45672 0
      vertex 129 8.80385 0
    endloop
  endfacet
  facet normal 0.752125 0.659021 0
    outer loop
      vertex 127.757 9.75736 1.5
      vertex 127.24 10.3474 0.743673
      vertex 127.24 10.3474 1.5
    endloop
  endfacet
  facet normal 0.751819 0.65937 0.000481439
    outer loop
      vertex 127.24 10.3474 0.743673
      vertex 127.757 9.75736 1.5
      vertex 127.483 10.0706 0.372992
    endloop
  endfacet
  facet normal 0.755249 0.655436 -0.00144595
    outer loop
      vertex 127.483 10.0706 0.372992
      vertex 127.757 9.75736 1.5
      vertex 127.515 10.0336 0.315488
    endloop
  endfacet
  facet normal 0.752185 0.658952 -0
    outer loop
      vertex 127.757 9.75736 0
      vertex 127.515 10.0336 0.315488
      vertex 127.757 9.75736 1.5
    endloop
  endfacet
  facet normal 0.753585 0.657346 0.00248012
    outer loop
      vertex 127.515 10.0336 0.315488
      vertex 127.757 9.75736 0
      vertex 127.693 9.83073 0
    endloop
  endfacet
  facet normal -0.321514 0.946905 0
    outer loop
      vertex 134.296 8.45672 0
      vertex 133.553 8.20444 1.5
      vertex 134.296 8.45672 1.5
    endloop
  endfacet
  facet normal -0.321514 0.946905 0
    outer loop
      vertex 133.553 8.20444 1.5
      vertex 134.296 8.45672 0
      vertex 133.553 8.20444 0
    endloop
  endfacet
  facet normal -0.98081 0.194964 0
    outer loop
      vertex 137.796 12.4471 0
      vertex 137.949 13.2168 1.5
      vertex 137.949 13.2168 0
    endloop
  endfacet
  facet normal -0.98081 0.194964 0
    outer loop
      vertex 137.949 13.2168 1.5
      vertex 137.796 12.4471 0
      vertex 137.796 12.4471 1.5
    endloop
  endfacet
  facet normal 0.831613 0.555353 -0.00180875
    outer loop
      vertex 127.24 10.3474 1.5
      vertex 126.996 10.7119 1.23056
      vertex 126.848 10.9344 1.5
    endloop
  endfacet
  facet normal 0.830654 0.556787 0.00099945
    outer loop
      vertex 127.24 10.3474 1.5
      vertex 127.084 10.5809 1.07202
      vertex 126.996 10.7119 1.23056
    endloop
  endfacet
  facet normal 0.830811 0.556554 0.000815354
    outer loop
      vertex 127.24 10.3474 1.5
      vertex 127.152 10.4796 0.929531
      vertex 127.084 10.5809 1.07202
    endloop
  endfacet
  facet normal 0.832438 0.554119 0
    outer loop
      vertex 127.152 10.4796 0.929531
      vertex 127.24 10.3474 1.5
      vertex 127.24 10.3474 0.743673
    endloop
  endfacet
  facet normal 0.0653771 -0.997861 0
    outer loop
      vertex 131.217 19.9487 0
      vertex 132 20 1.5
      vertex 131.217 19.9487 1.5
    endloop
  endfacet
  facet normal 0.0653771 -0.997861 0
    outer loop
      vertex 132 20 1.5
      vertex 131.217 19.9487 0
      vertex 132 20 0
    endloop
  endfacet
  facet normal 0.659392 0.751799 -0
    outer loop
      vertex 128.347 9.23988 0
      vertex 127.757 9.75736 1.5
      vertex 128.347 9.23988 1.5
    endloop
  endfacet
  facet normal 0.659392 0.751799 0
    outer loop
      vertex 127.757 9.75736 1.5
      vertex 128.347 9.23988 0
      vertex 127.757 9.75736 0
    endloop
  endfacet
  facet normal -0.555376 -0.831599 0
    outer loop
      vertex 135 19.1962 0
      vertex 135.653 18.7601 1.5
      vertex 135 19.1962 1.5
    endloop
  endfacet
  facet normal -0.555376 -0.831599 -0
    outer loop
      vertex 135.653 18.7601 1.5
      vertex 135 19.1962 0
      vertex 135.653 18.7601 0
    endloop
  endfacet
  facet normal -0.946652 0.322259 0
    outer loop
      vertex 137.543 11.7039 0
      vertex 137.796 12.4471 1.5
      vertex 137.796 12.4471 0
    endloop
  endfacet
  facet normal -0.946652 0.322259 0
    outer loop
      vertex 137.796 12.4471 1.5
      vertex 137.543 11.7039 0
      vertex 137.543 11.7039 1.5
    endloop
  endfacet
  facet normal -0.442243 0.896895 0
    outer loop
      vertex 135 8.80385 0
      vertex 134.296 8.45672 1.5
      vertex 135 8.80385 1.5
    endloop
  endfacet
  facet normal -0.442243 0.896895 0
    outer loop
      vertex 134.296 8.45672 1.5
      vertex 135 8.80385 0
      vertex 134.296 8.45672 0
    endloop
  endfacet
  facet normal -0.195026 0.980798 0
    outer loop
      vertex 133.553 8.20444 0
      vertex 132.783 8.05133 1.5
      vertex 133.553 8.20444 1.5
    endloop
  endfacet
  facet normal -0.195026 0.980798 0
    outer loop
      vertex 132.783 8.05133 1.5
      vertex 133.553 8.20444 0
      vertex 132.783 8.05133 0
    endloop
  endfacet
  facet normal 0.0654151 0.997858 -0
    outer loop
      vertex 132 8 0
      vertex 131.217 8.05133 1.5
      vertex 132 8 1.5
    endloop
  endfacet
  facet normal 0.0654151 0.997858 0
    outer loop
      vertex 131.217 8.05133 1.5
      vertex 132 8 0
      vertex 131.217 8.05133 0
    endloop
  endfacet
  facet normal 0 0 -1
    outer loop
      vertex 131.28 14 1.5
      vertex 138 14 1.5
      vertex 137.949 13.2168 1.5
    endloop
  endfacet
  facet normal 0 0 -1
    outer loop
      vertex 131.262 13.7142 1.5
      vertex 137.949 13.2168 1.5
      vertex 137.796 12.4471 1.5
    endloop
  endfacet
  facet normal 0 0 -1
    outer loop
      vertex 138 14 1.5
      vertex 131.28 14 1.5
      vertex 137.949 14.7832 1.5
    endloop
  endfacet
  facet normal 0 0 -1
    outer loop
      vertex 131.252 13.5718 1.5
      vertex 137.796 12.4471 1.5
      vertex 137.543 11.7039 1.5
    endloop
  endfacet
  facet normal 0 0 -1
    outer loop
      vertex 131.262 14.2858 1.5
      vertex 137.949 14.7832 1.5
      vertex 131.28 14 1.5
    endloop
  endfacet
  facet normal 0 0 -1
    outer loop
      vertex 131.252 13.5718 1.5
      vertex 137.543 11.7039 1.5
      vertex 137.196 11 1.5
    endloop
  endfacet
  facet normal -0 0 -1
    outer loop
      vertex 137.949 14.7832 1.5
      vertex 131.262 14.2858 1.5
      vertex 137.796 15.5529 1.5
    endloop
  endfacet
  facet normal 0 0 -1
    outer loop
      vertex 131.169 13.151 1.5
      vertex 137.196 11 1.5
      vertex 136.76 10.3474 1.5
    endloop
  endfacet
  facet normal 0 0 -1
    outer loop
      vertex 131.252 14.4282 1.5
      vertex 137.796 15.5529 1.5
      vertex 131.262 14.2858 1.5
    endloop
  endfacet
  facet normal 0 0 -1
    outer loop
      vertex 131.169 13.151 1.5
      vertex 136.76 10.3474 1.5
      vertex 136.243 9.75736 1.5
    endloop
  endfacet
  facet normal -0 0 -1
    outer loop
      vertex 137.796 15.5529 1.5
      vertex 131.252 14.4282 1.5
      vertex 137.543 16.2961 1.5
    endloop
  endfacet
  facet normal 0 0 -1
    outer loop
      vertex 131.031 12.7447 1.5
      vertex 136.243 9.75736 1.5
      vertex 135.653 9.23988 1.5
    endloop
  endfacet
  facet normal -0 0 -1
    outer loop
      vertex 137.543 16.2961 1.5
      vertex 131.252 14.4282 1.5
      vertex 137.196 17 1.5
    endloop
  endfacet
  facet normal 0 0 -1
    outer loop
      vertex 131.031 12.7447 1.5
      vertex 135.653 9.23988 1.5
      vertex 135 8.80385 1.5
    endloop
  endfacet
  facet normal 0 0 -1
    outer loop
      vertex 131.196 14.709 1.5
      vertex 137.196 17 1.5
      vertex 131.252 14.4282 1.5
    endloop
  endfacet
  facet normal 0 0 -1
    outer loop
      vertex 130.841 12.3598 1.5
      vertex 135 8.80385 1.5
      vertex 134.296 8.45672 1.5
    endloop
  endfacet
  facet normal 0 0 -1
    outer loop
      vertex 131.169 14.849 1.5
      vertex 137.196 17 1.5
      vertex 131.196 14.709 1.5
    endloop
  endfacet
  facet normal 0 0 -1
    outer loop
      vertex 130.841 12.3598 1.5
      vertex 134.296 8.45672 1.5
      vertex 133.553 8.20444 1.5
    endloop
  endfacet
  facet normal -0 0 -1
    outer loop
      vertex 137.196 17 1.5
      vertex 131.169 14.849 1.5
      vertex 136.76 17.6526 1.5
    endloop
  endfacet
  facet normal 0 0 -1
    outer loop
      vertex 130.602 12.0031 1.5
      vertex 133.553 8.20444 1.5
      vertex 132.783 8.05133 1.5
    endloop
  endfacet
  facet normal -0 0 -1
    outer loop
      vertex 136.76 17.6526 1.5
      vertex 131.169 14.849 1.5
      vertex 136.243 18.2426 1.5
    endloop
  endfacet
  facet normal 0 0 -1
    outer loop
      vertex 130.508 11.8958 1.5
      vertex 132.783 8.05133 1.5
      vertex 132 8 1.5
    endloop
  endfacet
  facet normal 0 0 -1
    outer loop
      vertex 131.123 14.9841 1.5
      vertex 136.243 18.2426 1.5
      vertex 131.169 14.849 1.5
    endloop
  endfacet
  facet normal 0 0 -1
    outer loop
      vertex 131.031 15.2553 1.5
      vertex 136.243 18.2426 1.5
      vertex 131.123 14.9841 1.5
    endloop
  endfacet
  facet normal 0 0 -1
    outer loop
      vertex 137.949 13.2168 1.5
      vertex 131.262 13.7142 1.5
      vertex 131.28 14 1.5
    endloop
  endfacet
  facet normal 0 0 -1
    outer loop
      vertex 137.796 12.4471 1.5
      vertex 131.252 13.5718 1.5
      vertex 131.262 13.7142 1.5
    endloop
  endfacet
  facet normal 0 0 -1
    outer loop
      vertex 130.32 11.6805 1.5
      vertex 132 8 1.5
      vertex 131.217 8.05133 1.5
    endloop
  endfacet
  facet normal 0 0 -1
    outer loop
      vertex 137.196 11 1.5
      vertex 131.196 13.291 1.5
      vertex 131.252 13.5718 1.5
    endloop
  endfacet
  facet normal 0 0 -1
    outer loop
      vertex 137.196 11 1.5
      vertex 131.169 13.151 1.5
      vertex 131.196 13.291 1.5
    endloop
  endfacet
  facet normal 0 0 -1
    outer loop
      vertex 136.243 9.75736 1.5
      vertex 131.123 13.0159 1.5
      vertex 131.169 13.151 1.5
    endloop
  endfacet
  facet normal 0 0 -1
    outer loop
      vertex 136.243 9.75736 1.5
      vertex 131.031 12.7447 1.5
      vertex 131.123 13.0159 1.5
    endloop
  endfacet
  facet normal 0 0 -1
    outer loop
      vertex 135 8.80385 1.5
      vertex 130.967 12.6167 1.5
      vertex 131.031 12.7447 1.5
    endloop
  endfacet
  facet normal 0 0 -1
    outer loop
      vertex 135 8.80385 1.5
      vertex 130.841 12.3598 1.5
      vertex 130.967 12.6167 1.5
    endloop
  endfacet
  facet normal 0 0 -1
    outer loop
      vertex 133.553 8.20444 1.5
      vertex 130.762 12.2412 1.5
      vertex 130.841 12.3598 1.5
    endloop
  endfacet
  facet normal 0 0 -1
    outer loop
      vertex 133.553 8.20444 1.5
      vertex 130.602 12.0031 1.5
      vertex 130.762 12.2412 1.5
    endloop
  endfacet
  facet normal 0 0 -1
    outer loop
      vertex 132.783 8.05133 1.5
      vertex 130.508 11.8958 1.5
      vertex 130.602 12.0031 1.5
    endloop
  endfacet
  facet normal 0 0 -1
    outer loop
      vertex 129.997 11.3976 1.5
      vertex 131.217 8.05133 1.5
      vertex 130.447 8.20444 1.5
    endloop
  endfacet
  facet normal 0 0 -1
    outer loop
      vertex 132 8 1.5
      vertex 130.32 11.6805 1.5
      vertex 130.508 11.8958 1.5
    endloop
  endfacet
  facet normal 0 0 -1
    outer loop
      vertex 131.217 8.05133 1.5
      vertex 130.104 11.4916 1.5
      vertex 130.32 11.6805 1.5
    endloop
  endfacet
  facet normal 0 0 -1
    outer loop
      vertex 131.217 8.05133 1.5
      vertex 129.997 11.3976 1.5
      vertex 130.104 11.4916 1.5
    endloop
  endfacet
  facet normal 0 0 -1
    outer loop
      vertex 130.447 8.20444 1.5
      vertex 129.759 11.2385 1.5
      vertex 129.997 11.3976 1.5
    endloop
  endfacet
  facet normal 0 0 -1
    outer loop
      vertex 129.64 11.1592 1.5
      vertex 130.447 8.20444 1.5
      vertex 129.704 8.45672 1.5
    endloop
  endfacet
  facet normal 0 0 -1
    outer loop
      vertex 130.447 8.20444 1.5
      vertex 129.64 11.1592 1.5
      vertex 129.759 11.2385 1.5
    endloop
  endfacet
  facet normal 0 0 -1
    outer loop
      vertex 129.704 8.45672 1.5
      vertex 129.383 11.0325 1.5
      vertex 129.64 11.1592 1.5
    endloop
  endfacet
  facet normal 0 0 -1
    outer loop
      vertex 129.704 8.45672 1.5
      vertex 129.255 10.9694 1.5
      vertex 129.383 11.0325 1.5
    endloop
  endfacet
  facet normal 0 0 -1
    outer loop
      vertex 129 8.80385 1.5
      vertex 129.255 10.9694 1.5
      vertex 129.704 8.45672 1.5
    endloop
  endfacet
  facet normal 0 0 -1
    outer loop
      vertex 129 8.80385 1.5
      vertex 128.984 10.8773 1.5
      vertex 129.255 10.9694 1.5
    endloop
  endfacet
  facet normal 0 0 -1
    outer loop
      vertex 129 8.80385 1.5
      vertex 128.849 10.8315 1.5
      vertex 128.984 10.8773 1.5
    endloop
  endfacet
  facet normal 0 0 -1
    outer loop
      vertex 128.347 9.23988 1.5
      vertex 128.849 10.8315 1.5
      vertex 129 8.80385 1.5
    endloop
  endfacet
  facet normal 0 0 -1
    outer loop
      vertex 128.849 10.8315 1.5
      vertex 128.347 9.23988 1.5
      vertex 128.709 10.8036 1.5
    endloop
  endfacet
  facet normal 0 0 -1
    outer loop
      vertex 128.709 10.8036 1.5
      vertex 128.347 9.23988 1.5
      vertex 128.428 10.7478 1.5
    endloop
  endfacet
  facet normal 0 0 -1
    outer loop
      vertex 127.757 9.75736 1.5
      vertex 128.428 10.7478 1.5
      vertex 128.347 9.23988 1.5
    endloop
  endfacet
  facet normal 0 0 -1
    outer loop
      vertex 128.428 10.7478 1.5
      vertex 127.757 9.75736 1.5
      vertex 128.286 10.7384 1.5
    endloop
  endfacet
  facet normal 0 0 -1
    outer loop
      vertex 128.286 10.7384 1.5
      vertex 127.757 9.75736 1.5
      vertex 128 10.7197 1.5
    endloop
  endfacet
  facet normal 0 0 -1
    outer loop
      vertex 127.757 9.75736 1.5
      vertex 127.714 10.7384 1.5
      vertex 128 10.7197 1.5
    endloop
  endfacet
  facet normal 0 0 -1
    outer loop
      vertex 127.24 10.3474 1.5
      vertex 127.714 10.7384 1.5
      vertex 127.757 9.75736 1.5
    endloop
  endfacet
  facet normal -0 0 -1
    outer loop
      vertex 127.714 10.7384 1.5
      vertex 127.24 10.3474 1.5
      vertex 127.572 10.7478 1.5
    endloop
  endfacet
  facet normal -0 0 -1
    outer loop
      vertex 127.572 10.7478 1.5
      vertex 127.24 10.3474 1.5
      vertex 127.291 10.8036 1.5
    endloop
  endfacet
  facet normal 0 0 -1
    outer loop
      vertex 127.24 10.3474 1.5
      vertex 127.151 10.8315 1.5
      vertex 127.291 10.8036 1.5
    endloop
  endfacet
  facet normal 0 0 -1
    outer loop
      vertex 127.24 10.3474 1.5
      vertex 127.016 10.8773 1.5
      vertex 127.151 10.8315 1.5
    endloop
  endfacet
  facet normal -0 -0 -1
    outer loop
      vertex 127.016 10.8773 1.5
      vertex 127.24 10.3474 1.5
      vertex 126.848 10.9344 1.5
    endloop
  endfacet
  facet normal -0 0 -1
    outer loop
      vertex 136.243 18.2426 1.5
      vertex 131.031 15.2553 1.5
      vertex 135.653 18.7601 1.5
    endloop
  endfacet
  facet normal -0 0 -1
    outer loop
      vertex 135.653 18.7601 1.5
      vertex 131.031 15.2553 1.5
      vertex 135 19.1962 1.5
    endloop
  endfacet
  facet normal 0 0 -1
    outer loop
      vertex 130.967 15.3833 1.5
      vertex 135 19.1962 1.5
      vertex 131.031 15.2553 1.5
    endloop
  endfacet
  facet normal 0 0 -1
    outer loop
      vertex 130.841 15.6402 1.5
      vertex 135 19.1962 1.5
      vertex 130.967 15.3833 1.5
    endloop
  endfacet
  facet normal -0 0 -1
    outer loop
      vertex 135 19.1962 1.5
      vertex 130.841 15.6402 1.5
      vertex 134.296 19.5433 1.5
    endloop
  endfacet
  facet normal -0 0 -1
    outer loop
      vertex 134.296 19.5433 1.5
      vertex 130.841 15.6402 1.5
      vertex 133.553 19.7956 1.5
    endloop
  endfacet
  facet normal 0 0 -1
    outer loop
      vertex 130.762 15.7588 1.5
      vertex 133.553 19.7956 1.5
      vertex 130.841 15.6402 1.5
    endloop
  endfacet
  facet normal 0 0 -1
    outer loop
      vertex 130.602 15.9969 1.5
      vertex 133.553 19.7956 1.5
      vertex 130.762 15.7588 1.5
    endloop
  endfacet
  facet normal -0 0 -1
    outer loop
      vertex 133.553 19.7956 1.5
      vertex 130.602 15.9969 1.5
      vertex 132.783 19.9487 1.5
    endloop
  endfacet
  facet normal 0 0 -1
    outer loop
      vertex 130.508 16.1042 1.5
      vertex 132.783 19.9487 1.5
      vertex 130.602 15.9969 1.5
    endloop
  endfacet
  facet normal -0 0 -1
    outer loop
      vertex 132.783 19.9487 1.5
      vertex 130.508 16.1042 1.5
      vertex 132 20 1.5
    endloop
  endfacet
  facet normal 0 0 -1
    outer loop
      vertex 130.32 16.3195 1.5
      vertex 132 20 1.5
      vertex 130.508 16.1042 1.5
    endloop
  endfacet
  facet normal 0 0 -1
    outer loop
      vertex 132 20 1.5
      vertex 130.32 16.3195 1.5
      vertex 131.217 19.9487 1.5
    endloop
  endfacet
  facet normal 0 0 -1
    outer loop
      vertex 130.104 16.5084 1.5
      vertex 131.217 19.9487 1.5
      vertex 130.32 16.3195 1.5
    endloop
  endfacet
  facet normal 0 0 -1
    outer loop
      vertex 129.997 16.6024 1.5
      vertex 131.217 19.9487 1.5
      vertex 130.104 16.5084 1.5
    endloop
  endfacet
  facet normal 0 0 -1
    outer loop
      vertex 131.217 19.9487 1.5
      vertex 129.997 16.6024 1.5
      vertex 130.447 19.7956 1.5
    endloop
  endfacet
  facet normal 0 0 -1
    outer loop
      vertex 129.759 16.7615 1.5
      vertex 130.447 19.7956 1.5
      vertex 129.997 16.6024 1.5
    endloop
  endfacet
  facet normal 0 0 -1
    outer loop
      vertex 129.64 16.8408 1.5
      vertex 130.447 19.7956 1.5
      vertex 129.759 16.7615 1.5
    endloop
  endfacet
  facet normal 0 0 -1
    outer loop
      vertex 130.447 19.7956 1.5
      vertex 129.64 16.8408 1.5
      vertex 129.704 19.5433 1.5
    endloop
  endfacet
  facet normal 0 0 -1
    outer loop
      vertex 129.383 16.9675 1.5
      vertex 129.704 19.5433 1.5
      vertex 129.64 16.8408 1.5
    endloop
  endfacet
  facet normal 0 0 -1
    outer loop
      vertex 129.255 17.0306 1.5
      vertex 129.704 19.5433 1.5
      vertex 129.383 16.9675 1.5
    endloop
  endfacet
  facet normal 0 0 -1
    outer loop
      vertex 129.255 17.0306 1.5
      vertex 129 19.1962 1.5
      vertex 129.704 19.5433 1.5
    endloop
  endfacet
  facet normal 0 0 -1
    outer loop
      vertex 128.984 17.1227 1.5
      vertex 129 19.1962 1.5
      vertex 129.255 17.0306 1.5
    endloop
  endfacet
  facet normal 0 0 -1
    outer loop
      vertex 128.849 17.1685 1.5
      vertex 129 19.1962 1.5
      vertex 128.984 17.1227 1.5
    endloop
  endfacet
  facet normal 0 0 -1
    outer loop
      vertex 128.347 18.7601 1.5
      vertex 128.849 17.1685 1.5
      vertex 128.709 17.1964 1.5
    endloop
  endfacet
  facet normal 0 0 -1
    outer loop
      vertex 128.347 18.7601 1.5
      vertex 128.709 17.1964 1.5
      vertex 128.428 17.2522 1.5
    endloop
  endfacet
  facet normal 0 0 -1
    outer loop
      vertex 128.849 17.1685 1.5
      vertex 128.347 18.7601 1.5
      vertex 129 19.1962 1.5
    endloop
  endfacet
  facet normal 0 0 -1
    outer loop
      vertex 127.757 18.2426 1.5
      vertex 128.428 17.2522 1.5
      vertex 128.286 17.2616 1.5
    endloop
  endfacet
  facet normal 0 0 -1
    outer loop
      vertex 127.757 18.2426 1.5
      vertex 128.286 17.2616 1.5
      vertex 128 17.2803 1.5
    endloop
  endfacet
  facet normal 0 0 -1
    outer loop
      vertex 128.428 17.2522 1.5
      vertex 127.757 18.2426 1.5
      vertex 128.347 18.7601 1.5
    endloop
  endfacet
  facet normal 0 0 -1
    outer loop
      vertex 127.714 17.2616 1.5
      vertex 127.757 18.2426 1.5
      vertex 128 17.2803 1.5
    endloop
  endfacet
  facet normal 0 0 -1
    outer loop
      vertex 127.24 17.6526 1.5
      vertex 127.714 17.2616 1.5
      vertex 127.572 17.2522 1.5
    endloop
  endfacet
  facet normal 0 0 -1
    outer loop
      vertex 127.24 17.6526 1.5
      vertex 127.572 17.2522 1.5
      vertex 127.291 17.1964 1.5
    endloop
  endfacet
  facet normal 0 0 -1
    outer loop
      vertex 127.714 17.2616 1.5
      vertex 127.24 17.6526 1.5
      vertex 127.757 18.2426 1.5
    endloop
  endfacet
  facet normal 0 0 -1
    outer loop
      vertex 127.151 17.1685 1.5
      vertex 127.24 17.6526 1.5
      vertex 127.291 17.1964 1.5
    endloop
  endfacet
  facet normal 0 0 -1
    outer loop
      vertex 127.016 17.1227 1.5
      vertex 127.24 17.6526 1.5
      vertex 127.151 17.1685 1.5
    endloop
  endfacet
  facet normal 0 0 -1
    outer loop
      vertex 127.24 17.6526 1.5
      vertex 127.016 17.1227 1.5
      vertex 126.848 17.0656 1.5
    endloop
  endfacet
  facet normal -0.831501 -0.555523 0
    outer loop
      vertex 137.196 17 0
      vertex 136.76 17.6526 1.5
      vertex 136.76 17.6526 0
    endloop
  endfacet
  facet normal -0.831501 -0.555523 0
    outer loop
      vertex 136.76 17.6526 1.5
      vertex 137.196 17 0
      vertex 137.196 17 1.5
    endloop
  endfacet
  facet normal -0.321537 -0.946897 0
    outer loop
      vertex 133.553 19.7956 0
      vertex 134.296 19.5433 1.5
      vertex 133.553 19.7956 1.5
    endloop
  endfacet
  facet normal -0.321537 -0.946897 -0
    outer loop
      vertex 134.296 19.5433 1.5
      vertex 133.553 19.7956 0
      vertex 134.296 19.5433 0
    endloop
  endfacet
  facet normal 0.195014 -0.980801 0
    outer loop
      vertex 130.447 19.7956 0
      vertex 131.217 19.9487 1.5
      vertex 130.447 19.7956 1.5
    endloop
  endfacet
  facet normal 0.195014 -0.980801 0
    outer loop
      vertex 131.217 19.9487 1.5
      vertex 130.447 19.7956 0
      vertex 131.217 19.9487 0
    endloop
  endfacet
  facet normal -0.752103 -0.659046 0
    outer loop
      vertex 136.76 17.6526 0
      vertex 136.243 18.2426 1.5
      vertex 136.243 18.2426 0
    endloop
  endfacet
  facet normal -0.752103 -0.659046 0
    outer loop
      vertex 136.243 18.2426 1.5
      vertex 136.76 17.6526 0
      vertex 136.76 17.6526 1.5
    endloop
  endfacet
  facet normal -0.997887 0.0649798 0
    outer loop
      vertex 137.949 13.2168 0
      vertex 138 14 1.5
      vertex 138 14 0
    endloop
  endfacet
  facet normal -0.997887 0.0649798 0
    outer loop
      vertex 138 14 1.5
      vertex 137.949 13.2168 0
      vertex 137.949 13.2168 1.5
    endloop
  endfacet
  facet normal -0.659406 -0.751787 0
    outer loop
      vertex 135.653 18.7601 0
      vertex 136.243 18.2426 1.5
      vertex 135.653 18.7601 1.5
    endloop
  endfacet
  facet normal -0.659406 -0.751787 -0
    outer loop
      vertex 136.243 18.2426 1.5
      vertex 135.653 18.7601 0
      vertex 136.243 18.2426 0
    endloop
  endfacet
  facet normal -0.896936 0.44216 0
    outer loop
      vertex 137.196 11 0
      vertex 137.543 11.7039 1.5
      vertex 137.543 11.7039 0
    endloop
  endfacet
  facet normal -0.896936 0.44216 0
    outer loop
      vertex 137.543 11.7039 1.5
      vertex 137.196 11 0
      vertex 137.196 11 1.5
    endloop
  endfacet
  facet normal -0.555314 0.831641 0
    outer loop
      vertex 135.653 9.23988 0
      vertex 135 8.80385 1.5
      vertex 135.653 9.23988 1.5
    endloop
  endfacet
  facet normal -0.555314 0.831641 0
    outer loop
      vertex 135 8.80385 1.5
      vertex 135.653 9.23988 0
      vertex 135 8.80385 0
    endloop
  endfacet
  facet normal 0.555314 0.831641 -0
    outer loop
      vertex 129 8.80385 0
      vertex 128.347 9.23988 1.5
      vertex 129 8.80385 1.5
    endloop
  endfacet
  facet normal 0.555314 0.831641 0
    outer loop
      vertex 128.347 9.23988 1.5
      vertex 129 8.80385 0
      vertex 128.347 9.23988 0
    endloop
  endfacet
  facet normal 0.442212 -0.89691 0
    outer loop
      vertex 129 19.1962 0
      vertex 129.704 19.5433 1.5
      vertex 129 19.1962 1.5
    endloop
  endfacet
  facet normal 0.442212 -0.89691 0
    outer loop
      vertex 129.704 19.5433 1.5
      vertex 129 19.1962 0
      vertex 129.704 19.5433 0
    endloop
  endfacet
  facet normal 0.832438 -0.554119 0
    outer loop
      vertex 127.24 17.6526 1.5
      vertex 127.152 17.5204 0.929532
      vertex 127.24 17.6526 0.743675
    endloop
  endfacet
  facet normal 0.830811 -0.556554 0.000815357
    outer loop
      vertex 127.24 17.6526 1.5
      vertex 127.084 17.4191 1.07202
      vertex 127.152 17.5204 0.929532
    endloop
  endfacet
  facet normal 0.830654 -0.556787 0.00099945
    outer loop
      vertex 127.24 17.6526 1.5
      vertex 126.996 17.2881 1.23056
      vertex 127.084 17.4191 1.07202
    endloop
  endfacet
  facet normal 0.831613 -0.555353 -0.00180875
    outer loop
      vertex 126.996 17.2881 1.23056
      vertex 127.24 17.6526 1.5
      vertex 126.848 17.0656 1.5
    endloop
  endfacet
  facet normal -0.752125 0.659021 0
    outer loop
      vertex 136.243 9.75736 0
      vertex 136.76 10.3474 1.5
      vertex 136.76 10.3474 0
    endloop
  endfacet
  facet normal -0.752125 0.659021 0
    outer loop
      vertex 136.76 10.3474 1.5
      vertex 136.243 9.75736 0
      vertex 136.243 9.75736 1.5
    endloop
  endfacet
  facet normal -0.0654151 0.997858 0
    outer loop
      vertex 132.783 8.05133 0
      vertex 132 8 1.5
      vertex 132.783 8.05133 1.5
    endloop
  endfacet
  facet normal -0.0654151 0.997858 0
    outer loop
      vertex 132 8 1.5
      vertex 132.783 8.05133 0
      vertex 132 8 0
    endloop
  endfacet
  facet normal 0.195026 0.980798 -0
    outer loop
      vertex 131.217 8.05133 0
      vertex 130.447 8.20444 1.5
      vertex 131.217 8.05133 1.5
    endloop
  endfacet
  facet normal 0.195026 0.980798 0
    outer loop
      vertex 130.447 8.20444 1.5
      vertex 131.217 8.05133 0
      vertex 130.447 8.20444 0
    endloop
  endfacet
  facet normal -0.831501 0.555523 0
    outer loop
      vertex 136.76 10.3474 0
      vertex 137.196 11 1.5
      vertex 137.196 11 0
    endloop
  endfacet
  facet normal -0.831501 0.555523 0
    outer loop
      vertex 137.196 11 1.5
      vertex 136.76 10.3474 0
      vertex 136.76 10.3474 1.5
    endloop
  endfacet
  facet normal -0.0653771 -0.997861 0
    outer loop
      vertex 132 20 0
      vertex 132.783 19.9487 1.5
      vertex 132 20 1.5
    endloop
  endfacet
  facet normal -0.0653771 -0.997861 -0
    outer loop
      vertex 132.783 19.9487 1.5
      vertex 132 20 0
      vertex 132.783 19.9487 0
    endloop
  endfacet
  facet normal -0.195014 -0.980801 0
    outer loop
      vertex 132.783 19.9487 0
      vertex 133.553 19.7956 1.5
      vertex 132.783 19.9487 1.5
    endloop
  endfacet
  facet normal -0.195014 -0.980801 -0
    outer loop
      vertex 133.553 19.7956 1.5
      vertex 132.783 19.9487 0
      vertex 133.553 19.7956 0
    endloop
  endfacet
  facet normal 0.659406 -0.751787 0
    outer loop
      vertex 127.757 18.2426 0
      vertex 128.347 18.7601 1.5
      vertex 127.757 18.2426 1.5
    endloop
  endfacet
  facet normal 0.659406 -0.751787 0
    outer loop
      vertex 128.347 18.7601 1.5
      vertex 127.757 18.2426 0
      vertex 128.347 18.7601 0
    endloop
  endfacet
  facet normal -0.44229 -0.896872 0
    outer loop
      vertex 2.5 0.669872 0
      vertex 3.08658 0.380602 8
      vertex 2.5 0.669872 8
    endloop
  endfacet
  facet normal -0.44229 -0.896872 -0
    outer loop
      vertex 3.08658 0.380602 8
      vertex 2.5 0.669872 0
      vertex 3.08658 0.380602 0
    endloop
  endfacet
  facet normal -0.0654402 0.997856 0
    outer loop
      vertex 5 28 0
      vertex 4.34737 27.9572 8
      vertex 5 28 8
    endloop
  endfacet
  facet normal -0.0654402 0.997856 0
    outer loop
      vertex 4.34737 27.9572 8
      vertex 5 28 0
      vertex 4.34737 27.9572 0
    endloop
  endfacet
  facet normal 0.195226 -0.980758 0
    outer loop
      vertex 137.653 0.0427752 0
      vertex 138.294 0.17037 8
      vertex 137.653 0.0427752 8
    endloop
  endfacet
  facet normal 0.195226 -0.980758 0
    outer loop
      vertex 138.294 0.17037 8
      vertex 137.653 0.0427752 0
      vertex 138.294 0.17037 0
    endloop
  endfacet
  facet normal -0.321441 -0.94693 0
    outer loop
      vertex 3.08658 0.380602 0
      vertex 3.7059 0.17037 8
      vertex 3.08658 0.380602 8
    endloop
  endfacet
  facet normal -0.321441 -0.94693 -0
    outer loop
      vertex 3.7059 0.17037 8
      vertex 3.08658 0.380602 0
      vertex 3.7059 0.17037 0
    endloop
  endfacet
  facet normal 0.442035 -0.896998 0
    outer loop
      vertex 138.913 0.380602 0
      vertex 139.5 0.669872 8
      vertex 138.913 0.380602 8
    endloop
  endfacet
  facet normal 0.442035 -0.896998 0
    outer loop
      vertex 139.5 0.669872 8
      vertex 138.913 0.380602 0
      vertex 139.5 0.669872 0
    endloop
  endfacet
  facet normal -0.997859 0.0654055 0
    outer loop
      vertex 0 23 0
      vertex 0.0427752 23.6526 8
      vertex 0.0427752 23.6526 0
    endloop
  endfacet
  facet normal -0.997859 0.0654055 0
    outer loop
      vertex 0.0427752 23.6526 8
      vertex 0 23 0
      vertex 0 23 8
    endloop
  endfacet
  facet normal 0.752012 -0.65915 0
    outer loop
      vertex 140.536 1.46447 8
      vertex 140.967 1.95619 0
      vertex 140.967 1.95619 8
    endloop
  endfacet
  facet normal 0.752012 -0.65915 0
    outer loop
      vertex 140.967 1.95619 0
      vertex 140.536 1.46447 8
      vertex 140.536 1.46447 0
    endloop
  endfacet
  facet normal -0.195096 0.980784 0
    outer loop
      vertex 4.34737 27.9572 0
      vertex 3.7059 27.8296 8
      vertex 4.34737 27.9572 8
    endloop
  endfacet
  facet normal -0.195096 0.980784 0
    outer loop
      vertex 3.7059 27.8296 8
      vertex 4.34737 27.9572 0
      vertex 3.7059 27.8296 0
    endloop
  endfacet
  facet normal 0.0653656 -0.997861 0
    outer loop
      vertex 137 0 0
      vertex 137.653 0.0427752 8
      vertex 137 0 8
    endloop
  endfacet
  facet normal 0.0653656 -0.997861 0
    outer loop
      vertex 137.653 0.0427752 8
      vertex 137 0 0
      vertex 137.653 0.0427752 0
    endloop
  endfacet
  facet normal 0 -1 0
    outer loop
      vertex 5 0 0
      vertex 137 0 8
      vertex 5 0 8
    endloop
  endfacet
  facet normal 0 -1 -0
    outer loop
      vertex 137 0 8
      vertex 5 0 0
      vertex 137 0 0
    endloop
  endfacet
  facet normal 0.897036 -0.441957 0
    outer loop
      vertex 141.33 2.5 8
      vertex 141.619 3.08658 0
      vertex 141.619 3.08658 8
    endloop
  endfacet
  facet normal 0.897036 -0.441957 0
    outer loop
      vertex 141.619 3.08658 0
      vertex 141.33 2.5 8
      vertex 141.33 2.5 0
    endloop
  endfacet
  facet normal -0.0654025 -0.997859 0
    outer loop
      vertex 4.34737 0.0427752 0
      vertex 5 0 8
      vertex 4.34737 0.0427752 8
    endloop
  endfacet
  facet normal -0.0654025 -0.997859 -0
    outer loop
      vertex 5 0 8
      vertex 4.34737 0.0427752 0
      vertex 5 0 0
    endloop
  endfacet
  facet normal -0.555566 -0.831473 0
    outer loop
      vertex 1.95619 1.03323 0
      vertex 2.5 0.669872 8
      vertex 1.95619 1.03323 8
    endloop
  endfacet
  facet normal -0.555566 -0.831473 -0
    outer loop
      vertex 2.5 0.669872 8
      vertex 1.95619 1.03323 0
      vertex 2.5 0.669872 0
    endloop
  endfacet
  facet normal -0.195088 -0.980786 0
    outer loop
      vertex 3.7059 0.17037 0
      vertex 4.34737 0.0427752 8
      vertex 3.7059 0.17037 8
    endloop
  endfacet
  facet normal -0.195088 -0.980786 -0
    outer loop
      vertex 4.34737 0.0427752 8
      vertex 3.7059 0.17037 0
      vertex 4.34737 0.0427752 0
    endloop
  endfacet
  facet normal -0.896878 0.442277 0
    outer loop
      vertex 0.380602 24.9134 0
      vertex 0.669872 25.5 8
      vertex 0.669872 25.5 0
    endloop
  endfacet
  facet normal -0.896878 0.442277 0
    outer loop
      vertex 0.669872 25.5 8
      vertex 0.380602 24.9134 0
      vertex 0.380602 24.9134 8
    endloop
  endfacet
  facet normal 0.946569 0.322503 0
    outer loop
      vertex 141.83 24.2941 8
      vertex 141.619 24.9134 0
      vertex 141.619 24.9134 8
    endloop
  endfacet
  facet normal 0.946569 0.322503 0
    outer loop
      vertex 141.619 24.9134 0
      vertex 141.83 24.2941 8
      vertex 141.83 24.2941 0
    endloop
  endfacet
  facet normal -0.997859 -0.0654025 0
    outer loop
      vertex 0.0427752 4.34737 0
      vertex 0 5 8
      vertex 0 5 0
    endloop
  endfacet
  facet normal -0.997859 -0.0654025 0
    outer loop
      vertex 0 5 8
      vertex 0.0427752 4.34737 0
      vertex 0.0427752 4.34737 8
    endloop
  endfacet
  facet normal -0.831473 -0.555566 0
    outer loop
      vertex 1.03323 1.95619 0
      vertex 0.669872 2.5 8
      vertex 0.669872 2.5 0
    endloop
  endfacet
  facet normal -0.831473 -0.555566 0
    outer loop
      vertex 0.669872 2.5 8
      vertex 1.03323 1.95619 0
      vertex 1.03323 1.95619 8
    endloop
  endfacet
  facet normal -0.980786 -0.195088 0
    outer loop
      vertex 0.17037 3.7059 0
      vertex 0.0427752 4.34737 8
      vertex 0.0427752 4.34737 0
    endloop
  endfacet
  facet normal -0.980786 -0.195088 0
    outer loop
      vertex 0.0427752 4.34737 8
      vertex 0.17037 3.7059 0
      vertex 0.17037 3.7059 8
    endloop
  endfacet
  facet normal 0.751998 0.659165 0
    outer loop
      vertex 140.967 26.0438 8
      vertex 140.536 26.5355 0
      vertex 140.536 26.5355 8
    endloop
  endfacet
  facet normal 0.751998 0.659165 0
    outer loop
      vertex 140.536 26.5355 0
      vertex 140.967 26.0438 8
      vertex 140.967 26.0438 0
    endloop
  endfacet
  facet normal -0.321397 0.946944 0
    outer loop
      vertex 3.7059 27.8296 0
      vertex 3.08658 27.6194 8
      vertex 3.7059 27.8296 8
    endloop
  endfacet
  facet normal -0.321397 0.946944 0
    outer loop
      vertex 3.08658 27.6194 8
      vertex 3.7059 27.8296 0
      vertex 3.08658 27.6194 0
    endloop
  endfacet
  facet normal -1 0 0
    outer loop
      vertex 0 5 0
      vertex 0 23 8
      vertex 0 23 0
    endloop
  endfacet
  facet normal -1 -0 0
    outer loop
      vertex 0 23 8
      vertex 0 5 0
      vertex 0 5 8
    endloop
  endfacet
  facet normal 0.980959 -0.194213 0
    outer loop
      vertex 141.83 3.7059 8
      vertex 141.957 4.34737 0
      vertex 141.957 4.34737 8
    endloop
  endfacet
  facet normal 0.980959 -0.194213 0
    outer loop
      vertex 141.957 4.34737 0
      vertex 141.83 3.7059 8
      vertex 141.83 3.7059 0
    endloop
  endfacet
  facet normal -0.831468 0.555573 0
    outer loop
      vertex 0.669872 25.5 0
      vertex 1.03323 26.0438 8
      vertex 1.03323 26.0438 0
    endloop
  endfacet
  facet normal -0.831468 0.555573 0
    outer loop
      vertex 1.03323 26.0438 8
      vertex 0.669872 25.5 0
      vertex 0.669872 25.5 8
    endloop
  endfacet
  facet normal 0.997836 -0.0657447 0
    outer loop
      vertex 141.957 4.34737 8
      vertex 142 5 0
      vertex 142 5 8
    endloop
  endfacet
  facet normal 0.997836 -0.0657447 0
    outer loop
      vertex 142 5 0
      vertex 141.957 4.34737 8
      vertex 141.957 4.34737 0
    endloop
  endfacet
  facet normal 1 -0 0
    outer loop
      vertex 142 5 8
      vertex 142 23 0
      vertex 142 23 8
    endloop
  endfacet
  facet normal 1 0 0
    outer loop
      vertex 142 23 0
      vertex 142 5 8
      vertex 142 5 0
    endloop
  endfacet
  facet normal 0.442072 0.89698 -0
    outer loop
      vertex 139.5 27.3301 0
      vertex 138.913 27.6194 8
      vertex 139.5 27.3301 8
    endloop
  endfacet
  facet normal 0.442072 0.89698 0
    outer loop
      vertex 138.913 27.6194 8
      vertex 139.5 27.3301 0
      vertex 138.913 27.6194 0
    endloop
  endfacet
  facet normal -0.896872 -0.44229 0
    outer loop
      vertex 0.669872 2.5 0
      vertex 0.380602 3.08658 8
      vertex 0.380602 3.08658 0
    endloop
  endfacet
  facet normal -0.896872 -0.44229 0
    outer loop
      vertex 0.380602 3.08658 8
      vertex 0.669872 2.5 0
      vertex 0.669872 2.5 8
    endloop
  endfacet
  facet normal 0 0 -1
    outer loop
      vertex 135 8.80385 0
      vertex 142 5 0
      vertex 141.957 4.34737 0
    endloop
  endfacet
  facet normal 0 0 -1
    outer loop
      vertex 142 5 0
      vertex 138 14 0
      vertex 142 23 0
    endloop
  endfacet
  facet normal 0 0 -1
    outer loop
      vertex 135 8.80385 0
      vertex 141.957 4.34737 0
      vertex 141.83 3.7059 0
    endloop
  endfacet
  facet normal 0 0 -1
    outer loop
      vertex 137.949 14.7832 0
      vertex 142 23 0
      vertex 138 14 0
    endloop
  endfacet
  facet normal 0 0 -1
    outer loop
      vertex 135 8.80385 0
      vertex 141.83 3.7059 0
      vertex 141.619 3.08658 0
    endloop
  endfacet
  facet normal 0 0 -1
    outer loop
      vertex 137.796 15.5529 0
      vertex 142 23 0
      vertex 137.949 14.7832 0
    endloop
  endfacet
  facet normal 0 0 -1
    outer loop
      vertex 135 8.80385 0
      vertex 141.619 3.08658 0
      vertex 141.33 2.5 0
    endloop
  endfacet
  facet normal 0 0 -1
    outer loop
      vertex 137.543 16.2961 0
      vertex 142 23 0
      vertex 137.796 15.5529 0
    endloop
  endfacet
  facet normal 0 0 -1
    outer loop
      vertex 135 8.80385 0
      vertex 141.33 2.5 0
      vertex 140.967 1.95619 0
    endloop
  endfacet
  facet normal 0 0 -1
    outer loop
      vertex 137.196 17 0
      vertex 142 23 0
      vertex 137.543 16.2961 0
    endloop
  endfacet
  facet normal 0 0 -1
    outer loop
      vertex 135 8.80385 0
      vertex 140.967 1.95619 0
      vertex 140.536 1.46447 0
    endloop
  endfacet
  facet normal 0 0 -1
    outer loop
      vertex 136.76 17.6526 0
      vertex 142 23 0
      vertex 137.196 17 0
    endloop
  endfacet
  facet normal 0 0 -1
    outer loop
      vertex 135 8.80385 0
      vertex 140.536 1.46447 0
      vertex 140.044 1.03323 0
    endloop
  endfacet
  facet normal 0 0 -1
    outer loop
      vertex 136.243 18.2426 0
      vertex 142 23 0
      vertex 136.76 17.6526 0
    endloop
  endfacet
  facet normal 0 0 -1
    outer loop
      vertex 135 8.80385 0
      vertex 140.044 1.03323 0
      vertex 139.5 0.669872 0
    endloop
  endfacet
  facet normal 0 0 -1
    outer loop
      vertex 135.653 18.7601 0
      vertex 142 23 0
      vertex 136.243 18.2426 0
    endloop
  endfacet
  facet normal 0 0 -1
    outer loop
      vertex 135 8.80385 0
      vertex 139.5 0.669872 0
      vertex 138.913 0.380602 0
    endloop
  endfacet
  facet normal 0 0 -1
    outer loop
      vertex 135 19.1962 0
      vertex 142 23 0
      vertex 135.653 18.7601 0
    endloop
  endfacet
  facet normal 0 0 -1
    outer loop
      vertex 135 8.80385 0
      vertex 138.913 0.380602 0
      vertex 138.294 0.17037 0
    endloop
  endfacet
  facet normal -0 0 -1
    outer loop
      vertex 142 23 0
      vertex 135 19.1962 0
      vertex 141.957 23.6526 0
    endloop
  endfacet
  facet normal -0 0 -1
    outer loop
      vertex 141.957 23.6526 0
      vertex 135 19.1962 0
      vertex 141.83 24.2941 0
    endloop
  endfacet
  facet normal 0 0 -1
    outer loop
      vertex 142 5 0
      vertex 137.949 13.2168 0
      vertex 138 14 0
    endloop
  endfacet
  facet normal 0 0 -1
    outer loop
      vertex 142 5 0
      vertex 137.796 12.4471 0
      vertex 137.949 13.2168 0
    endloop
  endfacet
  facet normal 0 0 -1
    outer loop
      vertex 135 8.80385 0
      vertex 138.294 0.17037 0
      vertex 137.653 0.0427752 0
    endloop
  endfacet
  facet normal 0 0 -1
    outer loop
      vertex 142 5 0
      vertex 137.543 11.7039 0
      vertex 137.796 12.4471 0
    endloop
  endfacet
  facet normal 0 0 -1
    outer loop
      vertex 142 5 0
      vertex 137.196 11 0
      vertex 137.543 11.7039 0
    endloop
  endfacet
  facet normal 0 0 -1
    outer loop
      vertex 135 8.80385 0
      vertex 137.653 0.0427752 0
      vertex 137 0 0
    endloop
  endfacet
  facet normal 0 0 -1
    outer loop
      vertex 142 5 0
      vertex 136.76 10.3474 0
      vertex 137.196 11 0
    endloop
  endfacet
  facet normal 0 0 -1
    outer loop
      vertex 142 5 0
      vertex 136.243 9.75736 0
      vertex 136.76 10.3474 0
    endloop
  endfacet
  facet normal 0 0 -1
    outer loop
      vertex 142 5 0
      vertex 135.653 9.23988 0
      vertex 136.243 9.75736 0
    endloop
  endfacet
  facet normal 0 0 -1
    outer loop
      vertex 142 5 0
      vertex 135 8.80385 0
      vertex 135.653 9.23988 0
    endloop
  endfacet
  facet normal 0 0 -1
    outer loop
      vertex 137 0 0
      vertex 134.296 8.45672 0
      vertex 135 8.80385 0
    endloop
  endfacet
  facet normal 0 0 -1
    outer loop
      vertex 137 0 0
      vertex 133.553 8.20444 0
      vertex 134.296 8.45672 0
    endloop
  endfacet
  facet normal 0 0 -1
    outer loop
      vertex 137 0 0
      vertex 132.783 8.05133 0
      vertex 133.553 8.20444 0
    endloop
  endfacet
  facet normal 0 0 -1
    outer loop
      vertex 137 0 0
      vertex 132 8 0
      vertex 132.783 8.05133 0
    endloop
  endfacet
  facet normal 0 0 -1
    outer loop
      vertex 137 0 0
      vertex 131.217 8.05133 0
      vertex 132 8 0
    endloop
  endfacet
  facet normal 0 0 -1
    outer loop
      vertex 137 0 0
      vertex 130.447 8.20444 0
      vertex 131.217 8.05133 0
    endloop
  endfacet
  facet normal 0 0 -1
    outer loop
      vertex 137 0 0
      vertex 129.704 8.45672 0
      vertex 130.447 8.20444 0
    endloop
  endfacet
  facet normal 0 0 -1
    outer loop
      vertex 137 0 0
      vertex 129 8.80385 0
      vertex 129.704 8.45672 0
    endloop
  endfacet
  facet normal 0 0 -1
    outer loop
      vertex 126.397 10.1295 0
      vertex 129 8.80385 0
      vertex 137 0 0
    endloop
  endfacet
  facet normal 0 0 -1
    outer loop
      vertex 129 8.80385 0
      vertex 126.397 10.1295 0
      vertex 128.347 9.23988 0
    endloop
  endfacet
  facet normal 0 0 -1
    outer loop
      vertex 127.757 9.75736 0
      vertex 127.462 9.84586 0
      vertex 127.693 9.83073 0
    endloop
  endfacet
  facet normal -0 -0 -1
    outer loop
      vertex 127.453 9.84645 0
      vertex 128.347 9.23988 0
      vertex 126.924 9.95162 0
    endloop
  endfacet
  facet normal 0 0 -1
    outer loop
      vertex 127.757 9.75736 0
      vertex 127.453 9.84645 0
      vertex 127.462 9.84586 0
    endloop
  endfacet
  facet normal 0 0 -1
    outer loop
      vertex 128.347 9.23988 0
      vertex 127.453 9.84645 0
      vertex 127.757 9.75736 0
    endloop
  endfacet
  facet normal 0 0 -1
    outer loop
      vertex 128.347 9.23988 0
      vertex 126.916 9.95336 0
      vertex 126.924 9.95162 0
    endloop
  endfacet
  facet normal 0 0 -1
    outer loop
      vertex 128.347 9.23988 0
      vertex 126.907 9.95622 0
      vertex 126.916 9.95336 0
    endloop
  endfacet
  facet normal 0 0 -1
    outer loop
      vertex 128.347 9.23988 0
      vertex 126.397 10.1295 0
      vertex 126.907 9.95622 0
    endloop
  endfacet
  facet normal 0 0 -1
    outer loop
      vertex 137 0 0
      vertex 126.389 10.1334 0
      vertex 126.397 10.1295 0
    endloop
  endfacet
  facet normal 0 0 -1
    outer loop
      vertex 137 0 0
      vertex 125.905 10.3719 0
      vertex 126.389 10.1334 0
    endloop
  endfacet
  facet normal 0 0 -1
    outer loop
      vertex 137 0 0
      vertex 125.898 10.3768 0
      vertex 125.905 10.3719 0
    endloop
  endfacet
  facet normal 0 0 -1
    outer loop
      vertex 137 0 0
      vertex 125.45 10.6763 0
      vertex 125.898 10.3768 0
    endloop
  endfacet
  facet normal 0 0 -1
    outer loop
      vertex 16.5503 10.6763 0
      vertex 125.45 10.6763 0
      vertex 137 0 0
    endloop
  endfacet
  facet normal 0 0 -1
    outer loop
      vertex 125.45 10.6763 0
      vertex 16.5503 10.6763 0
      vertex 125.443 10.6822 0
    endloop
  endfacet
  facet normal 0 0 -1
    outer loop
      vertex 125.038 11.0377 0
      vertex 124.676 11.4497 0
      vertex 124.682 11.443 0
    endloop
  endfacet
  facet normal 0 0 -1
    outer loop
      vertex 124.13 12.3968 0
      vertex 123.953 12.9157 0
      vertex 123.956 12.9073 0
    endloop
  endfacet
  facet normal 0 0 -1
    outer loop
      vertex 123.953 12.9157 0
      vertex 123.846 13.4532 0
      vertex 123.952 12.9245 0
    endloop
  endfacet
  facet normal 0 0 -1
    outer loop
      vertex 123.846 13.4621 0
      vertex 18.1894 14 0
      vertex 123.811 14 0
    endloop
  endfacet
  facet normal 0 0 -1
    outer loop
      vertex 123.846 13.4532 0
      vertex 18.1894 14 0
      vertex 123.846 13.4621 0
    endloop
  endfacet
  facet normal 0 0 -1
    outer loop
      vertex 18.1536 13.4532 0
      vertex 123.846 13.4532 0
      vertex 123.953 12.9157 0
    endloop
  endfacet
  facet normal 0 0 -1
    outer loop
      vertex 18.0466 12.9157 0
      vertex 123.953 12.9157 0
      vertex 124.13 12.3968 0
    endloop
  endfacet
  facet normal 0 0 -1
    outer loop
      vertex 17.8705 12.3968 0
      vertex 124.13 12.3968 0
      vertex 124.133 12.3888 0
    endloop
  endfacet
  facet normal 0 0 -1
    outer loop
      vertex 17.8705 12.3968 0
      vertex 124.133 12.3888 0
      vertex 124.372 11.9053 0
    endloop
  endfacet
  facet normal 0 0 -1
    outer loop
      vertex 17.6281 11.9053 0
      vertex 124.372 11.9053 0
      vertex 124.377 11.8979 0
    endloop
  endfacet
  facet normal 0 0 -1
    outer loop
      vertex 17.6281 11.9053 0
      vertex 124.377 11.8979 0
      vertex 124.676 11.4497 0
    endloop
  endfacet
  facet normal 0 0 -1
    outer loop
      vertex 17.3237 11.4497 0
      vertex 124.676 11.4497 0
      vertex 125.038 11.0377 0
    endloop
  endfacet
  facet normal -0 0 -1
    outer loop
      vertex 125.443 10.6822 0
      vertex 16.5503 10.6763 0
      vertex 125.038 11.0377 0
    endloop
  endfacet
  facet normal 0 0 -1
    outer loop
      vertex 123.846 13.4532 0
      vertex 18.1541 13.4621 0
      vertex 18.1894 14 0
    endloop
  endfacet
  facet normal 0 0 -1
    outer loop
      vertex 123.846 13.4532 0
      vertex 18.1536 13.4532 0
      vertex 18.1541 13.4621 0
    endloop
  endfacet
  facet normal 0 0 -1
    outer loop
      vertex 123.953 12.9157 0
      vertex 18.0484 12.9245 0
      vertex 18.1536 13.4532 0
    endloop
  endfacet
  facet normal 0 0 -1
    outer loop
      vertex 123.953 12.9157 0
      vertex 18.0466 12.9157 0
      vertex 18.0484 12.9245 0
    endloop
  endfacet
  facet normal 0 0 -1
    outer loop
      vertex 124.13 12.3968 0
      vertex 18.0438 12.9073 0
      vertex 18.0466 12.9157 0
    endloop
  endfacet
  facet normal 0 0 -1
    outer loop
      vertex 124.13 12.3968 0
      vertex 17.8705 12.3968 0
      vertex 18.0438 12.9073 0
    endloop
  endfacet
  facet normal 0 0 -1
    outer loop
      vertex 124.372 11.9053 0
      vertex 17.8666 12.3888 0
      vertex 17.8705 12.3968 0
    endloop
  endfacet
  facet normal 0 0 -1
    outer loop
      vertex 124.372 11.9053 0
      vertex 17.6281 11.9053 0
      vertex 17.8666 12.3888 0
    endloop
  endfacet
  facet normal 0 0 -1
    outer loop
      vertex 124.676 11.4497 0
      vertex 17.6232 11.8979 0
      vertex 17.6281 11.9053 0
    endloop
  endfacet
  facet normal 0 0 -1
    outer loop
      vertex 124.676 11.4497 0
      vertex 17.3237 11.4497 0
      vertex 17.6232 11.8979 0
    endloop
  endfacet
  facet normal 0 0 -1
    outer loop
      vertex 125.038 11.0377 0
      vertex 17.3178 11.443 0
      vertex 17.3237 11.4497 0
    endloop
  endfacet
  facet normal 0 0 -1
    outer loop
      vertex 125.038 11.0377 0
      vertex 16.9623 11.0377 0
      vertex 17.3178 11.443 0
    endloop
  endfacet
  facet normal -0 0 -1
    outer loop
      vertex 125.038 11.0377 0
      vertex 16.557 10.6822 0
      vertex 16.9623 11.0377 0
    endloop
  endfacet
  facet normal 0 0 -1
    outer loop
      vertex 125.038 11.0377 0
      vertex 16.5503 10.6763 0
      vertex 16.557 10.6822 0
    endloop
  endfacet
  facet normal 0 0 -1
    outer loop
      vertex 5 0 0
      vertex 16.5503 10.6763 0
      vertex 137 0 0
    endloop
  endfacet
  facet normal 0 0 -1
    outer loop
      vertex 16.5503 10.6763 0
      vertex 5 0 0
      vertex 16.1021 10.3768 0
    endloop
  endfacet
  facet normal 0 0 -1
    outer loop
      vertex 16.1021 10.3768 0
      vertex 5 0 0
      vertex 16.0947 10.3719 0
    endloop
  endfacet
  facet normal 0 0 -1
    outer loop
      vertex 16.0947 10.3719 0
      vertex 5 0 0
      vertex 15.6112 10.1334 0
    endloop
  endfacet
  facet normal 0 0 -1
    outer loop
      vertex 15.6112 10.1334 0
      vertex 5 0 0
      vertex 15.6032 10.1295 0
    endloop
  endfacet
  facet normal 0 -0 -1
    outer loop
      vertex 13 8.80385 0
      vertex 15.6032 10.1295 0
      vertex 5 0 0
    endloop
  endfacet
  facet normal 0 -0 -1
    outer loop
      vertex 13.6526 9.23988 0
      vertex 15.6032 10.1295 0
      vertex 13 8.80385 0
    endloop
  endfacet
  facet normal 0 0 -1
    outer loop
      vertex 15.6032 10.1295 0
      vertex 13.6526 9.23988 0
      vertex 15.0927 9.95622 0
    endloop
  endfacet
  facet normal 0 0 -1
    outer loop
      vertex 15.0927 9.95622 0
      vertex 13.6526 9.23988 0
      vertex 15.0843 9.95336 0
    endloop
  endfacet
  facet normal 0 0 -1
    outer loop
      vertex 15.0755 9.95162 0
      vertex 13.6526 9.23988 0
      vertex 14.5468 9.84645 0
    endloop
  endfacet
  facet normal 0 0 -1
    outer loop
      vertex 14.5379 9.84586 0
      vertex 14.2426 9.75736 0
      vertex 14.307 9.83073 0
    endloop
  endfacet
  facet normal 0 -0 -1
    outer loop
      vertex 14.2426 9.75736 0
      vertex 14.5468 9.84645 0
      vertex 13.6526 9.23988 0
    endloop
  endfacet
  facet normal 0 0 -1
    outer loop
      vertex 14.5468 9.84645 0
      vertex 14.2426 9.75736 0
      vertex 14.5379 9.84586 0
    endloop
  endfacet
  facet normal 0 0 -1
    outer loop
      vertex 15.0843 9.95336 0
      vertex 13.6526 9.23988 0
      vertex 15.0755 9.95162 0
    endloop
  endfacet
  facet normal 0 0 -1
    outer loop
      vertex 13 8.80385 0
      vertex 5 0 0
      vertex 12.2961 8.45672 0
    endloop
  endfacet
  facet normal 0 0 -1
    outer loop
      vertex 12.2961 8.45672 0
      vertex 5 0 0
      vertex 11.5529 8.20444 0
    endloop
  endfacet
  facet normal 0 0 -1
    outer loop
      vertex 11.5529 8.20444 0
      vertex 5 0 0
      vertex 10.7832 8.05133 0
    endloop
  endfacet
  facet normal 0 0 -1
    outer loop
      vertex 10.7832 8.05133 0
      vertex 5 0 0
      vertex 10 8 0
    endloop
  endfacet
  facet normal 0 0 -1
    outer loop
      vertex 5 0 0
      vertex 9.21684 8.05133 0
      vertex 10 8 0
    endloop
  endfacet
  facet normal 0 0 -1
    outer loop
      vertex 5 0 0
      vertex 8.44709 8.20444 0
      vertex 9.21684 8.05133 0
    endloop
  endfacet
  facet normal 0 0 -1
    outer loop
      vertex 5 0 0
      vertex 7.7039 8.45672 0
      vertex 8.44709 8.20444 0
    endloop
  endfacet
  facet normal 0 0 -1
    outer loop
      vertex 5 0 0
      vertex 7 8.80385 0
      vertex 7.7039 8.45672 0
    endloop
  endfacet
  facet normal 0 0 -1
    outer loop
      vertex 4.34737 0.0427752 0
      vertex 7 8.80385 0
      vertex 5 0 0
    endloop
  endfacet
  facet normal 0 0 -1
    outer loop
      vertex 3.7059 0.17037 0
      vertex 7 8.80385 0
      vertex 4.34737 0.0427752 0
    endloop
  endfacet
  facet normal 0 0 -1
    outer loop
      vertex 3.08658 0.380602 0
      vertex 7 8.80385 0
      vertex 3.7059 0.17037 0
    endloop
  endfacet
  facet normal -0 0 -1
    outer loop
      vertex 5.75736 9.75736 0
      vertex 0 5 0
      vertex 5.23988 10.3474 0
    endloop
  endfacet
  facet normal -0 0 -1
    outer loop
      vertex 5.23988 10.3474 0
      vertex 0 5 0
      vertex 4.80385 11 0
    endloop
  endfacet
  facet normal 0 0 -1
    outer loop
      vertex 2.5 0.669872 0
      vertex 7 8.80385 0
      vertex 3.08658 0.380602 0
    endloop
  endfacet
  facet normal -0 0 -1
    outer loop
      vertex 4.80385 11 0
      vertex 0 5 0
      vertex 4.45672 11.7039 0
    endloop
  endfacet
  facet normal -0 0 -1
    outer loop
      vertex 4.45672 11.7039 0
      vertex 0 5 0
      vertex 4.20444 12.4471 0
    endloop
  endfacet
  facet normal -0 0 -1
    outer loop
      vertex 4.20444 12.4471 0
      vertex 0 5 0
      vertex 4.05133 13.2168 0
    endloop
  endfacet
  facet normal 0 0 -1
    outer loop
      vertex 1.95619 1.03323 0
      vertex 7 8.80385 0
      vertex 2.5 0.669872 0
    endloop
  endfacet
  facet normal -0 0 -1
    outer loop
      vertex 141.83 24.2941 0
      vertex 135 19.1962 0
      vertex 141.619 24.9134 0
    endloop
  endfacet
  facet normal -0 0 -1
    outer loop
      vertex 141.619 24.9134 0
      vertex 135 19.1962 0
      vertex 141.33 25.5 0
    endloop
  endfacet
  facet normal -0 0 -1
    outer loop
      vertex 141.33 25.5 0
      vertex 135 19.1962 0
      vertex 140.967 26.0438 0
    endloop
  endfacet
  facet normal -0 0 -1
    outer loop
      vertex 140.967 26.0438 0
      vertex 135 19.1962 0
      vertex 140.536 26.5355 0
    endloop
  endfacet
  facet normal -0 0 -1
    outer loop
      vertex 140.536 26.5355 0
      vertex 135 19.1962 0
      vertex 140.044 26.9668 0
    endloop
  endfacet
  facet normal -0 0 -1
    outer loop
      vertex 140.044 26.9668 0
      vertex 135 19.1962 0
      vertex 139.5 27.3301 0
    endloop
  endfacet
  facet normal -0 0 -1
    outer loop
      vertex 139.5 27.3301 0
      vertex 135 19.1962 0
      vertex 138.913 27.6194 0
    endloop
  endfacet
  facet normal -0 0 -1
    outer loop
      vertex 138.913 27.6194 0
      vertex 135 19.1962 0
      vertex 138.294 27.8296 0
    endloop
  endfacet
  facet normal -0 0 -1
    outer loop
      vertex 138.294 27.8296 0
      vertex 135 19.1962 0
      vertex 137.653 27.9572 0
    endloop
  endfacet
  facet normal -0 0 -1
    outer loop
      vertex 137.653 27.9572 0
      vertex 135 19.1962 0
      vertex 137 28 0
    endloop
  endfacet
  facet normal 0 0 -1
    outer loop
      vertex 134.296 19.5433 0
      vertex 137 28 0
      vertex 135 19.1962 0
    endloop
  endfacet
  facet normal 0 0 -1
    outer loop
      vertex 133.553 19.7956 0
      vertex 137 28 0
      vertex 134.296 19.5433 0
    endloop
  endfacet
  facet normal 0 0 -1
    outer loop
      vertex 132.783 19.9487 0
      vertex 137 28 0
      vertex 133.553 19.7956 0
    endloop
  endfacet
  facet normal 0 0 -1
    outer loop
      vertex 132 20 0
      vertex 137 28 0
      vertex 132.783 19.9487 0
    endloop
  endfacet
  facet normal 0 0 -1
    outer loop
      vertex 131.217 19.9487 0
      vertex 137 28 0
      vertex 132 20 0
    endloop
  endfacet
  facet normal 0 0 -1
    outer loop
      vertex 130.447 19.7956 0
      vertex 137 28 0
      vertex 131.217 19.9487 0
    endloop
  endfacet
  facet normal 0 0 -1
    outer loop
      vertex 129.704 19.5433 0
      vertex 137 28 0
      vertex 130.447 19.7956 0
    endloop
  endfacet
  facet normal 0 0 -1
    outer loop
      vertex 129 19.1962 0
      vertex 137 28 0
      vertex 129.704 19.5433 0
    endloop
  endfacet
  facet normal 0 0 -1
    outer loop
      vertex 126.397 17.8705 0
      vertex 129 19.1962 0
      vertex 128.347 18.7601 0
    endloop
  endfacet
  facet normal 0 0 -1
    outer loop
      vertex 127.453 18.1536 0
      vertex 128.347 18.7601 0
      vertex 127.757 18.2426 0
    endloop
  endfacet
  facet normal 0 0 -1
    outer loop
      vertex 127.462 18.1541 0
      vertex 127.757 18.2426 0
      vertex 127.693 18.1693 0
    endloop
  endfacet
  facet normal 0 0 -1
    outer loop
      vertex 127.453 18.1536 0
      vertex 127.757 18.2426 0
      vertex 127.462 18.1541 0
    endloop
  endfacet
  facet normal 0 0 -1
    outer loop
      vertex 128.347 18.7601 0
      vertex 127.453 18.1536 0
      vertex 126.924 18.0484 0
    endloop
  endfacet
  facet normal 0 0 -1
    outer loop
      vertex 126.916 18.0466 0
      vertex 128.347 18.7601 0
      vertex 126.924 18.0484 0
    endloop
  endfacet
  facet normal 0 0 -1
    outer loop
      vertex 126.907 18.0438 0
      vertex 128.347 18.7601 0
      vertex 126.916 18.0466 0
    endloop
  endfacet
  facet normal 0 0 -1
    outer loop
      vertex 126.397 17.8705 0
      vertex 128.347 18.7601 0
      vertex 126.907 18.0438 0
    endloop
  endfacet
  facet normal -0 0 -1
    outer loop
      vertex 129 19.1962 0
      vertex 126.397 17.8705 0
      vertex 137 28 0
    endloop
  endfacet
  facet normal 0 0 -1
    outer loop
      vertex 126.389 17.8666 0
      vertex 137 28 0
      vertex 126.397 17.8705 0
    endloop
  endfacet
  facet normal 0 0 -1
    outer loop
      vertex 125.905 17.6281 0
      vertex 137 28 0
      vertex 126.389 17.8666 0
    endloop
  endfacet
  facet normal 0 0 -1
    outer loop
      vertex 125.898 17.6232 0
      vertex 137 28 0
      vertex 125.905 17.6281 0
    endloop
  endfacet
  facet normal 0 0 -1
    outer loop
      vertex 125.45 17.3237 0
      vertex 137 28 0
      vertex 125.898 17.6232 0
    endloop
  endfacet
  facet normal 0 0 -1
    outer loop
      vertex 16.5503 17.3237 0
      vertex 125.45 17.3237 0
      vertex 125.443 17.3178 0
    endloop
  endfacet
  facet normal 0 0 -1
    outer loop
      vertex 16.5503 17.3237 0
      vertex 125.443 17.3178 0
      vertex 125.038 16.9623 0
    endloop
  endfacet
  facet normal 0 0 -1
    outer loop
      vertex 124.676 16.5503 0
      vertex 125.038 16.9623 0
      vertex 124.682 16.557 0
    endloop
  endfacet
  facet normal 0 0 -1
    outer loop
      vertex 123.953 15.0843 0
      vertex 124.13 15.6032 0
      vertex 123.956 15.0927 0
    endloop
  endfacet
  facet normal 0 0 -1
    outer loop
      vertex 123.846 14.5468 0
      vertex 123.953 15.0843 0
      vertex 123.952 15.0755 0
    endloop
  endfacet
  facet normal 0 0 -1
    outer loop
      vertex 18.1894 14 0
      vertex 123.846 14.5379 0
      vertex 123.811 14 0
    endloop
  endfacet
  facet normal 0 0 -1
    outer loop
      vertex 18.1894 14 0
      vertex 123.846 14.5468 0
      vertex 123.846 14.5379 0
    endloop
  endfacet
  facet normal 0 0 -1
    outer loop
      vertex 18.1541 14.5379 0
      vertex 123.846 14.5468 0
      vertex 18.1894 14 0
    endloop
  endfacet
  facet normal 0 0 -1
    outer loop
      vertex 18.1536 14.5468 0
      vertex 123.846 14.5468 0
      vertex 18.1541 14.5379 0
    endloop
  endfacet
  facet normal 0 0 -1
    outer loop
      vertex 123.846 14.5468 0
      vertex 18.1536 14.5468 0
      vertex 123.953 15.0843 0
    endloop
  endfacet
  facet normal 0 0 -1
    outer loop
      vertex 18.0484 15.0755 0
      vertex 123.953 15.0843 0
      vertex 18.1536 14.5468 0
    endloop
  endfacet
  facet normal 0 0 -1
    outer loop
      vertex 18.0466 15.0843 0
      vertex 123.953 15.0843 0
      vertex 18.0484 15.0755 0
    endloop
  endfacet
  facet normal 0 0 -1
    outer loop
      vertex 123.953 15.0843 0
      vertex 18.0466 15.0843 0
      vertex 124.13 15.6032 0
    endloop
  endfacet
  facet normal 0 0 -1
    outer loop
      vertex 18.0438 15.0927 0
      vertex 124.13 15.6032 0
      vertex 18.0466 15.0843 0
    endloop
  endfacet
  facet normal 0 0 -1
    outer loop
      vertex 17.8705 15.6032 0
      vertex 124.13 15.6032 0
      vertex 18.0438 15.0927 0
    endloop
  endfacet
  facet normal 0 0 -1
    outer loop
      vertex 124.13 15.6032 0
      vertex 17.8705 15.6032 0
      vertex 124.133 15.6112 0
    endloop
  endfacet
  facet normal -0 0 -1
    outer loop
      vertex 124.133 15.6112 0
      vertex 17.8705 15.6032 0
      vertex 124.372 16.0947 0
    endloop
  endfacet
  facet normal 0 0 -1
    outer loop
      vertex 17.8666 15.6112 0
      vertex 124.372 16.0947 0
      vertex 17.8705 15.6032 0
    endloop
  endfacet
  facet normal 0 0 -1
    outer loop
      vertex 17.6281 16.0947 0
      vertex 124.372 16.0947 0
      vertex 17.8666 15.6112 0
    endloop
  endfacet
  facet normal 0 0 -1
    outer loop
      vertex 124.372 16.0947 0
      vertex 17.6281 16.0947 0
      vertex 124.377 16.1021 0
    endloop
  endfacet
  facet normal -0 0 -1
    outer loop
      vertex 124.377 16.1021 0
      vertex 17.6281 16.0947 0
      vertex 124.676 16.5503 0
    endloop
  endfacet
  facet normal 0 0 -1
    outer loop
      vertex 17.6232 16.1021 0
      vertex 124.676 16.5503 0
      vertex 17.6281 16.0947 0
    endloop
  endfacet
  facet normal 0 0 -1
    outer loop
      vertex 17.3237 16.5503 0
      vertex 124.676 16.5503 0
      vertex 17.6232 16.1021 0
    endloop
  endfacet
  facet normal 0 0 -1
    outer loop
      vertex 124.676 16.5503 0
      vertex 17.3237 16.5503 0
      vertex 125.038 16.9623 0
    endloop
  endfacet
  facet normal 0 0 -1
    outer loop
      vertex 17.3178 16.557 0
      vertex 125.038 16.9623 0
      vertex 17.3237 16.5503 0
    endloop
  endfacet
  facet normal 0 0 -1
    outer loop
      vertex 16.9623 16.9623 0
      vertex 125.038 16.9623 0
      vertex 17.3178 16.557 0
    endloop
  endfacet
  facet normal 0 0 -1
    outer loop
      vertex 16.557 17.3178 0
      vertex 125.038 16.9623 0
      vertex 16.9623 16.9623 0
    endloop
  endfacet
  facet normal 0 0 -1
    outer loop
      vertex 16.5503 17.3237 0
      vertex 125.038 16.9623 0
      vertex 16.557 17.3178 0
    endloop
  endfacet
  facet normal 0 0 -1
    outer loop
      vertex 125.45 17.3237 0
      vertex 16.5503 17.3237 0
      vertex 137 28 0
    endloop
  endfacet
  facet normal 0 0 -1
    outer loop
      vertex 5 28 0
      vertex 16.5503 17.3237 0
      vertex 16.1021 17.6232 0
    endloop
  endfacet
  facet normal 0 0 -1
    outer loop
      vertex 5 28 0
      vertex 16.1021 17.6232 0
      vertex 16.0947 17.6281 0
    endloop
  endfacet
  facet normal 0 0 -1
    outer loop
      vertex 5 28 0
      vertex 16.0947 17.6281 0
      vertex 15.6112 17.8666 0
    endloop
  endfacet
  facet normal 0 0 -1
    outer loop
      vertex 5 28 0
      vertex 15.6112 17.8666 0
      vertex 15.6032 17.8705 0
    endloop
  endfacet
  facet normal 0 0 -1
    outer loop
      vertex 13.6526 18.7601 0
      vertex 15.6032 17.8705 0
      vertex 15.0927 18.0438 0
    endloop
  endfacet
  facet normal 0 0 -1
    outer loop
      vertex 13.6526 18.7601 0
      vertex 15.0927 18.0438 0
      vertex 15.0843 18.0466 0
    endloop
  endfacet
  facet normal 0 0 -1
    outer loop
      vertex 13.6526 18.7601 0
      vertex 15.0843 18.0466 0
      vertex 15.0755 18.0484 0
    endloop
  endfacet
  facet normal 0 0 -1
    outer loop
      vertex 13.6526 18.7601 0
      vertex 15.0755 18.0484 0
      vertex 14.5468 18.1536 0
    endloop
  endfacet
  facet normal 0 0 -1
    outer loop
      vertex 14.2426 18.2426 0
      vertex 14.5468 18.1536 0
      vertex 14.5379 18.1541 0
    endloop
  endfacet
  facet normal 0 0 -1
    outer loop
      vertex 14.2426 18.2426 0
      vertex 14.5379 18.1541 0
      vertex 14.307 18.1693 0
    endloop
  endfacet
  facet normal 0 0 -1
    outer loop
      vertex 14.5468 18.1536 0
      vertex 14.2426 18.2426 0
      vertex 13.6526 18.7601 0
    endloop
  endfacet
  facet normal 0 0 -1
    outer loop
      vertex 15.6032 17.8705 0
      vertex 13.6526 18.7601 0
      vertex 13 19.1962 0
    endloop
  endfacet
  facet normal 0 0 -1
    outer loop
      vertex 15.6032 17.8705 0
      vertex 13 19.1962 0
      vertex 5 28 0
    endloop
  endfacet
  facet normal 0 0 -1
    outer loop
      vertex 5 28 0
      vertex 13 19.1962 0
      vertex 12.2961 19.5433 0
    endloop
  endfacet
  facet normal 0 0 -1
    outer loop
      vertex 5 28 0
      vertex 12.2961 19.5433 0
      vertex 11.5529 19.7956 0
    endloop
  endfacet
  facet normal 0 0 -1
    outer loop
      vertex 5 28 0
      vertex 11.5529 19.7956 0
      vertex 10.7832 19.9487 0
    endloop
  endfacet
  facet normal 0 0 -1
    outer loop
      vertex 5 28 0
      vertex 10.7832 19.9487 0
      vertex 10 20 0
    endloop
  endfacet
  facet normal 0 0 -1
    outer loop
      vertex 16.5503 17.3237 0
      vertex 5 28 0
      vertex 137 28 0
    endloop
  endfacet
  facet normal 0 0 -1
    outer loop
      vertex 9.21684 19.9487 0
      vertex 5 28 0
      vertex 10 20 0
    endloop
  endfacet
  facet normal 0 0 -1
    outer loop
      vertex 8.44709 19.7956 0
      vertex 5 28 0
      vertex 9.21684 19.9487 0
    endloop
  endfacet
  facet normal 0 0 -1
    outer loop
      vertex 7.7039 19.5433 0
      vertex 5 28 0
      vertex 8.44709 19.7956 0
    endloop
  endfacet
  facet normal 0 0 -1
    outer loop
      vertex 7 19.1962 0
      vertex 5 28 0
      vertex 7.7039 19.5433 0
    endloop
  endfacet
  facet normal 0 0 -1
    outer loop
      vertex 0 23 0
      vertex 7 19.1962 0
      vertex 6.34743 18.7601 0
    endloop
  endfacet
  facet normal 0 0 -1
    outer loop
      vertex 0 23 0
      vertex 6.34743 18.7601 0
      vertex 5.75736 18.2426 0
    endloop
  endfacet
  facet normal 0 0 -1
    outer loop
      vertex 0 23 0
      vertex 5.75736 18.2426 0
      vertex 5.23988 17.6526 0
    endloop
  endfacet
  facet normal 0 0 -1
    outer loop
      vertex 0 23 0
      vertex 5.23988 17.6526 0
      vertex 4.80385 17 0
    endloop
  endfacet
  facet normal 0 0 -1
    outer loop
      vertex 0 23 0
      vertex 4.80385 17 0
      vertex 4.45672 16.2961 0
    endloop
  endfacet
  facet normal 0 0 -1
    outer loop
      vertex 7 19.1962 0
      vertex 0 23 0
      vertex 0.0427752 23.6526 0
    endloop
  endfacet
  facet normal 0 0 -1
    outer loop
      vertex 0 23 0
      vertex 4.45672 16.2961 0
      vertex 4.20444 15.5529 0
    endloop
  endfacet
  facet normal 0 0 -1
    outer loop
      vertex 0 23 0
      vertex 4.20444 15.5529 0
      vertex 4.05133 14.7832 0
    endloop
  endfacet
  facet normal 0 0 -1
    outer loop
      vertex 0 23 0
      vertex 4.05133 14.7832 0
      vertex 4 14 0
    endloop
  endfacet
  facet normal 0 0 -1
    outer loop
      vertex 7 19.1962 0
      vertex 4.34737 27.9572 0
      vertex 5 28 0
    endloop
  endfacet
  facet normal -0 0 -1
    outer loop
      vertex 4.05133 13.2168 0
      vertex 0 5 0
      vertex 4 14 0
    endloop
  endfacet
  facet normal 0 0 -1
    outer loop
      vertex 1.46447 1.46447 0
      vertex 7 8.80385 0
      vertex 1.95619 1.03323 0
    endloop
  endfacet
  facet normal 0 0 -1
    outer loop
      vertex 0 23 0
      vertex 4 14 0
      vertex 0 5 0
    endloop
  endfacet
  facet normal 0 0 -1
    outer loop
      vertex 1.03323 1.95619 0
      vertex 7 8.80385 0
      vertex 1.46447 1.46447 0
    endloop
  endfacet
  facet normal 0 0 -1
    outer loop
      vertex 7 19.1962 0
      vertex 3.7059 27.8296 0
      vertex 4.34737 27.9572 0
    endloop
  endfacet
  facet normal 0 0 -1
    outer loop
      vertex 0.669872 2.5 0
      vertex 7 8.80385 0
      vertex 1.03323 1.95619 0
    endloop
  endfacet
  facet normal 0 0 -1
    outer loop
      vertex 7 19.1962 0
      vertex 3.08658 27.6194 0
      vertex 3.7059 27.8296 0
    endloop
  endfacet
  facet normal -0 0 -1
    outer loop
      vertex 6.34743 9.23988 0
      vertex 0 5 0
      vertex 5.75736 9.75736 0
    endloop
  endfacet
  facet normal 0 0 -1
    outer loop
      vertex 7 19.1962 0
      vertex 2.5 27.3301 0
      vertex 3.08658 27.6194 0
    endloop
  endfacet
  facet normal 0 0 -1
    outer loop
      vertex 0.380602 3.08658 0
      vertex 7 8.80385 0
      vertex 0.669872 2.5 0
    endloop
  endfacet
  facet normal 0 0 -1
    outer loop
      vertex 7 19.1962 0
      vertex 1.95619 26.9668 0
      vertex 2.5 27.3301 0
    endloop
  endfacet
  facet normal 0 0 -1
    outer loop
      vertex 0.17037 3.7059 0
      vertex 7 8.80385 0
      vertex 0.380602 3.08658 0
    endloop
  endfacet
  facet normal 0 0 -1
    outer loop
      vertex 7 19.1962 0
      vertex 1.46447 26.5355 0
      vertex 1.95619 26.9668 0
    endloop
  endfacet
  facet normal 0 0 -1
    outer loop
      vertex 0.0427752 4.34737 0
      vertex 7 8.80385 0
      vertex 0.17037 3.7059 0
    endloop
  endfacet
  facet normal 0 0 -1
    outer loop
      vertex 7 19.1962 0
      vertex 1.03323 26.0438 0
      vertex 1.46447 26.5355 0
    endloop
  endfacet
  facet normal 0 0 -1
    outer loop
      vertex 0 5 0
      vertex 7 8.80385 0
      vertex 0.0427752 4.34737 0
    endloop
  endfacet
  facet normal 0 0 -1
    outer loop
      vertex 7 19.1962 0
      vertex 0.669872 25.5 0
      vertex 1.03323 26.0438 0
    endloop
  endfacet
  facet normal -0 0 -1
    outer loop
      vertex 7 8.80385 0
      vertex 0 5 0
      vertex 6.34743 9.23988 0
    endloop
  endfacet
  facet normal 0 0 -1
    outer loop
      vertex 7 19.1962 0
      vertex 0.380602 24.9134 0
      vertex 0.669872 25.5 0
    endloop
  endfacet
  facet normal 0 0 -1
    outer loop
      vertex 7 19.1962 0
      vertex 0.17037 24.2941 0
      vertex 0.380602 24.9134 0
    endloop
  endfacet
  facet normal 0 0 -1
    outer loop
      vertex 7 19.1962 0
      vertex 0.0427752 23.6526 0
      vertex 0.17037 24.2941 0
    endloop
  endfacet
  facet normal 0.55537 0.831603 -0
    outer loop
      vertex 140.044 26.9668 0
      vertex 139.5 27.3301 8
      vertex 140.044 26.9668 8
    endloop
  endfacet
  facet normal 0.55537 0.831603 0
    outer loop
      vertex 139.5 27.3301 8
      vertex 140.044 26.9668 0
      vertex 139.5 27.3301 0
    endloop
  endfacet
  facet normal 0 1 -0
    outer loop
      vertex 137 28 0
      vertex 5 28 8
      vertex 137 28 8
    endloop
  endfacet
  facet normal 0 1 0
    outer loop
      vertex 5 28 8
      vertex 137 28 0
      vertex 5 28 0
    endloop
  endfacet
  facet normal 0.555432 -0.831562 0
    outer loop
      vertex 139.5 0.669872 0
      vertex 140.044 1.03323 8
      vertex 139.5 0.669872 8
    endloop
  endfacet
  facet normal 0.555432 -0.831562 0
    outer loop
      vertex 140.044 1.03323 8
      vertex 139.5 0.669872 0
      vertex 140.044 1.03323 0
    endloop
  endfacet
  facet normal -0.980787 0.195079 0
    outer loop
      vertex 0.0427752 23.6526 0
      vertex 0.17037 24.2941 8
      vertex 0.17037 24.2941 0
    endloop
  endfacet
  facet normal -0.980787 0.195079 0
    outer loop
      vertex 0.17037 24.2941 8
      vertex 0.0427752 23.6526 0
      vertex 0.0427752 23.6526 8
    endloop
  endfacet
  facet normal 0.831721 0.555194 0
    outer loop
      vertex 141.33 25.5 8
      vertex 140.967 26.0438 0
      vertex 140.967 26.0438 8
    endloop
  endfacet
  facet normal 0.831721 0.555194 0
    outer loop
      vertex 140.967 26.0438 0
      vertex 141.33 25.5 8
      vertex 141.33 25.5 0
    endloop
  endfacet
  facet normal 0.946572 -0.322493 0
    outer loop
      vertex 141.619 3.08658 8
      vertex 141.83 3.7059 0
      vertex 141.83 3.7059 8
    endloop
  endfacet
  facet normal 0.946572 -0.322493 0
    outer loop
      vertex 141.83 3.7059 0
      vertex 141.619 3.08658 8
      vertex 141.619 3.08658 0
    endloop
  endfacet
  facet normal -0.94693 -0.321441 0
    outer loop
      vertex 0.380602 3.08658 0
      vertex 0.17037 3.7059 8
      vertex 0.17037 3.7059 0
    endloop
  endfacet
  facet normal -0.94693 -0.321441 0
    outer loop
      vertex 0.17037 3.7059 8
      vertex 0.380602 3.08658 0
      vertex 0.380602 3.08658 8
    endloop
  endfacet
  facet normal 0.32159 -0.946879 0
    outer loop
      vertex 138.294 0.17037 0
      vertex 138.913 0.380602 8
      vertex 138.294 0.17037 8
    endloop
  endfacet
  facet normal 0.32159 -0.946879 0
    outer loop
      vertex 138.913 0.380602 8
      vertex 138.294 0.17037 0
      vertex 138.913 0.380602 0
    endloop
  endfacet
  facet normal -0.442327 0.896854 0
    outer loop
      vertex 3.08658 27.6194 0
      vertex 2.5 27.3301 8
      vertex 3.08658 27.6194 8
    endloop
  endfacet
  facet normal -0.442327 0.896854 0
    outer loop
      vertex 2.5 27.3301 8
      vertex 3.08658 27.6194 0
      vertex 2.5 27.3301 0
    endloop
  endfacet
  facet normal 0.980961 0.194204 0
    outer loop
      vertex 141.957 23.6526 8
      vertex 141.83 24.2941 0
      vertex 141.83 24.2941 8
    endloop
  endfacet
  facet normal 0.980961 0.194204 0
    outer loop
      vertex 141.83 24.2941 0
      vertex 141.957 23.6526 8
      vertex 141.957 23.6526 0
    endloop
  endfacet
  facet normal 0.997836 0.0657477 0
    outer loop
      vertex 142 23 8
      vertex 141.957 23.6526 0
      vertex 141.957 23.6526 8
    endloop
  endfacet
  facet normal 0.997836 0.0657477 0
    outer loop
      vertex 141.957 23.6526 0
      vertex 142 23 8
      vertex 142 23 0
    endloop
  endfacet
  facet normal -0.555504 0.831514 0
    outer loop
      vertex 2.5 27.3301 0
      vertex 1.95619 26.9668 8
      vertex 2.5 27.3301 8
    endloop
  endfacet
  facet normal -0.555504 0.831514 0
    outer loop
      vertex 1.95619 26.9668 8
      vertex 2.5 27.3301 0
      vertex 1.95619 26.9668 0
    endloop
  endfacet
  facet normal -0.659357 -0.75183 0
    outer loop
      vertex 1.46447 1.46447 0
      vertex 1.95619 1.03323 8
      vertex 1.46447 1.46447 8
    endloop
  endfacet
  facet normal -0.659357 -0.75183 -0
    outer loop
      vertex 1.95619 1.03323 8
      vertex 1.46447 1.46447 0
      vertex 1.95619 1.03323 0
    endloop
  endfacet
  facet normal 0.0654033 0.997859 -0
    outer loop
      vertex 137.653 27.9572 0
      vertex 137 28 8
      vertex 137.653 27.9572 8
    endloop
  endfacet
  facet normal 0.0654033 0.997859 0
    outer loop
      vertex 137 28 8
      vertex 137.653 27.9572 0
      vertex 137 28 0
    endloop
  endfacet
  facet normal 0.195233 0.980757 -0
    outer loop
      vertex 138.294 27.8296 0
      vertex 137.653 27.9572 8
      vertex 138.294 27.8296 8
    endloop
  endfacet
  facet normal 0.195233 0.980757 0
    outer loop
      vertex 137.653 27.9572 8
      vertex 138.294 27.8296 0
      vertex 137.653 27.9572 0
    endloop
  endfacet
  facet normal -0.75183 -0.659357 0
    outer loop
      vertex 1.46447 1.46447 0
      vertex 1.03323 1.95619 8
      vertex 1.03323 1.95619 0
    endloop
  endfacet
  facet normal -0.75183 -0.659357 0
    outer loop
      vertex 1.03323 1.95619 8
      vertex 1.46447 1.46447 0
      vertex 1.46447 1.46447 8
    endloop
  endfacet
  facet normal 0 0 1
    outer loop
      vertex 137 28 8
      vertex 142 23 8
      vertex 141.957 23.6526 8
    endloop
  endfacet
  facet normal 0 0 1
    outer loop
      vertex 142 23 8
      vertex 130.25 14 8
      vertex 142 5 8
    endloop
  endfacet
  facet normal 0 0 1
    outer loop
      vertex 137 28 8
      vertex 141.957 23.6526 8
      vertex 141.83 24.2941 8
    endloop
  endfacet
  facet normal -0 0 1
    outer loop
      vertex 130.231 13.7063 8
      vertex 142 5 8
      vertex 130.25 14 8
    endloop
  endfacet
  facet normal 0 0 1
    outer loop
      vertex 137 28 8
      vertex 141.83 24.2941 8
      vertex 141.619 24.9134 8
    endloop
  endfacet
  facet normal -0 0 1
    outer loop
      vertex 130.173 13.4177 8
      vertex 142 5 8
      vertex 130.231 13.7063 8
    endloop
  endfacet
  facet normal 0 0 1
    outer loop
      vertex 137 28 8
      vertex 141.619 24.9134 8
      vertex 141.33 25.5 8
    endloop
  endfacet
  facet normal -0 0 1
    outer loop
      vertex 130.079 13.139 8
      vertex 142 5 8
      vertex 130.173 13.4177 8
    endloop
  endfacet
  facet normal 0 0 1
    outer loop
      vertex 137 28 8
      vertex 141.33 25.5 8
      vertex 140.967 26.0438 8
    endloop
  endfacet
  facet normal -0 0 1
    outer loop
      vertex 129.949 12.875 8
      vertex 142 5 8
      vertex 130.079 13.139 8
    endloop
  endfacet
  facet normal 0 0 1
    outer loop
      vertex 137 28 8
      vertex 140.967 26.0438 8
      vertex 140.536 26.5355 8
    endloop
  endfacet
  facet normal -0 0 1
    outer loop
      vertex 129.785 12.6303 8
      vertex 142 5 8
      vertex 129.949 12.875 8
    endloop
  endfacet
  facet normal 0 0 1
    outer loop
      vertex 137 28 8
      vertex 140.536 26.5355 8
      vertex 140.044 26.9668 8
    endloop
  endfacet
  facet normal -0 0 1
    outer loop
      vertex 129.591 12.409 8
      vertex 142 5 8
      vertex 129.785 12.6303 8
    endloop
  endfacet
  facet normal 0 0 1
    outer loop
      vertex 137 28 8
      vertex 140.044 26.9668 8
      vertex 139.5 27.3301 8
    endloop
  endfacet
  facet normal 0 -0 1
    outer loop
      vertex 137 0 8
      vertex 142 5 8
      vertex 129.591 12.409 8
    endloop
  endfacet
  facet normal 0 0 1
    outer loop
      vertex 137 28 8
      vertex 139.5 27.3301 8
      vertex 138.913 27.6194 8
    endloop
  endfacet
  facet normal 0 0 1
    outer loop
      vertex 142 5 8
      vertex 137 0 8
      vertex 141.957 4.34737 8
    endloop
  endfacet
  facet normal 0 0 1
    outer loop
      vertex 137 28 8
      vertex 138.913 27.6194 8
      vertex 138.294 27.8296 8
    endloop
  endfacet
  facet normal 0 0 1
    outer loop
      vertex 141.83 3.7059 8
      vertex 137 0 8
      vertex 141.619 3.08658 8
    endloop
  endfacet
  facet normal 0 0 1
    outer loop
      vertex 137 28 8
      vertex 138.294 27.8296 8
      vertex 137.653 27.9572 8
    endloop
  endfacet
  facet normal 0 0 1
    outer loop
      vertex 141.619 3.08658 8
      vertex 137 0 8
      vertex 141.33 2.5 8
    endloop
  endfacet
  facet normal 0 0 1
    outer loop
      vertex 142 23 8
      vertex 137 28 8
      vertex 129.591 15.591 8
    endloop
  endfacet
  facet normal 0 0 1
    outer loop
      vertex 141.33 2.5 8
      vertex 137 0 8
      vertex 140.967 1.95619 8
    endloop
  endfacet
  facet normal 0 0 1
    outer loop
      vertex 140.967 1.95619 8
      vertex 137 0 8
      vertex 140.536 1.46447 8
    endloop
  endfacet
  facet normal 0 0 1
    outer loop
      vertex 142 23 8
      vertex 130.231 14.2937 8
      vertex 130.25 14 8
    endloop
  endfacet
  facet normal 0 0 1
    outer loop
      vertex 142 23 8
      vertex 130.173 14.5823 8
      vertex 130.231 14.2937 8
    endloop
  endfacet
  facet normal 0 0 1
    outer loop
      vertex 142 23 8
      vertex 130.079 14.861 8
      vertex 130.173 14.5823 8
    endloop
  endfacet
  facet normal 0 0 1
    outer loop
      vertex 142 23 8
      vertex 129.949 15.125 8
      vertex 130.079 14.861 8
    endloop
  endfacet
  facet normal 0 0 1
    outer loop
      vertex 142 23 8
      vertex 129.785 15.3697 8
      vertex 129.949 15.125 8
    endloop
  endfacet
  facet normal 0 0 1
    outer loop
      vertex 142 23 8
      vertex 129.591 15.591 8
      vertex 129.785 15.3697 8
    endloop
  endfacet
  facet normal 0 0 1
    outer loop
      vertex 137 28 8
      vertex 129.37 15.785 8
      vertex 129.591 15.591 8
    endloop
  endfacet
  facet normal 0 0 1
    outer loop
      vertex 137 28 8
      vertex 129.125 15.9486 8
      vertex 129.37 15.785 8
    endloop
  endfacet
  facet normal 0 0 1
    outer loop
      vertex 137 28 8
      vertex 128.861 16.0787 8
      vertex 129.125 15.9486 8
    endloop
  endfacet
  facet normal 0 0 1
    outer loop
      vertex 137 28 8
      vertex 128.582 16.1733 8
      vertex 128.861 16.0787 8
    endloop
  endfacet
  facet normal 0 0 1
    outer loop
      vertex 137 28 8
      vertex 128.294 16.2308 8
      vertex 128.582 16.1733 8
    endloop
  endfacet
  facet normal 0 0 1
    outer loop
      vertex 137 28 8
      vertex 128 16.25 8
      vertex 128.294 16.2308 8
    endloop
  endfacet
  facet normal 0 0 1
    outer loop
      vertex 137 28 8
      vertex 127.706 16.2308 8
      vertex 128 16.25 8
    endloop
  endfacet
  facet normal 0 0 1
    outer loop
      vertex 137 28 8
      vertex 127.418 16.1733 8
      vertex 127.706 16.2308 8
    endloop
  endfacet
  facet normal 0 0 1
    outer loop
      vertex 137 28 8
      vertex 127.139 16.0787 8
      vertex 127.418 16.1733 8
    endloop
  endfacet
  facet normal 0 0 1
    outer loop
      vertex 137 28 8
      vertex 126.875 15.9486 8
      vertex 127.139 16.0787 8
    endloop
  endfacet
  facet normal 0 0 1
    outer loop
      vertex 137 28 8
      vertex 126.63 15.785 8
      vertex 126.875 15.9486 8
    endloop
  endfacet
  facet normal 0 0 1
    outer loop
      vertex 137 28 8
      vertex 126.409 15.591 8
      vertex 126.63 15.785 8
    endloop
  endfacet
  facet normal 0 0 1
    outer loop
      vertex 15.591 15.591 8
      vertex 126.409 15.591 8
      vertex 137 28 8
    endloop
  endfacet
  facet normal 0 0 1
    outer loop
      vertex 125.769 14.2937 8
      vertex 16.25 14 8
      vertex 125.75 14 8
    endloop
  endfacet
  facet normal 0 0 1
    outer loop
      vertex 16.2308 14.2937 8
      vertex 125.769 14.2937 8
      vertex 125.827 14.5823 8
    endloop
  endfacet
  facet normal 0 0 1
    outer loop
      vertex 16.1733 14.5823 8
      vertex 125.827 14.5823 8
      vertex 125.921 14.861 8
    endloop
  endfacet
  facet normal 0 0 1
    outer loop
      vertex 16.0787 14.861 8
      vertex 125.921 14.861 8
      vertex 126.051 15.125 8
    endloop
  endfacet
  facet normal 0 0 1
    outer loop
      vertex 15.9486 15.125 8
      vertex 126.051 15.125 8
      vertex 126.215 15.3697 8
    endloop
  endfacet
  facet normal 0 0 1
    outer loop
      vertex 126.409 15.591 8
      vertex 15.591 15.591 8
      vertex 126.215 15.3697 8
    endloop
  endfacet
  facet normal 0 0 1
    outer loop
      vertex 125.769 14.2937 8
      vertex 16.2308 14.2937 8
      vertex 16.25 14 8
    endloop
  endfacet
  facet normal 0 0 1
    outer loop
      vertex 125.827 14.5823 8
      vertex 16.1733 14.5823 8
      vertex 16.2308 14.2937 8
    endloop
  endfacet
  facet normal 0 0 1
    outer loop
      vertex 125.921 14.861 8
      vertex 16.0787 14.861 8
      vertex 16.1733 14.5823 8
    endloop
  endfacet
  facet normal 0 0 1
    outer loop
      vertex 126.051 15.125 8
      vertex 15.9486 15.125 8
      vertex 16.0787 14.861 8
    endloop
  endfacet
  facet normal 0 0 1
    outer loop
      vertex 126.215 15.3697 8
      vertex 15.785 15.3697 8
      vertex 15.9486 15.125 8
    endloop
  endfacet
  facet normal 0 0 1
    outer loop
      vertex 126.215 15.3697 8
      vertex 15.591 15.591 8
      vertex 15.785 15.3697 8
    endloop
  endfacet
  facet normal -0 0 1
    outer loop
      vertex 5 28 8
      vertex 15.591 15.591 8
      vertex 137 28 8
    endloop
  endfacet
  facet normal 0 0 1
    outer loop
      vertex 15.591 15.591 8
      vertex 5 28 8
      vertex 15.3697 15.785 8
    endloop
  endfacet
  facet normal 0 0 1
    outer loop
      vertex 15.3697 15.785 8
      vertex 5 28 8
      vertex 15.125 15.9486 8
    endloop
  endfacet
  facet normal 0 0 1
    outer loop
      vertex 15.125 15.9486 8
      vertex 5 28 8
      vertex 14.861 16.0787 8
    endloop
  endfacet
  facet normal 0 0 1
    outer loop
      vertex 14.861 16.0787 8
      vertex 5 28 8
      vertex 14.5823 16.1733 8
    endloop
  endfacet
  facet normal 0 0 1
    outer loop
      vertex 14.5823 16.1733 8
      vertex 5 28 8
      vertex 14.2937 16.2308 8
    endloop
  endfacet
  facet normal 0 0 1
    outer loop
      vertex 14.2937 16.2308 8
      vertex 5 28 8
      vertex 14 16.25 8
    endloop
  endfacet
  facet normal 0 0 1
    outer loop
      vertex 11.8267 14.5823 8
      vertex 0 23 8
      vertex 11.7692 14.2937 8
    endloop
  endfacet
  facet normal 0 0 1
    outer loop
      vertex 11.9213 14.861 8
      vertex 0 23 8
      vertex 11.8267 14.5823 8
    endloop
  endfacet
  facet normal 0 0 1
    outer loop
      vertex 12.0514 15.125 8
      vertex 0 23 8
      vertex 11.9213 14.861 8
    endloop
  endfacet
  facet normal 0 0 1
    outer loop
      vertex 12.215 15.3697 8
      vertex 0 23 8
      vertex 12.0514 15.125 8
    endloop
  endfacet
  facet normal 0 0 1
    outer loop
      vertex 12.409 15.591 8
      vertex 0 23 8
      vertex 12.215 15.3697 8
    endloop
  endfacet
  facet normal -0 0 1
    outer loop
      vertex 0 23 8
      vertex 12.409 15.591 8
      vertex 5 28 8
    endloop
  endfacet
  facet normal 0 0 1
    outer loop
      vertex 12.6303 15.785 8
      vertex 5 28 8
      vertex 12.409 15.591 8
    endloop
  endfacet
  facet normal 0 0 1
    outer loop
      vertex 12.875 15.9486 8
      vertex 5 28 8
      vertex 12.6303 15.785 8
    endloop
  endfacet
  facet normal 0 0 1
    outer loop
      vertex 13.139 16.0787 8
      vertex 5 28 8
      vertex 12.875 15.9486 8
    endloop
  endfacet
  facet normal 0 0 1
    outer loop
      vertex 13.4177 16.1733 8
      vertex 5 28 8
      vertex 13.139 16.0787 8
    endloop
  endfacet
  facet normal 0 0 1
    outer loop
      vertex 13.7063 16.2308 8
      vertex 5 28 8
      vertex 13.4177 16.1733 8
    endloop
  endfacet
  facet normal 0 0 1
    outer loop
      vertex 14 16.25 8
      vertex 5 28 8
      vertex 13.7063 16.2308 8
    endloop
  endfacet
  facet normal 0 0 1
    outer loop
      vertex 140.536 1.46447 8
      vertex 137 0 8
      vertex 140.044 1.03323 8
    endloop
  endfacet
  facet normal 0 0 1
    outer loop
      vertex 140.044 1.03323 8
      vertex 137 0 8
      vertex 139.5 0.669872 8
    endloop
  endfacet
  facet normal 0 0 1
    outer loop
      vertex 139.5 0.669872 8
      vertex 137 0 8
      vertex 138.913 0.380602 8
    endloop
  endfacet
  facet normal 0 0 1
    outer loop
      vertex 138.294 0.17037 8
      vertex 137 0 8
      vertex 137.653 0.0427752 8
    endloop
  endfacet
  facet normal 0 0 1
    outer loop
      vertex 138.913 0.380602 8
      vertex 137 0 8
      vertex 138.294 0.17037 8
    endloop
  endfacet
  facet normal 0 0 1
    outer loop
      vertex 141.957 4.34737 8
      vertex 137 0 8
      vertex 141.83 3.7059 8
    endloop
  endfacet
  facet normal -0 0 1
    outer loop
      vertex 129.37 12.215 8
      vertex 137 0 8
      vertex 129.591 12.409 8
    endloop
  endfacet
  facet normal -0 0 1
    outer loop
      vertex 129.125 12.0514 8
      vertex 137 0 8
      vertex 129.37 12.215 8
    endloop
  endfacet
  facet normal -0 0 1
    outer loop
      vertex 128.861 11.9213 8
      vertex 137 0 8
      vertex 129.125 12.0514 8
    endloop
  endfacet
  facet normal -0 0 1
    outer loop
      vertex 128.582 11.8267 8
      vertex 137 0 8
      vertex 128.861 11.9213 8
    endloop
  endfacet
  facet normal -0 0 1
    outer loop
      vertex 128.294 11.7692 8
      vertex 137 0 8
      vertex 128.582 11.8267 8
    endloop
  endfacet
  facet normal -0 0 1
    outer loop
      vertex 128 11.75 8
      vertex 137 0 8
      vertex 128.294 11.7692 8
    endloop
  endfacet
  facet normal 0 0 1
    outer loop
      vertex 127.706 11.7692 8
      vertex 137 0 8
      vertex 128 11.75 8
    endloop
  endfacet
  facet normal 0 0 1
    outer loop
      vertex 127.418 11.8267 8
      vertex 137 0 8
      vertex 127.706 11.7692 8
    endloop
  endfacet
  facet normal 0 0 1
    outer loop
      vertex 127.139 11.9213 8
      vertex 137 0 8
      vertex 127.418 11.8267 8
    endloop
  endfacet
  facet normal 0 0 1
    outer loop
      vertex 126.875 12.0514 8
      vertex 137 0 8
      vertex 127.139 11.9213 8
    endloop
  endfacet
  facet normal 0 0 1
    outer loop
      vertex 126.63 12.215 8
      vertex 137 0 8
      vertex 126.875 12.0514 8
    endloop
  endfacet
  facet normal 0 0 1
    outer loop
      vertex 126.409 12.409 8
      vertex 137 0 8
      vertex 126.63 12.215 8
    endloop
  endfacet
  facet normal 0 0 1
    outer loop
      vertex 15.591 12.409 8
      vertex 126.409 12.409 8
      vertex 126.215 12.6303 8
    endloop
  endfacet
  facet normal -0 0 1
    outer loop
      vertex 16.25 14 8
      vertex 125.769 13.7063 8
      vertex 125.75 14 8
    endloop
  endfacet
  facet normal 0 0 1
    outer loop
      vertex 16.2308 13.7063 8
      vertex 125.769 13.7063 8
      vertex 16.25 14 8
    endloop
  endfacet
  facet normal 0 0 1
    outer loop
      vertex 125.769 13.7063 8
      vertex 16.2308 13.7063 8
      vertex 125.827 13.4177 8
    endloop
  endfacet
  facet normal 0 0 1
    outer loop
      vertex 16.1733 13.4177 8
      vertex 125.827 13.4177 8
      vertex 16.2308 13.7063 8
    endloop
  endfacet
  facet normal 0 0 1
    outer loop
      vertex 125.827 13.4177 8
      vertex 16.1733 13.4177 8
      vertex 125.921 13.139 8
    endloop
  endfacet
  facet normal 0 0 1
    outer loop
      vertex 16.0787 13.139 8
      vertex 125.921 13.139 8
      vertex 16.1733 13.4177 8
    endloop
  endfacet
  facet normal 0 0 1
    outer loop
      vertex 125.921 13.139 8
      vertex 16.0787 13.139 8
      vertex 126.051 12.875 8
    endloop
  endfacet
  facet normal 0 0 1
    outer loop
      vertex 15.9486 12.875 8
      vertex 126.051 12.875 8
      vertex 16.0787 13.139 8
    endloop
  endfacet
  facet normal 0 0 1
    outer loop
      vertex 126.051 12.875 8
      vertex 15.9486 12.875 8
      vertex 126.215 12.6303 8
    endloop
  endfacet
  facet normal 0 0 1
    outer loop
      vertex 15.785 12.6303 8
      vertex 126.215 12.6303 8
      vertex 15.9486 12.875 8
    endloop
  endfacet
  facet normal 0 0 1
    outer loop
      vertex 15.591 12.409 8
      vertex 126.215 12.6303 8
      vertex 15.785 12.6303 8
    endloop
  endfacet
  facet normal 0 0 1
    outer loop
      vertex 126.409 12.409 8
      vertex 15.591 12.409 8
      vertex 137 0 8
    endloop
  endfacet
  facet normal 0 0 1
    outer loop
      vertex 5 0 8
      vertex 15.591 12.409 8
      vertex 15.3697 12.215 8
    endloop
  endfacet
  facet normal 0 0 1
    outer loop
      vertex 5 0 8
      vertex 15.3697 12.215 8
      vertex 15.125 12.0514 8
    endloop
  endfacet
  facet normal 0 0 1
    outer loop
      vertex 5 0 8
      vertex 15.125 12.0514 8
      vertex 14.861 11.9213 8
    endloop
  endfacet
  facet normal 0 0 1
    outer loop
      vertex 5 0 8
      vertex 14.861 11.9213 8
      vertex 14.5823 11.8267 8
    endloop
  endfacet
  facet normal 0 0 1
    outer loop
      vertex 5 0 8
      vertex 14.5823 11.8267 8
      vertex 14.2937 11.7692 8
    endloop
  endfacet
  facet normal 0 0 1
    outer loop
      vertex 5 0 8
      vertex 14.2937 11.7692 8
      vertex 14 11.75 8
    endloop
  endfacet
  facet normal 0 0 1
    outer loop
      vertex 5 0 8
      vertex 14 11.75 8
      vertex 13.7063 11.7692 8
    endloop
  endfacet
  facet normal 0 0 1
    outer loop
      vertex 11.7692 14.2937 8
      vertex 0 23 8
      vertex 11.75 14 8
    endloop
  endfacet
  facet normal 0 0 1
    outer loop
      vertex 0 5 8
      vertex 11.75 14 8
      vertex 0 23 8
    endloop
  endfacet
  facet normal 0 0 1
    outer loop
      vertex 11.75 14 8
      vertex 0 5 8
      vertex 11.7692 13.7063 8
    endloop
  endfacet
  facet normal 0 0 1
    outer loop
      vertex 15.591 12.409 8
      vertex 5 0 8
      vertex 137 0 8
    endloop
  endfacet
  facet normal 0 0 1
    outer loop
      vertex 13.4177 11.8267 8
      vertex 5 0 8
      vertex 13.7063 11.7692 8
    endloop
  endfacet
  facet normal 0 0 1
    outer loop
      vertex 13.139 11.9213 8
      vertex 5 0 8
      vertex 13.4177 11.8267 8
    endloop
  endfacet
  facet normal 0 0 1
    outer loop
      vertex 12.875 12.0514 8
      vertex 5 0 8
      vertex 13.139 11.9213 8
    endloop
  endfacet
  facet normal 0 0 1
    outer loop
      vertex 12.6303 12.215 8
      vertex 5 0 8
      vertex 12.875 12.0514 8
    endloop
  endfacet
  facet normal 0 0 1
    outer loop
      vertex 12.409 12.409 8
      vertex 5 0 8
      vertex 12.6303 12.215 8
    endloop
  endfacet
  facet normal 0 0 1
    outer loop
      vertex 0 5 8
      vertex 12.409 12.409 8
      vertex 12.215 12.6303 8
    endloop
  endfacet
  facet normal 0 0 1
    outer loop
      vertex 0 5 8
      vertex 12.215 12.6303 8
      vertex 12.0514 12.875 8
    endloop
  endfacet
  facet normal 0 0 1
    outer loop
      vertex 0 5 8
      vertex 12.0514 12.875 8
      vertex 11.9213 13.139 8
    endloop
  endfacet
  facet normal 0 0 1
    outer loop
      vertex 11.7692 13.7063 8
      vertex 0 5 8
      vertex 11.8267 13.4177 8
    endloop
  endfacet
  facet normal 0 0 1
    outer loop
      vertex 0 23 8
      vertex 5 28 8
      vertex 4.34737 27.9572 8
    endloop
  endfacet
  facet normal 0 0 1
    outer loop
      vertex 11.8267 13.4177 8
      vertex 0 5 8
      vertex 11.9213 13.139 8
    endloop
  endfacet
  facet normal 0 0 1
    outer loop
      vertex 0 23 8
      vertex 4.34737 27.9572 8
      vertex 3.7059 27.8296 8
    endloop
  endfacet
  facet normal 0 0 1
    outer loop
      vertex 12.409 12.409 8
      vertex 0 5 8
      vertex 5 0 8
    endloop
  endfacet
  facet normal 0 0 1
    outer loop
      vertex 0 23 8
      vertex 3.7059 27.8296 8
      vertex 3.08658 27.6194 8
    endloop
  endfacet
  facet normal 0 0 1
    outer loop
      vertex 5 0 8
      vertex 0 5 8
      vertex 4.34737 0.0427752 8
    endloop
  endfacet
  facet normal 0 0 1
    outer loop
      vertex 0 23 8
      vertex 3.08658 27.6194 8
      vertex 2.5 27.3301 8
    endloop
  endfacet
  facet normal 0 0 1
    outer loop
      vertex 4.34737 0.0427752 8
      vertex 0 5 8
      vertex 3.7059 0.17037 8
    endloop
  endfacet
  facet normal 0 0 1
    outer loop
      vertex 0 23 8
      vertex 2.5 27.3301 8
      vertex 1.95619 26.9668 8
    endloop
  endfacet
  facet normal 0 0 1
    outer loop
      vertex 3.7059 0.17037 8
      vertex 0 5 8
      vertex 3.08658 0.380602 8
    endloop
  endfacet
  facet normal 0 0 1
    outer loop
      vertex 0 23 8
      vertex 1.95619 26.9668 8
      vertex 1.46447 26.5355 8
    endloop
  endfacet
  facet normal 0 0 1
    outer loop
      vertex 3.08658 0.380602 8
      vertex 0 5 8
      vertex 2.5 0.669872 8
    endloop
  endfacet
  facet normal 0 0 1
    outer loop
      vertex 0 23 8
      vertex 1.46447 26.5355 8
      vertex 1.03323 26.0438 8
    endloop
  endfacet
  facet normal 0 0 1
    outer loop
      vertex 2.5 0.669872 8
      vertex 0 5 8
      vertex 1.95619 1.03323 8
    endloop
  endfacet
  facet normal 0 0 1
    outer loop
      vertex 0 23 8
      vertex 1.03323 26.0438 8
      vertex 0.669872 25.5 8
    endloop
  endfacet
  facet normal 0 0 1
    outer loop
      vertex 1.95619 1.03323 8
      vertex 0 5 8
      vertex 1.46447 1.46447 8
    endloop
  endfacet
  facet normal 0 0 1
    outer loop
      vertex 0 23 8
      vertex 0.669872 25.5 8
      vertex 0.380602 24.9134 8
    endloop
  endfacet
  facet normal 0 0 1
    outer loop
      vertex 1.46447 1.46447 8
      vertex 0 5 8
      vertex 1.03323 1.95619 8
    endloop
  endfacet
  facet normal 0 0 1
    outer loop
      vertex 0 23 8
      vertex 0.380602 24.9134 8
      vertex 0.17037 24.2941 8
    endloop
  endfacet
  facet normal 0 0 1
    outer loop
      vertex 1.03323 1.95619 8
      vertex 0 5 8
      vertex 0.669872 2.5 8
    endloop
  endfacet
  facet normal 0 0 1
    outer loop
      vertex 0 23 8
      vertex 0.17037 24.2941 8
      vertex 0.0427752 23.6526 8
    endloop
  endfacet
  facet normal 0 0 1
    outer loop
      vertex 0.669872 2.5 8
      vertex 0 5 8
      vertex 0.380602 3.08658 8
    endloop
  endfacet
  facet normal 0 0 1
    outer loop
      vertex 0.380602 3.08658 8
      vertex 0 5 8
      vertex 0.17037 3.7059 8
    endloop
  endfacet
  facet normal 0 0 1
    outer loop
      vertex 0.17037 3.7059 8
      vertex 0 5 8
      vertex 0.0427752 4.34737 8
    endloop
  endfacet
  facet normal 0.659145 -0.752016 0
    outer loop
      vertex 140.044 1.03323 0
      vertex 140.536 1.46447 8
      vertex 140.044 1.03323 8
    endloop
  endfacet
  facet normal 0.659145 -0.752016 0
    outer loop
      vertex 140.536 1.46447 8
      vertex 140.044 1.03323 0
      vertex 140.536 1.46447 0
    endloop
  endfacet
  facet normal 0.321546 0.946894 -0
    outer loop
      vertex 138.913 27.6194 0
      vertex 138.294 27.8296 8
      vertex 138.913 27.6194 8
    endloop
  endfacet
  facet normal 0.321546 0.946894 0
    outer loop
      vertex 138.294 27.8296 8
      vertex 138.913 27.6194 0
      vertex 138.294 27.8296 0
    endloop
  endfacet
  facet normal 0.897042 0.441945 0
    outer loop
      vertex 141.619 24.9134 8
      vertex 141.33 25.5 0
      vertex 141.33 25.5 8
    endloop
  endfacet
  facet normal 0.897042 0.441945 0
    outer loop
      vertex 141.33 25.5 0
      vertex 141.619 24.9134 8
      vertex 141.619 24.9134 0
    endloop
  endfacet
  facet normal -0.659409 0.751784 0
    outer loop
      vertex 1.95619 26.9668 0
      vertex 1.46447 26.5355 8
      vertex 1.95619 26.9668 8
    endloop
  endfacet
  facet normal -0.659409 0.751784 0
    outer loop
      vertex 1.46447 26.5355 8
      vertex 1.95619 26.9668 0
      vertex 1.46447 26.5355 0
    endloop
  endfacet
  facet normal 0.659197 0.75197 -0
    outer loop
      vertex 140.536 26.5355 0
      vertex 140.044 26.9668 8
      vertex 140.536 26.5355 8
    endloop
  endfacet
  facet normal 0.659197 0.75197 0
    outer loop
      vertex 140.044 26.9668 8
      vertex 140.536 26.5355 0
      vertex 140.044 26.9668 0
    endloop
  endfacet
  facet normal 0.831725 -0.555187 0
    outer loop
      vertex 140.967 1.95619 8
      vertex 141.33 2.5 0
      vertex 141.33 2.5 8
    endloop
  endfacet
  facet normal 0.831725 -0.555187 0
    outer loop
      vertex 141.33 2.5 0
      vertex 140.967 1.95619 8
      vertex 140.967 1.95619 0
    endloop
  endfacet
  facet normal -0.946926 0.32145 0
    outer loop
      vertex 0.17037 24.2941 0
      vertex 0.380602 24.9134 8
      vertex 0.380602 24.9134 0
    endloop
  endfacet
  facet normal -0.946926 0.32145 0
    outer loop
      vertex 0.380602 24.9134 8
      vertex 0.17037 24.2941 0
      vertex 0.17037 24.2941 8
    endloop
  endfacet
  facet normal -0.751817 0.659372 0
    outer loop
      vertex 1.03323 26.0438 0
      vertex 1.46447 26.5355 8
      vertex 1.46447 26.5355 0
    endloop
  endfacet
  facet normal -0.751817 0.659372 0
    outer loop
      vertex 1.46447 26.5355 8
      vertex 1.03323 26.0438 0
      vertex 1.03323 26.0438 8
    endloop
  endfacet
  facet normal -0.980724 -0.195397 0
    outer loop
      vertex 16.2308 54.2937 3.2
      vertex 16.1733 54.5823 8
      vertex 16.1733 54.5823 3.2
    endloop
  endfacet
  facet normal -0.980724 -0.195397 0
    outer loop
      vertex 16.1733 54.5823 8
      vertex 16.2308 54.2937 3.2
      vertex 16.2308 54.2937 8
    endloop
  endfacet
  facet normal -0.99787 -0.0652336 0
    outer loop
      vertex 16.25 54 3.2
      vertex 16.2308 54.2937 8
      vertex 16.2308 54.2937 3.2
    endloop
  endfacet
  facet normal -0.99787 -0.0652336 0
    outer loop
      vertex 16.2308 54.2937 8
      vertex 16.25 54 3.2
      vertex 16.25 54 8
    endloop
  endfacet
  facet normal -0.946936 -0.321421 0
    outer loop
      vertex 16.1733 54.5823 3.2
      vertex 16.0787 54.861 8
      vertex 16.0787 54.861 3.2
    endloop
  endfacet
  facet normal -0.946936 -0.321421 0
    outer loop
      vertex 16.0787 54.861 8
      vertex 16.1733 54.5823 3.2
      vertex 16.1733 54.5823 8
    endloop
  endfacet
  facet normal -0.831318 -0.555797 0
    outer loop
      vertex 15.9486 55.125 3.2
      vertex 15.785 55.3697 8
      vertex 15.785 55.3697 3.2
    endloop
  endfacet
  facet normal -0.831318 -0.555797 0
    outer loop
      vertex 15.785 55.3697 8
      vertex 15.9486 55.125 3.2
      vertex 15.9486 55.125 8
    endloop
  endfacet
  facet normal 0.659202 0.751966 -0
    outer loop
      vertex 12.6303 52.215 3.2
      vertex 12.409 52.409 8
      vertex 12.6303 52.215 8
    endloop
  endfacet
  facet normal 0.659202 0.751966 0
    outer loop
      vertex 12.409 52.409 8
      vertex 12.6303 52.215 3.2
      vertex 12.409 52.409 3.2
    endloop
  endfacet
  facet normal -0.751966 0.659202 0
    outer loop
      vertex 15.591 52.409 3.2
      vertex 15.785 52.6303 8
      vertex 15.785 52.6303 3.2
    endloop
  endfacet
  facet normal -0.751966 0.659202 0
    outer loop
      vertex 15.785 52.6303 8
      vertex 15.591 52.409 3.2
      vertex 15.591 52.409 8
    endloop
  endfacet
  facet normal 0.99787 -0.0652336 0
    outer loop
      vertex 11.75 54 8
      vertex 11.7692 54.2937 3.2
      vertex 11.7692 54.2937 8
    endloop
  endfacet
  facet normal 0.99787 -0.0652336 0
    outer loop
      vertex 11.7692 54.2937 3.2
      vertex 11.75 54 8
      vertex 11.75 54 3.2
    endloop
  endfacet
  facet normal -0.659202 -0.751966 0
    outer loop
      vertex 15.3697 55.785 3.2
      vertex 15.591 55.591 8
      vertex 15.3697 55.785 8
    endloop
  endfacet
  facet normal -0.659202 -0.751966 -0
    outer loop
      vertex 15.591 55.591 8
      vertex 15.3697 55.785 3.2
      vertex 15.591 55.591 3.2
    endloop
  endfacet
  facet normal 0.442042 -0.896995 0
    outer loop
      vertex 12.875 55.9486 3.2
      vertex 13.139 56.0787 8
      vertex 12.875 55.9486 8
    endloop
  endfacet
  facet normal 0.442042 -0.896995 0
    outer loop
      vertex 13.139 56.0787 8
      vertex 12.875 55.9486 3.2
      vertex 13.139 56.0787 3.2
    endloop
  endfacet
  facet normal -0.442042 -0.896995 0
    outer loop
      vertex 14.861 56.0787 3.2
      vertex 15.125 55.9486 8
      vertex 14.861 56.0787 8
    endloop
  endfacet
  facet normal -0.442042 -0.896995 -0
    outer loop
      vertex 15.125 55.9486 8
      vertex 14.861 56.0787 3.2
      vertex 15.125 55.9486 3.2
    endloop
  endfacet
  facet normal -0.896995 0.442042 0
    outer loop
      vertex 15.9486 52.875 3.2
      vertex 16.0787 53.139 8
      vertex 16.0787 53.139 3.2
    endloop
  endfacet
  facet normal -0.896995 0.442042 0
    outer loop
      vertex 16.0787 53.139 8
      vertex 15.9486 52.875 3.2
      vertex 15.9486 52.875 8
    endloop
  endfacet
  facet normal -0.321421 0.946936 0
    outer loop
      vertex 14.861 51.9213 3.2
      vertex 14.5823 51.8267 8
      vertex 14.861 51.9213 8
    endloop
  endfacet
  facet normal -0.321421 0.946936 0
    outer loop
      vertex 14.5823 51.8267 8
      vertex 14.861 51.9213 3.2
      vertex 14.5823 51.8267 3.2
    endloop
  endfacet
  facet normal -0.896995 -0.442042 0
    outer loop
      vertex 16.0787 54.861 3.2
      vertex 15.9486 55.125 8
      vertex 15.9486 55.125 3.2
    endloop
  endfacet
  facet normal -0.896995 -0.442042 0
    outer loop
      vertex 15.9486 55.125 8
      vertex 16.0787 54.861 3.2
      vertex 16.0787 54.861 8
    endloop
  endfacet
  facet normal 0.896995 -0.442042 0
    outer loop
      vertex 11.9213 54.861 8
      vertex 12.0514 55.125 3.2
      vertex 12.0514 55.125 8
    endloop
  endfacet
  facet normal 0.896995 -0.442042 0
    outer loop
      vertex 12.0514 55.125 3.2
      vertex 11.9213 54.861 8
      vertex 11.9213 54.861 3.2
    endloop
  endfacet
  facet normal -0.751966 -0.659202 0
    outer loop
      vertex 15.785 55.3697 3.2
      vertex 15.591 55.591 8
      vertex 15.591 55.591 3.2
    endloop
  endfacet
  facet normal -0.751966 -0.659202 0
    outer loop
      vertex 15.591 55.591 8
      vertex 15.785 55.3697 3.2
      vertex 15.785 55.3697 8
    endloop
  endfacet
  facet normal -0.980724 0.195397 0
    outer loop
      vertex 16.1733 53.4177 3.2
      vertex 16.2308 53.7063 8
      vertex 16.2308 53.7063 3.2
    endloop
  endfacet
  facet normal -0.980724 0.195397 0
    outer loop
      vertex 16.2308 53.7063 8
      vertex 16.1733 53.4177 3.2
      vertex 16.1733 53.4177 8
    endloop
  endfacet
  facet normal -0.99787 0.0652336 0
    outer loop
      vertex 16.2308 53.7063 3.2
      vertex 16.25 54 8
      vertex 16.25 54 3.2
    endloop
  endfacet
  facet normal -0.99787 0.0652336 0
    outer loop
      vertex 16.25 54 8
      vertex 16.2308 53.7063 3.2
      vertex 16.2308 53.7063 8
    endloop
  endfacet
  facet normal 0.555797 0.831318 -0
    outer loop
      vertex 12.875 52.0514 3.2
      vertex 12.6303 52.215 8
      vertex 12.875 52.0514 8
    endloop
  endfacet
  facet normal 0.555797 0.831318 0
    outer loop
      vertex 12.6303 52.215 8
      vertex 12.875 52.0514 3.2
      vertex 12.6303 52.215 3.2
    endloop
  endfacet
  facet normal 0.946936 0.321421 0
    outer loop
      vertex 11.9213 53.139 8
      vertex 11.8267 53.4177 3.2
      vertex 11.8267 53.4177 8
    endloop
  endfacet
  facet normal 0.946936 0.321421 0
    outer loop
      vertex 11.8267 53.4177 3.2
      vertex 11.9213 53.139 8
      vertex 11.9213 53.139 3.2
    endloop
  endfacet
  facet normal 0.99787 0.0652336 0
    outer loop
      vertex 11.7692 53.7063 8
      vertex 11.75 54 3.2
      vertex 11.75 54 8
    endloop
  endfacet
  facet normal 0.99787 0.0652336 0
    outer loop
      vertex 11.75 54 3.2
      vertex 11.7692 53.7063 8
      vertex 11.7692 53.7063 3.2
    endloop
  endfacet
  facet normal 0.751966 0.659202 0
    outer loop
      vertex 12.409 52.409 8
      vertex 12.215 52.6303 3.2
      vertex 12.215 52.6303 8
    endloop
  endfacet
  facet normal 0.751966 0.659202 0
    outer loop
      vertex 12.215 52.6303 3.2
      vertex 12.409 52.409 8
      vertex 12.409 52.409 3.2
    endloop
  endfacet
  facet normal 0.321421 -0.946936 0
    outer loop
      vertex 13.139 56.0787 3.2
      vertex 13.4177 56.1733 8
      vertex 13.139 56.0787 8
    endloop
  endfacet
  facet normal 0.321421 -0.946936 0
    outer loop
      vertex 13.4177 56.1733 8
      vertex 13.139 56.0787 3.2
      vertex 13.4177 56.1733 3.2
    endloop
  endfacet
  facet normal -0.659202 0.751966 0
    outer loop
      vertex 15.591 52.409 3.2
      vertex 15.3697 52.215 8
      vertex 15.591 52.409 8
    endloop
  endfacet
  facet normal -0.659202 0.751966 0
    outer loop
      vertex 15.3697 52.215 8
      vertex 15.591 52.409 3.2
      vertex 15.3697 52.215 3.2
    endloop
  endfacet
  facet normal -0.0652336 0.99787 0
    outer loop
      vertex 14.2937 51.7692 3.2
      vertex 14 51.75 8
      vertex 14.2937 51.7692 8
    endloop
  endfacet
  facet normal -0.0652336 0.99787 0
    outer loop
      vertex 14 51.75 8
      vertex 14.2937 51.7692 3.2
      vertex 14 51.75 3.2
    endloop
  endfacet
  facet normal -0.195397 -0.980724 0
    outer loop
      vertex 14.2937 56.2308 3.2
      vertex 14.5823 56.1733 8
      vertex 14.2937 56.2308 8
    endloop
  endfacet
  facet normal -0.195397 -0.980724 -0
    outer loop
      vertex 14.5823 56.1733 8
      vertex 14.2937 56.2308 3.2
      vertex 14.5823 56.1733 3.2
    endloop
  endfacet
  facet normal -0.321421 -0.946936 0
    outer loop
      vertex 14.5823 56.1733 3.2
      vertex 14.861 56.0787 8
      vertex 14.5823 56.1733 8
    endloop
  endfacet
  facet normal -0.321421 -0.946936 -0
    outer loop
      vertex 14.861 56.0787 8
      vertex 14.5823 56.1733 3.2
      vertex 14.861 56.0787 3.2
    endloop
  endfacet
  facet normal -0.946936 0.321421 0
    outer loop
      vertex 16.0787 53.139 3.2
      vertex 16.1733 53.4177 8
      vertex 16.1733 53.4177 3.2
    endloop
  endfacet
  facet normal -0.946936 0.321421 0
    outer loop
      vertex 16.1733 53.4177 8
      vertex 16.0787 53.139 3.2
      vertex 16.0787 53.139 8
    endloop
  endfacet
  facet normal 0.195397 -0.980724 0
    outer loop
      vertex 13.4177 56.1733 3.2
      vertex 13.7063 56.2308 8
      vertex 13.4177 56.1733 8
    endloop
  endfacet
  facet normal 0.195397 -0.980724 0
    outer loop
      vertex 13.7063 56.2308 8
      vertex 13.4177 56.1733 3.2
      vertex 13.7063 56.2308 3.2
    endloop
  endfacet
  facet normal 0.946936 -0.321421 0
    outer loop
      vertex 11.8267 54.5823 8
      vertex 11.9213 54.861 3.2
      vertex 11.9213 54.861 8
    endloop
  endfacet
  facet normal 0.946936 -0.321421 0
    outer loop
      vertex 11.9213 54.861 3.2
      vertex 11.8267 54.5823 8
      vertex 11.8267 54.5823 3.2
    endloop
  endfacet
  facet normal -0.555797 -0.831318 0
    outer loop
      vertex 15.125 55.9486 3.2
      vertex 15.3697 55.785 8
      vertex 15.125 55.9486 8
    endloop
  endfacet
  facet normal -0.555797 -0.831318 -0
    outer loop
      vertex 15.3697 55.785 8
      vertex 15.125 55.9486 3.2
      vertex 15.3697 55.785 3.2
    endloop
  endfacet
  facet normal -0.195397 0.980724 0
    outer loop
      vertex 14.5823 51.8267 3.2
      vertex 14.2937 51.7692 8
      vertex 14.5823 51.8267 8
    endloop
  endfacet
  facet normal -0.195397 0.980724 0
    outer loop
      vertex 14.2937 51.7692 8
      vertex 14.5823 51.8267 3.2
      vertex 14.2937 51.7692 3.2
    endloop
  endfacet
  facet normal -0.442042 0.896995 0
    outer loop
      vertex 15.125 52.0514 3.2
      vertex 14.861 51.9213 8
      vertex 15.125 52.0514 8
    endloop
  endfacet
  facet normal -0.442042 0.896995 0
    outer loop
      vertex 14.861 51.9213 8
      vertex 15.125 52.0514 3.2
      vertex 14.861 51.9213 3.2
    endloop
  endfacet
  facet normal 0.442042 0.896995 -0
    outer loop
      vertex 13.139 51.9213 3.2
      vertex 12.875 52.0514 8
      vertex 13.139 51.9213 8
    endloop
  endfacet
  facet normal 0.442042 0.896995 0
    outer loop
      vertex 12.875 52.0514 8
      vertex 13.139 51.9213 3.2
      vertex 12.875 52.0514 3.2
    endloop
  endfacet
  facet normal 0.751966 -0.659202 0
    outer loop
      vertex 12.215 55.3697 8
      vertex 12.409 55.591 3.2
      vertex 12.409 55.591 8
    endloop
  endfacet
  facet normal 0.751966 -0.659202 0
    outer loop
      vertex 12.409 55.591 3.2
      vertex 12.215 55.3697 8
      vertex 12.215 55.3697 3.2
    endloop
  endfacet
  facet normal 0.896995 0.442042 0
    outer loop
      vertex 12.0514 52.875 8
      vertex 11.9213 53.139 3.2
      vertex 11.9213 53.139 8
    endloop
  endfacet
  facet normal 0.896995 0.442042 0
    outer loop
      vertex 11.9213 53.139 3.2
      vertex 12.0514 52.875 8
      vertex 12.0514 52.875 3.2
    endloop
  endfacet
  facet normal 0.831318 0.555797 0
    outer loop
      vertex 12.215 52.6303 8
      vertex 12.0514 52.875 3.2
      vertex 12.0514 52.875 8
    endloop
  endfacet
  facet normal 0.831318 0.555797 0
    outer loop
      vertex 12.0514 52.875 3.2
      vertex 12.215 52.6303 8
      vertex 12.215 52.6303 3.2
    endloop
  endfacet
  facet normal 0.555797 -0.831318 0
    outer loop
      vertex 12.6303 55.785 3.2
      vertex 12.875 55.9486 8
      vertex 12.6303 55.785 8
    endloop
  endfacet
  facet normal 0.555797 -0.831318 0
    outer loop
      vertex 12.875 55.9486 8
      vertex 12.6303 55.785 3.2
      vertex 12.875 55.9486 3.2
    endloop
  endfacet
  facet normal -0.831318 0.555797 0
    outer loop
      vertex 15.785 52.6303 3.2
      vertex 15.9486 52.875 8
      vertex 15.9486 52.875 3.2
    endloop
  endfacet
  facet normal -0.831318 0.555797 0
    outer loop
      vertex 15.9486 52.875 8
      vertex 15.785 52.6303 3.2
      vertex 15.785 52.6303 8
    endloop
  endfacet
  facet normal 0.0652336 0.99787 -0
    outer loop
      vertex 14 51.75 3.2
      vertex 13.7063 51.7692 8
      vertex 14 51.75 8
    endloop
  endfacet
  facet normal 0.0652336 0.99787 0
    outer loop
      vertex 13.7063 51.7692 8
      vertex 14 51.75 3.2
      vertex 13.7063 51.7692 3.2
    endloop
  endfacet
  facet normal 0.659202 -0.751966 0
    outer loop
      vertex 12.409 55.591 3.2
      vertex 12.6303 55.785 8
      vertex 12.409 55.591 8
    endloop
  endfacet
  facet normal 0.659202 -0.751966 0
    outer loop
      vertex 12.6303 55.785 8
      vertex 12.409 55.591 3.2
      vertex 12.6303 55.785 3.2
    endloop
  endfacet
  facet normal -0.555797 0.831318 0
    outer loop
      vertex 15.3697 52.215 3.2
      vertex 15.125 52.0514 8
      vertex 15.3697 52.215 8
    endloop
  endfacet
  facet normal -0.555797 0.831318 0
    outer loop
      vertex 15.125 52.0514 8
      vertex 15.3697 52.215 3.2
      vertex 15.125 52.0514 3.2
    endloop
  endfacet
  facet normal 0.980724 -0.195397 0
    outer loop
      vertex 11.7692 54.2937 8
      vertex 11.8267 54.5823 3.2
      vertex 11.8267 54.5823 8
    endloop
  endfacet
  facet normal 0.980724 -0.195397 0
    outer loop
      vertex 11.8267 54.5823 3.2
      vertex 11.7692 54.2937 8
      vertex 11.7692 54.2937 3.2
    endloop
  endfacet
  facet normal 0.0652336 -0.99787 0
    outer loop
      vertex 13.7063 56.2308 3.2
      vertex 14 56.25 8
      vertex 13.7063 56.2308 8
    endloop
  endfacet
  facet normal 0.0652336 -0.99787 0
    outer loop
      vertex 14 56.25 8
      vertex 13.7063 56.2308 3.2
      vertex 14 56.25 3.2
    endloop
  endfacet
  facet normal 0.321421 0.946936 -0
    outer loop
      vertex 13.4177 51.8267 3.2
      vertex 13.139 51.9213 8
      vertex 13.4177 51.8267 8
    endloop
  endfacet
  facet normal 0.321421 0.946936 0
    outer loop
      vertex 13.139 51.9213 8
      vertex 13.4177 51.8267 3.2
      vertex 13.139 51.9213 3.2
    endloop
  endfacet
  facet normal 0.980724 0.195397 0
    outer loop
      vertex 11.8267 53.4177 8
      vertex 11.7692 53.7063 3.2
      vertex 11.7692 53.7063 8
    endloop
  endfacet
  facet normal 0.980724 0.195397 0
    outer loop
      vertex 11.7692 53.7063 3.2
      vertex 11.8267 53.4177 8
      vertex 11.8267 53.4177 3.2
    endloop
  endfacet
  facet normal -0.0652336 -0.99787 0
    outer loop
      vertex 14 56.25 3.2
      vertex 14.2937 56.2308 8
      vertex 14 56.25 8
    endloop
  endfacet
  facet normal -0.0652336 -0.99787 -0
    outer loop
      vertex 14.2937 56.2308 8
      vertex 14 56.25 3.2
      vertex 14.2937 56.2308 3.2
    endloop
  endfacet
  facet normal 0.195397 0.980724 -0
    outer loop
      vertex 13.7063 51.7692 3.2
      vertex 13.4177 51.8267 8
      vertex 13.7063 51.7692 8
    endloop
  endfacet
  facet normal 0.195397 0.980724 0
    outer loop
      vertex 13.4177 51.8267 8
      vertex 13.7063 51.7692 3.2
      vertex 13.4177 51.8267 3.2
    endloop
  endfacet
  facet normal 0.831318 -0.555797 0
    outer loop
      vertex 12.0514 55.125 8
      vertex 12.215 55.3697 3.2
      vertex 12.215 55.3697 8
    endloop
  endfacet
  facet normal 0.831318 -0.555797 0
    outer loop
      vertex 12.215 55.3697 3.2
      vertex 12.0514 55.125 8
      vertex 12.0514 55.125 3.2
    endloop
  endfacet
  facet normal -0.853853 -0.0560346 -0.517489
    outer loop
      vertex 18.1541 54.5379 0
      vertex 18.1894 54 0
      vertex 16.25 54 3.2
    endloop
  endfacet
  facet normal 0.810234 0.275157 -0.517503
    outer loop
      vertex 11.9213 53.139 3.2
      vertex 10.9694 52.7447 1.5
      vertex 10.8773 53.0159 1.5
    endloop
  endfacet
  facet normal 0.767439 -0.378492 -0.517475
    outer loop
      vertex 11.1592 55.6402 1.5
      vertex 12.0514 55.125 3.2
      vertex 11.0325 55.3833 1.5
    endloop
  endfacet
  facet normal 0.166783 0.839294 -0.517463
    outer loop
      vertex 13.7063 51.7692 3.2
      vertex 13.5718 50.7478 1.5
      vertex 13.291 50.8036 1.5
    endloop
  endfacet
  facet normal 0.643218 -0.564347 -0.517477
    outer loop
      vertex 11.6805 56.3195 1.5
      vertex 12.409 55.591 3.2
      vertex 11.4916 56.1042 1.5
    endloop
  endfacet
  facet normal -0.811522 -0.270507 -0.517937
    outer loop
      vertex 18.0466 55.0843 0
      vertex 16.0787 54.861 3.2
      vertex 18.0438 55.0927 0
    endloop
  endfacet
  facet normal -0.810283 -0.275037 -0.517491
    outer loop
      vertex 16.0787 54.861 3.2
      vertex 18.0466 55.0843 0
      vertex 16.1733 54.5823 3.2
    endloop
  endfacet
  facet normal 0.853844 -0.0563633 -0.517469
    outer loop
      vertex 11.7692 54.2937 3.2
      vertex 10.7384 54.2858 1.5
      vertex 10.7478 54.4282 1.5
    endloop
  endfacet
  facet normal 0.853869 -0.0558198 -0.517486
    outer loop
      vertex 10.7384 54.2858 1.5
      vertex 11.7692 54.2937 3.2
      vertex 11.75 54 3.2
    endloop
  endfacet
  facet normal 0.810234 -0.275157 -0.517503
    outer loop
      vertex 10.9694 55.2553 1.5
      vertex 11.9213 54.861 3.2
      vertex 10.8773 54.9841 1.5
    endloop
  endfacet
  facet normal -0.767541 0.378246 -0.517504
    outer loop
      vertex 17.8705 52.3968 0
      vertex 15.9486 52.875 3.2
      vertex 16.0787 53.139 3.2
    endloop
  endfacet
  facet normal -0.768962 0.374869 -0.517853
    outer loop
      vertex 15.9486 52.875 3.2
      vertex 17.8705 52.3968 0
      vertex 17.8666 52.3888 0
    endloop
  endfacet
  facet normal 0.378246 0.767539 -0.517507
    outer loop
      vertex 12.7447 50.9694 1.5
      vertex 12.875 52.0514 3.2
      vertex 13.139 51.9213 3.2
    endloop
  endfacet
  facet normal 0.378353 0.767498 -0.51749
    outer loop
      vertex 12.875 52.0514 3.2
      vertex 12.7447 50.9694 1.5
      vertex 12.6167 51.0325 1.5
    endloop
  endfacet
  facet normal 0.711359 0.475596 -0.517472
    outer loop
      vertex 12.215 52.6303 3.2
      vertex 11.1592 52.3598 1.5
      vertex 12.0514 52.875 3.2
    endloop
  endfacet
  facet normal 0.711342 0.475628 -0.517466
    outer loop
      vertex 11.1592 52.3598 1.5
      vertex 12.215 52.6303 3.2
      vertex 11.2385 52.2412 1.5
    endloop
  endfacet
  facet normal 0.83918 -0.167237 -0.517502
    outer loop
      vertex 11.8267 54.5823 3.2
      vertex 10.8036 54.709 1.5
      vertex 10.8315 54.849 1.5
    endloop
  endfacet
  facet normal 0.839187 -0.167198 -0.517504
    outer loop
      vertex 10.8036 54.709 1.5
      vertex 11.8267 54.5823 3.2
      vertex 11.7692 54.2937 3.2
    endloop
  endfacet
  facet normal -0.275064 -0.810259 -0.517513
    outer loop
      vertex 15.1523 57.0656 1.5
      vertex 14.861 56.0787 3.2
      vertex 14.9841 57.1227 1.5
    endloop
  endfacet
  facet normal -0.275061 -0.810264 -0.517508
    outer loop
      vertex 15.6032 57.8705 0
      vertex 15.0036 57.2881 1.23056
      vertex 15.0927 58.0438 0
    endloop
  endfacet
  facet normal -0.275363 -0.810161 -0.517507
    outer loop
      vertex 15.1523 57.0656 1.5
      vertex 15.6032 57.8705 0
      vertex 14.861 56.0787 3.2
    endloop
  endfacet
  facet normal -0.274893 -0.810348 -0.517465
    outer loop
      vertex 15.0036 57.2881 1.23056
      vertex 15.6032 57.8705 0
      vertex 15.1523 57.0656 1.5
    endloop
  endfacet
  facet normal -0.378546 -0.767409 -0.517481
    outer loop
      vertex 15.6112 57.8666 0
      vertex 16.0947 57.6281 0
      vertex 15.125 55.9486 3.2
    endloop
  endfacet
  facet normal -0.767409 0.378546 -0.517481
    outer loop
      vertex 17.8666 52.3888 0
      vertex 17.6281 51.9053 0
      vertex 15.9486 52.875 3.2
    endloop
  endfacet
  facet normal 0.853863 -0.0558686 -0.517491
    outer loop
      vertex 10.7384 54.2858 1.5
      vertex 11.75 54 3.2
      vertex 10.7197 54 1.5
    endloop
  endfacet
  facet normal -0.0558686 -0.853863 -0.517491
    outer loop
      vertex 14 57.2803 1.5
      vertex 14.2858 57.2616 1.5
      vertex 14 56.25 3.2
    endloop
  endfacet
  facet normal -0.0562095 -0.853867 -0.517447
    outer loop
      vertex 14.5379 58.1541 0
      vertex 14.4849 57.9664 0.315491
      vertex 14.307 58.1693 0
    endloop
  endfacet
  facet normal -0.378546 0.767409 -0.517481
    outer loop
      vertex 16.0947 50.3719 0
      vertex 15.6112 50.1334 0
      vertex 15.125 52.0514 3.2
    endloop
  endfacet
  facet normal 0.839294 -0.166783 -0.517463
    outer loop
      vertex 10.8036 54.709 1.5
      vertex 11.7692 54.2937 3.2
      vertex 10.7478 54.4282 1.5
    endloop
  endfacet
  facet normal -0.475596 -0.711359 -0.517472
    outer loop
      vertex 16.0947 57.6281 0
      vertex 15.3697 55.785 3.2
      vertex 15.125 55.9486 3.2
    endloop
  endfacet
  facet normal -0.472308 -0.713282 -0.517836
    outer loop
      vertex 15.3697 55.785 3.2
      vertex 16.0947 57.6281 0
      vertex 16.1021 57.6232 0
    endloop
  endfacet
  facet normal 0.378492 -0.767439 -0.517475
    outer loop
      vertex 12.6167 56.9675 1.5
      vertex 12.875 55.9486 3.2
      vertex 12.3598 56.8408 1.5
    endloop
  endfacet
  facet normal -0.839239 -0.166991 -0.517486
    outer loop
      vertex 18.0484 55.0755 0
      vertex 18.1536 54.5468 0
      vertex 16.2308 54.2937 3.2
    endloop
  endfacet
  facet normal 0.767539 0.378246 -0.517507
    outer loop
      vertex 12.0514 52.875 3.2
      vertex 10.9694 52.7447 1.5
      vertex 11.9213 53.139 3.2
    endloop
  endfacet
  facet normal 0.767498 0.378353 -0.51749
    outer loop
      vertex 10.9694 52.7447 1.5
      vertex 12.0514 52.875 3.2
      vertex 11.0325 52.6167 1.5
    endloop
  endfacet
  facet normal 0.564347 -0.643218 -0.517477
    outer loop
      vertex 11.8958 56.5084 1.5
      vertex 12.409 55.591 3.2
      vertex 11.6805 56.3195 1.5
    endloop
  endfacet
  facet normal -0.378246 -0.767541 -0.517504
    outer loop
      vertex 15.6032 57.8705 0
      vertex 15.125 55.9486 3.2
      vertex 14.861 56.0787 3.2
    endloop
  endfacet
  facet normal -0.374869 -0.768962 -0.517853
    outer loop
      vertex 15.125 55.9486 3.2
      vertex 15.6032 57.8705 0
      vertex 15.6112 57.8666 0
    endloop
  endfacet
  facet normal 0.378353 -0.767498 -0.51749
    outer loop
      vertex 12.7447 57.0306 1.5
      vertex 12.875 55.9486 3.2
      vertex 12.6167 56.9675 1.5
    endloop
  endfacet
  facet normal 0.378246 -0.767539 -0.517507
    outer loop
      vertex 12.875 55.9486 3.2
      vertex 12.7447 57.0306 1.5
      vertex 13.139 56.0787 3.2
    endloop
  endfacet
  facet normal 0.0558686 0.853863 -0.517491
    outer loop
      vertex 14 51.75 3.2
      vertex 14 50.7197 1.5
      vertex 13.7142 50.7384 1.5
    endloop
  endfacet
  facet normal -0.711458 -0.475417 -0.517499
    outer loop
      vertex 17.3237 56.5503 0
      vertex 17.6232 56.1021 0
      vertex 15.785 55.3697 3.2
    endloop
  endfacet
  facet normal -0.643444 0.564067 -0.517502
    outer loop
      vertex 17.3237 51.4497 0
      vertex 15.591 52.409 3.2
      vertex 15.785 52.6303 3.2
    endloop
  endfacet
  facet normal -0.642266 0.565578 -0.517317
    outer loop
      vertex 15.591 52.409 3.2
      vertex 17.3237 51.4497 0
      vertex 17.3178 51.443 0
    endloop
  endfacet
  facet normal -0.374869 0.768962 -0.517853
    outer loop
      vertex 15.6032 50.1295 0
      vertex 15.125 52.0514 3.2
      vertex 15.6112 50.1334 0
    endloop
  endfacet
  facet normal -0.378246 0.767541 -0.517504
    outer loop
      vertex 15.125 52.0514 3.2
      vertex 15.6032 50.1295 0
      vertex 14.861 51.9213 3.2
    endloop
  endfacet
  facet normal -0.6433 -0.564256 -0.517475
    outer loop
      vertex 16.9623 56.9623 0
      vertex 17.3178 56.557 0
      vertex 15.591 55.591 3.2
    endloop
  endfacet
  facet normal -0.475417 0.711458 -0.517499
    outer loop
      vertex 16.5503 50.6763 0
      vertex 16.1021 50.3768 0
      vertex 15.3697 52.215 3.2
    endloop
  endfacet
  facet normal 0.167237 -0.83918 -0.517502
    outer loop
      vertex 13.291 57.1964 1.5
      vertex 13.4177 56.1733 3.2
      vertex 13.151 57.1685 1.5
    endloop
  endfacet
  facet normal 0.167198 -0.839187 -0.517504
    outer loop
      vertex 13.4177 56.1733 3.2
      vertex 13.291 57.1964 1.5
      vertex 13.7063 56.2308 3.2
    endloop
  endfacet
  facet normal 0.839294 0.166783 -0.517463
    outer loop
      vertex 11.7692 53.7063 3.2
      vertex 10.8036 53.291 1.5
      vertex 10.7478 53.5718 1.5
    endloop
  endfacet
  facet normal -0.0558686 0.853863 -0.517491
    outer loop
      vertex 14 51.75 3.2
      vertex 14.2858 50.7384 1.5
      vertex 14 50.7197 1.5
    endloop
  endfacet
  facet normal -0.0562095 0.853866 -0.517448
    outer loop
      vertex 14.4849 50.0336 0.31549
      vertex 14.5379 49.8459 0
      vertex 14.307 49.8307 0
    endloop
  endfacet
  facet normal -0.853853 0.0560346 -0.517489
    outer loop
      vertex 18.1894 54 0
      vertex 18.1541 53.4621 0
      vertex 16.25 54 3.2
    endloop
  endfacet
  facet normal 0.166783 -0.839294 -0.517463
    outer loop
      vertex 13.5718 57.2522 1.5
      vertex 13.7063 56.2308 3.2
      vertex 13.291 57.1964 1.5
    endloop
  endfacet
  facet normal -0.167237 0.83918 -0.517502
    outer loop
      vertex 14.709 50.8036 1.5
      vertex 14.5823 51.8267 3.2
      vertex 14.849 50.8315 1.5
    endloop
  endfacet
  facet normal -0.167198 0.839187 -0.517504
    outer loop
      vertex 14.5823 51.8267 3.2
      vertex 14.709 50.8036 1.5
      vertex 14.2937 51.7692 3.2
    endloop
  endfacet
  facet normal -0.166788 0.839302 -0.517449
    outer loop
      vertex 15.0843 49.9534 0
      vertex 14.8484 50.4796 0.929533
      vertex 14.9161 50.5809 1.07202
    endloop
  endfacet
  facet normal -0.171424 0.838071 -0.517929
    outer loop
      vertex 14.8484 50.4796 0.929533
      vertex 15.0843 49.9534 0
      vertex 15.0755 49.9516 0
    endloop
  endfacet
  facet normal 0.81028 0.275036 -0.517496
    outer loop
      vertex 11.9213 53.139 3.2
      vertex 10.8315 53.151 1.5
      vertex 11.8267 53.4177 3.2
    endloop
  endfacet
  facet normal 0.810356 0.274717 -0.517546
    outer loop
      vertex 10.8315 53.151 1.5
      vertex 11.9213 53.139 3.2
      vertex 10.8773 53.0159 1.5
    endloop
  endfacet
  facet normal -0.564067 -0.643444 -0.517502
    outer loop
      vertex 16.5503 57.3237 0
      vertex 15.591 55.591 3.2
      vertex 15.3697 55.785 3.2
    endloop
  endfacet
  facet normal -0.565578 -0.642266 -0.517317
    outer loop
      vertex 15.591 55.591 3.2
      vertex 16.5503 57.3237 0
      vertex 16.557 57.3178 0
    endloop
  endfacet
  facet normal 0.378492 0.767439 -0.517475
    outer loop
      vertex 12.875 52.0514 3.2
      vertex 12.6167 51.0325 1.5
      vertex 12.3598 51.1592 1.5
    endloop
  endfacet
  facet normal 0.767498 -0.378353 -0.51749
    outer loop
      vertex 12.0514 55.125 3.2
      vertex 10.9694 55.2553 1.5
      vertex 11.0325 55.3833 1.5
    endloop
  endfacet
  facet normal 0.767539 -0.378246 -0.517507
    outer loop
      vertex 10.9694 55.2553 1.5
      vertex 12.0514 55.125 3.2
      vertex 11.9213 54.861 3.2
    endloop
  endfacet
  facet normal -0.6433 0.564256 -0.517475
    outer loop
      vertex 17.3178 51.443 0
      vertex 16.9623 51.0377 0
      vertex 15.591 52.409 3.2
    endloop
  endfacet
  facet normal 0.0558686 -0.853863 -0.517491
    outer loop
      vertex 14 57.2803 1.5
      vertex 14 56.25 3.2
      vertex 13.7142 57.2616 1.5
    endloop
  endfacet
  facet normal 0.767439 0.378492 -0.517475
    outer loop
      vertex 12.0514 52.875 3.2
      vertex 11.1592 52.3598 1.5
      vertex 11.0325 52.6167 1.5
    endloop
  endfacet
  facet normal 0.275157 0.810234 -0.517503
    outer loop
      vertex 13.139 51.9213 3.2
      vertex 13.0159 50.8773 1.5
      vertex 12.7447 50.9694 1.5
    endloop
  endfacet
  facet normal -0.275363 0.810161 -0.517507
    outer loop
      vertex 15.6032 50.1295 0
      vertex 15.1523 50.9344 1.5
      vertex 14.861 51.9213 3.2
    endloop
  endfacet
  facet normal -0.274893 0.810348 -0.517465
    outer loop
      vertex 15.6032 50.1295 0
      vertex 15.0036 50.7119 1.23056
      vertex 15.1523 50.9344 1.5
    endloop
  endfacet
  facet normal -0.275061 0.810264 -0.517508
    outer loop
      vertex 15.0036 50.7119 1.23056
      vertex 15.6032 50.1295 0
      vertex 15.0927 49.9562 0
    endloop
  endfacet
  facet normal -0.275064 0.810259 -0.517513
    outer loop
      vertex 14.861 51.9213 3.2
      vertex 15.1523 50.9344 1.5
      vertex 14.9841 50.8773 1.5
    endloop
  endfacet
  facet normal -0.810269 0.275063 -0.517498
    outer loop
      vertex 18.0438 52.9073 0
      vertex 17.8705 52.3968 0
      vertex 16.0787 53.139 3.2
    endloop
  endfacet
  facet normal 0.563838 -0.643615 -0.517538
    outer loop
      vertex 12.0031 56.6024 1.5
      vertex 12.409 55.591 3.2
      vertex 11.8958 56.5084 1.5
    endloop
  endfacet
  facet normal 0.564071 -0.643448 -0.517494
    outer loop
      vertex 12.409 55.591 3.2
      vertex 12.0031 56.6024 1.5
      vertex 12.6303 55.785 3.2
    endloop
  endfacet
  facet normal -0.0563633 0.853844 -0.517469
    outer loop
      vertex 14.2858 50.7384 1.5
      vertex 14.2937 51.7692 3.2
      vertex 14.4282 50.7478 1.5
    endloop
  endfacet
  facet normal -0.0558198 0.853869 -0.517486
    outer loop
      vertex 14.2937 51.7692 3.2
      vertex 14.2858 50.7384 1.5
      vertex 14 51.75 3.2
    endloop
  endfacet
  facet normal -0.0562741 0.853754 -0.517627
    outer loop
      vertex 14.5468 49.8464 0
      vertex 14.4849 50.0336 0.31549
      vertex 14.5173 50.0706 0.372994
    endloop
  endfacet
  facet normal -0.048025 0.854845 -0.516656
    outer loop
      vertex 14.4849 50.0336 0.31549
      vertex 14.5468 49.8464 0
      vertex 14.5379 49.8459 0
    endloop
  endfacet
  facet normal -0.810283 0.275037 -0.517491
    outer loop
      vertex 18.0466 52.9157 0
      vertex 16.0787 53.139 3.2
      vertex 16.1733 53.4177 3.2
    endloop
  endfacet
  facet normal -0.811522 0.270507 -0.517937
    outer loop
      vertex 16.0787 53.139 3.2
      vertex 18.0466 52.9157 0
      vertex 18.0438 52.9073 0
    endloop
  endfacet
  facet normal -0.275036 -0.81028 -0.517496
    outer loop
      vertex 14.849 57.1685 1.5
      vertex 14.861 56.0787 3.2
      vertex 14.5823 56.1733 3.2
    endloop
  endfacet
  facet normal -0.274717 -0.810356 -0.517546
    outer loop
      vertex 14.861 56.0787 3.2
      vertex 14.849 57.1685 1.5
      vertex 14.9841 57.1227 1.5
    endloop
  endfacet
  facet normal -0.270574 -0.811721 -0.517589
    outer loop
      vertex 15.0927 58.0438 0
      vertex 14.9161 57.4191 1.07202
      vertex 15.0843 58.0466 0
    endloop
  endfacet
  facet normal -0.275348 -0.810184 -0.51748
    outer loop
      vertex 14.9161 57.4191 1.07202
      vertex 15.0927 58.0438 0
      vertex 15.0036 57.2881 1.23056
    endloop
  endfacet
  facet normal -0.642266 -0.565578 -0.517317
    outer loop
      vertex 17.3237 56.5503 0
      vertex 15.591 55.591 3.2
      vertex 17.3178 56.557 0
    endloop
  endfacet
  facet normal -0.643444 -0.564067 -0.517502
    outer loop
      vertex 15.591 55.591 3.2
      vertex 17.3237 56.5503 0
      vertex 15.785 55.3697 3.2
    endloop
  endfacet
  facet normal -0.167198 -0.839187 -0.517504
    outer loop
      vertex 14.709 57.1964 1.5
      vertex 14.5823 56.1733 3.2
      vertex 14.2937 56.2308 3.2
    endloop
  endfacet
  facet normal -0.167237 -0.83918 -0.517502
    outer loop
      vertex 14.5823 56.1733 3.2
      vertex 14.709 57.1964 1.5
      vertex 14.849 57.1685 1.5
    endloop
  endfacet
  facet normal -0.171424 -0.838071 -0.517929
    outer loop
      vertex 15.0843 58.0466 0
      vertex 14.8484 57.5204 0.929533
      vertex 15.0755 58.0484 0
    endloop
  endfacet
  facet normal -0.166788 -0.839302 -0.517449
    outer loop
      vertex 14.8484 57.5204 0.929533
      vertex 15.0843 58.0466 0
      vertex 14.9161 57.4191 1.07202
    endloop
  endfacet
  facet normal 0.643448 0.564071 -0.517494
    outer loop
      vertex 12.409 52.409 3.2
      vertex 11.3976 52.0031 1.5
      vertex 12.215 52.6303 3.2
    endloop
  endfacet
  facet normal 0.643615 0.563838 -0.517538
    outer loop
      vertex 11.3976 52.0031 1.5
      vertex 12.409 52.409 3.2
      vertex 11.4916 51.8958 1.5
    endloop
  endfacet
  facet normal -0.767409 -0.378546 -0.517481
    outer loop
      vertex 17.6281 56.0947 0
      vertex 17.8666 55.6112 0
      vertex 15.9486 55.125 3.2
    endloop
  endfacet
  facet normal 0.0563633 -0.853844 -0.517469
    outer loop
      vertex 13.7142 57.2616 1.5
      vertex 13.7063 56.2308 3.2
      vertex 13.5718 57.2522 1.5
    endloop
  endfacet
  facet normal 0.0558198 -0.853869 -0.517486
    outer loop
      vertex 13.7063 56.2308 3.2
      vertex 13.7142 57.2616 1.5
      vertex 14 56.25 3.2
    endloop
  endfacet
  facet normal 0.564071 0.643448 -0.517494
    outer loop
      vertex 12.0031 51.3976 1.5
      vertex 12.409 52.409 3.2
      vertex 12.6303 52.215 3.2
    endloop
  endfacet
  facet normal 0.563838 0.643615 -0.517538
    outer loop
      vertex 12.409 52.409 3.2
      vertex 12.0031 51.3976 1.5
      vertex 11.8958 51.4916 1.5
    endloop
  endfacet
  facet normal 0.643615 -0.563838 -0.517538
    outer loop
      vertex 12.409 55.591 3.2
      vertex 11.3976 55.9969 1.5
      vertex 11.4916 56.1042 1.5
    endloop
  endfacet
  facet normal 0.643448 -0.564071 -0.517494
    outer loop
      vertex 11.3976 55.9969 1.5
      vertex 12.409 55.591 3.2
      vertex 12.215 55.3697 3.2
    endloop
  endfacet
  facet normal 0.810356 -0.274717 -0.517546
    outer loop
      vertex 11.9213 54.861 3.2
      vertex 10.8315 54.849 1.5
      vertex 10.8773 54.9841 1.5
    endloop
  endfacet
  facet normal 0.81028 -0.275036 -0.517496
    outer loop
      vertex 10.8315 54.849 1.5
      vertex 11.9213 54.861 3.2
      vertex 11.8267 54.5823 3.2
    endloop
  endfacet
  facet normal -0.564256 0.6433 -0.517475
    outer loop
      vertex 16.9623 51.0377 0
      vertex 16.557 50.6822 0
      vertex 15.591 52.409 3.2
    endloop
  endfacet
  facet normal -0.768962 -0.374869 -0.517853
    outer loop
      vertex 17.8705 55.6032 0
      vertex 15.9486 55.125 3.2
      vertex 17.8666 55.6112 0
    endloop
  endfacet
  facet normal -0.767541 -0.378246 -0.517504
    outer loop
      vertex 15.9486 55.125 3.2
      vertex 17.8705 55.6032 0
      vertex 16.0787 54.861 3.2
    endloop
  endfacet
  facet normal 0.475628 -0.711342 -0.517466
    outer loop
      vertex 12.3598 56.8408 1.5
      vertex 12.6303 55.785 3.2
      vertex 12.2412 56.7615 1.5
    endloop
  endfacet
  facet normal 0.475596 -0.711359 -0.517472
    outer loop
      vertex 12.6303 55.785 3.2
      vertex 12.3598 56.8408 1.5
      vertex 12.875 55.9486 3.2
    endloop
  endfacet
  facet normal -0.472308 0.713282 -0.517836
    outer loop
      vertex 16.0947 50.3719 0
      vertex 15.3697 52.215 3.2
      vertex 16.1021 50.3768 0
    endloop
  endfacet
  facet normal -0.475596 0.711359 -0.517472
    outer loop
      vertex 15.3697 52.215 3.2
      vertex 16.0947 50.3719 0
      vertex 15.125 52.0514 3.2
    endloop
  endfacet
  facet normal 0.564347 0.643218 -0.517477
    outer loop
      vertex 12.409 52.409 3.2
      vertex 11.8958 51.4916 1.5
      vertex 11.6805 51.6805 1.5
    endloop
  endfacet
  facet normal -0.0558198 -0.853869 -0.517486
    outer loop
      vertex 14.2858 57.2616 1.5
      vertex 14.2937 56.2308 3.2
      vertex 14 56.25 3.2
    endloop
  endfacet
  facet normal -0.0563633 -0.853844 -0.517469
    outer loop
      vertex 14.2937 56.2308 3.2
      vertex 14.2858 57.2616 1.5
      vertex 14.4282 57.2522 1.5
    endloop
  endfacet
  facet normal -0.0480251 -0.854846 -0.516655
    outer loop
      vertex 14.5468 58.1536 0
      vertex 14.4849 57.9664 0.315491
      vertex 14.5379 58.1541 0
    endloop
  endfacet
  facet normal -0.0562763 -0.853754 -0.517626
    outer loop
      vertex 14.4849 57.9664 0.315491
      vertex 14.5468 58.1536 0
      vertex 14.5173 57.9294 0.372995
    endloop
  endfacet
  facet normal -0.713282 -0.472308 -0.517836
    outer loop
      vertex 17.6281 56.0947 0
      vertex 15.785 55.3697 3.2
      vertex 17.6232 56.1021 0
    endloop
  endfacet
  facet normal -0.711359 -0.475596 -0.517472
    outer loop
      vertex 15.785 55.3697 3.2
      vertex 17.6281 56.0947 0
      vertex 15.9486 55.125 3.2
    endloop
  endfacet
  facet normal -0.838256 -0.171461 -0.517618
    outer loop
      vertex 18.0484 55.0755 0
      vertex 16.1733 54.5823 3.2
      vertex 18.0466 55.0843 0
    endloop
  endfacet
  facet normal -0.839186 -0.167197 -0.517506
    outer loop
      vertex 16.1733 54.5823 3.2
      vertex 18.0484 55.0755 0
      vertex 16.2308 54.2937 3.2
    endloop
  endfacet
  facet normal -0.810269 -0.275063 -0.517498
    outer loop
      vertex 17.8705 55.6032 0
      vertex 18.0438 55.0927 0
      vertex 16.0787 54.861 3.2
    endloop
  endfacet
  facet normal 0.853863 0.0558686 -0.517491
    outer loop
      vertex 11.75 54 3.2
      vertex 10.7384 53.7142 1.5
      vertex 10.7197 54 1.5
    endloop
  endfacet
  facet normal -0.274717 0.810356 -0.517546
    outer loop
      vertex 14.849 50.8315 1.5
      vertex 14.861 51.9213 3.2
      vertex 14.9841 50.8773 1.5
    endloop
  endfacet
  facet normal -0.275036 0.81028 -0.517496
    outer loop
      vertex 14.861 51.9213 3.2
      vertex 14.849 50.8315 1.5
      vertex 14.5823 51.8267 3.2
    endloop
  endfacet
  facet normal -0.275348 0.810184 -0.51748
    outer loop
      vertex 15.0927 49.9562 0
      vertex 14.9161 50.5809 1.07202
      vertex 15.0036 50.7119 1.23056
    endloop
  endfacet
  facet normal -0.270574 0.811721 -0.517589
    outer loop
      vertex 14.9161 50.5809 1.07202
      vertex 15.0927 49.9562 0
      vertex 15.0843 49.9534 0
    endloop
  endfacet
  facet normal -0.839239 0.166991 -0.517486
    outer loop
      vertex 18.1536 53.4532 0
      vertex 18.0484 52.9245 0
      vertex 16.2308 53.7063 3.2
    endloop
  endfacet
  facet normal -0.85388 0.0558205 -0.517468
    outer loop
      vertex 18.1541 53.4621 0
      vertex 16.2308 53.7063 3.2
      vertex 16.25 54 3.2
    endloop
  endfacet
  facet normal -0.854493 0.0480052 -0.51724
    outer loop
      vertex 16.2308 53.7063 3.2
      vertex 18.1541 53.4621 0
      vertex 18.1536 53.4532 0
    endloop
  endfacet
  facet normal 0.275036 0.81028 -0.517496
    outer loop
      vertex 13.151 50.8315 1.5
      vertex 13.139 51.9213 3.2
      vertex 13.4177 51.8267 3.2
    endloop
  endfacet
  facet normal 0.274717 0.810356 -0.517546
    outer loop
      vertex 13.139 51.9213 3.2
      vertex 13.151 50.8315 1.5
      vertex 13.0159 50.8773 1.5
    endloop
  endfacet
  facet normal 0.643218 0.564347 -0.517477
    outer loop
      vertex 12.409 52.409 3.2
      vertex 11.6805 51.6805 1.5
      vertex 11.4916 51.8958 1.5
    endloop
  endfacet
  facet normal -0.166783 -0.839294 -0.517463
    outer loop
      vertex 14.4282 57.2522 1.5
      vertex 14.709 57.1964 1.5
      vertex 14.2937 56.2308 3.2
    endloop
  endfacet
  facet normal -0.166976 -0.839165 -0.517612
    outer loop
      vertex 15.0755 58.0484 0
      vertex 14.5173 57.9294 0.372995
      vertex 14.5468 58.1536 0
    endloop
  endfacet
  facet normal -0.166839 -0.839293 -0.517448
    outer loop
      vertex 14.5173 57.9294 0.372995
      vertex 15.0755 58.0484 0
      vertex 14.7601 57.6526 0.743675
    endloop
  endfacet
  facet normal -0.167123 -0.839194 -0.517516
    outer loop
      vertex 14.7601 57.6526 0.743675
      vertex 15.0755 58.0484 0
      vertex 14.8484 57.5204 0.929533
    endloop
  endfacet
  facet normal 0.71147 -0.475409 -0.51749
    outer loop
      vertex 11.3976 55.9969 1.5
      vertex 12.215 55.3697 3.2
      vertex 11.2385 55.7588 1.5
    endloop
  endfacet
  facet normal -0.711458 0.475417 -0.517499
    outer loop
      vertex 17.6232 51.8979 0
      vertex 17.3237 51.4497 0
      vertex 15.785 52.6303 3.2
    endloop
  endfacet
  facet normal -0.711359 0.475596 -0.517472
    outer loop
      vertex 17.6281 51.9053 0
      vertex 15.785 52.6303 3.2
      vertex 15.9486 52.875 3.2
    endloop
  endfacet
  facet normal -0.713282 0.472308 -0.517836
    outer loop
      vertex 15.785 52.6303 3.2
      vertex 17.6281 51.9053 0
      vertex 17.6232 51.8979 0
    endloop
  endfacet
  facet normal 0.711342 -0.475628 -0.517466
    outer loop
      vertex 12.215 55.3697 3.2
      vertex 11.1592 55.6402 1.5
      vertex 11.2385 55.7588 1.5
    endloop
  endfacet
  facet normal 0.711359 -0.475596 -0.517472
    outer loop
      vertex 11.1592 55.6402 1.5
      vertex 12.215 55.3697 3.2
      vertex 12.0514 55.125 3.2
    endloop
  endfacet
  facet normal 0.853869 0.0558198 -0.517486
    outer loop
      vertex 11.7692 53.7063 3.2
      vertex 10.7384 53.7142 1.5
      vertex 11.75 54 3.2
    endloop
  endfacet
  facet normal 0.853844 0.0563633 -0.517469
    outer loop
      vertex 10.7384 53.7142 1.5
      vertex 11.7692 53.7063 3.2
      vertex 10.7478 53.5718 1.5
    endloop
  endfacet
  facet normal 0.0558198 0.853869 -0.517486
    outer loop
      vertex 13.7142 50.7384 1.5
      vertex 13.7063 51.7692 3.2
      vertex 14 51.75 3.2
    endloop
  endfacet
  facet normal 0.0563633 0.853844 -0.517469
    outer loop
      vertex 13.7063 51.7692 3.2
      vertex 13.7142 50.7384 1.5
      vertex 13.5718 50.7478 1.5
    endloop
  endfacet
  facet normal 0.274717 -0.810356 -0.517546
    outer loop
      vertex 13.151 57.1685 1.5
      vertex 13.139 56.0787 3.2
      vertex 13.0159 57.1227 1.5
    endloop
  endfacet
  facet normal 0.275036 -0.81028 -0.517496
    outer loop
      vertex 13.139 56.0787 3.2
      vertex 13.151 57.1685 1.5
      vertex 13.4177 56.1733 3.2
    endloop
  endfacet
  facet normal -0.854493 -0.0480052 -0.51724
    outer loop
      vertex 18.1541 54.5379 0
      vertex 16.2308 54.2937 3.2
      vertex 18.1536 54.5468 0
    endloop
  endfacet
  facet normal -0.85388 -0.0558205 -0.517468
    outer loop
      vertex 16.2308 54.2937 3.2
      vertex 18.1541 54.5379 0
      vertex 16.25 54 3.2
    endloop
  endfacet
  facet normal -0.839186 0.167197 -0.517506
    outer loop
      vertex 18.0484 52.9245 0
      vertex 16.1733 53.4177 3.2
      vertex 16.2308 53.7063 3.2
    endloop
  endfacet
  facet normal -0.838256 0.171461 -0.517618
    outer loop
      vertex 16.1733 53.4177 3.2
      vertex 18.0484 52.9245 0
      vertex 18.0466 52.9157 0
    endloop
  endfacet
  facet normal 0.475596 0.711359 -0.517472
    outer loop
      vertex 12.3598 51.1592 1.5
      vertex 12.6303 52.215 3.2
      vertex 12.875 52.0514 3.2
    endloop
  endfacet
  facet normal 0.475628 0.711342 -0.517466
    outer loop
      vertex 12.6303 52.215 3.2
      vertex 12.3598 51.1592 1.5
      vertex 12.2412 51.2385 1.5
    endloop
  endfacet
  facet normal 0.475409 0.71147 -0.51749
    outer loop
      vertex 12.6303 52.215 3.2
      vertex 12.2412 51.2385 1.5
      vertex 12.0031 51.3976 1.5
    endloop
  endfacet
  facet normal 0.275157 -0.810234 -0.517503
    outer loop
      vertex 13.0159 57.1227 1.5
      vertex 13.139 56.0787 3.2
      vertex 12.7447 57.0306 1.5
    endloop
  endfacet
  facet normal -0.564256 -0.6433 -0.517475
    outer loop
      vertex 16.557 57.3178 0
      vertex 16.9623 56.9623 0
      vertex 15.591 55.591 3.2
    endloop
  endfacet
  facet normal -0.565578 0.642266 -0.517317
    outer loop
      vertex 16.5503 50.6763 0
      vertex 15.591 52.409 3.2
      vertex 16.557 50.6822 0
    endloop
  endfacet
  facet normal -0.564067 0.643444 -0.517502
    outer loop
      vertex 15.591 52.409 3.2
      vertex 16.5503 50.6763 0
      vertex 15.3697 52.215 3.2
    endloop
  endfacet
  facet normal -0.166783 0.839294 -0.517463
    outer loop
      vertex 14.709 50.8036 1.5
      vertex 14.4282 50.7478 1.5
      vertex 14.2937 51.7692 3.2
    endloop
  endfacet
  facet normal -0.167116 0.839196 -0.517515
    outer loop
      vertex 15.0755 49.9516 0
      vertex 14.7601 50.3474 0.743673
      vertex 14.8484 50.4796 0.929533
    endloop
  endfacet
  facet normal -0.166839 0.839292 -0.517449
    outer loop
      vertex 15.0755 49.9516 0
      vertex 14.5173 50.0706 0.372994
      vertex 14.7601 50.3474 0.743673
    endloop
  endfacet
  facet normal -0.166976 0.839164 -0.517613
    outer loop
      vertex 14.5173 50.0706 0.372994
      vertex 15.0755 49.9516 0
      vertex 14.5468 49.8464 0
    endloop
  endfacet
  facet normal 0.475409 -0.71147 -0.51749
    outer loop
      vertex 12.2412 56.7615 1.5
      vertex 12.6303 55.785 3.2
      vertex 12.0031 56.6024 1.5
    endloop
  endfacet
  facet normal 0.839187 0.167198 -0.517504
    outer loop
      vertex 11.8267 53.4177 3.2
      vertex 10.8036 53.291 1.5
      vertex 11.7692 53.7063 3.2
    endloop
  endfacet
  facet normal 0.83918 0.167237 -0.517502
    outer loop
      vertex 10.8036 53.291 1.5
      vertex 11.8267 53.4177 3.2
      vertex 10.8315 53.151 1.5
    endloop
  endfacet
  facet normal 0.71147 0.475409 -0.51749
    outer loop
      vertex 12.215 52.6303 3.2
      vertex 11.3976 52.0031 1.5
      vertex 11.2385 52.2412 1.5
    endloop
  endfacet
  facet normal 0.167198 0.839187 -0.517504
    outer loop
      vertex 13.291 50.8036 1.5
      vertex 13.4177 51.8267 3.2
      vertex 13.7063 51.7692 3.2
    endloop
  endfacet
  facet normal 0.167237 0.83918 -0.517502
    outer loop
      vertex 13.4177 51.8267 3.2
      vertex 13.291 50.8036 1.5
      vertex 13.151 50.8315 1.5
    endloop
  endfacet
  facet normal -0.475417 -0.711458 -0.517499
    outer loop
      vertex 16.1021 57.6232 0
      vertex 16.5503 57.3237 0
      vertex 15.3697 55.785 3.2
    endloop
  endfacet
  facet normal -0.980397 -0.197031 0
    outer loop
      vertex 130.231 54.2937 3.2
      vertex 130.173 54.5823 8
      vertex 130.173 54.5823 3.2
    endloop
  endfacet
  facet normal -0.980397 -0.197031 0
    outer loop
      vertex 130.173 54.5823 8
      vertex 130.231 54.2937 3.2
      vertex 130.231 54.2937 8
    endloop
  endfacet
  facet normal -0.997914 -0.0645569 0
    outer loop
      vertex 130.25 54 3.2
      vertex 130.231 54.2937 8
      vertex 130.231 54.2937 3.2
    endloop
  endfacet
  facet normal -0.997914 -0.0645569 0
    outer loop
      vertex 130.231 54.2937 8
      vertex 130.25 54 3.2
      vertex 130.25 54 8
    endloop
  endfacet
  facet normal -0.947555 -0.319592 0
    outer loop
      vertex 130.173 54.5823 3.2
      vertex 130.079 54.861 8
      vertex 130.079 54.861 3.2
    endloop
  endfacet
  facet normal -0.947555 -0.319592 0
    outer loop
      vertex 130.079 54.861 8
      vertex 130.173 54.5823 3.2
      vertex 130.173 54.5823 8
    endloop
  endfacet
  facet normal -0.83069 -0.556735 0
    outer loop
      vertex 129.949 55.125 3.2
      vertex 129.785 55.3697 8
      vertex 129.785 55.3697 3.2
    endloop
  endfacet
  facet normal -0.83069 -0.556735 0
    outer loop
      vertex 129.785 55.3697 8
      vertex 129.949 55.125 3.2
      vertex 129.949 55.125 8
    endloop
  endfacet
  facet normal 0.659708 0.751522 -0
    outer loop
      vertex 126.63 52.215 3.2
      vertex 126.409 52.409 8
      vertex 126.63 52.215 8
    endloop
  endfacet
  facet normal 0.659708 0.751522 0
    outer loop
      vertex 126.409 52.409 8
      vertex 126.63 52.215 3.2
      vertex 126.409 52.409 3.2
    endloop
  endfacet
  facet normal -0.751966 0.659202 0
    outer loop
      vertex 129.591 52.409 3.2
      vertex 129.785 52.6303 8
      vertex 129.785 52.6303 3.2
    endloop
  endfacet
  facet normal -0.751966 0.659202 0
    outer loop
      vertex 129.785 52.6303 8
      vertex 129.591 52.409 3.2
      vertex 129.591 52.409 8
    endloop
  endfacet
  facet normal 0.997914 -0.0645569 0
    outer loop
      vertex 125.75 54 8
      vertex 125.769 54.2937 3.2
      vertex 125.769 54.2937 8
    endloop
  endfacet
  facet normal 0.997914 -0.0645569 0
    outer loop
      vertex 125.769 54.2937 3.2
      vertex 125.75 54 8
      vertex 125.75 54 3.2
    endloop
  endfacet
  facet normal -0.659708 -0.751522 0
    outer loop
      vertex 129.37 55.785 3.2
      vertex 129.591 55.591 8
      vertex 129.37 55.785 8
    endloop
  endfacet
  facet normal -0.659708 -0.751522 -0
    outer loop
      vertex 129.591 55.591 8
      vertex 129.37 55.785 3.2
      vertex 129.591 55.591 3.2
    endloop
  endfacet
  facet normal 0.442042 -0.896995 0
    outer loop
      vertex 126.875 55.9486 3.2
      vertex 127.139 56.0787 8
      vertex 126.875 55.9486 8
    endloop
  endfacet
  facet normal 0.442042 -0.896995 0
    outer loop
      vertex 127.139 56.0787 8
      vertex 126.875 55.9486 3.2
      vertex 127.139 56.0787 3.2
    endloop
  endfacet
  facet normal -0.442042 -0.896995 0
    outer loop
      vertex 128.861 56.0787 3.2
      vertex 129.125 55.9486 8
      vertex 128.861 56.0787 8
    endloop
  endfacet
  facet normal -0.442042 -0.896995 -0
    outer loop
      vertex 129.125 55.9486 8
      vertex 128.861 56.0787 3.2
      vertex 129.125 55.9486 3.2
    endloop
  endfacet
  facet normal -0.897129 0.441768 0
    outer loop
      vertex 129.949 52.875 3.2
      vertex 130.079 53.139 8
      vertex 130.079 53.139 3.2
    endloop
  endfacet
  facet normal -0.897129 0.441768 0
    outer loop
      vertex 130.079 53.139 8
      vertex 129.949 52.875 3.2
      vertex 129.949 52.875 8
    endloop
  endfacet
  facet normal -0.321112 0.947041 0
    outer loop
      vertex 128.861 51.9213 3.2
      vertex 128.582 51.8267 8
      vertex 128.861 51.9213 8
    endloop
  endfacet
  facet normal -0.321112 0.947041 0
    outer loop
      vertex 128.582 51.8267 8
      vertex 128.861 51.9213 3.2
      vertex 128.582 51.8267 3.2
    endloop
  endfacet
  facet normal -0.897129 -0.441768 0
    outer loop
      vertex 130.079 54.861 3.2
      vertex 129.949 55.125 8
      vertex 129.949 55.125 3.2
    endloop
  endfacet
  facet normal -0.897129 -0.441768 0
    outer loop
      vertex 129.949 55.125 8
      vertex 130.079 54.861 3.2
      vertex 130.079 54.861 8
    endloop
  endfacet
  facet normal 0.897129 -0.441768 0
    outer loop
      vertex 125.921 54.861 8
      vertex 126.051 55.125 3.2
      vertex 126.051 55.125 8
    endloop
  endfacet
  facet normal 0.897129 -0.441768 0
    outer loop
      vertex 126.051 55.125 3.2
      vertex 125.921 54.861 8
      vertex 125.921 54.861 3.2
    endloop
  endfacet
  facet normal -0.751966 -0.659202 0
    outer loop
      vertex 129.785 55.3697 3.2
      vertex 129.591 55.591 8
      vertex 129.591 55.591 3.2
    endloop
  endfacet
  facet normal -0.751966 -0.659202 0
    outer loop
      vertex 129.591 55.591 8
      vertex 129.785 55.3697 3.2
      vertex 129.785 55.3697 8
    endloop
  endfacet
  facet normal -0.980397 0.197031 0
    outer loop
      vertex 130.173 53.4177 3.2
      vertex 130.231 53.7063 8
      vertex 130.231 53.7063 3.2
    endloop
  endfacet
  facet normal -0.980397 0.197031 0
    outer loop
      vertex 130.231 53.7063 8
      vertex 130.173 53.4177 3.2
      vertex 130.173 53.4177 8
    endloop
  endfacet
  facet normal -0.997914 0.0645569 0
    outer loop
      vertex 130.231 53.7063 3.2
      vertex 130.25 54 8
      vertex 130.25 54 3.2
    endloop
  endfacet
  facet normal -0.997914 0.0645569 0
    outer loop
      vertex 130.25 54 8
      vertex 130.231 53.7063 3.2
      vertex 130.231 53.7063 8
    endloop
  endfacet
  facet normal 0.555327 0.831632 -0
    outer loop
      vertex 126.875 52.0514 3.2
      vertex 126.63 52.215 8
      vertex 126.875 52.0514 8
    endloop
  endfacet
  facet normal 0.555327 0.831632 0
    outer loop
      vertex 126.63 52.215 8
      vertex 126.875 52.0514 3.2
      vertex 126.63 52.215 3.2
    endloop
  endfacet
  facet normal 0.947555 0.319592 0
    outer loop
      vertex 125.921 53.139 8
      vertex 125.827 53.4177 3.2
      vertex 125.827 53.4177 8
    endloop
  endfacet
  facet normal 0.947555 0.319592 0
    outer loop
      vertex 125.827 53.4177 3.2
      vertex 125.921 53.139 8
      vertex 125.921 53.139 3.2
    endloop
  endfacet
  facet normal 0.997914 0.0645569 0
    outer loop
      vertex 125.769 53.7063 8
      vertex 125.75 54 3.2
      vertex 125.75 54 8
    endloop
  endfacet
  facet normal 0.997914 0.0645569 0
    outer loop
      vertex 125.75 54 3.2
      vertex 125.769 53.7063 8
      vertex 125.769 53.7063 3.2
    endloop
  endfacet
  facet normal 0.751966 0.659202 0
    outer loop
      vertex 126.409 52.409 8
      vertex 126.215 52.6303 3.2
      vertex 126.215 52.6303 8
    endloop
  endfacet
  facet normal 0.751966 0.659202 0
    outer loop
      vertex 126.215 52.6303 3.2
      vertex 126.409 52.409 8
      vertex 126.409 52.409 3.2
    endloop
  endfacet
  facet normal 0.321112 -0.947041 0
    outer loop
      vertex 127.139 56.0787 3.2
      vertex 127.418 56.1733 8
      vertex 127.139 56.0787 8
    endloop
  endfacet
  facet normal 0.321112 -0.947041 0
    outer loop
      vertex 127.418 56.1733 8
      vertex 127.139 56.0787 3.2
      vertex 127.418 56.1733 3.2
    endloop
  endfacet
  facet normal -0.659708 0.751522 0
    outer loop
      vertex 129.591 52.409 3.2
      vertex 129.37 52.215 8
      vertex 129.591 52.409 8
    endloop
  endfacet
  facet normal -0.659708 0.751522 0
    outer loop
      vertex 129.37 52.215 8
      vertex 129.591 52.409 3.2
      vertex 129.37 52.215 3.2
    endloop
  endfacet
  facet normal -0.0651673 0.997874 0
    outer loop
      vertex 128.294 51.7692 3.2
      vertex 128 51.75 8
      vertex 128.294 51.7692 8
    endloop
  endfacet
  facet normal -0.0651673 0.997874 0
    outer loop
      vertex 128 51.75 8
      vertex 128.294 51.7692 3.2
      vertex 128 51.75 3.2
    endloop
  endfacet
  facet normal -0.195789 -0.980646 0
    outer loop
      vertex 128.294 56.2308 3.2
      vertex 128.582 56.1733 8
      vertex 128.294 56.2308 8
    endloop
  endfacet
  facet normal -0.195789 -0.980646 -0
    outer loop
      vertex 128.582 56.1733 8
      vertex 128.294 56.2308 3.2
      vertex 128.582 56.1733 3.2
    endloop
  endfacet
  facet normal -0.321112 -0.947041 0
    outer loop
      vertex 128.582 56.1733 3.2
      vertex 128.861 56.0787 8
      vertex 128.582 56.1733 8
    endloop
  endfacet
  facet normal -0.321112 -0.947041 -0
    outer loop
      vertex 128.861 56.0787 8
      vertex 128.582 56.1733 3.2
      vertex 128.861 56.0787 3.2
    endloop
  endfacet
  facet normal -0.947555 0.319592 0
    outer loop
      vertex 130.079 53.139 3.2
      vertex 130.173 53.4177 8
      vertex 130.173 53.4177 3.2
    endloop
  endfacet
  facet normal -0.947555 0.319592 0
    outer loop
      vertex 130.173 53.4177 8
      vertex 130.079 53.139 3.2
      vertex 130.079 53.139 8
    endloop
  endfacet
  facet normal 0.195789 -0.980646 0
    outer loop
      vertex 127.418 56.1733 3.2
      vertex 127.706 56.2308 8
      vertex 127.418 56.1733 8
    endloop
  endfacet
  facet normal 0.195789 -0.980646 0
    outer loop
      vertex 127.706 56.2308 8
      vertex 127.418 56.1733 3.2
      vertex 127.706 56.2308 3.2
    endloop
  endfacet
  facet normal 0.947555 -0.319592 0
    outer loop
      vertex 125.827 54.5823 8
      vertex 125.921 54.861 3.2
      vertex 125.921 54.861 8
    endloop
  endfacet
  facet normal 0.947555 -0.319592 0
    outer loop
      vertex 125.921 54.861 3.2
      vertex 125.827 54.5823 8
      vertex 125.827 54.5823 3.2
    endloop
  endfacet
  facet normal -0.555327 -0.831632 0
    outer loop
      vertex 129.125 55.9486 3.2
      vertex 129.37 55.785 8
      vertex 129.125 55.9486 8
    endloop
  endfacet
  facet normal -0.555327 -0.831632 -0
    outer loop
      vertex 129.37 55.785 8
      vertex 129.125 55.9486 3.2
      vertex 129.37 55.785 3.2
    endloop
  endfacet
  facet normal -0.195789 0.980646 0
    outer loop
      vertex 128.582 51.8267 3.2
      vertex 128.294 51.7692 8
      vertex 128.582 51.8267 8
    endloop
  endfacet
  facet normal -0.195789 0.980646 0
    outer loop
      vertex 128.294 51.7692 8
      vertex 128.582 51.8267 3.2
      vertex 128.294 51.7692 3.2
    endloop
  endfacet
  facet normal -0.442042 0.896995 0
    outer loop
      vertex 129.125 52.0514 3.2
      vertex 128.861 51.9213 8
      vertex 129.125 52.0514 8
    endloop
  endfacet
  facet normal -0.442042 0.896995 0
    outer loop
      vertex 128.861 51.9213 8
      vertex 129.125 52.0514 3.2
      vertex 128.861 51.9213 3.2
    endloop
  endfacet
  facet normal 0.442042 0.896995 -0
    outer loop
      vertex 127.139 51.9213 3.2
      vertex 126.875 52.0514 8
      vertex 127.139 51.9213 8
    endloop
  endfacet
  facet normal 0.442042 0.896995 0
    outer loop
      vertex 126.875 52.0514 8
      vertex 127.139 51.9213 3.2
      vertex 126.875 52.0514 3.2
    endloop
  endfacet
  facet normal 0.751966 -0.659202 0
    outer loop
      vertex 126.215 55.3697 8
      vertex 126.409 55.591 3.2
      vertex 126.409 55.591 8
    endloop
  endfacet
  facet normal 0.751966 -0.659202 0
    outer loop
      vertex 126.409 55.591 3.2
      vertex 126.215 55.3697 8
      vertex 126.215 55.3697 3.2
    endloop
  endfacet
  facet normal 0.897129 0.441768 0
    outer loop
      vertex 126.051 52.875 8
      vertex 125.921 53.139 3.2
      vertex 125.921 53.139 8
    endloop
  endfacet
  facet normal 0.897129 0.441768 0
    outer loop
      vertex 125.921 53.139 3.2
      vertex 126.051 52.875 8
      vertex 126.051 52.875 3.2
    endloop
  endfacet
  facet normal 0.83069 0.556735 0
    outer loop
      vertex 126.215 52.6303 8
      vertex 126.051 52.875 3.2
      vertex 126.051 52.875 8
    endloop
  endfacet
  facet normal 0.83069 0.556735 0
    outer loop
      vertex 126.051 52.875 3.2
      vertex 126.215 52.6303 8
      vertex 126.215 52.6303 3.2
    endloop
  endfacet
  facet normal 0.555327 -0.831632 0
    outer loop
      vertex 126.63 55.785 3.2
      vertex 126.875 55.9486 8
      vertex 126.63 55.785 8
    endloop
  endfacet
  facet normal 0.555327 -0.831632 0
    outer loop
      vertex 126.875 55.9486 8
      vertex 126.63 55.785 3.2
      vertex 126.875 55.9486 3.2
    endloop
  endfacet
  facet normal -0.83069 0.556735 0
    outer loop
      vertex 129.785 52.6303 3.2
      vertex 129.949 52.875 8
      vertex 129.949 52.875 3.2
    endloop
  endfacet
  facet normal -0.83069 0.556735 0
    outer loop
      vertex 129.949 52.875 8
      vertex 129.785 52.6303 3.2
      vertex 129.785 52.6303 8
    endloop
  endfacet
  facet normal 0.0651673 0.997874 -0
    outer loop
      vertex 128 51.75 3.2
      vertex 127.706 51.7692 8
      vertex 128 51.75 8
    endloop
  endfacet
  facet normal 0.0651673 0.997874 0
    outer loop
      vertex 127.706 51.7692 8
      vertex 128 51.75 3.2
      vertex 127.706 51.7692 3.2
    endloop
  endfacet
  facet normal 0.659708 -0.751522 0
    outer loop
      vertex 126.409 55.591 3.2
      vertex 126.63 55.785 8
      vertex 126.409 55.591 8
    endloop
  endfacet
  facet normal 0.659708 -0.751522 0
    outer loop
      vertex 126.63 55.785 8
      vertex 126.409 55.591 3.2
      vertex 126.63 55.785 3.2
    endloop
  endfacet
  facet normal -0.555327 0.831632 0
    outer loop
      vertex 129.37 52.215 3.2
      vertex 129.125 52.0514 8
      vertex 129.37 52.215 8
    endloop
  endfacet
  facet normal -0.555327 0.831632 0
    outer loop
      vertex 129.125 52.0514 8
      vertex 129.37 52.215 3.2
      vertex 129.125 52.0514 3.2
    endloop
  endfacet
  facet normal 0.980397 -0.197031 0
    outer loop
      vertex 125.769 54.2937 8
      vertex 125.827 54.5823 3.2
      vertex 125.827 54.5823 8
    endloop
  endfacet
  facet normal 0.980397 -0.197031 0
    outer loop
      vertex 125.827 54.5823 3.2
      vertex 125.769 54.2937 8
      vertex 125.769 54.2937 3.2
    endloop
  endfacet
  facet normal 0.0651673 -0.997874 0
    outer loop
      vertex 127.706 56.2308 3.2
      vertex 128 56.25 8
      vertex 127.706 56.2308 8
    endloop
  endfacet
  facet normal 0.0651673 -0.997874 0
    outer loop
      vertex 128 56.25 8
      vertex 127.706 56.2308 3.2
      vertex 128 56.25 3.2
    endloop
  endfacet
  facet normal 0.321112 0.947041 -0
    outer loop
      vertex 127.418 51.8267 3.2
      vertex 127.139 51.9213 8
      vertex 127.418 51.8267 8
    endloop
  endfacet
  facet normal 0.321112 0.947041 0
    outer loop
      vertex 127.139 51.9213 8
      vertex 127.418 51.8267 3.2
      vertex 127.139 51.9213 3.2
    endloop
  endfacet
  facet normal 0.980397 0.197031 0
    outer loop
      vertex 125.827 53.4177 8
      vertex 125.769 53.7063 3.2
      vertex 125.769 53.7063 8
    endloop
  endfacet
  facet normal 0.980397 0.197031 0
    outer loop
      vertex 125.769 53.7063 3.2
      vertex 125.827 53.4177 8
      vertex 125.827 53.4177 3.2
    endloop
  endfacet
  facet normal -0.0651673 -0.997874 0
    outer loop
      vertex 128 56.25 3.2
      vertex 128.294 56.2308 8
      vertex 128 56.25 8
    endloop
  endfacet
  facet normal -0.0651673 -0.997874 -0
    outer loop
      vertex 128.294 56.2308 8
      vertex 128 56.25 3.2
      vertex 128.294 56.2308 3.2
    endloop
  endfacet
  facet normal 0.195789 0.980646 -0
    outer loop
      vertex 127.706 51.7692 3.2
      vertex 127.418 51.8267 8
      vertex 127.706 51.7692 8
    endloop
  endfacet
  facet normal 0.195789 0.980646 0
    outer loop
      vertex 127.418 51.8267 8
      vertex 127.706 51.7692 3.2
      vertex 127.418 51.8267 3.2
    endloop
  endfacet
  facet normal 0.83069 -0.556735 0
    outer loop
      vertex 126.051 55.125 8
      vertex 126.215 55.3697 3.2
      vertex 126.215 55.3697 8
    endloop
  endfacet
  facet normal 0.83069 -0.556735 0
    outer loop
      vertex 126.215 55.3697 3.2
      vertex 126.051 55.125 8
      vertex 126.051 55.125 3.2
    endloop
  endfacet
  facet normal -0.854027 -0.0537876 -0.51744
    outer loop
      vertex 131.262 54.2858 1.5
      vertex 131.28 54 1.5
      vertex 130.25 54 3.2
    endloop
  endfacet
  facet normal 0.809998 0.276082 -0.51738
    outer loop
      vertex 125.921 53.139 3.2
      vertex 124.13 52.3968 0
      vertex 123.956 52.9073 0
    endloop
  endfacet
  facet normal 0.76713 -0.379202 -0.517414
    outer loop
      vertex 124.372 56.0947 0
      vertex 126.051 55.125 3.2
      vertex 124.133 55.6112 0
    endloop
  endfacet
  facet normal 0.166673 0.839336 -0.517431
    outer loop
      vertex 127.706 51.7692 3.2
      vertex 127.572 50.7478 1.5
      vertex 127.291 50.8036 1.5
    endloop
  endfacet
  facet normal 0.166865 0.839082 -0.517781
    outer loop
      vertex 126.924 49.9516 0
      vertex 127.483 50.0706 0.372992
      vertex 127.453 49.8464 0
    endloop
  endfacet
  facet normal 0.166631 0.839302 -0.5175
    outer loop
      vertex 127.483 50.0706 0.372992
      vertex 126.924 49.9516 0
      vertex 127.24 50.3474 0.743673
    endloop
  endfacet
  facet normal 0.16725 0.839087 -0.517649
    outer loop
      vertex 127.24 50.3474 0.743673
      vertex 126.924 49.9516 0
      vertex 127.152 50.4796 0.929531
    endloop
  endfacet
  facet normal 0.642918 -0.564715 -0.517448
    outer loop
      vertex 125.038 56.9623 0
      vertex 126.409 55.591 3.2
      vertex 124.682 56.557 0
    endloop
  endfacet
  facet normal -0.810052 -0.275813 -0.517439
    outer loop
      vertex 131.169 54.849 1.5
      vertex 130.079 54.861 3.2
      vertex 131.123 54.9841 1.5
    endloop
  endfacet
  facet normal -0.810623 -0.273407 -0.517822
    outer loop
      vertex 130.079 54.861 3.2
      vertex 131.169 54.849 1.5
      vertex 130.173 54.5823 3.2
    endloop
  endfacet
  facet normal 0.857138 0 -0.515086
    outer loop
      vertex 125.769 54.2937 3.2
      vertex 123.846 54.5379 0
      vertex 123.846 54.5468 0
    endloop
  endfacet
  facet normal 0.853962 -0.0552444 -0.517394
    outer loop
      vertex 123.846 54.5379 0
      vertex 125.769 54.2937 3.2
      vertex 125.75 54 3.2
    endloop
  endfacet
  facet normal 0.809998 -0.276082 -0.51738
    outer loop
      vertex 124.13 55.6032 0
      vertex 125.921 54.861 3.2
      vertex 123.956 55.0927 0
    endloop
  endfacet
  facet normal -0.767632 0.378001 -0.517548
    outer loop
      vertex 131.031 52.7447 1.5
      vertex 129.949 52.875 3.2
      vertex 130.079 53.139 3.2
    endloop
  endfacet
  facet normal -0.765762 0.382881 -0.516731
    outer loop
      vertex 129.949 52.875 3.2
      vertex 131.031 52.7447 1.5
      vertex 130.967 52.6167 1.5
    endloop
  endfacet
  facet normal 0.378251 0.76755 -0.517487
    outer loop
      vertex 126.397 50.1295 0
      vertex 126.875 52.0514 3.2
      vertex 127.139 51.9213 3.2
    endloop
  endfacet
  facet normal 0.374873 0.768971 -0.517836
    outer loop
      vertex 126.875 52.0514 3.2
      vertex 126.397 50.1295 0
      vertex 126.389 50.1334 0
    endloop
  endfacet
  facet normal 0.710876 0.476435 -0.517363
    outer loop
      vertex 126.215 52.6303 3.2
      vertex 124.372 51.9053 0
      vertex 126.051 52.875 3.2
    endloop
  endfacet
  facet normal 0.709236 0.479214 -0.517048
    outer loop
      vertex 124.372 51.9053 0
      vertex 126.215 52.6303 3.2
      vertex 124.377 51.8979 0
    endloop
  endfacet
  facet normal 0.852163 -0.0968367 -0.514239
    outer loop
      vertex 125.827 54.5823 3.2
      vertex 123.952 55.0755 0
      vertex 123.953 55.0843 0
    endloop
  endfacet
  facet normal 0.838895 -0.168593 -0.517524
    outer loop
      vertex 123.952 55.0755 0
      vertex 125.827 54.5823 3.2
      vertex 125.769 54.2937 3.2
    endloop
  endfacet
  facet normal -0.275345 -0.810189 -0.517473
    outer loop
      vertex 128.984 57.1227 1.5
      vertex 129.255 57.0306 1.5
      vertex 128.861 56.0787 3.2
    endloop
  endfacet
  facet normal -0.378383 -0.767517 -0.517439
    outer loop
      vertex 129.383 56.9675 1.5
      vertex 129.64 56.8408 1.5
      vertex 129.125 55.9486 3.2
    endloop
  endfacet
  facet normal -0.768334 0.37684 -0.517354
    outer loop
      vertex 130.967 52.6167 1.5
      vertex 130.841 52.3598 1.5
      vertex 129.949 52.875 3.2
    endloop
  endfacet
  facet normal 0.853923 -0.055563 -0.517424
    outer loop
      vertex 123.846 54.5379 0
      vertex 125.75 54 3.2
      vertex 123.811 54 0
    endloop
  endfacet
  facet normal -0.0558296 -0.853865 -0.517492
    outer loop
      vertex 128 57.2803 1.5
      vertex 128.286 57.2616 1.5
      vertex 128 56.25 3.2
    endloop
  endfacet
  facet normal -0.378383 0.767517 -0.517439
    outer loop
      vertex 129.64 51.1592 1.5
      vertex 129.383 51.0325 1.5
      vertex 129.125 52.0514 3.2
    endloop
  endfacet
  facet normal 0.838994 -0.168211 -0.517488
    outer loop
      vertex 123.952 55.0755 0
      vertex 125.769 54.2937 3.2
      vertex 123.846 54.5468 0
    endloop
  endfacet
  facet normal -0.475202 -0.711642 -0.517445
    outer loop
      vertex 129.64 56.8408 1.5
      vertex 129.37 55.785 3.2
      vertex 129.125 55.9486 3.2
    endloop
  endfacet
  facet normal -0.474486 -0.712028 -0.517571
    outer loop
      vertex 129.37 55.785 3.2
      vertex 129.64 56.8408 1.5
      vertex 129.759 56.7615 1.5
    endloop
  endfacet
  facet normal 0.378227 -0.767555 -0.517497
    outer loop
      vertex 126.389 57.8666 0
      vertex 126.875 55.9486 3.2
      vertex 125.905 57.6281 0
    endloop
  endfacet
  facet normal -0.839276 -0.167377 -0.517302
    outer loop
      vertex 131.196 54.709 1.5
      vertex 131.252 54.4282 1.5
      vertex 130.231 54.2937 3.2
    endloop
  endfacet
  facet normal 0.767728 0.378048 -0.517371
    outer loop
      vertex 126.051 52.875 3.2
      vertex 124.13 52.3968 0
      vertex 125.921 53.139 3.2
    endloop
  endfacet
  facet normal 0.797726 0.299147 -0.523588
    outer loop
      vertex 124.13 52.3968 0
      vertex 126.051 52.875 3.2
      vertex 124.133 52.3888 0
    endloop
  endfacet
  facet normal 0.564504 -0.643106 -0.517446
    outer loop
      vertex 125.443 57.3178 0
      vertex 126.409 55.591 3.2
      vertex 125.038 56.9623 0
    endloop
  endfacet
  facet normal -0.378259 -0.767566 -0.517459
    outer loop
      vertex 129.255 57.0306 1.5
      vertex 129.125 55.9486 3.2
      vertex 128.861 56.0787 3.2
    endloop
  endfacet
  facet normal -0.378366 -0.767525 -0.517441
    outer loop
      vertex 129.125 55.9486 3.2
      vertex 129.255 57.0306 1.5
      vertex 129.383 56.9675 1.5
    endloop
  endfacet
  facet normal 0.374873 -0.768971 -0.517836
    outer loop
      vertex 126.397 57.8705 0
      vertex 126.875 55.9486 3.2
      vertex 126.389 57.8666 0
    endloop
  endfacet
  facet normal 0.378251 -0.76755 -0.517487
    outer loop
      vertex 126.875 55.9486 3.2
      vertex 126.397 57.8705 0
      vertex 127.139 56.0787 3.2
    endloop
  endfacet
  facet normal 0.0558296 0.853865 -0.517492
    outer loop
      vertex 128 51.75 3.2
      vertex 128 50.7197 1.5
      vertex 127.714 50.7384 1.5
    endloop
  endfacet
  facet normal 0.0561852 0.853868 -0.517449
    outer loop
      vertex 127.515 50.0336 0.315488
      vertex 127.693 49.8307 0
      vertex 127.462 49.8459 0
    endloop
  endfacet
  facet normal -0.710257 -0.477283 -0.517431
    outer loop
      vertex 130.602 55.9969 1.5
      vertex 130.762 55.7588 1.5
      vertex 129.785 55.3697 3.2
    endloop
  endfacet
  facet normal -0.643498 0.564115 -0.517383
    outer loop
      vertex 130.602 52.0031 1.5
      vertex 129.591 52.409 3.2
      vertex 129.785 52.6303 3.2
    endloop
  endfacet
  facet normal -0.643666 0.563882 -0.517427
    outer loop
      vertex 129.591 52.409 3.2
      vertex 130.602 52.0031 1.5
      vertex 130.508 51.8958 1.5
    endloop
  endfacet
  facet normal -0.378366 0.767525 -0.517441
    outer loop
      vertex 129.255 50.9694 1.5
      vertex 129.125 52.0514 3.2
      vertex 129.383 51.0325 1.5
    endloop
  endfacet
  facet normal -0.378259 0.767566 -0.517459
    outer loop
      vertex 129.125 52.0514 3.2
      vertex 129.255 50.9694 1.5
      vertex 128.861 51.9213 3.2
    endloop
  endfacet
  facet normal -0.644516 -0.562792 -0.517556
    outer loop
      vertex 130.32 56.3195 1.5
      vertex 130.508 56.1042 1.5
      vertex 129.591 55.591 3.2
    endloop
  endfacet
  facet normal -0.47556 0.711396 -0.517454
    outer loop
      vertex 129.997 51.3976 1.5
      vertex 129.759 51.2385 1.5
      vertex 129.37 52.215 3.2
    endloop
  endfacet
  facet normal 0.167234 -0.839167 -0.517524
    outer loop
      vertex 127.291 57.1964 1.5
      vertex 127.418 56.1733 3.2
      vertex 127.151 57.1685 1.5
    endloop
  endfacet
  facet normal 0.167531 -0.839114 -0.517514
    outer loop
      vertex 127.418 56.1733 3.2
      vertex 127.291 57.1964 1.5
      vertex 127.706 56.2308 3.2
    endloop
  endfacet
  facet normal 0.166301 -0.839422 -0.517412
    outer loop
      vertex 126.916 58.0466 0
      vertex 127.152 57.5204 0.929532
      vertex 127.084 57.4191 1.07202
    endloop
  endfacet
  facet normal 0.187564 -0.833616 -0.519523
    outer loop
      vertex 127.152 57.5204 0.929532
      vertex 126.916 58.0466 0
      vertex 126.924 58.0484 0
    endloop
  endfacet
  facet normal 0.838994 0.168211 -0.517488
    outer loop
      vertex 125.769 53.7063 3.2
      vertex 123.952 52.9245 0
      vertex 123.846 53.4532 0
    endloop
  endfacet
  facet normal -0.0558296 0.853865 -0.517492
    outer loop
      vertex 128 51.75 3.2
      vertex 128.286 50.7384 1.5
      vertex 128 50.7197 1.5
    endloop
  endfacet
  facet normal -0.854027 0.0537876 -0.51744
    outer loop
      vertex 131.28 54 1.5
      vertex 131.262 53.7142 1.5
      vertex 130.25 54 3.2
    endloop
  endfacet
  facet normal 0.166673 -0.839336 -0.517431
    outer loop
      vertex 127.572 57.2522 1.5
      vertex 127.706 56.2308 3.2
      vertex 127.291 57.1964 1.5
    endloop
  endfacet
  facet normal 0.167255 -0.839086 -0.517649
    outer loop
      vertex 126.924 58.0484 0
      vertex 127.24 57.6526 0.743675
      vertex 127.152 57.5204 0.929532
    endloop
  endfacet
  facet normal 0.166631 -0.839303 -0.517499
    outer loop
      vertex 126.924 58.0484 0
      vertex 127.483 57.9294 0.372993
      vertex 127.24 57.6526 0.743675
    endloop
  endfacet
  facet normal 0.166865 -0.839083 -0.51778
    outer loop
      vertex 127.483 57.9294 0.372993
      vertex 126.924 58.0484 0
      vertex 127.453 58.1536 0
    endloop
  endfacet
  facet normal -0.167234 0.839167 -0.517524
    outer loop
      vertex 128.709 50.8036 1.5
      vertex 128.582 51.8267 3.2
      vertex 128.849 50.8315 1.5
    endloop
  endfacet
  facet normal -0.167531 0.839114 -0.517514
    outer loop
      vertex 128.582 51.8267 3.2
      vertex 128.709 50.8036 1.5
      vertex 128.294 51.7692 3.2
    endloop
  endfacet
  facet normal 0.810711 0.273437 -0.517668
    outer loop
      vertex 125.921 53.139 3.2
      vertex 123.953 52.9157 0
      vertex 125.827 53.4177 3.2
    endloop
  endfacet
  facet normal 0.806596 0.28807 -0.516158
    outer loop
      vertex 123.953 52.9157 0
      vertex 125.921 53.139 3.2
      vertex 123.956 52.9073 0
    endloop
  endfacet
  facet normal -0.564529 -0.643098 -0.517428
    outer loop
      vertex 129.997 56.6024 1.5
      vertex 129.591 55.591 3.2
      vertex 129.37 55.785 3.2
    endloop
  endfacet
  facet normal -0.564795 -0.642905 -0.517377
    outer loop
      vertex 129.591 55.591 3.2
      vertex 129.997 56.6024 1.5
      vertex 130.104 56.5084 1.5
    endloop
  endfacet
  facet normal 0.378227 0.767555 -0.517497
    outer loop
      vertex 126.875 52.0514 3.2
      vertex 126.389 50.1334 0
      vertex 125.905 50.3719 0
    endloop
  endfacet
  facet normal 0.797726 -0.299147 -0.523588
    outer loop
      vertex 126.051 55.125 3.2
      vertex 124.13 55.6032 0
      vertex 124.133 55.6112 0
    endloop
  endfacet
  facet normal 0.767728 -0.378048 -0.517371
    outer loop
      vertex 124.13 55.6032 0
      vertex 126.051 55.125 3.2
      vertex 125.921 54.861 3.2
    endloop
  endfacet
  facet normal -0.644516 0.562792 -0.517556
    outer loop
      vertex 130.508 51.8958 1.5
      vertex 130.32 51.6805 1.5
      vertex 129.591 52.409 3.2
    endloop
  endfacet
  facet normal 0.0558296 -0.853865 -0.517492
    outer loop
      vertex 128 57.2803 1.5
      vertex 128 56.25 3.2
      vertex 127.714 57.2616 1.5
    endloop
  endfacet
  facet normal 0.0561853 -0.853869 -0.517447
    outer loop
      vertex 127.693 58.1693 0
      vertex 127.515 57.9664 0.315489
      vertex 127.462 58.1541 0
    endloop
  endfacet
  facet normal 0.76713 0.379202 -0.517414
    outer loop
      vertex 126.051 52.875 3.2
      vertex 124.372 51.9053 0
      vertex 124.133 52.3888 0
    endloop
  endfacet
  facet normal 0.275366 0.810183 -0.517471
    outer loop
      vertex 126.848 50.9344 1.5
      vertex 127.139 51.9213 3.2
      vertex 127.016 50.8773 1.5
    endloop
  endfacet
  facet normal 0.275311 0.810205 -0.517467
    outer loop
      vertex 126.397 50.1295 0
      vertex 126.996 50.7119 1.23056
      vertex 126.907 49.9562 0
    endloop
  endfacet
  facet normal 0.274905 0.810334 -0.51748
    outer loop
      vertex 126.848 50.9344 1.5
      vertex 126.397 50.1295 0
      vertex 127.139 51.9213 3.2
    endloop
  endfacet
  facet normal 0.275611 0.810054 -0.517542
    outer loop
      vertex 126.996 50.7119 1.23056
      vertex 126.397 50.1295 0
      vertex 126.848 50.9344 1.5
    endloop
  endfacet
  facet normal -0.275345 0.810189 -0.517473
    outer loop
      vertex 129.255 50.9694 1.5
      vertex 128.984 50.8773 1.5
      vertex 128.861 51.9213 3.2
    endloop
  endfacet
  facet normal -0.810309 0.274884 -0.51753
    outer loop
      vertex 131.123 53.0159 1.5
      vertex 131.031 52.7447 1.5
      vertex 130.079 53.139 3.2
    endloop
  endfacet
  facet normal 0.550882 -0.653589 -0.51899
    outer loop
      vertex 125.45 57.3237 0
      vertex 126.409 55.591 3.2
      vertex 125.443 57.3178 0
    endloop
  endfacet
  facet normal 0.564538 -0.643107 -0.517407
    outer loop
      vertex 126.409 55.591 3.2
      vertex 125.45 57.3237 0
      vertex 126.63 55.785 3.2
    endloop
  endfacet
  facet normal -0.0565217 0.853838 -0.517461
    outer loop
      vertex 128.286 50.7384 1.5
      vertex 128.294 51.7692 3.2
      vertex 128.428 50.7478 1.5
    endloop
  endfacet
  facet normal -0.0557631 0.853873 -0.517486
    outer loop
      vertex 128.294 51.7692 3.2
      vertex 128.286 50.7384 1.5
      vertex 128 51.75 3.2
    endloop
  endfacet
  facet normal -0.810623 0.273407 -0.517822
    outer loop
      vertex 131.169 53.151 1.5
      vertex 130.079 53.139 3.2
      vertex 130.173 53.4177 3.2
    endloop
  endfacet
  facet normal -0.810052 0.275813 -0.517439
    outer loop
      vertex 130.079 53.139 3.2
      vertex 131.169 53.151 1.5
      vertex 131.123 53.0159 1.5
    endloop
  endfacet
  facet normal -0.274762 -0.810345 -0.517539
    outer loop
      vertex 128.849 57.1685 1.5
      vertex 128.861 56.0787 3.2
      vertex 128.582 56.1733 3.2
    endloop
  endfacet
  facet normal -0.274905 -0.810311 -0.517516
    outer loop
      vertex 128.861 56.0787 3.2
      vertex 128.849 57.1685 1.5
      vertex 128.984 57.1227 1.5
    endloop
  endfacet
  facet normal -0.643666 -0.563882 -0.517427
    outer loop
      vertex 130.602 55.9969 1.5
      vertex 129.591 55.591 3.2
      vertex 130.508 56.1042 1.5
    endloop
  endfacet
  facet normal -0.643498 -0.564115 -0.517383
    outer loop
      vertex 129.591 55.591 3.2
      vertex 130.602 55.9969 1.5
      vertex 129.785 55.3697 3.2
    endloop
  endfacet
  facet normal -0.167531 -0.839114 -0.517514
    outer loop
      vertex 128.709 57.1964 1.5
      vertex 128.582 56.1733 3.2
      vertex 128.294 56.2308 3.2
    endloop
  endfacet
  facet normal -0.167234 -0.839167 -0.517524
    outer loop
      vertex 128.582 56.1733 3.2
      vertex 128.709 57.1964 1.5
      vertex 128.849 57.1685 1.5
    endloop
  endfacet
  facet normal 0.643424 0.56405 -0.517546
    outer loop
      vertex 126.409 52.409 3.2
      vertex 124.676 51.4497 0
      vertex 126.215 52.6303 3.2
    endloop
  endfacet
  facet normal 0.637823 0.571185 -0.516652
    outer loop
      vertex 124.676 51.4497 0
      vertex 126.409 52.409 3.2
      vertex 124.682 51.443 0
    endloop
  endfacet
  facet normal -0.768334 -0.37684 -0.517354
    outer loop
      vertex 130.841 55.6402 1.5
      vertex 130.967 55.3833 1.5
      vertex 129.949 55.125 3.2
    endloop
  endfacet
  facet normal 0.0565217 -0.853838 -0.517461
    outer loop
      vertex 127.714 57.2616 1.5
      vertex 127.706 56.2308 3.2
      vertex 127.572 57.2522 1.5
    endloop
  endfacet
  facet normal 0.0557631 -0.853873 -0.517486
    outer loop
      vertex 127.706 56.2308 3.2
      vertex 127.714 57.2616 1.5
      vertex 128 56.25 3.2
    endloop
  endfacet
  facet normal 0.056763 -0.853679 -0.517698
    outer loop
      vertex 127.453 58.1536 0
      vertex 127.515 57.9664 0.315489
      vertex 127.483 57.9294 0.372993
    endloop
  endfacet
  facet normal 0.0474948 -0.854906 -0.516605
    outer loop
      vertex 127.515 57.9664 0.315489
      vertex 127.453 58.1536 0
      vertex 127.462 58.1541 0
    endloop
  endfacet
  facet normal 0.564538 0.643107 -0.517407
    outer loop
      vertex 125.45 50.6763 0
      vertex 126.409 52.409 3.2
      vertex 126.63 52.215 3.2
    endloop
  endfacet
  facet normal 0.550882 0.653589 -0.51899
    outer loop
      vertex 126.409 52.409 3.2
      vertex 125.45 50.6763 0
      vertex 125.443 50.6822 0
    endloop
  endfacet
  facet normal 0.637823 -0.571185 -0.516652
    outer loop
      vertex 126.409 55.591 3.2
      vertex 124.676 56.5503 0
      vertex 124.682 56.557 0
    endloop
  endfacet
  facet normal 0.643424 -0.56405 -0.517546
    outer loop
      vertex 124.676 56.5503 0
      vertex 126.409 55.591 3.2
      vertex 126.215 55.3697 3.2
    endloop
  endfacet
  facet normal 0.806596 -0.28807 -0.516158
    outer loop
      vertex 125.921 54.861 3.2
      vertex 123.953 55.0843 0
      vertex 123.956 55.0927 0
    endloop
  endfacet
  facet normal 0.810711 -0.273437 -0.517668
    outer loop
      vertex 123.953 55.0843 0
      vertex 125.921 54.861 3.2
      vertex 125.827 54.5823 3.2
    endloop
  endfacet
  facet normal -0.563279 0.644088 -0.517558
    outer loop
      vertex 130.32 51.6805 1.5
      vertex 130.104 51.4916 1.5
      vertex 129.591 52.409 3.2
    endloop
  endfacet
  facet normal -0.765762 -0.382881 -0.516731
    outer loop
      vertex 131.031 55.2553 1.5
      vertex 129.949 55.125 3.2
      vertex 130.967 55.3833 1.5
    endloop
  endfacet
  facet normal -0.767632 -0.378001 -0.517548
    outer loop
      vertex 129.949 55.125 3.2
      vertex 131.031 55.2553 1.5
      vertex 130.079 54.861 3.2
    endloop
  endfacet
  facet normal 0.491354 -0.701935 -0.515615
    outer loop
      vertex 125.905 57.6281 0
      vertex 126.63 55.785 3.2
      vertex 125.898 57.6232 0
    endloop
  endfacet
  facet normal 0.475177 -0.711604 -0.517519
    outer loop
      vertex 126.63 55.785 3.2
      vertex 125.905 57.6281 0
      vertex 126.875 55.9486 3.2
    endloop
  endfacet
  facet normal -0.474486 0.712028 -0.517571
    outer loop
      vertex 129.64 51.1592 1.5
      vertex 129.37 52.215 3.2
      vertex 129.759 51.2385 1.5
    endloop
  endfacet
  facet normal -0.475202 0.711642 -0.517445
    outer loop
      vertex 129.37 52.215 3.2
      vertex 129.64 51.1592 1.5
      vertex 129.125 52.0514 3.2
    endloop
  endfacet
  facet normal 0.564504 0.643106 -0.517446
    outer loop
      vertex 126.409 52.409 3.2
      vertex 125.443 50.6822 0
      vertex 125.038 51.0377 0
    endloop
  endfacet
  facet normal -0.0557631 -0.853873 -0.517486
    outer loop
      vertex 128.286 57.2616 1.5
      vertex 128.294 56.2308 3.2
      vertex 128 56.25 3.2
    endloop
  endfacet
  facet normal -0.0565217 -0.853838 -0.517461
    outer loop
      vertex 128.294 56.2308 3.2
      vertex 128.286 57.2616 1.5
      vertex 128.428 57.2522 1.5
    endloop
  endfacet
  facet normal -0.712025 -0.474283 -0.51776
    outer loop
      vertex 130.841 55.6402 1.5
      vertex 129.785 55.3697 3.2
      vertex 130.762 55.7588 1.5
    endloop
  endfacet
  facet normal -0.710867 -0.476429 -0.517382
    outer loop
      vertex 129.785 55.3697 3.2
      vertex 130.841 55.6402 1.5
      vertex 129.949 55.125 3.2
    endloop
  endfacet
  facet normal -0.840123 -0.162024 -0.517632
    outer loop
      vertex 131.196 54.709 1.5
      vertex 130.173 54.5823 3.2
      vertex 131.169 54.849 1.5
    endloop
  endfacet
  facet normal -0.838957 -0.168605 -0.517421
    outer loop
      vertex 130.173 54.5823 3.2
      vertex 131.196 54.709 1.5
      vertex 130.231 54.2937 3.2
    endloop
  endfacet
  facet normal -0.810309 -0.274884 -0.51753
    outer loop
      vertex 131.031 55.2553 1.5
      vertex 131.123 54.9841 1.5
      vertex 130.079 54.861 3.2
    endloop
  endfacet
  facet normal 0.853923 0.055563 -0.517424
    outer loop
      vertex 125.75 54 3.2
      vertex 123.846 53.4621 0
      vertex 123.811 54 0
    endloop
  endfacet
  facet normal -0.274905 0.810311 -0.517516
    outer loop
      vertex 128.849 50.8315 1.5
      vertex 128.861 51.9213 3.2
      vertex 128.984 50.8773 1.5
    endloop
  endfacet
  facet normal -0.274762 0.810345 -0.517539
    outer loop
      vertex 128.861 51.9213 3.2
      vertex 128.849 50.8315 1.5
      vertex 128.582 51.8267 3.2
    endloop
  endfacet
  facet normal -0.839276 0.167377 -0.517302
    outer loop
      vertex 131.252 53.5718 1.5
      vertex 131.196 53.291 1.5
      vertex 130.231 53.7063 3.2
    endloop
  endfacet
  facet normal -0.853851 0.0552372 -0.517579
    outer loop
      vertex 131.262 53.7142 1.5
      vertex 130.231 53.7063 3.2
      vertex 130.25 54 3.2
    endloop
  endfacet
  facet normal -0.853628 0.0599458 -0.517422
    outer loop
      vertex 130.231 53.7063 3.2
      vertex 131.262 53.7142 1.5
      vertex 131.252 53.5718 1.5
    endloop
  endfacet
  facet normal 0.274762 0.810345 -0.517539
    outer loop
      vertex 127.151 50.8315 1.5
      vertex 127.139 51.9213 3.2
      vertex 127.418 51.8267 3.2
    endloop
  endfacet
  facet normal 0.274905 0.810311 -0.517516
    outer loop
      vertex 127.139 51.9213 3.2
      vertex 127.151 50.8315 1.5
      vertex 127.016 50.8773 1.5
    endloop
  endfacet
  facet normal 0.254117 0.816804 -0.517934
    outer loop
      vertex 126.907 49.9562 0
      vertex 127.084 50.5809 1.07202
      vertex 126.916 49.9534 0
    endloop
  endfacet
  facet normal 0.274118 0.810535 -0.517584
    outer loop
      vertex 127.084 50.5809 1.07202
      vertex 126.907 49.9562 0
      vertex 126.996 50.7119 1.23056
    endloop
  endfacet
  facet normal 0.642918 0.564715 -0.517448
    outer loop
      vertex 126.409 52.409 3.2
      vertex 125.038 51.0377 0
      vertex 124.682 51.443 0
    endloop
  endfacet
  facet normal -0.166673 -0.839336 -0.517431
    outer loop
      vertex 128.428 57.2522 1.5
      vertex 128.709 57.1964 1.5
      vertex 128.294 56.2308 3.2
    endloop
  endfacet
  facet normal 0.71181 -0.474858 -0.517529
    outer loop
      vertex 124.676 56.5503 0
      vertex 126.215 55.3697 3.2
      vertex 124.377 56.1021 0
    endloop
  endfacet
  facet normal -0.710257 0.477283 -0.517431
    outer loop
      vertex 130.762 52.2412 1.5
      vertex 130.602 52.0031 1.5
      vertex 129.785 52.6303 3.2
    endloop
  endfacet
  facet normal -0.710867 0.476429 -0.517382
    outer loop
      vertex 130.841 52.3598 1.5
      vertex 129.785 52.6303 3.2
      vertex 129.949 52.875 3.2
    endloop
  endfacet
  facet normal -0.712025 0.474283 -0.51776
    outer loop
      vertex 129.785 52.6303 3.2
      vertex 130.841 52.3598 1.5
      vertex 130.762 52.2412 1.5
    endloop
  endfacet
  facet normal 0.709236 -0.479214 -0.517048
    outer loop
      vertex 126.215 55.3697 3.2
      vertex 124.372 56.0947 0
      vertex 124.377 56.1021 0
    endloop
  endfacet
  facet normal 0.710876 -0.476435 -0.517363
    outer loop
      vertex 124.372 56.0947 0
      vertex 126.215 55.3697 3.2
      vertex 126.051 55.125 3.2
    endloop
  endfacet
  facet normal 0.853962 0.0552444 -0.517394
    outer loop
      vertex 125.769 53.7063 3.2
      vertex 123.846 53.4621 0
      vertex 125.75 54 3.2
    endloop
  endfacet
  facet normal 0.857138 0 -0.515086
    outer loop
      vertex 123.846 53.4621 0
      vertex 125.769 53.7063 3.2
      vertex 123.846 53.4532 0
    endloop
  endfacet
  facet normal 0.0557631 0.853873 -0.517486
    outer loop
      vertex 127.714 50.7384 1.5
      vertex 127.706 51.7692 3.2
      vertex 128 51.75 3.2
    endloop
  endfacet
  facet normal 0.0565217 0.853838 -0.517461
    outer loop
      vertex 127.706 51.7692 3.2
      vertex 127.714 50.7384 1.5
      vertex 127.572 50.7478 1.5
    endloop
  endfacet
  facet normal 0.0474947 0.854905 -0.516606
    outer loop
      vertex 127.453 49.8464 0
      vertex 127.515 50.0336 0.315488
      vertex 127.462 49.8459 0
    endloop
  endfacet
  facet normal 0.0567608 0.853678 -0.517699
    outer loop
      vertex 127.515 50.0336 0.315488
      vertex 127.453 49.8464 0
      vertex 127.483 50.0706 0.372992
    endloop
  endfacet
  facet normal 0.274905 -0.810311 -0.517516
    outer loop
      vertex 127.151 57.1685 1.5
      vertex 127.139 56.0787 3.2
      vertex 127.016 57.1227 1.5
    endloop
  endfacet
  facet normal 0.274762 -0.810345 -0.517539
    outer loop
      vertex 127.139 56.0787 3.2
      vertex 127.151 57.1685 1.5
      vertex 127.418 56.1733 3.2
    endloop
  endfacet
  facet normal 0.274118 -0.810535 -0.517584
    outer loop
      vertex 126.907 58.0438 0
      vertex 127.084 57.4191 1.07202
      vertex 126.996 57.2881 1.23056
    endloop
  endfacet
  facet normal 0.254117 -0.816804 -0.517934
    outer loop
      vertex 127.084 57.4191 1.07202
      vertex 126.907 58.0438 0
      vertex 126.916 58.0466 0
    endloop
  endfacet
  facet normal -0.853628 -0.0599458 -0.517422
    outer loop
      vertex 131.262 54.2858 1.5
      vertex 130.231 54.2937 3.2
      vertex 131.252 54.4282 1.5
    endloop
  endfacet
  facet normal -0.853851 -0.0552372 -0.517579
    outer loop
      vertex 130.231 54.2937 3.2
      vertex 131.262 54.2858 1.5
      vertex 130.25 54 3.2
    endloop
  endfacet
  facet normal -0.838957 0.168605 -0.517421
    outer loop
      vertex 131.196 53.291 1.5
      vertex 130.173 53.4177 3.2
      vertex 130.231 53.7063 3.2
    endloop
  endfacet
  facet normal -0.840123 0.162024 -0.517632
    outer loop
      vertex 130.173 53.4177 3.2
      vertex 131.196 53.291 1.5
      vertex 131.169 53.151 1.5
    endloop
  endfacet
  facet normal 0.475177 0.711604 -0.517519
    outer loop
      vertex 125.905 50.3719 0
      vertex 126.63 52.215 3.2
      vertex 126.875 52.0514 3.2
    endloop
  endfacet
  facet normal 0.491354 0.701935 -0.515615
    outer loop
      vertex 126.63 52.215 3.2
      vertex 125.905 50.3719 0
      vertex 125.898 50.3768 0
    endloop
  endfacet
  facet normal 0.475584 0.711391 -0.517439
    outer loop
      vertex 126.63 52.215 3.2
      vertex 125.898 50.3768 0
      vertex 125.45 50.6763 0
    endloop
  endfacet
  facet normal 0.274905 -0.810334 -0.51748
    outer loop
      vertex 126.397 57.8705 0
      vertex 126.848 57.0656 1.5
      vertex 127.139 56.0787 3.2
    endloop
  endfacet
  facet normal 0.275611 -0.810054 -0.517542
    outer loop
      vertex 126.397 57.8705 0
      vertex 126.996 57.2881 1.23056
      vertex 126.848 57.0656 1.5
    endloop
  endfacet
  facet normal 0.275311 -0.810205 -0.517467
    outer loop
      vertex 126.996 57.2881 1.23056
      vertex 126.397 57.8705 0
      vertex 126.907 58.0438 0
    endloop
  endfacet
  facet normal 0.275366 -0.810183 -0.517471
    outer loop
      vertex 127.139 56.0787 3.2
      vertex 126.848 57.0656 1.5
      vertex 127.016 57.1227 1.5
    endloop
  endfacet
  facet normal -0.563279 -0.644088 -0.517558
    outer loop
      vertex 130.104 56.5084 1.5
      vertex 130.32 56.3195 1.5
      vertex 129.591 55.591 3.2
    endloop
  endfacet
  facet normal -0.564795 0.642905 -0.517377
    outer loop
      vertex 129.997 51.3976 1.5
      vertex 129.591 52.409 3.2
      vertex 130.104 51.4916 1.5
    endloop
  endfacet
  facet normal -0.564529 0.643098 -0.517428
    outer loop
      vertex 129.591 52.409 3.2
      vertex 129.997 51.3976 1.5
      vertex 129.37 52.215 3.2
    endloop
  endfacet
  facet normal -0.166673 0.839336 -0.517431
    outer loop
      vertex 128.709 50.8036 1.5
      vertex 128.428 50.7478 1.5
      vertex 128.294 51.7692 3.2
    endloop
  endfacet
  facet normal 0.475584 -0.711391 -0.517439
    outer loop
      vertex 125.898 57.6232 0
      vertex 126.63 55.785 3.2
      vertex 125.45 57.3237 0
    endloop
  endfacet
  facet normal 0.838895 0.168593 -0.517524
    outer loop
      vertex 125.827 53.4177 3.2
      vertex 123.952 52.9245 0
      vertex 125.769 53.7063 3.2
    endloop
  endfacet
  facet normal 0.852163 0.0968367 -0.514239
    outer loop
      vertex 123.952 52.9245 0
      vertex 125.827 53.4177 3.2
      vertex 123.953 52.9157 0
    endloop
  endfacet
  facet normal 0.71181 0.474858 -0.517529
    outer loop
      vertex 126.215 52.6303 3.2
      vertex 124.676 51.4497 0
      vertex 124.377 51.8979 0
    endloop
  endfacet
  facet normal 0.167531 0.839114 -0.517514
    outer loop
      vertex 127.291 50.8036 1.5
      vertex 127.418 51.8267 3.2
      vertex 127.706 51.7692 3.2
    endloop
  endfacet
  facet normal 0.167234 0.839167 -0.517524
    outer loop
      vertex 127.418 51.8267 3.2
      vertex 127.291 50.8036 1.5
      vertex 127.151 50.8315 1.5
    endloop
  endfacet
  facet normal 0.187564 0.833616 -0.519524
    outer loop
      vertex 126.916 49.9534 0
      vertex 127.152 50.4796 0.929531
      vertex 126.924 49.9516 0
    endloop
  endfacet
  facet normal 0.166295 0.839423 -0.517412
    outer loop
      vertex 127.152 50.4796 0.929531
      vertex 126.916 49.9534 0
      vertex 127.084 50.5809 1.07202
    endloop
  endfacet
  facet normal -0.47556 -0.711396 -0.517454
    outer loop
      vertex 129.759 56.7615 1.5
      vertex 129.997 56.6024 1.5
      vertex 129.37 55.785 3.2
    endloop
  endfacet
  facet normal 0.555629 -0.83143 0
    outer loop
      vertex 6.34743 58.7601 0
      vertex 7 59.1962 1.5
      vertex 6.34743 58.7601 1.5
    endloop
  endfacet
  facet normal 0.555629 -0.83143 0
    outer loop
      vertex 7 59.1962 1.5
      vertex 6.34743 58.7601 0
      vertex 7 59.1962 0
    endloop
  endfacet
  facet normal 0.321463 -0.946922 0
    outer loop
      vertex 7.7039 59.5433 0
      vertex 8.44709 59.7956 1.5
      vertex 7.7039 59.5433 1.5
    endloop
  endfacet
  facet normal 0.321463 -0.946922 0
    outer loop
      vertex 8.44709 59.7956 1.5
      vertex 7.7039 59.5433 0
      vertex 8.44709 59.7956 0
    endloop
  endfacet
  facet normal -0.659406 0.751787 0
    outer loop
      vertex 14.2426 49.7574 0
      vertex 13.6526 49.2399 1.5
      vertex 14.2426 49.7574 1.5
    endloop
  endfacet
  facet normal -0.659406 0.751787 0
    outer loop
      vertex 13.6526 49.2399 1.5
      vertex 14.2426 49.7574 0
      vertex 13.6526 49.2399 0
    endloop
  endfacet
  facet normal 0.321463 0.946922 -0
    outer loop
      vertex 8.44709 48.2044 0
      vertex 7.7039 48.4567 1.5
      vertex 8.44709 48.2044 1.5
    endloop
  endfacet
  facet normal 0.321463 0.946922 0
    outer loop
      vertex 7.7039 48.4567 1.5
      vertex 8.44709 48.2044 0
      vertex 7.7039 48.4567 0
    endloop
  endfacet
  facet normal -0.442263 -0.896885 0
    outer loop
      vertex 12.2961 59.5433 0
      vertex 13 59.1962 1.5
      vertex 12.2961 59.5433 1.5
    endloop
  endfacet
  facet normal -0.442263 -0.896885 -0
    outer loop
      vertex 13 59.1962 1.5
      vertex 12.2961 59.5433 0
      vertex 13 59.1962 0
    endloop
  endfacet
  facet normal 0.980784 0.195099 0
    outer loop
      vertex 4.20444 52.4471 1.5
      vertex 4.05133 53.2168 0
      vertex 4.05133 53.2168 1.5
    endloop
  endfacet
  facet normal 0.980784 0.195099 0
    outer loop
      vertex 4.05133 53.2168 0
      vertex 4.20444 52.4471 1.5
      vertex 4.20444 52.4471 0
    endloop
  endfacet
  facet normal 0.751799 -0.659392 0
    outer loop
      vertex 5.23988 57.6526 1.5
      vertex 5.75736 58.2426 0
      vertex 5.75736 58.2426 1.5
    endloop
  endfacet
  facet normal 0.751799 -0.659392 0
    outer loop
      vertex 5.75736 58.2426 0
      vertex 5.23988 57.6526 1.5
      vertex 5.23988 57.6526 0
    endloop
  endfacet
  facet normal 0.442263 0.896885 -0
    outer loop
      vertex 7.7039 48.4567 0
      vertex 7 48.8038 1.5
      vertex 7.7039 48.4567 1.5
    endloop
  endfacet
  facet normal 0.442263 0.896885 0
    outer loop
      vertex 7 48.8038 1.5
      vertex 7.7039 48.4567 0
      vertex 7 48.8038 0
    endloop
  endfacet
  facet normal 0.751799 0.659392 0
    outer loop
      vertex 5.75736 49.7574 1.5
      vertex 5.23988 50.3474 0
      vertex 5.23988 50.3474 1.5
    endloop
  endfacet
  facet normal 0.751799 0.659392 0
    outer loop
      vertex 5.23988 50.3474 0
      vertex 5.75736 49.7574 1.5
      vertex 5.75736 49.7574 0
    endloop
  endfacet
  facet normal -0.32146 0.946923 0
    outer loop
      vertex 12.2961 48.4567 0
      vertex 11.5529 48.2044 1.5
      vertex 12.2961 48.4567 1.5
    endloop
  endfacet
  facet normal -0.32146 0.946923 0
    outer loop
      vertex 11.5529 48.2044 1.5
      vertex 12.2961 48.4567 0
      vertex 11.5529 48.2044 0
    endloop
  endfacet
  facet normal 0.831483 0.55555 0
    outer loop
      vertex 5.23988 50.3474 1.5
      vertex 4.80385 51 0
      vertex 4.80385 51 1.5
    endloop
  endfacet
  facet normal 0.831483 0.55555 0
    outer loop
      vertex 4.80385 51 0
      vertex 5.23988 50.3474 1.5
      vertex 5.23988 50.3474 0
    endloop
  endfacet
  facet normal 0.0653638 -0.997862 0
    outer loop
      vertex 9.21684 59.9487 0
      vertex 10 60 1.5
      vertex 9.21684 59.9487 1.5
    endloop
  endfacet
  facet normal 0.0653638 -0.997862 0
    outer loop
      vertex 10 60 1.5
      vertex 9.21684 59.9487 0
      vertex 10 60 0
    endloop
  endfacet
  facet normal 0.946931 0.321437 0
    outer loop
      vertex 4.45672 51.7039 1.5
      vertex 4.20444 52.4471 0
      vertex 4.20444 52.4471 1.5
    endloop
  endfacet
  facet normal 0.946931 0.321437 0
    outer loop
      vertex 4.20444 52.4471 0
      vertex 4.45672 51.7039 1.5
      vertex 4.45672 51.7039 0
    endloop
  endfacet
  facet normal 0.659362 0.751826 -0
    outer loop
      vertex 6.34743 49.2399 0
      vertex 5.75736 49.7574 1.5
      vertex 6.34743 49.2399 1.5
    endloop
  endfacet
  facet normal 0.659362 0.751826 0
    outer loop
      vertex 5.75736 49.7574 1.5
      vertex 6.34743 49.2399 0
      vertex 5.75736 49.7574 0
    endloop
  endfacet
  facet normal -0.555611 -0.831442 0
    outer loop
      vertex 13 59.1962 0
      vertex 13.6526 58.7601 1.5
      vertex 13 59.1962 1.5
    endloop
  endfacet
  facet normal -0.555611 -0.831442 -0
    outer loop
      vertex 13.6526 58.7601 1.5
      vertex 13 59.1962 0
      vertex 13.6526 58.7601 0
    endloop
  endfacet
  facet normal -0.442263 0.896885 0
    outer loop
      vertex 13 48.8038 0
      vertex 12.2961 48.4567 1.5
      vertex 13 48.8038 1.5
    endloop
  endfacet
  facet normal -0.442263 0.896885 0
    outer loop
      vertex 12.2961 48.4567 1.5
      vertex 13 48.8038 0
      vertex 12.2961 48.4567 0
    endloop
  endfacet
  facet normal 0.980784 -0.195099 0
    outer loop
      vertex 4.05133 54.7832 1.5
      vertex 4.20444 55.5529 0
      vertex 4.20444 55.5529 1.5
    endloop
  endfacet
  facet normal 0.980784 -0.195099 0
    outer loop
      vertex 4.20444 55.5529 0
      vertex 4.05133 54.7832 1.5
      vertex 4.05133 54.7832 0
    endloop
  endfacet
  facet normal -0.195087 0.980786 0
    outer loop
      vertex 11.5529 48.2044 0
      vertex 10.7832 48.0513 1.5
      vertex 11.5529 48.2044 1.5
    endloop
  endfacet
  facet normal -0.195087 0.980786 0
    outer loop
      vertex 10.7832 48.0513 1.5
      vertex 11.5529 48.2044 0
      vertex 10.7832 48.0513 0
    endloop
  endfacet
  facet normal 0.946931 -0.321437 0
    outer loop
      vertex 4.20444 55.5529 1.5
      vertex 4.45672 56.2961 0
      vertex 4.45672 56.2961 1.5
    endloop
  endfacet
  facet normal 0.946931 -0.321437 0
    outer loop
      vertex 4.45672 56.2961 0
      vertex 4.20444 55.5529 1.5
      vertex 4.20444 55.5529 0
    endloop
  endfacet
  facet normal -0.831566 -0.555426 0
    outer loop
      vertex 14.8484 57.5204 0.929533
      vertex 14.7601 57.6526 1.5
      vertex 14.7601 57.6526 0.743675
    endloop
  endfacet
  facet normal -0.831455 -0.555593 5.58824e-05
    outer loop
      vertex 14.9161 57.4191 1.07202
      vertex 14.7601 57.6526 1.5
      vertex 14.8484 57.5204 0.929533
    endloop
  endfacet
  facet normal -0.831538 -0.555468 -4.24325e-05
    outer loop
      vertex 15.0036 57.2881 1.23056
      vertex 14.7601 57.6526 1.5
      vertex 14.9161 57.4191 1.07202
    endloop
  endfacet
  facet normal -0.831483 -0.55555 0.000117761
    outer loop
      vertex 14.7601 57.6526 1.5
      vertex 15.0036 57.2881 1.23056
      vertex 15.1523 57.0656 1.5
    endloop
  endfacet
  facet normal -0.32146 -0.946923 0
    outer loop
      vertex 11.5529 59.7956 0
      vertex 12.2961 59.5433 1.5
      vertex 11.5529 59.7956 1.5
    endloop
  endfacet
  facet normal -0.32146 -0.946923 -0
    outer loop
      vertex 12.2961 59.5433 1.5
      vertex 11.5529 59.7956 0
      vertex 12.2961 59.5433 0
    endloop
  endfacet
  facet normal 0.195075 -0.980788 0
    outer loop
      vertex 8.44709 59.7956 0
      vertex 9.21684 59.9487 1.5
      vertex 8.44709 59.7956 1.5
    endloop
  endfacet
  facet normal 0.195075 -0.980788 0
    outer loop
      vertex 9.21684 59.9487 1.5
      vertex 8.44709 59.7956 0
      vertex 9.21684 59.9487 0
    endloop
  endfacet
  facet normal -0.751242 -0.660027 -0.000867036
    outer loop
      vertex 14.4849 57.9664 0.315491
      vertex 14.2426 58.2426 0
      vertex 14.307 58.1693 0
    endloop
  endfacet
  facet normal -0.751733 -0.659468 0
    outer loop
      vertex 14.2426 58.2426 0
      vertex 14.4849 57.9664 0.315491
      vertex 14.2426 58.2426 1.5
    endloop
  endfacet
  facet normal -0.752167 -0.658972 -0.000204325
    outer loop
      vertex 14.5173 57.9294 0.372995
      vertex 14.2426 58.2426 1.5
      vertex 14.4849 57.9664 0.315491
    endloop
  endfacet
  facet normal -0.751778 -0.659416 1.40502e-05
    outer loop
      vertex 14.7601 57.6526 0.743675
      vertex 14.2426 58.2426 1.5
      vertex 14.5173 57.9294 0.372995
    endloop
  endfacet
  facet normal -0.751787 -0.659406 0
    outer loop
      vertex 14.2426 58.2426 1.5
      vertex 14.7601 57.6526 0.743675
      vertex 14.7601 57.6526 1.5
    endloop
  endfacet
  facet normal -0.659406 -0.751787 0
    outer loop
      vertex 13.6526 58.7601 0
      vertex 14.2426 58.2426 1.5
      vertex 13.6526 58.7601 1.5
    endloop
  endfacet
  facet normal -0.659406 -0.751787 -0
    outer loop
      vertex 14.2426 58.2426 1.5
      vertex 13.6526 58.7601 0
      vertex 14.2426 58.2426 0
    endloop
  endfacet
  facet normal 0.195075 0.980788 -0
    outer loop
      vertex 9.21684 48.0513 0
      vertex 8.44709 48.2044 1.5
      vertex 9.21684 48.0513 1.5
    endloop
  endfacet
  facet normal 0.195075 0.980788 0
    outer loop
      vertex 8.44709 48.2044 1.5
      vertex 9.21684 48.0513 0
      vertex 8.44709 48.2044 0
    endloop
  endfacet
  facet normal -0.555611 0.831442 0
    outer loop
      vertex 13.6526 49.2399 0
      vertex 13 48.8038 1.5
      vertex 13.6526 49.2399 1.5
    endloop
  endfacet
  facet normal -0.555611 0.831442 0
    outer loop
      vertex 13 48.8038 1.5
      vertex 13.6526 49.2399 0
      vertex 13 48.8038 0
    endloop
  endfacet
  facet normal 0.555629 0.83143 -0
    outer loop
      vertex 7 48.8038 0
      vertex 6.34743 49.2399 1.5
      vertex 7 48.8038 1.5
    endloop
  endfacet
  facet normal 0.555629 0.83143 0
    outer loop
      vertex 6.34743 49.2399 1.5
      vertex 7 48.8038 0
      vertex 6.34743 49.2399 0
    endloop
  endfacet
  facet normal 0.442263 -0.896885 0
    outer loop
      vertex 7 59.1962 0
      vertex 7.7039 59.5433 1.5
      vertex 7 59.1962 1.5
    endloop
  endfacet
  facet normal 0.442263 -0.896885 0
    outer loop
      vertex 7.7039 59.5433 1.5
      vertex 7 59.1962 0
      vertex 7.7039 59.5433 0
    endloop
  endfacet
  facet normal 0.831483 -0.55555 0
    outer loop
      vertex 4.80385 57 1.5
      vertex 5.23988 57.6526 0
      vertex 5.23988 57.6526 1.5
    endloop
  endfacet
  facet normal 0.831483 -0.55555 0
    outer loop
      vertex 5.23988 57.6526 0
      vertex 4.80385 57 1.5
      vertex 4.80385 57 0
    endloop
  endfacet
  facet normal 0.89687 -0.442294 0
    outer loop
      vertex 4.45672 56.2961 1.5
      vertex 4.80385 57 0
      vertex 4.80385 57 1.5
    endloop
  endfacet
  facet normal 0.89687 -0.442294 0
    outer loop
      vertex 4.80385 57 0
      vertex 4.45672 56.2961 1.5
      vertex 4.45672 56.2961 0
    endloop
  endfacet
  facet normal 0.89687 0.442294 0
    outer loop
      vertex 4.80385 51 1.5
      vertex 4.45672 51.7039 0
      vertex 4.45672 51.7039 1.5
    endloop
  endfacet
  facet normal 0.89687 0.442294 0
    outer loop
      vertex 4.45672 51.7039 0
      vertex 4.80385 51 1.5
      vertex 4.80385 51 0
    endloop
  endfacet
  facet normal -0.751778 0.659416 1.40502e-05
    outer loop
      vertex 14.2426 49.7574 1.5
      vertex 14.7601 50.3474 0.743673
      vertex 14.5173 50.0706 0.372994
    endloop
  endfacet
  facet normal -0.752167 0.658972 -0.000204325
    outer loop
      vertex 14.2426 49.7574 1.5
      vertex 14.5173 50.0706 0.372994
      vertex 14.4849 50.0336 0.31549
    endloop
  endfacet
  facet normal -0.751242 0.660027 -0.000867039
    outer loop
      vertex 14.2426 49.7574 0
      vertex 14.4849 50.0336 0.31549
      vertex 14.307 49.8307 0
    endloop
  endfacet
  facet normal -0.751733 0.659468 0
    outer loop
      vertex 14.4849 50.0336 0.31549
      vertex 14.2426 49.7574 0
      vertex 14.2426 49.7574 1.5
    endloop
  endfacet
  facet normal -0.751787 0.659406 0
    outer loop
      vertex 14.7601 50.3474 0.743673
      vertex 14.2426 49.7574 1.5
      vertex 14.7601 50.3474 1.5
    endloop
  endfacet
  facet normal -0.0653605 0.997862 0
    outer loop
      vertex 10.7832 48.0513 0
      vertex 10 48 1.5
      vertex 10.7832 48.0513 1.5
    endloop
  endfacet
  facet normal -0.0653605 0.997862 0
    outer loop
      vertex 10 48 1.5
      vertex 10.7832 48.0513 0
      vertex 10 48 0
    endloop
  endfacet
  facet normal -0.831538 0.555468 -4.24325e-05
    outer loop
      vertex 14.7601 50.3474 1.5
      vertex 15.0036 50.7119 1.23056
      vertex 14.9161 50.5809 1.07202
    endloop
  endfacet
  facet normal -0.831483 0.55555 0.000117761
    outer loop
      vertex 15.0036 50.7119 1.23056
      vertex 14.7601 50.3474 1.5
      vertex 15.1523 50.9344 1.5
    endloop
  endfacet
  facet normal -0.831455 0.555593 5.58824e-05
    outer loop
      vertex 14.8484 50.4796 0.929533
      vertex 14.7601 50.3474 1.5
      vertex 14.9161 50.5809 1.07202
    endloop
  endfacet
  facet normal -0.831566 0.555426 0
    outer loop
      vertex 14.7601 50.3474 1.5
      vertex 14.8484 50.4796 0.929533
      vertex 14.7601 50.3474 0.743673
    endloop
  endfacet
  facet normal -0.0653605 -0.997862 0
    outer loop
      vertex 10 60 0
      vertex 10.7832 59.9487 1.5
      vertex 10 60 1.5
    endloop
  endfacet
  facet normal -0.0653605 -0.997862 -0
    outer loop
      vertex 10.7832 59.9487 1.5
      vertex 10 60 0
      vertex 10.7832 59.9487 0
    endloop
  endfacet
  facet normal -0.195087 -0.980786 0
    outer loop
      vertex 10.7832 59.9487 0
      vertex 11.5529 59.7956 1.5
      vertex 10.7832 59.9487 1.5
    endloop
  endfacet
  facet normal -0.195087 -0.980786 -0
    outer loop
      vertex 11.5529 59.7956 1.5
      vertex 10.7832 59.9487 0
      vertex 11.5529 59.7956 0
    endloop
  endfacet
  facet normal 0.997859 0.0653985 0
    outer loop
      vertex 4.05133 53.2168 1.5
      vertex 4 54 0
      vertex 4 54 1.5
    endloop
  endfacet
  facet normal 0.997859 0.0653985 0
    outer loop
      vertex 4 54 0
      vertex 4.05133 53.2168 1.5
      vertex 4.05133 53.2168 0
    endloop
  endfacet
  facet normal 0.997859 -0.0653985 0
    outer loop
      vertex 4 54 1.5
      vertex 4.05133 54.7832 0
      vertex 4.05133 54.7832 1.5
    endloop
  endfacet
  facet normal 0.997859 -0.0653985 0
    outer loop
      vertex 4.05133 54.7832 0
      vertex 4 54 1.5
      vertex 4 54 0
    endloop
  endfacet
  facet normal 0.659362 -0.751826 0
    outer loop
      vertex 5.75736 58.2426 0
      vertex 6.34743 58.7601 1.5
      vertex 5.75736 58.2426 1.5
    endloop
  endfacet
  facet normal 0.659362 -0.751826 0
    outer loop
      vertex 6.34743 58.7601 1.5
      vertex 5.75736 58.2426 0
      vertex 6.34743 58.7601 0
    endloop
  endfacet
  facet normal 0 0 -1
    outer loop
      vertex 14.7601 50.3474 1.5
      vertex 14.9841 50.8773 1.5
      vertex 15.1523 50.9344 1.5
    endloop
  endfacet
  facet normal 0 0 -1
    outer loop
      vertex 14.7601 50.3474 1.5
      vertex 14.849 50.8315 1.5
      vertex 14.9841 50.8773 1.5
    endloop
  endfacet
  facet normal 0 0 -1
    outer loop
      vertex 14.7601 50.3474 1.5
      vertex 14.709 50.8036 1.5
      vertex 14.849 50.8315 1.5
    endloop
  endfacet
  facet normal 0 0 -1
    outer loop
      vertex 14.7601 50.3474 1.5
      vertex 14.4282 50.7478 1.5
      vertex 14.709 50.8036 1.5
    endloop
  endfacet
  facet normal 0 0 -1
    outer loop
      vertex 14.7601 50.3474 1.5
      vertex 14.2858 50.7384 1.5
      vertex 14.4282 50.7478 1.5
    endloop
  endfacet
  facet normal 0 0 -1
    outer loop
      vertex 14.2426 49.7574 1.5
      vertex 14.2858 50.7384 1.5
      vertex 14.7601 50.3474 1.5
    endloop
  endfacet
  facet normal 0 0 -1
    outer loop
      vertex 14.2426 49.7574 1.5
      vertex 14 50.7197 1.5
      vertex 14.2858 50.7384 1.5
    endloop
  endfacet
  facet normal 0 0 -1
    outer loop
      vertex 14.2426 49.7574 1.5
      vertex 13.7142 50.7384 1.5
      vertex 14 50.7197 1.5
    endloop
  endfacet
  facet normal 0 0 -1
    outer loop
      vertex 13.5718 50.7478 1.5
      vertex 14.2426 49.7574 1.5
      vertex 13.6526 49.2399 1.5
    endloop
  endfacet
  facet normal 0 0 -1
    outer loop
      vertex 14.2426 49.7574 1.5
      vertex 13.5718 50.7478 1.5
      vertex 13.7142 50.7384 1.5
    endloop
  endfacet
  facet normal 0 0 -1
    outer loop
      vertex 13.6526 49.2399 1.5
      vertex 13.291 50.8036 1.5
      vertex 13.5718 50.7478 1.5
    endloop
  endfacet
  facet normal 0 0 -1
    outer loop
      vertex 13.6526 49.2399 1.5
      vertex 13.151 50.8315 1.5
      vertex 13.291 50.8036 1.5
    endloop
  endfacet
  facet normal 0 0 -1
    outer loop
      vertex 13 48.8038 1.5
      vertex 13.151 50.8315 1.5
      vertex 13.6526 49.2399 1.5
    endloop
  endfacet
  facet normal -0 0 -1
    outer loop
      vertex 13.151 50.8315 1.5
      vertex 13 48.8038 1.5
      vertex 13.0159 50.8773 1.5
    endloop
  endfacet
  facet normal 0 0 -1
    outer loop
      vertex 13 48.8038 1.5
      vertex 12.7447 50.9694 1.5
      vertex 13.0159 50.8773 1.5
    endloop
  endfacet
  facet normal 0 0 -1
    outer loop
      vertex 13 48.8038 1.5
      vertex 12.6167 51.0325 1.5
      vertex 12.7447 50.9694 1.5
    endloop
  endfacet
  facet normal 0 0 -1
    outer loop
      vertex 12.2961 48.4567 1.5
      vertex 12.6167 51.0325 1.5
      vertex 13 48.8038 1.5
    endloop
  endfacet
  facet normal -0 0 -1
    outer loop
      vertex 12.6167 51.0325 1.5
      vertex 12.2961 48.4567 1.5
      vertex 12.3598 51.1592 1.5
    endloop
  endfacet
  facet normal 0 0 -1
    outer loop
      vertex 11.5529 48.2044 1.5
      vertex 12.3598 51.1592 1.5
      vertex 12.2961 48.4567 1.5
    endloop
  endfacet
  facet normal -0 0 -1
    outer loop
      vertex 12.3598 51.1592 1.5
      vertex 11.5529 48.2044 1.5
      vertex 12.2412 51.2385 1.5
    endloop
  endfacet
  facet normal -0 0 -1
    outer loop
      vertex 12.2412 51.2385 1.5
      vertex 11.5529 48.2044 1.5
      vertex 12.0031 51.3976 1.5
    endloop
  endfacet
  facet normal 0 0 -1
    outer loop
      vertex 10.7832 48.0513 1.5
      vertex 12.0031 51.3976 1.5
      vertex 11.5529 48.2044 1.5
    endloop
  endfacet
  facet normal -0 0 -1
    outer loop
      vertex 12.0031 51.3976 1.5
      vertex 10.7832 48.0513 1.5
      vertex 11.8958 51.4916 1.5
    endloop
  endfacet
  facet normal -0 0 -1
    outer loop
      vertex 11.8958 51.4916 1.5
      vertex 10.7832 48.0513 1.5
      vertex 11.6805 51.6805 1.5
    endloop
  endfacet
  facet normal 0 0 -1
    outer loop
      vertex 10 48 1.5
      vertex 11.6805 51.6805 1.5
      vertex 10.7832 48.0513 1.5
    endloop
  endfacet
  facet normal -0 0 -1
    outer loop
      vertex 11.6805 51.6805 1.5
      vertex 10 48 1.5
      vertex 11.4916 51.8958 1.5
    endloop
  endfacet
  facet normal 0 0 -1
    outer loop
      vertex 9.21684 48.0513 1.5
      vertex 11.4916 51.8958 1.5
      vertex 10 48 1.5
    endloop
  endfacet
  facet normal -0 0 -1
    outer loop
      vertex 11.4916 51.8958 1.5
      vertex 9.21684 48.0513 1.5
      vertex 11.3976 52.0031 1.5
    endloop
  endfacet
  facet normal 0 0 -1
    outer loop
      vertex 8.44709 48.2044 1.5
      vertex 11.3976 52.0031 1.5
      vertex 9.21684 48.0513 1.5
    endloop
  endfacet
  facet normal -0 0 -1
    outer loop
      vertex 11.3976 52.0031 1.5
      vertex 8.44709 48.2044 1.5
      vertex 11.2385 52.2412 1.5
    endloop
  endfacet
  facet normal -0 0 -1
    outer loop
      vertex 11.2385 52.2412 1.5
      vertex 8.44709 48.2044 1.5
      vertex 11.1592 52.3598 1.5
    endloop
  endfacet
  facet normal 0 0 -1
    outer loop
      vertex 7.7039 48.4567 1.5
      vertex 11.1592 52.3598 1.5
      vertex 8.44709 48.2044 1.5
    endloop
  endfacet
  facet normal 0 0 -1
    outer loop
      vertex 7 48.8038 1.5
      vertex 11.1592 52.3598 1.5
      vertex 7.7039 48.4567 1.5
    endloop
  endfacet
  facet normal -0 0 -1
    outer loop
      vertex 11.1592 52.3598 1.5
      vertex 7 48.8038 1.5
      vertex 11.0325 52.6167 1.5
    endloop
  endfacet
  facet normal -0 0 -1
    outer loop
      vertex 11.0325 52.6167 1.5
      vertex 7 48.8038 1.5
      vertex 10.9694 52.7447 1.5
    endloop
  endfacet
  facet normal 0 0 -1
    outer loop
      vertex 6.34743 49.2399 1.5
      vertex 10.9694 52.7447 1.5
      vertex 7 48.8038 1.5
    endloop
  endfacet
  facet normal 0 0 -1
    outer loop
      vertex 5.75736 49.7574 1.5
      vertex 10.9694 52.7447 1.5
      vertex 6.34743 49.2399 1.5
    endloop
  endfacet
  facet normal 0 0 -1
    outer loop
      vertex 14.9841 57.1227 1.5
      vertex 14.7601 57.6526 1.5
      vertex 15.1523 57.0656 1.5
    endloop
  endfacet
  facet normal 0 0 -1
    outer loop
      vertex 14.849 57.1685 1.5
      vertex 14.7601 57.6526 1.5
      vertex 14.9841 57.1227 1.5
    endloop
  endfacet
  facet normal 0 0 -1
    outer loop
      vertex 14.709 57.1964 1.5
      vertex 14.7601 57.6526 1.5
      vertex 14.849 57.1685 1.5
    endloop
  endfacet
  facet normal 0 0 -1
    outer loop
      vertex 14.4282 57.2522 1.5
      vertex 14.7601 57.6526 1.5
      vertex 14.709 57.1964 1.5
    endloop
  endfacet
  facet normal 0 0 -1
    outer loop
      vertex 14.2858 57.2616 1.5
      vertex 14.7601 57.6526 1.5
      vertex 14.4282 57.2522 1.5
    endloop
  endfacet
  facet normal 0 0 -1
    outer loop
      vertex 14.2858 57.2616 1.5
      vertex 14.2426 58.2426 1.5
      vertex 14.7601 57.6526 1.5
    endloop
  endfacet
  facet normal 0 0 -1
    outer loop
      vertex 14 57.2803 1.5
      vertex 14.2426 58.2426 1.5
      vertex 14.2858 57.2616 1.5
    endloop
  endfacet
  facet normal 0 0 -1
    outer loop
      vertex 13.7142 57.2616 1.5
      vertex 14.2426 58.2426 1.5
      vertex 14 57.2803 1.5
    endloop
  endfacet
  facet normal 0 0 -1
    outer loop
      vertex 13.5718 57.2522 1.5
      vertex 14.2426 58.2426 1.5
      vertex 13.7142 57.2616 1.5
    endloop
  endfacet
  facet normal -0 0 -1
    outer loop
      vertex 14.2426 58.2426 1.5
      vertex 13.5718 57.2522 1.5
      vertex 13.6526 58.7601 1.5
    endloop
  endfacet
  facet normal 0 0 -1
    outer loop
      vertex 13.291 57.1964 1.5
      vertex 13.6526 58.7601 1.5
      vertex 13.5718 57.2522 1.5
    endloop
  endfacet
  facet normal 0 0 -1
    outer loop
      vertex 13.151 57.1685 1.5
      vertex 13.6526 58.7601 1.5
      vertex 13.291 57.1964 1.5
    endloop
  endfacet
  facet normal 0 0 -1
    outer loop
      vertex 13 59.1962 1.5
      vertex 13.151 57.1685 1.5
      vertex 13.0159 57.1227 1.5
    endloop
  endfacet
  facet normal 0 0 -1
    outer loop
      vertex 13.151 57.1685 1.5
      vertex 13 59.1962 1.5
      vertex 13.6526 58.7601 1.5
    endloop
  endfacet
  facet normal 0 0 -1
    outer loop
      vertex 12.7447 57.0306 1.5
      vertex 13 59.1962 1.5
      vertex 13.0159 57.1227 1.5
    endloop
  endfacet
  facet normal 0 0 -1
    outer loop
      vertex 12.6167 56.9675 1.5
      vertex 13 59.1962 1.5
      vertex 12.7447 57.0306 1.5
    endloop
  endfacet
  facet normal 0 0 -1
    outer loop
      vertex 12.2961 59.5433 1.5
      vertex 12.6167 56.9675 1.5
      vertex 12.3598 56.8408 1.5
    endloop
  endfacet
  facet normal 0 0 -1
    outer loop
      vertex 12.6167 56.9675 1.5
      vertex 12.2961 59.5433 1.5
      vertex 13 59.1962 1.5
    endloop
  endfacet
  facet normal 0 0 -1
    outer loop
      vertex 11.5529 59.7956 1.5
      vertex 12.3598 56.8408 1.5
      vertex 12.2412 56.7615 1.5
    endloop
  endfacet
  facet normal 0 0 -1
    outer loop
      vertex 11.5529 59.7956 1.5
      vertex 12.2412 56.7615 1.5
      vertex 12.0031 56.6024 1.5
    endloop
  endfacet
  facet normal 0 0 -1
    outer loop
      vertex 10.7832 59.9487 1.5
      vertex 12.0031 56.6024 1.5
      vertex 11.8958 56.5084 1.5
    endloop
  endfacet
  facet normal 0 0 -1
    outer loop
      vertex 10.7832 59.9487 1.5
      vertex 11.8958 56.5084 1.5
      vertex 11.6805 56.3195 1.5
    endloop
  endfacet
  facet normal 0 0 -1
    outer loop
      vertex 12.3598 56.8408 1.5
      vertex 11.5529 59.7956 1.5
      vertex 12.2961 59.5433 1.5
    endloop
  endfacet
  facet normal 0 0 -1
    outer loop
      vertex 10 60 1.5
      vertex 11.6805 56.3195 1.5
      vertex 11.4916 56.1042 1.5
    endloop
  endfacet
  facet normal 0 0 -1
    outer loop
      vertex 9.21684 59.9487 1.5
      vertex 11.4916 56.1042 1.5
      vertex 11.3976 55.9969 1.5
    endloop
  endfacet
  facet normal 0 0 -1
    outer loop
      vertex 8.44709 59.7956 1.5
      vertex 11.3976 55.9969 1.5
      vertex 11.2385 55.7588 1.5
    endloop
  endfacet
  facet normal 0 0 -1
    outer loop
      vertex 8.44709 59.7956 1.5
      vertex 11.2385 55.7588 1.5
      vertex 11.1592 55.6402 1.5
    endloop
  endfacet
  facet normal 0 0 -1
    outer loop
      vertex 7 59.1962 1.5
      vertex 11.1592 55.6402 1.5
      vertex 11.0325 55.3833 1.5
    endloop
  endfacet
  facet normal 0 0 -1
    outer loop
      vertex 7 59.1962 1.5
      vertex 11.0325 55.3833 1.5
      vertex 10.9694 55.2553 1.5
    endloop
  endfacet
  facet normal 0 0 -1
    outer loop
      vertex 5.75736 58.2426 1.5
      vertex 10.9694 55.2553 1.5
      vertex 10.8773 54.9841 1.5
    endloop
  endfacet
  facet normal 0 0 -1
    outer loop
      vertex 5.75736 58.2426 1.5
      vertex 10.8773 54.9841 1.5
      vertex 10.8315 54.849 1.5
    endloop
  endfacet
  facet normal 0 0 -1
    outer loop
      vertex 4.80385 57 1.5
      vertex 10.8315 54.849 1.5
      vertex 10.8036 54.709 1.5
    endloop
  endfacet
  facet normal 0 0 -1
    outer loop
      vertex 12.0031 56.6024 1.5
      vertex 10.7832 59.9487 1.5
      vertex 11.5529 59.7956 1.5
    endloop
  endfacet
  facet normal 0 0 -1
    outer loop
      vertex 4.80385 57 1.5
      vertex 10.8036 54.709 1.5
      vertex 10.7478 54.4282 1.5
    endloop
  endfacet
  facet normal 0 0 -1
    outer loop
      vertex 4.20444 55.5529 1.5
      vertex 10.7478 54.4282 1.5
      vertex 10.7384 54.2858 1.5
    endloop
  endfacet
  facet normal 0 0 -1
    outer loop
      vertex 4.05133 54.7832 1.5
      vertex 10.7384 54.2858 1.5
      vertex 10.7197 54 1.5
    endloop
  endfacet
  facet normal -0 0 -1
    outer loop
      vertex 10.9694 52.7447 1.5
      vertex 5.75736 49.7574 1.5
      vertex 10.8773 53.0159 1.5
    endloop
  endfacet
  facet normal 0 0 -1
    outer loop
      vertex 11.6805 56.3195 1.5
      vertex 10 60 1.5
      vertex 10.7832 59.9487 1.5
    endloop
  endfacet
  facet normal -0 0 -1
    outer loop
      vertex 10.8773 53.0159 1.5
      vertex 5.75736 49.7574 1.5
      vertex 10.8315 53.151 1.5
    endloop
  endfacet
  facet normal 0 0 -1
    outer loop
      vertex 11.4916 56.1042 1.5
      vertex 9.21684 59.9487 1.5
      vertex 10 60 1.5
    endloop
  endfacet
  facet normal 0 0 -1
    outer loop
      vertex 5.23988 50.3474 1.5
      vertex 10.8315 53.151 1.5
      vertex 5.75736 49.7574 1.5
    endloop
  endfacet
  facet normal 0 0 -1
    outer loop
      vertex 11.3976 55.9969 1.5
      vertex 8.44709 59.7956 1.5
      vertex 9.21684 59.9487 1.5
    endloop
  endfacet
  facet normal 0 0 -1
    outer loop
      vertex 4.80385 51 1.5
      vertex 10.8315 53.151 1.5
      vertex 5.23988 50.3474 1.5
    endloop
  endfacet
  facet normal 0 0 -1
    outer loop
      vertex 11.1592 55.6402 1.5
      vertex 7.7039 59.5433 1.5
      vertex 8.44709 59.7956 1.5
    endloop
  endfacet
  facet normal -0 0 -1
    outer loop
      vertex 10.8315 53.151 1.5
      vertex 4.80385 51 1.5
      vertex 10.8036 53.291 1.5
    endloop
  endfacet
  facet normal 0 0 -1
    outer loop
      vertex 11.1592 55.6402 1.5
      vertex 7 59.1962 1.5
      vertex 7.7039 59.5433 1.5
    endloop
  endfacet
  facet normal -0 0 -1
    outer loop
      vertex 10.8036 53.291 1.5
      vertex 4.80385 51 1.5
      vertex 10.7478 53.5718 1.5
    endloop
  endfacet
  facet normal 0 0 -1
    outer loop
      vertex 10.9694 55.2553 1.5
      vertex 6.34743 58.7601 1.5
      vertex 7 59.1962 1.5
    endloop
  endfacet
  facet normal 0 0 -1
    outer loop
      vertex 4.45672 51.7039 1.5
      vertex 10.7478 53.5718 1.5
      vertex 4.80385 51 1.5
    endloop
  endfacet
  facet normal 0 0 -1
    outer loop
      vertex 10.9694 55.2553 1.5
      vertex 5.75736 58.2426 1.5
      vertex 6.34743 58.7601 1.5
    endloop
  endfacet
  facet normal 0 0 -1
    outer loop
      vertex 4.20444 52.4471 1.5
      vertex 10.7478 53.5718 1.5
      vertex 4.45672 51.7039 1.5
    endloop
  endfacet
  facet normal 0 0 -1
    outer loop
      vertex 10.8315 54.849 1.5
      vertex 5.23988 57.6526 1.5
      vertex 5.75736 58.2426 1.5
    endloop
  endfacet
  facet normal -0 0 -1
    outer loop
      vertex 10.7478 53.5718 1.5
      vertex 4.20444 52.4471 1.5
      vertex 10.7384 53.7142 1.5
    endloop
  endfacet
  facet normal 0 0 -1
    outer loop
      vertex 10.8315 54.849 1.5
      vertex 4.80385 57 1.5
      vertex 5.23988 57.6526 1.5
    endloop
  endfacet
  facet normal 0 0 -1
    outer loop
      vertex 4.05133 53.2168 1.5
      vertex 10.7384 53.7142 1.5
      vertex 4.20444 52.4471 1.5
    endloop
  endfacet
  facet normal 0 0 -1
    outer loop
      vertex 10.7478 54.4282 1.5
      vertex 4.45672 56.2961 1.5
      vertex 4.80385 57 1.5
    endloop
  endfacet
  facet normal -0 0 -1
    outer loop
      vertex 10.7384 53.7142 1.5
      vertex 4.05133 53.2168 1.5
      vertex 10.7197 54 1.5
    endloop
  endfacet
  facet normal 0 0 -1
    outer loop
      vertex 10.7478 54.4282 1.5
      vertex 4.20444 55.5529 1.5
      vertex 4.45672 56.2961 1.5
    endloop
  endfacet
  facet normal 0 0 -1
    outer loop
      vertex 4 54 1.5
      vertex 10.7197 54 1.5
      vertex 4.05133 53.2168 1.5
    endloop
  endfacet
  facet normal 0 0 -1
    outer loop
      vertex 10.7384 54.2858 1.5
      vertex 4.05133 54.7832 1.5
      vertex 4.20444 55.5529 1.5
    endloop
  endfacet
  facet normal 0 0 -1
    outer loop
      vertex 10.7197 54 1.5
      vertex 4 54 1.5
      vertex 4.05133 54.7832 1.5
    endloop
  endfacet
  facet normal 0.0653638 0.997862 -0
    outer loop
      vertex 10 48 0
      vertex 9.21684 48.0513 1.5
      vertex 10 48 1.5
    endloop
  endfacet
  facet normal 0.0653638 0.997862 0
    outer loop
      vertex 9.21684 48.0513 1.5
      vertex 10 48 0
      vertex 9.21684 48.0513 0
    endloop
  endfacet
  facet normal -0.98081 -0.194964 0
    outer loop
      vertex 137.949 54.7832 0
      vertex 137.796 55.5529 1.5
      vertex 137.796 55.5529 0
    endloop
  endfacet
  facet normal -0.98081 -0.194964 0
    outer loop
      vertex 137.796 55.5529 1.5
      vertex 137.949 54.7832 0
      vertex 137.949 54.7832 1.5
    endloop
  endfacet
  facet normal -0.997887 -0.0649798 0
    outer loop
      vertex 138 54 0
      vertex 137.949 54.7832 1.5
      vertex 137.949 54.7832 0
    endloop
  endfacet
  facet normal -0.997887 -0.0649798 0
    outer loop
      vertex 137.949 54.7832 1.5
      vertex 138 54 0
      vertex 138 54 1.5
    endloop
  endfacet
  facet normal -0.946652 -0.322259 0
    outer loop
      vertex 137.796 55.5529 0
      vertex 137.543 56.2961 1.5
      vertex 137.543 56.2961 0
    endloop
  endfacet
  facet normal -0.946652 -0.322259 0
    outer loop
      vertex 137.543 56.2961 1.5
      vertex 137.796 55.5529 0
      vertex 137.796 55.5529 1.5
    endloop
  endfacet
  facet normal 0.555376 -0.831599 0
    outer loop
      vertex 128.347 58.7601 0
      vertex 129 59.1962 1.5
      vertex 128.347 58.7601 1.5
    endloop
  endfacet
  facet normal 0.555376 -0.831599 0
    outer loop
      vertex 129 59.1962 1.5
      vertex 128.347 58.7601 0
      vertex 129 59.1962 0
    endloop
  endfacet
  facet normal 0.321537 -0.946897 0
    outer loop
      vertex 129.704 59.5433 0
      vertex 130.447 59.7956 1.5
      vertex 129.704 59.5433 1.5
    endloop
  endfacet
  facet normal 0.321537 -0.946897 0
    outer loop
      vertex 130.447 59.7956 1.5
      vertex 129.704 59.5433 0
      vertex 130.447 59.7956 0
    endloop
  endfacet
  facet normal -0.659406 0.751787 0
    outer loop
      vertex 136.243 49.7574 0
      vertex 135.653 49.2399 1.5
      vertex 136.243 49.7574 1.5
    endloop
  endfacet
  facet normal -0.659406 0.751787 0
    outer loop
      vertex 135.653 49.2399 1.5
      vertex 136.243 49.7574 0
      vertex 135.653 49.2399 0
    endloop
  endfacet
  facet normal 0.321537 0.946897 -0
    outer loop
      vertex 130.447 48.2044 0
      vertex 129.704 48.4567 1.5
      vertex 130.447 48.2044 1.5
    endloop
  endfacet
  facet normal 0.321537 0.946897 0
    outer loop
      vertex 129.704 48.4567 1.5
      vertex 130.447 48.2044 0
      vertex 129.704 48.4567 0
    endloop
  endfacet
  facet normal -0.896936 -0.44216 0
    outer loop
      vertex 137.543 56.2961 0
      vertex 137.196 57 1.5
      vertex 137.196 57 0
    endloop
  endfacet
  facet normal -0.896936 -0.44216 0
    outer loop
      vertex 137.196 57 1.5
      vertex 137.543 56.2961 0
      vertex 137.543 56.2961 1.5
    endloop
  endfacet
  facet normal -0.442212 -0.89691 0
    outer loop
      vertex 134.296 59.5433 0
      vertex 135 59.1962 1.5
      vertex 134.296 59.5433 1.5
    endloop
  endfacet
  facet normal -0.442212 -0.89691 -0
    outer loop
      vertex 135 59.1962 1.5
      vertex 134.296 59.5433 0
      vertex 135 59.1962 0
    endloop
  endfacet
  facet normal 0.752138 -0.659006 0
    outer loop
      vertex 127.515 57.9664 0.315489
      vertex 127.757 58.2426 0
      vertex 127.757 58.2426 1.5
    endloop
  endfacet
  facet normal 0.753275 -0.657703 0.00201305
    outer loop
      vertex 127.757 58.2426 0
      vertex 127.515 57.9664 0.315489
      vertex 127.693 58.1693 0
    endloop
  endfacet
  facet normal 0.755237 -0.65545 -0.00146217
    outer loop
      vertex 127.757 58.2426 1.5
      vertex 127.483 57.9294 0.372993
      vertex 127.515 57.9664 0.315489
    endloop
  endfacet
  facet normal 0.752103 -0.659046 0
    outer loop
      vertex 127.24 57.6526 0.743675
      vertex 127.757 58.2426 1.5
      vertex 127.24 57.6526 1.5
    endloop
  endfacet
  facet normal 0.751807 -0.659383 0.000464377
    outer loop
      vertex 127.757 58.2426 1.5
      vertex 127.24 57.6526 0.743675
      vertex 127.483 57.9294 0.372993
    endloop
  endfacet
  facet normal 0.442212 0.89691 -0
    outer loop
      vertex 129.704 48.4567 0
      vertex 129 48.8038 1.5
      vertex 129.704 48.4567 1.5
    endloop
  endfacet
  facet normal 0.442212 0.89691 0
    outer loop
      vertex 129 48.8038 1.5
      vertex 129.704 48.4567 0
      vertex 129 48.8038 0
    endloop
  endfacet
  facet normal 0.752103 0.659046 0
    outer loop
      vertex 127.757 49.7574 1.5
      vertex 127.24 50.3474 0.743673
      vertex 127.24 50.3474 1.5
    endloop
  endfacet
  facet normal 0.751807 0.659383 0.000464377
    outer loop
      vertex 127.24 50.3474 0.743673
      vertex 127.757 49.7574 1.5
      vertex 127.483 50.0706 0.372992
    endloop
  endfacet
  facet normal 0.755237 0.65545 -0.00146217
    outer loop
      vertex 127.483 50.0706 0.372992
      vertex 127.757 49.7574 1.5
      vertex 127.515 50.0336 0.315488
    endloop
  endfacet
  facet normal 0.752138 0.659006 -0
    outer loop
      vertex 127.757 49.7574 0
      vertex 127.515 50.0336 0.315488
      vertex 127.757 49.7574 1.5
    endloop
  endfacet
  facet normal 0.753275 0.657703 0.00201305
    outer loop
      vertex 127.515 50.0336 0.315488
      vertex 127.757 49.7574 0
      vertex 127.693 49.8307 0
    endloop
  endfacet
  facet normal -0.321537 0.946897 0
    outer loop
      vertex 134.296 48.4567 0
      vertex 133.553 48.2044 1.5
      vertex 134.296 48.4567 1.5
    endloop
  endfacet
  facet normal -0.321537 0.946897 0
    outer loop
      vertex 133.553 48.2044 1.5
      vertex 134.296 48.4567 0
      vertex 133.553 48.2044 0
    endloop
  endfacet
  facet normal -0.98081 0.194964 0
    outer loop
      vertex 137.796 52.4471 0
      vertex 137.949 53.2168 1.5
      vertex 137.949 53.2168 0
    endloop
  endfacet
  facet normal -0.98081 0.194964 0
    outer loop
      vertex 137.949 53.2168 1.5
      vertex 137.796 52.4471 0
      vertex 137.796 52.4471 1.5
    endloop
  endfacet
  facet normal 0.831613 0.555353 -0.00180875
    outer loop
      vertex 127.24 50.3474 1.5
      vertex 126.996 50.7119 1.23056
      vertex 126.848 50.9344 1.5
    endloop
  endfacet
  facet normal 0.830654 0.556787 0.00099945
    outer loop
      vertex 126.996 50.7119 1.23056
      vertex 127.24 50.3474 1.5
      vertex 127.084 50.5809 1.07202
    endloop
  endfacet
  facet normal 0.830811 0.556554 0.000815354
    outer loop
      vertex 127.24 50.3474 1.5
      vertex 127.152 50.4796 0.929531
      vertex 127.084 50.5809 1.07202
    endloop
  endfacet
  facet normal 0.832438 0.554119 0
    outer loop
      vertex 127.152 50.4796 0.929531
      vertex 127.24 50.3474 1.5
      vertex 127.24 50.3474 0.743673
    endloop
  endfacet
  facet normal 0.0653771 -0.997861 0
    outer loop
      vertex 131.217 59.9487 0
      vertex 132 60 1.5
      vertex 131.217 59.9487 1.5
    endloop
  endfacet
  facet normal 0.0653771 -0.997861 0
    outer loop
      vertex 132 60 1.5
      vertex 131.217 59.9487 0
      vertex 132 60 0
    endloop
  endfacet
  facet normal 0.659406 0.751787 -0
    outer loop
      vertex 128.347 49.2399 0
      vertex 127.757 49.7574 1.5
      vertex 128.347 49.2399 1.5
    endloop
  endfacet
  facet normal 0.659406 0.751787 0
    outer loop
      vertex 127.757 49.7574 1.5
      vertex 128.347 49.2399 0
      vertex 127.757 49.7574 0
    endloop
  endfacet
  facet normal -0.555376 -0.831599 0
    outer loop
      vertex 135 59.1962 0
      vertex 135.653 58.7601 1.5
      vertex 135 59.1962 1.5
    endloop
  endfacet
  facet normal -0.555376 -0.831599 -0
    outer loop
      vertex 135.653 58.7601 1.5
      vertex 135 59.1962 0
      vertex 135.653 58.7601 0
    endloop
  endfacet
  facet normal -0.946652 0.322259 0
    outer loop
      vertex 137.543 51.7039 0
      vertex 137.796 52.4471 1.5
      vertex 137.796 52.4471 0
    endloop
  endfacet
  facet normal -0.946652 0.322259 0
    outer loop
      vertex 137.796 52.4471 1.5
      vertex 137.543 51.7039 0
      vertex 137.543 51.7039 1.5
    endloop
  endfacet
  facet normal -0.442212 0.89691 0
    outer loop
      vertex 135 48.8038 0
      vertex 134.296 48.4567 1.5
      vertex 135 48.8038 1.5
    endloop
  endfacet
  facet normal -0.442212 0.89691 0
    outer loop
      vertex 134.296 48.4567 1.5
      vertex 135 48.8038 0
      vertex 134.296 48.4567 0
    endloop
  endfacet
  facet normal -0.195014 0.980801 0
    outer loop
      vertex 133.553 48.2044 0
      vertex 132.783 48.0513 1.5
      vertex 133.553 48.2044 1.5
    endloop
  endfacet
  facet normal -0.195014 0.980801 0
    outer loop
      vertex 132.783 48.0513 1.5
      vertex 133.553 48.2044 0
      vertex 132.783 48.0513 0
    endloop
  endfacet
  facet normal 0.0653771 0.997861 -0
    outer loop
      vertex 132 48 0
      vertex 131.217 48.0513 1.5
      vertex 132 48 1.5
    endloop
  endfacet
  facet normal 0.0653771 0.997861 0
    outer loop
      vertex 131.217 48.0513 1.5
      vertex 132 48 0
      vertex 131.217 48.0513 0
    endloop
  endfacet
  facet normal 0 0 -1
    outer loop
      vertex 131.28 54 1.5
      vertex 138 54 1.5
      vertex 137.949 53.2168 1.5
    endloop
  endfacet
  facet normal 0 0 -1
    outer loop
      vertex 131.262 53.7142 1.5
      vertex 137.949 53.2168 1.5
      vertex 137.796 52.4471 1.5
    endloop
  endfacet
  facet normal 0 0 -1
    outer loop
      vertex 138 54 1.5
      vertex 131.28 54 1.5
      vertex 137.949 54.7832 1.5
    endloop
  endfacet
  facet normal 0 0 -1
    outer loop
      vertex 131.252 53.5718 1.5
      vertex 137.796 52.4471 1.5
      vertex 137.543 51.7039 1.5
    endloop
  endfacet
  facet normal 0 0 -1
    outer loop
      vertex 131.262 54.2858 1.5
      vertex 137.949 54.7832 1.5
      vertex 131.28 54 1.5
    endloop
  endfacet
  facet normal 0 0 -1
    outer loop
      vertex 131.252 53.5718 1.5
      vertex 137.543 51.7039 1.5
      vertex 137.196 51 1.5
    endloop
  endfacet
  facet normal -0 0 -1
    outer loop
      vertex 137.949 54.7832 1.5
      vertex 131.262 54.2858 1.5
      vertex 137.796 55.5529 1.5
    endloop
  endfacet
  facet normal 0 0 -1
    outer loop
      vertex 131.169 53.151 1.5
      vertex 137.196 51 1.5
      vertex 136.76 50.3474 1.5
    endloop
  endfacet
  facet normal 0 0 -1
    outer loop
      vertex 131.252 54.4282 1.5
      vertex 137.796 55.5529 1.5
      vertex 131.262 54.2858 1.5
    endloop
  endfacet
  facet normal 0 0 -1
    outer loop
      vertex 131.169 53.151 1.5
      vertex 136.76 50.3474 1.5
      vertex 136.243 49.7574 1.5
    endloop
  endfacet
  facet normal -0 0 -1
    outer loop
      vertex 137.796 55.5529 1.5
      vertex 131.252 54.4282 1.5
      vertex 137.543 56.2961 1.5
    endloop
  endfacet
  facet normal 0 0 -1
    outer loop
      vertex 131.031 52.7447 1.5
      vertex 136.243 49.7574 1.5
      vertex 135.653 49.2399 1.5
    endloop
  endfacet
  facet normal -0 0 -1
    outer loop
      vertex 137.543 56.2961 1.5
      vertex 131.252 54.4282 1.5
      vertex 137.196 57 1.5
    endloop
  endfacet
  facet normal 0 0 -1
    outer loop
      vertex 131.031 52.7447 1.5
      vertex 135.653 49.2399 1.5
      vertex 135 48.8038 1.5
    endloop
  endfacet
  facet normal 0 0 -1
    outer loop
      vertex 131.196 54.709 1.5
      vertex 137.196 57 1.5
      vertex 131.252 54.4282 1.5
    endloop
  endfacet
  facet normal 0 0 -1
    outer loop
      vertex 130.841 52.3598 1.5
      vertex 135 48.8038 1.5
      vertex 134.296 48.4567 1.5
    endloop
  endfacet
  facet normal 0 0 -1
    outer loop
      vertex 131.169 54.849 1.5
      vertex 137.196 57 1.5
      vertex 131.196 54.709 1.5
    endloop
  endfacet
  facet normal 0 0 -1
    outer loop
      vertex 130.841 52.3598 1.5
      vertex 134.296 48.4567 1.5
      vertex 133.553 48.2044 1.5
    endloop
  endfacet
  facet normal -0 0 -1
    outer loop
      vertex 137.196 57 1.5
      vertex 131.169 54.849 1.5
      vertex 136.76 57.6526 1.5
    endloop
  endfacet
  facet normal 0 0 -1
    outer loop
      vertex 130.602 52.0031 1.5
      vertex 133.553 48.2044 1.5
      vertex 132.783 48.0513 1.5
    endloop
  endfacet
  facet normal -0 0 -1
    outer loop
      vertex 136.76 57.6526 1.5
      vertex 131.169 54.849 1.5
      vertex 136.243 58.2426 1.5
    endloop
  endfacet
  facet normal 0 0 -1
    outer loop
      vertex 130.508 51.8958 1.5
      vertex 132.783 48.0513 1.5
      vertex 132 48 1.5
    endloop
  endfacet
  facet normal 0 0 -1
    outer loop
      vertex 131.123 54.9841 1.5
      vertex 136.243 58.2426 1.5
      vertex 131.169 54.849 1.5
    endloop
  endfacet
  facet normal 0 0 -1
    outer loop
      vertex 131.031 55.2553 1.5
      vertex 136.243 58.2426 1.5
      vertex 131.123 54.9841 1.5
    endloop
  endfacet
  facet normal 0 0 -1
    outer loop
      vertex 137.949 53.2168 1.5
      vertex 131.262 53.7142 1.5
      vertex 131.28 54 1.5
    endloop
  endfacet
  facet normal 0 0 -1
    outer loop
      vertex 137.796 52.4471 1.5
      vertex 131.252 53.5718 1.5
      vertex 131.262 53.7142 1.5
    endloop
  endfacet
  facet normal 0 0 -1
    outer loop
      vertex 130.32 51.6805 1.5
      vertex 132 48 1.5
      vertex 131.217 48.0513 1.5
    endloop
  endfacet
  facet normal 0 0 -1
    outer loop
      vertex 137.196 51 1.5
      vertex 131.196 53.291 1.5
      vertex 131.252 53.5718 1.5
    endloop
  endfacet
  facet normal 0 0 -1
    outer loop
      vertex 137.196 51 1.5
      vertex 131.169 53.151 1.5
      vertex 131.196 53.291 1.5
    endloop
  endfacet
  facet normal 0 0 -1
    outer loop
      vertex 136.243 49.7574 1.5
      vertex 131.123 53.0159 1.5
      vertex 131.169 53.151 1.5
    endloop
  endfacet
  facet normal 0 0 -1
    outer loop
      vertex 136.243 49.7574 1.5
      vertex 131.031 52.7447 1.5
      vertex 131.123 53.0159 1.5
    endloop
  endfacet
  facet normal 0 0 -1
    outer loop
      vertex 135 48.8038 1.5
      vertex 130.967 52.6167 1.5
      vertex 131.031 52.7447 1.5
    endloop
  endfacet
  facet normal 0 0 -1
    outer loop
      vertex 135 48.8038 1.5
      vertex 130.841 52.3598 1.5
      vertex 130.967 52.6167 1.5
    endloop
  endfacet
  facet normal 0 0 -1
    outer loop
      vertex 133.553 48.2044 1.5
      vertex 130.762 52.2412 1.5
      vertex 130.841 52.3598 1.5
    endloop
  endfacet
  facet normal 0 0 -1
    outer loop
      vertex 133.553 48.2044 1.5
      vertex 130.602 52.0031 1.5
      vertex 130.762 52.2412 1.5
    endloop
  endfacet
  facet normal 0 0 -1
    outer loop
      vertex 132.783 48.0513 1.5
      vertex 130.508 51.8958 1.5
      vertex 130.602 52.0031 1.5
    endloop
  endfacet
  facet normal 0 0 -1
    outer loop
      vertex 129.997 51.3976 1.5
      vertex 131.217 48.0513 1.5
      vertex 130.447 48.2044 1.5
    endloop
  endfacet
  facet normal 0 0 -1
    outer loop
      vertex 132 48 1.5
      vertex 130.32 51.6805 1.5
      vertex 130.508 51.8958 1.5
    endloop
  endfacet
  facet normal 0 0 -1
    outer loop
      vertex 131.217 48.0513 1.5
      vertex 130.104 51.4916 1.5
      vertex 130.32 51.6805 1.5
    endloop
  endfacet
  facet normal 0 0 -1
    outer loop
      vertex 131.217 48.0513 1.5
      vertex 129.997 51.3976 1.5
      vertex 130.104 51.4916 1.5
    endloop
  endfacet
  facet normal 0 0 -1
    outer loop
      vertex 130.447 48.2044 1.5
      vertex 129.759 51.2385 1.5
      vertex 129.997 51.3976 1.5
    endloop
  endfacet
  facet normal 0 0 -1
    outer loop
      vertex 129.64 51.1592 1.5
      vertex 130.447 48.2044 1.5
      vertex 129.704 48.4567 1.5
    endloop
  endfacet
  facet normal 0 0 -1
    outer loop
      vertex 130.447 48.2044 1.5
      vertex 129.64 51.1592 1.5
      vertex 129.759 51.2385 1.5
    endloop
  endfacet
  facet normal 0 0 -1
    outer loop
      vertex 129.704 48.4567 1.5
      vertex 129.383 51.0325 1.5
      vertex 129.64 51.1592 1.5
    endloop
  endfacet
  facet normal 0 0 -1
    outer loop
      vertex 129.704 48.4567 1.5
      vertex 129.255 50.9694 1.5
      vertex 129.383 51.0325 1.5
    endloop
  endfacet
  facet normal 0 0 -1
    outer loop
      vertex 129 48.8038 1.5
      vertex 129.255 50.9694 1.5
      vertex 129.704 48.4567 1.5
    endloop
  endfacet
  facet normal 0 0 -1
    outer loop
      vertex 129 48.8038 1.5
      vertex 128.984 50.8773 1.5
      vertex 129.255 50.9694 1.5
    endloop
  endfacet
  facet normal 0 0 -1
    outer loop
      vertex 129 48.8038 1.5
      vertex 128.849 50.8315 1.5
      vertex 128.984 50.8773 1.5
    endloop
  endfacet
  facet normal 0 0 -1
    outer loop
      vertex 128.347 49.2399 1.5
      vertex 128.849 50.8315 1.5
      vertex 129 48.8038 1.5
    endloop
  endfacet
  facet normal 0 0 -1
    outer loop
      vertex 128.849 50.8315 1.5
      vertex 128.347 49.2399 1.5
      vertex 128.709 50.8036 1.5
    endloop
  endfacet
  facet normal 0 0 -1
    outer loop
      vertex 128.709 50.8036 1.5
      vertex 128.347 49.2399 1.5
      vertex 128.428 50.7478 1.5
    endloop
  endfacet
  facet normal 0 0 -1
    outer loop
      vertex 127.757 49.7574 1.5
      vertex 128.428 50.7478 1.5
      vertex 128.347 49.2399 1.5
    endloop
  endfacet
  facet normal 0 0 -1
    outer loop
      vertex 128.428 50.7478 1.5
      vertex 127.757 49.7574 1.5
      vertex 128.286 50.7384 1.5
    endloop
  endfacet
  facet normal 0 0 -1
    outer loop
      vertex 128.286 50.7384 1.5
      vertex 127.757 49.7574 1.5
      vertex 128 50.7197 1.5
    endloop
  endfacet
  facet normal 0 0 -1
    outer loop
      vertex 127.757 49.7574 1.5
      vertex 127.714 50.7384 1.5
      vertex 128 50.7197 1.5
    endloop
  endfacet
  facet normal 0 0 -1
    outer loop
      vertex 127.24 50.3474 1.5
      vertex 127.714 50.7384 1.5
      vertex 127.757 49.7574 1.5
    endloop
  endfacet
  facet normal -0 0 -1
    outer loop
      vertex 127.714 50.7384 1.5
      vertex 127.24 50.3474 1.5
      vertex 127.572 50.7478 1.5
    endloop
  endfacet
  facet normal -0 0 -1
    outer loop
      vertex 127.572 50.7478 1.5
      vertex 127.24 50.3474 1.5
      vertex 127.291 50.8036 1.5
    endloop
  endfacet
  facet normal 0 0 -1
    outer loop
      vertex 127.24 50.3474 1.5
      vertex 127.151 50.8315 1.5
      vertex 127.291 50.8036 1.5
    endloop
  endfacet
  facet normal 0 0 -1
    outer loop
      vertex 127.24 50.3474 1.5
      vertex 127.016 50.8773 1.5
      vertex 127.151 50.8315 1.5
    endloop
  endfacet
  facet normal -0 -0 -1
    outer loop
      vertex 127.016 50.8773 1.5
      vertex 127.24 50.3474 1.5
      vertex 126.848 50.9344 1.5
    endloop
  endfacet
  facet normal -0 0 -1
    outer loop
      vertex 136.243 58.2426 1.5
      vertex 131.031 55.2553 1.5
      vertex 135.653 58.7601 1.5
    endloop
  endfacet
  facet normal -0 0 -1
    outer loop
      vertex 135.653 58.7601 1.5
      vertex 131.031 55.2553 1.5
      vertex 135 59.1962 1.5
    endloop
  endfacet
  facet normal 0 0 -1
    outer loop
      vertex 130.967 55.3833 1.5
      vertex 135 59.1962 1.5
      vertex 131.031 55.2553 1.5
    endloop
  endfacet
  facet normal 0 0 -1
    outer loop
      vertex 130.841 55.6402 1.5
      vertex 135 59.1962 1.5
      vertex 130.967 55.3833 1.5
    endloop
  endfacet
  facet normal -0 0 -1
    outer loop
      vertex 135 59.1962 1.5
      vertex 130.841 55.6402 1.5
      vertex 134.296 59.5433 1.5
    endloop
  endfacet
  facet normal -0 0 -1
    outer loop
      vertex 134.296 59.5433 1.5
      vertex 130.841 55.6402 1.5
      vertex 133.553 59.7956 1.5
    endloop
  endfacet
  facet normal 0 0 -1
    outer loop
      vertex 130.762 55.7588 1.5
      vertex 133.553 59.7956 1.5
      vertex 130.841 55.6402 1.5
    endloop
  endfacet
  facet normal 0 0 -1
    outer loop
      vertex 130.602 55.9969 1.5
      vertex 133.553 59.7956 1.5
      vertex 130.762 55.7588 1.5
    endloop
  endfacet
  facet normal -0 0 -1
    outer loop
      vertex 133.553 59.7956 1.5
      vertex 130.602 55.9969 1.5
      vertex 132.783 59.9487 1.5
    endloop
  endfacet
  facet normal 0 0 -1
    outer loop
      vertex 130.508 56.1042 1.5
      vertex 132.783 59.9487 1.5
      vertex 130.602 55.9969 1.5
    endloop
  endfacet
  facet normal -0 0 -1
    outer loop
      vertex 132.783 59.9487 1.5
      vertex 130.508 56.1042 1.5
      vertex 132 60 1.5
    endloop
  endfacet
  facet normal 0 0 -1
    outer loop
      vertex 130.32 56.3195 1.5
      vertex 132 60 1.5
      vertex 130.508 56.1042 1.5
    endloop
  endfacet
  facet normal 0 0 -1
    outer loop
      vertex 132 60 1.5
      vertex 130.32 56.3195 1.5
      vertex 131.217 59.9487 1.5
    endloop
  endfacet
  facet normal 0 0 -1
    outer loop
      vertex 130.104 56.5084 1.5
      vertex 131.217 59.9487 1.5
      vertex 130.32 56.3195 1.5
    endloop
  endfacet
  facet normal 0 0 -1
    outer loop
      vertex 129.997 56.6024 1.5
      vertex 131.217 59.9487 1.5
      vertex 130.104 56.5084 1.5
    endloop
  endfacet
  facet normal 0 0 -1
    outer loop
      vertex 131.217 59.9487 1.5
      vertex 129.997 56.6024 1.5
      vertex 130.447 59.7956 1.5
    endloop
  endfacet
  facet normal 0 0 -1
    outer loop
      vertex 129.759 56.7615 1.5
      vertex 130.447 59.7956 1.5
      vertex 129.997 56.6024 1.5
    endloop
  endfacet
  facet normal 0 0 -1
    outer loop
      vertex 129.64 56.8408 1.5
      vertex 130.447 59.7956 1.5
      vertex 129.759 56.7615 1.5
    endloop
  endfacet
  facet normal 0 0 -1
    outer loop
      vertex 130.447 59.7956 1.5
      vertex 129.64 56.8408 1.5
      vertex 129.704 59.5433 1.5
    endloop
  endfacet
  facet normal 0 0 -1
    outer loop
      vertex 129.383 56.9675 1.5
      vertex 129.704 59.5433 1.5
      vertex 129.64 56.8408 1.5
    endloop
  endfacet
  facet normal 0 0 -1
    outer loop
      vertex 129.255 57.0306 1.5
      vertex 129.704 59.5433 1.5
      vertex 129.383 56.9675 1.5
    endloop
  endfacet
  facet normal 0 0 -1
    outer loop
      vertex 129.255 57.0306 1.5
      vertex 129 59.1962 1.5
      vertex 129.704 59.5433 1.5
    endloop
  endfacet
  facet normal 0 0 -1
    outer loop
      vertex 128.984 57.1227 1.5
      vertex 129 59.1962 1.5
      vertex 129.255 57.0306 1.5
    endloop
  endfacet
  facet normal 0 0 -1
    outer loop
      vertex 128.849 57.1685 1.5
      vertex 129 59.1962 1.5
      vertex 128.984 57.1227 1.5
    endloop
  endfacet
  facet normal 0 0 -1
    outer loop
      vertex 128.347 58.7601 1.5
      vertex 128.849 57.1685 1.5
      vertex 128.709 57.1964 1.5
    endloop
  endfacet
  facet normal 0 0 -1
    outer loop
      vertex 128.347 58.7601 1.5
      vertex 128.709 57.1964 1.5
      vertex 128.428 57.2522 1.5
    endloop
  endfacet
  facet normal 0 0 -1
    outer loop
      vertex 128.849 57.1685 1.5
      vertex 128.347 58.7601 1.5
      vertex 129 59.1962 1.5
    endloop
  endfacet
  facet normal 0 0 -1
    outer loop
      vertex 127.757 58.2426 1.5
      vertex 128.428 57.2522 1.5
      vertex 128.286 57.2616 1.5
    endloop
  endfacet
  facet normal 0 0 -1
    outer loop
      vertex 127.757 58.2426 1.5
      vertex 128.286 57.2616 1.5
      vertex 128 57.2803 1.5
    endloop
  endfacet
  facet normal 0 0 -1
    outer loop
      vertex 128.428 57.2522 1.5
      vertex 127.757 58.2426 1.5
      vertex 128.347 58.7601 1.5
    endloop
  endfacet
  facet normal 0 0 -1
    outer loop
      vertex 127.714 57.2616 1.5
      vertex 127.757 58.2426 1.5
      vertex 128 57.2803 1.5
    endloop
  endfacet
  facet normal 0 0 -1
    outer loop
      vertex 127.24 57.6526 1.5
      vertex 127.714 57.2616 1.5
      vertex 127.572 57.2522 1.5
    endloop
  endfacet
  facet normal 0 0 -1
    outer loop
      vertex 127.24 57.6526 1.5
      vertex 127.572 57.2522 1.5
      vertex 127.291 57.1964 1.5
    endloop
  endfacet
  facet normal 0 0 -1
    outer loop
      vertex 127.714 57.2616 1.5
      vertex 127.24 57.6526 1.5
      vertex 127.757 58.2426 1.5
    endloop
  endfacet
  facet normal 0 0 -1
    outer loop
      vertex 127.151 57.1685 1.5
      vertex 127.24 57.6526 1.5
      vertex 127.291 57.1964 1.5
    endloop
  endfacet
  facet normal 0 0 -1
    outer loop
      vertex 127.016 57.1227 1.5
      vertex 127.24 57.6526 1.5
      vertex 127.151 57.1685 1.5
    endloop
  endfacet
  facet normal 0 0 -1
    outer loop
      vertex 127.24 57.6526 1.5
      vertex 127.016 57.1227 1.5
      vertex 126.848 57.0656 1.5
    endloop
  endfacet
  facet normal -0.831501 -0.555523 0
    outer loop
      vertex 137.196 57 0
      vertex 136.76 57.6526 1.5
      vertex 136.76 57.6526 0
    endloop
  endfacet
  facet normal -0.831501 -0.555523 0
    outer loop
      vertex 136.76 57.6526 1.5
      vertex 137.196 57 0
      vertex 137.196 57 1.5
    endloop
  endfacet
  facet normal -0.321537 -0.946897 0
    outer loop
      vertex 133.553 59.7956 0
      vertex 134.296 59.5433 1.5
      vertex 133.553 59.7956 1.5
    endloop
  endfacet
  facet normal -0.321537 -0.946897 -0
    outer loop
      vertex 134.296 59.5433 1.5
      vertex 133.553 59.7956 0
      vertex 134.296 59.5433 0
    endloop
  endfacet
  facet normal 0.195014 -0.980801 0
    outer loop
      vertex 130.447 59.7956 0
      vertex 131.217 59.9487 1.5
      vertex 130.447 59.7956 1.5
    endloop
  endfacet
  facet normal 0.195014 -0.980801 0
    outer loop
      vertex 131.217 59.9487 1.5
      vertex 130.447 59.7956 0
      vertex 131.217 59.9487 0
    endloop
  endfacet
  facet normal -0.752103 -0.659046 0
    outer loop
      vertex 136.76 57.6526 0
      vertex 136.243 58.2426 1.5
      vertex 136.243 58.2426 0
    endloop
  endfacet
  facet normal -0.752103 -0.659046 0
    outer loop
      vertex 136.243 58.2426 1.5
      vertex 136.76 57.6526 0
      vertex 136.76 57.6526 1.5
    endloop
  endfacet
  facet normal -0.997887 0.0649798 0
    outer loop
      vertex 137.949 53.2168 0
      vertex 138 54 1.5
      vertex 138 54 0
    endloop
  endfacet
  facet normal -0.997887 0.0649798 0
    outer loop
      vertex 138 54 1.5
      vertex 137.949 53.2168 0
      vertex 137.949 53.2168 1.5
    endloop
  endfacet
  facet normal -0.659406 -0.751787 0
    outer loop
      vertex 135.653 58.7601 0
      vertex 136.243 58.2426 1.5
      vertex 135.653 58.7601 1.5
    endloop
  endfacet
  facet normal -0.659406 -0.751787 -0
    outer loop
      vertex 136.243 58.2426 1.5
      vertex 135.653 58.7601 0
      vertex 136.243 58.2426 0
    endloop
  endfacet
  facet normal -0.896936 0.44216 0
    outer loop
      vertex 137.196 51 0
      vertex 137.543 51.7039 1.5
      vertex 137.543 51.7039 0
    endloop
  endfacet
  facet normal -0.896936 0.44216 0
    outer loop
      vertex 137.543 51.7039 1.5
      vertex 137.196 51 0
      vertex 137.196 51 1.5
    endloop
  endfacet
  facet normal -0.555376 0.831599 0
    outer loop
      vertex 135.653 49.2399 0
      vertex 135 48.8038 1.5
      vertex 135.653 49.2399 1.5
    endloop
  endfacet
  facet normal -0.555376 0.831599 0
    outer loop
      vertex 135 48.8038 1.5
      vertex 135.653 49.2399 0
      vertex 135 48.8038 0
    endloop
  endfacet
  facet normal 0.555376 0.831599 -0
    outer loop
      vertex 129 48.8038 0
      vertex 128.347 49.2399 1.5
      vertex 129 48.8038 1.5
    endloop
  endfacet
  facet normal 0.555376 0.831599 0
    outer loop
      vertex 128.347 49.2399 1.5
      vertex 129 48.8038 0
      vertex 128.347 49.2399 0
    endloop
  endfacet
  facet normal 0.442212 -0.89691 0
    outer loop
      vertex 129 59.1962 0
      vertex 129.704 59.5433 1.5
      vertex 129 59.1962 1.5
    endloop
  endfacet
  facet normal 0.442212 -0.89691 0
    outer loop
      vertex 129.704 59.5433 1.5
      vertex 129 59.1962 0
      vertex 129.704 59.5433 0
    endloop
  endfacet
  facet normal 0.832438 -0.554119 0
    outer loop
      vertex 127.24 57.6526 1.5
      vertex 127.152 57.5204 0.929532
      vertex 127.24 57.6526 0.743675
    endloop
  endfacet
  facet normal 0.830811 -0.556554 0.000815357
    outer loop
      vertex 127.24 57.6526 1.5
      vertex 127.084 57.4191 1.07202
      vertex 127.152 57.5204 0.929532
    endloop
  endfacet
  facet normal 0.830654 -0.556787 0.00099945
    outer loop
      vertex 127.24 57.6526 1.5
      vertex 126.996 57.2881 1.23056
      vertex 127.084 57.4191 1.07202
    endloop
  endfacet
  facet normal 0.831613 -0.555353 -0.00180875
    outer loop
      vertex 126.996 57.2881 1.23056
      vertex 127.24 57.6526 1.5
      vertex 126.848 57.0656 1.5
    endloop
  endfacet
  facet normal -0.752103 0.659046 0
    outer loop
      vertex 136.243 49.7574 0
      vertex 136.76 50.3474 1.5
      vertex 136.76 50.3474 0
    endloop
  endfacet
  facet normal -0.752103 0.659046 0
    outer loop
      vertex 136.76 50.3474 1.5
      vertex 136.243 49.7574 0
      vertex 136.243 49.7574 1.5
    endloop
  endfacet
  facet normal -0.0653771 0.997861 0
    outer loop
      vertex 132.783 48.0513 0
      vertex 132 48 1.5
      vertex 132.783 48.0513 1.5
    endloop
  endfacet
  facet normal -0.0653771 0.997861 0
    outer loop
      vertex 132 48 1.5
      vertex 132.783 48.0513 0
      vertex 132 48 0
    endloop
  endfacet
  facet normal 0.195014 0.980801 -0
    outer loop
      vertex 131.217 48.0513 0
      vertex 130.447 48.2044 1.5
      vertex 131.217 48.0513 1.5
    endloop
  endfacet
  facet normal 0.195014 0.980801 0
    outer loop
      vertex 130.447 48.2044 1.5
      vertex 131.217 48.0513 0
      vertex 130.447 48.2044 0
    endloop
  endfacet
  facet normal -0.831501 0.555523 0
    outer loop
      vertex 136.76 50.3474 0
      vertex 137.196 51 1.5
      vertex 137.196 51 0
    endloop
  endfacet
  facet normal -0.831501 0.555523 0
    outer loop
      vertex 137.196 51 1.5
      vertex 136.76 50.3474 0
      vertex 136.76 50.3474 1.5
    endloop
  endfacet
  facet normal -0.0653771 -0.997861 0
    outer loop
      vertex 132 60 0
      vertex 132.783 59.9487 1.5
      vertex 132 60 1.5
    endloop
  endfacet
  facet normal -0.0653771 -0.997861 -0
    outer loop
      vertex 132.783 59.9487 1.5
      vertex 132 60 0
      vertex 132.783 59.9487 0
    endloop
  endfacet
  facet normal -0.195014 -0.980801 0
    outer loop
      vertex 132.783 59.9487 0
      vertex 133.553 59.7956 1.5
      vertex 132.783 59.9487 1.5
    endloop
  endfacet
  facet normal -0.195014 -0.980801 -0
    outer loop
      vertex 133.553 59.7956 1.5
      vertex 132.783 59.9487 0
      vertex 133.553 59.7956 0
    endloop
  endfacet
  facet normal 0.659406 -0.751787 0
    outer loop
      vertex 127.757 58.2426 0
      vertex 128.347 58.7601 1.5
      vertex 127.757 58.2426 1.5
    endloop
  endfacet
  facet normal 0.659406 -0.751787 0
    outer loop
      vertex 128.347 58.7601 1.5
      vertex 127.757 58.2426 0
      vertex 128.347 58.7601 0
    endloop
  endfacet
  facet normal -0.442327 -0.896854 0
    outer loop
      vertex 2.5 40.6699 0
      vertex 3.08658 40.3806 8
      vertex 2.5 40.6699 8
    endloop
  endfacet
  facet normal -0.442327 -0.896854 -0
    outer loop
      vertex 3.08658 40.3806 8
      vertex 2.5 40.6699 0
      vertex 3.08658 40.3806 0
    endloop
  endfacet
  facet normal -0.0654402 0.997856 0
    outer loop
      vertex 5 68 0
      vertex 4.34737 67.9572 8
      vertex 5 68 8
    endloop
  endfacet
  facet normal -0.0654402 0.997856 0
    outer loop
      vertex 4.34737 67.9572 8
      vertex 5 68 0
      vertex 4.34737 67.9572 0
    endloop
  endfacet
  facet normal 0.195233 -0.980757 0
    outer loop
      vertex 137.653 40.0428 0
      vertex 138.294 40.1704 8
      vertex 137.653 40.0428 8
    endloop
  endfacet
  facet normal 0.195233 -0.980757 0
    outer loop
      vertex 138.294 40.1704 8
      vertex 137.653 40.0428 0
      vertex 138.294 40.1704 0
    endloop
  endfacet
  facet normal -0.321397 -0.946944 0
    outer loop
      vertex 3.08658 40.3806 0
      vertex 3.7059 40.1704 8
      vertex 3.08658 40.3806 8
    endloop
  endfacet
  facet normal -0.321397 -0.946944 -0
    outer loop
      vertex 3.7059 40.1704 8
      vertex 3.08658 40.3806 0
      vertex 3.7059 40.1704 0
    endloop
  endfacet
  facet normal 0.442072 -0.89698 0
    outer loop
      vertex 138.913 40.3806 0
      vertex 139.5 40.6699 8
      vertex 138.913 40.3806 8
    endloop
  endfacet
  facet normal 0.442072 -0.89698 0
    outer loop
      vertex 139.5 40.6699 8
      vertex 138.913 40.3806 0
      vertex 139.5 40.6699 0
    endloop
  endfacet
  facet normal -0.997859 0.0654055 0
    outer loop
      vertex 0 63 0
      vertex 0.0427752 63.6526 8
      vertex 0.0427752 63.6526 0
    endloop
  endfacet
  facet normal -0.997859 0.0654055 0
    outer loop
      vertex 0.0427752 63.6526 8
      vertex 0 63 0
      vertex 0 63 8
    endloop
  endfacet
  facet normal 0.751998 -0.659165 0
    outer loop
      vertex 140.536 41.4645 8
      vertex 140.967 41.9562 0
      vertex 140.967 41.9562 8
    endloop
  endfacet
  facet normal 0.751998 -0.659165 0
    outer loop
      vertex 140.967 41.9562 0
      vertex 140.536 41.4645 8
      vertex 140.536 41.4645 0
    endloop
  endfacet
  facet normal -0.195096 0.980784 0
    outer loop
      vertex 4.34737 67.9572 0
      vertex 3.7059 67.8296 8
      vertex 4.34737 67.9572 8
    endloop
  endfacet
  facet normal -0.195096 0.980784 0
    outer loop
      vertex 3.7059 67.8296 8
      vertex 4.34737 67.9572 0
      vertex 3.7059 67.8296 0
    endloop
  endfacet
  facet normal 0.0654033 -0.997859 0
    outer loop
      vertex 137 40 0
      vertex 137.653 40.0428 8
      vertex 137 40 8
    endloop
  endfacet
  facet normal 0.0654033 -0.997859 0
    outer loop
      vertex 137.653 40.0428 8
      vertex 137 40 0
      vertex 137.653 40.0428 0
    endloop
  endfacet
  facet normal 0 -1 0
    outer loop
      vertex 5 40 0
      vertex 137 40 8
      vertex 5 40 8
    endloop
  endfacet
  facet normal 0 -1 -0
    outer loop
      vertex 137 40 8
      vertex 5 40 0
      vertex 137 40 0
    endloop
  endfacet
  facet normal 0.897042 -0.441945 0
    outer loop
      vertex 141.33 42.5 8
      vertex 141.619 43.0866 0
      vertex 141.619 43.0866 8
    endloop
  endfacet
  facet normal 0.897042 -0.441945 0
    outer loop
      vertex 141.619 43.0866 0
      vertex 141.33 42.5 8
      vertex 141.33 42.5 0
    endloop
  endfacet
  facet normal -0.0654402 -0.997856 0
    outer loop
      vertex 4.34737 40.0428 0
      vertex 5 40 8
      vertex 4.34737 40.0428 8
    endloop
  endfacet
  facet normal -0.0654402 -0.997856 -0
    outer loop
      vertex 5 40 8
      vertex 4.34737 40.0428 0
      vertex 5 40 0
    endloop
  endfacet
  facet normal -0.555504 -0.831514 0
    outer loop
      vertex 1.95619 41.0332 0
      vertex 2.5 40.6699 8
      vertex 1.95619 41.0332 8
    endloop
  endfacet
  facet normal -0.555504 -0.831514 -0
    outer loop
      vertex 2.5 40.6699 8
      vertex 1.95619 41.0332 0
      vertex 2.5 40.6699 0
    endloop
  endfacet
  facet normal -0.195096 -0.980784 0
    outer loop
      vertex 3.7059 40.1704 0
      vertex 4.34737 40.0428 8
      vertex 3.7059 40.1704 8
    endloop
  endfacet
  facet normal -0.195096 -0.980784 -0
    outer loop
      vertex 4.34737 40.0428 8
      vertex 3.7059 40.1704 0
      vertex 4.34737 40.0428 0
    endloop
  endfacet
  facet normal -0.896878 0.442277 0
    outer loop
      vertex 0.380602 64.9134 0
      vertex 0.669872 65.5 8
      vertex 0.669872 65.5 0
    endloop
  endfacet
  facet normal -0.896878 0.442277 0
    outer loop
      vertex 0.669872 65.5 8
      vertex 0.380602 64.9134 0
      vertex 0.380602 64.9134 8
    endloop
  endfacet
  facet normal 0.946569 0.322503 0
    outer loop
      vertex 141.83 64.2941 8
      vertex 141.619 64.9134 0
      vertex 141.619 64.9134 8
    endloop
  endfacet
  facet normal 0.946569 0.322503 0
    outer loop
      vertex 141.619 64.9134 0
      vertex 141.83 64.2941 8
      vertex 141.83 64.2941 0
    endloop
  endfacet
  facet normal -0.997859 -0.0654055 0
    outer loop
      vertex 0.0427752 44.3474 0
      vertex 0 45 8
      vertex 0 45 0
    endloop
  endfacet
  facet normal -0.997859 -0.0654055 0
    outer loop
      vertex 0 45 8
      vertex 0.0427752 44.3474 0
      vertex 0.0427752 44.3474 8
    endloop
  endfacet
  facet normal -0.831468 -0.555573 0
    outer loop
      vertex 1.03323 41.9562 0
      vertex 0.669872 42.5 8
      vertex 0.669872 42.5 0
    endloop
  endfacet
  facet normal -0.831468 -0.555573 0
    outer loop
      vertex 0.669872 42.5 8
      vertex 1.03323 41.9562 0
      vertex 1.03323 41.9562 8
    endloop
  endfacet
  facet normal -0.980787 -0.195079 0
    outer loop
      vertex 0.17037 43.7059 0
      vertex 0.0427752 44.3474 8
      vertex 0.0427752 44.3474 0
    endloop
  endfacet
  facet normal -0.980787 -0.195079 0
    outer loop
      vertex 0.0427752 44.3474 8
      vertex 0.17037 43.7059 0
      vertex 0.17037 43.7059 8
    endloop
  endfacet
  facet normal 0.751998 0.659165 0
    outer loop
      vertex 140.967 66.0438 8
      vertex 140.536 66.5355 0
      vertex 140.536 66.5355 8
    endloop
  endfacet
  facet normal 0.751998 0.659165 0
    outer loop
      vertex 140.536 66.5355 0
      vertex 140.967 66.0438 8
      vertex 140.967 66.0438 0
    endloop
  endfacet
  facet normal -0.321397 0.946944 0
    outer loop
      vertex 3.7059 67.8296 0
      vertex 3.08658 67.6194 8
      vertex 3.7059 67.8296 8
    endloop
  endfacet
  facet normal -0.321397 0.946944 0
    outer loop
      vertex 3.08658 67.6194 8
      vertex 3.7059 67.8296 0
      vertex 3.08658 67.6194 0
    endloop
  endfacet
  facet normal -1 0 0
    outer loop
      vertex 0 45 0
      vertex 0 63 8
      vertex 0 63 0
    endloop
  endfacet
  facet normal -1 -0 0
    outer loop
      vertex 0 63 8
      vertex 0 45 0
      vertex 0 45 8
    endloop
  endfacet
  facet normal 0.980961 -0.194204 0
    outer loop
      vertex 141.83 43.7059 8
      vertex 141.957 44.3474 0
      vertex 141.957 44.3474 8
    endloop
  endfacet
  facet normal 0.980961 -0.194204 0
    outer loop
      vertex 141.957 44.3474 0
      vertex 141.83 43.7059 8
      vertex 141.83 43.7059 0
    endloop
  endfacet
  facet normal -0.831468 0.555573 0
    outer loop
      vertex 0.669872 65.5 0
      vertex 1.03323 66.0438 8
      vertex 1.03323 66.0438 0
    endloop
  endfacet
  facet normal -0.831468 0.555573 0
    outer loop
      vertex 1.03323 66.0438 8
      vertex 0.669872 65.5 0
      vertex 0.669872 65.5 8
    endloop
  endfacet
  facet normal 0.997836 -0.0657477 0
    outer loop
      vertex 141.957 44.3474 8
      vertex 142 45 0
      vertex 142 45 8
    endloop
  endfacet
  facet normal 0.997836 -0.0657477 0
    outer loop
      vertex 142 45 0
      vertex 141.957 44.3474 8
      vertex 141.957 44.3474 0
    endloop
  endfacet
  facet normal 1 -0 0
    outer loop
      vertex 142 45 8
      vertex 142 63 0
      vertex 142 63 8
    endloop
  endfacet
  facet normal 1 0 0
    outer loop
      vertex 142 63 0
      vertex 142 45 8
      vertex 142 45 0
    endloop
  endfacet
  facet normal 0.442072 0.89698 -0
    outer loop
      vertex 139.5 67.3301 0
      vertex 138.913 67.6194 8
      vertex 139.5 67.3301 8
    endloop
  endfacet
  facet normal 0.442072 0.89698 0
    outer loop
      vertex 138.913 67.6194 8
      vertex 139.5 67.3301 0
      vertex 138.913 67.6194 0
    endloop
  endfacet
  facet normal -0.896878 -0.442277 0
    outer loop
      vertex 0.669872 42.5 0
      vertex 0.380602 43.0866 8
      vertex 0.380602 43.0866 0
    endloop
  endfacet
  facet normal -0.896878 -0.442277 0
    outer loop
      vertex 0.380602 43.0866 8
      vertex 0.669872 42.5 0
      vertex 0.669872 42.5 8
    endloop
  endfacet
  facet normal 0 0 -1
    outer loop
      vertex 135 48.8038 0
      vertex 142 45 0
      vertex 141.957 44.3474 0
    endloop
  endfacet
  facet normal 0 0 -1
    outer loop
      vertex 142 45 0
      vertex 138 54 0
      vertex 142 63 0
    endloop
  endfacet
  facet normal 0 0 -1
    outer loop
      vertex 135 48.8038 0
      vertex 141.957 44.3474 0
      vertex 141.83 43.7059 0
    endloop
  endfacet
  facet normal 0 0 -1
    outer loop
      vertex 137.949 54.7832 0
      vertex 142 63 0
      vertex 138 54 0
    endloop
  endfacet
  facet normal 0 0 -1
    outer loop
      vertex 135 48.8038 0
      vertex 141.83 43.7059 0
      vertex 141.619 43.0866 0
    endloop
  endfacet
  facet normal 0 0 -1
    outer loop
      vertex 137.796 55.5529 0
      vertex 142 63 0
      vertex 137.949 54.7832 0
    endloop
  endfacet
  facet normal 0 0 -1
    outer loop
      vertex 135 48.8038 0
      vertex 141.619 43.0866 0
      vertex 141.33 42.5 0
    endloop
  endfacet
  facet normal 0 0 -1
    outer loop
      vertex 137.543 56.2961 0
      vertex 142 63 0
      vertex 137.796 55.5529 0
    endloop
  endfacet
  facet normal 0 0 -1
    outer loop
      vertex 135 48.8038 0
      vertex 141.33 42.5 0
      vertex 140.967 41.9562 0
    endloop
  endfacet
  facet normal 0 0 -1
    outer loop
      vertex 137.196 57 0
      vertex 142 63 0
      vertex 137.543 56.2961 0
    endloop
  endfacet
  facet normal 0 0 -1
    outer loop
      vertex 135 48.8038 0
      vertex 140.967 41.9562 0
      vertex 140.536 41.4645 0
    endloop
  endfacet
  facet normal 0 0 -1
    outer loop
      vertex 136.76 57.6526 0
      vertex 142 63 0
      vertex 137.196 57 0
    endloop
  endfacet
  facet normal 0 0 -1
    outer loop
      vertex 135 48.8038 0
      vertex 140.536 41.4645 0
      vertex 140.044 41.0332 0
    endloop
  endfacet
  facet normal 0 0 -1
    outer loop
      vertex 136.243 58.2426 0
      vertex 142 63 0
      vertex 136.76 57.6526 0
    endloop
  endfacet
  facet normal 0 0 -1
    outer loop
      vertex 135 48.8038 0
      vertex 140.044 41.0332 0
      vertex 139.5 40.6699 0
    endloop
  endfacet
  facet normal 0 0 -1
    outer loop
      vertex 135.653 58.7601 0
      vertex 142 63 0
      vertex 136.243 58.2426 0
    endloop
  endfacet
  facet normal 0 0 -1
    outer loop
      vertex 135 48.8038 0
      vertex 139.5 40.6699 0
      vertex 138.913 40.3806 0
    endloop
  endfacet
  facet normal 0 0 -1
    outer loop
      vertex 135 59.1962 0
      vertex 142 63 0
      vertex 135.653 58.7601 0
    endloop
  endfacet
  facet normal 0 0 -1
    outer loop
      vertex 135 48.8038 0
      vertex 138.913 40.3806 0
      vertex 138.294 40.1704 0
    endloop
  endfacet
  facet normal -0 0 -1
    outer loop
      vertex 142 63 0
      vertex 135 59.1962 0
      vertex 141.957 63.6526 0
    endloop
  endfacet
  facet normal -0 0 -1
    outer loop
      vertex 141.957 63.6526 0
      vertex 135 59.1962 0
      vertex 141.83 64.2941 0
    endloop
  endfacet
  facet normal 0 0 -1
    outer loop
      vertex 142 45 0
      vertex 137.949 53.2168 0
      vertex 138 54 0
    endloop
  endfacet
  facet normal 0 0 -1
    outer loop
      vertex 142 45 0
      vertex 137.796 52.4471 0
      vertex 137.949 53.2168 0
    endloop
  endfacet
  facet normal 0 0 -1
    outer loop
      vertex 135 48.8038 0
      vertex 138.294 40.1704 0
      vertex 137.653 40.0428 0
    endloop
  endfacet
  facet normal 0 0 -1
    outer loop
      vertex 142 45 0
      vertex 137.543 51.7039 0
      vertex 137.796 52.4471 0
    endloop
  endfacet
  facet normal 0 0 -1
    outer loop
      vertex 142 45 0
      vertex 137.196 51 0
      vertex 137.543 51.7039 0
    endloop
  endfacet
  facet normal 0 0 -1
    outer loop
      vertex 135 48.8038 0
      vertex 137.653 40.0428 0
      vertex 137 40 0
    endloop
  endfacet
  facet normal 0 0 -1
    outer loop
      vertex 142 45 0
      vertex 136.76 50.3474 0
      vertex 137.196 51 0
    endloop
  endfacet
  facet normal 0 0 -1
    outer loop
      vertex 142 45 0
      vertex 136.243 49.7574 0
      vertex 136.76 50.3474 0
    endloop
  endfacet
  facet normal 0 0 -1
    outer loop
      vertex 142 45 0
      vertex 135.653 49.2399 0
      vertex 136.243 49.7574 0
    endloop
  endfacet
  facet normal 0 0 -1
    outer loop
      vertex 142 45 0
      vertex 135 48.8038 0
      vertex 135.653 49.2399 0
    endloop
  endfacet
  facet normal 0 0 -1
    outer loop
      vertex 137 40 0
      vertex 134.296 48.4567 0
      vertex 135 48.8038 0
    endloop
  endfacet
  facet normal 0 0 -1
    outer loop
      vertex 137 40 0
      vertex 133.553 48.2044 0
      vertex 134.296 48.4567 0
    endloop
  endfacet
  facet normal 0 0 -1
    outer loop
      vertex 137 40 0
      vertex 132.783 48.0513 0
      vertex 133.553 48.2044 0
    endloop
  endfacet
  facet normal 0 0 -1
    outer loop
      vertex 137 40 0
      vertex 132 48 0
      vertex 132.783 48.0513 0
    endloop
  endfacet
  facet normal 0 0 -1
    outer loop
      vertex 137 40 0
      vertex 131.217 48.0513 0
      vertex 132 48 0
    endloop
  endfacet
  facet normal 0 0 -1
    outer loop
      vertex 137 40 0
      vertex 130.447 48.2044 0
      vertex 131.217 48.0513 0
    endloop
  endfacet
  facet normal 0 0 -1
    outer loop
      vertex 137 40 0
      vertex 129.704 48.4567 0
      vertex 130.447 48.2044 0
    endloop
  endfacet
  facet normal 0 0 -1
    outer loop
      vertex 137 40 0
      vertex 129 48.8038 0
      vertex 129.704 48.4567 0
    endloop
  endfacet
  facet normal 0 0 -1
    outer loop
      vertex 126.397 50.1295 0
      vertex 129 48.8038 0
      vertex 137 40 0
    endloop
  endfacet
  facet normal 0 0 -1
    outer loop
      vertex 129 48.8038 0
      vertex 126.397 50.1295 0
      vertex 128.347 49.2399 0
    endloop
  endfacet
  facet normal 0 0 -1
    outer loop
      vertex 127.757 49.7574 0
      vertex 127.462 49.8459 0
      vertex 127.693 49.8307 0
    endloop
  endfacet
  facet normal -0 -0 -1
    outer loop
      vertex 127.453 49.8464 0
      vertex 128.347 49.2399 0
      vertex 126.924 49.9516 0
    endloop
  endfacet
  facet normal 0 0 -1
    outer loop
      vertex 127.757 49.7574 0
      vertex 127.453 49.8464 0
      vertex 127.462 49.8459 0
    endloop
  endfacet
  facet normal 0 0 -1
    outer loop
      vertex 128.347 49.2399 0
      vertex 127.453 49.8464 0
      vertex 127.757 49.7574 0
    endloop
  endfacet
  facet normal 0 0 -1
    outer loop
      vertex 128.347 49.2399 0
      vertex 126.916 49.9534 0
      vertex 126.924 49.9516 0
    endloop
  endfacet
  facet normal 0 0 -1
    outer loop
      vertex 128.347 49.2399 0
      vertex 126.907 49.9562 0
      vertex 126.916 49.9534 0
    endloop
  endfacet
  facet normal 0 0 -1
    outer loop
      vertex 128.347 49.2399 0
      vertex 126.397 50.1295 0
      vertex 126.907 49.9562 0
    endloop
  endfacet
  facet normal 0 0 -1
    outer loop
      vertex 137 40 0
      vertex 126.389 50.1334 0
      vertex 126.397 50.1295 0
    endloop
  endfacet
  facet normal 0 0 -1
    outer loop
      vertex 137 40 0
      vertex 125.905 50.3719 0
      vertex 126.389 50.1334 0
    endloop
  endfacet
  facet normal 0 0 -1
    outer loop
      vertex 137 40 0
      vertex 125.898 50.3768 0
      vertex 125.905 50.3719 0
    endloop
  endfacet
  facet normal 0 0 -1
    outer loop
      vertex 137 40 0
      vertex 125.45 50.6763 0
      vertex 125.898 50.3768 0
    endloop
  endfacet
  facet normal 0 0 -1
    outer loop
      vertex 16.5503 50.6763 0
      vertex 125.45 50.6763 0
      vertex 137 40 0
    endloop
  endfacet
  facet normal 0 0 -1
    outer loop
      vertex 125.45 50.6763 0
      vertex 16.5503 50.6763 0
      vertex 125.443 50.6822 0
    endloop
  endfacet
  facet normal 0 0 -1
    outer loop
      vertex 125.038 51.0377 0
      vertex 124.676 51.4497 0
      vertex 124.682 51.443 0
    endloop
  endfacet
  facet normal 0 0 -1
    outer loop
      vertex 124.13 52.3968 0
      vertex 123.953 52.9157 0
      vertex 123.956 52.9073 0
    endloop
  endfacet
  facet normal 0 0 -1
    outer loop
      vertex 123.953 52.9157 0
      vertex 123.846 53.4532 0
      vertex 123.952 52.9245 0
    endloop
  endfacet
  facet normal 0 0 -1
    outer loop
      vertex 123.846 53.4621 0
      vertex 18.1894 54 0
      vertex 123.811 54 0
    endloop
  endfacet
  facet normal 0 0 -1
    outer loop
      vertex 123.846 53.4532 0
      vertex 18.1894 54 0
      vertex 123.846 53.4621 0
    endloop
  endfacet
  facet normal 0 0 -1
    outer loop
      vertex 18.1536 53.4532 0
      vertex 123.846 53.4532 0
      vertex 123.953 52.9157 0
    endloop
  endfacet
  facet normal 0 0 -1
    outer loop
      vertex 18.0466 52.9157 0
      vertex 123.953 52.9157 0
      vertex 124.13 52.3968 0
    endloop
  endfacet
  facet normal 0 0 -1
    outer loop
      vertex 17.8705 52.3968 0
      vertex 124.13 52.3968 0
      vertex 124.133 52.3888 0
    endloop
  endfacet
  facet normal 0 0 -1
    outer loop
      vertex 17.8705 52.3968 0
      vertex 124.133 52.3888 0
      vertex 124.372 51.9053 0
    endloop
  endfacet
  facet normal 0 0 -1
    outer loop
      vertex 17.6281 51.9053 0
      vertex 124.372 51.9053 0
      vertex 124.377 51.8979 0
    endloop
  endfacet
  facet normal 0 0 -1
    outer loop
      vertex 17.6281 51.9053 0
      vertex 124.377 51.8979 0
      vertex 124.676 51.4497 0
    endloop
  endfacet
  facet normal 0 0 -1
    outer loop
      vertex 17.3237 51.4497 0
      vertex 124.676 51.4497 0
      vertex 125.038 51.0377 0
    endloop
  endfacet
  facet normal -0 0 -1
    outer loop
      vertex 125.443 50.6822 0
      vertex 16.5503 50.6763 0
      vertex 125.038 51.0377 0
    endloop
  endfacet
  facet normal 0 0 -1
    outer loop
      vertex 123.846 53.4532 0
      vertex 18.1541 53.4621 0
      vertex 18.1894 54 0
    endloop
  endfacet
  facet normal 0 0 -1
    outer loop
      vertex 123.846 53.4532 0
      vertex 18.1536 53.4532 0
      vertex 18.1541 53.4621 0
    endloop
  endfacet
  facet normal 0 0 -1
    outer loop
      vertex 123.953 52.9157 0
      vertex 18.0484 52.9245 0
      vertex 18.1536 53.4532 0
    endloop
  endfacet
  facet normal 0 0 -1
    outer loop
      vertex 123.953 52.9157 0
      vertex 18.0466 52.9157 0
      vertex 18.0484 52.9245 0
    endloop
  endfacet
  facet normal 0 0 -1
    outer loop
      vertex 124.13 52.3968 0
      vertex 18.0438 52.9073 0
      vertex 18.0466 52.9157 0
    endloop
  endfacet
  facet normal 0 0 -1
    outer loop
      vertex 124.13 52.3968 0
      vertex 17.8705 52.3968 0
      vertex 18.0438 52.9073 0
    endloop
  endfacet
  facet normal 0 0 -1
    outer loop
      vertex 124.372 51.9053 0
      vertex 17.8666 52.3888 0
      vertex 17.8705 52.3968 0
    endloop
  endfacet
  facet normal 0 0 -1
    outer loop
      vertex 124.372 51.9053 0
      vertex 17.6281 51.9053 0
      vertex 17.8666 52.3888 0
    endloop
  endfacet
  facet normal 0 0 -1
    outer loop
      vertex 124.676 51.4497 0
      vertex 17.6232 51.8979 0
      vertex 17.6281 51.9053 0
    endloop
  endfacet
  facet normal 0 0 -1
    outer loop
      vertex 124.676 51.4497 0
      vertex 17.3237 51.4497 0
      vertex 17.6232 51.8979 0
    endloop
  endfacet
  facet normal 0 0 -1
    outer loop
      vertex 125.038 51.0377 0
      vertex 17.3178 51.443 0
      vertex 17.3237 51.4497 0
    endloop
  endfacet
  facet normal 0 0 -1
    outer loop
      vertex 125.038 51.0377 0
      vertex 16.9623 51.0377 0
      vertex 17.3178 51.443 0
    endloop
  endfacet
  facet normal -0 0 -1
    outer loop
      vertex 125.038 51.0377 0
      vertex 16.557 50.6822 0
      vertex 16.9623 51.0377 0
    endloop
  endfacet
  facet normal 0 0 -1
    outer loop
      vertex 125.038 51.0377 0
      vertex 16.5503 50.6763 0
      vertex 16.557 50.6822 0
    endloop
  endfacet
  facet normal 0 0 -1
    outer loop
      vertex 5 40 0
      vertex 16.5503 50.6763 0
      vertex 137 40 0
    endloop
  endfacet
  facet normal 0 0 -1
    outer loop
      vertex 16.5503 50.6763 0
      vertex 5 40 0
      vertex 16.1021 50.3768 0
    endloop
  endfacet
  facet normal 0 0 -1
    outer loop
      vertex 16.1021 50.3768 0
      vertex 5 40 0
      vertex 16.0947 50.3719 0
    endloop
  endfacet
  facet normal 0 0 -1
    outer loop
      vertex 16.0947 50.3719 0
      vertex 5 40 0
      vertex 15.6112 50.1334 0
    endloop
  endfacet
  facet normal 0 0 -1
    outer loop
      vertex 15.6112 50.1334 0
      vertex 5 40 0
      vertex 15.6032 50.1295 0
    endloop
  endfacet
  facet normal 0 -0 -1
    outer loop
      vertex 13 48.8038 0
      vertex 15.6032 50.1295 0
      vertex 5 40 0
    endloop
  endfacet
  facet normal 0 -0 -1
    outer loop
      vertex 13.6526 49.2399 0
      vertex 15.6032 50.1295 0
      vertex 13 48.8038 0
    endloop
  endfacet
  facet normal 0 0 -1
    outer loop
      vertex 15.6032 50.1295 0
      vertex 13.6526 49.2399 0
      vertex 15.0927 49.9562 0
    endloop
  endfacet
  facet normal 0 0 -1
    outer loop
      vertex 15.0927 49.9562 0
      vertex 13.6526 49.2399 0
      vertex 15.0843 49.9534 0
    endloop
  endfacet
  facet normal 0 0 -1
    outer loop
      vertex 15.0755 49.9516 0
      vertex 13.6526 49.2399 0
      vertex 14.5468 49.8464 0
    endloop
  endfacet
  facet normal 0 0 -1
    outer loop
      vertex 14.5379 49.8459 0
      vertex 14.2426 49.7574 0
      vertex 14.307 49.8307 0
    endloop
  endfacet
  facet normal 0 -0 -1
    outer loop
      vertex 14.2426 49.7574 0
      vertex 14.5468 49.8464 0
      vertex 13.6526 49.2399 0
    endloop
  endfacet
  facet normal 0 0 -1
    outer loop
      vertex 14.5468 49.8464 0
      vertex 14.2426 49.7574 0
      vertex 14.5379 49.8459 0
    endloop
  endfacet
  facet normal 0 0 -1
    outer loop
      vertex 15.0843 49.9534 0
      vertex 13.6526 49.2399 0
      vertex 15.0755 49.9516 0
    endloop
  endfacet
  facet normal 0 0 -1
    outer loop
      vertex 13 48.8038 0
      vertex 5 40 0
      vertex 12.2961 48.4567 0
    endloop
  endfacet
  facet normal 0 0 -1
    outer loop
      vertex 12.2961 48.4567 0
      vertex 5 40 0
      vertex 11.5529 48.2044 0
    endloop
  endfacet
  facet normal 0 0 -1
    outer loop
      vertex 11.5529 48.2044 0
      vertex 5 40 0
      vertex 10.7832 48.0513 0
    endloop
  endfacet
  facet normal 0 0 -1
    outer loop
      vertex 10.7832 48.0513 0
      vertex 5 40 0
      vertex 10 48 0
    endloop
  endfacet
  facet normal 0 0 -1
    outer loop
      vertex 5 40 0
      vertex 9.21684 48.0513 0
      vertex 10 48 0
    endloop
  endfacet
  facet normal 0 0 -1
    outer loop
      vertex 5 40 0
      vertex 8.44709 48.2044 0
      vertex 9.21684 48.0513 0
    endloop
  endfacet
  facet normal 0 0 -1
    outer loop
      vertex 5 40 0
      vertex 7.7039 48.4567 0
      vertex 8.44709 48.2044 0
    endloop
  endfacet
  facet normal 0 0 -1
    outer loop
      vertex 5 40 0
      vertex 7 48.8038 0
      vertex 7.7039 48.4567 0
    endloop
  endfacet
  facet normal 0 0 -1
    outer loop
      vertex 4.34737 40.0428 0
      vertex 7 48.8038 0
      vertex 5 40 0
    endloop
  endfacet
  facet normal 0 0 -1
    outer loop
      vertex 3.7059 40.1704 0
      vertex 7 48.8038 0
      vertex 4.34737 40.0428 0
    endloop
  endfacet
  facet normal 0 0 -1
    outer loop
      vertex 3.08658 40.3806 0
      vertex 7 48.8038 0
      vertex 3.7059 40.1704 0
    endloop
  endfacet
  facet normal -0 0 -1
    outer loop
      vertex 5.75736 49.7574 0
      vertex 0 45 0
      vertex 5.23988 50.3474 0
    endloop
  endfacet
  facet normal -0 0 -1
    outer loop
      vertex 5.23988 50.3474 0
      vertex 0 45 0
      vertex 4.80385 51 0
    endloop
  endfacet
  facet normal 0 0 -1
    outer loop
      vertex 2.5 40.6699 0
      vertex 7 48.8038 0
      vertex 3.08658 40.3806 0
    endloop
  endfacet
  facet normal -0 0 -1
    outer loop
      vertex 4.80385 51 0
      vertex 0 45 0
      vertex 4.45672 51.7039 0
    endloop
  endfacet
  facet normal -0 0 -1
    outer loop
      vertex 4.45672 51.7039 0
      vertex 0 45 0
      vertex 4.20444 52.4471 0
    endloop
  endfacet
  facet normal -0 0 -1
    outer loop
      vertex 4.20444 52.4471 0
      vertex 0 45 0
      vertex 4.05133 53.2168 0
    endloop
  endfacet
  facet normal 0 0 -1
    outer loop
      vertex 1.95619 41.0332 0
      vertex 7 48.8038 0
      vertex 2.5 40.6699 0
    endloop
  endfacet
  facet normal -0 0 -1
    outer loop
      vertex 141.83 64.2941 0
      vertex 135 59.1962 0
      vertex 141.619 64.9134 0
    endloop
  endfacet
  facet normal -0 0 -1
    outer loop
      vertex 141.619 64.9134 0
      vertex 135 59.1962 0
      vertex 141.33 65.5 0
    endloop
  endfacet
  facet normal -0 0 -1
    outer loop
      vertex 141.33 65.5 0
      vertex 135 59.1962 0
      vertex 140.967 66.0438 0
    endloop
  endfacet
  facet normal -0 0 -1
    outer loop
      vertex 140.967 66.0438 0
      vertex 135 59.1962 0
      vertex 140.536 66.5355 0
    endloop
  endfacet
  facet normal -0 0 -1
    outer loop
      vertex 140.536 66.5355 0
      vertex 135 59.1962 0
      vertex 140.044 66.9668 0
    endloop
  endfacet
  facet normal -0 0 -1
    outer loop
      vertex 140.044 66.9668 0
      vertex 135 59.1962 0
      vertex 139.5 67.3301 0
    endloop
  endfacet
  facet normal -0 0 -1
    outer loop
      vertex 139.5 67.3301 0
      vertex 135 59.1962 0
      vertex 138.913 67.6194 0
    endloop
  endfacet
  facet normal -0 0 -1
    outer loop
      vertex 138.913 67.6194 0
      vertex 135 59.1962 0
      vertex 138.294 67.8296 0
    endloop
  endfacet
  facet normal -0 0 -1
    outer loop
      vertex 138.294 67.8296 0
      vertex 135 59.1962 0
      vertex 137.653 67.9572 0
    endloop
  endfacet
  facet normal -0 0 -1
    outer loop
      vertex 137.653 67.9572 0
      vertex 135 59.1962 0
      vertex 137 68 0
    endloop
  endfacet
  facet normal 0 0 -1
    outer loop
      vertex 134.296 59.5433 0
      vertex 137 68 0
      vertex 135 59.1962 0
    endloop
  endfacet
  facet normal 0 0 -1
    outer loop
      vertex 133.553 59.7956 0
      vertex 137 68 0
      vertex 134.296 59.5433 0
    endloop
  endfacet
  facet normal 0 0 -1
    outer loop
      vertex 132.783 59.9487 0
      vertex 137 68 0
      vertex 133.553 59.7956 0
    endloop
  endfacet
  facet normal 0 0 -1
    outer loop
      vertex 132 60 0
      vertex 137 68 0
      vertex 132.783 59.9487 0
    endloop
  endfacet
  facet normal 0 0 -1
    outer loop
      vertex 131.217 59.9487 0
      vertex 137 68 0
      vertex 132 60 0
    endloop
  endfacet
  facet normal 0 0 -1
    outer loop
      vertex 130.447 59.7956 0
      vertex 137 68 0
      vertex 131.217 59.9487 0
    endloop
  endfacet
  facet normal 0 0 -1
    outer loop
      vertex 129.704 59.5433 0
      vertex 137 68 0
      vertex 130.447 59.7956 0
    endloop
  endfacet
  facet normal 0 0 -1
    outer loop
      vertex 129 59.1962 0
      vertex 137 68 0
      vertex 129.704 59.5433 0
    endloop
  endfacet
  facet normal 0 0 -1
    outer loop
      vertex 126.397 57.8705 0
      vertex 129 59.1962 0
      vertex 128.347 58.7601 0
    endloop
  endfacet
  facet normal 0 0 -1
    outer loop
      vertex 127.453 58.1536 0
      vertex 128.347 58.7601 0
      vertex 127.757 58.2426 0
    endloop
  endfacet
  facet normal 0 0 -1
    outer loop
      vertex 127.462 58.1541 0
      vertex 127.757 58.2426 0
      vertex 127.693 58.1693 0
    endloop
  endfacet
  facet normal 0 0 -1
    outer loop
      vertex 127.453 58.1536 0
      vertex 127.757 58.2426 0
      vertex 127.462 58.1541 0
    endloop
  endfacet
  facet normal 0 0 -1
    outer loop
      vertex 128.347 58.7601 0
      vertex 127.453 58.1536 0
      vertex 126.924 58.0484 0
    endloop
  endfacet
  facet normal 0 0 -1
    outer loop
      vertex 126.916 58.0466 0
      vertex 128.347 58.7601 0
      vertex 126.924 58.0484 0
    endloop
  endfacet
  facet normal 0 0 -1
    outer loop
      vertex 126.907 58.0438 0
      vertex 128.347 58.7601 0
      vertex 126.916 58.0466 0
    endloop
  endfacet
  facet normal 0 0 -1
    outer loop
      vertex 126.397 57.8705 0
      vertex 128.347 58.7601 0
      vertex 126.907 58.0438 0
    endloop
  endfacet
  facet normal -0 0 -1
    outer loop
      vertex 129 59.1962 0
      vertex 126.397 57.8705 0
      vertex 137 68 0
    endloop
  endfacet
  facet normal 0 0 -1
    outer loop
      vertex 126.389 57.8666 0
      vertex 137 68 0
      vertex 126.397 57.8705 0
    endloop
  endfacet
  facet normal 0 0 -1
    outer loop
      vertex 125.905 57.6281 0
      vertex 137 68 0
      vertex 126.389 57.8666 0
    endloop
  endfacet
  facet normal 0 0 -1
    outer loop
      vertex 125.898 57.6232 0
      vertex 137 68 0
      vertex 125.905 57.6281 0
    endloop
  endfacet
  facet normal 0 0 -1
    outer loop
      vertex 125.45 57.3237 0
      vertex 137 68 0
      vertex 125.898 57.6232 0
    endloop
  endfacet
  facet normal 0 0 -1
    outer loop
      vertex 16.5503 57.3237 0
      vertex 125.45 57.3237 0
      vertex 125.443 57.3178 0
    endloop
  endfacet
  facet normal 0 0 -1
    outer loop
      vertex 16.5503 57.3237 0
      vertex 125.443 57.3178 0
      vertex 125.038 56.9623 0
    endloop
  endfacet
  facet normal 0 0 -1
    outer loop
      vertex 124.676 56.5503 0
      vertex 125.038 56.9623 0
      vertex 124.682 56.557 0
    endloop
  endfacet
  facet normal 0 0 -1
    outer loop
      vertex 123.953 55.0843 0
      vertex 124.13 55.6032 0
      vertex 123.956 55.0927 0
    endloop
  endfacet
  facet normal 0 0 -1
    outer loop
      vertex 123.846 54.5468 0
      vertex 123.953 55.0843 0
      vertex 123.952 55.0755 0
    endloop
  endfacet
  facet normal 0 0 -1
    outer loop
      vertex 18.1894 54 0
      vertex 123.846 54.5379 0
      vertex 123.811 54 0
    endloop
  endfacet
  facet normal 0 0 -1
    outer loop
      vertex 18.1894 54 0
      vertex 123.846 54.5468 0
      vertex 123.846 54.5379 0
    endloop
  endfacet
  facet normal 0 0 -1
    outer loop
      vertex 18.1541 54.5379 0
      vertex 123.846 54.5468 0
      vertex 18.1894 54 0
    endloop
  endfacet
  facet normal 0 0 -1
    outer loop
      vertex 18.1536 54.5468 0
      vertex 123.846 54.5468 0
      vertex 18.1541 54.5379 0
    endloop
  endfacet
  facet normal 0 0 -1
    outer loop
      vertex 123.846 54.5468 0
      vertex 18.1536 54.5468 0
      vertex 123.953 55.0843 0
    endloop
  endfacet
  facet normal 0 0 -1
    outer loop
      vertex 18.0484 55.0755 0
      vertex 123.953 55.0843 0
      vertex 18.1536 54.5468 0
    endloop
  endfacet
  facet normal 0 0 -1
    outer loop
      vertex 18.0466 55.0843 0
      vertex 123.953 55.0843 0
      vertex 18.0484 55.0755 0
    endloop
  endfacet
  facet normal 0 0 -1
    outer loop
      vertex 123.953 55.0843 0
      vertex 18.0466 55.0843 0
      vertex 124.13 55.6032 0
    endloop
  endfacet
  facet normal 0 0 -1
    outer loop
      vertex 18.0438 55.0927 0
      vertex 124.13 55.6032 0
      vertex 18.0466 55.0843 0
    endloop
  endfacet
  facet normal 0 0 -1
    outer loop
      vertex 17.8705 55.6032 0
      vertex 124.13 55.6032 0
      vertex 18.0438 55.0927 0
    endloop
  endfacet
  facet normal 0 0 -1
    outer loop
      vertex 124.13 55.6032 0
      vertex 17.8705 55.6032 0
      vertex 124.133 55.6112 0
    endloop
  endfacet
  facet normal -0 0 -1
    outer loop
      vertex 124.133 55.6112 0
      vertex 17.8705 55.6032 0
      vertex 124.372 56.0947 0
    endloop
  endfacet
  facet normal 0 0 -1
    outer loop
      vertex 17.8666 55.6112 0
      vertex 124.372 56.0947 0
      vertex 17.8705 55.6032 0
    endloop
  endfacet
  facet normal 0 0 -1
    outer loop
      vertex 17.6281 56.0947 0
      vertex 124.372 56.0947 0
      vertex 17.8666 55.6112 0
    endloop
  endfacet
  facet normal 0 0 -1
    outer loop
      vertex 124.372 56.0947 0
      vertex 17.6281 56.0947 0
      vertex 124.377 56.1021 0
    endloop
  endfacet
  facet normal -0 0 -1
    outer loop
      vertex 124.377 56.1021 0
      vertex 17.6281 56.0947 0
      vertex 124.676 56.5503 0
    endloop
  endfacet
  facet normal 0 0 -1
    outer loop
      vertex 17.6232 56.1021 0
      vertex 124.676 56.5503 0
      vertex 17.6281 56.0947 0
    endloop
  endfacet
  facet normal 0 0 -1
    outer loop
      vertex 17.3237 56.5503 0
      vertex 124.676 56.5503 0
      vertex 17.6232 56.1021 0
    endloop
  endfacet
  facet normal 0 0 -1
    outer loop
      vertex 124.676 56.5503 0
      vertex 17.3237 56.5503 0
      vertex 125.038 56.9623 0
    endloop
  endfacet
  facet normal 0 0 -1
    outer loop
      vertex 17.3178 56.557 0
      vertex 125.038 56.9623 0
      vertex 17.3237 56.5503 0
    endloop
  endfacet
  facet normal 0 0 -1
    outer loop
      vertex 16.9623 56.9623 0
      vertex 125.038 56.9623 0
      vertex 17.3178 56.557 0
    endloop
  endfacet
  facet normal 0 0 -1
    outer loop
      vertex 16.557 57.3178 0
      vertex 125.038 56.9623 0
      vertex 16.9623 56.9623 0
    endloop
  endfacet
  facet normal 0 0 -1
    outer loop
      vertex 16.5503 57.3237 0
      vertex 125.038 56.9623 0
      vertex 16.557 57.3178 0
    endloop
  endfacet
  facet normal 0 0 -1
    outer loop
      vertex 125.45 57.3237 0
      vertex 16.5503 57.3237 0
      vertex 137 68 0
    endloop
  endfacet
  facet normal 0 0 -1
    outer loop
      vertex 5 68 0
      vertex 16.5503 57.3237 0
      vertex 16.1021 57.6232 0
    endloop
  endfacet
  facet normal 0 0 -1
    outer loop
      vertex 5 68 0
      vertex 16.1021 57.6232 0
      vertex 16.0947 57.6281 0
    endloop
  endfacet
  facet normal 0 0 -1
    outer loop
      vertex 5 68 0
      vertex 16.0947 57.6281 0
      vertex 15.6112 57.8666 0
    endloop
  endfacet
  facet normal 0 0 -1
    outer loop
      vertex 5 68 0
      vertex 15.6112 57.8666 0
      vertex 15.6032 57.8705 0
    endloop
  endfacet
  facet normal 0 0 -1
    outer loop
      vertex 13.6526 58.7601 0
      vertex 15.6032 57.8705 0
      vertex 15.0927 58.0438 0
    endloop
  endfacet
  facet normal 0 0 -1
    outer loop
      vertex 13.6526 58.7601 0
      vertex 15.0927 58.0438 0
      vertex 15.0843 58.0466 0
    endloop
  endfacet
  facet normal 0 0 -1
    outer loop
      vertex 13.6526 58.7601 0
      vertex 15.0843 58.0466 0
      vertex 15.0755 58.0484 0
    endloop
  endfacet
  facet normal 0 0 -1
    outer loop
      vertex 13.6526 58.7601 0
      vertex 15.0755 58.0484 0
      vertex 14.5468 58.1536 0
    endloop
  endfacet
  facet normal 0 0 -1
    outer loop
      vertex 14.2426 58.2426 0
      vertex 14.5468 58.1536 0
      vertex 14.5379 58.1541 0
    endloop
  endfacet
  facet normal 0 0 -1
    outer loop
      vertex 14.2426 58.2426 0
      vertex 14.5379 58.1541 0
      vertex 14.307 58.1693 0
    endloop
  endfacet
  facet normal 0 0 -1
    outer loop
      vertex 14.5468 58.1536 0
      vertex 14.2426 58.2426 0
      vertex 13.6526 58.7601 0
    endloop
  endfacet
  facet normal 0 0 -1
    outer loop
      vertex 15.6032 57.8705 0
      vertex 13.6526 58.7601 0
      vertex 13 59.1962 0
    endloop
  endfacet
  facet normal 0 0 -1
    outer loop
      vertex 15.6032 57.8705 0
      vertex 13 59.1962 0
      vertex 5 68 0
    endloop
  endfacet
  facet normal 0 0 -1
    outer loop
      vertex 5 68 0
      vertex 13 59.1962 0
      vertex 12.2961 59.5433 0
    endloop
  endfacet
  facet normal 0 0 -1
    outer loop
      vertex 5 68 0
      vertex 12.2961 59.5433 0
      vertex 11.5529 59.7956 0
    endloop
  endfacet
  facet normal 0 0 -1
    outer loop
      vertex 5 68 0
      vertex 11.5529 59.7956 0
      vertex 10.7832 59.9487 0
    endloop
  endfacet
  facet normal 0 0 -1
    outer loop
      vertex 5 68 0
      vertex 10.7832 59.9487 0
      vertex 10 60 0
    endloop
  endfacet
  facet normal 0 0 -1
    outer loop
      vertex 16.5503 57.3237 0
      vertex 5 68 0
      vertex 137 68 0
    endloop
  endfacet
  facet normal 0 0 -1
    outer loop
      vertex 9.21684 59.9487 0
      vertex 5 68 0
      vertex 10 60 0
    endloop
  endfacet
  facet normal 0 0 -1
    outer loop
      vertex 8.44709 59.7956 0
      vertex 5 68 0
      vertex 9.21684 59.9487 0
    endloop
  endfacet
  facet normal 0 0 -1
    outer loop
      vertex 7.7039 59.5433 0
      vertex 5 68 0
      vertex 8.44709 59.7956 0
    endloop
  endfacet
  facet normal 0 0 -1
    outer loop
      vertex 7 59.1962 0
      vertex 5 68 0
      vertex 7.7039 59.5433 0
    endloop
  endfacet
  facet normal 0 0 -1
    outer loop
      vertex 0 63 0
      vertex 7 59.1962 0
      vertex 6.34743 58.7601 0
    endloop
  endfacet
  facet normal 0 0 -1
    outer loop
      vertex 0 63 0
      vertex 6.34743 58.7601 0
      vertex 5.75736 58.2426 0
    endloop
  endfacet
  facet normal 0 0 -1
    outer loop
      vertex 0 63 0
      vertex 5.75736 58.2426 0
      vertex 5.23988 57.6526 0
    endloop
  endfacet
  facet normal 0 0 -1
    outer loop
      vertex 0 63 0
      vertex 5.23988 57.6526 0
      vertex 4.80385 57 0
    endloop
  endfacet
  facet normal 0 0 -1
    outer loop
      vertex 0 63 0
      vertex 4.80385 57 0
      vertex 4.45672 56.2961 0
    endloop
  endfacet
  facet normal 0 0 -1
    outer loop
      vertex 7 59.1962 0
      vertex 0 63 0
      vertex 0.0427752 63.6526 0
    endloop
  endfacet
  facet normal 0 0 -1
    outer loop
      vertex 0 63 0
      vertex 4.45672 56.2961 0
      vertex 4.20444 55.5529 0
    endloop
  endfacet
  facet normal 0 0 -1
    outer loop
      vertex 0 63 0
      vertex 4.20444 55.5529 0
      vertex 4.05133 54.7832 0
    endloop
  endfacet
  facet normal 0 0 -1
    outer loop
      vertex 0 63 0
      vertex 4.05133 54.7832 0
      vertex 4 54 0
    endloop
  endfacet
  facet normal 0 0 -1
    outer loop
      vertex 7 59.1962 0
      vertex 4.34737 67.9572 0
      vertex 5 68 0
    endloop
  endfacet
  facet normal -0 0 -1
    outer loop
      vertex 4.05133 53.2168 0
      vertex 0 45 0
      vertex 4 54 0
    endloop
  endfacet
  facet normal 0 0 -1
    outer loop
      vertex 1.46447 41.4645 0
      vertex 7 48.8038 0
      vertex 1.95619 41.0332 0
    endloop
  endfacet
  facet normal 0 0 -1
    outer loop
      vertex 0 63 0
      vertex 4 54 0
      vertex 0 45 0
    endloop
  endfacet
  facet normal 0 0 -1
    outer loop
      vertex 1.03323 41.9562 0
      vertex 7 48.8038 0
      vertex 1.46447 41.4645 0
    endloop
  endfacet
  facet normal 0 0 -1
    outer loop
      vertex 7 59.1962 0
      vertex 3.7059 67.8296 0
      vertex 4.34737 67.9572 0
    endloop
  endfacet
  facet normal 0 0 -1
    outer loop
      vertex 0.669872 42.5 0
      vertex 7 48.8038 0
      vertex 1.03323 41.9562 0
    endloop
  endfacet
  facet normal 0 0 -1
    outer loop
      vertex 7 59.1962 0
      vertex 3.08658 67.6194 0
      vertex 3.7059 67.8296 0
    endloop
  endfacet
  facet normal -0 0 -1
    outer loop
      vertex 6.34743 49.2399 0
      vertex 0 45 0
      vertex 5.75736 49.7574 0
    endloop
  endfacet
  facet normal 0 0 -1
    outer loop
      vertex 7 59.1962 0
      vertex 2.5 67.3301 0
      vertex 3.08658 67.6194 0
    endloop
  endfacet
  facet normal 0 0 -1
    outer loop
      vertex 0.380602 43.0866 0
      vertex 7 48.8038 0
      vertex 0.669872 42.5 0
    endloop
  endfacet
  facet normal 0 0 -1
    outer loop
      vertex 7 59.1962 0
      vertex 1.95619 66.9668 0
      vertex 2.5 67.3301 0
    endloop
  endfacet
  facet normal 0 0 -1
    outer loop
      vertex 0.17037 43.7059 0
      vertex 7 48.8038 0
      vertex 0.380602 43.0866 0
    endloop
  endfacet
  facet normal 0 0 -1
    outer loop
      vertex 7 59.1962 0
      vertex 1.46447 66.5355 0
      vertex 1.95619 66.9668 0
    endloop
  endfacet
  facet normal 0 0 -1
    outer loop
      vertex 0.0427752 44.3474 0
      vertex 7 48.8038 0
      vertex 0.17037 43.7059 0
    endloop
  endfacet
  facet normal 0 0 -1
    outer loop
      vertex 7 59.1962 0
      vertex 1.03323 66.0438 0
      vertex 1.46447 66.5355 0
    endloop
  endfacet
  facet normal 0 0 -1
    outer loop
      vertex 0 45 0
      vertex 7 48.8038 0
      vertex 0.0427752 44.3474 0
    endloop
  endfacet
  facet normal 0 0 -1
    outer loop
      vertex 7 59.1962 0
      vertex 0.669872 65.5 0
      vertex 1.03323 66.0438 0
    endloop
  endfacet
  facet normal -0 0 -1
    outer loop
      vertex 7 48.8038 0
      vertex 0 45 0
      vertex 6.34743 49.2399 0
    endloop
  endfacet
  facet normal 0 0 -1
    outer loop
      vertex 7 59.1962 0
      vertex 0.380602 64.9134 0
      vertex 0.669872 65.5 0
    endloop
  endfacet
  facet normal 0 0 -1
    outer loop
      vertex 7 59.1962 0
      vertex 0.17037 64.2941 0
      vertex 0.380602 64.9134 0
    endloop
  endfacet
  facet normal 0 0 -1
    outer loop
      vertex 7 59.1962 0
      vertex 0.0427752 63.6526 0
      vertex 0.17037 64.2941 0
    endloop
  endfacet
  facet normal 0.55537 0.831603 -0
    outer loop
      vertex 140.044 66.9668 0
      vertex 139.5 67.3301 8
      vertex 140.044 66.9668 8
    endloop
  endfacet
  facet normal 0.55537 0.831603 0
    outer loop
      vertex 139.5 67.3301 8
      vertex 140.044 66.9668 0
      vertex 139.5 67.3301 0
    endloop
  endfacet
  facet normal 0 1 -0
    outer loop
      vertex 137 68 0
      vertex 5 68 8
      vertex 137 68 8
    endloop
  endfacet
  facet normal 0 1 0
    outer loop
      vertex 5 68 8
      vertex 137 68 0
      vertex 5 68 0
    endloop
  endfacet
  facet normal 0.55537 -0.831603 0
    outer loop
      vertex 139.5 40.6699 0
      vertex 140.044 41.0332 8
      vertex 139.5 40.6699 8
    endloop
  endfacet
  facet normal 0.55537 -0.831603 0
    outer loop
      vertex 140.044 41.0332 8
      vertex 139.5 40.6699 0
      vertex 140.044 41.0332 0
    endloop
  endfacet
  facet normal -0.980787 0.195079 0
    outer loop
      vertex 0.0427752 63.6526 0
      vertex 0.17037 64.2941 8
      vertex 0.17037 64.2941 0
    endloop
  endfacet
  facet normal -0.980787 0.195079 0
    outer loop
      vertex 0.17037 64.2941 8
      vertex 0.0427752 63.6526 0
      vertex 0.0427752 63.6526 8
    endloop
  endfacet
  facet normal 0.831721 0.555194 0
    outer loop
      vertex 141.33 65.5 8
      vertex 140.967 66.0438 0
      vertex 140.967 66.0438 8
    endloop
  endfacet
  facet normal 0.831721 0.555194 0
    outer loop
      vertex 140.967 66.0438 0
      vertex 141.33 65.5 8
      vertex 141.33 65.5 0
    endloop
  endfacet
  facet normal 0.946569 -0.322503 0
    outer loop
      vertex 141.619 43.0866 8
      vertex 141.83 43.7059 0
      vertex 141.83 43.7059 8
    endloop
  endfacet
  facet normal 0.946569 -0.322503 0
    outer loop
      vertex 141.83 43.7059 0
      vertex 141.619 43.0866 8
      vertex 141.619 43.0866 0
    endloop
  endfacet
  facet normal -0.946926 -0.32145 0
    outer loop
      vertex 0.380602 43.0866 0
      vertex 0.17037 43.7059 8
      vertex 0.17037 43.7059 0
    endloop
  endfacet
  facet normal -0.946926 -0.32145 0
    outer loop
      vertex 0.17037 43.7059 8
      vertex 0.380602 43.0866 0
      vertex 0.380602 43.0866 8
    endloop
  endfacet
  facet normal 0.321546 -0.946894 0
    outer loop
      vertex 138.294 40.1704 0
      vertex 138.913 40.3806 8
      vertex 138.294 40.1704 8
    endloop
  endfacet
  facet normal 0.321546 -0.946894 0
    outer loop
      vertex 138.913 40.3806 8
      vertex 138.294 40.1704 0
      vertex 138.913 40.3806 0
    endloop
  endfacet
  facet normal -0.442327 0.896854 0
    outer loop
      vertex 3.08658 67.6194 0
      vertex 2.5 67.3301 8
      vertex 3.08658 67.6194 8
    endloop
  endfacet
  facet normal -0.442327 0.896854 0
    outer loop
      vertex 2.5 67.3301 8
      vertex 3.08658 67.6194 0
      vertex 2.5 67.3301 0
    endloop
  endfacet
  facet normal 0.980961 0.194204 0
    outer loop
      vertex 141.957 63.6526 8
      vertex 141.83 64.2941 0
      vertex 141.83 64.2941 8
    endloop
  endfacet
  facet normal 0.980961 0.194204 0
    outer loop
      vertex 141.83 64.2941 0
      vertex 141.957 63.6526 8
      vertex 141.957 63.6526 0
    endloop
  endfacet
  facet normal 0.997836 0.0657477 0
    outer loop
      vertex 142 63 8
      vertex 141.957 63.6526 0
      vertex 141.957 63.6526 8
    endloop
  endfacet
  facet normal 0.997836 0.0657477 0
    outer loop
      vertex 141.957 63.6526 0
      vertex 142 63 8
      vertex 142 63 0
    endloop
  endfacet
  facet normal -0.555504 0.831514 0
    outer loop
      vertex 2.5 67.3301 0
      vertex 1.95619 66.9668 8
      vertex 2.5 67.3301 8
    endloop
  endfacet
  facet normal -0.555504 0.831514 0
    outer loop
      vertex 1.95619 66.9668 8
      vertex 2.5 67.3301 0
      vertex 1.95619 66.9668 0
    endloop
  endfacet
  facet normal -0.659409 -0.751784 0
    outer loop
      vertex 1.46447 41.4645 0
      vertex 1.95619 41.0332 8
      vertex 1.46447 41.4645 8
    endloop
  endfacet
  facet normal -0.659409 -0.751784 -0
    outer loop
      vertex 1.95619 41.0332 8
      vertex 1.46447 41.4645 0
      vertex 1.95619 41.0332 0
    endloop
  endfacet
  facet normal 0.0654033 0.997859 -0
    outer loop
      vertex 137.653 67.9572 0
      vertex 137 68 8
      vertex 137.653 67.9572 8
    endloop
  endfacet
  facet normal 0.0654033 0.997859 0
    outer loop
      vertex 137 68 8
      vertex 137.653 67.9572 0
      vertex 137 68 0
    endloop
  endfacet
  facet normal 0.195233 0.980757 -0
    outer loop
      vertex 138.294 67.8296 0
      vertex 137.653 67.9572 8
      vertex 138.294 67.8296 8
    endloop
  endfacet
  facet normal 0.195233 0.980757 0
    outer loop
      vertex 137.653 67.9572 8
      vertex 138.294 67.8296 0
      vertex 137.653 67.9572 0
    endloop
  endfacet
  facet normal -0.751817 -0.659372 0
    outer loop
      vertex 1.46447 41.4645 0
      vertex 1.03323 41.9562 8
      vertex 1.03323 41.9562 0
    endloop
  endfacet
  facet normal -0.751817 -0.659372 0
    outer loop
      vertex 1.03323 41.9562 8
      vertex 1.46447 41.4645 0
      vertex 1.46447 41.4645 8
    endloop
  endfacet
  facet normal 0 0 1
    outer loop
      vertex 137 68 8
      vertex 142 63 8
      vertex 141.957 63.6526 8
    endloop
  endfacet
  facet normal 0 0 1
    outer loop
      vertex 142 63 8
      vertex 130.25 54 8
      vertex 142 45 8
    endloop
  endfacet
  facet normal 0 0 1
    outer loop
      vertex 137 68 8
      vertex 141.957 63.6526 8
      vertex 141.83 64.2941 8
    endloop
  endfacet
  facet normal -0 0 1
    outer loop
      vertex 130.231 53.7063 8
      vertex 142 45 8
      vertex 130.25 54 8
    endloop
  endfacet
  facet normal 0 0 1
    outer loop
      vertex 137 68 8
      vertex 141.83 64.2941 8
      vertex 141.619 64.9134 8
    endloop
  endfacet
  facet normal -0 0 1
    outer loop
      vertex 130.173 53.4177 8
      vertex 142 45 8
      vertex 130.231 53.7063 8
    endloop
  endfacet
  facet normal 0 0 1
    outer loop
      vertex 137 68 8
      vertex 141.619 64.9134 8
      vertex 141.33 65.5 8
    endloop
  endfacet
  facet normal -0 0 1
    outer loop
      vertex 130.079 53.139 8
      vertex 142 45 8
      vertex 130.173 53.4177 8
    endloop
  endfacet
  facet normal 0 0 1
    outer loop
      vertex 137 68 8
      vertex 141.33 65.5 8
      vertex 140.967 66.0438 8
    endloop
  endfacet
  facet normal -0 0 1
    outer loop
      vertex 129.949 52.875 8
      vertex 142 45 8
      vertex 130.079 53.139 8
    endloop
  endfacet
  facet normal 0 0 1
    outer loop
      vertex 137 68 8
      vertex 140.967 66.0438 8
      vertex 140.536 66.5355 8
    endloop
  endfacet
  facet normal -0 0 1
    outer loop
      vertex 129.785 52.6303 8
      vertex 142 45 8
      vertex 129.949 52.875 8
    endloop
  endfacet
  facet normal 0 0 1
    outer loop
      vertex 137 68 8
      vertex 140.536 66.5355 8
      vertex 140.044 66.9668 8
    endloop
  endfacet
  facet normal -0 0 1
    outer loop
      vertex 129.591 52.409 8
      vertex 142 45 8
      vertex 129.785 52.6303 8
    endloop
  endfacet
  facet normal 0 0 1
    outer loop
      vertex 137 68 8
      vertex 140.044 66.9668 8
      vertex 139.5 67.3301 8
    endloop
  endfacet
  facet normal 0 -0 1
    outer loop
      vertex 137 40 8
      vertex 142 45 8
      vertex 129.591 52.409 8
    endloop
  endfacet
  facet normal 0 0 1
    outer loop
      vertex 137 68 8
      vertex 139.5 67.3301 8
      vertex 138.913 67.6194 8
    endloop
  endfacet
  facet normal 0 0 1
    outer loop
      vertex 142 45 8
      vertex 137 40 8
      vertex 141.957 44.3474 8
    endloop
  endfacet
  facet normal 0 0 1
    outer loop
      vertex 137 68 8
      vertex 138.913 67.6194 8
      vertex 138.294 67.8296 8
    endloop
  endfacet
  facet normal 0 0 1
    outer loop
      vertex 141.83 43.7059 8
      vertex 137 40 8
      vertex 141.619 43.0866 8
    endloop
  endfacet
  facet normal 0 0 1
    outer loop
      vertex 137 68 8
      vertex 138.294 67.8296 8
      vertex 137.653 67.9572 8
    endloop
  endfacet
  facet normal 0 0 1
    outer loop
      vertex 141.619 43.0866 8
      vertex 137 40 8
      vertex 141.33 42.5 8
    endloop
  endfacet
  facet normal 0 0 1
    outer loop
      vertex 142 63 8
      vertex 137 68 8
      vertex 129.591 55.591 8
    endloop
  endfacet
  facet normal 0 0 1
    outer loop
      vertex 141.33 42.5 8
      vertex 137 40 8
      vertex 140.967 41.9562 8
    endloop
  endfacet
  facet normal 0 0 1
    outer loop
      vertex 140.967 41.9562 8
      vertex 137 40 8
      vertex 140.536 41.4645 8
    endloop
  endfacet
  facet normal 0 0 1
    outer loop
      vertex 142 63 8
      vertex 130.231 54.2937 8
      vertex 130.25 54 8
    endloop
  endfacet
  facet normal 0 0 1
    outer loop
      vertex 142 63 8
      vertex 130.173 54.5823 8
      vertex 130.231 54.2937 8
    endloop
  endfacet
  facet normal 0 0 1
    outer loop
      vertex 142 63 8
      vertex 130.079 54.861 8
      vertex 130.173 54.5823 8
    endloop
  endfacet
  facet normal 0 0 1
    outer loop
      vertex 142 63 8
      vertex 129.949 55.125 8
      vertex 130.079 54.861 8
    endloop
  endfacet
  facet normal 0 0 1
    outer loop
      vertex 142 63 8
      vertex 129.785 55.3697 8
      vertex 129.949 55.125 8
    endloop
  endfacet
  facet normal 0 0 1
    outer loop
      vertex 142 63 8
      vertex 129.591 55.591 8
      vertex 129.785 55.3697 8
    endloop
  endfacet
  facet normal 0 0 1
    outer loop
      vertex 137 68 8
      vertex 129.37 55.785 8
      vertex 129.591 55.591 8
    endloop
  endfacet
  facet normal 0 0 1
    outer loop
      vertex 137 68 8
      vertex 129.125 55.9486 8
      vertex 129.37 55.785 8
    endloop
  endfacet
  facet normal 0 0 1
    outer loop
      vertex 137 68 8
      vertex 128.861 56.0787 8
      vertex 129.125 55.9486 8
    endloop
  endfacet
  facet normal 0 0 1
    outer loop
      vertex 137 68 8
      vertex 128.582 56.1733 8
      vertex 128.861 56.0787 8
    endloop
  endfacet
  facet normal 0 0 1
    outer loop
      vertex 137 68 8
      vertex 128.294 56.2308 8
      vertex 128.582 56.1733 8
    endloop
  endfacet
  facet normal 0 0 1
    outer loop
      vertex 137 68 8
      vertex 128 56.25 8
      vertex 128.294 56.2308 8
    endloop
  endfacet
  facet normal 0 0 1
    outer loop
      vertex 137 68 8
      vertex 127.706 56.2308 8
      vertex 128 56.25 8
    endloop
  endfacet
  facet normal 0 0 1
    outer loop
      vertex 137 68 8
      vertex 127.418 56.1733 8
      vertex 127.706 56.2308 8
    endloop
  endfacet
  facet normal 0 0 1
    outer loop
      vertex 137 68 8
      vertex 127.139 56.0787 8
      vertex 127.418 56.1733 8
    endloop
  endfacet
  facet normal 0 0 1
    outer loop
      vertex 137 68 8
      vertex 126.875 55.9486 8
      vertex 127.139 56.0787 8
    endloop
  endfacet
  facet normal 0 0 1
    outer loop
      vertex 137 68 8
      vertex 126.63 55.785 8
      vertex 126.875 55.9486 8
    endloop
  endfacet
  facet normal 0 0 1
    outer loop
      vertex 137 68 8
      vertex 126.409 55.591 8
      vertex 126.63 55.785 8
    endloop
  endfacet
  facet normal 0 0 1
    outer loop
      vertex 15.591 55.591 8
      vertex 126.409 55.591 8
      vertex 137 68 8
    endloop
  endfacet
  facet normal 0 0 1
    outer loop
      vertex 125.769 54.2937 8
      vertex 16.25 54 8
      vertex 125.75 54 8
    endloop
  endfacet
  facet normal 0 0 1
    outer loop
      vertex 16.2308 54.2937 8
      vertex 125.769 54.2937 8
      vertex 125.827 54.5823 8
    endloop
  endfacet
  facet normal 0 0 1
    outer loop
      vertex 16.1733 54.5823 8
      vertex 125.827 54.5823 8
      vertex 125.921 54.861 8
    endloop
  endfacet
  facet normal 0 0 1
    outer loop
      vertex 16.0787 54.861 8
      vertex 125.921 54.861 8
      vertex 126.051 55.125 8
    endloop
  endfacet
  facet normal 0 0 1
    outer loop
      vertex 15.9486 55.125 8
      vertex 126.051 55.125 8
      vertex 126.215 55.3697 8
    endloop
  endfacet
  facet normal 0 0 1
    outer loop
      vertex 126.409 55.591 8
      vertex 15.591 55.591 8
      vertex 126.215 55.3697 8
    endloop
  endfacet
  facet normal 0 0 1
    outer loop
      vertex 125.769 54.2937 8
      vertex 16.2308 54.2937 8
      vertex 16.25 54 8
    endloop
  endfacet
  facet normal 0 0 1
    outer loop
      vertex 125.827 54.5823 8
      vertex 16.1733 54.5823 8
      vertex 16.2308 54.2937 8
    endloop
  endfacet
  facet normal 0 0 1
    outer loop
      vertex 125.921 54.861 8
      vertex 16.0787 54.861 8
      vertex 16.1733 54.5823 8
    endloop
  endfacet
  facet normal 0 0 1
    outer loop
      vertex 126.051 55.125 8
      vertex 15.9486 55.125 8
      vertex 16.0787 54.861 8
    endloop
  endfacet
  facet normal 0 0 1
    outer loop
      vertex 126.215 55.3697 8
      vertex 15.785 55.3697 8
      vertex 15.9486 55.125 8
    endloop
  endfacet
  facet normal 0 0 1
    outer loop
      vertex 126.215 55.3697 8
      vertex 15.591 55.591 8
      vertex 15.785 55.3697 8
    endloop
  endfacet
  facet normal -0 0 1
    outer loop
      vertex 5 68 8
      vertex 15.591 55.591 8
      vertex 137 68 8
    endloop
  endfacet
  facet normal 0 0 1
    outer loop
      vertex 15.591 55.591 8
      vertex 5 68 8
      vertex 15.3697 55.785 8
    endloop
  endfacet
  facet normal 0 0 1
    outer loop
      vertex 15.3697 55.785 8
      vertex 5 68 8
      vertex 15.125 55.9486 8
    endloop
  endfacet
  facet normal 0 0 1
    outer loop
      vertex 15.125 55.9486 8
      vertex 5 68 8
      vertex 14.861 56.0787 8
    endloop
  endfacet
  facet normal 0 0 1
    outer loop
      vertex 14.861 56.0787 8
      vertex 5 68 8
      vertex 14.5823 56.1733 8
    endloop
  endfacet
  facet normal 0 0 1
    outer loop
      vertex 14.5823 56.1733 8
      vertex 5 68 8
      vertex 14.2937 56.2308 8
    endloop
  endfacet
  facet normal 0 0 1
    outer loop
      vertex 14.2937 56.2308 8
      vertex 5 68 8
      vertex 14 56.25 8
    endloop
  endfacet
  facet normal 0 0 1
    outer loop
      vertex 11.8267 54.5823 8
      vertex 0 63 8
      vertex 11.7692 54.2937 8
    endloop
  endfacet
  facet normal 0 0 1
    outer loop
      vertex 11.9213 54.861 8
      vertex 0 63 8
      vertex 11.8267 54.5823 8
    endloop
  endfacet
  facet normal 0 0 1
    outer loop
      vertex 12.0514 55.125 8
      vertex 0 63 8
      vertex 11.9213 54.861 8
    endloop
  endfacet
  facet normal 0 0 1
    outer loop
      vertex 12.215 55.3697 8
      vertex 0 63 8
      vertex 12.0514 55.125 8
    endloop
  endfacet
  facet normal 0 0 1
    outer loop
      vertex 12.409 55.591 8
      vertex 0 63 8
      vertex 12.215 55.3697 8
    endloop
  endfacet
  facet normal -0 0 1
    outer loop
      vertex 0 63 8
      vertex 12.409 55.591 8
      vertex 5 68 8
    endloop
  endfacet
  facet normal 0 0 1
    outer loop
      vertex 12.6303 55.785 8
      vertex 5 68 8
      vertex 12.409 55.591 8
    endloop
  endfacet
  facet normal 0 0 1
    outer loop
      vertex 12.875 55.9486 8
      vertex 5 68 8
      vertex 12.6303 55.785 8
    endloop
  endfacet
  facet normal 0 0 1
    outer loop
      vertex 13.139 56.0787 8
      vertex 5 68 8
      vertex 12.875 55.9486 8
    endloop
  endfacet
  facet normal 0 0 1
    outer loop
      vertex 13.4177 56.1733 8
      vertex 5 68 8
      vertex 13.139 56.0787 8
    endloop
  endfacet
  facet normal 0 0 1
    outer loop
      vertex 13.7063 56.2308 8
      vertex 5 68 8
      vertex 13.4177 56.1733 8
    endloop
  endfacet
  facet normal 0 0 1
    outer loop
      vertex 14 56.25 8
      vertex 5 68 8
      vertex 13.7063 56.2308 8
    endloop
  endfacet
  facet normal 0 0 1
    outer loop
      vertex 140.536 41.4645 8
      vertex 137 40 8
      vertex 140.044 41.0332 8
    endloop
  endfacet
  facet normal 0 0 1
    outer loop
      vertex 140.044 41.0332 8
      vertex 137 40 8
      vertex 139.5 40.6699 8
    endloop
  endfacet
  facet normal 0 0 1
    outer loop
      vertex 139.5 40.6699 8
      vertex 137 40 8
      vertex 138.913 40.3806 8
    endloop
  endfacet
  facet normal 0 0 1
    outer loop
      vertex 138.294 40.1704 8
      vertex 137 40 8
      vertex 137.653 40.0428 8
    endloop
  endfacet
  facet normal 0 0 1
    outer loop
      vertex 138.913 40.3806 8
      vertex 137 40 8
      vertex 138.294 40.1704 8
    endloop
  endfacet
  facet normal 0 0 1
    outer loop
      vertex 141.957 44.3474 8
      vertex 137 40 8
      vertex 141.83 43.7059 8
    endloop
  endfacet
  facet normal -0 0 1
    outer loop
      vertex 129.37 52.215 8
      vertex 137 40 8
      vertex 129.591 52.409 8
    endloop
  endfacet
  facet normal -0 0 1
    outer loop
      vertex 129.125 52.0514 8
      vertex 137 40 8
      vertex 129.37 52.215 8
    endloop
  endfacet
  facet normal -0 0 1
    outer loop
      vertex 128.861 51.9213 8
      vertex 137 40 8
      vertex 129.125 52.0514 8
    endloop
  endfacet
  facet normal -0 0 1
    outer loop
      vertex 128.582 51.8267 8
      vertex 137 40 8
      vertex 128.861 51.9213 8
    endloop
  endfacet
  facet normal -0 0 1
    outer loop
      vertex 128.294 51.7692 8
      vertex 137 40 8
      vertex 128.582 51.8267 8
    endloop
  endfacet
  facet normal -0 0 1
    outer loop
      vertex 128 51.75 8
      vertex 137 40 8
      vertex 128.294 51.7692 8
    endloop
  endfacet
  facet normal 0 0 1
    outer loop
      vertex 127.706 51.7692 8
      vertex 137 40 8
      vertex 128 51.75 8
    endloop
  endfacet
  facet normal 0 0 1
    outer loop
      vertex 127.418 51.8267 8
      vertex 137 40 8
      vertex 127.706 51.7692 8
    endloop
  endfacet
  facet normal 0 0 1
    outer loop
      vertex 127.139 51.9213 8
      vertex 137 40 8
      vertex 127.418 51.8267 8
    endloop
  endfacet
  facet normal 0 0 1
    outer loop
      vertex 126.875 52.0514 8
      vertex 137 40 8
      vertex 127.139 51.9213 8
    endloop
  endfacet
  facet normal 0 0 1
    outer loop
      vertex 126.63 52.215 8
      vertex 137 40 8
      vertex 126.875 52.0514 8
    endloop
  endfacet
  facet normal 0 0 1
    outer loop
      vertex 126.409 52.409 8
      vertex 137 40 8
      vertex 126.63 52.215 8
    endloop
  endfacet
  facet normal 0 0 1
    outer loop
      vertex 15.591 52.409 8
      vertex 126.409 52.409 8
      vertex 126.215 52.6303 8
    endloop
  endfacet
  facet normal -0 0 1
    outer loop
      vertex 16.25 54 8
      vertex 125.769 53.7063 8
      vertex 125.75 54 8
    endloop
  endfacet
  facet normal 0 0 1
    outer loop
      vertex 16.2308 53.7063 8
      vertex 125.769 53.7063 8
      vertex 16.25 54 8
    endloop
  endfacet
  facet normal 0 0 1
    outer loop
      vertex 125.769 53.7063 8
      vertex 16.2308 53.7063 8
      vertex 125.827 53.4177 8
    endloop
  endfacet
  facet normal 0 0 1
    outer loop
      vertex 16.1733 53.4177 8
      vertex 125.827 53.4177 8
      vertex 16.2308 53.7063 8
    endloop
  endfacet
  facet normal 0 0 1
    outer loop
      vertex 125.827 53.4177 8
      vertex 16.1733 53.4177 8
      vertex 125.921 53.139 8
    endloop
  endfacet
  facet normal 0 0 1
    outer loop
      vertex 16.0787 53.139 8
      vertex 125.921 53.139 8
      vertex 16.1733 53.4177 8
    endloop
  endfacet
  facet normal 0 0 1
    outer loop
      vertex 125.921 53.139 8
      vertex 16.0787 53.139 8
      vertex 126.051 52.875 8
    endloop
  endfacet
  facet normal 0 0 1
    outer loop
      vertex 15.9486 52.875 8
      vertex 126.051 52.875 8
      vertex 16.0787 53.139 8
    endloop
  endfacet
  facet normal 0 0 1
    outer loop
      vertex 126.051 52.875 8
      vertex 15.9486 52.875 8
      vertex 126.215 52.6303 8
    endloop
  endfacet
  facet normal 0 0 1
    outer loop
      vertex 15.785 52.6303 8
      vertex 126.215 52.6303 8
      vertex 15.9486 52.875 8
    endloop
  endfacet
  facet normal 0 0 1
    outer loop
      vertex 15.591 52.409 8
      vertex 126.215 52.6303 8
      vertex 15.785 52.6303 8
    endloop
  endfacet
  facet normal 0 0 1
    outer loop
      vertex 126.409 52.409 8
      vertex 15.591 52.409 8
      vertex 137 40 8
    endloop
  endfacet
  facet normal 0 0 1
    outer loop
      vertex 5 40 8
      vertex 15.591 52.409 8
      vertex 15.3697 52.215 8
    endloop
  endfacet
  facet normal 0 0 1
    outer loop
      vertex 5 40 8
      vertex 15.3697 52.215 8
      vertex 15.125 52.0514 8
    endloop
  endfacet
  facet normal 0 0 1
    outer loop
      vertex 5 40 8
      vertex 15.125 52.0514 8
      vertex 14.861 51.9213 8
    endloop
  endfacet
  facet normal 0 0 1
    outer loop
      vertex 5 40 8
      vertex 14.861 51.9213 8
      vertex 14.5823 51.8267 8
    endloop
  endfacet
  facet normal 0 0 1
    outer loop
      vertex 5 40 8
      vertex 14.5823 51.8267 8
      vertex 14.2937 51.7692 8
    endloop
  endfacet
  facet normal 0 0 1
    outer loop
      vertex 5 40 8
      vertex 14.2937 51.7692 8
      vertex 14 51.75 8
    endloop
  endfacet
  facet normal 0 0 1
    outer loop
      vertex 5 40 8
      vertex 14 51.75 8
      vertex 13.7063 51.7692 8
    endloop
  endfacet
  facet normal 0 0 1
    outer loop
      vertex 11.7692 54.2937 8
      vertex 0 63 8
      vertex 11.75 54 8
    endloop
  endfacet
  facet normal 0 0 1
    outer loop
      vertex 0 45 8
      vertex 11.75 54 8
      vertex 0 63 8
    endloop
  endfacet
  facet normal 0 0 1
    outer loop
      vertex 11.75 54 8
      vertex 0 45 8
      vertex 11.7692 53.7063 8
    endloop
  endfacet
  facet normal 0 0 1
    outer loop
      vertex 15.591 52.409 8
      vertex 5 40 8
      vertex 137 40 8
    endloop
  endfacet
  facet normal 0 0 1
    outer loop
      vertex 13.4177 51.8267 8
      vertex 5 40 8
      vertex 13.7063 51.7692 8
    endloop
  endfacet
  facet normal 0 0 1
    outer loop
      vertex 13.139 51.9213 8
      vertex 5 40 8
      vertex 13.4177 51.8267 8
    endloop
  endfacet
  facet normal 0 0 1
    outer loop
      vertex 12.875 52.0514 8
      vertex 5 40 8
      vertex 13.139 51.9213 8
    endloop
  endfacet
  facet normal 0 0 1
    outer loop
      vertex 12.6303 52.215 8
      vertex 5 40 8
      vertex 12.875 52.0514 8
    endloop
  endfacet
  facet normal 0 0 1
    outer loop
      vertex 12.409 52.409 8
      vertex 5 40 8
      vertex 12.6303 52.215 8
    endloop
  endfacet
  facet normal 0 0 1
    outer loop
      vertex 0 45 8
      vertex 12.409 52.409 8
      vertex 12.215 52.6303 8
    endloop
  endfacet
  facet normal 0 0 1
    outer loop
      vertex 0 45 8
      vertex 12.215 52.6303 8
      vertex 12.0514 52.875 8
    endloop
  endfacet
  facet normal 0 0 1
    outer loop
      vertex 0 45 8
      vertex 12.0514 52.875 8
      vertex 11.9213 53.139 8
    endloop
  endfacet
  facet normal 0 0 1
    outer loop
      vertex 11.7692 53.7063 8
      vertex 0 45 8
      vertex 11.8267 53.4177 8
    endloop
  endfacet
  facet normal 0 0 1
    outer loop
      vertex 0 63 8
      vertex 5 68 8
      vertex 4.34737 67.9572 8
    endloop
  endfacet
  facet normal 0 0 1
    outer loop
      vertex 11.8267 53.4177 8
      vertex 0 45 8
      vertex 11.9213 53.139 8
    endloop
  endfacet
  facet normal 0 0 1
    outer loop
      vertex 0 63 8
      vertex 4.34737 67.9572 8
      vertex 3.7059 67.8296 8
    endloop
  endfacet
  facet normal 0 0 1
    outer loop
      vertex 12.409 52.409 8
      vertex 0 45 8
      vertex 5 40 8
    endloop
  endfacet
  facet normal 0 0 1
    outer loop
      vertex 0 63 8
      vertex 3.7059 67.8296 8
      vertex 3.08658 67.6194 8
    endloop
  endfacet
  facet normal 0 0 1
    outer loop
      vertex 5 40 8
      vertex 0 45 8
      vertex 4.34737 40.0428 8
    endloop
  endfacet
  facet normal 0 0 1
    outer loop
      vertex 0 63 8
      vertex 3.08658 67.6194 8
      vertex 2.5 67.3301 8
    endloop
  endfacet
  facet normal 0 0 1
    outer loop
      vertex 4.34737 40.0428 8
      vertex 0 45 8
      vertex 3.7059 40.1704 8
    endloop
  endfacet
  facet normal 0 0 1
    outer loop
      vertex 0 63 8
      vertex 2.5 67.3301 8
      vertex 1.95619 66.9668 8
    endloop
  endfacet
  facet normal 0 0 1
    outer loop
      vertex 3.7059 40.1704 8
      vertex 0 45 8
      vertex 3.08658 40.3806 8
    endloop
  endfacet
  facet normal 0 0 1
    outer loop
      vertex 0 63 8
      vertex 1.95619 66.9668 8
      vertex 1.46447 66.5355 8
    endloop
  endfacet
  facet normal 0 0 1
    outer loop
      vertex 3.08658 40.3806 8
      vertex 0 45 8
      vertex 2.5 40.6699 8
    endloop
  endfacet
  facet normal 0 0 1
    outer loop
      vertex 0 63 8
      vertex 1.46447 66.5355 8
      vertex 1.03323 66.0438 8
    endloop
  endfacet
  facet normal 0 0 1
    outer loop
      vertex 2.5 40.6699 8
      vertex 0 45 8
      vertex 1.95619 41.0332 8
    endloop
  endfacet
  facet normal 0 0 1
    outer loop
      vertex 0 63 8
      vertex 1.03323 66.0438 8
      vertex 0.669872 65.5 8
    endloop
  endfacet
  facet normal 0 0 1
    outer loop
      vertex 1.95619 41.0332 8
      vertex 0 45 8
      vertex 1.46447 41.4645 8
    endloop
  endfacet
  facet normal 0 0 1
    outer loop
      vertex 0 63 8
      vertex 0.669872 65.5 8
      vertex 0.380602 64.9134 8
    endloop
  endfacet
  facet normal 0 0 1
    outer loop
      vertex 1.46447 41.4645 8
      vertex 0 45 8
      vertex 1.03323 41.9562 8
    endloop
  endfacet
  facet normal 0 0 1
    outer loop
      vertex 0 63 8
      vertex 0.380602 64.9134 8
      vertex 0.17037 64.2941 8
    endloop
  endfacet
  facet normal 0 0 1
    outer loop
      vertex 1.03323 41.9562 8
      vertex 0 45 8
      vertex 0.669872 42.5 8
    endloop
  endfacet
  facet normal 0 0 1
    outer loop
      vertex 0 63 8
      vertex 0.17037 64.2941 8
      vertex 0.0427752 63.6526 8
    endloop
  endfacet
  facet normal 0 0 1
    outer loop
      vertex 0.669872 42.5 8
      vertex 0 45 8
      vertex 0.380602 43.0866 8
    endloop
  endfacet
  facet normal 0 0 1
    outer loop
      vertex 0.380602 43.0866 8
      vertex 0 45 8
      vertex 0.17037 43.7059 8
    endloop
  endfacet
  facet normal 0 0 1
    outer loop
      vertex 0.17037 43.7059 8
      vertex 0 45 8
      vertex 0.0427752 44.3474 8
    endloop
  endfacet
  facet normal 0.659197 -0.75197 0
    outer loop
      vertex 140.044 41.0332 0
      vertex 140.536 41.4645 8
      vertex 140.044 41.0332 8
    endloop
  endfacet
  facet normal 0.659197 -0.75197 0
    outer loop
      vertex 140.536 41.4645 8
      vertex 140.044 41.0332 0
      vertex 140.536 41.4645 0
    endloop
  endfacet
  facet normal 0.321546 0.946894 -0
    outer loop
      vertex 138.913 67.6194 0
      vertex 138.294 67.8296 8
      vertex 138.913 67.6194 8
    endloop
  endfacet
  facet normal 0.321546 0.946894 0
    outer loop
      vertex 138.294 67.8296 8
      vertex 138.913 67.6194 0
      vertex 138.294 67.8296 0
    endloop
  endfacet
  facet normal 0.897042 0.441945 0
    outer loop
      vertex 141.619 64.9134 8
      vertex 141.33 65.5 0
      vertex 141.33 65.5 8
    endloop
  endfacet
  facet normal 0.897042 0.441945 0
    outer loop
      vertex 141.33 65.5 0
      vertex 141.619 64.9134 8
      vertex 141.619 64.9134 0
    endloop
  endfacet
  facet normal -0.659409 0.751784 0
    outer loop
      vertex 1.95619 66.9668 0
      vertex 1.46447 66.5355 8
      vertex 1.95619 66.9668 8
    endloop
  endfacet
  facet normal -0.659409 0.751784 0
    outer loop
      vertex 1.46447 66.5355 8
      vertex 1.95619 66.9668 0
      vertex 1.46447 66.5355 0
    endloop
  endfacet
  facet normal 0.659197 0.75197 -0
    outer loop
      vertex 140.536 66.5355 0
      vertex 140.044 66.9668 8
      vertex 140.536 66.5355 8
    endloop
  endfacet
  facet normal 0.659197 0.75197 0
    outer loop
      vertex 140.044 66.9668 8
      vertex 140.536 66.5355 0
      vertex 140.044 66.9668 0
    endloop
  endfacet
  facet normal 0.831721 -0.555194 0
    outer loop
      vertex 140.967 41.9562 8
      vertex 141.33 42.5 0
      vertex 141.33 42.5 8
    endloop
  endfacet
  facet normal 0.831721 -0.555194 0
    outer loop
      vertex 141.33 42.5 0
      vertex 140.967 41.9562 8
      vertex 140.967 41.9562 0
    endloop
  endfacet
  facet normal -0.946926 0.32145 0
    outer loop
      vertex 0.17037 64.2941 0
      vertex 0.380602 64.9134 8
      vertex 0.380602 64.9134 0
    endloop
  endfacet
  facet normal -0.946926 0.32145 0
    outer loop
      vertex 0.380602 64.9134 8
      vertex 0.17037 64.2941 0
      vertex 0.17037 64.2941 8
    endloop
  endfacet
  facet normal -0.751817 0.659372 0
    outer loop
      vertex 1.03323 66.0438 0
      vertex 1.46447 66.5355 8
      vertex 1.46447 66.5355 0
    endloop
  endfacet
  facet normal -0.751817 0.659372 0
    outer loop
      vertex 1.46447 66.5355 8
      vertex 1.03323 66.0438 0
      vertex 1.03323 66.0438 8
    endloop
  endfacet
endsolid OpenSCAD_Model
