solid OpenSCAD_Model
  facet normal -0.55475 0.763244 -0.331226
    outer loop
      vertex -5.60025 7.34887 -3.16125
      vertex -5.67895 7.27917 -3.19005
      vertex -6.20025 6.95655 -3.06037
    endloop
  endfacet
  facet normal -0.555158 0.76524 -0.325894
    outer loop
      vertex -6.20025 7.0271 -2.89471
      vertex -5.60025 7.34887 -3.16125
      vertex -6.20025 6.95655 -3.06037
    endloop
  endfacet
  facet normal -0.554245 0.768346 -0.320088
    outer loop
      vertex -5.60025 7.41982 -2.99094
      vertex -5.60025 7.34887 -3.16125
      vertex -6.20025 7.0271 -2.89471
    endloop
  endfacet
  facet normal -0.555141 0.772753 -0.307688
    outer loop
      vertex -6.20025 7.09371 -2.72742
      vertex -5.60025 7.41982 -2.99094
      vertex -6.20025 7.0271 -2.89471
    endloop
  endfacet
  facet normal -0.554259 0.775529 -0.302244
    outer loop
      vertex -5.60025 7.48681 -2.81905
      vertex -5.60025 7.41982 -2.99094
      vertex -6.20025 7.09371 -2.72742
    endloop
  endfacet
  facet normal -0.555112 0.77986 -0.289255
    outer loop
      vertex -6.20025 7.15633 -2.55859
      vertex -5.60025 7.48681 -2.81905
      vertex -6.20025 7.09371 -2.72742
    endloop
  endfacet
  facet normal -0.55429 0.782257 -0.284318
    outer loop
      vertex -5.60025 7.54983 -2.64566
      vertex -5.60025 7.48681 -2.81905
      vertex -6.20025 7.15633 -2.55859
    endloop
  endfacet
  facet normal -0.555097 0.786495 -0.270726
    outer loop
      vertex -6.20025 7.21494 -2.38832
      vertex -5.60025 7.54983 -2.64566
      vertex -6.20025 7.15633 -2.55859
    endloop
  endfacet
  facet normal -0.554317 0.788596 -0.266174
    outer loop
      vertex -5.60025 7.60883 -2.47086
      vertex -5.60025 7.54983 -2.64566
      vertex -6.20025 7.21494 -2.38832
    endloop
  endfacet
  facet normal -0.555069 0.79271 -0.25201
    outer loop
      vertex -6.20025 7.26949 -2.21673
      vertex -5.60025 7.60883 -2.47086
      vertex -6.20025 7.21494 -2.38832
    endloop
  endfacet
  facet normal -0.554347 0.794508 -0.247903
    outer loop
      vertex -5.60025 7.66378 -2.29475
      vertex -5.60025 7.60883 -2.47086
      vertex -6.20025 7.26949 -2.21673
    endloop
  endfacet
  facet normal -0.555038 0.798471 -0.23319
    outer loop
      vertex -6.20025 7.31997 -2.04388
      vertex -5.60025 7.66378 -2.29475
      vertex -6.20025 7.26949 -2.21673
    endloop
  endfacet
  facet normal -0.554378 0.799987 -0.229534
    outer loop
      vertex -5.60025 7.71466 -2.11742
      vertex -5.60025 7.66378 -2.29475
      vertex -6.20025 7.31997 -2.04388
    endloop
  endfacet
  facet normal -0.555003 0.803789 -0.21423
    outer loop
      vertex -6.20025 7.36634 -1.8699
      vertex -5.60025 7.71466 -2.11742
      vertex -6.20025 7.31997 -2.04388
    endloop
  endfacet
  facet normal -0.554403 0.80506 -0.210987
    outer loop
      vertex -5.60025 7.76143 -1.93896
      vertex -5.60025 7.71466 -2.11742
      vertex -6.20025 7.36634 -1.8699
    endloop
  endfacet
  facet normal -0.554957 0.80868 -0.19509
    outer loop
      vertex -6.20025 7.40857 -1.69485
      vertex -5.60025 7.76143 -1.93896
      vertex -6.20025 7.36634 -1.8699
    endloop
  endfacet
  facet normal -0.554446 0.809676 -0.192393
    outer loop
      vertex -5.60025 7.80408 -1.75947
      vertex -5.60025 7.76143 -1.93896
      vertex -6.20025 7.40857 -1.69485
    endloop
  endfacet
  facet normal -0.554922 0.813096 -0.175888
    outer loop
      vertex -6.20025 7.44664 -1.51886
      vertex -5.60025 7.80408 -1.75947
      vertex -6.20025 7.40857 -1.69485
    endloop
  endfacet
  facet normal -0.554492 0.813865 -0.173672
    outer loop
      vertex -5.60025 7.84258 -1.57905
      vertex -5.60025 7.80408 -1.75947
      vertex -6.20025 7.44664 -1.51886
    endloop
  endfacet
  facet normal -0.554884 0.817052 -0.156619
    outer loop
      vertex -6.20025 7.48054 -1.34201
      vertex -5.60025 7.84258 -1.57905
      vertex -6.20025 7.44664 -1.51886
    endloop
  endfacet
  facet normal -0.554524 0.817642 -0.154805
    outer loop
      vertex -5.60025 7.8769 -1.39778
      vertex -5.60025 7.84258 -1.57905
      vertex -6.20025 7.48054 -1.34201
    endloop
  endfacet
  facet normal -0.554826 0.820579 -0.137179
    outer loop
      vertex -6.20025 7.51023 -1.16441
      vertex -5.60025 7.8769 -1.39778
      vertex -6.20025 7.48054 -1.34201
    endloop
  endfacet
  facet normal -0.554575 0.820954 -0.135946
    outer loop
      vertex -5.60025 7.90704 -1.21577
      vertex -5.60025 7.8769 -1.39778
      vertex -6.20025 7.51023 -1.16441
    endloop
  endfacet
  facet normal -0.554782 0.823624 -0.117733
    outer loop
      vertex -6.20025 7.53571 -0.98616
      vertex -5.60025 7.90704 -1.21577
      vertex -6.20025 7.51023 -1.16441
    endloop
  endfacet
  facet normal -0.55462 0.823843 -0.116957
    outer loop
      vertex -5.60025 7.93297 -1.03312
      vertex -5.60025 7.90704 -1.21577
      vertex -6.20025 7.53571 -0.98616
    endloop
  endfacet
  facet normal -0.554725 0.82622 -0.098189
    outer loop
      vertex -6.20025 7.55696 -0.80735
      vertex -5.60025 7.93297 -1.03312
      vertex -6.20025 7.53571 -0.98616
    endloop
  endfacet
  facet normal -0.554676 0.82628 -0.0979596
    outer loop
      vertex -5.60025 7.95469 -0.849914
      vertex -5.60025 7.93297 -1.03312
      vertex -6.20025 7.55696 -0.80735
    endloop
  endfacet
  facet normal -0.554675 0.828324 -0.0788352
    outer loop
      vertex -5.60025 7.97217 -0.666251
      vertex -5.60025 7.95469 -0.849914
      vertex -6.20025 7.55696 -0.80735
    endloop
  endfacet
  facet normal -0.554732 0.828312 -0.0785555
    outer loop
      vertex -6.20025 7.57396 -0.628097
      vertex -5.60025 7.97217 -0.666251
      vertex -6.20025 7.55696 -0.80735
    endloop
  endfacet
  facet normal -0.554625 0.829955 -0.059719
    outer loop
      vertex -5.60025 7.98541 -0.482246
      vertex -5.60025 7.97217 -0.666251
      vertex -6.20025 7.57396 -0.628097
    endloop
  endfacet
  facet normal -0.554778 0.829907 -0.058956
    outer loop
      vertex -6.20025 7.58672 -0.448478
      vertex -5.60025 7.98541 -0.482246
      vertex -6.20025 7.57396 -0.628097
    endloop
  endfacet
  facet normal -0.554568 0.831148 -0.0405937
    outer loop
      vertex -5.60025 7.99441 -0.297973
      vertex -5.60025 7.98541 -0.482246
      vertex -6.20025 7.58672 -0.448478
    endloop
  endfacet
  facet normal -0.554835 0.831035 -0.039227
    outer loop
      vertex -6.20025 7.59521 -0.268615
      vertex -5.60025 7.99441 -0.297973
      vertex -6.20025 7.58672 -0.448478
    endloop
  endfacet
  facet normal -0.55453 0.831889 -0.0213808
    outer loop
      vertex -5.60025 7.99915 -0.113548
      vertex -5.60025 7.99441 -0.297973
      vertex -6.20025 7.59521 -0.268615
    endloop
  endfacet
  facet normal -0.554879 0.831702 -0.0195433
    outer loop
      vertex -6.20025 7.59944 -0.0885995
      vertex -5.60025 7.99915 -0.113548
      vertex -6.20025 7.59521 -0.268615
    endloop
  endfacet
  facet normal -0.554485 0.832191 -0.00225542
    outer loop
      vertex -5.60025 7.99965 0.0709387
      vertex -5.60025 7.99915 -0.113548
      vertex -6.20025 7.59944 -0.0885995
    endloop
  endfacet
  facet normal -0.554927 0.831899 0.000138603
    outer loop
      vertex -5.60025 7.99965 0.0709387
      vertex -6.20025 7.59944 -0.0885995
      vertex -6.20025 7.59941 0.0914618
    endloop
  endfacet
  facet normal -0.55462 0.832024 0.0115681
    outer loop
      vertex -6.05355 7.69664 0.131661
      vertex -5.60025 7.99965 0.0709387
      vertex -6.20025 7.59941 0.0914618
    endloop
  endfacet
  facet normal -0.554667 0.760946 -0.33661
    outer loop
      vertex -5.67895 7.27917 -3.19005
      vertex -5.75657 7.20994 -3.21865
      vertex -6.20025 6.95655 -3.06037
    endloop
  endfacet
  facet normal -0.554996 0.758668 -0.341178
    outer loop
      vertex -5.75657 7.20994 -3.21865
      vertex -5.83312 7.14116 -3.24707
      vertex -6.20025 6.95655 -3.06037
    endloop
  endfacet
  facet normal -0.555736 0.756494 -0.344782
    outer loop
      vertex -5.83312 7.14116 -3.24707
      vertex -5.90862 7.07283 -3.2753
      vertex -6.20025 6.95655 -3.06037
    endloop
  endfacet
  facet normal -0.555343 0.757197 -0.34387
    outer loop
      vertex -6.20025 6.95655 -3.06037
      vertex -5.90862 7.07283 -3.2753
      vertex -6.20025 6.88209 -3.22433
    endloop
  endfacet
  facet normal -0.554318 0.752467 -0.355703
    outer loop
      vertex -5.90862 7.07283 -3.2753
      vertex -6.05649 6.93746 -3.33123
      vertex -6.20025 6.88209 -3.22433
    endloop
  endfacet
  facet normal -0.556757 0.747984 -0.361306
    outer loop
      vertex -6.20025 6.88209 -3.22433
      vertex -6.05649 6.93746 -3.33123
      vertex -6.20025 6.80377 -3.38647
    endloop
  endfacet
  facet normal -0.554332 0.83217 0.014443
    outer loop
      vertex -5.90468 7.7951 0.172372
      vertex -5.60025 7.99965 0.0709387
      vertex -6.05355 7.69664 0.131661
    endloop
  endfacet
  facet normal -0.553717 0.832531 0.0170164
    outer loop
      vertex -5.60025 7.99588 0.255387
      vertex -5.60025 7.99965 0.0709387
      vertex -5.90468 7.7951 0.172372
    endloop
  endfacet
  facet normal 0.0184056 0.358066 -0.933515
    outer loop
      vertex -5.75359 7.89484 0.213608
      vertex -5.60025 7.99588 0.255387
      vertex -5.90468 7.7951 0.172372
    endloop
  endfacet
  facet normal -2.15106e-05 -0.382085 0.924127
    outer loop
      vertex -5.60025 4.32518 -1.26228
      vertex -5.60025 7.99588 0.255387
      vertex -5.75359 7.89484 0.213608
    endloop
  endfacet
  facet normal 1.09458e-05 -0.382083 0.924128
    outer loop
      vertex -5.60025 4.32518 -1.26228
      vertex -5.75359 7.89484 0.213608
      vertex -5.90468 7.7951 0.172372
    endloop
  endfacet
  facet normal 0 -0.382084 0.924128
    outer loop
      vertex -5.60025 4.32518 -1.26228
      vertex -5.90468 7.7951 0.172372
      vertex -6.20025 4.32518 -1.26228
    endloop
  endfacet
  facet normal -1.53126e-05 -0.382083 0.924128
    outer loop
      vertex -5.90468 7.7951 0.172372
      vertex -6.05355 7.69664 0.131661
      vertex -6.20025 4.32518 -1.26228
    endloop
  endfacet
  facet normal 5.5575e-06 -0.382084 0.924128
    outer loop
      vertex -6.05355 7.69664 0.131661
      vertex -6.20025 7.59941 0.0914618
      vertex -6.20025 4.32518 -1.26228
    endloop
  endfacet
  facet normal 1 0 0
    outer loop
      vertex -5.60025 -0.6926 2.45194
      vertex -5.60025 0.478018 2.45194
      vertex -5.60025 0.476967 2.53846
    endloop
  endfacet
  facet normal 1 0 0
    outer loop
      vertex -5.60025 3.36501 -1.52779
      vertex -5.60025 3.61845 -0.920654
      vertex -5.60025 3.52373 -0.89331
    endloop
  endfacet
  facet normal 1 0 0
    outer loop
      vertex -5.60025 3.61845 -0.920654
      vertex -5.60025 3.45445 -1.55461
      vertex -5.60025 3.54266 -1.58559
    endloop
  endfacet
  facet normal 1 0 0
    outer loop
      vertex -5.60025 3.36501 -1.52779
      vertex -5.60025 3.52373 -0.89331
      vertex -5.60025 3.42822 -0.869605
    endloop
  endfacet
  facet normal 1 0 0
    outer loop
      vertex -5.60025 3.61845 -0.920654
      vertex -5.60025 3.36501 -1.52779
      vertex -5.60025 3.45445 -1.55461
    endloop
  endfacet
  facet normal 1 0 0
    outer loop
      vertex -5.60025 3.2745 -1.50518
      vertex -5.60025 3.42822 -0.869605
      vertex -5.60025 3.33199 -0.849548
    endloop
  endfacet
  facet normal 1 0 0
    outer loop
      vertex -5.60025 3.42822 -0.869605
      vertex -5.60025 3.2745 -1.50518
      vertex -5.60025 3.36501 -1.52779
    endloop
  endfacet
  facet normal 1 0 0
    outer loop
      vertex -5.60025 3.18307 -1.48682
      vertex -5.60025 3.33199 -0.849548
      vertex -5.60025 3.23513 -0.833129
    endloop
  endfacet
  facet normal 1 0 0
    outer loop
      vertex -5.60025 3.33199 -0.849548
      vertex -5.60025 3.18307 -1.48682
      vertex -5.60025 3.2745 -1.50518
    endloop
  endfacet
  facet normal 1 0 0
    outer loop
      vertex -5.60025 3.09089 -1.47277
      vertex -5.60025 3.23513 -0.833129
      vertex -5.60025 3.1377 -0.82035
    endloop
  endfacet
  facet normal 1 0 0
    outer loop
      vertex -5.60025 3.23513 -0.833129
      vertex -5.60025 3.09089 -1.47277
      vertex -5.60025 3.18307 -1.48682
    endloop
  endfacet
  facet normal 1 0 0
    outer loop
      vertex -5.60025 2.9981 -1.46306
      vertex -5.60025 3.1377 -0.82035
      vertex -5.60025 3.03979 -0.811225
    endloop
  endfacet
  facet normal 1 0 0
    outer loop
      vertex -5.60025 3.1377 -0.82035
      vertex -5.60025 2.9981 -1.46306
      vertex -5.60025 3.09089 -1.47277
    endloop
  endfacet
  facet normal 1 0 0
    outer loop
      vertex -5.60025 2.94147 -0.805747
      vertex -5.60025 2.9981 -1.46306
      vertex -5.60025 3.03979 -0.811225
    endloop
  endfacet
  facet normal 1 0 0
    outer loop
      vertex -5.60025 2.94147 -0.805747
      vertex -5.60025 2.90486 -1.45774
      vertex -5.60025 2.9981 -1.46306
    endloop
  endfacet
  facet normal 1 0 0
    outer loop
      vertex -5.60025 2.84281 -0.803924
      vertex -5.60025 2.90486 -1.45774
      vertex -5.60025 2.94147 -0.805747
    endloop
  endfacet
  facet normal 1 0 0
    outer loop
      vertex -5.60025 2.84281 -0.803924
      vertex -5.60025 2.81133 -1.45685
      vertex -5.60025 2.90486 -1.45774
    endloop
  endfacet
  facet normal 1 -0 0
    outer loop
      vertex -5.60025 2.76937 -0.805259
      vertex -5.60025 2.81133 -1.45685
      vertex -5.60025 2.84281 -0.803924
    endloop
  endfacet
  facet normal 1 0 0
    outer loop
      vertex -5.60025 2.76937 -0.805259
      vertex -5.60025 2.71794 -1.46042
      vertex -5.60025 2.81133 -1.45685
    endloop
  endfacet
  facet normal 1 -0 0
    outer loop
      vertex -5.60025 2.69599 -0.808341
      vertex -5.60025 2.71794 -1.46042
      vertex -5.60025 2.76937 -0.805259
    endloop
  endfacet
  facet normal 1 0 0
    outer loop
      vertex -5.60025 2.69599 -0.808341
      vertex -5.60025 2.6251 -1.46841
      vertex -5.60025 2.71794 -1.46042
    endloop
  endfacet
  facet normal 1 0 0
    outer loop
      vertex -5.60025 2.69599 -0.808341
      vertex -5.60025 2.53292 -1.4808
      vertex -5.60025 2.6251 -1.46841
    endloop
  endfacet
  facet normal 1 0 0
    outer loop
      vertex -5.60025 2.69599 -0.808341
      vertex -5.60025 2.44151 -1.49757
      vertex -5.60025 2.53292 -1.4808
    endloop
  endfacet
  facet normal 1 0 0
    outer loop
      vertex -5.60025 2.69599 -0.808341
      vertex -5.60025 2.35098 -1.51866
      vertex -5.60025 2.44151 -1.49757
    endloop
  endfacet
  facet normal 1 0 0
    outer loop
      vertex -5.60025 2.69599 -0.808341
      vertex -5.60025 2.26143 -1.54407
      vertex -5.60025 2.35098 -1.51866
    endloop
  endfacet
  facet normal 1 0 0
    outer loop
      vertex -5.60025 2.69599 -0.808341
      vertex -5.60025 2.17299 -1.57375
      vertex -5.60025 2.26143 -1.54407
    endloop
  endfacet
  facet normal 1 0 0
    outer loop
      vertex -5.60025 2.69599 -0.808341
      vertex -5.60025 2.08575 -1.60768
      vertex -5.60025 2.17299 -1.57375
    endloop
  endfacet
  facet normal 1 0 0
    outer loop
      vertex -5.60025 2.69599 -0.808341
      vertex -5.60025 2.04098 -1.62698
      vertex -5.60025 2.08575 -1.60768
    endloop
  endfacet
  facet normal 1 0 0
    outer loop
      vertex -5.60025 2.69599 -0.808341
      vertex -5.60025 1.99675 -1.64732
      vertex -5.60025 2.04098 -1.62698
    endloop
  endfacet
  facet normal 1 0 0
    outer loop
      vertex -5.60025 2.69599 -0.808341
      vertex -5.60025 1.9531 -1.66869
      vertex -5.60025 1.99675 -1.64732
    endloop
  endfacet
  facet normal 1 0 0
    outer loop
      vertex -5.60025 2.69599 -0.808341
      vertex -5.60025 1.91003 -1.69109
      vertex -5.60025 1.9531 -1.66869
    endloop
  endfacet
  facet normal 1 0 0
    outer loop
      vertex -5.60025 2.69599 -0.808341
      vertex -5.60025 1.86756 -1.71449
      vertex -5.60025 1.91003 -1.69109
    endloop
  endfacet
  facet normal 1 0 0
    outer loop
      vertex -5.60025 2.69599 -0.808341
      vertex -5.60025 1.82571 -1.73891
      vertex -5.60025 1.86756 -1.71449
    endloop
  endfacet
  facet normal 1 0 0
    outer loop
      vertex -5.60025 -1.05564 1.20174
      vertex -5.60025 1.82571 -1.73891
      vertex -5.60025 2.69599 -0.808341
    endloop
  endfacet
  facet normal 1 0 0
    outer loop
      vertex -5.60025 1.82571 -1.73891
      vertex -5.60025 -1.05564 1.20174
      vertex -5.60025 1.78449 -1.76432
    endloop
  endfacet
  facet normal 1 -0 0
    outer loop
      vertex -5.60025 -1.08698 1.1537
      vertex -5.60025 1.78449 -1.76432
      vertex -5.60025 -1.05564 1.20174
    endloop
  endfacet
  facet normal 1 0 0
    outer loop
      vertex -5.60025 1.78449 -1.76432
      vertex -5.60025 -1.08698 1.1537
      vertex -5.60025 1.74391 -1.79073
    endloop
  endfacet
  facet normal 1 -0 0
    outer loop
      vertex -5.60025 -1.1195 1.10645
      vertex -5.60025 1.74391 -1.79073
      vertex -5.60025 -1.08698 1.1537
    endloop
  endfacet
  facet normal 1 0 0
    outer loop
      vertex -5.60025 1.74391 -1.79073
      vertex -5.60025 -1.1195 1.10645
      vertex -5.60025 1.70401 -1.81812
    endloop
  endfacet
  facet normal 1 -0 0
    outer loop
      vertex -5.60025 -1.15316 1.05999
      vertex -5.60025 1.70401 -1.81812
      vertex -5.60025 -1.1195 1.10645
    endloop
  endfacet
  facet normal 1 0 0
    outer loop
      vertex -5.60025 1.70401 -1.81812
      vertex -5.60025 -1.15316 1.05999
      vertex -5.60025 1.66479 -1.84649
    endloop
  endfacet
  facet normal 1 0 0
    outer loop
      vertex -5.60025 1.66479 -1.84649
      vertex -5.60025 -1.18795 1.01436
      vertex -5.60025 1.62626 -1.87584
    endloop
  endfacet
  facet normal 1 -0 0
    outer loop
      vertex -5.60025 -1.22385 0.969575
      vertex -5.60025 1.62626 -1.87584
      vertex -5.60025 -1.18795 1.01436
    endloop
  endfacet
  facet normal 1 0 0
    outer loop
      vertex -5.60025 0.208554 -3.43713
      vertex -5.60025 0.868276 -3.43626
      vertex -5.60025 0.868789 -3.38757
    endloop
  endfacet
  facet normal 1 0 0
    outer loop
      vertex -5.60025 0.868276 -3.43626
      vertex -5.60025 0.806936 -5.10712
      vertex -5.60025 0.848619 -5.1566
    endloop
  endfacet
  facet normal 1 0 0
    outer loop
      vertex -5.60025 0.21171 -3.3126
      vertex -5.60025 0.868789 -3.38757
      vertex -5.60025 0.870512 -3.339
    endloop
  endfacet
  facet normal 1 0 0
    outer loop
      vertex -5.60025 0.868276 -3.43626
      vertex -5.60025 0.766493 -5.05667
      vertex -5.60025 0.806936 -5.10712
    endloop
  endfacet
  facet normal 1 -0 0
    outer loop
      vertex -5.60025 0.21171 -3.3126
      vertex -5.60025 0.870512 -3.339
      vertex -5.60025 0.873441 -3.29055
    endloop
  endfacet
  facet normal 1 0 0
    outer loop
      vertex -5.60025 0.868276 -3.43626
      vertex -5.60025 0.727304 -5.00526
      vertex -5.60025 0.766493 -5.05667
    endloop
  endfacet
  facet normal 1 0 0
    outer loop
      vertex -5.60025 0.868276 -3.43626
      vertex -5.60025 0.689388 -4.95293
      vertex -5.60025 0.727304 -5.00526
    endloop
  endfacet
  facet normal 1 0 0
    outer loop
      vertex -5.60025 0.21171 -3.3126
      vertex -5.60025 0.873441 -3.29055
      vertex -5.60025 0.877569 -3.24224
    endloop
  endfacet
  facet normal 1 0 0
    outer loop
      vertex -5.60025 0.868276 -3.43626
      vertex -5.60025 0.652767 -4.89968
      vertex -5.60025 0.689388 -4.95293
    endloop
  endfacet
  facet normal 1 0 0
    outer loop
      vertex -5.60025 0.21171 -3.3126
      vertex -5.60025 0.877569 -3.24224
      vertex -5.60025 0.88289 -3.1941
    endloop
  endfacet
  facet normal 1 0 0
    outer loop
      vertex -5.60025 0.868276 -3.43626
      vertex -5.60025 0.617456 -4.84556
      vertex -5.60025 0.652767 -4.89968
    endloop
  endfacet
  facet normal 1 0 0
    outer loop
      vertex -5.60025 0.21171 -3.3126
      vertex -5.60025 0.88289 -3.1941
      vertex -5.60025 0.889398 -3.14613
    endloop
  endfacet
  facet normal 1 0 0
    outer loop
      vertex -5.60025 0.868276 -3.43626
      vertex -5.60025 0.583476 -4.79058
      vertex -5.60025 0.617456 -4.84556
    endloop
  endfacet
  facet normal 1 0 0
    outer loop
      vertex -5.60025 0.21171 -3.3126
      vertex -5.60025 0.889398 -3.14613
      vertex -5.60025 0.897087 -3.09835
    endloop
  endfacet
  facet normal 1 0 0
    outer loop
      vertex -5.60025 0.868276 -3.43626
      vertex -5.60025 0.550842 -4.73477
      vertex -5.60025 0.583476 -4.79058
    endloop
  endfacet
  facet normal 1 0 0
    outer loop
      vertex -5.60025 0.21171 -3.3126
      vertex -5.60025 0.897087 -3.09835
      vertex -5.60025 0.905951 -3.05079
    endloop
  endfacet
  facet normal 1 0 0
    outer loop
      vertex -5.60025 0.868276 -3.43626
      vertex -5.60025 0.519578 -4.67816
      vertex -5.60025 0.550842 -4.73477
    endloop
  endfacet
  facet normal 1 0 0
    outer loop
      vertex -5.60025 0.21171 -3.3126
      vertex -5.60025 0.905951 -3.05079
      vertex -5.60025 0.915982 -3.00344
    endloop
  endfacet
  facet normal 1 0 0
    outer loop
      vertex -5.60025 0.868276 -3.43626
      vertex -5.60025 0.489697 -4.62077
      vertex -5.60025 0.519578 -4.67816
    endloop
  endfacet
  facet normal 1 0 0
    outer loop
      vertex -5.60025 0.21171 -3.3126
      vertex -5.60025 0.915982 -3.00344
      vertex -5.60025 0.927177 -2.95635
    endloop
  endfacet
  facet normal 1 -0 0
    outer loop
      vertex -5.60025 -0.96874 1.35033
      vertex -5.60025 2.69599 -0.808341
      vertex -5.60025 0.478018 2.40649
    endloop
  endfacet
  facet normal 1 -0 0
    outer loop
      vertex -5.60025 -1.02547 1.25054
      vertex -5.60025 2.69599 -0.808341
      vertex -5.60025 -0.996497 1.30007
    endloop
  endfacet
  facet normal 1 -0 0
    outer loop
      vertex -5.60025 -1.05564 1.20174
      vertex -5.60025 2.69599 -0.808341
      vertex -5.60025 -1.02547 1.25054
    endloop
  endfacet
  facet normal 1 -0 0
    outer loop
      vertex -5.60025 -1.18795 1.01436
      vertex -5.60025 1.66479 -1.84649
      vertex -5.60025 -1.15316 1.05999
    endloop
  endfacet
  facet normal 1 0 0
    outer loop
      vertex -5.60025 1.62626 -1.87584
      vertex -5.60025 -1.22385 0.969575
      vertex -5.60025 1.58845 -1.90614
    endloop
  endfacet
  facet normal 1 -0 0
    outer loop
      vertex -5.60025 -1.26085 0.925652
      vertex -5.60025 1.58845 -1.90614
      vertex -5.60025 -1.22385 0.969575
    endloop
  endfacet
  facet normal 1 0 0
    outer loop
      vertex -5.60025 1.58845 -1.90614
      vertex -5.60025 -1.26085 0.925652
      vertex -5.60025 1.55137 -1.9374
    endloop
  endfacet
  facet normal 1 -0 0
    outer loop
      vertex -5.60025 -1.29894 0.88263
      vertex -5.60025 1.55137 -1.9374
      vertex -5.60025 -1.26085 0.925652
    endloop
  endfacet
  facet normal 1 -0 0
    outer loop
      vertex -5.60025 -1.33809 0.840516
      vertex -5.60025 1.51503 -1.96962
      vertex -5.60025 -1.29894 0.88263
    endloop
  endfacet
  facet normal 1 0 0
    outer loop
      vertex -5.60025 1.51503 -1.96962
      vertex -5.60025 -1.33809 0.840516
      vertex -5.60025 1.47946 -2.00277
    endloop
  endfacet
  facet normal 1 0 0
    outer loop
      vertex -5.60025 1.47946 -2.00277
      vertex -5.60025 -1.33809 0.840516
      vertex -5.60025 1.44467 -2.03686
    endloop
  endfacet
  facet normal 1 -0 0
    outer loop
      vertex -5.60025 -1.37828 0.799332
      vertex -5.60025 1.44467 -2.03686
      vertex -5.60025 -1.33809 0.840516
    endloop
  endfacet
  facet normal 1 0 0
    outer loop
      vertex -5.60025 1.44467 -2.03686
      vertex -5.60025 -1.37828 0.799332
      vertex -5.60025 1.41074 -2.0718
    endloop
  endfacet
  facet normal 1 -0 0
    outer loop
      vertex -5.60025 -1.41946 0.759156
      vertex -5.60025 1.41074 -2.0718
      vertex -5.60025 -1.37828 0.799332
    endloop
  endfacet
  facet normal 1 0 0
    outer loop
      vertex -5.60025 1.41074 -2.0718
      vertex -5.60025 -1.41946 0.759156
      vertex -5.60025 1.37775 -2.10752
    endloop
  endfacet
  facet normal 1 -0 0
    outer loop
      vertex -5.60025 -1.46157 0.720025
      vertex -5.60025 1.37775 -2.10752
      vertex -5.60025 -1.41946 0.759156
    endloop
  endfacet
  facet normal 1 0 0
    outer loop
      vertex -5.60025 1.37775 -2.10752
      vertex -5.60025 -1.46157 0.720025
      vertex -5.60025 1.3457 -2.144
    endloop
  endfacet
  facet normal 1 -0 0
    outer loop
      vertex -5.60025 -1.5046 0.681954
      vertex -5.60025 1.3457 -2.144
      vertex -5.60025 -1.46157 0.720025
    endloop
  endfacet
  facet normal 1 0 0
    outer loop
      vertex -5.60025 1.3457 -2.144
      vertex -5.60025 -1.5046 0.681954
      vertex -5.60025 1.3146 -2.18122
    endloop
  endfacet
  facet normal 1 -0 0
    outer loop
      vertex -5.60025 -1.54851 0.644967
      vertex -5.60025 1.3146 -2.18122
      vertex -5.60025 -1.5046 0.681954
    endloop
  endfacet
  facet normal 1 0 0
    outer loop
      vertex -5.60025 1.3146 -2.18122
      vertex -5.60025 -1.54851 0.644967
      vertex -5.60025 1.28447 -2.21916
    endloop
  endfacet
  facet normal 1 0 0
    outer loop
      vertex -5.60025 1.28447 -2.21916
      vertex -5.60025 -1.5933 0.609078
      vertex -5.60025 1.2553 -2.25782
    endloop
  endfacet
  facet normal 1 -0 0
    outer loop
      vertex -5.60025 -1.63893 0.574296
      vertex -5.60025 1.2553 -2.25782
      vertex -5.60025 -1.5933 0.609078
    endloop
  endfacet
  facet normal 1 0 0
    outer loop
      vertex -5.60025 1.2553 -2.25782
      vertex -5.60025 -1.63893 0.574296
      vertex -5.60025 1.2271 -2.29716
    endloop
  endfacet
  facet normal 1 0 0
    outer loop
      vertex -5.60025 0.478018 2.45194
      vertex -5.60025 -0.6926 2.45194
      vertex -5.60025 0.478018 2.40649
    endloop
  endfacet
  facet normal 1 0 0
    outer loop
      vertex -5.60025 -0.6933 2.50958
      vertex -5.60025 0.476967 2.53846
      vertex -5.60025 0.473817 2.62476
    endloop
  endfacet
  facet normal 1 0 0
    outer loop
      vertex -5.60025 -0.6954 2.56709
      vertex -5.60025 0.473817 2.62476
      vertex -5.60025 0.468571 2.71082
    endloop
  endfacet
  facet normal 1 0 0
    outer loop
      vertex -5.60025 -0.698896 2.62444
      vertex -5.60025 0.468571 2.71082
      vertex -5.60025 0.461235 2.7966
    endloop
  endfacet
  facet normal 1 0 0
    outer loop
      vertex -5.60025 0.868789 -3.38757
      vertex -5.60025 0.21171 -3.3126
      vertex -5.60025 0.209338 -3.37485
    endloop
  endfacet
  facet normal 1 0 0
    outer loop
      vertex -5.60025 -0.703787 2.68159
      vertex -5.60025 0.461235 2.7966
      vertex -5.60025 0.451811 2.88207
    endloop
  endfacet
  facet normal 1 0 0
    outer loop
      vertex -5.60025 -0.710067 2.73853
      vertex -5.60025 0.451811 2.88207
      vertex -5.60025 0.440304 2.9672
    endloop
  endfacet
  facet normal 1 0 0
    outer loop
      vertex -5.60025 0.868276 -3.43626
      vertex -5.60025 0.461222 -4.56261
      vertex -5.60025 0.489697 -4.62077
    endloop
  endfacet
  facet normal 1 0 0
    outer loop
      vertex -5.60025 -0.717735 2.79525
      vertex -5.60025 0.440304 2.9672
      vertex -5.60025 0.426717 3.05196
    endloop
  endfacet
  facet normal 1 0 0
    outer loop
      vertex -5.60025 -0.72679 2.85173
      vertex -5.60025 0.426717 3.05196
      vertex -5.60025 0.411055 3.13634
    endloop
  endfacet
  facet normal 1 0 0
    outer loop
      vertex -5.60025 0.868276 -3.43626
      vertex -5.60025 0.434169 -4.50372
      vertex -5.60025 0.461222 -4.56261
    endloop
  endfacet
  facet normal 1 0 0
    outer loop
      vertex -5.60025 -0.737228 2.90794
      vertex -5.60025 0.411055 3.13634
      vertex -5.60025 0.393321 3.22028
    endloop
  endfacet
  facet normal 1 0 0
    outer loop
      vertex -5.60025 0.868276 -3.43626
      vertex -5.60025 0.408558 -4.44413
      vertex -5.60025 0.434169 -4.50372
    endloop
  endfacet
  facet normal 1 0 0
    outer loop
      vertex -5.60025 -0.749046 2.96388
      vertex -5.60025 0.393321 3.22028
      vertex -5.60025 0.373519 3.30377
    endloop
  endfacet
  facet normal 1 0 0
    outer loop
      vertex -5.60025 0.868276 -3.43626
      vertex -5.60025 0.384448 -4.38397
      vertex -5.60025 0.408558 -4.44413
    endloop
  endfacet
  facet normal 1 0 0
    outer loop
      vertex -5.60025 -0.762241 3.01949
      vertex -5.60025 0.373519 3.30377
      vertex -5.60025 0.351654 3.38677
    endloop
  endfacet
  facet normal 1 0 0
    outer loop
      vertex -5.60025 0.868276 -3.43626
      vertex -5.60025 0.361873 -4.32333
      vertex -5.60025 0.384448 -4.38397
    endloop
  endfacet
  facet normal 1 0 0
    outer loop
      vertex -5.60025 -0.776812 3.0748
      vertex -5.60025 0.351654 3.38677
      vertex -5.60025 0.327728 3.46927
    endloop
  endfacet
  facet normal 1 0 0
    outer loop
      vertex -5.60025 0.868276 -3.43626
      vertex -5.60025 0.340835 -4.26225
      vertex -5.60025 0.361873 -4.32333
    endloop
  endfacet
  facet normal 1 0 0
    outer loop
      vertex -5.60025 0.868276 -3.43626
      vertex -5.60025 0.321337 -4.20074
      vertex -5.60025 0.340835 -4.26225
    endloop
  endfacet
  facet normal 1 0 0
    outer loop
      vertex -5.60025 -0.792754 3.12976
      vertex -5.60025 0.327728 3.46927
      vertex -5.60025 0.301748 3.55122
    endloop
  endfacet
  facet normal 1 0 0
    outer loop
      vertex -5.60025 0.868276 -3.43626
      vertex -5.60025 0.303382 -4.13882
      vertex -5.60025 0.321337 -4.20074
    endloop
  endfacet
  facet normal 1 0 0
    outer loop
      vertex -5.60025 -0.810066 3.18436
      vertex -5.60025 0.301748 3.55122
      vertex -5.60025 0.273716 3.6326
    endloop
  endfacet
  facet normal 1 0 0
    outer loop
      vertex -5.60025 0.868276 -3.43626
      vertex -5.60025 0.286973 -4.07651
      vertex -5.60025 0.303382 -4.13882
    endloop
  endfacet
  facet normal 1 0 0
    outer loop
      vertex -5.60025 0.868276 -3.43626
      vertex -5.60025 0.272113 -4.01385
      vertex -5.60025 0.286973 -4.07651
    endloop
  endfacet
  facet normal 1 0 0
    outer loop
      vertex -5.60025 0.868276 -3.43626
      vertex -5.60025 0.258804 -3.95084
      vertex -5.60025 0.272113 -4.01385
    endloop
  endfacet
  facet normal 1 0 0
    outer loop
      vertex -5.60025 -0.828746 3.23857
      vertex -5.60025 0.273716 3.6326
      vertex -5.60025 0.243635 3.71338
    endloop
  endfacet
  facet normal 1 0 0
    outer loop
      vertex -5.60025 0.868276 -3.43626
      vertex -5.60025 0.247052 -3.88751
      vertex -5.60025 0.258804 -3.95084
    endloop
  endfacet
  facet normal 1 0 0
    outer loop
      vertex -5.60025 0.868276 -3.43626
      vertex -5.60025 0.236856 -3.82389
      vertex -5.60025 0.247052 -3.88751
    endloop
  endfacet
  facet normal 1 0 0
    outer loop
      vertex -5.60025 0.868276 -3.43626
      vertex -5.60025 0.22822 -3.75999
      vertex -5.60025 0.236856 -3.82389
    endloop
  endfacet
  facet normal 1 0 0
    outer loop
      vertex -5.60025 0.868276 -3.43626
      vertex -5.60025 0.221149 -3.69584
      vertex -5.60025 0.22822 -3.75999
    endloop
  endfacet
  facet normal 1 0 0
    outer loop
      vertex -5.60025 0.868276 -3.43626
      vertex -5.60025 0.215643 -3.63145
      vertex -5.60025 0.221149 -3.69584
    endloop
  endfacet
  facet normal 1 0 0
    outer loop
      vertex -5.60025 -0.848788 3.29239
      vertex -5.60025 0.243635 3.71338
      vertex -5.60025 0.211511 3.79353
    endloop
  endfacet
  facet normal 1 0 0
    outer loop
      vertex -5.60025 -0.870192 3.34579
      vertex -5.60025 0.211511 3.79353
      vertex -5.60025 0.177386 3.87293
    endloop
  endfacet
  facet normal 1 0 0
    outer loop
      vertex -5.60025 -0.892934 3.39869
      vertex -5.60025 0.177386 3.87293
      vertex -5.60025 0.141342 3.95137
    endloop
  endfacet
  facet normal 1 0 0
    outer loop
      vertex -5.60025 -0.916953 3.45096
      vertex -5.60025 0.141342 3.95137
      vertex -5.60025 0.103401 4.02885
    endloop
  endfacet
  facet normal 1 0 0
    outer loop
      vertex -5.60025 -0.942236 3.50259
      vertex -5.60025 0.103401 4.02885
      vertex -5.60025 0.0635901 4.10532
    endloop
  endfacet
  facet normal 1 0 0
    outer loop
      vertex -5.60025 -0.968764 3.55354
      vertex -5.60025 0.0635901 4.10532
      vertex -5.60025 0.0219326 4.18074
    endloop
  endfacet
  facet normal 1 0 0
    outer loop
      vertex -5.60025 -0.996522 3.60379
      vertex -5.60025 0.0219326 4.18074
      vertex -5.60025 -0.0215454 4.2551
    endloop
  endfacet
  facet normal 1 0 0
    outer loop
      vertex -5.60025 -1.02549 3.65333
      vertex -5.60025 -0.0215454 4.2551
      vertex -5.60025 -0.0668192 4.32834
    endloop
  endfacet
  facet normal 1 0 0
    outer loop
      vertex -5.60025 -1.05566 3.70213
      vertex -5.60025 -0.0668192 4.32834
      vertex -5.60025 -0.113865 4.40044
    endloop
  endfacet
  facet normal 1 0 0
    outer loop
      vertex -5.60025 -1.08701 3.75017
      vertex -5.60025 -0.113865 4.40044
      vertex -5.60025 -0.162658 4.47137
    endloop
  endfacet
  facet normal 1 0 0
    outer loop
      vertex -5.60025 -1.11951 3.79743
      vertex -5.60025 -0.162658 4.47137
      vertex -5.60025 -0.213172 4.54111
    endloop
  endfacet
  facet normal 1 0 0
    outer loop
      vertex -5.60025 -1.15317 3.84388
      vertex -5.60025 -0.213172 4.54111
      vertex -5.60025 -0.265384 4.6096
    endloop
  endfacet
  facet normal 1 0 0
    outer loop
      vertex -5.60025 -1.18795 3.88951
      vertex -5.60025 -0.265384 4.6096
      vertex -5.60025 -0.319267 4.67682
    endloop
  endfacet
  facet normal 1 0 0
    outer loop
      vertex -5.60025 -1.22385 3.93429
      vertex -5.60025 -0.319267 4.67682
      vertex -5.60025 -0.3748 4.74274
    endloop
  endfacet
  facet normal 1 0 0
    outer loop
      vertex -5.60025 -1.26084 3.9782
      vertex -5.60025 -0.3748 4.74274
      vertex -5.60025 -0.431954 4.80732
    endloop
  endfacet
  facet normal 1 0 0
    outer loop
      vertex -5.60025 -1.29891 4.02123
      vertex -5.60025 -0.431954 4.80732
      vertex -5.60025 -0.490707 4.87053
    endloop
  endfacet
  facet normal 1 0 0
    outer loop
      vertex -5.60025 -1.33805 4.06333
      vertex -5.60025 -0.490707 4.87053
      vertex -5.60025 -0.551032 4.93234
    endloop
  endfacet
  facet normal 1 0 0
    outer loop
      vertex -5.60025 -1.37823 4.10451
      vertex -5.60025 -0.551032 4.93234
      vertex -5.60025 -0.61283 4.99265
    endloop
  endfacet
  facet normal 1 0 0
    outer loop
      vertex -5.60025 -1.41942 4.1447
      vertex -5.60025 -0.61283 4.99265
      vertex -5.60025 -0.67603 5.05138
    endloop
  endfacet
  facet normal 1 0 0
    outer loop
      vertex -5.60025 0.476967 2.53846
      vertex -5.60025 -0.6933 2.50958
      vertex -5.60025 -0.6926 2.45194
    endloop
  endfacet
  facet normal 1 0 0
    outer loop
      vertex -5.60025 0.478018 2.40649
      vertex -5.60025 -0.6933 2.39429
      vertex -5.60025 -0.695399 2.33678
    endloop
  endfacet
  facet normal 1 0 0
    outer loop
      vertex -5.60025 0.478018 2.40649
      vertex -5.60025 -0.695399 2.33678
      vertex -5.60025 -0.698893 2.27944
    endloop
  endfacet
  facet normal 1 0 0
    outer loop
      vertex -5.60025 0.478018 2.40649
      vertex -5.60025 -0.698893 2.27944
      vertex -5.60025 -0.703782 2.22229
    endloop
  endfacet
  facet normal 1 0 0
    outer loop
      vertex -5.60025 0.478018 2.40649
      vertex -5.60025 -0.703782 2.22229
      vertex -5.60025 -0.71006 2.16534
    endloop
  endfacet
  facet normal 1 0 0
    outer loop
      vertex -5.60025 0.478018 2.40649
      vertex -5.60025 -0.71006 2.16534
      vertex -5.60025 -0.717729 2.10862
    endloop
  endfacet
  facet normal 1 0 0
    outer loop
      vertex -5.60025 0.478018 2.40649
      vertex -5.60025 -0.717729 2.10862
      vertex -5.60025 -0.72678 2.05215
    endloop
  endfacet
  facet normal 1 0 0
    outer loop
      vertex -5.60025 0.478018 2.40649
      vertex -5.60025 -0.72678 2.05215
      vertex -5.60025 -0.737216 1.99593
    endloop
  endfacet
  facet normal 1 0 0
    outer loop
      vertex -5.60025 0.478018 2.40649
      vertex -5.60025 -0.737216 1.99593
      vertex -5.60025 -0.749032 1.94
    endloop
  endfacet
  facet normal 1 0 0
    outer loop
      vertex -5.60025 0.478018 2.40649
      vertex -5.60025 -0.749032 1.94
      vertex -5.60025 -0.762225 1.88438
    endloop
  endfacet
  facet normal 1 0 0
    outer loop
      vertex -5.60025 0.478018 2.40649
      vertex -5.60025 -0.762225 1.88438
      vertex -5.60025 -0.776794 1.82907
    endloop
  endfacet
  facet normal 1 0 0
    outer loop
      vertex -5.60025 0.478018 2.40649
      vertex -5.60025 -0.776794 1.82907
      vertex -5.60025 -0.792736 1.77411
    endloop
  endfacet
  facet normal 1 0 0
    outer loop
      vertex -5.60025 0.478018 2.40649
      vertex -5.60025 -0.792736 1.77411
      vertex -5.60025 -0.810047 1.71951
    endloop
  endfacet
  facet normal 1 0 0
    outer loop
      vertex -5.60025 0.478018 2.40649
      vertex -5.60025 -0.810047 1.71951
      vertex -5.60025 -0.828727 1.66528
    endloop
  endfacet
  facet normal 1 0 0
    outer loop
      vertex -5.60025 0.478018 2.40649
      vertex -5.60025 -0.828727 1.66528
      vertex -5.60025 -0.848769 1.61147
    endloop
  endfacet
  facet normal 1 0 0
    outer loop
      vertex -5.60025 0.478018 2.40649
      vertex -5.60025 -0.848769 1.61147
      vertex -5.60025 -0.870175 1.55806
    endloop
  endfacet
  facet normal 1 0 0
    outer loop
      vertex -5.60025 0.478018 2.40649
      vertex -5.60025 -0.870175 1.55806
      vertex -5.60025 -0.892914 1.50517
    endloop
  endfacet
  facet normal 1 0 0
    outer loop
      vertex -5.60025 0.478018 2.40649
      vertex -5.60025 -0.892914 1.50517
      vertex -5.60025 -0.916931 1.4529
    endloop
  endfacet
  facet normal 1 0 0
    outer loop
      vertex -5.60025 0.478018 2.40649
      vertex -5.60025 -0.916931 1.4529
      vertex -5.60025 -0.942212 1.40128
    endloop
  endfacet
  facet normal 1 0 0
    outer loop
      vertex -5.60025 0.478018 2.40649
      vertex -5.60025 -0.942212 1.40128
      vertex -5.60025 -0.96874 1.35033
    endloop
  endfacet
  facet normal 1 0 0
    outer loop
      vertex -5.60025 2.69599 -0.808341
      vertex -5.60025 -0.96874 1.35033
      vertex -5.60025 -0.996497 1.30007
    endloop
  endfacet
  facet normal 1 0 0
    outer loop
      vertex -5.60025 1.55137 -1.9374
      vertex -5.60025 -1.29894 0.88263
      vertex -5.60025 1.51503 -1.96962
    endloop
  endfacet
  facet normal 1 -0 0
    outer loop
      vertex -5.60025 -1.5933 0.609078
      vertex -5.60025 1.28447 -2.21916
      vertex -5.60025 -1.54851 0.644967
    endloop
  endfacet
  facet normal 1 -0 0
    outer loop
      vertex -5.60025 -1.68538 0.54065
      vertex -5.60025 1.2271 -2.29716
      vertex -5.60025 -1.63893 0.574296
    endloop
  endfacet
  facet normal 1 0 0
    outer loop
      vertex -5.60025 1.2271 -2.29716
      vertex -5.60025 -1.68538 0.54065
      vertex -5.60025 1.19989 -2.3372
    endloop
  endfacet
  facet normal 1 -0 0
    outer loop
      vertex -5.60025 -1.73264 0.508149
      vertex -5.60025 1.19989 -2.3372
      vertex -5.60025 -1.68538 0.54065
    endloop
  endfacet
  facet normal 1 0 0
    outer loop
      vertex -5.60025 1.19989 -2.3372
      vertex -5.60025 -1.73264 0.508149
      vertex -5.60025 1.17367 -2.37788
    endloop
  endfacet
  facet normal 1 -0 0
    outer loop
      vertex -5.60025 -1.78069 0.476807
      vertex -5.60025 1.17367 -2.37788
      vertex -5.60025 -1.73264 0.508149
    endloop
  endfacet
  facet normal 1 0 0
    outer loop
      vertex -5.60025 1.17367 -2.37788
      vertex -5.60025 -1.78069 0.476807
      vertex -5.60025 1.14844 -2.41922
    endloop
  endfacet
  facet normal 1 -0 0
    outer loop
      vertex -5.60025 -1.82949 0.446648
      vertex -5.60025 1.14844 -2.41922
      vertex -5.60025 -1.78069 0.476807
    endloop
  endfacet
  facet normal 1 0 0
    outer loop
      vertex -5.60025 1.14844 -2.41922
      vertex -5.60025 -1.82949 0.446648
      vertex -5.60025 1.12422 -2.46118
    endloop
  endfacet
  facet normal 1 0 -0
    outer loop
      vertex -5.60025 0.21171 -3.3126
      vertex -5.60025 1.12422 -2.46118
      vertex -5.60025 -1.82949 0.446648
    endloop
  endfacet
  facet normal 1 0 0
    outer loop
      vertex -5.60025 1.12422 -2.46118
      vertex -5.60025 0.21171 -3.3126
      vertex -5.60025 1.101 -2.50375
    endloop
  endfacet
  facet normal 1 0 0
    outer loop
      vertex -5.60025 1.101 -2.50375
      vertex -5.60025 0.21171 -3.3126
      vertex -5.60025 1.07881 -2.54693
    endloop
  endfacet
  facet normal 1 0 0
    outer loop
      vertex -5.60025 1.05764 -2.59067
      vertex -5.60025 0.21171 -3.3126
      vertex -5.60025 1.03751 -2.63499
    endloop
  endfacet
  facet normal 1 0 0
    outer loop
      vertex -5.60025 1.03751 -2.63499
      vertex -5.60025 0.21171 -3.3126
      vertex -5.60025 1.01842 -2.67985
    endloop
  endfacet
  facet normal 1 0 0
    outer loop
      vertex -5.60025 1.01842 -2.67985
      vertex -5.60025 0.21171 -3.3126
      vertex -5.60025 1.00037 -2.72514
    endloop
  endfacet
  facet normal 1 0 0
    outer loop
      vertex -5.60025 0.983459 -2.77075
      vertex -5.60025 0.21171 -3.3126
      vertex -5.60025 0.967674 -2.8167
    endloop
  endfacet
  facet normal 1 0 0
    outer loop
      vertex -5.60025 0.939529 -2.90952
      vertex -5.60025 0.21171 -3.3126
      vertex -5.60025 0.927177 -2.95635
    endloop
  endfacet
  facet normal 1 0 0
    outer loop
      vertex -5.60025 0.95303 -2.86296
      vertex -5.60025 0.21171 -3.3126
      vertex -5.60025 0.939529 -2.90952
    endloop
  endfacet
  facet normal 1 0 0
    outer loop
      vertex -5.60025 0.967674 -2.8167
      vertex -5.60025 0.21171 -3.3126
      vertex -5.60025 0.95303 -2.86296
    endloop
  endfacet
  facet normal 1 0 0
    outer loop
      vertex -5.60025 1.00037 -2.72514
      vertex -5.60025 0.21171 -3.3126
      vertex -5.60025 0.983459 -2.77075
    endloop
  endfacet
  facet normal 1 0 0
    outer loop
      vertex -5.60025 1.07881 -2.54693
      vertex -5.60025 0.21171 -3.3126
      vertex -5.60025 1.05764 -2.59067
    endloop
  endfacet
  facet normal 1 -0 0
    outer loop
      vertex -5.60025 -1.87903 0.417679
      vertex -5.60025 0.21171 -3.3126
      vertex -5.60025 -1.82949 0.446648
    endloop
  endfacet
  facet normal 1 0 0
    outer loop
      vertex -5.60025 -2.95159 -1.0555
      vertex -5.60025 -1.87903 0.417679
      vertex -5.60025 -1.92928 0.389931
    endloop
  endfacet
  facet normal 1 0 0
    outer loop
      vertex -5.60025 -2.95159 -1.0555
      vertex -5.60025 -1.92928 0.389931
      vertex -5.60025 -1.98023 0.363412
    endloop
  endfacet
  facet normal 1 0 0
    outer loop
      vertex -5.60025 -2.95159 -1.0555
      vertex -5.60025 -1.98023 0.363412
      vertex -5.60025 -2.03186 0.338135
    endloop
  endfacet
  facet normal 1 0 0
    outer loop
      vertex -5.60025 -2.95159 -1.0555
      vertex -5.60025 -2.03186 0.338135
      vertex -5.60025 -2.08413 0.314118
    endloop
  endfacet
  facet normal 1 0 0
    outer loop
      vertex -5.60025 -2.95159 -1.0555
      vertex -5.60025 -2.08413 0.314118
      vertex -5.60025 -2.13704 0.291382
    endloop
  endfacet
  facet normal 1 0 0
    outer loop
      vertex -5.60025 -2.95159 -1.0555
      vertex -5.60025 -2.13704 0.291382
      vertex -5.60025 -2.19043 0.269982
    endloop
  endfacet
  facet normal 1 0 0
    outer loop
      vertex -5.60025 -2.95159 -1.0555
      vertex -5.60025 -2.19043 0.269982
      vertex -5.60025 -2.24425 0.249947
    endloop
  endfacet
  facet normal 1 0 0
    outer loop
      vertex -5.60025 -2.95159 -1.0555
      vertex -5.60025 -2.24425 0.249947
      vertex -5.60025 -2.29847 0.231278
    endloop
  endfacet
  facet normal 1 0 0
    outer loop
      vertex -5.60025 -2.95159 -1.0555
      vertex -5.60025 -2.29847 0.231278
      vertex -5.60025 -2.35307 0.213967
    endloop
  endfacet
  facet normal 1 0 0
    outer loop
      vertex -5.60025 -2.95159 -1.0555
      vertex -5.60025 -2.35307 0.213967
      vertex -5.60025 -2.40803 0.198029
    endloop
  endfacet
  facet normal 1 0 0
    outer loop
      vertex -5.60025 -2.95159 -1.0555
      vertex -5.60025 -2.40803 0.198029
      vertex -5.60025 -2.46333 0.183465
    endloop
  endfacet
  facet normal 1 0 0
    outer loop
      vertex -5.60025 -2.95159 -1.0555
      vertex -5.60025 -2.46333 0.183465
      vertex -5.60025 -2.51896 0.170273
    endloop
  endfacet
  facet normal 1 0 0
    outer loop
      vertex -5.60025 -2.95159 -1.0555
      vertex -5.60025 -2.51896 0.170273
      vertex -5.60025 -2.57489 0.158463
    endloop
  endfacet
  facet normal 1 0 0
    outer loop
      vertex -5.60025 -2.95159 -1.0555
      vertex -5.60025 -2.57489 0.158463
      vertex -5.60025 -2.6311 0.148026
    endloop
  endfacet
  facet normal 1 0 0
    outer loop
      vertex -5.60025 -2.95159 -1.0555
      vertex -5.60025 -2.6311 0.148026
      vertex -5.60025 -2.68757 0.138978
    endloop
  endfacet
  facet normal 1 0 0
    outer loop
      vertex -5.60025 -2.95159 -1.0555
      vertex -5.60025 -2.68757 0.138978
      vertex -5.60025 -2.7443 0.13131
    endloop
  endfacet
  facet normal 1 0 0
    outer loop
      vertex -5.60025 -2.95159 -1.0555
      vertex -5.60025 -2.7443 0.13131
      vertex -5.60025 -2.80124 0.125031
    endloop
  endfacet
  facet normal 1 0 0
    outer loop
      vertex -5.60025 -2.95159 -1.0555
      vertex -5.60025 -2.80124 0.125031
      vertex -5.60025 -2.8584 0.120141
    endloop
  endfacet
  facet normal 1 0 0
    outer loop
      vertex -5.60025 -2.95159 -1.0555
      vertex -5.60025 -2.8584 0.120141
      vertex -5.60025 -2.91573 0.116646
    endloop
  endfacet
  facet normal 1 0 0
    outer loop
      vertex -5.60025 -1.87903 0.417679
      vertex -5.60025 -2.95159 -1.0555
      vertex -5.60025 0.21171 -3.3126
    endloop
  endfacet
  facet normal 1 -0 0
    outer loop
      vertex -5.60025 -2.97324 0.114548
      vertex -5.60025 -2.95159 -1.0555
      vertex -5.60025 -2.91573 0.116646
    endloop
  endfacet
  facet normal 1 0 0
    outer loop
      vertex -5.60025 -2.97324 0.114548
      vertex -5.60025 -2.99136 -1.05735
      vertex -5.60025 -2.95159 -1.0555
    endloop
  endfacet
  facet normal 1 -0 0
    outer loop
      vertex -5.60025 -3.03089 0.113854
      vertex -5.60025 -2.99136 -1.05735
      vertex -5.60025 -2.97324 0.114548
    endloop
  endfacet
  facet normal 1 0 0
    outer loop
      vertex -5.60025 -3.03089 0.113854
      vertex -5.60025 -3.03131 -1.05761
      vertex -5.60025 -2.99136 -1.05735
    endloop
  endfacet
  facet normal 1 0 0
    outer loop
      vertex -5.60025 -3.08854 0.114548
      vertex -5.60025 -3.03131 -1.05761
      vertex -5.60025 -3.03089 0.113854
    endloop
  endfacet
  facet normal 1 0 0
    outer loop
      vertex -5.60025 -3.08854 0.114548
      vertex -5.60025 -3.11784 -1.05656
      vertex -5.60025 -3.03131 -1.05761
    endloop
  endfacet
  facet normal 1 0 0
    outer loop
      vertex -5.60025 -3.14605 0.116646
      vertex -5.60025 -3.11784 -1.05656
      vertex -5.60025 -3.08854 0.114548
    endloop
  endfacet
  facet normal 1 0 0
    outer loop
      vertex -5.60025 -3.20415 -1.05341
      vertex -5.60025 -3.14605 0.116646
      vertex -5.60025 -3.20339 0.120141
    endloop
  endfacet
  facet normal 1 0 0
    outer loop
      vertex -5.60025 -3.14605 0.116646
      vertex -5.60025 -3.20415 -1.05341
      vertex -5.60025 -3.11784 -1.05656
    endloop
  endfacet
  facet normal 1 0 0
    outer loop
      vertex -5.60025 -3.29021 -1.04816
      vertex -5.60025 -3.20339 0.120141
      vertex -5.60025 -3.26054 0.125031
    endloop
  endfacet
  facet normal 1 0 0
    outer loop
      vertex -5.60025 -3.20339 0.120141
      vertex -5.60025 -3.29021 -1.04816
      vertex -5.60025 -3.20415 -1.05341
    endloop
  endfacet
  facet normal 1 0 0
    outer loop
      vertex -5.60025 -3.37598 -1.04082
      vertex -5.60025 -3.26054 0.125031
      vertex -5.60025 -3.31748 0.13131
    endloop
  endfacet
  facet normal 1 0 0
    outer loop
      vertex -5.60025 -3.46145 -1.03139
      vertex -5.60025 -3.31748 0.13131
      vertex -5.60025 -3.37421 0.13897
    endloop
  endfacet
  facet normal 1 0 0
    outer loop
      vertex -5.60025 -3.26054 0.125031
      vertex -5.60025 -3.37598 -1.04082
      vertex -5.60025 -3.29021 -1.04816
    endloop
  endfacet
  facet normal 1 0 0
    outer loop
      vertex -5.60025 -3.54658 -1.01988
      vertex -5.60025 -3.37421 0.13897
      vertex -5.60025 -3.43068 0.148026
    endloop
  endfacet
  facet normal 1 0 0
    outer loop
      vertex -5.60025 -3.31748 0.13131
      vertex -5.60025 -3.46145 -1.03139
      vertex -5.60025 -3.37598 -1.04082
    endloop
  endfacet
  facet normal 1 0 0
    outer loop
      vertex -5.60025 -3.63134 -1.00629
      vertex -5.60025 -3.43068 0.148026
      vertex -5.60025 -3.4869 0.158456
    endloop
  endfacet
  facet normal 1 0 0
    outer loop
      vertex -5.60025 -3.7157 -0.99063
      vertex -5.60025 -3.4869 0.158456
      vertex -5.60025 -3.54283 0.170273
    endloop
  endfacet
  facet normal 1 0 0
    outer loop
      vertex -5.60025 -3.37421 0.13897
      vertex -5.60025 -3.54658 -1.01988
      vertex -5.60025 -3.46145 -1.03139
    endloop
  endfacet
  facet normal 1 0 0
    outer loop
      vertex -5.60025 -3.79964 -0.972892
      vertex -5.60025 -3.54283 0.170273
      vertex -5.60025 -3.59846 0.183465
    endloop
  endfacet
  facet normal 1 0 0
    outer loop
      vertex -5.60025 -3.43068 0.148026
      vertex -5.60025 -3.63134 -1.00629
      vertex -5.60025 -3.54658 -1.01988
    endloop
  endfacet
  facet normal 1 0 0
    outer loop
      vertex -5.60025 -3.88313 -0.953086
      vertex -5.60025 -3.59846 0.183465
      vertex -5.60025 -3.65376 0.198029
    endloop
  endfacet
  facet normal 1 0 0
    outer loop
      vertex -5.60025 -3.96613 -0.93122
      vertex -5.60025 -3.65376 0.198029
      vertex -5.60025 -3.70873 0.213967
    endloop
  endfacet
  facet normal 1 0 0
    outer loop
      vertex -5.60025 -3.4869 0.158456
      vertex -5.60025 -3.7157 -0.99063
      vertex -5.60025 -3.63134 -1.00629
    endloop
  endfacet
  facet normal 1 0 0
    outer loop
      vertex -5.60025 -4.04861 -0.907295
      vertex -5.60025 -3.70873 0.213967
      vertex -5.60025 -3.76333 0.23127
    endloop
  endfacet
  facet normal 1 0 0
    outer loop
      vertex -5.60025 -3.54283 0.170273
      vertex -5.60025 -3.79964 -0.972892
      vertex -5.60025 -3.7157 -0.99063
    endloop
  endfacet
  facet normal 1 0 0
    outer loop
      vertex -5.60025 -4.13055 -0.881309
      vertex -5.60025 -3.76333 0.23127
      vertex -5.60025 -3.81755 0.249947
    endloop
  endfacet
  facet normal 1 0 0
    outer loop
      vertex -5.60025 -4.21192 -0.853271
      vertex -5.60025 -3.81755 0.249947
      vertex -5.60025 -3.87138 0.26999
    endloop
  endfacet
  facet normal 1 0 0
    outer loop
      vertex -5.60025 -3.59846 0.183465
      vertex -5.60025 -3.88313 -0.953086
      vertex -5.60025 -3.79964 -0.972892
    endloop
  endfacet
  facet normal 1 0 0
    outer loop
      vertex -5.60025 -4.29269 -0.823188
      vertex -5.60025 -3.87138 0.26999
      vertex -5.60025 -3.92478 0.29139
    endloop
  endfacet
  facet normal 1 0 0
    outer loop
      vertex -5.60025 -3.65376 0.198029
      vertex -5.60025 -3.96613 -0.93122
      vertex -5.60025 -3.88313 -0.953086
    endloop
  endfacet
  facet normal 1 0 0
    outer loop
      vertex -5.60025 -4.37283 -0.791061
      vertex -5.60025 -3.92478 0.29139
      vertex -5.60025 -3.97768 0.314118
    endloop
  endfacet
  facet normal 1 0 0
    outer loop
      vertex -5.60025 -4.45222 -0.756934
      vertex -5.60025 -3.97768 0.314118
      vertex -5.60025 -4.02995 0.338135
    endloop
  endfacet
  facet normal 1 0 0
    outer loop
      vertex -5.60025 -3.70873 0.213967
      vertex -5.60025 -4.04861 -0.907295
      vertex -5.60025 -3.96613 -0.93122
    endloop
  endfacet
  facet normal 1 0 0
    outer loop
      vertex -5.60025 -4.53067 -0.720878
      vertex -5.60025 -4.02995 0.338135
      vertex -5.60025 -4.08157 0.363412
    endloop
  endfacet
  facet normal 1 0 0
    outer loop
      vertex -5.60025 -3.76333 0.23127
      vertex -5.60025 -4.13055 -0.881309
      vertex -5.60025 -4.04861 -0.907295
    endloop
  endfacet
  facet normal 1 0 0
    outer loop
      vertex -5.60025 -4.60815 -0.682929
      vertex -5.60025 -4.08157 0.363412
      vertex -5.60025 -4.13252 0.389931
    endloop
  endfacet
  facet normal 1 0 0
    outer loop
      vertex -5.60025 -4.68461 -0.643112
      vertex -5.60025 -4.13252 0.389931
      vertex -5.60025 -4.18278 0.417687
    endloop
  endfacet
  facet normal 1 0 0
    outer loop
      vertex -5.60025 -3.81755 0.249947
      vertex -5.60025 -4.21192 -0.853271
      vertex -5.60025 -4.13055 -0.881309
    endloop
  endfacet
  facet normal 1 0 0
    outer loop
      vertex -5.60025 -4.76003 -0.601447
      vertex -5.60025 -4.18278 0.417687
      vertex -5.60025 -4.23232 0.446648
    endloop
  endfacet
  facet normal 1 0 0
    outer loop
      vertex -5.60025 -4.83437 -0.557967
      vertex -5.60025 -4.23232 0.446648
      vertex -5.60025 -4.28112 0.476815
    endloop
  endfacet
  facet normal 1 0 0
    outer loop
      vertex -5.60025 -3.87138 0.26999
      vertex -5.60025 -4.29269 -0.823188
      vertex -5.60025 -4.21192 -0.853271
    endloop
  endfacet
  facet normal 1 0 0
    outer loop
      vertex -5.60025 -4.90761 -0.512687
      vertex -5.60025 -4.28112 0.476815
      vertex -5.60025 -4.32917 0.508156
    endloop
  endfacet
  facet normal 1 0 0
    outer loop
      vertex -5.60025 -3.92478 0.29139
      vertex -5.60025 -4.37283 -0.791061
      vertex -5.60025 -4.29269 -0.823188
    endloop
  endfacet
  facet normal 1 0 0
    outer loop
      vertex -5.60025 -4.97971 -0.465637
      vertex -5.60025 -4.32917 0.508156
      vertex -5.60025 -4.37643 0.540658
    endloop
  endfacet
  facet normal 1 0 0
    outer loop
      vertex -5.60025 -5.05063 -0.416847
      vertex -5.60025 -4.37643 0.540658
      vertex -5.60025 -4.42289 0.574311
    endloop
  endfacet
  facet normal 1 0 0
    outer loop
      vertex -5.60025 -3.97768 0.314118
      vertex -5.60025 -4.45222 -0.756934
      vertex -5.60025 -4.37283 -0.791061
    endloop
  endfacet
  facet normal 1 0 0
    outer loop
      vertex -5.60025 -5.12034 -0.366332
      vertex -5.60025 -4.42289 0.574311
      vertex -5.60025 -4.46853 0.609101
    endloop
  endfacet
  facet normal 1 0 0
    outer loop
      vertex -5.60025 -5.18882 -0.314124
      vertex -5.60025 -4.46853 0.609101
      vertex -5.60025 -4.51332 0.644997
    endloop
  endfacet
  facet normal 1 0 0
    outer loop
      vertex -5.60025 -4.02995 0.338135
      vertex -5.60025 -4.53067 -0.720878
      vertex -5.60025 -4.45222 -0.756934
    endloop
  endfacet
  facet normal 1 0 0
    outer loop
      vertex -5.60025 -5.25602 -0.260246
      vertex -5.60025 -4.51332 0.644997
      vertex -5.60025 -4.55724 0.681992
    endloop
  endfacet
  facet normal 1 0 0
    outer loop
      vertex -5.60025 -5.32192 -0.204719
      vertex -5.60025 -4.55724 0.681992
      vertex -5.60025 -4.60027 0.720071
    endloop
  endfacet
  facet normal 1 0 0
    outer loop
      vertex -5.60025 -4.08157 0.363412
      vertex -5.60025 -4.60815 -0.682929
      vertex -5.60025 -4.53067 -0.720878
    endloop
  endfacet
  facet normal 1 0 0
    outer loop
      vertex -5.60025 -5.38649 -0.147575
      vertex -5.60025 -4.60027 0.720071
      vertex -5.60025 -4.64239 0.759217
    endloop
  endfacet
  facet normal 1 0 0
    outer loop
      vertex -5.60025 -5.44968 -0.0888284
      vertex -5.60025 -4.64239 0.759217
      vertex -5.60025 -4.68357 0.799409
    endloop
  endfacet
  facet normal 1 0 0
    outer loop
      vertex -5.60025 -4.13252 0.389931
      vertex -5.60025 -4.68461 -0.643112
      vertex -5.60025 -4.60815 -0.682929
    endloop
  endfacet
  facet normal 1 0 0
    outer loop
      vertex -5.60025 -5.51147 -0.028518
      vertex -5.60025 -4.68357 0.799409
      vertex -5.60025 -4.72376 0.840577
    endloop
  endfacet
  facet normal 1 0 0
    outer loop
      vertex -5.60025 -4.18278 0.417687
      vertex -5.60025 -4.76003 -0.601447
      vertex -5.60025 -4.68461 -0.643112
    endloop
  endfacet
  facet normal 1 0 0
    outer loop
      vertex -5.60025 -5.57179 0.0332953
      vertex -5.60025 -4.72376 0.840577
      vertex -5.60025 -4.76289 0.882683
    endloop
  endfacet
  facet normal 1 0 0
    outer loop
      vertex -5.60025 -5.63054 0.0965125
      vertex -5.60025 -4.76289 0.882683
      vertex -5.60025 -4.80097 0.925706
    endloop
  endfacet
  facet normal 1 0 0
    outer loop
      vertex -5.60025 -4.23232 0.446648
      vertex -5.60025 -4.83437 -0.557967
      vertex -5.60025 -4.76003 -0.601447
    endloop
  endfacet
  facet normal 1 0 0
    outer loop
      vertex -5.60025 -5.68769 0.161103
      vertex -5.60025 -4.80097 0.925706
      vertex -5.60025 -4.83796 0.969613
    endloop
  endfacet
  facet normal 1 0 0
    outer loop
      vertex -5.60025 -5.74322 0.227021
      vertex -5.60025 -4.83796 0.969613
      vertex -5.60025 -4.87386 1.0144
    endloop
  endfacet
  facet normal 1 0 0
    outer loop
      vertex -5.60025 -4.28112 0.476815
      vertex -5.60025 -4.90761 -0.512687
      vertex -5.60025 -4.83437 -0.557967
    endloop
  endfacet
  facet normal 1 0 0
    outer loop
      vertex -5.60025 -5.79709 0.294251
      vertex -5.60025 -4.87386 1.0144
      vertex -5.60025 -4.90864 1.06002
    endloop
  endfacet
  facet normal 1 0 0
    outer loop
      vertex -5.60025 -5.8493 0.36274
      vertex -5.60025 -4.90864 1.06002
      vertex -5.60025 -4.9423 1.10647
    endloop
  endfacet
  facet normal 1 0 0
    outer loop
      vertex -5.60025 -5.89981 0.432473
      vertex -5.60025 -4.9423 1.10647
      vertex -5.60025 -4.97481 1.15373
    endloop
  endfacet
  facet normal 1 0 0
    outer loop
      vertex -5.60025 -4.32917 0.508156
      vertex -5.60025 -4.97971 -0.465637
      vertex -5.60025 -4.90761 -0.512687
    endloop
  endfacet
  facet normal 1 0 0
    outer loop
      vertex -5.60025 -5.9486 0.503411
      vertex -5.60025 -4.97481 1.15373
      vertex -5.60025 -5.00615 1.20175
    endloop
  endfacet
  facet normal 1 0 0
    outer loop
      vertex -5.60025 -5.99564 0.575516
      vertex -5.60025 -5.00615 1.20175
      vertex -5.60025 -5.03632 1.25056
    endloop
  endfacet
  facet normal 1 0 0
    outer loop
      vertex -5.60025 -4.37643 0.540658
      vertex -5.60025 -5.05063 -0.416847
      vertex -5.60025 -4.97971 -0.465637
    endloop
  endfacet
  facet normal 1 0 0
    outer loop
      vertex -5.60025 -6.04091 0.648766
      vertex -5.60025 -5.03632 1.25056
      vertex -5.60025 -5.06529 1.3001
    endloop
  endfacet
  facet normal 1 0 0
    outer loop
      vertex -5.60025 -6.08438 0.723122
      vertex -5.60025 -5.06529 1.3001
      vertex -5.60025 -5.09304 1.35035
    endloop
  endfacet
  facet normal 1 0 0
    outer loop
      vertex -5.60025 -6.12604 0.798546
      vertex -5.60025 -5.09304 1.35035
      vertex -5.60025 -5.11957 1.4013
    endloop
  endfacet
  facet normal 1 0 0
    outer loop
      vertex -5.60025 -4.42289 0.574311
      vertex -5.60025 -5.12034 -0.366332
      vertex -5.60025 -5.05063 -0.416847
    endloop
  endfacet
  facet normal 1 0 0
    outer loop
      vertex -5.60025 -6.16584 0.875008
      vertex -5.60025 -5.11957 1.4013
      vertex -5.60025 -5.14485 1.45292
    endloop
  endfacet
  facet normal 1 0 0
    outer loop
      vertex -5.60025 -6.20378 0.952492
      vertex -5.60025 -5.14485 1.45292
      vertex -5.60025 -5.16887 1.50519
    endloop
  endfacet
  facet normal 1 0 0
    outer loop
      vertex -5.60025 -4.46853 0.609101
      vertex -5.60025 -5.18882 -0.314124
      vertex -5.60025 -5.12034 -0.366332
    endloop
  endfacet
  facet normal 1 0 0
    outer loop
      vertex -5.60025 -6.23982 1.03095
      vertex -5.60025 -5.16887 1.50519
      vertex -5.60025 -5.19161 1.55809
    endloop
  endfacet
  facet normal 1 0 0
    outer loop
      vertex -5.60025 -6.27394 1.11034
      vertex -5.60025 -5.19161 1.55809
      vertex -5.60025 -5.21301 1.61149
    endloop
  endfacet
  facet normal 1 0 0
    outer loop
      vertex -5.60025 -6.30607 1.19049
      vertex -5.60025 -5.21301 1.61149
      vertex -5.60025 -5.23306 1.6653
    endloop
  endfacet
  facet normal 1 0 0
    outer loop
      vertex -5.60025 -6.33614 1.27127
      vertex -5.60025 -5.23306 1.6653
      vertex -5.60025 -5.25173 1.71952
    endloop
  endfacet
  facet normal 1 0 0
    outer loop
      vertex -5.60025 -4.51332 0.644997
      vertex -5.60025 -5.25602 -0.260246
      vertex -5.60025 -5.18882 -0.314124
    endloop
  endfacet
  facet normal 1 0 0
    outer loop
      vertex -5.60025 -6.36417 1.35265
      vertex -5.60025 -5.25173 1.71952
      vertex -5.60025 -5.26904 1.77412
    endloop
  endfacet
  facet normal 1 0 0
    outer loop
      vertex -5.60025 -6.39015 1.4346
      vertex -5.60025 -5.26904 1.77412
      vertex -5.60025 -5.28498 1.82908
    endloop
  endfacet
  facet normal 1 0 0
    outer loop
      vertex -5.60025 -6.41408 1.51709
      vertex -5.60025 -5.28498 1.82908
      vertex -5.60025 -5.29955 1.88438
    endloop
  endfacet
  facet normal 1 0 0
    outer loop
      vertex -5.60025 -6.43594 1.6001
      vertex -5.60025 -5.29955 1.88438
      vertex -5.60025 -5.31275 1.94
    endloop
  endfacet
  facet normal 1 0 0
    outer loop
      vertex -5.60025 -4.55724 0.681992
      vertex -5.60025 -5.32192 -0.204719
      vertex -5.60025 -5.25602 -0.260246
    endloop
  endfacet
  facet normal 1 0 0
    outer loop
      vertex -5.60025 -6.45574 1.68359
      vertex -5.60025 -5.31275 1.94
      vertex -5.60025 -5.32456 1.99593
    endloop
  endfacet
  facet normal 1 0 0
    outer loop
      vertex -5.60025 -6.47347 1.76753
      vertex -5.60025 -5.32456 1.99593
      vertex -5.60025 -5.335 2.05214
    endloop
  endfacet
  facet normal 1 0 0
    outer loop
      vertex -5.60025 -6.48913 1.85191
      vertex -5.60025 -5.335 2.05214
      vertex -5.60025 -5.34405 2.10862
    endloop
  endfacet
  facet normal 1 0 0
    outer loop
      vertex -5.60025 -6.50272 1.93667
      vertex -5.60025 -5.34405 2.10862
      vertex -5.60025 -5.35172 2.16534
    endloop
  endfacet
  facet normal 1 0 0
    outer loop
      vertex -5.60025 -6.51423 2.0218
      vertex -5.60025 -5.35172 2.16534
      vertex -5.60025 -5.358 2.22228
    endloop
  endfacet
  facet normal 1 0 0
    outer loop
      vertex -5.60025 -6.52365 2.10727
      vertex -5.60025 -5.358 2.22228
      vertex -5.60025 -5.36289 2.27943
    endloop
  endfacet
  facet normal 1 0 0
    outer loop
      vertex -5.60025 -6.53099 2.19305
      vertex -5.60025 -5.36289 2.27943
      vertex -5.60025 -5.36638 2.33678
    endloop
  endfacet
  facet normal 1 0 0
    outer loop
      vertex -5.60025 -6.53623 2.2791
      vertex -5.60025 -5.36638 2.33678
      vertex -5.60025 -5.36848 2.39429
    endloop
  endfacet
  facet normal 1 0 0
    outer loop
      vertex -5.60025 -4.60027 0.720071
      vertex -5.60025 -5.38649 -0.147575
      vertex -5.60025 -5.32192 -0.204719
    endloop
  endfacet
  facet normal 1 0 0
    outer loop
      vertex -5.60025 -6.53938 2.3654
      vertex -5.60025 -5.36848 2.39429
      vertex -5.60025 -5.36918 2.45194
    endloop
  endfacet
  facet normal 1 0 0
    outer loop
      vertex -5.60025 4.32518 -1.26228
      vertex -5.60025 7.99965 0.0709387
      vertex -5.60025 7.99588 0.255387
    endloop
  endfacet
  facet normal 1 0 0
    outer loop
      vertex -5.60025 7.99965 0.0709387
      vertex -5.60025 4.32518 -1.26228
      vertex -5.60025 7.99915 -0.113548
    endloop
  endfacet
  facet normal 1 0 0
    outer loop
      vertex -5.60025 7.99915 -0.113548
      vertex -5.60025 4.32518 -1.26228
      vertex -5.60025 7.99441 -0.297973
    endloop
  endfacet
  facet normal 1 0 0
    outer loop
      vertex -5.60025 7.99441 -0.297973
      vertex -5.60025 4.32518 -1.26228
      vertex -5.60025 7.98541 -0.482246
    endloop
  endfacet
  facet normal 1 0 0
    outer loop
      vertex -5.60025 7.98541 -0.482246
      vertex -5.60025 4.32518 -1.26228
      vertex -5.60025 7.97217 -0.666251
    endloop
  endfacet
  facet normal 1 0 0
    outer loop
      vertex -5.60025 7.97217 -0.666251
      vertex -5.60025 4.32518 -1.26228
      vertex -5.60025 7.95469 -0.849914
    endloop
  endfacet
  facet normal 1 0 0
    outer loop
      vertex -5.60025 7.95469 -0.849914
      vertex -5.60025 4.32518 -1.26228
      vertex -5.60025 7.93297 -1.03312
    endloop
  endfacet
  facet normal 1 0 0
    outer loop
      vertex -5.60025 7.93297 -1.03312
      vertex -5.60025 4.32518 -1.26228
      vertex -5.60025 7.90704 -1.21577
    endloop
  endfacet
  facet normal 1 0 0
    outer loop
      vertex -5.60025 7.90704 -1.21577
      vertex -5.60025 4.32518 -1.26228
      vertex -5.60025 7.8769 -1.39778
    endloop
  endfacet
  facet normal 1 0 0
    outer loop
      vertex -5.60025 7.8769 -1.39778
      vertex -5.60025 4.32518 -1.26228
      vertex -5.60025 7.84258 -1.57905
    endloop
  endfacet
  facet normal 1 0 0
    outer loop
      vertex -5.60025 7.84258 -1.57905
      vertex -5.60025 4.32518 -1.26228
      vertex -5.60025 7.80408 -1.75947
    endloop
  endfacet
  facet normal 1 0 0
    outer loop
      vertex -5.60025 7.80408 -1.75947
      vertex -5.60025 4.32518 -1.26228
      vertex -5.60025 7.76143 -1.93896
    endloop
  endfacet
  facet normal 1 0 0
    outer loop
      vertex -5.60025 7.76143 -1.93896
      vertex -5.60025 4.32518 -1.26228
      vertex -5.60025 7.71466 -2.11742
    endloop
  endfacet
  facet normal 1 0 0
    outer loop
      vertex -5.60025 7.71466 -2.11742
      vertex -5.60025 4.32518 -1.26228
      vertex -5.60025 7.66378 -2.29475
    endloop
  endfacet
  facet normal 1 0 0
    outer loop
      vertex -5.60025 7.66378 -2.29475
      vertex -5.60025 4.32518 -1.26228
      vertex -5.60025 7.60883 -2.47086
    endloop
  endfacet
  facet normal 1 0 0
    outer loop
      vertex -5.60025 7.60883 -2.47086
      vertex -5.60025 4.32518 -1.26228
      vertex -5.60025 7.54983 -2.64566
    endloop
  endfacet
  facet normal 1 0 0
    outer loop
      vertex -5.60025 7.54983 -2.64566
      vertex -5.60025 4.32518 -1.26228
      vertex -5.60025 7.48681 -2.81905
    endloop
  endfacet
  facet normal 1 0 -0
    outer loop
      vertex -5.60025 5.42512 -3.95607
      vertex -5.60025 7.48681 -2.81905
      vertex -5.60025 4.32518 -1.26228
    endloop
  endfacet
  facet normal 1 0 0
    outer loop
      vertex -5.60025 7.48681 -2.81905
      vertex -5.60025 5.42512 -3.95607
      vertex -5.60025 7.41982 -2.99094
    endloop
  endfacet
  facet normal 1 0 0
    outer loop
      vertex -5.60025 4.62451 -4.28822
      vertex -5.60025 5.41339 -4.01148
      vertex -5.60025 5.42512 -3.95607
    endloop
  endfacet
  facet normal 1 0 0
    outer loop
      vertex -5.60025 5.41339 -4.01148
      vertex -5.60025 4.62451 -4.28822
      vertex -5.60025 5.40047 -4.06657
    endloop
  endfacet
  facet normal 1 0 0
    outer loop
      vertex -5.60025 5.40047 -4.06657
      vertex -5.60025 4.62451 -4.28822
      vertex -5.60025 5.38638 -4.12134
    endloop
  endfacet
  facet normal 1 0 0
    outer loop
      vertex -5.60025 5.38638 -4.12134
      vertex -5.60025 4.62451 -4.28822
      vertex -5.60025 5.37111 -4.17574
    endloop
  endfacet
  facet normal 1 0 0
    outer loop
      vertex -5.60025 5.37111 -4.17574
      vertex -5.60025 4.62451 -4.28822
      vertex -5.60025 5.35467 -4.22978
    endloop
  endfacet
  facet normal 1 0 0
    outer loop
      vertex -5.60025 5.35467 -4.22978
      vertex -5.60025 4.62451 -4.28822
      vertex -5.60025 5.33708 -4.28343
    endloop
  endfacet
  facet normal 1 0 0
    outer loop
      vertex -5.60025 5.33708 -4.28343
      vertex -5.60025 4.62451 -4.28822
      vertex -5.60025 5.31834 -4.33668
    endloop
  endfacet
  facet normal 1 0 0
    outer loop
      vertex -5.60025 5.31834 -4.33668
      vertex -5.60025 4.62451 -4.28822
      vertex -5.60025 5.29845 -4.38952
    endloop
  endfacet
  facet normal 1 0 0
    outer loop
      vertex -5.60025 5.29845 -4.38952
      vertex -5.60025 4.62451 -4.28822
      vertex -5.60025 5.27742 -4.44192
    endloop
  endfacet
  facet normal 1 0 0
    outer loop
      vertex -5.60025 5.27742 -4.44192
      vertex -5.60025 4.62451 -4.28822
      vertex -5.60025 5.25526 -4.49386
    endloop
  endfacet
  facet normal 1 0 0
    outer loop
      vertex -5.60025 5.25526 -4.49386
      vertex -5.60025 4.62451 -4.28822
      vertex -5.60025 5.23198 -4.54533
    endloop
  endfacet
  facet normal 1 0 0
    outer loop
      vertex -5.60025 5.23198 -4.54533
      vertex -5.60025 4.62451 -4.28822
      vertex -5.60025 5.20757 -4.59634
    endloop
  endfacet
  facet normal 1 0 0
    outer loop
      vertex -5.60025 5.20757 -4.59634
      vertex -5.60025 4.62451 -4.28822
      vertex -5.60025 5.18206 -4.64682
    endloop
  endfacet
  facet normal 1 -0 0
    outer loop
      vertex -5.60025 4.58373 -4.36848
      vertex -5.60025 5.18206 -4.64682
      vertex -5.60025 4.62451 -4.28822
    endloop
  endfacet
  facet normal 1 0 0
    outer loop
      vertex -5.60025 5.18206 -4.64682
      vertex -5.60025 4.58373 -4.36848
      vertex -5.60025 5.15545 -4.69678
    endloop
  endfacet
  facet normal 1 0 0
    outer loop
      vertex -5.60025 5.15545 -4.69678
      vertex -5.60025 4.58373 -4.36848
      vertex -5.60025 5.12776 -4.74617
    endloop
  endfacet
  facet normal 1 -0 0
    outer loop
      vertex -5.60025 4.53945 -4.44673
      vertex -5.60025 5.12776 -4.74617
      vertex -5.60025 4.58373 -4.36848
    endloop
  endfacet
  facet normal 1 0 0
    outer loop
      vertex -5.60025 5.12776 -4.74617
      vertex -5.60025 4.53945 -4.44673
      vertex -5.60025 5.09905 -4.79491
    endloop
  endfacet
  facet normal 1 0 0
    outer loop
      vertex -5.60025 5.09905 -4.79491
      vertex -5.60025 4.53945 -4.44673
      vertex -5.60025 5.0693 -4.84301
    endloop
  endfacet
  facet normal 1 -0 0
    outer loop
      vertex -5.60025 4.49175 -4.52286
      vertex -5.60025 5.0693 -4.84301
      vertex -5.60025 4.53945 -4.44673
    endloop
  endfacet
  facet normal 1 0 0
    outer loop
      vertex -5.60025 5.0693 -4.84301
      vertex -5.60025 4.49175 -4.52286
      vertex -5.60025 5.03854 -4.89044
    endloop
  endfacet
  facet normal 1 0 0
    outer loop
      vertex -5.60025 5.03854 -4.89044
      vertex -5.60025 4.49175 -4.52286
      vertex -5.60025 5.00678 -4.93719
    endloop
  endfacet
  facet normal 1 -0 0
    outer loop
      vertex -5.60025 4.44069 -4.59674
      vertex -5.60025 5.00678 -4.93719
      vertex -5.60025 4.49175 -4.52286
    endloop
  endfacet
  facet normal 1 0 0
    outer loop
      vertex -5.60025 5.00678 -4.93719
      vertex -5.60025 4.44069 -4.59674
      vertex -5.60025 4.97404 -4.98325
    endloop
  endfacet
  facet normal 1 -0 0
    outer loop
      vertex -5.60025 4.38636 -4.66824
      vertex -5.60025 4.94032 -5.0286
      vertex -5.60025 4.44069 -4.59674
    endloop
  endfacet
  facet normal 1 0 0
    outer loop
      vertex -5.60025 4.94032 -5.0286
      vertex -5.60025 4.38636 -4.66824
      vertex -5.60025 4.90564 -5.07322
    endloop
  endfacet
  facet normal 1 0 0
    outer loop
      vertex -5.60025 4.90564 -5.07322
      vertex -5.60025 4.38636 -4.66824
      vertex -5.60025 4.87002 -5.11709
    endloop
  endfacet
  facet normal 1 -0 0
    outer loop
      vertex -5.60025 4.32881 -4.73724
      vertex -5.60025 4.87002 -5.11709
      vertex -5.60025 4.38636 -4.66824
    endloop
  endfacet
  facet normal 1 0 0
    outer loop
      vertex -5.60025 4.97404 -4.98325
      vertex -5.60025 4.44069 -4.59674
      vertex -5.60025 4.94032 -5.0286
    endloop
  endfacet
  facet normal 1 0 0
    outer loop
      vertex -5.60025 7.41982 -2.99094
      vertex -5.60025 5.42512 -3.95607
      vertex -5.60025 7.34887 -3.16125
    endloop
  endfacet
  facet normal 1 -0 0
    outer loop
      vertex -5.60025 3.54266 -1.58559
      vertex -5.60025 5.42512 -3.95607
      vertex -5.60025 4.32518 -1.26228
    endloop
  endfacet
  facet normal 1 0 0
    outer loop
      vertex -5.60025 3.54266 -1.58559
      vertex -5.60025 4.32518 -1.26228
      vertex -5.60025 4.24278 -1.20816
    endloop
  endfacet
  facet normal 1 0 0
    outer loop
      vertex -5.60025 3.54266 -1.58559
      vertex -5.60025 4.24278 -1.20816
      vertex -5.60025 4.1585 -1.15718
    endloop
  endfacet
  facet normal 1 0 0
    outer loop
      vertex -5.60025 3.54266 -1.58559
      vertex -5.60025 4.1585 -1.15718
      vertex -5.60025 4.07244 -1.10943
    endloop
  endfacet
  facet normal 1 0 0
    outer loop
      vertex -5.60025 3.54266 -1.58559
      vertex -5.60025 4.07244 -1.10943
      vertex -5.60025 3.98468 -1.06493
    endloop
  endfacet
  facet normal 1 0 0
    outer loop
      vertex -5.60025 3.54266 -1.58559
      vertex -5.60025 3.98468 -1.06493
      vertex -5.60025 3.89532 -1.02376
    endloop
  endfacet
  facet normal 1 0 0
    outer loop
      vertex -5.60025 3.54266 -1.58559
      vertex -5.60025 3.89532 -1.02376
      vertex -5.60025 3.80443 -0.985954
    endloop
  endfacet
  facet normal 1 0 0
    outer loop
      vertex -5.60025 3.54266 -1.58559
      vertex -5.60025 3.80443 -0.985954
      vertex -5.60025 3.71211 -0.95156
    endloop
  endfacet
  facet normal 1 0 0
    outer loop
      vertex -5.60025 3.54266 -1.58559
      vertex -5.60025 3.71211 -0.95156
      vertex -5.60025 3.61845 -0.920654
    endloop
  endfacet
  facet normal 1 0 0
    outer loop
      vertex -5.60025 5.42512 -3.95607
      vertex -5.60025 3.54266 -1.58559
      vertex -5.60025 4.62451 -4.28822
    endloop
  endfacet
  facet normal 1 0 0
    outer loop
      vertex -5.60025 3.54266 -1.58559
      vertex -5.60025 3.48145 -4.76047
      vertex -5.60025 4.62451 -4.28822
    endloop
  endfacet
  facet normal 1 -0 0
    outer loop
      vertex -5.60025 2.36195 -2.07383
      vertex -5.60025 3.48145 -4.76047
      vertex -5.60025 3.54266 -1.58559
    endloop
  endfacet
  facet normal 1 0 0
    outer loop
      vertex -5.60025 3.48145 -4.76047
      vertex -5.60025 2.36195 -2.07383
      vertex -5.60025 3.4146 -4.78647
    endloop
  endfacet
  facet normal 1 0 0
    outer loop
      vertex -5.60025 3.4146 -4.78647
      vertex -5.60025 2.36195 -2.07383
      vertex -5.60025 3.3468 -4.8091
    endloop
  endfacet
  facet normal 1 0 0
    outer loop
      vertex -5.60025 3.3468 -4.8091
      vertex -5.60025 2.36195 -2.07383
      vertex -5.60025 3.27814 -4.82837
    endloop
  endfacet
  facet normal 1 0 0
    outer loop
      vertex -5.60025 3.27814 -4.82837
      vertex -5.60025 2.36195 -2.07383
      vertex -5.60025 3.20871 -4.84421
    endloop
  endfacet
  facet normal 1 0 0
    outer loop
      vertex -5.60025 3.20871 -4.84421
      vertex -5.60025 2.36195 -2.07383
      vertex -5.60025 3.13862 -4.85663
    endloop
  endfacet
  facet normal 1 0 0
    outer loop
      vertex -5.60025 3.13862 -4.85663
      vertex -5.60025 2.36195 -2.07383
      vertex -5.60025 3.06795 -4.86557
    endloop
  endfacet
  facet normal 1 0 0
    outer loop
      vertex -5.60025 3.06795 -4.86557
      vertex -5.60025 2.36195 -2.07383
      vertex -5.60025 2.9968 -4.87102
    endloop
  endfacet
  facet normal 1 0 0
    outer loop
      vertex -5.60025 2.9968 -4.87102
      vertex -5.60025 2.36195 -2.07383
      vertex -5.60025 2.92526 -4.87295
    endloop
  endfacet
  facet normal 1 0 0
    outer loop
      vertex -5.60025 2.92526 -4.87295
      vertex -5.60025 2.36195 -2.07383
      vertex -5.60025 2.85361 -4.87134
    endloop
  endfacet
  facet normal 1 0 0
    outer loop
      vertex -5.60025 2.85361 -4.87134
      vertex -5.60025 2.36195 -2.07383
      vertex -5.60025 2.78225 -4.8662
    endloop
  endfacet
  facet normal 1 0 0
    outer loop
      vertex -5.60025 2.78225 -4.8662
      vertex -5.60025 2.36195 -2.07383
      vertex -5.60025 2.71131 -4.85756
    endloop
  endfacet
  facet normal 1 0 0
    outer loop
      vertex -5.60025 2.71131 -4.85756
      vertex -5.60025 2.36195 -2.07383
      vertex -5.60025 2.64092 -4.84545
    endloop
  endfacet
  facet normal 1 0 0
    outer loop
      vertex -5.60025 2.64092 -4.84545
      vertex -5.60025 2.36195 -2.07383
      vertex -5.60025 2.57121 -4.82992
    endloop
  endfacet
  facet normal 1 0 0
    outer loop
      vertex -5.60025 2.57121 -4.82992
      vertex -5.60025 2.36195 -2.07383
      vertex -5.60025 2.50233 -4.81098
    endloop
  endfacet
  facet normal 1 0 0
    outer loop
      vertex -5.60025 2.50233 -4.81098
      vertex -5.60025 2.36195 -2.07383
      vertex -5.60025 2.43438 -4.7887
    endloop
  endfacet
  facet normal 1 0 0
    outer loop
      vertex -5.60025 2.43438 -4.7887
      vertex -5.60025 2.36195 -2.07383
      vertex -5.60025 2.36752 -4.76306
    endloop
  endfacet
  facet normal 1 0 0
    outer loop
      vertex -5.60025 2.36195 -2.07383
      vertex -5.60025 2.30197 -4.73418
      vertex -5.60025 2.36752 -4.76306
    endloop
  endfacet
  facet normal 1 -0 0
    outer loop
      vertex -5.60025 2.29643 -2.10301
      vertex -5.60025 2.30197 -4.73418
      vertex -5.60025 2.36195 -2.07383
    endloop
  endfacet
  facet normal 1 0 0
    outer loop
      vertex -5.60025 2.29643 -2.10301
      vertex -5.60025 2.238 -4.70219
      vertex -5.60025 2.30197 -4.73418
    endloop
  endfacet
  facet normal 1 -0 0
    outer loop
      vertex -5.60025 2.23263 -2.13523
      vertex -5.60025 2.238 -4.70219
      vertex -5.60025 2.29643 -2.10301
    endloop
  endfacet
  facet normal 1 0 0
    outer loop
      vertex -5.60025 2.23263 -2.13523
      vertex -5.60025 2.17574 -4.66713
      vertex -5.60025 2.238 -4.70219
    endloop
  endfacet
  facet normal 1 -0 0
    outer loop
      vertex -5.60025 2.17063 -2.17045
      vertex -5.60025 2.17574 -4.66713
      vertex -5.60025 2.23263 -2.13523
    endloop
  endfacet
  facet normal 1 0 0
    outer loop
      vertex -5.60025 2.17063 -2.17045
      vertex -5.60025 2.11529 -4.62909
      vertex -5.60025 2.17574 -4.66713
    endloop
  endfacet
  facet normal 1 -0 0
    outer loop
      vertex -5.60025 2.11052 -2.20859
      vertex -5.60025 2.11529 -4.62909
      vertex -5.60025 2.17063 -2.17045
    endloop
  endfacet
  facet normal 1 0 0
    outer loop
      vertex -5.60025 2.11052 -2.20859
      vertex -5.60025 2.05678 -4.58813
      vertex -5.60025 2.11529 -4.62909
    endloop
  endfacet
  facet normal 1 -0 0
    outer loop
      vertex -5.60025 2.05237 -2.24963
      vertex -5.60025 2.05678 -4.58813
      vertex -5.60025 2.11052 -2.20859
    endloop
  endfacet
  facet normal 1 0 0
    outer loop
      vertex -5.60025 2.05237 -2.24963
      vertex -5.60025 2.00032 -4.54433
      vertex -5.60025 2.05678 -4.58813
    endloop
  endfacet
  facet normal 1 -0 0
    outer loop
      vertex -5.60025 1.99627 -2.29352
      vertex -5.60025 2.00032 -4.54433
      vertex -5.60025 2.05237 -2.24963
    endloop
  endfacet
  facet normal 1 0 0
    outer loop
      vertex -5.60025 1.99627 -2.29352
      vertex -5.60025 1.94602 -4.49773
      vertex -5.60025 2.00032 -4.54433
    endloop
  endfacet
  facet normal 1 -0 0
    outer loop
      vertex -5.60025 1.94232 -2.34021
      vertex -5.60025 1.94602 -4.49773
      vertex -5.60025 1.99627 -2.29352
    endloop
  endfacet
  facet normal 1 0 0
    outer loop
      vertex -5.60025 1.94232 -2.34021
      vertex -5.60025 1.89401 -4.44843
      vertex -5.60025 1.94602 -4.49773
    endloop
  endfacet
  facet normal 1 -0 0
    outer loop
      vertex -5.60025 1.89059 -2.38966
      vertex -5.60025 1.89401 -4.44843
      vertex -5.60025 1.94232 -2.34021
    endloop
  endfacet
  facet normal 1 0 0
    outer loop
      vertex -5.60025 1.89059 -2.38966
      vertex -5.60025 1.84457 -4.39669
      vertex -5.60025 1.89401 -4.44843
    endloop
  endfacet
  facet normal 1 -0 0
    outer loop
      vertex -5.60025 1.8413 -2.44166
      vertex -5.60025 1.84457 -4.39669
      vertex -5.60025 1.89059 -2.38966
    endloop
  endfacet
  facet normal 1 0 0
    outer loop
      vertex -5.60025 1.8413 -2.44166
      vertex -5.60025 1.79789 -4.34272
      vertex -5.60025 1.84457 -4.39669
    endloop
  endfacet
  facet normal 1 -0 0
    outer loop
      vertex -5.60025 1.79472 -2.49596
      vertex -5.60025 1.79789 -4.34272
      vertex -5.60025 1.8413 -2.44166
    endloop
  endfacet
  facet normal 1 0 0
    outer loop
      vertex -5.60025 1.79472 -2.49596
      vertex -5.60025 1.75401 -4.28661
      vertex -5.60025 1.79789 -4.34272
    endloop
  endfacet
  facet normal 1 -0 0
    outer loop
      vertex -5.60025 1.75092 -2.55242
      vertex -5.60025 1.75401 -4.28661
      vertex -5.60025 1.79472 -2.49596
    endloop
  endfacet
  facet normal 1 0 0
    outer loop
      vertex -5.60025 1.75092 -2.55242
      vertex -5.60025 1.71299 -4.22843
      vertex -5.60025 1.75401 -4.28661
    endloop
  endfacet
  facet normal 1 -0 0
    outer loop
      vertex -5.60025 1.70996 -2.61092
      vertex -5.60025 1.71299 -4.22843
      vertex -5.60025 1.75092 -2.55242
    endloop
  endfacet
  facet normal 1 0 0
    outer loop
      vertex -5.60025 1.70996 -2.61092
      vertex -5.60025 1.67487 -4.16829
      vertex -5.60025 1.71299 -4.22843
    endloop
  endfacet
  facet normal 1 -0 0
    outer loop
      vertex -5.60025 1.67192 -2.67136
      vertex -5.60025 1.67487 -4.16829
      vertex -5.60025 1.70996 -2.61092
    endloop
  endfacet
  facet normal 1 0 0
    outer loop
      vertex -5.60025 1.67192 -2.67136
      vertex -5.60025 1.63969 -4.10627
      vertex -5.60025 1.67487 -4.16829
    endloop
  endfacet
  facet normal 1 -0 0
    outer loop
      vertex -5.60025 1.63687 -2.73361
      vertex -5.60025 1.63969 -4.10627
      vertex -5.60025 1.67192 -2.67136
    endloop
  endfacet
  facet normal 1 0 0
    outer loop
      vertex -5.60025 1.63687 -2.73361
      vertex -5.60025 1.60751 -4.04244
      vertex -5.60025 1.63969 -4.10627
    endloop
  endfacet
  facet normal 1 -0 0
    outer loop
      vertex -5.60025 1.60487 -2.79756
      vertex -5.60025 1.60751 -4.04244
      vertex -5.60025 1.63687 -2.73361
    endloop
  endfacet
  facet normal 1 0 0
    outer loop
      vertex -5.60025 1.60487 -2.79756
      vertex -5.60025 1.57838 -3.9769
      vertex -5.60025 1.60751 -4.04244
    endloop
  endfacet
  facet normal 1 -0 0
    outer loop
      vertex -5.60025 1.57599 -2.8631
      vertex -5.60025 1.57838 -3.9769
      vertex -5.60025 1.60487 -2.79756
    endloop
  endfacet
  facet normal 1 0 0
    outer loop
      vertex -5.60025 1.57599 -2.8631
      vertex -5.60025 1.5524 -3.91005
      vertex -5.60025 1.57838 -3.9769
    endloop
  endfacet
  facet normal 1 -0 0
    outer loop
      vertex -5.60025 1.55035 -2.92995
      vertex -5.60025 1.5524 -3.91005
      vertex -5.60025 1.57599 -2.8631
    endloop
  endfacet
  facet normal 1 0 0
    outer loop
      vertex -5.60025 1.55035 -2.92995
      vertex -5.60025 1.52977 -3.84225
      vertex -5.60025 1.5524 -3.91005
    endloop
  endfacet
  facet normal 1 -0 0
    outer loop
      vertex -5.60025 1.52805 -2.99789
      vertex -5.60025 1.52977 -3.84225
      vertex -5.60025 1.55035 -2.92995
    endloop
  endfacet
  facet normal 1 0 0
    outer loop
      vertex -5.60025 1.52805 -2.99789
      vertex -5.60025 1.51053 -3.7736
      vertex -5.60025 1.52977 -3.84225
    endloop
  endfacet
  facet normal 1 -0 0
    outer loop
      vertex -5.60025 1.5091 -3.06676
      vertex -5.60025 1.51053 -3.7736
      vertex -5.60025 1.52805 -2.99789
    endloop
  endfacet
  facet normal 1 0 0
    outer loop
      vertex -5.60025 1.5091 -3.06676
      vertex -5.60025 1.49469 -3.70418
      vertex -5.60025 1.51053 -3.7736
    endloop
  endfacet
  facet normal 1 -0 0
    outer loop
      vertex -5.60025 1.49356 -3.13645
      vertex -5.60025 1.49469 -3.70418
      vertex -5.60025 1.5091 -3.06676
    endloop
  endfacet
  facet normal 1 0 0
    outer loop
      vertex -5.60025 1.49356 -3.13645
      vertex -5.60025 1.4823 -3.63409
      vertex -5.60025 1.49469 -3.70418
    endloop
  endfacet
  facet normal 1 -0 0
    outer loop
      vertex -5.60025 1.48144 -3.20682
      vertex -5.60025 1.4823 -3.63409
      vertex -5.60025 1.49356 -3.13645
    endloop
  endfacet
  facet normal 1 0 0
    outer loop
      vertex -5.60025 1.48144 -3.20682
      vertex -5.60025 1.47337 -3.56342
      vertex -5.60025 1.4823 -3.63409
    endloop
  endfacet
  facet normal 1 -0 0
    outer loop
      vertex -5.60025 1.47279 -3.27776
      vertex -5.60025 1.47337 -3.56342
      vertex -5.60025 1.48144 -3.20682
    endloop
  endfacet
  facet normal 1 0 0
    outer loop
      vertex -5.60025 1.47279 -3.27776
      vertex -5.60025 1.46793 -3.49228
      vertex -5.60025 1.47337 -3.56342
    endloop
  endfacet
  facet normal 1 -0 0
    outer loop
      vertex -5.60025 1.46763 -3.34911
      vertex -5.60025 1.46793 -3.49228
      vertex -5.60025 1.47279 -3.27776
    endloop
  endfacet
  facet normal 1 0 0
    outer loop
      vertex -5.60025 1.46793 -3.49228
      vertex -5.60025 1.46763 -3.34911
      vertex -5.60025 1.46601 -3.42074
    endloop
  endfacet
  facet normal 1 0 0
    outer loop
      vertex -5.60025 4.87002 -5.11709
      vertex -5.60025 4.32881 -4.73724
      vertex -5.60025 4.83346 -5.1602
    endloop
  endfacet
  facet normal 1 0 0
    outer loop
      vertex -5.60025 4.83346 -5.1602
      vertex -5.60025 4.32881 -4.73724
      vertex -5.60025 4.79598 -5.20254
    endloop
  endfacet
  facet normal 1 -0 0
    outer loop
      vertex -5.60025 4.26812 -4.8036
      vertex -5.60025 4.79598 -5.20254
      vertex -5.60025 4.32881 -4.73724
    endloop
  endfacet
  facet normal 1 0 0
    outer loop
      vertex -5.60025 4.79598 -5.20254
      vertex -5.60025 4.26812 -4.8036
      vertex -5.60025 4.75759 -5.24408
    endloop
  endfacet
  facet normal 1 0 0
    outer loop
      vertex -5.60025 4.75759 -5.24408
      vertex -5.60025 4.26812 -4.8036
      vertex -5.60025 4.71831 -5.28482
    endloop
  endfacet
  facet normal 1 -0 0
    outer loop
      vertex -5.60025 4.20437 -4.86722
      vertex -5.60025 4.71831 -5.28482
      vertex -5.60025 4.26812 -4.8036
    endloop
  endfacet
  facet normal 1 0 0
    outer loop
      vertex -5.60025 4.71831 -5.28482
      vertex -5.60025 4.20437 -4.86722
      vertex -5.60025 4.67816 -5.32472
    endloop
  endfacet
  facet normal 1 0 0
    outer loop
      vertex -5.60025 4.67816 -5.32472
      vertex -5.60025 4.20437 -4.86722
      vertex -5.60025 4.63719 -5.36374
    endloop
  endfacet
  facet normal 1 0 0
    outer loop
      vertex -5.60025 4.63719 -5.36374
      vertex -5.60025 4.20437 -4.86722
      vertex -5.60025 4.59542 -5.40185
    endloop
  endfacet
  facet normal 1 -0 0
    outer loop
      vertex -5.60025 4.13781 -4.92779
      vertex -5.60025 4.59542 -5.40185
      vertex -5.60025 4.20437 -4.86722
    endloop
  endfacet
  facet normal 1 0 0
    outer loop
      vertex -5.60025 4.59542 -5.40185
      vertex -5.60025 4.13781 -4.92779
      vertex -5.60025 4.55288 -5.43904
    endloop
  endfacet
  facet normal 1 0 0
    outer loop
      vertex -5.60025 4.55288 -5.43904
      vertex -5.60025 4.13781 -4.92779
      vertex -5.60025 4.50957 -5.4753
    endloop
  endfacet
  facet normal 1 -0 0
    outer loop
      vertex -5.60025 4.06873 -4.98508
      vertex -5.60025 4.50957 -5.4753
      vertex -5.60025 4.13781 -4.92779
    endloop
  endfacet
  facet normal 1 0 0
    outer loop
      vertex -5.60025 4.50957 -5.4753
      vertex -5.60025 4.06873 -4.98508
      vertex -5.60025 4.46552 -5.51062
    endloop
  endfacet
  facet normal 1 0 0
    outer loop
      vertex -5.60025 4.46552 -5.51062
      vertex -5.60025 4.06873 -4.98508
      vertex -5.60025 4.42075 -5.54497
    endloop
  endfacet
  facet normal 1 -0 0
    outer loop
      vertex -5.60025 3.99722 -5.03904
      vertex -5.60025 4.42075 -5.54497
      vertex -5.60025 4.06873 -4.98508
    endloop
  endfacet
  facet normal 1 0 0
    outer loop
      vertex -5.60025 4.42075 -5.54497
      vertex -5.60025 3.99722 -5.03904
      vertex -5.60025 4.37526 -5.57837
    endloop
  endfacet
  facet normal 1 0 0
    outer loop
      vertex -5.60025 4.37526 -5.57837
      vertex -5.60025 3.99722 -5.03904
      vertex -5.60025 4.32907 -5.61078
    endloop
  endfacet
  facet normal 1 -0 0
    outer loop
      vertex -5.60025 3.92336 -5.08962
      vertex -5.60025 4.32907 -5.61078
      vertex -5.60025 3.99722 -5.03904
    endloop
  endfacet
  facet normal 1 0 0
    outer loop
      vertex -5.60025 4.32907 -5.61078
      vertex -5.60025 3.92336 -5.08962
      vertex -5.60025 4.28221 -5.6422
    endloop
  endfacet
  facet normal 1 0 0
    outer loop
      vertex -5.60025 4.28221 -5.6422
      vertex -5.60025 3.92336 -5.08962
      vertex -5.60025 4.23468 -5.6726
    endloop
  endfacet
  facet normal 1 -0 0
    outer loop
      vertex -5.60025 3.84723 -5.13676
      vertex -5.60025 4.23468 -5.6726
      vertex -5.60025 3.92336 -5.08962
    endloop
  endfacet
  facet normal 1 0 0
    outer loop
      vertex -5.60025 4.23468 -5.6726
      vertex -5.60025 3.84723 -5.13676
      vertex -5.60025 4.18651 -5.702
    endloop
  endfacet
  facet normal 1 0 0
    outer loop
      vertex -5.60025 4.18651 -5.702
      vertex -5.60025 3.84723 -5.13676
      vertex -5.60025 4.13771 -5.73035
    endloop
  endfacet
  facet normal 1 -0 0
    outer loop
      vertex -5.60025 3.76894 -5.18043
      vertex -5.60025 4.13771 -5.73035
      vertex -5.60025 3.84723 -5.13676
    endloop
  endfacet
  facet normal 1 0 0
    outer loop
      vertex -5.60025 4.13771 -5.73035
      vertex -5.60025 3.76894 -5.18043
      vertex -5.60025 4.08829 -5.75767
    endloop
  endfacet
  facet normal 1 0 0
    outer loop
      vertex -5.60025 4.08829 -5.75767
      vertex -5.60025 3.76894 -5.18043
      vertex -5.60025 4.03828 -5.78394
    endloop
  endfacet
  facet normal 1 -0 0
    outer loop
      vertex -5.60025 3.68856 -5.22057
      vertex -5.60025 4.03828 -5.78394
      vertex -5.60025 3.76894 -5.18043
    endloop
  endfacet
  facet normal 1 0 0
    outer loop
      vertex -5.60025 4.03828 -5.78394
      vertex -5.60025 3.68856 -5.22057
      vertex -5.60025 3.98768 -5.80913
    endloop
  endfacet
  facet normal 1 0 0
    outer loop
      vertex -5.60025 3.98768 -5.80913
      vertex -5.60025 3.68856 -5.22057
      vertex -5.60025 3.93652 -5.83325
    endloop
  endfacet
  facet normal 1 -0 0
    outer loop
      vertex -5.60025 3.60619 -5.25711
      vertex -5.60025 3.93652 -5.83325
      vertex -5.60025 3.68856 -5.22057
    endloop
  endfacet
  facet normal 1 0 0
    outer loop
      vertex -5.60025 3.93652 -5.83325
      vertex -5.60025 3.60619 -5.25711
      vertex -5.60025 3.88482 -5.85628
    endloop
  endfacet
  facet normal 1 0 0
    outer loop
      vertex -5.60025 3.88482 -5.85628
      vertex -5.60025 3.60619 -5.25711
      vertex -5.60025 3.83259 -5.87819
    endloop
  endfacet
  facet normal 1 -0 0
    outer loop
      vertex -5.60025 3.56097 -5.27531
      vertex -5.60025 3.83259 -5.87819
      vertex -5.60025 3.60619 -5.25711
    endloop
  endfacet
  facet normal 1 0 0
    outer loop
      vertex -5.60025 3.83259 -5.87819
      vertex -5.60025 3.56097 -5.27531
      vertex -5.60025 3.77997 -5.89894
    endloop
  endfacet
  facet normal 1 -0 0
    outer loop
      vertex -5.60025 3.5154 -5.29237
      vertex -5.60025 3.77997 -5.89894
      vertex -5.60025 3.56097 -5.27531
    endloop
  endfacet
  facet normal 1 0 0
    outer loop
      vertex -5.60025 3.77997 -5.89894
      vertex -5.60025 3.5154 -5.29237
      vertex -5.60025 3.72698 -5.91853
    endloop
  endfacet
  facet normal 1 -0 0
    outer loop
      vertex -5.60025 3.46952 -5.30827
      vertex -5.60025 3.72698 -5.91853
      vertex -5.60025 3.5154 -5.29237
    endloop
  endfacet
  facet normal 1 0 0
    outer loop
      vertex -5.60025 3.72698 -5.91853
      vertex -5.60025 3.46952 -5.30827
      vertex -5.60025 3.67366 -5.93694
    endloop
  endfacet
  facet normal 1 0 0
    outer loop
      vertex -5.60025 3.67366 -5.93694
      vertex -5.60025 3.46952 -5.30827
      vertex -5.60025 3.62001 -5.95419
    endloop
  endfacet
  facet normal 1 -0 0
    outer loop
      vertex -5.60025 3.42332 -5.32304
      vertex -5.60025 3.62001 -5.95419
      vertex -5.60025 3.46952 -5.30827
    endloop
  endfacet
  facet normal 1 0 0
    outer loop
      vertex -5.60025 3.62001 -5.95419
      vertex -5.60025 3.42332 -5.32304
      vertex -5.60025 3.56605 -5.97024
    endloop
  endfacet
  facet normal 1 -0 0
    outer loop
      vertex -5.60025 3.37684 -5.33665
      vertex -5.60025 3.56605 -5.97024
      vertex -5.60025 3.42332 -5.32304
    endloop
  endfacet
  facet normal 1 0 0
    outer loop
      vertex -5.60025 3.56605 -5.97024
      vertex -5.60025 3.37684 -5.33665
      vertex -5.60025 3.51178 -5.98513
    endloop
  endfacet
  facet normal 1 -0 0
    outer loop
      vertex -5.60025 3.33008 -5.34911
      vertex -5.60025 3.51178 -5.98513
      vertex -5.60025 3.37684 -5.33665
    endloop
  endfacet
  facet normal 1 0 0
    outer loop
      vertex -5.60025 3.51178 -5.98513
      vertex -5.60025 3.33008 -5.34911
      vertex -5.60025 3.45723 -5.99884
    endloop
  endfacet
  facet normal 1 -0 0
    outer loop
      vertex -5.60025 3.28306 -5.3604
      vertex -5.60025 3.45723 -5.99884
      vertex -5.60025 3.33008 -5.34911
    endloop
  endfacet
  facet normal 1 0 0
    outer loop
      vertex -5.60025 3.45723 -5.99884
      vertex -5.60025 3.28306 -5.3604
      vertex -5.60025 3.40242 -6.01136
    endloop
  endfacet
  facet normal 1 -0 0
    outer loop
      vertex -5.60025 3.23579 -5.37053
      vertex -5.60025 3.40242 -6.01136
      vertex -5.60025 3.28306 -5.3604
    endloop
  endfacet
  facet normal 1 0 0
    outer loop
      vertex -5.60025 3.40242 -6.01136
      vertex -5.60025 3.23579 -5.37053
      vertex -5.60025 3.34734 -6.0227
    endloop
  endfacet
  facet normal 1 -0 0
    outer loop
      vertex -5.60025 3.1883 -5.37949
      vertex -5.60025 3.34734 -6.0227
      vertex -5.60025 3.23579 -5.37053
    endloop
  endfacet
  facet normal 1 0 0
    outer loop
      vertex -5.60025 3.34734 -6.0227
      vertex -5.60025 3.1883 -5.37949
      vertex -5.60025 3.29203 -6.03285
    endloop
  endfacet
  facet normal 1 -0 0
    outer loop
      vertex -5.60025 3.14059 -5.38727
      vertex -5.60025 3.29203 -6.03285
      vertex -5.60025 3.1883 -5.37949
    endloop
  endfacet
  facet normal 1 0 0
    outer loop
      vertex -5.60025 3.29203 -6.03285
      vertex -5.60025 3.14059 -5.38727
      vertex -5.60025 3.23649 -6.04182
    endloop
  endfacet
  facet normal 1 0 0
    outer loop
      vertex -5.60025 3.23649 -6.04182
      vertex -5.60025 3.14059 -5.38727
      vertex -5.60025 3.18074 -6.0496
    endloop
  endfacet
  facet normal 1 -0 0
    outer loop
      vertex -5.60025 3.09269 -5.39387
      vertex -5.60025 3.18074 -6.0496
      vertex -5.60025 3.14059 -5.38727
    endloop
  endfacet
  facet normal 1 0 0
    outer loop
      vertex -5.60025 3.18074 -6.0496
      vertex -5.60025 3.09269 -5.39387
      vertex -5.60025 3.12479 -6.05618
    endloop
  endfacet
  facet normal 1 -0 0
    outer loop
      vertex -5.60025 3.04461 -5.3993
      vertex -5.60025 3.12479 -6.05618
      vertex -5.60025 3.09269 -5.39387
    endloop
  endfacet
  facet normal 1 0 0
    outer loop
      vertex -5.60025 3.12479 -6.05618
      vertex -5.60025 3.04461 -5.3993
      vertex -5.60025 3.06866 -6.06158
    endloop
  endfacet
  facet normal 1 -0 0
    outer loop
      vertex -5.60025 2.99637 -5.40354
      vertex -5.60025 3.06866 -6.06158
      vertex -5.60025 3.04461 -5.3993
    endloop
  endfacet
  facet normal 1 0 0
    outer loop
      vertex -5.60025 3.06866 -6.06158
      vertex -5.60025 2.99637 -5.40354
      vertex -5.60025 3.01236 -6.06577
    endloop
  endfacet
  facet normal 1 -0 0
    outer loop
      vertex -5.60025 2.94798 -5.40659
      vertex -5.60025 3.01236 -6.06577
      vertex -5.60025 2.99637 -5.40354
    endloop
  endfacet
  facet normal 1 0 0
    outer loop
      vertex -5.60025 3.01236 -6.06577
      vertex -5.60025 2.94798 -5.40659
      vertex -5.60025 2.95591 -6.06878
    endloop
  endfacet
  facet normal 1 -0 0
    outer loop
      vertex -5.60025 2.89945 -5.40844
      vertex -5.60025 2.95591 -6.06878
      vertex -5.60025 2.94798 -5.40659
    endloop
  endfacet
  facet normal 1 0 0
    outer loop
      vertex -5.60025 2.89945 -5.40844
      vertex -5.60025 2.89932 -6.07058
      vertex -5.60025 2.95591 -6.06878
    endloop
  endfacet
  facet normal 1 -0 0
    outer loop
      vertex -5.60025 2.85082 -5.40909
      vertex -5.60025 2.89932 -6.07058
      vertex -5.60025 2.89945 -5.40844
    endloop
  endfacet
  facet normal 1 0 0
    outer loop
      vertex -5.60025 2.85082 -5.40909
      vertex -5.60025 2.8426 -6.07118
      vertex -5.60025 2.89932 -6.07058
    endloop
  endfacet
  facet normal 1 0 0
    outer loop
      vertex -5.60025 2.80214 -5.40854
      vertex -5.60025 2.8426 -6.07118
      vertex -5.60025 2.85082 -5.40909
    endloop
  endfacet
  facet normal 1 0 0
    outer loop
      vertex -5.60025 2.80214 -5.40854
      vertex -5.60025 2.77765 -6.07039
      vertex -5.60025 2.8426 -6.07118
    endloop
  endfacet
  facet normal 1 0 0
    outer loop
      vertex -5.60025 2.75354 -5.40678
      vertex -5.60025 2.77765 -6.07039
      vertex -5.60025 2.80214 -5.40854
    endloop
  endfacet
  facet normal 1 0 0
    outer loop
      vertex -5.60025 2.75354 -5.40678
      vertex -5.60025 2.71287 -6.06803
      vertex -5.60025 2.77765 -6.07039
    endloop
  endfacet
  facet normal 1 0 0
    outer loop
      vertex -5.60025 2.70503 -5.40383
      vertex -5.60025 2.71287 -6.06803
      vertex -5.60025 2.75354 -5.40678
    endloop
  endfacet
  facet normal 1 0 0
    outer loop
      vertex -5.60025 2.64828 -6.06409
      vertex -5.60025 2.70503 -5.40383
      vertex -5.60025 2.65665 -5.39968
    endloop
  endfacet
  facet normal 1 0 0
    outer loop
      vertex -5.60025 2.70503 -5.40383
      vertex -5.60025 2.64828 -6.06409
      vertex -5.60025 2.71287 -6.06803
    endloop
  endfacet
  facet normal 1 0 0
    outer loop
      vertex -5.60025 2.58389 -6.05859
      vertex -5.60025 2.65665 -5.39968
      vertex -5.60025 2.6084 -5.39436
    endloop
  endfacet
  facet normal 1 0 0
    outer loop
      vertex -5.60025 2.65665 -5.39968
      vertex -5.60025 2.58389 -6.05859
      vertex -5.60025 2.64828 -6.06409
    endloop
  endfacet
  facet normal 1 0 0
    outer loop
      vertex -5.60025 2.51974 -6.05151
      vertex -5.60025 2.6084 -5.39436
      vertex -5.60025 2.56032 -5.38785
    endloop
  endfacet
  facet normal 1 0 0
    outer loop
      vertex -5.60025 2.6084 -5.39436
      vertex -5.60025 2.51974 -6.05151
      vertex -5.60025 2.58389 -6.05859
    endloop
  endfacet
  facet normal 1 0 0
    outer loop
      vertex -5.60025 2.45584 -6.04288
      vertex -5.60025 2.56032 -5.38785
      vertex -5.60025 2.51243 -5.38016
    endloop
  endfacet
  facet normal 1 0 0
    outer loop
      vertex -5.60025 2.39222 -6.03268
      vertex -5.60025 2.51243 -5.38016
      vertex -5.60025 2.46475 -5.37131
    endloop
  endfacet
  facet normal 1 0 0
    outer loop
      vertex -5.60025 2.56032 -5.38785
      vertex -5.60025 2.45584 -6.04288
      vertex -5.60025 2.51974 -6.05151
    endloop
  endfacet
  facet normal 1 0 0
    outer loop
      vertex -5.60025 2.32889 -6.02093
      vertex -5.60025 2.46475 -5.37131
      vertex -5.60025 2.41729 -5.3613
    endloop
  endfacet
  facet normal 1 0 0
    outer loop
      vertex -5.60025 2.51243 -5.38016
      vertex -5.60025 2.39222 -6.03268
      vertex -5.60025 2.45584 -6.04288
    endloop
  endfacet
  facet normal 1 0 0
    outer loop
      vertex -5.60025 2.26588 -6.00761
      vertex -5.60025 2.41729 -5.3613
      vertex -5.60025 2.37009 -5.35013
    endloop
  endfacet
  facet normal 1 0 0
    outer loop
      vertex -5.60025 2.46475 -5.37131
      vertex -5.60025 2.32889 -6.02093
      vertex -5.60025 2.39222 -6.03268
    endloop
  endfacet
  facet normal 1 0 0
    outer loop
      vertex -5.60025 2.20322 -5.99276
      vertex -5.60025 2.37009 -5.35013
      vertex -5.60025 2.32317 -5.33781
    endloop
  endfacet
  facet normal 1 0 0
    outer loop
      vertex -5.60025 2.14092 -5.97635
      vertex -5.60025 2.32317 -5.33781
      vertex -5.60025 2.27654 -5.32434
    endloop
  endfacet
  facet normal 1 0 0
    outer loop
      vertex -5.60025 2.41729 -5.3613
      vertex -5.60025 2.26588 -6.00761
      vertex -5.60025 2.32889 -6.02093
    endloop
  endfacet
  facet normal 1 0 0
    outer loop
      vertex -5.60025 2.079 -5.9584
      vertex -5.60025 2.27654 -5.32434
      vertex -5.60025 2.23024 -5.30974
    endloop
  endfacet
  facet normal 1 0 0
    outer loop
      vertex -5.60025 2.37009 -5.35013
      vertex -5.60025 2.20322 -5.99276
      vertex -5.60025 2.26588 -6.00761
    endloop
  endfacet
  facet normal 1 0 0
    outer loop
      vertex -5.60025 2.0175 -5.9389
      vertex -5.60025 2.23024 -5.30974
      vertex -5.60025 2.18428 -5.294
    endloop
  endfacet
  facet normal 1 0 0
    outer loop
      vertex -5.60025 2.32317 -5.33781
      vertex -5.60025 2.14092 -5.97635
      vertex -5.60025 2.20322 -5.99276
    endloop
  endfacet
  facet normal 1 0 0
    outer loop
      vertex -5.60025 1.95642 -5.91786
      vertex -5.60025 2.18428 -5.294
      vertex -5.60025 2.13868 -5.27713
    endloop
  endfacet
  facet normal 1 0 0
    outer loop
      vertex -5.60025 1.89579 -5.89529
      vertex -5.60025 2.13868 -5.27713
      vertex -5.60025 2.09348 -5.25915
    endloop
  endfacet
  facet normal 1 0 0
    outer loop
      vertex -5.60025 2.27654 -5.32434
      vertex -5.60025 2.079 -5.9584
      vertex -5.60025 2.14092 -5.97635
    endloop
  endfacet
  facet normal 1 0 0
    outer loop
      vertex -5.60025 1.83563 -5.87118
      vertex -5.60025 2.09348 -5.25915
      vertex -5.60025 2.04873 -5.24007
    endloop
  endfacet
  facet normal 1 0 0
    outer loop
      vertex -5.60025 2.23024 -5.30974
      vertex -5.60025 2.0175 -5.9389
      vertex -5.60025 2.079 -5.9584
    endloop
  endfacet
  facet normal 1 0 0
    outer loop
      vertex -5.60025 1.77604 -5.84557
      vertex -5.60025 2.04873 -5.24007
      vertex -5.60025 2.0045 -5.21992
    endloop
  endfacet
  facet normal 1 0 0
    outer loop
      vertex -5.60025 1.71715 -5.81851
      vertex -5.60025 2.0045 -5.21992
      vertex -5.60025 1.96081 -5.19871
    endloop
  endfacet
  facet normal 1 0 0
    outer loop
      vertex -5.60025 2.18428 -5.294
      vertex -5.60025 1.95642 -5.91786
      vertex -5.60025 2.0175 -5.9389
    endloop
  endfacet
  facet normal 1 0 0
    outer loop
      vertex -5.60025 1.65899 -5.79004
      vertex -5.60025 1.96081 -5.19871
      vertex -5.60025 1.91767 -5.17646
    endloop
  endfacet
  facet normal 1 0 0
    outer loop
      vertex -5.60025 2.13868 -5.27713
      vertex -5.60025 1.89579 -5.89529
      vertex -5.60025 1.95642 -5.91786
    endloop
  endfacet
  facet normal 1 0 0
    outer loop
      vertex -5.60025 1.60159 -5.76016
      vertex -5.60025 1.91767 -5.17646
      vertex -5.60025 1.8751 -5.15317
    endloop
  endfacet
  facet normal 1 0 0
    outer loop
      vertex -5.60025 2.09348 -5.25915
      vertex -5.60025 1.83563 -5.87118
      vertex -5.60025 1.89579 -5.89529
    endloop
  endfacet
  facet normal 1 0 0
    outer loop
      vertex -5.60025 1.54498 -5.7289
      vertex -5.60025 1.8751 -5.15317
      vertex -5.60025 1.83312 -5.12887
    endloop
  endfacet
  facet normal 1 0 0
    outer loop
      vertex -5.60025 1.48917 -5.69627
      vertex -5.60025 1.83312 -5.12887
      vertex -5.60025 1.79176 -5.10355
    endloop
  endfacet
  facet normal 1 0 0
    outer loop
      vertex -5.60025 2.04873 -5.24007
      vertex -5.60025 1.77604 -5.84557
      vertex -5.60025 1.83563 -5.87118
    endloop
  endfacet
  facet normal 1 0 0
    outer loop
      vertex -5.60025 1.4342 -5.66228
      vertex -5.60025 1.79176 -5.10355
      vertex -5.60025 1.75103 -5.07723
    endloop
  endfacet
  facet normal 1 0 0
    outer loop
      vertex -5.60025 2.0045 -5.21992
      vertex -5.60025 1.71715 -5.81851
      vertex -5.60025 1.77604 -5.84557
    endloop
  endfacet
  facet normal 1 0 0
    outer loop
      vertex -5.60025 1.38008 -5.62698
      vertex -5.60025 1.75103 -5.07723
      vertex -5.60025 1.71096 -5.04991
    endloop
  endfacet
  facet normal 1 0 0
    outer loop
      vertex -5.60025 1.32684 -5.59036
      vertex -5.60025 1.71096 -5.04991
      vertex -5.60025 1.67156 -5.02163
    endloop
  endfacet
  facet normal 1 0 0
    outer loop
      vertex -5.60025 1.96081 -5.19871
      vertex -5.60025 1.65899 -5.79004
      vertex -5.60025 1.71715 -5.81851
    endloop
  endfacet
  facet normal 1 0 0
    outer loop
      vertex -5.60025 1.27451 -5.55245
      vertex -5.60025 1.67156 -5.02163
      vertex -5.60025 1.63285 -4.99238
    endloop
  endfacet
  facet normal 1 0 0
    outer loop
      vertex -5.60025 1.91767 -5.17646
      vertex -5.60025 1.60159 -5.76016
      vertex -5.60025 1.65899 -5.79004
    endloop
  endfacet
  facet normal 1 0 0
    outer loop
      vertex -5.60025 1.2231 -5.51327
      vertex -5.60025 1.63285 -4.99238
      vertex -5.60025 1.59486 -4.96217
    endloop
  endfacet
  facet normal 1 0 0
    outer loop
      vertex -5.60025 1.17266 -5.47283
      vertex -5.60025 1.59486 -4.96217
      vertex -5.60025 1.55759 -4.93102
    endloop
  endfacet
  facet normal 1 0 0
    outer loop
      vertex -5.60025 1.8751 -5.15317
      vertex -5.60025 1.54498 -5.7289
      vertex -5.60025 1.60159 -5.76016
    endloop
  endfacet
  facet normal 1 0 0
    outer loop
      vertex -5.60025 1.12319 -5.43116
      vertex -5.60025 1.55759 -4.93102
      vertex -5.60025 1.52109 -4.89895
    endloop
  endfacet
  facet normal 1 0 0
    outer loop
      vertex -5.60025 1.83312 -5.12887
      vertex -5.60025 1.48917 -5.69627
      vertex -5.60025 1.54498 -5.7289
    endloop
  endfacet
  facet normal 1 0 0
    outer loop
      vertex -5.60025 1.07472 -5.38827
      vertex -5.60025 1.52109 -4.89895
      vertex -5.60025 1.48536 -4.86595
    endloop
  endfacet
  facet normal 1 0 0
    outer loop
      vertex -5.60025 1.02728 -5.34418
      vertex -5.60025 1.48536 -4.86595
      vertex -5.60025 1.45042 -4.83205
    endloop
  endfacet
  facet normal 1 0 0
    outer loop
      vertex -5.60025 1.79176 -5.10355
      vertex -5.60025 1.4342 -5.66228
      vertex -5.60025 1.48917 -5.69627
    endloop
  endfacet
  facet normal 1 0 0
    outer loop
      vertex -5.60025 0.980897 -5.29892
      vertex -5.60025 1.45042 -4.83205
      vertex -5.60025 1.41636 -4.79732
    endloop
  endfacet
  facet normal 1 0 0
    outer loop
      vertex -5.60025 0.935618 -5.25252
      vertex -5.60025 1.41636 -4.79732
      vertex -5.60025 1.38323 -4.76183
    endloop
  endfacet
  facet normal 1 0 0
    outer loop
      vertex -5.60025 1.75103 -5.07723
      vertex -5.60025 1.38008 -5.62698
      vertex -5.60025 1.4342 -5.66228
    endloop
  endfacet
  facet normal 1 0 0
    outer loop
      vertex -5.60025 0.891518 -5.20508
      vertex -5.60025 1.38323 -4.76183
      vertex -5.60025 1.35104 -4.72559
    endloop
  endfacet
  facet normal 1 0 0
    outer loop
      vertex -5.60025 1.71096 -5.04991
      vertex -5.60025 1.32684 -5.59036
      vertex -5.60025 1.38008 -5.62698
    endloop
  endfacet
  facet normal 1 0 0
    outer loop
      vertex -5.60025 0.848619 -5.1566
      vertex -5.60025 1.35104 -4.72559
      vertex -5.60025 1.31979 -4.6886
    endloop
  endfacet
  facet normal 1 0 0
    outer loop
      vertex -5.60025 0.848619 -5.1566
      vertex -5.60025 1.31979 -4.6886
      vertex -5.60025 1.28949 -4.65088
    endloop
  endfacet
  facet normal 1 0 0
    outer loop
      vertex -5.60025 1.67156 -5.02163
      vertex -5.60025 1.27451 -5.55245
      vertex -5.60025 1.32684 -5.59036
    endloop
  endfacet
  facet normal 1 0 0
    outer loop
      vertex -5.60025 0.848619 -5.1566
      vertex -5.60025 1.28949 -4.65088
      vertex -5.60025 1.26015 -4.61245
    endloop
  endfacet
  facet normal 1 0 0
    outer loop
      vertex -5.60025 0.848619 -5.1566
      vertex -5.60025 1.26015 -4.61245
      vertex -5.60025 1.23178 -4.57332
    endloop
  endfacet
  facet normal 1 0 0
    outer loop
      vertex -5.60025 1.63285 -4.99238
      vertex -5.60025 1.2231 -5.51327
      vertex -5.60025 1.27451 -5.55245
    endloop
  endfacet
  facet normal 1 0 0
    outer loop
      vertex -5.60025 0.848619 -5.1566
      vertex -5.60025 1.23178 -4.57332
      vertex -5.60025 1.20438 -4.53351
    endloop
  endfacet
  facet normal 1 0 0
    outer loop
      vertex -5.60025 0.848619 -5.1566
      vertex -5.60025 1.20438 -4.53351
      vertex -5.60025 1.17797 -4.49303
    endloop
  endfacet
  facet normal 1 0 0
    outer loop
      vertex -5.60025 1.59486 -4.96217
      vertex -5.60025 1.17266 -5.47283
      vertex -5.60025 1.2231 -5.51327
    endloop
  endfacet
  facet normal 1 0 0
    outer loop
      vertex -5.60025 0.848619 -5.1566
      vertex -5.60025 1.17797 -4.49303
      vertex -5.60025 1.15255 -4.45189
    endloop
  endfacet
  facet normal 1 0 0
    outer loop
      vertex -5.60025 0.848619 -5.1566
      vertex -5.60025 1.15255 -4.45189
      vertex -5.60025 1.12813 -4.4101
    endloop
  endfacet
  facet normal 1 0 0
    outer loop
      vertex -5.60025 1.55759 -4.93102
      vertex -5.60025 1.12319 -5.43116
      vertex -5.60025 1.17266 -5.47283
    endloop
  endfacet
  facet normal 1 0 0
    outer loop
      vertex -5.60025 0.848619 -5.1566
      vertex -5.60025 1.12813 -4.4101
      vertex -5.60025 1.10473 -4.3677
    endloop
  endfacet
  facet normal 1 0 0
    outer loop
      vertex -5.60025 0.848619 -5.1566
      vertex -5.60025 1.10473 -4.3677
      vertex -5.60025 1.08234 -4.32468
    endloop
  endfacet
  facet normal 1 0 0
    outer loop
      vertex -5.60025 1.52109 -4.89895
      vertex -5.60025 1.07472 -5.38827
      vertex -5.60025 1.12319 -5.43116
    endloop
  endfacet
  facet normal 1 0 0
    outer loop
      vertex -5.60025 0.848619 -5.1566
      vertex -5.60025 1.08234 -4.32468
      vertex -5.60025 1.06097 -4.28106
    endloop
  endfacet
  facet normal 1 0 0
    outer loop
      vertex -5.60025 0.848619 -5.1566
      vertex -5.60025 1.06097 -4.28106
      vertex -5.60025 1.04065 -4.23686
    endloop
  endfacet
  facet normal 1 0 0
    outer loop
      vertex -5.60025 1.48536 -4.86595
      vertex -5.60025 1.02728 -5.34418
      vertex -5.60025 1.07472 -5.38827
    endloop
  endfacet
  facet normal 1 0 0
    outer loop
      vertex -5.60025 0.848619 -5.1566
      vertex -5.60025 1.04065 -4.23686
      vertex -5.60025 1.02136 -4.19209
    endloop
  endfacet
  facet normal 1 0 0
    outer loop
      vertex -5.60025 0.848619 -5.1566
      vertex -5.60025 1.02136 -4.19209
      vertex -5.60025 1.00314 -4.1469
    endloop
  endfacet
  facet normal 1 0 0
    outer loop
      vertex -5.60025 0.848619 -5.1566
      vertex -5.60025 1.00314 -4.1469
      vertex -5.60025 0.986054 -4.10133
    endloop
  endfacet
  facet normal 1 0 0
    outer loop
      vertex -5.60025 1.45042 -4.83205
      vertex -5.60025 0.980897 -5.29892
      vertex -5.60025 1.02728 -5.34418
    endloop
  endfacet
  facet normal 1 0 0
    outer loop
      vertex -5.60025 0.848619 -5.1566
      vertex -5.60025 0.986054 -4.10133
      vertex -5.60025 0.970093 -4.05544
    endloop
  endfacet
  facet normal 1 0 0
    outer loop
      vertex -5.60025 0.848619 -5.1566
      vertex -5.60025 0.970093 -4.05544
      vertex -5.60025 0.955268 -4.00924
    endloop
  endfacet
  facet normal 1 0 0
    outer loop
      vertex -5.60025 0.848619 -5.1566
      vertex -5.60025 0.955268 -4.00924
      vertex -5.60025 0.941585 -3.96274
    endloop
  endfacet
  facet normal 1 0 0
    outer loop
      vertex -5.60025 1.41636 -4.79732
      vertex -5.60025 0.935618 -5.25252
      vertex -5.60025 0.980897 -5.29892
    endloop
  endfacet
  facet normal 1 0 0
    outer loop
      vertex -5.60025 0.848619 -5.1566
      vertex -5.60025 0.941585 -3.96274
      vertex -5.60025 0.929051 -3.91595
    endloop
  endfacet
  facet normal 1 0 0
    outer loop
      vertex -5.60025 0.848619 -5.1566
      vertex -5.60025 0.929051 -3.91595
      vertex -5.60025 0.917674 -3.86889
    endloop
  endfacet
  facet normal 1 0 0
    outer loop
      vertex -5.60025 0.848619 -5.1566
      vertex -5.60025 0.917674 -3.86889
      vertex -5.60025 0.907457 -3.82159
    endloop
  endfacet
  facet normal 1 0 0
    outer loop
      vertex -5.60025 0.848619 -5.1566
      vertex -5.60025 0.907457 -3.82159
      vertex -5.60025 0.898408 -3.77406
    endloop
  endfacet
  facet normal 1 0 0
    outer loop
      vertex -5.60025 1.38323 -4.76183
      vertex -5.60025 0.891518 -5.20508
      vertex -5.60025 0.935618 -5.25252
    endloop
  endfacet
  facet normal 1 0 0
    outer loop
      vertex -5.60025 0.848619 -5.1566
      vertex -5.60025 0.898408 -3.77406
      vertex -5.60025 0.890533 -3.72631
    endloop
  endfacet
  facet normal 1 0 0
    outer loop
      vertex -5.60025 0.848619 -5.1566
      vertex -5.60025 0.890533 -3.72631
      vertex -5.60025 0.883837 -3.67837
    endloop
  endfacet
  facet normal 1 0 0
    outer loop
      vertex -5.60025 0.848619 -5.1566
      vertex -5.60025 0.883837 -3.67837
      vertex -5.60025 0.878327 -3.63024
    endloop
  endfacet
  facet normal 1 0 0
    outer loop
      vertex -5.60025 0.848619 -5.1566
      vertex -5.60025 0.878327 -3.63024
      vertex -5.60025 0.874011 -3.58195
    endloop
  endfacet
  facet normal 1 0 0
    outer loop
      vertex -5.60025 0.848619 -5.1566
      vertex -5.60025 0.874011 -3.58195
      vertex -5.60025 0.870893 -3.53351
    endloop
  endfacet
  facet normal 1 0 0
    outer loop
      vertex -5.60025 0.848619 -5.1566
      vertex -5.60025 0.870893 -3.53351
      vertex -5.60025 0.868979 -3.48494
    endloop
  endfacet
  facet normal 1 0 0
    outer loop
      vertex -5.60025 0.848619 -5.1566
      vertex -5.60025 0.868979 -3.48494
      vertex -5.60025 0.868276 -3.43626
    endloop
  endfacet
  facet normal 1 0 0
    outer loop
      vertex -5.60025 1.35104 -4.72559
      vertex -5.60025 0.848619 -5.1566
      vertex -5.60025 0.891518 -5.20508
    endloop
  endfacet
  facet normal 1 0 0
    outer loop
      vertex -5.60025 0.478018 2.40649
      vertex -5.60025 -0.6926 2.45194
      vertex -5.60025 -0.6933 2.39429
    endloop
  endfacet
  facet normal 1 0 0
    outer loop
      vertex -5.60025 0.473817 2.62476
      vertex -5.60025 -0.6954 2.56709
      vertex -5.60025 -0.6933 2.50958
    endloop
  endfacet
  facet normal 1 0 0
    outer loop
      vertex -5.60025 0.468571 2.71082
      vertex -5.60025 -0.698896 2.62444
      vertex -5.60025 -0.6954 2.56709
    endloop
  endfacet
  facet normal 1 0 0
    outer loop
      vertex -5.60025 0.461235 2.7966
      vertex -5.60025 -0.703787 2.68159
      vertex -5.60025 -0.698896 2.62444
    endloop
  endfacet
  facet normal 1 0 0
    outer loop
      vertex -5.60025 0.451811 2.88207
      vertex -5.60025 -0.710067 2.73853
      vertex -5.60025 -0.703787 2.68159
    endloop
  endfacet
  facet normal 1 0 0
    outer loop
      vertex -5.60025 0.440304 2.9672
      vertex -5.60025 -0.717735 2.79525
      vertex -5.60025 -0.710067 2.73853
    endloop
  endfacet
  facet normal 1 0 0
    outer loop
      vertex -5.60025 0.426717 3.05196
      vertex -5.60025 -0.72679 2.85173
      vertex -5.60025 -0.717735 2.79525
    endloop
  endfacet
  facet normal 1 0 0
    outer loop
      vertex -5.60025 0.411055 3.13634
      vertex -5.60025 -0.737228 2.90794
      vertex -5.60025 -0.72679 2.85173
    endloop
  endfacet
  facet normal 1 0 0
    outer loop
      vertex -5.60025 -1.46154 4.18385
      vertex -5.60025 -0.67603 5.05138
      vertex -5.60025 -0.7406 5.10853
    endloop
  endfacet
  facet normal 1 0 0
    outer loop
      vertex -5.60025 0.393321 3.22028
      vertex -5.60025 -0.749046 2.96388
      vertex -5.60025 -0.737228 2.90794
    endloop
  endfacet
  facet normal 1 0 0
    outer loop
      vertex -5.60025 0.373519 3.30377
      vertex -5.60025 -0.762241 3.01949
      vertex -5.60025 -0.749046 2.96388
    endloop
  endfacet
  facet normal 1 0 0
    outer loop
      vertex -5.60025 0.351654 3.38677
      vertex -5.60025 -0.776812 3.0748
      vertex -5.60025 -0.762241 3.01949
    endloop
  endfacet
  facet normal 1 0 0
    outer loop
      vertex -5.60025 0.327728 3.46927
      vertex -5.60025 -0.792754 3.12976
      vertex -5.60025 -0.776812 3.0748
    endloop
  endfacet
  facet normal 1 0 0
    outer loop
      vertex -5.60025 -1.50457 4.22193
      vertex -5.60025 -0.7406 5.10853
      vertex -5.60025 -0.806506 5.16404
    endloop
  endfacet
  facet normal 1 0 0
    outer loop
      vertex -5.60025 0.301748 3.55122
      vertex -5.60025 -0.810066 3.18436
      vertex -5.60025 -0.792754 3.12976
    endloop
  endfacet
  facet normal 1 0 0
    outer loop
      vertex -5.60025 0.273716 3.6326
      vertex -5.60025 -0.828746 3.23857
      vertex -5.60025 -0.810066 3.18436
    endloop
  endfacet
  facet normal 1 0 0
    outer loop
      vertex -5.60025 0.243635 3.71338
      vertex -5.60025 -0.848788 3.29239
      vertex -5.60025 -0.828746 3.23857
    endloop
  endfacet
  facet normal 1 0 0
    outer loop
      vertex -5.60025 0.211511 3.79353
      vertex -5.60025 -0.870192 3.34579
      vertex -5.60025 -0.848788 3.29239
    endloop
  endfacet
  facet normal 1 0 0
    outer loop
      vertex -5.60025 -1.54849 4.25893
      vertex -5.60025 -0.806506 5.16404
      vertex -5.60025 -0.873716 5.21792
    endloop
  endfacet
  facet normal 1 0 0
    outer loop
      vertex -5.60025 0.177386 3.87293
      vertex -5.60025 -0.892934 3.39869
      vertex -5.60025 -0.870192 3.34579
    endloop
  endfacet
  facet normal 1 0 0
    outer loop
      vertex -5.60025 0.141342 3.95137
      vertex -5.60025 -0.916953 3.45096
      vertex -5.60025 -0.892934 3.39869
    endloop
  endfacet
  facet normal 1 0 0
    outer loop
      vertex -5.60025 -1.59327 4.29484
      vertex -5.60025 -0.873716 5.21792
      vertex -5.60025 -0.942199 5.27012
    endloop
  endfacet
  facet normal 1 0 0
    outer loop
      vertex -5.60025 0.103401 4.02885
      vertex -5.60025 -0.942236 3.50259
      vertex -5.60025 -0.916953 3.45096
    endloop
  endfacet
  facet normal 1 0 0
    outer loop
      vertex -5.60025 0.0635901 4.10532
      vertex -5.60025 -0.968764 3.55354
      vertex -5.60025 -0.942236 3.50259
    endloop
  endfacet
  facet normal 1 0 0
    outer loop
      vertex -5.60025 0.0219326 4.18074
      vertex -5.60025 -0.996522 3.60379
      vertex -5.60025 -0.968764 3.55354
    endloop
  endfacet
  facet normal 1 0 0
    outer loop
      vertex -5.60025 -1.63891 4.32963
      vertex -5.60025 -0.942199 5.27012
      vertex -5.60025 -1.01192 5.32063
    endloop
  endfacet
  facet normal 1 0 0
    outer loop
      vertex -5.60025 -0.0215454 4.2551
      vertex -5.60025 -1.02549 3.65333
      vertex -5.60025 -0.996522 3.60379
    endloop
  endfacet
  facet normal 1 0 0
    outer loop
      vertex -5.60025 -0.0668192 4.32834
      vertex -5.60025 -1.05566 3.70213
      vertex -5.60025 -1.02549 3.65333
    endloop
  endfacet
  facet normal 1 0 0
    outer loop
      vertex -5.60025 -1.68537 4.36329
      vertex -5.60025 -1.01192 5.32063
      vertex -5.60025 -1.08285 5.36941
    endloop
  endfacet
  facet normal 1 0 0
    outer loop
      vertex -5.60025 -0.113865 4.40044
      vertex -5.60025 -1.08701 3.75017
      vertex -5.60025 -1.05566 3.70213
    endloop
  endfacet
  facet normal 1 0 0
    outer loop
      vertex -5.60025 -0.162658 4.47137
      vertex -5.60025 -1.11951 3.79743
      vertex -5.60025 -1.08701 3.75017
    endloop
  endfacet
  facet normal 1 0 0
    outer loop
      vertex -5.60025 -0.213172 4.54111
      vertex -5.60025 -1.15317 3.84388
      vertex -5.60025 -1.11951 3.79743
    endloop
  endfacet
  facet normal 1 0 0
    outer loop
      vertex -5.60025 -1.73263 4.3958
      vertex -5.60025 -1.08285 5.36941
      vertex -5.60025 -1.15495 5.41646
    endloop
  endfacet
  facet normal 1 0 0
    outer loop
      vertex -5.60025 -0.265384 4.6096
      vertex -5.60025 -1.18795 3.88951
      vertex -5.60025 -1.15317 3.84388
    endloop
  endfacet
  facet normal 1 0 0
    outer loop
      vertex -5.60025 -0.319267 4.67682
      vertex -5.60025 -1.22385 3.93429
      vertex -5.60025 -1.18795 3.88951
    endloop
  endfacet
  facet normal 1 0 0
    outer loop
      vertex -5.60025 -1.78067 4.42715
      vertex -5.60025 -1.15495 5.41646
      vertex -5.60025 -1.22819 5.46173
    endloop
  endfacet
  facet normal 1 0 0
    outer loop
      vertex -5.60025 -0.3748 4.74274
      vertex -5.60025 -1.26084 3.9782
      vertex -5.60025 -1.22385 3.93429
    endloop
  endfacet
  facet normal 1 0 0
    outer loop
      vertex -5.60025 -0.431954 4.80732
      vertex -5.60025 -1.29891 4.02123
      vertex -5.60025 -1.26084 3.9782
    endloop
  endfacet
  facet normal 1 0 0
    outer loop
      vertex -5.60025 -1.82947 4.45731
      vertex -5.60025 -1.22819 5.46173
      vertex -5.60025 -1.30254 5.5052
    endloop
  endfacet
  facet normal 1 0 0
    outer loop
      vertex -5.60025 -0.490707 4.87053
      vertex -5.60025 -1.33805 4.06333
      vertex -5.60025 -1.29891 4.02123
    endloop
  endfacet
  facet normal 1 0 0
    outer loop
      vertex -5.60025 -1.87901 4.48629
      vertex -5.60025 -1.30254 5.5052
      vertex -5.60025 -1.37796 5.54686
    endloop
  endfacet
  facet normal 1 0 0
    outer loop
      vertex -5.60025 -0.551032 4.93234
      vertex -5.60025 -1.37823 4.10451
      vertex -5.60025 -1.33805 4.06333
    endloop
  endfacet
  facet normal 1 0 0
    outer loop
      vertex -5.60025 -0.61283 4.99265
      vertex -5.60025 -1.41942 4.1447
      vertex -5.60025 -1.37823 4.10451
    endloop
  endfacet
  facet normal 1 0 0
    outer loop
      vertex -5.60025 -1.92927 4.51405
      vertex -5.60025 -1.37796 5.54686
      vertex -5.60025 -1.45443 5.58667
    endloop
  endfacet
  facet normal 1 0 0
    outer loop
      vertex -5.60025 -0.67603 5.05138
      vertex -5.60025 -1.46154 4.18385
      vertex -5.60025 -1.41942 4.1447
    endloop
  endfacet
  facet normal 1 0 0
    outer loop
      vertex -5.60025 -0.7406 5.10853
      vertex -5.60025 -1.50457 4.22193
      vertex -5.60025 -1.46154 4.18385
    endloop
  endfacet
  facet normal 1 0 0
    outer loop
      vertex -5.60025 -1.98021 4.54057
      vertex -5.60025 -1.45443 5.58667
      vertex -5.60025 -1.53191 5.62461
    endloop
  endfacet
  facet normal 1 0 0
    outer loop
      vertex -5.60025 -0.806506 5.16404
      vertex -5.60025 -1.54849 4.25893
      vertex -5.60025 -1.50457 4.22193
    endloop
  endfacet
  facet normal 1 0 0
    outer loop
      vertex -5.60025 -0.873716 5.21792
      vertex -5.60025 -1.59327 4.29484
      vertex -5.60025 -1.54849 4.25893
    endloop
  endfacet
  facet normal 1 0 0
    outer loop
      vertex -5.60025 -2.03183 4.56586
      vertex -5.60025 -1.53191 5.62461
      vertex -5.60025 -1.61037 5.66066
    endloop
  endfacet
  facet normal 1 0 0
    outer loop
      vertex -5.60025 -0.942199 5.27012
      vertex -5.60025 -1.63891 4.32963
      vertex -5.60025 -1.59327 4.29484
    endloop
  endfacet
  facet normal 1 0 0
    outer loop
      vertex -5.60025 -1.01192 5.32063
      vertex -5.60025 -1.68537 4.36329
      vertex -5.60025 -1.63891 4.32963
    endloop
  endfacet
  facet normal 1 0 0
    outer loop
      vertex -5.60025 -2.08411 4.58987
      vertex -5.60025 -1.61037 5.66066
      vertex -5.60025 -1.68976 5.69479
    endloop
  endfacet
  facet normal 1 0 0
    outer loop
      vertex -5.60025 -1.08285 5.36941
      vertex -5.60025 -1.73263 4.3958
      vertex -5.60025 -1.68537 4.36329
    endloop
  endfacet
  facet normal 1 0 0
    outer loop
      vertex -5.60025 -2.137 4.61262
      vertex -5.60025 -1.68976 5.69479
      vertex -5.60025 -1.7699 5.72691
    endloop
  endfacet
  facet normal 1 0 0
    outer loop
      vertex -5.60025 -1.15495 5.41646
      vertex -5.60025 -1.78067 4.42715
      vertex -5.60025 -1.73263 4.3958
    endloop
  endfacet
  facet normal 1 0 0
    outer loop
      vertex -5.60025 -1.22819 5.46173
      vertex -5.60025 -1.82947 4.45731
      vertex -5.60025 -1.78067 4.42715
    endloop
  endfacet
  facet normal 1 0 0
    outer loop
      vertex -5.60025 -2.19041 4.63403
      vertex -5.60025 -1.7699 5.72691
      vertex -5.60025 -1.85068 5.75698
    endloop
  endfacet
  facet normal 1 0 0
    outer loop
      vertex -5.60025 -1.30254 5.5052
      vertex -5.60025 -1.87901 4.48629
      vertex -5.60025 -1.82947 4.45731
    endloop
  endfacet
  facet normal 1 0 0
    outer loop
      vertex -5.60025 -1.37796 5.54686
      vertex -5.60025 -1.92927 4.51405
      vertex -5.60025 -1.87901 4.48629
    endloop
  endfacet
  facet normal 1 0 0
    outer loop
      vertex -5.60025 -2.24423 4.65407
      vertex -5.60025 -1.85068 5.75698
      vertex -5.60025 -1.93205 5.78501
    endloop
  endfacet
  facet normal 1 0 0
    outer loop
      vertex -5.60025 -1.45443 5.58667
      vertex -5.60025 -1.98021 4.54057
      vertex -5.60025 -1.92927 4.51405
    endloop
  endfacet
  facet normal 1 0 0
    outer loop
      vertex -5.60025 -2.29845 4.67275
      vertex -5.60025 -1.93205 5.78501
      vertex -5.60025 -2.01399 5.81099
    endloop
  endfacet
  facet normal 1 0 0
    outer loop
      vertex -5.60025 -1.53191 5.62461
      vertex -5.60025 -2.03183 4.56586
      vertex -5.60025 -1.98021 4.54057
    endloop
  endfacet
  facet normal 1 0 0
    outer loop
      vertex -5.60025 -1.61037 5.66066
      vertex -5.60025 -2.08411 4.58987
      vertex -5.60025 -2.03183 4.56586
    endloop
  endfacet
  facet normal 1 0 0
    outer loop
      vertex -5.60025 -2.35305 4.69007
      vertex -5.60025 -2.01399 5.81099
      vertex -5.60025 -2.09648 5.83491
    endloop
  endfacet
  facet normal 1 0 0
    outer loop
      vertex -5.60025 -1.68976 5.69479
      vertex -5.60025 -2.137 4.61262
      vertex -5.60025 -2.08411 4.58987
    endloop
  endfacet
  facet normal 1 0 0
    outer loop
      vertex -5.60025 -2.40802 4.70601
      vertex -5.60025 -2.09648 5.83491
      vertex -5.60025 -2.17948 5.85677
    endloop
  endfacet
  facet normal 1 0 0
    outer loop
      vertex -5.60025 -1.7699 5.72691
      vertex -5.60025 -2.19041 4.63403
      vertex -5.60025 -2.137 4.61262
    endloop
  endfacet
  facet normal 1 0 0
    outer loop
      vertex -5.60025 -1.85068 5.75698
      vertex -5.60025 -2.24423 4.65407
      vertex -5.60025 -2.19041 4.63403
    endloop
  endfacet
  facet normal 1 0 0
    outer loop
      vertex -5.60025 -2.46332 4.72058
      vertex -5.60025 -2.17948 5.85677
      vertex -5.60025 -2.26297 5.87657
    endloop
  endfacet
  facet normal 1 0 0
    outer loop
      vertex -5.60025 -1.93205 5.78501
      vertex -5.60025 -2.29845 4.67275
      vertex -5.60025 -2.24423 4.65407
    endloop
  endfacet
  facet normal 1 0 0
    outer loop
      vertex -5.60025 -2.51895 4.73378
      vertex -5.60025 -2.26297 5.87657
      vertex -5.60025 -2.34691 5.8943
    endloop
  endfacet
  facet normal 1 0 0
    outer loop
      vertex -5.60025 -2.01399 5.81099
      vertex -5.60025 -2.35305 4.69007
      vertex -5.60025 -2.29845 4.67275
    endloop
  endfacet
  facet normal 1 0 0
    outer loop
      vertex -5.60025 -2.09648 5.83491
      vertex -5.60025 -2.40802 4.70601
      vertex -5.60025 -2.35305 4.69007
    endloop
  endfacet
  facet normal 1 0 0
    outer loop
      vertex -5.60025 -2.57488 4.7456
      vertex -5.60025 -2.34691 5.8943
      vertex -5.60025 -2.43128 5.90997
    endloop
  endfacet
  facet normal 1 0 0
    outer loop
      vertex -5.60025 -2.17948 5.85677
      vertex -5.60025 -2.46332 4.72058
      vertex -5.60025 -2.40802 4.70601
    endloop
  endfacet
  facet normal 1 0 0
    outer loop
      vertex -5.60025 -2.6311 4.75604
      vertex -5.60025 -2.43128 5.90997
      vertex -5.60025 -2.51604 5.92355
    endloop
  endfacet
  facet normal 1 0 0
    outer loop
      vertex -5.60025 -2.26297 5.87657
      vertex -5.60025 -2.51895 4.73378
      vertex -5.60025 -2.46332 4.72058
    endloop
  endfacet
  facet normal 1 0 0
    outer loop
      vertex -5.60025 -2.34691 5.8943
      vertex -5.60025 -2.57488 4.7456
      vertex -5.60025 -2.51895 4.73378
    endloop
  endfacet
  facet normal 1 0 0
    outer loop
      vertex -5.60025 -2.68758 4.76509
      vertex -5.60025 -2.51604 5.92355
      vertex -5.60025 -2.60117 5.93506
    endloop
  endfacet
  facet normal 1 0 0
    outer loop
      vertex -5.60025 -2.43128 5.90997
      vertex -5.60025 -2.6311 4.75604
      vertex -5.60025 -2.57488 4.7456
    endloop
  endfacet
  facet normal 1 0 0
    outer loop
      vertex -5.60025 -2.7443 4.77276
      vertex -5.60025 -2.60117 5.93506
      vertex -5.60025 -2.68664 5.94448
    endloop
  endfacet
  facet normal 1 0 0
    outer loop
      vertex -5.60025 -2.51604 5.92355
      vertex -5.60025 -2.68758 4.76509
      vertex -5.60025 -2.6311 4.75604
    endloop
  endfacet
  facet normal 1 0 0
    outer loop
      vertex -5.60025 -2.60117 5.93506
      vertex -5.60025 -2.7443 4.77276
      vertex -5.60025 -2.68758 4.76509
    endloop
  endfacet
  facet normal 1 0 0
    outer loop
      vertex -5.60025 -2.80124 4.77904
      vertex -5.60025 -2.68664 5.94448
      vertex -5.60025 -2.77242 5.95182
    endloop
  endfacet
  facet normal 1 0 0
    outer loop
      vertex -5.60025 -2.68664 5.94448
      vertex -5.60025 -2.80124 4.77904
      vertex -5.60025 -2.7443 4.77276
    endloop
  endfacet
  facet normal 1 0 0
    outer loop
      vertex -5.60025 -2.77242 5.95182
      vertex -5.60025 -2.8584 4.78393
      vertex -5.60025 -2.80124 4.77904
    endloop
  endfacet
  facet normal 1 0 0
    outer loop
      vertex -5.60025 -2.85848 5.95706
      vertex -5.60025 -2.8584 4.78393
      vertex -5.60025 -2.77242 5.95182
    endloop
  endfacet
  facet normal 1 0 0
    outer loop
      vertex -5.60025 -2.85848 5.95706
      vertex -5.60025 -2.91574 4.78742
      vertex -5.60025 -2.8584 4.78393
    endloop
  endfacet
  facet normal 1 0 0
    outer loop
      vertex -5.60025 -2.94478 5.96021
      vertex -5.60025 -2.91574 4.78742
      vertex -5.60025 -2.85848 5.95706
    endloop
  endfacet
  facet normal 1 0 0
    outer loop
      vertex -5.60025 -2.94478 5.96021
      vertex -5.60025 -2.97324 4.78952
      vertex -5.60025 -2.91574 4.78742
    endloop
  endfacet
  facet normal 1 0 0
    outer loop
      vertex -5.60025 -2.94478 5.96021
      vertex -5.60025 -3.03089 4.79022
      vertex -5.60025 -2.97324 4.78952
    endloop
  endfacet
  facet normal 1 0 0
    outer loop
      vertex -5.60025 -3.03131 5.96127
      vertex -5.60025 -3.03089 4.79022
      vertex -5.60025 -2.94478 5.96021
    endloop
  endfacet
  facet normal 1 0 0
    outer loop
      vertex -5.60025 -3.03131 5.96127
      vertex -5.60025 -3.08855 4.78952
      vertex -5.60025 -3.03089 4.79022
    endloop
  endfacet
  facet normal 1 -0 0
    outer loop
      vertex -5.60025 -3.11784 5.96021
      vertex -5.60025 -3.08855 4.78952
      vertex -5.60025 -3.03131 5.96127
    endloop
  endfacet
  facet normal 1 0 0
    outer loop
      vertex -5.60025 -3.11784 5.96021
      vertex -5.60025 -3.14606 4.78742
      vertex -5.60025 -3.08855 4.78952
    endloop
  endfacet
  facet normal 1 -0 0
    outer loop
      vertex -5.60025 -3.20414 5.95706
      vertex -5.60025 -3.14606 4.78742
      vertex -5.60025 -3.11784 5.96021
    endloop
  endfacet
  facet normal 1 0 0
    outer loop
      vertex -5.60025 -3.14606 4.78742
      vertex -5.60025 -3.20414 5.95706
      vertex -5.60025 -3.2034 4.78393
    endloop
  endfacet
  facet normal 1 -0 0
    outer loop
      vertex -5.60025 -3.29019 5.95181
      vertex -5.60025 -3.2034 4.78393
      vertex -5.60025 -3.20414 5.95706
    endloop
  endfacet
  facet normal 1 0 0
    outer loop
      vertex -5.60025 -3.2034 4.78393
      vertex -5.60025 -3.29019 5.95181
      vertex -5.60025 -3.26055 4.77904
    endloop
  endfacet
  facet normal 1 -0 0
    outer loop
      vertex -5.60025 -3.37597 5.94448
      vertex -5.60025 -3.26055 4.77904
      vertex -5.60025 -3.29019 5.95181
    endloop
  endfacet
  facet normal 1 0 0
    outer loop
      vertex -5.60025 -3.26055 4.77904
      vertex -5.60025 -3.37597 5.94448
      vertex -5.60025 -3.3175 4.77276
    endloop
  endfacet
  facet normal 1 -0 0
    outer loop
      vertex -5.60025 -3.46143 5.93506
      vertex -5.60025 -3.3175 4.77276
      vertex -5.60025 -3.37597 5.94448
    endloop
  endfacet
  facet normal 1 0 0
    outer loop
      vertex -5.60025 -3.3175 4.77276
      vertex -5.60025 -3.46143 5.93506
      vertex -5.60025 -3.37422 4.76509
    endloop
  endfacet
  facet normal 1 -0 0
    outer loop
      vertex -5.60025 -3.54656 5.92355
      vertex -5.60025 -3.37422 4.76509
      vertex -5.60025 -3.46143 5.93506
    endloop
  endfacet
  facet normal 1 0 0
    outer loop
      vertex -5.60025 -3.37422 4.76509
      vertex -5.60025 -3.54656 5.92355
      vertex -5.60025 -3.4307 4.75604
    endloop
  endfacet
  facet normal 1 -0 0
    outer loop
      vertex -5.60025 -3.63132 5.90996
      vertex -5.60025 -3.4307 4.75604
      vertex -5.60025 -3.54656 5.92355
    endloop
  endfacet
  facet normal 1 0 0
    outer loop
      vertex -5.60025 -3.4307 4.75604
      vertex -5.60025 -3.63132 5.90996
      vertex -5.60025 -3.48691 4.74561
    endloop
  endfacet
  facet normal 1 -0 0
    outer loop
      vertex -5.60025 -3.71569 5.8943
      vertex -5.60025 -3.48691 4.74561
      vertex -5.60025 -3.63132 5.90996
    endloop
  endfacet
  facet normal 1 0 0
    outer loop
      vertex -5.60025 -3.48691 4.74561
      vertex -5.60025 -3.71569 5.8943
      vertex -5.60025 -3.54284 4.73379
    endloop
  endfacet
  facet normal 1 -0 0
    outer loop
      vertex -5.60025 -3.79963 5.87656
      vertex -5.60025 -3.54284 4.73379
      vertex -5.60025 -3.71569 5.8943
    endloop
  endfacet
  facet normal 1 0 0
    outer loop
      vertex -5.60025 -3.54284 4.73379
      vertex -5.60025 -3.79963 5.87656
      vertex -5.60025 -3.59847 4.7206
    endloop
  endfacet
  facet normal 1 -0 0
    outer loop
      vertex -5.60025 -3.88312 5.85676
      vertex -5.60025 -3.59847 4.7206
      vertex -5.60025 -3.79963 5.87656
    endloop
  endfacet
  facet normal 1 0 0
    outer loop
      vertex -5.60025 -3.59847 4.7206
      vertex -5.60025 -3.88312 5.85676
      vertex -5.60025 -3.65377 4.70603
    endloop
  endfacet
  facet normal 1 -0 0
    outer loop
      vertex -5.60025 -3.96612 5.83489
      vertex -5.60025 -3.65377 4.70603
      vertex -5.60025 -3.88312 5.85676
    endloop
  endfacet
  facet normal 1 0 0
    outer loop
      vertex -5.60025 -3.65377 4.70603
      vertex -5.60025 -3.96612 5.83489
      vertex -5.60025 -3.70873 4.69009
    endloop
  endfacet
  facet normal 1 -0 0
    outer loop
      vertex -5.60025 -4.04861 5.81097
      vertex -5.60025 -3.70873 4.69009
      vertex -5.60025 -3.96612 5.83489
    endloop
  endfacet
  facet normal 1 0 0
    outer loop
      vertex -5.60025 -3.70873 4.69009
      vertex -5.60025 -4.04861 5.81097
      vertex -5.60025 -3.76333 4.67277
    endloop
  endfacet
  facet normal 1 -0 0
    outer loop
      vertex -5.60025 -4.13056 5.78498
      vertex -5.60025 -3.76333 4.67277
      vertex -5.60025 -4.04861 5.81097
    endloop
  endfacet
  facet normal 1 0 0
    outer loop
      vertex -5.60025 -3.76333 4.67277
      vertex -5.60025 -4.13056 5.78498
      vertex -5.60025 -3.81755 4.65411
    endloop
  endfacet
  facet normal 1 -0 0
    outer loop
      vertex -5.60025 -4.21193 5.75695
      vertex -5.60025 -3.81755 4.65411
      vertex -5.60025 -4.13056 5.78498
    endloop
  endfacet
  facet normal 1 0 0
    outer loop
      vertex -5.60025 -3.81755 4.65411
      vertex -5.60025 -4.21193 5.75695
      vertex -5.60025 -3.87137 4.63406
    endloop
  endfacet
  facet normal 1 -0 0
    outer loop
      vertex -5.60025 -4.29271 5.72687
      vertex -5.60025 -3.87137 4.63406
      vertex -5.60025 -4.21193 5.75695
    endloop
  endfacet
  facet normal 1 0 0
    outer loop
      vertex -5.60025 -3.87137 4.63406
      vertex -5.60025 -4.29271 5.72687
      vertex -5.60025 -3.92477 4.61266
    endloop
  endfacet
  facet normal 1 -0 0
    outer loop
      vertex -5.60025 -4.37285 5.69474
      vertex -5.60025 -3.92477 4.61266
      vertex -5.60025 -4.29271 5.72687
    endloop
  endfacet
  facet normal 1 0 0
    outer loop
      vertex -5.60025 -3.92477 4.61266
      vertex -5.60025 -4.37285 5.69474
      vertex -5.60025 -3.97767 4.58992
    endloop
  endfacet
  facet normal 1 -0 0
    outer loop
      vertex -5.60025 -4.45224 5.66061
      vertex -5.60025 -3.97767 4.58992
      vertex -5.60025 -4.37285 5.69474
    endloop
  endfacet
  facet normal 1 0 0
    outer loop
      vertex -5.60025 -3.97767 4.58992
      vertex -5.60025 -4.45224 5.66061
      vertex -5.60025 -4.02995 4.5659
    endloop
  endfacet
  facet normal 1 -0 0
    outer loop
      vertex -5.60025 -4.53069 5.62457
      vertex -5.60025 -4.02995 4.5659
      vertex -5.60025 -4.45224 5.66061
    endloop
  endfacet
  facet normal 1 0 0
    outer loop
      vertex -5.60025 -4.02995 4.5659
      vertex -5.60025 -4.53069 5.62457
      vertex -5.60025 -4.08157 4.54062
    endloop
  endfacet
  facet normal 1 -0 0
    outer loop
      vertex -5.60025 -4.60816 5.58662
      vertex -5.60025 -4.08157 4.54062
      vertex -5.60025 -4.53069 5.62457
    endloop
  endfacet
  facet normal 1 0 0
    outer loop
      vertex -5.60025 -4.08157 4.54062
      vertex -5.60025 -4.60816 5.58662
      vertex -5.60025 -4.13252 4.51409
    endloop
  endfacet
  facet normal 1 -0 0
    outer loop
      vertex -5.60025 -4.68462 5.54681
      vertex -5.60025 -4.13252 4.51409
      vertex -5.60025 -4.60816 5.58662
    endloop
  endfacet
  facet normal 1 0 0
    outer loop
      vertex -5.60025 -4.13252 4.51409
      vertex -5.60025 -4.68462 5.54681
      vertex -5.60025 -4.18278 4.48634
    endloop
  endfacet
  facet normal 1 -0 0
    outer loop
      vertex -5.60025 -4.76004 5.50515
      vertex -5.60025 -4.18278 4.48634
      vertex -5.60025 -4.68462 5.54681
    endloop
  endfacet
  facet normal 1 0 0
    outer loop
      vertex -5.60025 -4.18278 4.48634
      vertex -5.60025 -4.76004 5.50515
      vertex -5.60025 -4.23232 4.45737
    endloop
  endfacet
  facet normal 1 -0 0
    outer loop
      vertex -5.60025 -4.83439 5.46167
      vertex -5.60025 -4.23232 4.45737
      vertex -5.60025 -4.76004 5.50515
    endloop
  endfacet
  facet normal 1 0 0
    outer loop
      vertex -5.60025 -4.23232 4.45737
      vertex -5.60025 -4.83439 5.46167
      vertex -5.60025 -4.28112 4.42721
    endloop
  endfacet
  facet normal 1 -0 0
    outer loop
      vertex -5.60025 -4.90763 5.4164
      vertex -5.60025 -4.28112 4.42721
      vertex -5.60025 -4.83439 5.46167
    endloop
  endfacet
  facet normal 1 0 0
    outer loop
      vertex -5.60025 -4.28112 4.42721
      vertex -5.60025 -4.90763 5.4164
      vertex -5.60025 -4.32916 4.39586
    endloop
  endfacet
  facet normal 1 -0 0
    outer loop
      vertex -5.60025 -4.97973 5.36935
      vertex -5.60025 -4.32916 4.39586
      vertex -5.60025 -4.90763 5.4164
    endloop
  endfacet
  facet normal 1 0 0
    outer loop
      vertex -5.60025 -4.32916 4.39586
      vertex -5.60025 -4.97973 5.36935
      vertex -5.60025 -4.37642 4.36335
    endloop
  endfacet
  facet normal 1 -0 0
    outer loop
      vertex -5.60025 -5.05066 5.32055
      vertex -5.60025 -4.37642 4.36335
      vertex -5.60025 -4.97973 5.36935
    endloop
  endfacet
  facet normal 1 0 0
    outer loop
      vertex -5.60025 -4.37642 4.36335
      vertex -5.60025 -5.05066 5.32055
      vertex -5.60025 -4.42287 4.3297
    endloop
  endfacet
  facet normal 1 -0 0
    outer loop
      vertex -5.60025 -5.12038 5.27004
      vertex -5.60025 -4.42287 4.3297
      vertex -5.60025 -5.05066 5.32055
    endloop
  endfacet
  facet normal 1 0 0
    outer loop
      vertex -5.60025 -4.42287 4.3297
      vertex -5.60025 -5.12038 5.27004
      vertex -5.60025 -4.4685 4.29491
    endloop
  endfacet
  facet normal 1 -0 0
    outer loop
      vertex -5.60025 -5.18887 5.21782
      vertex -5.60025 -4.4685 4.29491
      vertex -5.60025 -5.12038 5.27004
    endloop
  endfacet
  facet normal 1 0 0
    outer loop
      vertex -5.60025 -4.4685 4.29491
      vertex -5.60025 -5.18887 5.21782
      vertex -5.60025 -4.51328 4.25902
    endloop
  endfacet
  facet normal 1 -0 0
    outer loop
      vertex -5.60025 -5.25608 5.16393
      vertex -5.60025 -4.51328 4.25902
      vertex -5.60025 -5.18887 5.21782
    endloop
  endfacet
  facet normal 1 0 0
    outer loop
      vertex -5.60025 -4.51328 4.25902
      vertex -5.60025 -5.25608 5.16393
      vertex -5.60025 -4.55719 4.22202
    endloop
  endfacet
  facet normal 1 -0 0
    outer loop
      vertex -5.60025 -5.32199 5.1084
      vertex -5.60025 -4.55719 4.22202
      vertex -5.60025 -5.25608 5.16393
    endloop
  endfacet
  facet normal 1 0 0
    outer loop
      vertex -5.60025 -4.55719 4.22202
      vertex -5.60025 -5.32199 5.1084
      vertex -5.60025 -4.60022 4.18395
    endloop
  endfacet
  facet normal 1 -0 0
    outer loop
      vertex -5.60025 -5.38657 5.05125
      vertex -5.60025 -4.60022 4.18395
      vertex -5.60025 -5.32199 5.1084
    endloop
  endfacet
  facet normal 1 0 0
    outer loop
      vertex -5.60025 -4.60022 4.18395
      vertex -5.60025 -5.38657 5.05125
      vertex -5.60025 -4.64233 4.14481
    endloop
  endfacet
  facet normal 1 -0 0
    outer loop
      vertex -5.60025 -5.44978 4.99249
      vertex -5.60025 -4.64233 4.14481
      vertex -5.60025 -5.38657 5.05125
    endloop
  endfacet
  facet normal 1 0 0
    outer loop
      vertex -5.60025 -4.64233 4.14481
      vertex -5.60025 -5.44978 4.99249
      vertex -5.60025 -4.6835 4.10464
    endloop
  endfacet
  facet normal 1 -0 0
    outer loop
      vertex -5.60025 -5.51159 4.93217
      vertex -5.60025 -4.6835 4.10464
      vertex -5.60025 -5.44978 4.99249
    endloop
  endfacet
  facet normal 1 0 0
    outer loop
      vertex -5.60025 -4.6835 4.10464
      vertex -5.60025 -5.51159 4.93217
      vertex -5.60025 -4.7237 4.06345
    endloop
  endfacet
  facet normal 1 -0 0
    outer loop
      vertex -5.60025 -5.57189 4.87037
      vertex -5.60025 -4.7237 4.06345
      vertex -5.60025 -5.51159 4.93217
    endloop
  endfacet
  facet normal 1 0 0
    outer loop
      vertex -5.60025 -4.7237 4.06345
      vertex -5.60025 -5.57189 4.87037
      vertex -5.60025 -4.76285 4.02133
    endloop
  endfacet
  facet normal 1 -0 0
    outer loop
      vertex -5.60025 -5.63062 4.80717
      vertex -5.60025 -4.76285 4.02133
      vertex -5.60025 -5.57189 4.87037
    endloop
  endfacet
  facet normal 1 0 0
    outer loop
      vertex -5.60025 -4.76285 4.02133
      vertex -5.60025 -5.63062 4.80717
      vertex -5.60025 -4.80093 3.9783
    endloop
  endfacet
  facet normal 1 -0 0
    outer loop
      vertex -5.60025 -5.68775 4.74259
      vertex -5.60025 -4.80093 3.9783
      vertex -5.60025 -5.63062 4.80717
    endloop
  endfacet
  facet normal 1 0 0
    outer loop
      vertex -5.60025 -4.80093 3.9783
      vertex -5.60025 -5.68775 4.74259
      vertex -5.60025 -4.83793 3.93437
    endloop
  endfacet
  facet normal 1 -0 0
    outer loop
      vertex -5.60025 -5.74327 4.67669
      vertex -5.60025 -4.83793 3.93437
      vertex -5.60025 -5.68775 4.74259
    endloop
  endfacet
  facet normal 1 0 0
    outer loop
      vertex -5.60025 -4.83793 3.93437
      vertex -5.60025 -5.74327 4.67669
      vertex -5.60025 -4.87383 3.88959
    endloop
  endfacet
  facet normal 1 -0 0
    outer loop
      vertex -5.60025 -5.79714 4.60948
      vertex -5.60025 -4.87383 3.88959
      vertex -5.60025 -5.74327 4.67669
    endloop
  endfacet
  facet normal 1 0 0
    outer loop
      vertex -5.60025 -4.87383 3.88959
      vertex -5.60025 -5.79714 4.60948
      vertex -5.60025 -4.90862 3.84395
    endloop
  endfacet
  facet normal 1 -0 0
    outer loop
      vertex -5.60025 -5.84934 4.54099
      vertex -5.60025 -4.90862 3.84395
      vertex -5.60025 -5.79714 4.60948
    endloop
  endfacet
  facet normal 1 0 0
    outer loop
      vertex -5.60025 -4.90862 3.84395
      vertex -5.60025 -5.84934 4.54099
      vertex -5.60025 -4.94228 3.79749
    endloop
  endfacet
  facet normal 1 -0 0
    outer loop
      vertex -5.60025 -5.89984 4.47128
      vertex -5.60025 -4.94228 3.79749
      vertex -5.60025 -5.84934 4.54099
    endloop
  endfacet
  facet normal 1 0 0
    outer loop
      vertex -5.60025 -4.94228 3.79749
      vertex -5.60025 -5.89984 4.47128
      vertex -5.60025 -4.97479 3.75023
    endloop
  endfacet
  facet normal 1 -0 0
    outer loop
      vertex -5.60025 -5.94862 4.40035
      vertex -5.60025 -4.97479 3.75023
      vertex -5.60025 -5.89984 4.47128
    endloop
  endfacet
  facet normal 1 0 0
    outer loop
      vertex -5.60025 -4.97479 3.75023
      vertex -5.60025 -5.94862 4.40035
      vertex -5.60025 -5.00614 3.70219
    endloop
  endfacet
  facet normal 1 -0 0
    outer loop
      vertex -5.60025 -5.99566 4.32825
      vertex -5.60025 -5.00614 3.70219
      vertex -5.60025 -5.94862 4.40035
    endloop
  endfacet
  facet normal 1 0 0
    outer loop
      vertex -5.60025 -5.00614 3.70219
      vertex -5.60025 -5.99566 4.32825
      vertex -5.60025 -5.03631 3.65338
    endloop
  endfacet
  facet normal 1 -0 0
    outer loop
      vertex -5.60025 -6.04093 4.25501
      vertex -5.60025 -5.03631 3.65338
      vertex -5.60025 -5.99566 4.32825
    endloop
  endfacet
  facet normal 1 0 0
    outer loop
      vertex -5.60025 -5.03631 3.65338
      vertex -5.60025 -6.04093 4.25501
      vertex -5.60025 -5.06528 3.60384
    endloop
  endfacet
  facet normal 1 -0 0
    outer loop
      vertex -5.60025 -6.0844 4.18066
      vertex -5.60025 -5.06528 3.60384
      vertex -5.60025 -6.04093 4.25501
    endloop
  endfacet
  facet normal 1 0 0
    outer loop
      vertex -5.60025 -5.06528 3.60384
      vertex -5.60025 -6.0844 4.18066
      vertex -5.60025 -5.09303 3.55358
    endloop
  endfacet
  facet normal 1 -0 0
    outer loop
      vertex -5.60025 -6.12605 4.10523
      vertex -5.60025 -5.09303 3.55358
      vertex -5.60025 -6.0844 4.18066
    endloop
  endfacet
  facet normal 1 0 0
    outer loop
      vertex -5.60025 -5.09303 3.55358
      vertex -5.60025 -6.12605 4.10523
      vertex -5.60025 -5.11956 3.50263
    endloop
  endfacet
  facet normal 1 -0 0
    outer loop
      vertex -5.60025 -6.16586 4.02877
      vertex -5.60025 -5.11956 3.50263
      vertex -5.60025 -6.12605 4.10523
    endloop
  endfacet
  facet normal 1 0 0
    outer loop
      vertex -5.60025 -5.11956 3.50263
      vertex -5.60025 -6.16586 4.02877
      vertex -5.60025 -5.14484 3.45101
    endloop
  endfacet
  facet normal 1 -0 0
    outer loop
      vertex -5.60025 -6.2038 3.95129
      vertex -5.60025 -5.14484 3.45101
      vertex -5.60025 -6.16586 4.02877
    endloop
  endfacet
  facet normal 1 0 0
    outer loop
      vertex -5.60025 -5.14484 3.45101
      vertex -5.60025 -6.2038 3.95129
      vertex -5.60025 -5.16886 3.39874
    endloop
  endfacet
  facet normal 1 -0 0
    outer loop
      vertex -5.60025 -6.23984 3.87283
      vertex -5.60025 -5.16886 3.39874
      vertex -5.60025 -6.2038 3.95129
    endloop
  endfacet
  facet normal 1 0 0
    outer loop
      vertex -5.60025 -5.16886 3.39874
      vertex -5.60025 -6.23984 3.87283
      vertex -5.60025 -5.1916 3.34584
    endloop
  endfacet
  facet normal 1 0 0
    outer loop
      vertex -5.60025 -4.64239 0.759217
      vertex -5.60025 -5.44968 -0.0888284
      vertex -5.60025 -5.38649 -0.147575
    endloop
  endfacet
  facet normal 1 -0 0
    outer loop
      vertex -5.60025 -6.27397 3.79344
      vertex -5.60025 -5.1916 3.34584
      vertex -5.60025 -6.23984 3.87283
    endloop
  endfacet
  facet normal 1 0 0
    outer loop
      vertex -5.60025 -4.68357 0.799409
      vertex -5.60025 -5.51147 -0.028518
      vertex -5.60025 -5.44968 -0.0888284
    endloop
  endfacet
  facet normal 1 0 0
    outer loop
      vertex -5.60025 -5.1916 3.34584
      vertex -5.60025 -6.27397 3.79344
      vertex -5.60025 -5.213 3.29244
    endloop
  endfacet
  facet normal 1 0 0
    outer loop
      vertex -5.60025 -4.72376 0.840577
      vertex -5.60025 -5.57179 0.0332953
      vertex -5.60025 -5.51147 -0.028518
    endloop
  endfacet
  facet normal 1 -0 0
    outer loop
      vertex -5.60025 -6.30608 3.7133
      vertex -5.60025 -5.213 3.29244
      vertex -5.60025 -6.27397 3.79344
    endloop
  endfacet
  facet normal 1 0 0
    outer loop
      vertex -5.60025 -4.76289 0.882683
      vertex -5.60025 -5.63054 0.0965125
      vertex -5.60025 -5.57179 0.0332953
    endloop
  endfacet
  facet normal 1 0 0
    outer loop
      vertex -5.60025 -5.213 3.29244
      vertex -5.60025 -6.30608 3.7133
      vertex -5.60025 -5.23305 3.23862
    endloop
  endfacet
  facet normal 1 0 0
    outer loop
      vertex -5.60025 -4.80097 0.925706
      vertex -5.60025 -5.68769 0.161103
      vertex -5.60025 -5.63054 0.0965125
    endloop
  endfacet
  facet normal 1 -0 0
    outer loop
      vertex -5.60025 -6.33616 3.63253
      vertex -5.60025 -5.23305 3.23862
      vertex -5.60025 -6.30608 3.7133
    endloop
  endfacet
  facet normal 1 0 0
    outer loop
      vertex -5.60025 -4.83796 0.969613
      vertex -5.60025 -5.74322 0.227021
      vertex -5.60025 -5.68769 0.161103
    endloop
  endfacet
  facet normal 1 0 0
    outer loop
      vertex -5.60025 -5.23305 3.23862
      vertex -5.60025 -6.33616 3.63253
      vertex -5.60025 -5.25173 3.18439
    endloop
  endfacet
  facet normal 1 0 0
    outer loop
      vertex -5.60025 -4.87386 1.0144
      vertex -5.60025 -5.79709 0.294251
      vertex -5.60025 -5.74322 0.227021
    endloop
  endfacet
  facet normal 1 -0 0
    outer loop
      vertex -5.60025 -6.36418 3.55116
      vertex -5.60025 -5.25173 3.18439
      vertex -5.60025 -6.33616 3.63253
    endloop
  endfacet
  facet normal 1 0 0
    outer loop
      vertex -5.60025 -4.90864 1.06002
      vertex -5.60025 -5.8493 0.36274
      vertex -5.60025 -5.79709 0.294251
    endloop
  endfacet
  facet normal 1 0 0
    outer loop
      vertex -5.60025 -5.25173 3.18439
      vertex -5.60025 -6.36418 3.55116
      vertex -5.60025 -5.26904 3.12978
    endloop
  endfacet
  facet normal 1 0 0
    outer loop
      vertex -5.60025 -4.9423 1.10647
      vertex -5.60025 -5.89981 0.432473
      vertex -5.60025 -5.8493 0.36274
    endloop
  endfacet
  facet normal 1 -0 0
    outer loop
      vertex -5.60025 -6.39016 3.46922
      vertex -5.60025 -5.26904 3.12978
      vertex -5.60025 -6.36418 3.55116
    endloop
  endfacet
  facet normal 1 0 0
    outer loop
      vertex -5.60025 -4.97481 1.15373
      vertex -5.60025 -5.9486 0.503411
      vertex -5.60025 -5.89981 0.432473
    endloop
  endfacet
  facet normal 1 0 0
    outer loop
      vertex -5.60025 -5.26904 3.12978
      vertex -5.60025 -6.39016 3.46922
      vertex -5.60025 -5.28498 3.07482
    endloop
  endfacet
  facet normal 1 0 0
    outer loop
      vertex -5.60025 -5.00615 1.20175
      vertex -5.60025 -5.99564 0.575516
      vertex -5.60025 -5.9486 0.503411
    endloop
  endfacet
  facet normal 1 -0 0
    outer loop
      vertex -5.60025 -6.41408 3.38673
      vertex -5.60025 -5.28498 3.07482
      vertex -5.60025 -6.39016 3.46922
    endloop
  endfacet
  facet normal 1 0 0
    outer loop
      vertex -5.60025 -5.03632 1.25056
      vertex -5.60025 -6.04091 0.648766
      vertex -5.60025 -5.99564 0.575516
    endloop
  endfacet
  facet normal 1 0 0
    outer loop
      vertex -5.60025 -5.28498 3.07482
      vertex -5.60025 -6.41408 3.38673
      vertex -5.60025 -5.29955 3.01952
    endloop
  endfacet
  facet normal 1 0 0
    outer loop
      vertex -5.60025 -5.06529 1.3001
      vertex -5.60025 -6.08438 0.723122
      vertex -5.60025 -6.04091 0.648766
    endloop
  endfacet
  facet normal 1 -0 0
    outer loop
      vertex -5.60025 -6.43594 3.30373
      vertex -5.60025 -5.29955 3.01952
      vertex -5.60025 -6.41408 3.38673
    endloop
  endfacet
  facet normal 1 0 0
    outer loop
      vertex -5.60025 -5.09304 1.35035
      vertex -5.60025 -6.12604 0.798546
      vertex -5.60025 -6.08438 0.723122
    endloop
  endfacet
  facet normal 1 0 0
    outer loop
      vertex -5.60025 -5.29955 3.01952
      vertex -5.60025 -6.43594 3.30373
      vertex -5.60025 -5.31274 2.96388
    endloop
  endfacet
  facet normal 1 0 0
    outer loop
      vertex -5.60025 -5.11957 1.4013
      vertex -5.60025 -6.16584 0.875008
      vertex -5.60025 -6.12604 0.798546
    endloop
  endfacet
  facet normal 1 -0 0
    outer loop
      vertex -5.60025 -6.45574 3.22025
      vertex -5.60025 -5.31274 2.96388
      vertex -5.60025 -6.43594 3.30373
    endloop
  endfacet
  facet normal 1 0 0
    outer loop
      vertex -5.60025 -5.14485 1.45292
      vertex -5.60025 -6.20378 0.952492
      vertex -5.60025 -6.16584 0.875008
    endloop
  endfacet
  facet normal 1 0 0
    outer loop
      vertex -5.60025 -5.31274 2.96388
      vertex -5.60025 -6.45574 3.22025
      vertex -5.60025 -5.32456 2.90794
    endloop
  endfacet
  facet normal 1 0 0
    outer loop
      vertex -5.60025 -5.16887 1.50519
      vertex -5.60025 -6.23982 1.03095
      vertex -5.60025 -6.20378 0.952492
    endloop
  endfacet
  facet normal 1 -0 0
    outer loop
      vertex -5.60025 -6.47347 3.13632
      vertex -5.60025 -5.32456 2.90794
      vertex -5.60025 -6.45574 3.22025
    endloop
  endfacet
  facet normal 1 0 0
    outer loop
      vertex -5.60025 -5.19161 1.55809
      vertex -5.60025 -6.27394 1.11034
      vertex -5.60025 -6.23982 1.03095
    endloop
  endfacet
  facet normal 1 0 0
    outer loop
      vertex -5.60025 -5.32456 2.90794
      vertex -5.60025 -6.47347 3.13632
      vertex -5.60025 -5.335 2.85174
    endloop
  endfacet
  facet normal 1 0 0
    outer loop
      vertex -5.60025 -5.21301 1.61149
      vertex -5.60025 -6.30607 1.19049
      vertex -5.60025 -6.27394 1.11034
    endloop
  endfacet
  facet normal 1 -0 0
    outer loop
      vertex -5.60025 -6.48914 3.05195
      vertex -5.60025 -5.335 2.85174
      vertex -5.60025 -6.47347 3.13632
    endloop
  endfacet
  facet normal 1 0 0
    outer loop
      vertex -5.60025 -5.23306 1.6653
      vertex -5.60025 -6.33614 1.27127
      vertex -5.60025 -6.30607 1.19049
    endloop
  endfacet
  facet normal 1 0 0
    outer loop
      vertex -5.60025 -5.335 2.85174
      vertex -5.60025 -6.48914 3.05195
      vertex -5.60025 -5.34405 2.79526
    endloop
  endfacet
  facet normal 1 0 0
    outer loop
      vertex -5.60025 -5.25173 1.71952
      vertex -5.60025 -6.36417 1.35265
      vertex -5.60025 -6.33614 1.27127
    endloop
  endfacet
  facet normal 1 -0 0
    outer loop
      vertex -5.60025 -6.50272 2.96719
      vertex -5.60025 -5.34405 2.79526
      vertex -5.60025 -6.48914 3.05195
    endloop
  endfacet
  facet normal 1 0 0
    outer loop
      vertex -5.60025 -5.26904 1.77412
      vertex -5.60025 -6.39015 1.4346
      vertex -5.60025 -6.36417 1.35265
    endloop
  endfacet
  facet normal 1 0 0
    outer loop
      vertex -5.60025 -5.34405 2.79526
      vertex -5.60025 -6.50272 2.96719
      vertex -5.60025 -5.35172 2.73853
    endloop
  endfacet
  facet normal 1 0 0
    outer loop
      vertex -5.60025 -5.28498 1.82908
      vertex -5.60025 -6.41408 1.51709
      vertex -5.60025 -6.39015 1.4346
    endloop
  endfacet
  facet normal 1 -0 0
    outer loop
      vertex -5.60025 -6.51423 2.88206
      vertex -5.60025 -5.35172 2.73853
      vertex -5.60025 -6.50272 2.96719
    endloop
  endfacet
  facet normal 1 0 0
    outer loop
      vertex -5.60025 -5.29955 1.88438
      vertex -5.60025 -6.43594 1.6001
      vertex -5.60025 -6.41408 1.51709
    endloop
  endfacet
  facet normal 1 0 0
    outer loop
      vertex -5.60025 -5.35172 2.73853
      vertex -5.60025 -6.51423 2.88206
      vertex -5.60025 -5.358 2.68159
    endloop
  endfacet
  facet normal 1 0 0
    outer loop
      vertex -5.60025 -5.31275 1.94
      vertex -5.60025 -6.45574 1.68359
      vertex -5.60025 -6.43594 1.6001
    endloop
  endfacet
  facet normal 1 -0 0
    outer loop
      vertex -5.60025 -6.52365 2.79659
      vertex -5.60025 -5.358 2.68159
      vertex -5.60025 -6.51423 2.88206
    endloop
  endfacet
  facet normal 1 0 0
    outer loop
      vertex -5.60025 -5.32456 1.99593
      vertex -5.60025 -6.47347 1.76753
      vertex -5.60025 -6.45574 1.68359
    endloop
  endfacet
  facet normal 1 0 0
    outer loop
      vertex -5.60025 -5.358 2.68159
      vertex -5.60025 -6.52365 2.79659
      vertex -5.60025 -5.36289 2.62443
    endloop
  endfacet
  facet normal 1 0 0
    outer loop
      vertex -5.60025 -5.335 2.05214
      vertex -5.60025 -6.48913 1.85191
      vertex -5.60025 -6.47347 1.76753
    endloop
  endfacet
  facet normal 1 -0 0
    outer loop
      vertex -5.60025 -6.53099 2.71082
      vertex -5.60025 -5.36289 2.62443
      vertex -5.60025 -6.52365 2.79659
    endloop
  endfacet
  facet normal 1 0 0
    outer loop
      vertex -5.60025 -5.36289 2.62443
      vertex -5.60025 -6.53099 2.71082
      vertex -5.60025 -5.36638 2.56709
    endloop
  endfacet
  facet normal 1 0 0
    outer loop
      vertex -5.60025 -5.34405 2.10862
      vertex -5.60025 -6.50272 1.93667
      vertex -5.60025 -6.48913 1.85191
    endloop
  endfacet
  facet normal 1 -0 0
    outer loop
      vertex -5.60025 -6.53623 2.62476
      vertex -5.60025 -5.36638 2.56709
      vertex -5.60025 -6.53099 2.71082
    endloop
  endfacet
  facet normal 1 0 0
    outer loop
      vertex -5.60025 -5.35172 2.16534
      vertex -5.60025 -6.51423 2.0218
      vertex -5.60025 -6.50272 1.93667
    endloop
  endfacet
  facet normal 1 0 0
    outer loop
      vertex -5.60025 -5.36638 2.56709
      vertex -5.60025 -6.53623 2.62476
      vertex -5.60025 -5.36848 2.50958
    endloop
  endfacet
  facet normal 1 0 0
    outer loop
      vertex -5.60025 -5.358 2.22228
      vertex -5.60025 -6.52365 2.10727
      vertex -5.60025 -6.51423 2.0218
    endloop
  endfacet
  facet normal 1 -0 0
    outer loop
      vertex -5.60025 -6.53938 2.53846
      vertex -5.60025 -5.36848 2.50958
      vertex -5.60025 -6.53623 2.62476
    endloop
  endfacet
  facet normal 1 0 0
    outer loop
      vertex -5.60025 -5.36289 2.27943
      vertex -5.60025 -6.53099 2.19305
      vertex -5.60025 -6.52365 2.10727
    endloop
  endfacet
  facet normal 1 0 0
    outer loop
      vertex -5.60025 -5.36848 2.50958
      vertex -5.60025 -6.53938 2.53846
      vertex -5.60025 -5.36918 2.45194
    endloop
  endfacet
  facet normal 1 0 0
    outer loop
      vertex -5.60025 -5.36638 2.33678
      vertex -5.60025 -6.53623 2.2791
      vertex -5.60025 -6.53099 2.19305
    endloop
  endfacet
  facet normal 1 0 0
    outer loop
      vertex -5.60025 -6.54043 2.45194
      vertex -5.60025 -5.36918 2.45194
      vertex -5.60025 -6.53938 2.53846
    endloop
  endfacet
  facet normal 1 0 0
    outer loop
      vertex -5.60025 -5.36848 2.39429
      vertex -5.60025 -6.53938 2.3654
      vertex -5.60025 -6.53623 2.2791
    endloop
  endfacet
  facet normal 1 0 0
    outer loop
      vertex -5.60025 -5.36918 2.45194
      vertex -5.60025 -6.54043 2.45194
      vertex -5.60025 -6.53938 2.3654
    endloop
  endfacet
  facet normal 1 0 0
    outer loop
      vertex -5.60025 0.868276 -3.43626
      vertex -5.60025 0.211707 -3.56686
      vertex -5.60025 0.215643 -3.63145
    endloop
  endfacet
  facet normal 1 0 0
    outer loop
      vertex -5.60025 0.868276 -3.43626
      vertex -5.60025 0.209344 -3.50207
      vertex -5.60025 0.211707 -3.56686
    endloop
  endfacet
  facet normal 1 0 0
    outer loop
      vertex -5.60025 0.868789 -3.38757
      vertex -5.60025 0.209338 -3.37485
      vertex -5.60025 0.208554 -3.43713
    endloop
  endfacet
  facet normal 1 0 0
    outer loop
      vertex -5.60025 0.868276 -3.43626
      vertex -5.60025 0.208554 -3.43713
      vertex -5.60025 0.209344 -3.50207
    endloop
  endfacet
  facet normal -1 -0 0
    outer loop
      vertex -6.20025 0.868979 -3.48494
      vertex -6.20025 0.209344 -3.50207
      vertex -6.20025 0.868276 -3.43626
    endloop
  endfacet
  facet normal -1 0 0
    outer loop
      vertex -6.20025 0.208554 -3.43713
      vertex -6.20025 0.868276 -3.43626
      vertex -6.20025 0.209344 -3.50207
    endloop
  endfacet
  facet normal -1 0 0
    outer loop
      vertex -6.20025 0.868276 -3.43626
      vertex -6.20025 0.209338 -3.37485
      vertex -6.20025 0.21171 -3.3126
    endloop
  endfacet
  facet normal -1 -0 0
    outer loop
      vertex -6.20025 0.868276 -3.43626
      vertex -6.20025 0.208554 -3.43713
      vertex -6.20025 0.209338 -3.37485
    endloop
  endfacet
  facet normal -1 -0 0
    outer loop
      vertex -6.20025 0.177386 3.87293
      vertex -6.20025 -0.892934 3.39869
      vertex -6.20025 0.141342 3.95137
    endloop
  endfacet
  facet normal -1 0 0
    outer loop
      vertex -6.20025 -0.916953 3.45096
      vertex -6.20025 0.141342 3.95137
      vertex -6.20025 -0.892934 3.39869
    endloop
  endfacet
  facet normal -1 -0 0
    outer loop
      vertex -6.20025 0.141342 3.95137
      vertex -6.20025 -0.916953 3.45096
      vertex -6.20025 0.103401 4.02885
    endloop
  endfacet
  facet normal -1 0 0
    outer loop
      vertex -6.20025 -0.942236 3.50259
      vertex -6.20025 0.103401 4.02885
      vertex -6.20025 -0.916953 3.45096
    endloop
  endfacet
  facet normal -1 -0 0
    outer loop
      vertex -6.20025 0.103401 4.02885
      vertex -6.20025 -0.942236 3.50259
      vertex -6.20025 0.0635901 4.10532
    endloop
  endfacet
  facet normal -1 0 0
    outer loop
      vertex -6.20025 -0.968764 3.55354
      vertex -6.20025 0.0635901 4.10532
      vertex -6.20025 -0.942236 3.50259
    endloop
  endfacet
  facet normal -1 -0 0
    outer loop
      vertex -6.20025 0.0635901 4.10532
      vertex -6.20025 -0.968764 3.55354
      vertex -6.20025 0.0219326 4.18074
    endloop
  endfacet
  facet normal -1 0 0
    outer loop
      vertex -6.20025 -0.996522 3.60379
      vertex -6.20025 0.0219326 4.18074
      vertex -6.20025 -0.968764 3.55354
    endloop
  endfacet
  facet normal -1 -0 0
    outer loop
      vertex -6.20025 0.0219326 4.18074
      vertex -6.20025 -0.996522 3.60379
      vertex -6.20025 -0.0215454 4.2551
    endloop
  endfacet
  facet normal -1 0 0
    outer loop
      vertex -6.20025 -1.02549 3.65333
      vertex -6.20025 -0.0215454 4.2551
      vertex -6.20025 -0.996522 3.60379
    endloop
  endfacet
  facet normal -1 -0 0
    outer loop
      vertex -6.20025 -0.0215454 4.2551
      vertex -6.20025 -1.02549 3.65333
      vertex -6.20025 -0.0668192 4.32834
    endloop
  endfacet
  facet normal -1 0 0
    outer loop
      vertex -6.20025 -1.05566 3.70213
      vertex -6.20025 -0.0668192 4.32834
      vertex -6.20025 -1.02549 3.65333
    endloop
  endfacet
  facet normal -1 -0 0
    outer loop
      vertex -6.20025 -0.0668192 4.32834
      vertex -6.20025 -1.05566 3.70213
      vertex -6.20025 -0.113865 4.40044
    endloop
  endfacet
  facet normal -1 0 0
    outer loop
      vertex -6.20025 -1.08701 3.75017
      vertex -6.20025 -0.113865 4.40044
      vertex -6.20025 -1.05566 3.70213
    endloop
  endfacet
  facet normal -1 -0 0
    outer loop
      vertex -6.20025 -0.113865 4.40044
      vertex -6.20025 -1.08701 3.75017
      vertex -6.20025 -0.162658 4.47137
    endloop
  endfacet
  facet normal -1 0 0
    outer loop
      vertex -6.20025 -1.11951 3.79743
      vertex -6.20025 -0.162658 4.47137
      vertex -6.20025 -1.08701 3.75017
    endloop
  endfacet
  facet normal -1 -0 0
    outer loop
      vertex -6.20025 -0.162658 4.47137
      vertex -6.20025 -1.11951 3.79743
      vertex -6.20025 -0.213172 4.54111
    endloop
  endfacet
  facet normal -1 0 0
    outer loop
      vertex -6.20025 -1.15317 3.84388
      vertex -6.20025 -0.213172 4.54111
      vertex -6.20025 -1.11951 3.79743
    endloop
  endfacet
  facet normal -1 -0 0
    outer loop
      vertex -6.20025 -0.213172 4.54111
      vertex -6.20025 -1.15317 3.84388
      vertex -6.20025 -0.265384 4.6096
    endloop
  endfacet
  facet normal -1 0 0
    outer loop
      vertex -6.20025 -1.18795 3.88951
      vertex -6.20025 -0.265384 4.6096
      vertex -6.20025 -1.15317 3.84388
    endloop
  endfacet
  facet normal -1 -0 0
    outer loop
      vertex -6.20025 -0.265384 4.6096
      vertex -6.20025 -1.18795 3.88951
      vertex -6.20025 -0.319267 4.67682
    endloop
  endfacet
  facet normal -1 0 0
    outer loop
      vertex -6.20025 -1.22385 3.93429
      vertex -6.20025 -0.319267 4.67682
      vertex -6.20025 -1.18795 3.88951
    endloop
  endfacet
  facet normal -1 -0 0
    outer loop
      vertex -6.20025 -0.319267 4.67682
      vertex -6.20025 -1.22385 3.93429
      vertex -6.20025 -0.3748 4.74274
    endloop
  endfacet
  facet normal -1 0 0
    outer loop
      vertex -6.20025 -1.26084 3.9782
      vertex -6.20025 -0.3748 4.74274
      vertex -6.20025 -1.22385 3.93429
    endloop
  endfacet
  facet normal -1 -0 0
    outer loop
      vertex -6.20025 -0.3748 4.74274
      vertex -6.20025 -1.26084 3.9782
      vertex -6.20025 -0.431954 4.80732
    endloop
  endfacet
  facet normal -1 0 0
    outer loop
      vertex -6.20025 -1.29891 4.02123
      vertex -6.20025 -0.431954 4.80732
      vertex -6.20025 -1.26084 3.9782
    endloop
  endfacet
  facet normal -1 -0 0
    outer loop
      vertex -6.20025 -0.431954 4.80732
      vertex -6.20025 -1.29891 4.02123
      vertex -6.20025 -0.490707 4.87053
    endloop
  endfacet
  facet normal -1 0 0
    outer loop
      vertex -6.20025 -1.33805 4.06333
      vertex -6.20025 -0.490707 4.87053
      vertex -6.20025 -1.29891 4.02123
    endloop
  endfacet
  facet normal -1 -0 0
    outer loop
      vertex -6.20025 -0.490707 4.87053
      vertex -6.20025 -1.33805 4.06333
      vertex -6.20025 -0.551032 4.93234
    endloop
  endfacet
  facet normal -1 0 0
    outer loop
      vertex -6.20025 -1.37823 4.10451
      vertex -6.20025 -0.551032 4.93234
      vertex -6.20025 -1.33805 4.06333
    endloop
  endfacet
  facet normal -1 -0 0
    outer loop
      vertex -6.20025 -0.551032 4.93234
      vertex -6.20025 -1.37823 4.10451
      vertex -6.20025 -0.61283 4.99265
    endloop
  endfacet
  facet normal -1 0 0
    outer loop
      vertex -6.20025 -1.41942 4.1447
      vertex -6.20025 -0.61283 4.99265
      vertex -6.20025 -1.37823 4.10451
    endloop
  endfacet
  facet normal -1 -0 0
    outer loop
      vertex -6.20025 -0.61283 4.99265
      vertex -6.20025 -1.41942 4.1447
      vertex -6.20025 -0.67603 5.05138
    endloop
  endfacet
  facet normal -1 0 0
    outer loop
      vertex -6.20025 -1.46154 4.18385
      vertex -6.20025 -0.67603 5.05138
      vertex -6.20025 -1.41942 4.1447
    endloop
  endfacet
  facet normal -1 -0 0
    outer loop
      vertex -6.20025 -0.67603 5.05138
      vertex -6.20025 -1.46154 4.18385
      vertex -6.20025 -0.7406 5.10853
    endloop
  endfacet
  facet normal -1 0 0
    outer loop
      vertex -6.20025 -1.50457 4.22193
      vertex -6.20025 -0.7406 5.10853
      vertex -6.20025 -1.46154 4.18385
    endloop
  endfacet
  facet normal -1 -0 0
    outer loop
      vertex -6.20025 -0.7406 5.10853
      vertex -6.20025 -1.50457 4.22193
      vertex -6.20025 -0.806506 5.16404
    endloop
  endfacet
  facet normal -1 0 0
    outer loop
      vertex -6.20025 -1.54849 4.25893
      vertex -6.20025 -0.806506 5.16404
      vertex -6.20025 -1.50457 4.22193
    endloop
  endfacet
  facet normal -1 -0 0
    outer loop
      vertex -6.20025 -0.806506 5.16404
      vertex -6.20025 -1.54849 4.25893
      vertex -6.20025 -0.873716 5.21792
    endloop
  endfacet
  facet normal -1 0 0
    outer loop
      vertex -6.20025 -1.59327 4.29484
      vertex -6.20025 -0.873716 5.21792
      vertex -6.20025 -1.54849 4.25893
    endloop
  endfacet
  facet normal -1 -0 0
    outer loop
      vertex -6.20025 -0.873716 5.21792
      vertex -6.20025 -1.59327 4.29484
      vertex -6.20025 -0.942199 5.27012
    endloop
  endfacet
  facet normal -1 0 0
    outer loop
      vertex -6.20025 -1.63891 4.32963
      vertex -6.20025 -0.942199 5.27012
      vertex -6.20025 -1.59327 4.29484
    endloop
  endfacet
  facet normal -1 -0 0
    outer loop
      vertex -6.20025 -0.942199 5.27012
      vertex -6.20025 -1.63891 4.32963
      vertex -6.20025 -1.01192 5.32063
    endloop
  endfacet
  facet normal -1 0 0
    outer loop
      vertex -6.20025 -1.68537 4.36329
      vertex -6.20025 -1.01192 5.32063
      vertex -6.20025 -1.63891 4.32963
    endloop
  endfacet
  facet normal -1 -0 0
    outer loop
      vertex -6.20025 -1.01192 5.32063
      vertex -6.20025 -1.68537 4.36329
      vertex -6.20025 -1.08285 5.36941
    endloop
  endfacet
  facet normal -1 0 0
    outer loop
      vertex -6.20025 -1.73263 4.3958
      vertex -6.20025 -1.08285 5.36941
      vertex -6.20025 -1.68537 4.36329
    endloop
  endfacet
  facet normal -1 -0 0
    outer loop
      vertex -6.20025 -1.08285 5.36941
      vertex -6.20025 -1.73263 4.3958
      vertex -6.20025 -1.15495 5.41646
    endloop
  endfacet
  facet normal -1 0 0
    outer loop
      vertex -6.20025 -1.78067 4.42715
      vertex -6.20025 -1.15495 5.41646
      vertex -6.20025 -1.73263 4.3958
    endloop
  endfacet
  facet normal -1 -0 0
    outer loop
      vertex -6.20025 -1.15495 5.41646
      vertex -6.20025 -1.78067 4.42715
      vertex -6.20025 -1.22819 5.46173
    endloop
  endfacet
  facet normal -1 0 0
    outer loop
      vertex -6.20025 -1.82947 4.45731
      vertex -6.20025 -1.22819 5.46173
      vertex -6.20025 -1.78067 4.42715
    endloop
  endfacet
  facet normal -1 -0 0
    outer loop
      vertex -6.20025 -1.22819 5.46173
      vertex -6.20025 -1.82947 4.45731
      vertex -6.20025 -1.30254 5.5052
    endloop
  endfacet
  facet normal -1 0 0
    outer loop
      vertex -6.20025 -1.87901 4.48629
      vertex -6.20025 -1.30254 5.5052
      vertex -6.20025 -1.82947 4.45731
    endloop
  endfacet
  facet normal -1 -0 0
    outer loop
      vertex -6.20025 -1.30254 5.5052
      vertex -6.20025 -1.87901 4.48629
      vertex -6.20025 -1.37796 5.54686
    endloop
  endfacet
  facet normal -1 0 0
    outer loop
      vertex -6.20025 -1.92927 4.51405
      vertex -6.20025 -1.37796 5.54686
      vertex -6.20025 -1.87901 4.48629
    endloop
  endfacet
  facet normal -1 -0 0
    outer loop
      vertex -6.20025 -1.37796 5.54686
      vertex -6.20025 -1.92927 4.51405
      vertex -6.20025 -1.45443 5.58667
    endloop
  endfacet
  facet normal -1 0 0
    outer loop
      vertex -6.20025 -1.98021 4.54057
      vertex -6.20025 -1.45443 5.58667
      vertex -6.20025 -1.92927 4.51405
    endloop
  endfacet
  facet normal -1 -0 0
    outer loop
      vertex -6.20025 -1.45443 5.58667
      vertex -6.20025 -1.98021 4.54057
      vertex -6.20025 -1.53191 5.62461
    endloop
  endfacet
  facet normal -1 0 0
    outer loop
      vertex -6.20025 -2.03183 4.56586
      vertex -6.20025 -1.53191 5.62461
      vertex -6.20025 -1.98021 4.54057
    endloop
  endfacet
  facet normal -1 -0 0
    outer loop
      vertex -6.20025 -1.53191 5.62461
      vertex -6.20025 -2.03183 4.56586
      vertex -6.20025 -1.61037 5.66066
    endloop
  endfacet
  facet normal -1 0 0
    outer loop
      vertex -6.20025 -2.08411 4.58987
      vertex -6.20025 -1.61037 5.66066
      vertex -6.20025 -2.03183 4.56586
    endloop
  endfacet
  facet normal -1 -0 0
    outer loop
      vertex -6.20025 -1.61037 5.66066
      vertex -6.20025 -2.08411 4.58987
      vertex -6.20025 -1.68976 5.69479
    endloop
  endfacet
  facet normal -1 0 0
    outer loop
      vertex -6.20025 -2.137 4.61262
      vertex -6.20025 -1.68976 5.69479
      vertex -6.20025 -2.08411 4.58987
    endloop
  endfacet
  facet normal -1 -0 0
    outer loop
      vertex -6.20025 -1.68976 5.69479
      vertex -6.20025 -2.137 4.61262
      vertex -6.20025 -1.7699 5.72691
    endloop
  endfacet
  facet normal -1 0 0
    outer loop
      vertex -6.20025 -2.19041 4.63403
      vertex -6.20025 -1.7699 5.72691
      vertex -6.20025 -2.137 4.61262
    endloop
  endfacet
  facet normal -1 -0 0
    outer loop
      vertex -6.20025 -1.7699 5.72691
      vertex -6.20025 -2.19041 4.63403
      vertex -6.20025 -1.85068 5.75698
    endloop
  endfacet
  facet normal -1 0 0
    outer loop
      vertex -6.20025 -2.24423 4.65407
      vertex -6.20025 -1.85068 5.75698
      vertex -6.20025 -2.19041 4.63403
    endloop
  endfacet
  facet normal -1 -0 0
    outer loop
      vertex -6.20025 -1.85068 5.75698
      vertex -6.20025 -2.24423 4.65407
      vertex -6.20025 -1.93205 5.78501
    endloop
  endfacet
  facet normal -1 0 0
    outer loop
      vertex -6.20025 -2.29845 4.67275
      vertex -6.20025 -1.93205 5.78501
      vertex -6.20025 -2.24423 4.65407
    endloop
  endfacet
  facet normal -1 -0 0
    outer loop
      vertex -6.20025 -1.93205 5.78501
      vertex -6.20025 -2.29845 4.67275
      vertex -6.20025 -2.01399 5.81099
    endloop
  endfacet
  facet normal -1 0 0
    outer loop
      vertex -6.20025 -2.35305 4.69007
      vertex -6.20025 -2.01399 5.81099
      vertex -6.20025 -2.29845 4.67275
    endloop
  endfacet
  facet normal -1 -0 0
    outer loop
      vertex -6.20025 -2.01399 5.81099
      vertex -6.20025 -2.35305 4.69007
      vertex -6.20025 -2.09648 5.83491
    endloop
  endfacet
  facet normal -1 0 0
    outer loop
      vertex -6.20025 -2.40802 4.70601
      vertex -6.20025 -2.09648 5.83491
      vertex -6.20025 -2.35305 4.69007
    endloop
  endfacet
  facet normal -1 -0 0
    outer loop
      vertex -6.20025 -2.09648 5.83491
      vertex -6.20025 -2.40802 4.70601
      vertex -6.20025 -2.17948 5.85677
    endloop
  endfacet
  facet normal -1 0 0
    outer loop
      vertex -6.20025 -2.46332 4.72058
      vertex -6.20025 -2.17948 5.85677
      vertex -6.20025 -2.40802 4.70601
    endloop
  endfacet
  facet normal -1 -0 0
    outer loop
      vertex -6.20025 -2.17948 5.85677
      vertex -6.20025 -2.46332 4.72058
      vertex -6.20025 -2.26297 5.87657
    endloop
  endfacet
  facet normal -1 0 0
    outer loop
      vertex -6.20025 -2.51895 4.73378
      vertex -6.20025 -2.26297 5.87657
      vertex -6.20025 -2.46332 4.72058
    endloop
  endfacet
  facet normal -1 -0 0
    outer loop
      vertex -6.20025 -2.26297 5.87657
      vertex -6.20025 -2.51895 4.73378
      vertex -6.20025 -2.34691 5.8943
    endloop
  endfacet
  facet normal -1 0 0
    outer loop
      vertex -6.20025 -2.57488 4.7456
      vertex -6.20025 -2.34691 5.8943
      vertex -6.20025 -2.51895 4.73378
    endloop
  endfacet
  facet normal -1 -0 0
    outer loop
      vertex -6.20025 -2.34691 5.8943
      vertex -6.20025 -2.57488 4.7456
      vertex -6.20025 -2.43128 5.90997
    endloop
  endfacet
  facet normal -1 0 0
    outer loop
      vertex -6.20025 -2.6311 4.75604
      vertex -6.20025 -2.43128 5.90997
      vertex -6.20025 -2.57488 4.7456
    endloop
  endfacet
  facet normal -1 -0 0
    outer loop
      vertex -6.20025 -2.43128 5.90997
      vertex -6.20025 -2.6311 4.75604
      vertex -6.20025 -2.51604 5.92355
    endloop
  endfacet
  facet normal -1 0 0
    outer loop
      vertex -6.20025 -2.68758 4.76509
      vertex -6.20025 -2.51604 5.92355
      vertex -6.20025 -2.6311 4.75604
    endloop
  endfacet
  facet normal -1 -0 0
    outer loop
      vertex -6.20025 -2.51604 5.92355
      vertex -6.20025 -2.68758 4.76509
      vertex -6.20025 -2.60117 5.93506
    endloop
  endfacet
  facet normal -1 0 0
    outer loop
      vertex -6.20025 -2.7443 4.77276
      vertex -6.20025 -2.60117 5.93506
      vertex -6.20025 -2.68758 4.76509
    endloop
  endfacet
  facet normal -1 -0 0
    outer loop
      vertex -6.20025 -2.60117 5.93506
      vertex -6.20025 -2.7443 4.77276
      vertex -6.20025 -2.68664 5.94448
    endloop
  endfacet
  facet normal -1 0 0
    outer loop
      vertex -6.20025 -2.80124 4.77904
      vertex -6.20025 -2.68664 5.94448
      vertex -6.20025 -2.7443 4.77276
    endloop
  endfacet
  facet normal -1 -0 0
    outer loop
      vertex -6.20025 -2.68664 5.94448
      vertex -6.20025 -2.80124 4.77904
      vertex -6.20025 -2.77242 5.95182
    endloop
  endfacet
  facet normal -1 0 0
    outer loop
      vertex -6.20025 -2.8584 4.78393
      vertex -6.20025 -2.77242 5.95182
      vertex -6.20025 -2.80124 4.77904
    endloop
  endfacet
  facet normal -1 0 0
    outer loop
      vertex -6.20025 -2.8584 4.78393
      vertex -6.20025 -2.85848 5.95706
      vertex -6.20025 -2.77242 5.95182
    endloop
  endfacet
  facet normal -1 0 0
    outer loop
      vertex -6.20025 -2.91574 4.78742
      vertex -6.20025 -2.85848 5.95706
      vertex -6.20025 -2.8584 4.78393
    endloop
  endfacet
  facet normal -1 0 0
    outer loop
      vertex -6.20025 -2.91574 4.78742
      vertex -6.20025 -2.94478 5.96021
      vertex -6.20025 -2.85848 5.95706
    endloop
  endfacet
  facet normal -1 0 0
    outer loop
      vertex -6.20025 -2.97324 4.78952
      vertex -6.20025 -2.94478 5.96021
      vertex -6.20025 -2.91574 4.78742
    endloop
  endfacet
  facet normal -1 0 0
    outer loop
      vertex -6.20025 -3.03089 4.79022
      vertex -6.20025 -2.94478 5.96021
      vertex -6.20025 -2.97324 4.78952
    endloop
  endfacet
  facet normal -1 0 0
    outer loop
      vertex -6.20025 -3.03089 4.79022
      vertex -6.20025 -3.03131 5.96127
      vertex -6.20025 -2.94478 5.96021
    endloop
  endfacet
  facet normal -1 0 0
    outer loop
      vertex -6.20025 -3.08855 4.78952
      vertex -6.20025 -3.03131 5.96127
      vertex -6.20025 -3.03089 4.79022
    endloop
  endfacet
  facet normal -1 0 0
    outer loop
      vertex -6.20025 -3.08855 4.78952
      vertex -6.20025 -3.11784 5.96021
      vertex -6.20025 -3.03131 5.96127
    endloop
  endfacet
  facet normal -1 0 0
    outer loop
      vertex -6.20025 -3.14606 4.78742
      vertex -6.20025 -3.11784 5.96021
      vertex -6.20025 -3.08855 4.78952
    endloop
  endfacet
  facet normal -1 0 0
    outer loop
      vertex -6.20025 -3.20414 5.95706
      vertex -6.20025 -3.14606 4.78742
      vertex -6.20025 -3.2034 4.78393
    endloop
  endfacet
  facet normal -1 0 0
    outer loop
      vertex -6.20025 -3.14606 4.78742
      vertex -6.20025 -3.20414 5.95706
      vertex -6.20025 -3.11784 5.96021
    endloop
  endfacet
  facet normal -1 0 0
    outer loop
      vertex -6.20025 -3.29019 5.95181
      vertex -6.20025 -3.2034 4.78393
      vertex -6.20025 -3.26055 4.77904
    endloop
  endfacet
  facet normal -1 0 0
    outer loop
      vertex -6.20025 -3.2034 4.78393
      vertex -6.20025 -3.29019 5.95181
      vertex -6.20025 -3.20414 5.95706
    endloop
  endfacet
  facet normal -1 0 0
    outer loop
      vertex -6.20025 -3.37597 5.94448
      vertex -6.20025 -3.26055 4.77904
      vertex -6.20025 -3.3175 4.77276
    endloop
  endfacet
  facet normal -1 0 0
    outer loop
      vertex -6.20025 -3.46143 5.93506
      vertex -6.20025 -3.3175 4.77276
      vertex -6.20025 -3.37422 4.76509
    endloop
  endfacet
  facet normal -1 0 0
    outer loop
      vertex -6.20025 -3.26055 4.77904
      vertex -6.20025 -3.37597 5.94448
      vertex -6.20025 -3.29019 5.95181
    endloop
  endfacet
  facet normal -1 0 0
    outer loop
      vertex -6.20025 -3.54656 5.92355
      vertex -6.20025 -3.37422 4.76509
      vertex -6.20025 -3.4307 4.75604
    endloop
  endfacet
  facet normal -1 0 0
    outer loop
      vertex -6.20025 -3.3175 4.77276
      vertex -6.20025 -3.46143 5.93506
      vertex -6.20025 -3.37597 5.94448
    endloop
  endfacet
  facet normal -1 0 0
    outer loop
      vertex -6.20025 -3.63132 5.90996
      vertex -6.20025 -3.4307 4.75604
      vertex -6.20025 -3.48691 4.74561
    endloop
  endfacet
  facet normal -1 0 0
    outer loop
      vertex -6.20025 -3.71569 5.8943
      vertex -6.20025 -3.48691 4.74561
      vertex -6.20025 -3.54284 4.73379
    endloop
  endfacet
  facet normal -1 0 0
    outer loop
      vertex -6.20025 -3.37422 4.76509
      vertex -6.20025 -3.54656 5.92355
      vertex -6.20025 -3.46143 5.93506
    endloop
  endfacet
  facet normal -1 0 0
    outer loop
      vertex -6.20025 -3.79963 5.87656
      vertex -6.20025 -3.54284 4.73379
      vertex -6.20025 -3.59847 4.7206
    endloop
  endfacet
  facet normal -1 0 0
    outer loop
      vertex -6.20025 -3.4307 4.75604
      vertex -6.20025 -3.63132 5.90996
      vertex -6.20025 -3.54656 5.92355
    endloop
  endfacet
  facet normal -1 0 0
    outer loop
      vertex -6.20025 -3.88312 5.85676
      vertex -6.20025 -3.59847 4.7206
      vertex -6.20025 -3.65377 4.70603
    endloop
  endfacet
  facet normal -1 0 0
    outer loop
      vertex -6.20025 -3.96612 5.83489
      vertex -6.20025 -3.65377 4.70603
      vertex -6.20025 -3.70873 4.69009
    endloop
  endfacet
  facet normal -1 0 0
    outer loop
      vertex -6.20025 -3.48691 4.74561
      vertex -6.20025 -3.71569 5.8943
      vertex -6.20025 -3.63132 5.90996
    endloop
  endfacet
  facet normal -1 0 0
    outer loop
      vertex -6.20025 -4.04861 5.81097
      vertex -6.20025 -3.70873 4.69009
      vertex -6.20025 -3.76333 4.67277
    endloop
  endfacet
  facet normal -1 0 0
    outer loop
      vertex -6.20025 -3.54284 4.73379
      vertex -6.20025 -3.79963 5.87656
      vertex -6.20025 -3.71569 5.8943
    endloop
  endfacet
  facet normal -1 0 0
    outer loop
      vertex -6.20025 -4.13056 5.78498
      vertex -6.20025 -3.76333 4.67277
      vertex -6.20025 -3.81755 4.65411
    endloop
  endfacet
  facet normal -1 0 0
    outer loop
      vertex -6.20025 -4.21193 5.75695
      vertex -6.20025 -3.81755 4.65411
      vertex -6.20025 -3.87137 4.63406
    endloop
  endfacet
  facet normal -1 0 0
    outer loop
      vertex -6.20025 -3.59847 4.7206
      vertex -6.20025 -3.88312 5.85676
      vertex -6.20025 -3.79963 5.87656
    endloop
  endfacet
  facet normal -1 0 0
    outer loop
      vertex -6.20025 -4.29271 5.72687
      vertex -6.20025 -3.87137 4.63406
      vertex -6.20025 -3.92477 4.61266
    endloop
  endfacet
  facet normal -1 0 0
    outer loop
      vertex -6.20025 -3.65377 4.70603
      vertex -6.20025 -3.96612 5.83489
      vertex -6.20025 -3.88312 5.85676
    endloop
  endfacet
  facet normal -1 0 0
    outer loop
      vertex -6.20025 -4.37285 5.69474
      vertex -6.20025 -3.92477 4.61266
      vertex -6.20025 -3.97767 4.58992
    endloop
  endfacet
  facet normal -1 0 0
    outer loop
      vertex -6.20025 -4.45224 5.66061
      vertex -6.20025 -3.97767 4.58992
      vertex -6.20025 -4.02995 4.5659
    endloop
  endfacet
  facet normal -1 0 0
    outer loop
      vertex -6.20025 -3.70873 4.69009
      vertex -6.20025 -4.04861 5.81097
      vertex -6.20025 -3.96612 5.83489
    endloop
  endfacet
  facet normal -1 0 0
    outer loop
      vertex -6.20025 -4.53069 5.62457
      vertex -6.20025 -4.02995 4.5659
      vertex -6.20025 -4.08157 4.54062
    endloop
  endfacet
  facet normal -1 0 0
    outer loop
      vertex -6.20025 -3.76333 4.67277
      vertex -6.20025 -4.13056 5.78498
      vertex -6.20025 -4.04861 5.81097
    endloop
  endfacet
  facet normal -1 0 0
    outer loop
      vertex -6.20025 -4.60816 5.58662
      vertex -6.20025 -4.08157 4.54062
      vertex -6.20025 -4.13252 4.51409
    endloop
  endfacet
  facet normal -1 0 0
    outer loop
      vertex -6.20025 -4.68462 5.54681
      vertex -6.20025 -4.13252 4.51409
      vertex -6.20025 -4.18278 4.48634
    endloop
  endfacet
  facet normal -1 0 0
    outer loop
      vertex -6.20025 -3.81755 4.65411
      vertex -6.20025 -4.21193 5.75695
      vertex -6.20025 -4.13056 5.78498
    endloop
  endfacet
  facet normal -1 0 0
    outer loop
      vertex -6.20025 -4.76004 5.50515
      vertex -6.20025 -4.18278 4.48634
      vertex -6.20025 -4.23232 4.45737
    endloop
  endfacet
  facet normal -1 0 0
    outer loop
      vertex -6.20025 -4.83439 5.46167
      vertex -6.20025 -4.23232 4.45737
      vertex -6.20025 -4.28112 4.42721
    endloop
  endfacet
  facet normal -1 0 0
    outer loop
      vertex -6.20025 -3.87137 4.63406
      vertex -6.20025 -4.29271 5.72687
      vertex -6.20025 -4.21193 5.75695
    endloop
  endfacet
  facet normal -1 0 0
    outer loop
      vertex -6.20025 -4.90763 5.4164
      vertex -6.20025 -4.28112 4.42721
      vertex -6.20025 -4.32916 4.39586
    endloop
  endfacet
  facet normal -1 0 0
    outer loop
      vertex -6.20025 -3.92477 4.61266
      vertex -6.20025 -4.37285 5.69474
      vertex -6.20025 -4.29271 5.72687
    endloop
  endfacet
  facet normal -1 0 0
    outer loop
      vertex -6.20025 -4.97973 5.36935
      vertex -6.20025 -4.32916 4.39586
      vertex -6.20025 -4.37642 4.36335
    endloop
  endfacet
  facet normal -1 0 0
    outer loop
      vertex -6.20025 -5.05066 5.32055
      vertex -6.20025 -4.37642 4.36335
      vertex -6.20025 -4.42287 4.3297
    endloop
  endfacet
  facet normal -1 0 0
    outer loop
      vertex -6.20025 -3.97767 4.58992
      vertex -6.20025 -4.45224 5.66061
      vertex -6.20025 -4.37285 5.69474
    endloop
  endfacet
  facet normal -1 0 0
    outer loop
      vertex -6.20025 -5.12038 5.27004
      vertex -6.20025 -4.42287 4.3297
      vertex -6.20025 -4.4685 4.29491
    endloop
  endfacet
  facet normal -1 0 0
    outer loop
      vertex -6.20025 -5.18887 5.21782
      vertex -6.20025 -4.4685 4.29491
      vertex -6.20025 -4.51328 4.25902
    endloop
  endfacet
  facet normal -1 0 0
    outer loop
      vertex -6.20025 -4.02995 4.5659
      vertex -6.20025 -4.53069 5.62457
      vertex -6.20025 -4.45224 5.66061
    endloop
  endfacet
  facet normal -1 0 0
    outer loop
      vertex -6.20025 -5.25608 5.16393
      vertex -6.20025 -4.51328 4.25902
      vertex -6.20025 -4.55719 4.22202
    endloop
  endfacet
  facet normal -1 0 0
    outer loop
      vertex -6.20025 -5.32199 5.1084
      vertex -6.20025 -4.55719 4.22202
      vertex -6.20025 -4.60022 4.18395
    endloop
  endfacet
  facet normal -1 0 0
    outer loop
      vertex -6.20025 -4.08157 4.54062
      vertex -6.20025 -4.60816 5.58662
      vertex -6.20025 -4.53069 5.62457
    endloop
  endfacet
  facet normal -1 0 0
    outer loop
      vertex -6.20025 -5.38657 5.05125
      vertex -6.20025 -4.60022 4.18395
      vertex -6.20025 -4.64233 4.14481
    endloop
  endfacet
  facet normal -1 0 0
    outer loop
      vertex -6.20025 -5.44978 4.99249
      vertex -6.20025 -4.64233 4.14481
      vertex -6.20025 -4.6835 4.10464
    endloop
  endfacet
  facet normal -1 0 0
    outer loop
      vertex -6.20025 -4.13252 4.51409
      vertex -6.20025 -4.68462 5.54681
      vertex -6.20025 -4.60816 5.58662
    endloop
  endfacet
  facet normal -1 0 0
    outer loop
      vertex -6.20025 -5.51159 4.93217
      vertex -6.20025 -4.6835 4.10464
      vertex -6.20025 -4.7237 4.06345
    endloop
  endfacet
  facet normal -1 0 0
    outer loop
      vertex -6.20025 -4.18278 4.48634
      vertex -6.20025 -4.76004 5.50515
      vertex -6.20025 -4.68462 5.54681
    endloop
  endfacet
  facet normal -1 0 0
    outer loop
      vertex -6.20025 -5.57189 4.87037
      vertex -6.20025 -4.7237 4.06345
      vertex -6.20025 -4.76285 4.02133
    endloop
  endfacet
  facet normal -1 0 0
    outer loop
      vertex -6.20025 -5.63062 4.80717
      vertex -6.20025 -4.76285 4.02133
      vertex -6.20025 -4.80093 3.9783
    endloop
  endfacet
  facet normal -1 0 0
    outer loop
      vertex -6.20025 -4.23232 4.45737
      vertex -6.20025 -4.83439 5.46167
      vertex -6.20025 -4.76004 5.50515
    endloop
  endfacet
  facet normal -1 0 0
    outer loop
      vertex -6.20025 -5.68775 4.74259
      vertex -6.20025 -4.80093 3.9783
      vertex -6.20025 -4.83793 3.93437
    endloop
  endfacet
  facet normal -1 0 0
    outer loop
      vertex -6.20025 -5.74327 4.67669
      vertex -6.20025 -4.83793 3.93437
      vertex -6.20025 -4.87383 3.88959
    endloop
  endfacet
  facet normal -1 0 0
    outer loop
      vertex -6.20025 -4.28112 4.42721
      vertex -6.20025 -4.90763 5.4164
      vertex -6.20025 -4.83439 5.46167
    endloop
  endfacet
  facet normal -1 0 0
    outer loop
      vertex -6.20025 -5.79714 4.60948
      vertex -6.20025 -4.87383 3.88959
      vertex -6.20025 -4.90862 3.84395
    endloop
  endfacet
  facet normal -1 0 0
    outer loop
      vertex -6.20025 -5.84934 4.54099
      vertex -6.20025 -4.90862 3.84395
      vertex -6.20025 -4.94228 3.79749
    endloop
  endfacet
  facet normal -1 0 0
    outer loop
      vertex -6.20025 -5.89984 4.47128
      vertex -6.20025 -4.94228 3.79749
      vertex -6.20025 -4.97479 3.75023
    endloop
  endfacet
  facet normal -1 0 0
    outer loop
      vertex -6.20025 -4.32916 4.39586
      vertex -6.20025 -4.97973 5.36935
      vertex -6.20025 -4.90763 5.4164
    endloop
  endfacet
  facet normal -1 0 0
    outer loop
      vertex -6.20025 -5.94862 4.40035
      vertex -6.20025 -4.97479 3.75023
      vertex -6.20025 -5.00614 3.70219
    endloop
  endfacet
  facet normal -1 0 0
    outer loop
      vertex -6.20025 -5.99566 4.32825
      vertex -6.20025 -5.00614 3.70219
      vertex -6.20025 -5.03631 3.65338
    endloop
  endfacet
  facet normal -1 0 0
    outer loop
      vertex -6.20025 -4.37642 4.36335
      vertex -6.20025 -5.05066 5.32055
      vertex -6.20025 -4.97973 5.36935
    endloop
  endfacet
  facet normal -1 0 0
    outer loop
      vertex -6.20025 -6.04093 4.25501
      vertex -6.20025 -5.03631 3.65338
      vertex -6.20025 -5.06528 3.60384
    endloop
  endfacet
  facet normal -1 0 0
    outer loop
      vertex -6.20025 -6.0844 4.18066
      vertex -6.20025 -5.06528 3.60384
      vertex -6.20025 -5.09303 3.55358
    endloop
  endfacet
  facet normal -1 0 0
    outer loop
      vertex -6.20025 -6.12605 4.10523
      vertex -6.20025 -5.09303 3.55358
      vertex -6.20025 -5.11956 3.50263
    endloop
  endfacet
  facet normal -1 0 0
    outer loop
      vertex -6.20025 -4.42287 4.3297
      vertex -6.20025 -5.12038 5.27004
      vertex -6.20025 -5.05066 5.32055
    endloop
  endfacet
  facet normal -1 0 0
    outer loop
      vertex -6.20025 -6.16586 4.02877
      vertex -6.20025 -5.11956 3.50263
      vertex -6.20025 -5.14484 3.45101
    endloop
  endfacet
  facet normal -1 0 0
    outer loop
      vertex -6.20025 -6.2038 3.95129
      vertex -6.20025 -5.14484 3.45101
      vertex -6.20025 -5.16886 3.39874
    endloop
  endfacet
  facet normal -1 0 0
    outer loop
      vertex -6.20025 -4.4685 4.29491
      vertex -6.20025 -5.18887 5.21782
      vertex -6.20025 -5.12038 5.27004
    endloop
  endfacet
  facet normal -1 0 0
    outer loop
      vertex -6.20025 -6.23984 3.87283
      vertex -6.20025 -5.16886 3.39874
      vertex -6.20025 -5.1916 3.34584
    endloop
  endfacet
  facet normal -1 0 0
    outer loop
      vertex -6.20025 -6.27397 3.79344
      vertex -6.20025 -5.1916 3.34584
      vertex -6.20025 -5.213 3.29244
    endloop
  endfacet
  facet normal -1 0 0
    outer loop
      vertex -6.20025 -6.30608 3.7133
      vertex -6.20025 -5.213 3.29244
      vertex -6.20025 -5.23305 3.23862
    endloop
  endfacet
  facet normal -1 0 0
    outer loop
      vertex -6.20025 -6.33616 3.63253
      vertex -6.20025 -5.23305 3.23862
      vertex -6.20025 -5.25173 3.18439
    endloop
  endfacet
  facet normal -1 0 0
    outer loop
      vertex -6.20025 -4.51328 4.25902
      vertex -6.20025 -5.25608 5.16393
      vertex -6.20025 -5.18887 5.21782
    endloop
  endfacet
  facet normal -1 0 0
    outer loop
      vertex -6.20025 -6.36418 3.55116
      vertex -6.20025 -5.25173 3.18439
      vertex -6.20025 -5.26904 3.12978
    endloop
  endfacet
  facet normal -1 0 0
    outer loop
      vertex -6.20025 -6.39016 3.46922
      vertex -6.20025 -5.26904 3.12978
      vertex -6.20025 -5.28498 3.07482
    endloop
  endfacet
  facet normal -1 0 0
    outer loop
      vertex -6.20025 -6.41408 3.38673
      vertex -6.20025 -5.28498 3.07482
      vertex -6.20025 -5.29955 3.01952
    endloop
  endfacet
  facet normal -1 0 0
    outer loop
      vertex -6.20025 -6.43594 3.30373
      vertex -6.20025 -5.29955 3.01952
      vertex -6.20025 -5.31274 2.96388
    endloop
  endfacet
  facet normal -1 0 0
    outer loop
      vertex -6.20025 -4.55719 4.22202
      vertex -6.20025 -5.32199 5.1084
      vertex -6.20025 -5.25608 5.16393
    endloop
  endfacet
  facet normal -1 0 0
    outer loop
      vertex -6.20025 -6.45574 3.22025
      vertex -6.20025 -5.31274 2.96388
      vertex -6.20025 -5.32456 2.90794
    endloop
  endfacet
  facet normal -1 0 0
    outer loop
      vertex -6.20025 -6.47347 3.13632
      vertex -6.20025 -5.32456 2.90794
      vertex -6.20025 -5.335 2.85174
    endloop
  endfacet
  facet normal -1 0 0
    outer loop
      vertex -6.20025 -6.48914 3.05195
      vertex -6.20025 -5.335 2.85174
      vertex -6.20025 -5.34405 2.79526
    endloop
  endfacet
  facet normal -1 0 0
    outer loop
      vertex -6.20025 -6.50272 2.96719
      vertex -6.20025 -5.34405 2.79526
      vertex -6.20025 -5.35172 2.73853
    endloop
  endfacet
  facet normal -1 0 0
    outer loop
      vertex -6.20025 -6.51423 2.88206
      vertex -6.20025 -5.35172 2.73853
      vertex -6.20025 -5.358 2.68159
    endloop
  endfacet
  facet normal -1 0 0
    outer loop
      vertex -6.20025 -6.52365 2.79659
      vertex -6.20025 -5.358 2.68159
      vertex -6.20025 -5.36289 2.62443
    endloop
  endfacet
  facet normal -1 0 0
    outer loop
      vertex -6.20025 -6.53099 2.71082
      vertex -6.20025 -5.36289 2.62443
      vertex -6.20025 -5.36638 2.56709
    endloop
  endfacet
  facet normal -1 0 0
    outer loop
      vertex -6.20025 -6.53623 2.62476
      vertex -6.20025 -5.36638 2.56709
      vertex -6.20025 -5.36848 2.50958
    endloop
  endfacet
  facet normal -1 0 0
    outer loop
      vertex -6.20025 -4.60022 4.18395
      vertex -6.20025 -5.38657 5.05125
      vertex -6.20025 -5.32199 5.1084
    endloop
  endfacet
  facet normal -1 0 0
    outer loop
      vertex -6.20025 -6.53938 2.53846
      vertex -6.20025 -5.36848 2.50958
      vertex -6.20025 -5.36918 2.45194
    endloop
  endfacet
  facet normal -1 -0 0
    outer loop
      vertex -6.20025 -5.16887 1.50519
      vertex -6.20025 -6.23982 1.03095
      vertex -6.20025 -5.19161 1.55809
    endloop
  endfacet
  facet normal -1 0 0
    outer loop
      vertex -6.20025 -6.27394 1.11034
      vertex -6.20025 -5.19161 1.55809
      vertex -6.20025 -6.23982 1.03095
    endloop
  endfacet
  facet normal -1 0 0
    outer loop
      vertex -6.20025 -4.64233 4.14481
      vertex -6.20025 -5.44978 4.99249
      vertex -6.20025 -5.38657 5.05125
    endloop
  endfacet
  facet normal -1 -0 0
    outer loop
      vertex -6.20025 -5.19161 1.55809
      vertex -6.20025 -6.27394 1.11034
      vertex -6.20025 -5.21301 1.61149
    endloop
  endfacet
  facet normal -1 0 0
    outer loop
      vertex -6.20025 -4.6835 4.10464
      vertex -6.20025 -5.51159 4.93217
      vertex -6.20025 -5.44978 4.99249
    endloop
  endfacet
  facet normal -1 0 0
    outer loop
      vertex -6.20025 -6.30607 1.19049
      vertex -6.20025 -5.21301 1.61149
      vertex -6.20025 -6.27394 1.11034
    endloop
  endfacet
  facet normal -1 0 0
    outer loop
      vertex -6.20025 -4.7237 4.06345
      vertex -6.20025 -5.57189 4.87037
      vertex -6.20025 -5.51159 4.93217
    endloop
  endfacet
  facet normal -1 -0 0
    outer loop
      vertex -6.20025 -5.21301 1.61149
      vertex -6.20025 -6.30607 1.19049
      vertex -6.20025 -5.23306 1.6653
    endloop
  endfacet
  facet normal -1 0 0
    outer loop
      vertex -6.20025 -4.76285 4.02133
      vertex -6.20025 -5.63062 4.80717
      vertex -6.20025 -5.57189 4.87037
    endloop
  endfacet
  facet normal -1 0 0
    outer loop
      vertex -6.20025 -6.33614 1.27127
      vertex -6.20025 -5.23306 1.6653
      vertex -6.20025 -6.30607 1.19049
    endloop
  endfacet
  facet normal -1 0 0
    outer loop
      vertex -6.20025 -4.80093 3.9783
      vertex -6.20025 -5.68775 4.74259
      vertex -6.20025 -5.63062 4.80717
    endloop
  endfacet
  facet normal -1 -0 0
    outer loop
      vertex -6.20025 -5.23306 1.6653
      vertex -6.20025 -6.33614 1.27127
      vertex -6.20025 -5.25173 1.71952
    endloop
  endfacet
  facet normal -1 0 0
    outer loop
      vertex -6.20025 -4.83793 3.93437
      vertex -6.20025 -5.74327 4.67669
      vertex -6.20025 -5.68775 4.74259
    endloop
  endfacet
  facet normal -1 0 0
    outer loop
      vertex -6.20025 -6.36417 1.35265
      vertex -6.20025 -5.25173 1.71952
      vertex -6.20025 -6.33614 1.27127
    endloop
  endfacet
  facet normal -1 0 0
    outer loop
      vertex -6.20025 -4.87383 3.88959
      vertex -6.20025 -5.79714 4.60948
      vertex -6.20025 -5.74327 4.67669
    endloop
  endfacet
  facet normal -1 -0 0
    outer loop
      vertex -6.20025 -5.25173 1.71952
      vertex -6.20025 -6.36417 1.35265
      vertex -6.20025 -5.26904 1.77412
    endloop
  endfacet
  facet normal -1 0 0
    outer loop
      vertex -6.20025 -4.90862 3.84395
      vertex -6.20025 -5.84934 4.54099
      vertex -6.20025 -5.79714 4.60948
    endloop
  endfacet
  facet normal -1 0 0
    outer loop
      vertex -6.20025 -6.39015 1.4346
      vertex -6.20025 -5.26904 1.77412
      vertex -6.20025 -6.36417 1.35265
    endloop
  endfacet
  facet normal -1 0 0
    outer loop
      vertex -6.20025 -4.94228 3.79749
      vertex -6.20025 -5.89984 4.47128
      vertex -6.20025 -5.84934 4.54099
    endloop
  endfacet
  facet normal -1 -0 0
    outer loop
      vertex -6.20025 -5.26904 1.77412
      vertex -6.20025 -6.39015 1.4346
      vertex -6.20025 -5.28498 1.82908
    endloop
  endfacet
  facet normal -1 0 0
    outer loop
      vertex -6.20025 -4.97479 3.75023
      vertex -6.20025 -5.94862 4.40035
      vertex -6.20025 -5.89984 4.47128
    endloop
  endfacet
  facet normal -1 0 0
    outer loop
      vertex -6.20025 -6.41408 1.51709
      vertex -6.20025 -5.28498 1.82908
      vertex -6.20025 -6.39015 1.4346
    endloop
  endfacet
  facet normal -1 0 0
    outer loop
      vertex -6.20025 -5.00614 3.70219
      vertex -6.20025 -5.99566 4.32825
      vertex -6.20025 -5.94862 4.40035
    endloop
  endfacet
  facet normal -1 -0 0
    outer loop
      vertex -6.20025 -5.28498 1.82908
      vertex -6.20025 -6.41408 1.51709
      vertex -6.20025 -5.29955 1.88438
    endloop
  endfacet
  facet normal -1 0 0
    outer loop
      vertex -6.20025 -5.03631 3.65338
      vertex -6.20025 -6.04093 4.25501
      vertex -6.20025 -5.99566 4.32825
    endloop
  endfacet
  facet normal -1 0 0
    outer loop
      vertex -6.20025 -6.43594 1.6001
      vertex -6.20025 -5.29955 1.88438
      vertex -6.20025 -6.41408 1.51709
    endloop
  endfacet
  facet normal -1 0 0
    outer loop
      vertex -6.20025 -5.06528 3.60384
      vertex -6.20025 -6.0844 4.18066
      vertex -6.20025 -6.04093 4.25501
    endloop
  endfacet
  facet normal -1 -0 0
    outer loop
      vertex -6.20025 -5.29955 1.88438
      vertex -6.20025 -6.43594 1.6001
      vertex -6.20025 -5.31275 1.94
    endloop
  endfacet
  facet normal -1 0 0
    outer loop
      vertex -6.20025 -5.09303 3.55358
      vertex -6.20025 -6.12605 4.10523
      vertex -6.20025 -6.0844 4.18066
    endloop
  endfacet
  facet normal -1 0 0
    outer loop
      vertex -6.20025 -6.45574 1.68359
      vertex -6.20025 -5.31275 1.94
      vertex -6.20025 -6.43594 1.6001
    endloop
  endfacet
  facet normal -1 0 0
    outer loop
      vertex -6.20025 -5.11956 3.50263
      vertex -6.20025 -6.16586 4.02877
      vertex -6.20025 -6.12605 4.10523
    endloop
  endfacet
  facet normal -1 -0 0
    outer loop
      vertex -6.20025 -5.31275 1.94
      vertex -6.20025 -6.45574 1.68359
      vertex -6.20025 -5.32456 1.99593
    endloop
  endfacet
  facet normal -1 0 0
    outer loop
      vertex -6.20025 -5.14484 3.45101
      vertex -6.20025 -6.2038 3.95129
      vertex -6.20025 -6.16586 4.02877
    endloop
  endfacet
  facet normal -1 0 0
    outer loop
      vertex -6.20025 -6.47347 1.76753
      vertex -6.20025 -5.32456 1.99593
      vertex -6.20025 -6.45574 1.68359
    endloop
  endfacet
  facet normal -1 0 0
    outer loop
      vertex -6.20025 -5.16886 3.39874
      vertex -6.20025 -6.23984 3.87283
      vertex -6.20025 -6.2038 3.95129
    endloop
  endfacet
  facet normal -1 -0 0
    outer loop
      vertex -6.20025 -5.32456 1.99593
      vertex -6.20025 -6.47347 1.76753
      vertex -6.20025 -5.335 2.05214
    endloop
  endfacet
  facet normal -1 0 0
    outer loop
      vertex -6.20025 -5.1916 3.34584
      vertex -6.20025 -6.27397 3.79344
      vertex -6.20025 -6.23984 3.87283
    endloop
  endfacet
  facet normal -1 0 0
    outer loop
      vertex -6.20025 -6.48913 1.85191
      vertex -6.20025 -5.335 2.05214
      vertex -6.20025 -6.47347 1.76753
    endloop
  endfacet
  facet normal -1 0 0
    outer loop
      vertex -6.20025 -5.213 3.29244
      vertex -6.20025 -6.30608 3.7133
      vertex -6.20025 -6.27397 3.79344
    endloop
  endfacet
  facet normal -1 -0 0
    outer loop
      vertex -6.20025 -5.335 2.05214
      vertex -6.20025 -6.48913 1.85191
      vertex -6.20025 -5.34405 2.10862
    endloop
  endfacet
  facet normal -1 0 0
    outer loop
      vertex -6.20025 -5.23305 3.23862
      vertex -6.20025 -6.33616 3.63253
      vertex -6.20025 -6.30608 3.7133
    endloop
  endfacet
  facet normal -1 0 0
    outer loop
      vertex -6.20025 -6.50272 1.93667
      vertex -6.20025 -5.34405 2.10862
      vertex -6.20025 -6.48913 1.85191
    endloop
  endfacet
  facet normal -1 0 0
    outer loop
      vertex -6.20025 -5.25173 3.18439
      vertex -6.20025 -6.36418 3.55116
      vertex -6.20025 -6.33616 3.63253
    endloop
  endfacet
  facet normal -1 -0 0
    outer loop
      vertex -6.20025 -5.34405 2.10862
      vertex -6.20025 -6.50272 1.93667
      vertex -6.20025 -5.35172 2.16534
    endloop
  endfacet
  facet normal -1 0 0
    outer loop
      vertex -6.20025 -5.26904 3.12978
      vertex -6.20025 -6.39016 3.46922
      vertex -6.20025 -6.36418 3.55116
    endloop
  endfacet
  facet normal -1 0 0
    outer loop
      vertex -6.20025 -6.51423 2.0218
      vertex -6.20025 -5.35172 2.16534
      vertex -6.20025 -6.50272 1.93667
    endloop
  endfacet
  facet normal -1 0 0
    outer loop
      vertex -6.20025 -5.28498 3.07482
      vertex -6.20025 -6.41408 3.38673
      vertex -6.20025 -6.39016 3.46922
    endloop
  endfacet
  facet normal -1 -0 0
    outer loop
      vertex -6.20025 -5.35172 2.16534
      vertex -6.20025 -6.51423 2.0218
      vertex -6.20025 -5.358 2.22228
    endloop
  endfacet
  facet normal -1 0 0
    outer loop
      vertex -6.20025 -5.29955 3.01952
      vertex -6.20025 -6.43594 3.30373
      vertex -6.20025 -6.41408 3.38673
    endloop
  endfacet
  facet normal -1 0 0
    outer loop
      vertex -6.20025 -6.52365 2.10727
      vertex -6.20025 -5.358 2.22228
      vertex -6.20025 -6.51423 2.0218
    endloop
  endfacet
  facet normal -1 0 0
    outer loop
      vertex -6.20025 -5.31274 2.96388
      vertex -6.20025 -6.45574 3.22025
      vertex -6.20025 -6.43594 3.30373
    endloop
  endfacet
  facet normal -1 -0 0
    outer loop
      vertex -6.20025 -5.358 2.22228
      vertex -6.20025 -6.52365 2.10727
      vertex -6.20025 -5.36289 2.27943
    endloop
  endfacet
  facet normal -1 0 0
    outer loop
      vertex -6.20025 -5.32456 2.90794
      vertex -6.20025 -6.47347 3.13632
      vertex -6.20025 -6.45574 3.22025
    endloop
  endfacet
  facet normal -1 0 0
    outer loop
      vertex -6.20025 -6.53099 2.19305
      vertex -6.20025 -5.36289 2.27943
      vertex -6.20025 -6.52365 2.10727
    endloop
  endfacet
  facet normal -1 0 0
    outer loop
      vertex -6.20025 -5.335 2.85174
      vertex -6.20025 -6.48914 3.05195
      vertex -6.20025 -6.47347 3.13632
    endloop
  endfacet
  facet normal -1 -0 0
    outer loop
      vertex -6.20025 -5.36289 2.27943
      vertex -6.20025 -6.53099 2.19305
      vertex -6.20025 -5.36638 2.33678
    endloop
  endfacet
  facet normal -1 0 0
    outer loop
      vertex -6.20025 -5.34405 2.79526
      vertex -6.20025 -6.50272 2.96719
      vertex -6.20025 -6.48914 3.05195
    endloop
  endfacet
  facet normal -1 0 0
    outer loop
      vertex -6.20025 -6.53623 2.2791
      vertex -6.20025 -5.36638 2.33678
      vertex -6.20025 -6.53099 2.19305
    endloop
  endfacet
  facet normal -1 0 0
    outer loop
      vertex -6.20025 -5.35172 2.73853
      vertex -6.20025 -6.51423 2.88206
      vertex -6.20025 -6.50272 2.96719
    endloop
  endfacet
  facet normal -1 -0 0
    outer loop
      vertex -6.20025 -5.36638 2.33678
      vertex -6.20025 -6.53623 2.2791
      vertex -6.20025 -5.36848 2.39429
    endloop
  endfacet
  facet normal -1 0 0
    outer loop
      vertex -6.20025 -5.358 2.68159
      vertex -6.20025 -6.52365 2.79659
      vertex -6.20025 -6.51423 2.88206
    endloop
  endfacet
  facet normal -1 0 0
    outer loop
      vertex -6.20025 -6.53938 2.3654
      vertex -6.20025 -5.36848 2.39429
      vertex -6.20025 -6.53623 2.2791
    endloop
  endfacet
  facet normal -1 0 0
    outer loop
      vertex -6.20025 -5.36289 2.62443
      vertex -6.20025 -6.53099 2.71082
      vertex -6.20025 -6.52365 2.79659
    endloop
  endfacet
  facet normal -1 0 0
    outer loop
      vertex -6.20025 -5.36638 2.56709
      vertex -6.20025 -6.53623 2.62476
      vertex -6.20025 -6.53099 2.71082
    endloop
  endfacet
  facet normal -1 -0 0
    outer loop
      vertex -6.20025 -5.36848 2.39429
      vertex -6.20025 -6.53938 2.3654
      vertex -6.20025 -5.36918 2.45194
    endloop
  endfacet
  facet normal -1 0 0
    outer loop
      vertex -6.20025 -5.36848 2.50958
      vertex -6.20025 -6.53938 2.53846
      vertex -6.20025 -6.53623 2.62476
    endloop
  endfacet
  facet normal -1 0 0
    outer loop
      vertex -6.20025 -6.54043 2.45194
      vertex -6.20025 -5.36918 2.45194
      vertex -6.20025 -6.53938 2.3654
    endloop
  endfacet
  facet normal -1 0 0
    outer loop
      vertex -6.20025 -5.36918 2.45194
      vertex -6.20025 -6.54043 2.45194
      vertex -6.20025 -6.53938 2.53846
    endloop
  endfacet
  facet normal -1 0 0
    outer loop
      vertex -6.20025 4.20437 -4.86722
      vertex -6.20025 4.63719 -5.36374
      vertex -6.20025 4.59542 -5.40185
    endloop
  endfacet
  facet normal -1 0 0
    outer loop
      vertex -6.20025 4.63719 -5.36374
      vertex -6.20025 4.58373 -4.36848
      vertex -6.20025 4.62451 -4.28822
    endloop
  endfacet
  facet normal -1 0 0
    outer loop
      vertex -6.20025 4.13781 -4.92779
      vertex -6.20025 4.59542 -5.40185
      vertex -6.20025 4.55288 -5.43904
    endloop
  endfacet
  facet normal -1 0 0
    outer loop
      vertex -6.20025 4.63719 -5.36374
      vertex -6.20025 4.53945 -4.44673
      vertex -6.20025 4.58373 -4.36848
    endloop
  endfacet
  facet normal -1 0 0
    outer loop
      vertex -6.20025 4.13781 -4.92779
      vertex -6.20025 4.55288 -5.43904
      vertex -6.20025 4.50957 -5.4753
    endloop
  endfacet
  facet normal -1 0 0
    outer loop
      vertex -6.20025 4.63719 -5.36374
      vertex -6.20025 4.49175 -4.52286
      vertex -6.20025 4.53945 -4.44673
    endloop
  endfacet
  facet normal -1 0 0
    outer loop
      vertex -6.20025 4.06873 -4.98508
      vertex -6.20025 4.50957 -5.4753
      vertex -6.20025 4.46552 -5.51062
    endloop
  endfacet
  facet normal -1 0 0
    outer loop
      vertex -6.20025 4.63719 -5.36374
      vertex -6.20025 4.44069 -4.59674
      vertex -6.20025 4.49175 -4.52286
    endloop
  endfacet
  facet normal -1 0 0
    outer loop
      vertex -6.20025 4.06873 -4.98508
      vertex -6.20025 4.46552 -5.51062
      vertex -6.20025 4.42075 -5.54497
    endloop
  endfacet
  facet normal -1 0 0
    outer loop
      vertex -6.20025 4.63719 -5.36374
      vertex -6.20025 4.38636 -4.66824
      vertex -6.20025 4.44069 -4.59674
    endloop
  endfacet
  facet normal -1 0 0
    outer loop
      vertex -6.20025 3.99722 -5.03904
      vertex -6.20025 4.42075 -5.54497
      vertex -6.20025 4.37526 -5.57837
    endloop
  endfacet
  facet normal -1 0 0
    outer loop
      vertex -6.20025 3.99722 -5.03904
      vertex -6.20025 4.37526 -5.57837
      vertex -6.20025 4.32907 -5.61078
    endloop
  endfacet
  facet normal -1 0 0
    outer loop
      vertex -6.20025 4.63719 -5.36374
      vertex -6.20025 4.32881 -4.73724
      vertex -6.20025 4.38636 -4.66824
    endloop
  endfacet
  facet normal -1 0 0
    outer loop
      vertex -6.20025 3.92336 -5.08962
      vertex -6.20025 4.32907 -5.61078
      vertex -6.20025 4.28221 -5.6422
    endloop
  endfacet
  facet normal -1 0 0
    outer loop
      vertex -6.20025 4.63719 -5.36374
      vertex -6.20025 4.26812 -4.8036
      vertex -6.20025 4.32881 -4.73724
    endloop
  endfacet
  facet normal -1 0 0
    outer loop
      vertex -6.20025 3.92336 -5.08962
      vertex -6.20025 4.28221 -5.6422
      vertex -6.20025 4.23468 -5.6726
    endloop
  endfacet
  facet normal -1 0 0
    outer loop
      vertex -6.20025 4.63719 -5.36374
      vertex -6.20025 4.20437 -4.86722
      vertex -6.20025 4.26812 -4.8036
    endloop
  endfacet
  facet normal -1 0 0
    outer loop
      vertex -6.20025 3.84723 -5.13676
      vertex -6.20025 4.23468 -5.6726
      vertex -6.20025 4.18651 -5.702
    endloop
  endfacet
  facet normal -1 0 0
    outer loop
      vertex -6.20025 4.59542 -5.40185
      vertex -6.20025 4.13781 -4.92779
      vertex -6.20025 4.20437 -4.86722
    endloop
  endfacet
  facet normal -1 0 0
    outer loop
      vertex -6.20025 3.84723 -5.13676
      vertex -6.20025 4.18651 -5.702
      vertex -6.20025 4.13771 -5.73035
    endloop
  endfacet
  facet normal -1 0 0
    outer loop
      vertex -6.20025 3.76894 -5.18043
      vertex -6.20025 4.13771 -5.73035
      vertex -6.20025 4.08829 -5.75767
    endloop
  endfacet
  facet normal -1 0 0
    outer loop
      vertex -6.20025 4.50957 -5.4753
      vertex -6.20025 4.06873 -4.98508
      vertex -6.20025 4.13781 -4.92779
    endloop
  endfacet
  facet normal -1 0 0
    outer loop
      vertex -6.20025 3.76894 -5.18043
      vertex -6.20025 4.08829 -5.75767
      vertex -6.20025 4.03828 -5.78394
    endloop
  endfacet
  facet normal -1 0 0
    outer loop
      vertex -6.20025 4.42075 -5.54497
      vertex -6.20025 3.99722 -5.03904
      vertex -6.20025 4.06873 -4.98508
    endloop
  endfacet
  facet normal -1 0 0
    outer loop
      vertex -6.20025 3.68856 -5.22057
      vertex -6.20025 4.03828 -5.78394
      vertex -6.20025 3.98768 -5.80913
    endloop
  endfacet
  facet normal -1 0 0
    outer loop
      vertex -6.20025 3.68856 -5.22057
      vertex -6.20025 3.98768 -5.80913
      vertex -6.20025 3.93652 -5.83325
    endloop
  endfacet
  facet normal -1 0 0
    outer loop
      vertex -6.20025 4.32907 -5.61078
      vertex -6.20025 3.92336 -5.08962
      vertex -6.20025 3.99722 -5.03904
    endloop
  endfacet
  facet normal -1 0 0
    outer loop
      vertex -6.20025 3.60619 -5.25711
      vertex -6.20025 3.93652 -5.83325
      vertex -6.20025 3.88482 -5.85628
    endloop
  endfacet
  facet normal -1 0 0
    outer loop
      vertex -6.20025 4.23468 -5.6726
      vertex -6.20025 3.84723 -5.13676
      vertex -6.20025 3.92336 -5.08962
    endloop
  endfacet
  facet normal -1 0 0
    outer loop
      vertex -6.20025 3.60619 -5.25711
      vertex -6.20025 3.88482 -5.85628
      vertex -6.20025 3.83259 -5.87819
    endloop
  endfacet
  facet normal -1 0 0
    outer loop
      vertex -6.20025 3.56097 -5.27531
      vertex -6.20025 3.83259 -5.87819
      vertex -6.20025 3.77997 -5.89894
    endloop
  endfacet
  facet normal -1 0 0
    outer loop
      vertex -6.20025 4.13771 -5.73035
      vertex -6.20025 3.76894 -5.18043
      vertex -6.20025 3.84723 -5.13676
    endloop
  endfacet
  facet normal -1 0 0
    outer loop
      vertex -6.20025 3.5154 -5.29237
      vertex -6.20025 3.77997 -5.89894
      vertex -6.20025 3.72698 -5.91853
    endloop
  endfacet
  facet normal -1 0 0
    outer loop
      vertex -6.20025 4.03828 -5.78394
      vertex -6.20025 3.68856 -5.22057
      vertex -6.20025 3.76894 -5.18043
    endloop
  endfacet
  facet normal -1 0 0
    outer loop
      vertex -6.20025 3.46952 -5.30827
      vertex -6.20025 3.72698 -5.91853
      vertex -6.20025 3.67366 -5.93694
    endloop
  endfacet
  facet normal -1 0 0
    outer loop
      vertex -6.20025 3.46952 -5.30827
      vertex -6.20025 3.67366 -5.93694
      vertex -6.20025 3.62001 -5.95419
    endloop
  endfacet
  facet normal -1 0 0
    outer loop
      vertex -6.20025 3.93652 -5.83325
      vertex -6.20025 3.60619 -5.25711
      vertex -6.20025 3.68856 -5.22057
    endloop
  endfacet
  facet normal -1 0 0
    outer loop
      vertex -6.20025 3.42332 -5.32304
      vertex -6.20025 3.62001 -5.95419
      vertex -6.20025 3.56605 -5.97024
    endloop
  endfacet
  facet normal -1 0 0
    outer loop
      vertex -6.20025 3.83259 -5.87819
      vertex -6.20025 3.56097 -5.27531
      vertex -6.20025 3.60619 -5.25711
    endloop
  endfacet
  facet normal -1 0 0
    outer loop
      vertex -6.20025 3.77997 -5.89894
      vertex -6.20025 3.5154 -5.29237
      vertex -6.20025 3.56097 -5.27531
    endloop
  endfacet
  facet normal -1 0 0
    outer loop
      vertex -6.20025 3.37684 -5.33665
      vertex -6.20025 3.56605 -5.97024
      vertex -6.20025 3.51178 -5.98513
    endloop
  endfacet
  facet normal -1 0 0
    outer loop
      vertex -6.20025 3.72698 -5.91853
      vertex -6.20025 3.46952 -5.30827
      vertex -6.20025 3.5154 -5.29237
    endloop
  endfacet
  facet normal -1 0 0
    outer loop
      vertex -6.20025 3.33008 -5.34911
      vertex -6.20025 3.51178 -5.98513
      vertex -6.20025 3.45723 -5.99884
    endloop
  endfacet
  facet normal -1 0 0
    outer loop
      vertex -6.20025 3.62001 -5.95419
      vertex -6.20025 3.42332 -5.32304
      vertex -6.20025 3.46952 -5.30827
    endloop
  endfacet
  facet normal -1 0 0
    outer loop
      vertex -6.20025 3.28306 -5.3604
      vertex -6.20025 3.45723 -5.99884
      vertex -6.20025 3.40242 -6.01136
    endloop
  endfacet
  facet normal -1 0 0
    outer loop
      vertex -6.20025 3.56605 -5.97024
      vertex -6.20025 3.37684 -5.33665
      vertex -6.20025 3.42332 -5.32304
    endloop
  endfacet
  facet normal -1 0 0
    outer loop
      vertex -6.20025 3.23579 -5.37053
      vertex -6.20025 3.40242 -6.01136
      vertex -6.20025 3.34734 -6.0227
    endloop
  endfacet
  facet normal -1 0 0
    outer loop
      vertex -6.20025 3.51178 -5.98513
      vertex -6.20025 3.33008 -5.34911
      vertex -6.20025 3.37684 -5.33665
    endloop
  endfacet
  facet normal -1 0 0
    outer loop
      vertex -6.20025 3.1883 -5.37949
      vertex -6.20025 3.34734 -6.0227
      vertex -6.20025 3.29203 -6.03285
    endloop
  endfacet
  facet normal -1 0 0
    outer loop
      vertex -6.20025 3.45723 -5.99884
      vertex -6.20025 3.28306 -5.3604
      vertex -6.20025 3.33008 -5.34911
    endloop
  endfacet
  facet normal -1 0 0
    outer loop
      vertex -6.20025 3.14059 -5.38727
      vertex -6.20025 3.29203 -6.03285
      vertex -6.20025 3.23649 -6.04182
    endloop
  endfacet
  facet normal -1 0 0
    outer loop
      vertex -6.20025 3.40242 -6.01136
      vertex -6.20025 3.23579 -5.37053
      vertex -6.20025 3.28306 -5.3604
    endloop
  endfacet
  facet normal -1 0 0
    outer loop
      vertex -6.20025 3.34734 -6.0227
      vertex -6.20025 3.1883 -5.37949
      vertex -6.20025 3.23579 -5.37053
    endloop
  endfacet
  facet normal -1 0 0
    outer loop
      vertex -6.20025 3.14059 -5.38727
      vertex -6.20025 3.23649 -6.04182
      vertex -6.20025 3.18074 -6.0496
    endloop
  endfacet
  facet normal -1 0 0
    outer loop
      vertex -6.20025 3.29203 -6.03285
      vertex -6.20025 3.14059 -5.38727
      vertex -6.20025 3.1883 -5.37949
    endloop
  endfacet
  facet normal -1 0 0
    outer loop
      vertex -6.20025 3.09269 -5.39387
      vertex -6.20025 3.18074 -6.0496
      vertex -6.20025 3.12479 -6.05618
    endloop
  endfacet
  facet normal -1 0 0
    outer loop
      vertex -6.20025 3.18074 -6.0496
      vertex -6.20025 3.09269 -5.39387
      vertex -6.20025 3.14059 -5.38727
    endloop
  endfacet
  facet normal -1 0 0
    outer loop
      vertex -6.20025 3.04461 -5.3993
      vertex -6.20025 3.12479 -6.05618
      vertex -6.20025 3.06866 -6.06158
    endloop
  endfacet
  facet normal -1 0 0
    outer loop
      vertex -6.20025 3.12479 -6.05618
      vertex -6.20025 3.04461 -5.3993
      vertex -6.20025 3.09269 -5.39387
    endloop
  endfacet
  facet normal -1 0 0
    outer loop
      vertex -6.20025 2.99637 -5.40354
      vertex -6.20025 3.06866 -6.06158
      vertex -6.20025 3.01236 -6.06577
    endloop
  endfacet
  facet normal -1 0 0
    outer loop
      vertex -6.20025 3.06866 -6.06158
      vertex -6.20025 2.99637 -5.40354
      vertex -6.20025 3.04461 -5.3993
    endloop
  endfacet
  facet normal -1 0 0
    outer loop
      vertex -6.20025 2.94798 -5.40659
      vertex -6.20025 3.01236 -6.06577
      vertex -6.20025 2.95591 -6.06878
    endloop
  endfacet
  facet normal -1 0 0
    outer loop
      vertex -6.20025 3.01236 -6.06577
      vertex -6.20025 2.94798 -5.40659
      vertex -6.20025 2.99637 -5.40354
    endloop
  endfacet
  facet normal -1 0 0
    outer loop
      vertex -6.20025 2.95591 -6.06878
      vertex -6.20025 2.89945 -5.40844
      vertex -6.20025 2.94798 -5.40659
    endloop
  endfacet
  facet normal -1 0 0
    outer loop
      vertex -6.20025 2.89932 -6.07058
      vertex -6.20025 2.89945 -5.40844
      vertex -6.20025 2.95591 -6.06878
    endloop
  endfacet
  facet normal -1 0 0
    outer loop
      vertex -6.20025 2.89932 -6.07058
      vertex -6.20025 2.85082 -5.40909
      vertex -6.20025 2.89945 -5.40844
    endloop
  endfacet
  facet normal -1 0 0
    outer loop
      vertex -6.20025 2.8426 -6.07118
      vertex -6.20025 2.85082 -5.40909
      vertex -6.20025 2.89932 -6.07058
    endloop
  endfacet
  facet normal -1 0 0
    outer loop
      vertex -6.20025 2.8426 -6.07118
      vertex -6.20025 2.80214 -5.40854
      vertex -6.20025 2.85082 -5.40909
    endloop
  endfacet
  facet normal -1 0 0
    outer loop
      vertex -6.20025 2.77765 -6.07039
      vertex -6.20025 2.80214 -5.40854
      vertex -6.20025 2.8426 -6.07118
    endloop
  endfacet
  facet normal -1 0 0
    outer loop
      vertex -6.20025 2.77765 -6.07039
      vertex -6.20025 2.75354 -5.40678
      vertex -6.20025 2.80214 -5.40854
    endloop
  endfacet
  facet normal -1 0 0
    outer loop
      vertex -6.20025 2.71287 -6.06803
      vertex -6.20025 2.75354 -5.40678
      vertex -6.20025 2.77765 -6.07039
    endloop
  endfacet
  facet normal -1 0 0
    outer loop
      vertex -6.20025 2.71287 -6.06803
      vertex -6.20025 2.70503 -5.40383
      vertex -6.20025 2.75354 -5.40678
    endloop
  endfacet
  facet normal -1 0 0
    outer loop
      vertex -6.20025 2.64828 -6.06409
      vertex -6.20025 2.70503 -5.40383
      vertex -6.20025 2.71287 -6.06803
    endloop
  endfacet
  facet normal -1 -0 0
    outer loop
      vertex -6.20025 2.70503 -5.40383
      vertex -6.20025 2.64828 -6.06409
      vertex -6.20025 2.65665 -5.39968
    endloop
  endfacet
  facet normal -1 0 0
    outer loop
      vertex -6.20025 2.58389 -6.05859
      vertex -6.20025 2.65665 -5.39968
      vertex -6.20025 2.64828 -6.06409
    endloop
  endfacet
  facet normal -1 -0 0
    outer loop
      vertex -6.20025 2.65665 -5.39968
      vertex -6.20025 2.58389 -6.05859
      vertex -6.20025 2.6084 -5.39436
    endloop
  endfacet
  facet normal -1 0 0
    outer loop
      vertex -6.20025 2.51974 -6.05151
      vertex -6.20025 2.6084 -5.39436
      vertex -6.20025 2.58389 -6.05859
    endloop
  endfacet
  facet normal -1 -0 0
    outer loop
      vertex -6.20025 2.6084 -5.39436
      vertex -6.20025 2.51974 -6.05151
      vertex -6.20025 2.56032 -5.38785
    endloop
  endfacet
  facet normal -1 0 0
    outer loop
      vertex -6.20025 2.45584 -6.04288
      vertex -6.20025 2.56032 -5.38785
      vertex -6.20025 2.51974 -6.05151
    endloop
  endfacet
  facet normal -1 -0 0
    outer loop
      vertex -6.20025 2.56032 -5.38785
      vertex -6.20025 2.45584 -6.04288
      vertex -6.20025 2.51243 -5.38016
    endloop
  endfacet
  facet normal -1 0 0
    outer loop
      vertex -6.20025 2.39222 -6.03268
      vertex -6.20025 2.51243 -5.38016
      vertex -6.20025 2.45584 -6.04288
    endloop
  endfacet
  facet normal -1 -0 0
    outer loop
      vertex -6.20025 2.51243 -5.38016
      vertex -6.20025 2.39222 -6.03268
      vertex -6.20025 2.46475 -5.37131
    endloop
  endfacet
  facet normal -1 0 0
    outer loop
      vertex -6.20025 2.32889 -6.02093
      vertex -6.20025 2.46475 -5.37131
      vertex -6.20025 2.39222 -6.03268
    endloop
  endfacet
  facet normal -1 -0 0
    outer loop
      vertex -6.20025 2.46475 -5.37131
      vertex -6.20025 2.32889 -6.02093
      vertex -6.20025 2.41729 -5.3613
    endloop
  endfacet
  facet normal -1 0 0
    outer loop
      vertex -6.20025 2.26588 -6.00761
      vertex -6.20025 2.41729 -5.3613
      vertex -6.20025 2.32889 -6.02093
    endloop
  endfacet
  facet normal -1 -0 0
    outer loop
      vertex -6.20025 2.41729 -5.3613
      vertex -6.20025 2.26588 -6.00761
      vertex -6.20025 2.37009 -5.35013
    endloop
  endfacet
  facet normal -1 0 0
    outer loop
      vertex -6.20025 2.20322 -5.99276
      vertex -6.20025 2.37009 -5.35013
      vertex -6.20025 2.26588 -6.00761
    endloop
  endfacet
  facet normal -1 -0 0
    outer loop
      vertex -6.20025 2.37009 -5.35013
      vertex -6.20025 2.20322 -5.99276
      vertex -6.20025 2.32317 -5.33781
    endloop
  endfacet
  facet normal -1 0 0
    outer loop
      vertex -6.20025 2.14092 -5.97635
      vertex -6.20025 2.32317 -5.33781
      vertex -6.20025 2.20322 -5.99276
    endloop
  endfacet
  facet normal -1 -0 0
    outer loop
      vertex -6.20025 2.32317 -5.33781
      vertex -6.20025 2.14092 -5.97635
      vertex -6.20025 2.27654 -5.32434
    endloop
  endfacet
  facet normal -1 0 0
    outer loop
      vertex -6.20025 2.079 -5.9584
      vertex -6.20025 2.27654 -5.32434
      vertex -6.20025 2.14092 -5.97635
    endloop
  endfacet
  facet normal -1 -0 0
    outer loop
      vertex -6.20025 2.27654 -5.32434
      vertex -6.20025 2.079 -5.9584
      vertex -6.20025 2.23024 -5.30974
    endloop
  endfacet
  facet normal -1 0 0
    outer loop
      vertex -6.20025 2.0175 -5.9389
      vertex -6.20025 2.23024 -5.30974
      vertex -6.20025 2.079 -5.9584
    endloop
  endfacet
  facet normal -1 -0 0
    outer loop
      vertex -6.20025 2.23024 -5.30974
      vertex -6.20025 2.0175 -5.9389
      vertex -6.20025 2.18428 -5.294
    endloop
  endfacet
  facet normal -1 0 0
    outer loop
      vertex -6.20025 1.95642 -5.91786
      vertex -6.20025 2.18428 -5.294
      vertex -6.20025 2.0175 -5.9389
    endloop
  endfacet
  facet normal -1 -0 0
    outer loop
      vertex -6.20025 2.18428 -5.294
      vertex -6.20025 1.95642 -5.91786
      vertex -6.20025 2.13868 -5.27713
    endloop
  endfacet
  facet normal -1 0 0
    outer loop
      vertex -6.20025 1.89579 -5.89529
      vertex -6.20025 2.13868 -5.27713
      vertex -6.20025 1.95642 -5.91786
    endloop
  endfacet
  facet normal -1 -0 0
    outer loop
      vertex -6.20025 2.13868 -5.27713
      vertex -6.20025 1.89579 -5.89529
      vertex -6.20025 2.09348 -5.25915
    endloop
  endfacet
  facet normal -1 0 0
    outer loop
      vertex -6.20025 1.83563 -5.87118
      vertex -6.20025 2.09348 -5.25915
      vertex -6.20025 1.89579 -5.89529
    endloop
  endfacet
  facet normal -1 -0 0
    outer loop
      vertex -6.20025 2.09348 -5.25915
      vertex -6.20025 1.83563 -5.87118
      vertex -6.20025 2.04873 -5.24007
    endloop
  endfacet
  facet normal -1 0 0
    outer loop
      vertex -6.20025 1.77604 -5.84557
      vertex -6.20025 2.04873 -5.24007
      vertex -6.20025 1.83563 -5.87118
    endloop
  endfacet
  facet normal -1 -0 0
    outer loop
      vertex -6.20025 2.04873 -5.24007
      vertex -6.20025 1.77604 -5.84557
      vertex -6.20025 2.0045 -5.21992
    endloop
  endfacet
  facet normal -1 0 0
    outer loop
      vertex -6.20025 1.71715 -5.81851
      vertex -6.20025 2.0045 -5.21992
      vertex -6.20025 1.77604 -5.84557
    endloop
  endfacet
  facet normal -1 -0 0
    outer loop
      vertex -6.20025 2.0045 -5.21992
      vertex -6.20025 1.71715 -5.81851
      vertex -6.20025 1.96081 -5.19871
    endloop
  endfacet
  facet normal -1 0 0
    outer loop
      vertex -6.20025 1.65899 -5.79004
      vertex -6.20025 1.96081 -5.19871
      vertex -6.20025 1.71715 -5.81851
    endloop
  endfacet
  facet normal -1 -0 0
    outer loop
      vertex -6.20025 1.96081 -5.19871
      vertex -6.20025 1.65899 -5.79004
      vertex -6.20025 1.91767 -5.17646
    endloop
  endfacet
  facet normal -1 0 0
    outer loop
      vertex -6.20025 1.60159 -5.76016
      vertex -6.20025 1.91767 -5.17646
      vertex -6.20025 1.65899 -5.79004
    endloop
  endfacet
  facet normal -1 -0 0
    outer loop
      vertex -6.20025 1.91767 -5.17646
      vertex -6.20025 1.60159 -5.76016
      vertex -6.20025 1.8751 -5.15317
    endloop
  endfacet
  facet normal -1 0 0
    outer loop
      vertex -6.20025 1.54498 -5.7289
      vertex -6.20025 1.8751 -5.15317
      vertex -6.20025 1.60159 -5.76016
    endloop
  endfacet
  facet normal -1 -0 0
    outer loop
      vertex -6.20025 1.8751 -5.15317
      vertex -6.20025 1.54498 -5.7289
      vertex -6.20025 1.83312 -5.12887
    endloop
  endfacet
  facet normal -1 0 0
    outer loop
      vertex -6.20025 1.48917 -5.69627
      vertex -6.20025 1.83312 -5.12887
      vertex -6.20025 1.54498 -5.7289
    endloop
  endfacet
  facet normal -1 -0 0
    outer loop
      vertex -6.20025 1.83312 -5.12887
      vertex -6.20025 1.48917 -5.69627
      vertex -6.20025 1.79176 -5.10355
    endloop
  endfacet
  facet normal -1 0 0
    outer loop
      vertex -6.20025 1.4342 -5.66228
      vertex -6.20025 1.79176 -5.10355
      vertex -6.20025 1.48917 -5.69627
    endloop
  endfacet
  facet normal -1 -0 0
    outer loop
      vertex -6.20025 1.79176 -5.10355
      vertex -6.20025 1.4342 -5.66228
      vertex -6.20025 1.75103 -5.07723
    endloop
  endfacet
  facet normal -1 0 0
    outer loop
      vertex -6.20025 1.38008 -5.62698
      vertex -6.20025 1.75103 -5.07723
      vertex -6.20025 1.4342 -5.66228
    endloop
  endfacet
  facet normal -1 -0 0
    outer loop
      vertex -6.20025 1.75103 -5.07723
      vertex -6.20025 1.38008 -5.62698
      vertex -6.20025 1.71096 -5.04991
    endloop
  endfacet
  facet normal -1 0 0
    outer loop
      vertex -6.20025 1.32684 -5.59036
      vertex -6.20025 1.71096 -5.04991
      vertex -6.20025 1.38008 -5.62698
    endloop
  endfacet
  facet normal -1 -0 0
    outer loop
      vertex -6.20025 1.71096 -5.04991
      vertex -6.20025 1.32684 -5.59036
      vertex -6.20025 1.67156 -5.02163
    endloop
  endfacet
  facet normal -1 0 0
    outer loop
      vertex -6.20025 1.27451 -5.55245
      vertex -6.20025 1.67156 -5.02163
      vertex -6.20025 1.32684 -5.59036
    endloop
  endfacet
  facet normal -1 -0 0
    outer loop
      vertex -6.20025 1.67156 -5.02163
      vertex -6.20025 1.27451 -5.55245
      vertex -6.20025 1.63285 -4.99238
    endloop
  endfacet
  facet normal -1 0 0
    outer loop
      vertex -6.20025 1.2231 -5.51327
      vertex -6.20025 1.63285 -4.99238
      vertex -6.20025 1.27451 -5.55245
    endloop
  endfacet
  facet normal -1 -0 0
    outer loop
      vertex -6.20025 1.63285 -4.99238
      vertex -6.20025 1.2231 -5.51327
      vertex -6.20025 1.59486 -4.96217
    endloop
  endfacet
  facet normal -1 0 0
    outer loop
      vertex -6.20025 1.17266 -5.47283
      vertex -6.20025 1.59486 -4.96217
      vertex -6.20025 1.2231 -5.51327
    endloop
  endfacet
  facet normal -1 -0 0
    outer loop
      vertex -6.20025 1.59486 -4.96217
      vertex -6.20025 1.17266 -5.47283
      vertex -6.20025 1.55759 -4.93102
    endloop
  endfacet
  facet normal -1 0 0
    outer loop
      vertex -6.20025 1.12319 -5.43116
      vertex -6.20025 1.55759 -4.93102
      vertex -6.20025 1.17266 -5.47283
    endloop
  endfacet
  facet normal -1 -0 0
    outer loop
      vertex -6.20025 1.55759 -4.93102
      vertex -6.20025 1.12319 -5.43116
      vertex -6.20025 1.52109 -4.89895
    endloop
  endfacet
  facet normal -1 0 0
    outer loop
      vertex -6.20025 1.07472 -5.38827
      vertex -6.20025 1.52109 -4.89895
      vertex -6.20025 1.12319 -5.43116
    endloop
  endfacet
  facet normal -1 -0 0
    outer loop
      vertex -6.20025 1.52109 -4.89895
      vertex -6.20025 1.07472 -5.38827
      vertex -6.20025 1.48536 -4.86595
    endloop
  endfacet
  facet normal -1 0 0
    outer loop
      vertex -6.20025 1.02728 -5.34418
      vertex -6.20025 1.48536 -4.86595
      vertex -6.20025 1.07472 -5.38827
    endloop
  endfacet
  facet normal -1 -0 0
    outer loop
      vertex -6.20025 1.48536 -4.86595
      vertex -6.20025 1.02728 -5.34418
      vertex -6.20025 1.45042 -4.83205
    endloop
  endfacet
  facet normal -1 0 0
    outer loop
      vertex -6.20025 0.980897 -5.29892
      vertex -6.20025 1.45042 -4.83205
      vertex -6.20025 1.02728 -5.34418
    endloop
  endfacet
  facet normal -1 -0 0
    outer loop
      vertex -6.20025 1.45042 -4.83205
      vertex -6.20025 0.980897 -5.29892
      vertex -6.20025 1.41636 -4.79732
    endloop
  endfacet
  facet normal -1 0 0
    outer loop
      vertex -6.20025 0.935618 -5.25252
      vertex -6.20025 1.41636 -4.79732
      vertex -6.20025 0.980897 -5.29892
    endloop
  endfacet
  facet normal -1 -0 0
    outer loop
      vertex -6.20025 1.41636 -4.79732
      vertex -6.20025 0.935618 -5.25252
      vertex -6.20025 1.38323 -4.76183
    endloop
  endfacet
  facet normal -1 0 0
    outer loop
      vertex -6.20025 0.891518 -5.20508
      vertex -6.20025 1.38323 -4.76183
      vertex -6.20025 0.935618 -5.25252
    endloop
  endfacet
  facet normal -1 -0 0
    outer loop
      vertex -6.20025 1.38323 -4.76183
      vertex -6.20025 0.891518 -5.20508
      vertex -6.20025 1.35104 -4.72559
    endloop
  endfacet
  facet normal -1 0 0
    outer loop
      vertex -6.20025 0.848619 -5.1566
      vertex -6.20025 1.35104 -4.72559
      vertex -6.20025 0.891518 -5.20508
    endloop
  endfacet
  facet normal -1 -0 0
    outer loop
      vertex -6.20025 1.35104 -4.72559
      vertex -6.20025 0.848619 -5.1566
      vertex -6.20025 1.31979 -4.6886
    endloop
  endfacet
  facet normal -1 0 0
    outer loop
      vertex -6.20025 0.806936 -5.10712
      vertex -6.20025 1.31979 -4.6886
      vertex -6.20025 0.848619 -5.1566
    endloop
  endfacet
  facet normal -1 -0 0
    outer loop
      vertex -6.20025 1.31979 -4.6886
      vertex -6.20025 0.806936 -5.10712
      vertex -6.20025 1.28949 -4.65088
    endloop
  endfacet
  facet normal -1 0 0
    outer loop
      vertex -6.20025 0.766493 -5.05667
      vertex -6.20025 1.28949 -4.65088
      vertex -6.20025 0.806936 -5.10712
    endloop
  endfacet
  facet normal -1 -0 0
    outer loop
      vertex -6.20025 1.28949 -4.65088
      vertex -6.20025 0.766493 -5.05667
      vertex -6.20025 1.26015 -4.61245
    endloop
  endfacet
  facet normal -1 0 0
    outer loop
      vertex -6.20025 0.727304 -5.00526
      vertex -6.20025 1.26015 -4.61245
      vertex -6.20025 0.766493 -5.05667
    endloop
  endfacet
  facet normal -1 -0 0
    outer loop
      vertex -6.20025 1.26015 -4.61245
      vertex -6.20025 0.727304 -5.00526
      vertex -6.20025 1.23178 -4.57332
    endloop
  endfacet
  facet normal -1 0 0
    outer loop
      vertex -6.20025 0.689388 -4.95293
      vertex -6.20025 1.23178 -4.57332
      vertex -6.20025 0.727304 -5.00526
    endloop
  endfacet
  facet normal -1 -0 0
    outer loop
      vertex -6.20025 1.23178 -4.57332
      vertex -6.20025 0.689388 -4.95293
      vertex -6.20025 1.20438 -4.53351
    endloop
  endfacet
  facet normal -1 0 0
    outer loop
      vertex -6.20025 0.652767 -4.89968
      vertex -6.20025 1.20438 -4.53351
      vertex -6.20025 0.689388 -4.95293
    endloop
  endfacet
  facet normal -1 -0 0
    outer loop
      vertex -6.20025 1.20438 -4.53351
      vertex -6.20025 0.652767 -4.89968
      vertex -6.20025 1.17797 -4.49303
    endloop
  endfacet
  facet normal -1 0 0
    outer loop
      vertex -6.20025 0.617456 -4.84556
      vertex -6.20025 1.17797 -4.49303
      vertex -6.20025 0.652767 -4.89968
    endloop
  endfacet
  facet normal -1 -0 0
    outer loop
      vertex -6.20025 1.17797 -4.49303
      vertex -6.20025 0.617456 -4.84556
      vertex -6.20025 1.15255 -4.45189
    endloop
  endfacet
  facet normal -1 0 0
    outer loop
      vertex -6.20025 0.583476 -4.79058
      vertex -6.20025 1.15255 -4.45189
      vertex -6.20025 0.617456 -4.84556
    endloop
  endfacet
  facet normal -1 -0 0
    outer loop
      vertex -6.20025 1.15255 -4.45189
      vertex -6.20025 0.583476 -4.79058
      vertex -6.20025 1.12813 -4.4101
    endloop
  endfacet
  facet normal -1 0 0
    outer loop
      vertex -6.20025 0.550842 -4.73477
      vertex -6.20025 1.12813 -4.4101
      vertex -6.20025 0.583476 -4.79058
    endloop
  endfacet
  facet normal -1 -0 0
    outer loop
      vertex -6.20025 1.12813 -4.4101
      vertex -6.20025 0.550842 -4.73477
      vertex -6.20025 1.10473 -4.3677
    endloop
  endfacet
  facet normal -1 0 0
    outer loop
      vertex -6.20025 0.519578 -4.67816
      vertex -6.20025 1.10473 -4.3677
      vertex -6.20025 0.550842 -4.73477
    endloop
  endfacet
  facet normal -1 -0 0
    outer loop
      vertex -6.20025 1.10473 -4.3677
      vertex -6.20025 0.519578 -4.67816
      vertex -6.20025 1.08234 -4.32468
    endloop
  endfacet
  facet normal -1 0 0
    outer loop
      vertex -6.20025 0.489697 -4.62077
      vertex -6.20025 1.08234 -4.32468
      vertex -6.20025 0.519578 -4.67816
    endloop
  endfacet
  facet normal -1 -0 0
    outer loop
      vertex -6.20025 1.08234 -4.32468
      vertex -6.20025 0.489697 -4.62077
      vertex -6.20025 1.06097 -4.28106
    endloop
  endfacet
  facet normal -1 0 0
    outer loop
      vertex -6.20025 0.461222 -4.56261
      vertex -6.20025 1.06097 -4.28106
      vertex -6.20025 0.489697 -4.62077
    endloop
  endfacet
  facet normal -1 -0 0
    outer loop
      vertex -6.20025 1.06097 -4.28106
      vertex -6.20025 0.461222 -4.56261
      vertex -6.20025 1.04065 -4.23686
    endloop
  endfacet
  facet normal -1 0 0
    outer loop
      vertex -6.20025 0.434169 -4.50372
      vertex -6.20025 1.04065 -4.23686
      vertex -6.20025 0.461222 -4.56261
    endloop
  endfacet
  facet normal -1 -0 0
    outer loop
      vertex -6.20025 1.04065 -4.23686
      vertex -6.20025 0.434169 -4.50372
      vertex -6.20025 1.02136 -4.19209
    endloop
  endfacet
  facet normal -1 0 0
    outer loop
      vertex -6.20025 0.408558 -4.44413
      vertex -6.20025 1.02136 -4.19209
      vertex -6.20025 0.434169 -4.50372
    endloop
  endfacet
  facet normal -1 -0 0
    outer loop
      vertex -6.20025 1.02136 -4.19209
      vertex -6.20025 0.408558 -4.44413
      vertex -6.20025 1.00314 -4.1469
    endloop
  endfacet
  facet normal -1 0 0
    outer loop
      vertex -6.20025 0.384448 -4.38397
      vertex -6.20025 1.00314 -4.1469
      vertex -6.20025 0.408558 -4.44413
    endloop
  endfacet
  facet normal -1 -0 0
    outer loop
      vertex -6.20025 1.00314 -4.1469
      vertex -6.20025 0.384448 -4.38397
      vertex -6.20025 0.986054 -4.10133
    endloop
  endfacet
  facet normal -1 0 0
    outer loop
      vertex -6.20025 4.32518 -1.26228
      vertex -6.20025 7.59944 -0.0885995
      vertex -6.20025 7.59521 -0.268615
    endloop
  endfacet
  facet normal -1 0 0
    outer loop
      vertex -6.20025 4.32518 -1.26228
      vertex -6.20025 7.59521 -0.268615
      vertex -6.20025 7.58672 -0.448478
    endloop
  endfacet
  facet normal -1 0 0
    outer loop
      vertex -6.20025 4.32518 -1.26228
      vertex -6.20025 7.58672 -0.448478
      vertex -6.20025 7.57396 -0.628097
    endloop
  endfacet
  facet normal -1 0 0
    outer loop
      vertex -6.20025 4.32518 -1.26228
      vertex -6.20025 7.57396 -0.628097
      vertex -6.20025 7.55696 -0.80735
    endloop
  endfacet
  facet normal -1 0 0
    outer loop
      vertex -6.20025 4.32518 -1.26228
      vertex -6.20025 7.55696 -0.80735
      vertex -6.20025 7.53571 -0.98616
    endloop
  endfacet
  facet normal -1 0 0
    outer loop
      vertex -6.20025 4.32518 -1.26228
      vertex -6.20025 7.53571 -0.98616
      vertex -6.20025 7.51023 -1.16441
    endloop
  endfacet
  facet normal -1 0 0
    outer loop
      vertex -6.20025 4.32518 -1.26228
      vertex -6.20025 7.51023 -1.16441
      vertex -6.20025 7.48054 -1.34201
    endloop
  endfacet
  facet normal -1 0 0
    outer loop
      vertex -6.20025 4.32518 -1.26228
      vertex -6.20025 7.48054 -1.34201
      vertex -6.20025 7.44664 -1.51886
    endloop
  endfacet
  facet normal -1 0 0
    outer loop
      vertex -6.20025 4.32518 -1.26228
      vertex -6.20025 7.44664 -1.51886
      vertex -6.20025 7.40857 -1.69485
    endloop
  endfacet
  facet normal -1 0 0
    outer loop
      vertex -6.20025 4.32518 -1.26228
      vertex -6.20025 7.40857 -1.69485
      vertex -6.20025 7.36634 -1.8699
    endloop
  endfacet
  facet normal -1 0 0
    outer loop
      vertex -6.20025 4.32518 -1.26228
      vertex -6.20025 7.36634 -1.8699
      vertex -6.20025 7.31997 -2.04388
    endloop
  endfacet
  facet normal -1 0 0
    outer loop
      vertex -6.20025 4.32518 -1.26228
      vertex -6.20025 7.31997 -2.04388
      vertex -6.20025 7.26949 -2.21673
    endloop
  endfacet
  facet normal -1 0 0
    outer loop
      vertex -6.20025 4.32518 -1.26228
      vertex -6.20025 7.26949 -2.21673
      vertex -6.20025 7.21494 -2.38832
    endloop
  endfacet
  facet normal -1 0 0
    outer loop
      vertex -6.20025 4.32518 -1.26228
      vertex -6.20025 7.21494 -2.38832
      vertex -6.20025 7.15633 -2.55859
    endloop
  endfacet
  facet normal -1 0 0
    outer loop
      vertex -6.20025 4.32518 -1.26228
      vertex -6.20025 7.15633 -2.55859
      vertex -6.20025 7.09371 -2.72742
    endloop
  endfacet
  facet normal -1 0 0
    outer loop
      vertex -6.20025 4.32518 -1.26228
      vertex -6.20025 7.09371 -2.72742
      vertex -6.20025 7.0271 -2.89471
    endloop
  endfacet
  facet normal -1 0 0
    outer loop
      vertex -6.20025 4.32518 -1.26228
      vertex -6.20025 7.0271 -2.89471
      vertex -6.20025 6.95655 -3.06037
    endloop
  endfacet
  facet normal -1 0 0
    outer loop
      vertex -6.20025 5.42512 -3.95607
      vertex -6.20025 6.95655 -3.06037
      vertex -6.20025 6.88209 -3.22433
    endloop
  endfacet
  facet normal -1 0 0
    outer loop
      vertex -6.20025 5.42512 -3.95607
      vertex -6.20025 6.88209 -3.22433
      vertex -6.20025 6.80377 -3.38647
    endloop
  endfacet
  facet normal -1 -0 0
    outer loop
      vertex -6.20025 6.95655 -3.06037
      vertex -6.20025 5.42512 -3.95607
      vertex -6.20025 4.32518 -1.26228
    endloop
  endfacet
  facet normal -1 0 0
    outer loop
      vertex -6.20025 4.62451 -4.28822
      vertex -6.20025 5.41339 -4.01148
      vertex -6.20025 5.40047 -4.06657
    endloop
  endfacet
  facet normal -1 0 0
    outer loop
      vertex -6.20025 4.62451 -4.28822
      vertex -6.20025 5.40047 -4.06657
      vertex -6.20025 5.38638 -4.12134
    endloop
  endfacet
  facet normal -1 0 0
    outer loop
      vertex -6.20025 4.62451 -4.28822
      vertex -6.20025 5.38638 -4.12134
      vertex -6.20025 5.37111 -4.17574
    endloop
  endfacet
  facet normal -1 0 0
    outer loop
      vertex -6.20025 4.62451 -4.28822
      vertex -6.20025 5.37111 -4.17574
      vertex -6.20025 5.35467 -4.22978
    endloop
  endfacet
  facet normal -1 0 0
    outer loop
      vertex -6.20025 4.62451 -4.28822
      vertex -6.20025 5.35467 -4.22978
      vertex -6.20025 5.33708 -4.28343
    endloop
  endfacet
  facet normal -1 0 0
    outer loop
      vertex -6.20025 4.62451 -4.28822
      vertex -6.20025 5.33708 -4.28343
      vertex -6.20025 5.31834 -4.33668
    endloop
  endfacet
  facet normal -1 0 0
    outer loop
      vertex -6.20025 4.62451 -4.28822
      vertex -6.20025 5.31834 -4.33668
      vertex -6.20025 5.29845 -4.38952
    endloop
  endfacet
  facet normal -1 0 0
    outer loop
      vertex -6.20025 4.62451 -4.28822
      vertex -6.20025 5.29845 -4.38952
      vertex -6.20025 5.27742 -4.44192
    endloop
  endfacet
  facet normal -1 0 0
    outer loop
      vertex -6.20025 4.62451 -4.28822
      vertex -6.20025 5.27742 -4.44192
      vertex -6.20025 5.25526 -4.49386
    endloop
  endfacet
  facet normal -1 0 0
    outer loop
      vertex -6.20025 4.62451 -4.28822
      vertex -6.20025 5.25526 -4.49386
      vertex -6.20025 5.23198 -4.54533
    endloop
  endfacet
  facet normal -1 0 0
    outer loop
      vertex -6.20025 4.62451 -4.28822
      vertex -6.20025 5.23198 -4.54533
      vertex -6.20025 5.20757 -4.59634
    endloop
  endfacet
  facet normal -1 0 0
    outer loop
      vertex -6.20025 4.62451 -4.28822
      vertex -6.20025 5.20757 -4.59634
      vertex -6.20025 5.18206 -4.64682
    endloop
  endfacet
  facet normal -1 0 0
    outer loop
      vertex -6.20025 4.62451 -4.28822
      vertex -6.20025 5.18206 -4.64682
      vertex -6.20025 5.15545 -4.69678
    endloop
  endfacet
  facet normal -1 0 0
    outer loop
      vertex -6.20025 4.62451 -4.28822
      vertex -6.20025 5.15545 -4.69678
      vertex -6.20025 5.12776 -4.74617
    endloop
  endfacet
  facet normal -1 0 0
    outer loop
      vertex -6.20025 4.62451 -4.28822
      vertex -6.20025 5.12776 -4.74617
      vertex -6.20025 5.09905 -4.79491
    endloop
  endfacet
  facet normal -1 0 0
    outer loop
      vertex -6.20025 4.62451 -4.28822
      vertex -6.20025 5.09905 -4.79491
      vertex -6.20025 5.0693 -4.84301
    endloop
  endfacet
  facet normal -1 0 0
    outer loop
      vertex -6.20025 4.62451 -4.28822
      vertex -6.20025 5.0693 -4.84301
      vertex -6.20025 5.03854 -4.89044
    endloop
  endfacet
  facet normal -1 0 0
    outer loop
      vertex -6.20025 4.62451 -4.28822
      vertex -6.20025 5.03854 -4.89044
      vertex -6.20025 5.00678 -4.93719
    endloop
  endfacet
  facet normal -1 0 0
    outer loop
      vertex -6.20025 4.62451 -4.28822
      vertex -6.20025 5.00678 -4.93719
      vertex -6.20025 4.97404 -4.98325
    endloop
  endfacet
  facet normal -1 0 0
    outer loop
      vertex -6.20025 4.62451 -4.28822
      vertex -6.20025 4.97404 -4.98325
      vertex -6.20025 4.94032 -5.0286
    endloop
  endfacet
  facet normal -1 0 0
    outer loop
      vertex -6.20025 4.62451 -4.28822
      vertex -6.20025 4.94032 -5.0286
      vertex -6.20025 4.90564 -5.07322
    endloop
  endfacet
  facet normal -1 0 0
    outer loop
      vertex -6.20025 4.62451 -4.28822
      vertex -6.20025 4.90564 -5.07322
      vertex -6.20025 4.87002 -5.11709
    endloop
  endfacet
  facet normal -1 0 0
    outer loop
      vertex -6.20025 4.62451 -4.28822
      vertex -6.20025 4.87002 -5.11709
      vertex -6.20025 4.83346 -5.1602
    endloop
  endfacet
  facet normal -1 0 0
    outer loop
      vertex -6.20025 4.62451 -4.28822
      vertex -6.20025 4.83346 -5.1602
      vertex -6.20025 4.79598 -5.20254
    endloop
  endfacet
  facet normal -1 0 0
    outer loop
      vertex -6.20025 4.62451 -4.28822
      vertex -6.20025 4.79598 -5.20254
      vertex -6.20025 4.75759 -5.24408
    endloop
  endfacet
  facet normal -1 0 0
    outer loop
      vertex -6.20025 4.62451 -4.28822
      vertex -6.20025 4.75759 -5.24408
      vertex -6.20025 4.71831 -5.28482
    endloop
  endfacet
  facet normal -1 0 0
    outer loop
      vertex -6.20025 4.62451 -4.28822
      vertex -6.20025 4.71831 -5.28482
      vertex -6.20025 4.67816 -5.32472
    endloop
  endfacet
  facet normal -1 -0 0
    outer loop
      vertex -6.20025 5.41339 -4.01148
      vertex -6.20025 4.62451 -4.28822
      vertex -6.20025 5.42512 -3.95607
    endloop
  endfacet
  facet normal -1 0 0
    outer loop
      vertex -6.20025 4.62451 -4.28822
      vertex -6.20025 4.67816 -5.32472
      vertex -6.20025 4.63719 -5.36374
    endloop
  endfacet
  facet normal -1 0 0
    outer loop
      vertex -6.20025 3.54266 -1.58559
      vertex -6.20025 5.42512 -3.95607
      vertex -6.20025 4.62451 -4.28822
    endloop
  endfacet
  facet normal -1 -0 0
    outer loop
      vertex -6.20025 7.59944 -0.0885995
      vertex -6.20025 4.32518 -1.26228
      vertex -6.20025 7.59941 0.0914618
    endloop
  endfacet
  facet normal -1 0 0
    outer loop
      vertex -6.20025 5.42512 -3.95607
      vertex -6.20025 3.54266 -1.58559
      vertex -6.20025 4.32518 -1.26228
    endloop
  endfacet
  facet normal -1 -0 0
    outer loop
      vertex -6.20025 4.32518 -1.26228
      vertex -6.20025 3.54266 -1.58559
      vertex -6.20025 4.24278 -1.20816
    endloop
  endfacet
  facet normal -1 -0 0
    outer loop
      vertex -6.20025 4.24278 -1.20816
      vertex -6.20025 3.54266 -1.58559
      vertex -6.20025 4.1585 -1.15718
    endloop
  endfacet
  facet normal -1 -0 0
    outer loop
      vertex -6.20025 4.1585 -1.15718
      vertex -6.20025 3.54266 -1.58559
      vertex -6.20025 4.07244 -1.10943
    endloop
  endfacet
  facet normal -1 -0 0
    outer loop
      vertex -6.20025 4.07244 -1.10943
      vertex -6.20025 3.54266 -1.58559
      vertex -6.20025 3.98468 -1.06493
    endloop
  endfacet
  facet normal -1 -0 0
    outer loop
      vertex -6.20025 3.98468 -1.06493
      vertex -6.20025 3.54266 -1.58559
      vertex -6.20025 3.89532 -1.02376
    endloop
  endfacet
  facet normal -1 -0 0
    outer loop
      vertex -6.20025 3.89532 -1.02376
      vertex -6.20025 3.54266 -1.58559
      vertex -6.20025 3.80443 -0.985954
    endloop
  endfacet
  facet normal -1 -0 0
    outer loop
      vertex -6.20025 3.80443 -0.985954
      vertex -6.20025 3.54266 -1.58559
      vertex -6.20025 3.71211 -0.95156
    endloop
  endfacet
  facet normal -1 0 0
    outer loop
      vertex -6.20025 3.45445 -1.55461
      vertex -6.20025 3.71211 -0.95156
      vertex -6.20025 3.54266 -1.58559
    endloop
  endfacet
  facet normal -1 0 0
    outer loop
      vertex -6.20025 3.48145 -4.76047
      vertex -6.20025 3.54266 -1.58559
      vertex -6.20025 4.62451 -4.28822
    endloop
  endfacet
  facet normal -1 0 0
    outer loop
      vertex -6.20025 2.36195 -2.07383
      vertex -6.20025 3.48145 -4.76047
      vertex -6.20025 3.4146 -4.78647
    endloop
  endfacet
  facet normal -1 0 0
    outer loop
      vertex -6.20025 2.36195 -2.07383
      vertex -6.20025 3.4146 -4.78647
      vertex -6.20025 3.3468 -4.8091
    endloop
  endfacet
  facet normal -1 0 0
    outer loop
      vertex -6.20025 2.36195 -2.07383
      vertex -6.20025 3.3468 -4.8091
      vertex -6.20025 3.27814 -4.82837
    endloop
  endfacet
  facet normal -1 0 0
    outer loop
      vertex -6.20025 2.36195 -2.07383
      vertex -6.20025 3.27814 -4.82837
      vertex -6.20025 3.20871 -4.84421
    endloop
  endfacet
  facet normal -1 0 0
    outer loop
      vertex -6.20025 2.36195 -2.07383
      vertex -6.20025 3.20871 -4.84421
      vertex -6.20025 3.13862 -4.85663
    endloop
  endfacet
  facet normal -1 0 0
    outer loop
      vertex -6.20025 2.36195 -2.07383
      vertex -6.20025 3.13862 -4.85663
      vertex -6.20025 3.06795 -4.86557
    endloop
  endfacet
  facet normal -1 0 0
    outer loop
      vertex -6.20025 2.36195 -2.07383
      vertex -6.20025 3.06795 -4.86557
      vertex -6.20025 2.9968 -4.87102
    endloop
  endfacet
  facet normal -1 0 0
    outer loop
      vertex -6.20025 2.36195 -2.07383
      vertex -6.20025 2.9968 -4.87102
      vertex -6.20025 2.92526 -4.87295
    endloop
  endfacet
  facet normal -1 0 0
    outer loop
      vertex -6.20025 2.36195 -2.07383
      vertex -6.20025 2.92526 -4.87295
      vertex -6.20025 2.85361 -4.87134
    endloop
  endfacet
  facet normal -1 0 0
    outer loop
      vertex -6.20025 2.36195 -2.07383
      vertex -6.20025 2.85361 -4.87134
      vertex -6.20025 2.78225 -4.8662
    endloop
  endfacet
  facet normal -1 0 0
    outer loop
      vertex -6.20025 2.36195 -2.07383
      vertex -6.20025 2.78225 -4.8662
      vertex -6.20025 2.71131 -4.85756
    endloop
  endfacet
  facet normal -1 0 0
    outer loop
      vertex -6.20025 2.36195 -2.07383
      vertex -6.20025 2.71131 -4.85756
      vertex -6.20025 2.64092 -4.84545
    endloop
  endfacet
  facet normal -1 0 0
    outer loop
      vertex -6.20025 2.36195 -2.07383
      vertex -6.20025 2.64092 -4.84545
      vertex -6.20025 2.57121 -4.82992
    endloop
  endfacet
  facet normal -1 0 0
    outer loop
      vertex -6.20025 2.36195 -2.07383
      vertex -6.20025 2.57121 -4.82992
      vertex -6.20025 2.50233 -4.81098
    endloop
  endfacet
  facet normal -1 0 0
    outer loop
      vertex -6.20025 2.36195 -2.07383
      vertex -6.20025 2.50233 -4.81098
      vertex -6.20025 2.43438 -4.7887
    endloop
  endfacet
  facet normal -1 0 0
    outer loop
      vertex -6.20025 2.36195 -2.07383
      vertex -6.20025 2.43438 -4.7887
      vertex -6.20025 2.36752 -4.76306
    endloop
  endfacet
  facet normal -1 0 0
    outer loop
      vertex -6.20025 3.48145 -4.76047
      vertex -6.20025 2.36195 -2.07383
      vertex -6.20025 3.54266 -1.58559
    endloop
  endfacet
  facet normal -1 0 0
    outer loop
      vertex -6.20025 2.30197 -4.73418
      vertex -6.20025 2.36195 -2.07383
      vertex -6.20025 2.36752 -4.76306
    endloop
  endfacet
  facet normal -1 0 0
    outer loop
      vertex -6.20025 2.30197 -4.73418
      vertex -6.20025 2.29643 -2.10301
      vertex -6.20025 2.36195 -2.07383
    endloop
  endfacet
  facet normal -1 0 0
    outer loop
      vertex -6.20025 2.238 -4.70219
      vertex -6.20025 2.29643 -2.10301
      vertex -6.20025 2.30197 -4.73418
    endloop
  endfacet
  facet normal -1 0 0
    outer loop
      vertex -6.20025 2.238 -4.70219
      vertex -6.20025 2.23263 -2.13523
      vertex -6.20025 2.29643 -2.10301
    endloop
  endfacet
  facet normal -1 0 0
    outer loop
      vertex -6.20025 2.17574 -4.66713
      vertex -6.20025 2.23263 -2.13523
      vertex -6.20025 2.238 -4.70219
    endloop
  endfacet
  facet normal -1 0 0
    outer loop
      vertex -6.20025 2.17574 -4.66713
      vertex -6.20025 2.17063 -2.17045
      vertex -6.20025 2.23263 -2.13523
    endloop
  endfacet
  facet normal -1 0 0
    outer loop
      vertex -6.20025 2.11529 -4.62909
      vertex -6.20025 2.17063 -2.17045
      vertex -6.20025 2.17574 -4.66713
    endloop
  endfacet
  facet normal -1 0 0
    outer loop
      vertex -6.20025 2.11529 -4.62909
      vertex -6.20025 2.11052 -2.20859
      vertex -6.20025 2.17063 -2.17045
    endloop
  endfacet
  facet normal -1 0 0
    outer loop
      vertex -6.20025 2.05678 -4.58813
      vertex -6.20025 2.11052 -2.20859
      vertex -6.20025 2.11529 -4.62909
    endloop
  endfacet
  facet normal -1 0 0
    outer loop
      vertex -6.20025 2.05678 -4.58813
      vertex -6.20025 2.05237 -2.24963
      vertex -6.20025 2.11052 -2.20859
    endloop
  endfacet
  facet normal -1 0 0
    outer loop
      vertex -6.20025 2.00032 -4.54433
      vertex -6.20025 2.05237 -2.24963
      vertex -6.20025 2.05678 -4.58813
    endloop
  endfacet
  facet normal -1 0 0
    outer loop
      vertex -6.20025 2.00032 -4.54433
      vertex -6.20025 1.99627 -2.29352
      vertex -6.20025 2.05237 -2.24963
    endloop
  endfacet
  facet normal -1 0 0
    outer loop
      vertex -6.20025 1.94602 -4.49773
      vertex -6.20025 1.99627 -2.29352
      vertex -6.20025 2.00032 -4.54433
    endloop
  endfacet
  facet normal -1 0 0
    outer loop
      vertex -6.20025 1.94602 -4.49773
      vertex -6.20025 1.94232 -2.34021
      vertex -6.20025 1.99627 -2.29352
    endloop
  endfacet
  facet normal -1 0 0
    outer loop
      vertex -6.20025 1.89401 -4.44843
      vertex -6.20025 1.94232 -2.34021
      vertex -6.20025 1.94602 -4.49773
    endloop
  endfacet
  facet normal -1 0 0
    outer loop
      vertex -6.20025 1.89401 -4.44843
      vertex -6.20025 1.89059 -2.38966
      vertex -6.20025 1.94232 -2.34021
    endloop
  endfacet
  facet normal -1 0 0
    outer loop
      vertex -6.20025 1.84457 -4.39669
      vertex -6.20025 1.89059 -2.38966
      vertex -6.20025 1.89401 -4.44843
    endloop
  endfacet
  facet normal -1 0 0
    outer loop
      vertex -6.20025 1.84457 -4.39669
      vertex -6.20025 1.8413 -2.44166
      vertex -6.20025 1.89059 -2.38966
    endloop
  endfacet
  facet normal -1 0 0
    outer loop
      vertex -6.20025 1.79789 -4.34272
      vertex -6.20025 1.8413 -2.44166
      vertex -6.20025 1.84457 -4.39669
    endloop
  endfacet
  facet normal -1 0 0
    outer loop
      vertex -6.20025 1.79789 -4.34272
      vertex -6.20025 1.79472 -2.49596
      vertex -6.20025 1.8413 -2.44166
    endloop
  endfacet
  facet normal -1 0 0
    outer loop
      vertex -6.20025 1.75401 -4.28661
      vertex -6.20025 1.79472 -2.49596
      vertex -6.20025 1.79789 -4.34272
    endloop
  endfacet
  facet normal -1 0 0
    outer loop
      vertex -6.20025 1.75401 -4.28661
      vertex -6.20025 1.75092 -2.55242
      vertex -6.20025 1.79472 -2.49596
    endloop
  endfacet
  facet normal -1 0 0
    outer loop
      vertex -6.20025 1.71299 -4.22843
      vertex -6.20025 1.75092 -2.55242
      vertex -6.20025 1.75401 -4.28661
    endloop
  endfacet
  facet normal -1 0 0
    outer loop
      vertex -6.20025 1.71299 -4.22843
      vertex -6.20025 1.70996 -2.61092
      vertex -6.20025 1.75092 -2.55242
    endloop
  endfacet
  facet normal -1 0 0
    outer loop
      vertex -6.20025 1.67487 -4.16829
      vertex -6.20025 1.70996 -2.61092
      vertex -6.20025 1.71299 -4.22843
    endloop
  endfacet
  facet normal -1 0 0
    outer loop
      vertex -6.20025 1.67487 -4.16829
      vertex -6.20025 1.67192 -2.67136
      vertex -6.20025 1.70996 -2.61092
    endloop
  endfacet
  facet normal -1 0 0
    outer loop
      vertex -6.20025 1.63969 -4.10627
      vertex -6.20025 1.67192 -2.67136
      vertex -6.20025 1.67487 -4.16829
    endloop
  endfacet
  facet normal -1 0 0
    outer loop
      vertex -6.20025 1.63969 -4.10627
      vertex -6.20025 1.63687 -2.73361
      vertex -6.20025 1.67192 -2.67136
    endloop
  endfacet
  facet normal -1 0 0
    outer loop
      vertex -6.20025 1.60751 -4.04244
      vertex -6.20025 1.63687 -2.73361
      vertex -6.20025 1.63969 -4.10627
    endloop
  endfacet
  facet normal -1 0 0
    outer loop
      vertex -6.20025 1.60751 -4.04244
      vertex -6.20025 1.60487 -2.79756
      vertex -6.20025 1.63687 -2.73361
    endloop
  endfacet
  facet normal -1 0 0
    outer loop
      vertex -6.20025 1.57838 -3.9769
      vertex -6.20025 1.60487 -2.79756
      vertex -6.20025 1.60751 -4.04244
    endloop
  endfacet
  facet normal -1 0 0
    outer loop
      vertex -6.20025 1.57838 -3.9769
      vertex -6.20025 1.57599 -2.8631
      vertex -6.20025 1.60487 -2.79756
    endloop
  endfacet
  facet normal -1 0 0
    outer loop
      vertex -6.20025 1.5524 -3.91005
      vertex -6.20025 1.57599 -2.8631
      vertex -6.20025 1.57838 -3.9769
    endloop
  endfacet
  facet normal -1 0 0
    outer loop
      vertex -6.20025 1.5524 -3.91005
      vertex -6.20025 1.55035 -2.92995
      vertex -6.20025 1.57599 -2.8631
    endloop
  endfacet
  facet normal -1 0 0
    outer loop
      vertex -6.20025 1.52977 -3.84225
      vertex -6.20025 1.55035 -2.92995
      vertex -6.20025 1.5524 -3.91005
    endloop
  endfacet
  facet normal -1 0 0
    outer loop
      vertex -6.20025 1.52977 -3.84225
      vertex -6.20025 1.52805 -2.99789
      vertex -6.20025 1.55035 -2.92995
    endloop
  endfacet
  facet normal -1 0 0
    outer loop
      vertex -6.20025 1.51053 -3.7736
      vertex -6.20025 1.52805 -2.99789
      vertex -6.20025 1.52977 -3.84225
    endloop
  endfacet
  facet normal -1 0 0
    outer loop
      vertex -6.20025 1.51053 -3.7736
      vertex -6.20025 1.5091 -3.06676
      vertex -6.20025 1.52805 -2.99789
    endloop
  endfacet
  facet normal -1 0 0
    outer loop
      vertex -6.20025 1.49469 -3.70418
      vertex -6.20025 1.5091 -3.06676
      vertex -6.20025 1.51053 -3.7736
    endloop
  endfacet
  facet normal -1 0 0
    outer loop
      vertex -6.20025 1.49469 -3.70418
      vertex -6.20025 1.49356 -3.13645
      vertex -6.20025 1.5091 -3.06676
    endloop
  endfacet
  facet normal -1 0 0
    outer loop
      vertex -6.20025 1.4823 -3.63409
      vertex -6.20025 1.49356 -3.13645
      vertex -6.20025 1.49469 -3.70418
    endloop
  endfacet
  facet normal -1 0 0
    outer loop
      vertex -6.20025 1.4823 -3.63409
      vertex -6.20025 1.48144 -3.20682
      vertex -6.20025 1.49356 -3.13645
    endloop
  endfacet
  facet normal -1 0 0
    outer loop
      vertex -6.20025 1.47337 -3.56342
      vertex -6.20025 1.48144 -3.20682
      vertex -6.20025 1.4823 -3.63409
    endloop
  endfacet
  facet normal -1 0 0
    outer loop
      vertex -6.20025 1.47337 -3.56342
      vertex -6.20025 1.47279 -3.27776
      vertex -6.20025 1.48144 -3.20682
    endloop
  endfacet
  facet normal -1 0 0
    outer loop
      vertex -6.20025 1.46793 -3.49228
      vertex -6.20025 1.47279 -3.27776
      vertex -6.20025 1.47337 -3.56342
    endloop
  endfacet
  facet normal -1 0 0
    outer loop
      vertex -6.20025 1.46793 -3.49228
      vertex -6.20025 1.46763 -3.34911
      vertex -6.20025 1.47279 -3.27776
    endloop
  endfacet
  facet normal -1 0 -0
    outer loop
      vertex -6.20025 1.46763 -3.34911
      vertex -6.20025 1.46793 -3.49228
      vertex -6.20025 1.46601 -3.42074
    endloop
  endfacet
  facet normal -1 -0 0
    outer loop
      vertex -6.20025 3.71211 -0.95156
      vertex -6.20025 3.45445 -1.55461
      vertex -6.20025 3.61845 -0.920654
    endloop
  endfacet
  facet normal -1 0 0
    outer loop
      vertex -6.20025 3.36501 -1.52779
      vertex -6.20025 3.61845 -0.920654
      vertex -6.20025 3.45445 -1.55461
    endloop
  endfacet
  facet normal -1 -0 0
    outer loop
      vertex -6.20025 3.61845 -0.920654
      vertex -6.20025 3.36501 -1.52779
      vertex -6.20025 3.52373 -0.89331
    endloop
  endfacet
  facet normal -1 -0 0
    outer loop
      vertex -6.20025 3.52373 -0.89331
      vertex -6.20025 3.36501 -1.52779
      vertex -6.20025 3.42822 -0.869605
    endloop
  endfacet
  facet normal -1 0 0
    outer loop
      vertex -6.20025 3.2745 -1.50518
      vertex -6.20025 3.42822 -0.869605
      vertex -6.20025 3.36501 -1.52779
    endloop
  endfacet
  facet normal -1 -0 0
    outer loop
      vertex -6.20025 3.42822 -0.869605
      vertex -6.20025 3.2745 -1.50518
      vertex -6.20025 3.33199 -0.849548
    endloop
  endfacet
  facet normal -1 0 0
    outer loop
      vertex -6.20025 3.18307 -1.48682
      vertex -6.20025 3.33199 -0.849548
      vertex -6.20025 3.2745 -1.50518
    endloop
  endfacet
  facet normal -1 -0 0
    outer loop
      vertex -6.20025 3.33199 -0.849548
      vertex -6.20025 3.18307 -1.48682
      vertex -6.20025 3.23513 -0.833129
    endloop
  endfacet
  facet normal -1 0 0
    outer loop
      vertex -6.20025 3.09089 -1.47277
      vertex -6.20025 3.23513 -0.833129
      vertex -6.20025 3.18307 -1.48682
    endloop
  endfacet
  facet normal -1 -0 0
    outer loop
      vertex -6.20025 3.23513 -0.833129
      vertex -6.20025 3.09089 -1.47277
      vertex -6.20025 3.1377 -0.82035
    endloop
  endfacet
  facet normal -1 0 0
    outer loop
      vertex -6.20025 2.9981 -1.46306
      vertex -6.20025 3.1377 -0.82035
      vertex -6.20025 3.09089 -1.47277
    endloop
  endfacet
  facet normal -1 -0 0
    outer loop
      vertex -6.20025 3.1377 -0.82035
      vertex -6.20025 2.9981 -1.46306
      vertex -6.20025 3.03979 -0.811225
    endloop
  endfacet
  facet normal -1 0 0
    outer loop
      vertex -6.20025 2.9981 -1.46306
      vertex -6.20025 2.94147 -0.805747
      vertex -6.20025 3.03979 -0.811225
    endloop
  endfacet
  facet normal -1 0 0
    outer loop
      vertex -6.20025 2.90486 -1.45774
      vertex -6.20025 2.94147 -0.805747
      vertex -6.20025 2.9981 -1.46306
    endloop
  endfacet
  facet normal -1 0 0
    outer loop
      vertex -6.20025 2.90486 -1.45774
      vertex -6.20025 2.84281 -0.803924
      vertex -6.20025 2.94147 -0.805747
    endloop
  endfacet
  facet normal -1 0 0
    outer loop
      vertex -6.20025 2.81133 -1.45685
      vertex -6.20025 2.84281 -0.803924
      vertex -6.20025 2.90486 -1.45774
    endloop
  endfacet
  facet normal -1 0 0
    outer loop
      vertex -6.20025 2.81133 -1.45685
      vertex -6.20025 2.76937 -0.805259
      vertex -6.20025 2.84281 -0.803924
    endloop
  endfacet
  facet normal -1 0 0
    outer loop
      vertex -6.20025 2.71794 -1.46042
      vertex -6.20025 2.76937 -0.805259
      vertex -6.20025 2.81133 -1.45685
    endloop
  endfacet
  facet normal -1 0 0
    outer loop
      vertex -6.20025 2.71794 -1.46042
      vertex -6.20025 2.69599 -0.808341
      vertex -6.20025 2.76937 -0.805259
    endloop
  endfacet
  facet normal -1 0 0
    outer loop
      vertex -6.20025 2.6251 -1.46841
      vertex -6.20025 2.69599 -0.808341
      vertex -6.20025 2.71794 -1.46042
    endloop
  endfacet
  facet normal -1 0 0
    outer loop
      vertex -6.20025 2.53292 -1.4808
      vertex -6.20025 2.69599 -0.808341
      vertex -6.20025 2.6251 -1.46841
    endloop
  endfacet
  facet normal -1 0 0
    outer loop
      vertex -6.20025 2.44151 -1.49757
      vertex -6.20025 2.69599 -0.808341
      vertex -6.20025 2.53292 -1.4808
    endloop
  endfacet
  facet normal -1 0 0
    outer loop
      vertex -6.20025 2.35098 -1.51866
      vertex -6.20025 2.69599 -0.808341
      vertex -6.20025 2.44151 -1.49757
    endloop
  endfacet
  facet normal -1 0 0
    outer loop
      vertex -6.20025 2.26143 -1.54407
      vertex -6.20025 2.69599 -0.808341
      vertex -6.20025 2.35098 -1.51866
    endloop
  endfacet
  facet normal -1 0 0
    outer loop
      vertex -6.20025 2.17299 -1.57375
      vertex -6.20025 2.69599 -0.808341
      vertex -6.20025 2.26143 -1.54407
    endloop
  endfacet
  facet normal -1 0 0
    outer loop
      vertex -6.20025 2.08575 -1.60768
      vertex -6.20025 2.69599 -0.808341
      vertex -6.20025 2.17299 -1.57375
    endloop
  endfacet
  facet normal -1 0 0
    outer loop
      vertex -6.20025 2.04098 -1.62698
      vertex -6.20025 2.69599 -0.808341
      vertex -6.20025 2.08575 -1.60768
    endloop
  endfacet
  facet normal -1 0 0
    outer loop
      vertex -6.20025 1.99675 -1.64732
      vertex -6.20025 2.69599 -0.808341
      vertex -6.20025 2.04098 -1.62698
    endloop
  endfacet
  facet normal -1 0 0
    outer loop
      vertex -6.20025 1.9531 -1.66869
      vertex -6.20025 2.69599 -0.808341
      vertex -6.20025 1.99675 -1.64732
    endloop
  endfacet
  facet normal -1 0 0
    outer loop
      vertex -6.20025 1.91003 -1.69109
      vertex -6.20025 2.69599 -0.808341
      vertex -6.20025 1.9531 -1.66869
    endloop
  endfacet
  facet normal -1 0 0
    outer loop
      vertex -6.20025 1.86756 -1.71449
      vertex -6.20025 2.69599 -0.808341
      vertex -6.20025 1.91003 -1.69109
    endloop
  endfacet
  facet normal -1 0 0
    outer loop
      vertex -6.20025 1.82571 -1.73891
      vertex -6.20025 2.69599 -0.808341
      vertex -6.20025 1.86756 -1.71449
    endloop
  endfacet
  facet normal -1 0 0
    outer loop
      vertex -6.20025 -1.05564 1.20174
      vertex -6.20025 1.82571 -1.73891
      vertex -6.20025 1.78449 -1.76432
    endloop
  endfacet
  facet normal -1 0 0
    outer loop
      vertex -6.20025 -1.08698 1.1537
      vertex -6.20025 1.78449 -1.76432
      vertex -6.20025 1.74391 -1.79073
    endloop
  endfacet
  facet normal -1 0 0
    outer loop
      vertex -6.20025 -1.1195 1.10645
      vertex -6.20025 1.74391 -1.79073
      vertex -6.20025 1.70401 -1.81812
    endloop
  endfacet
  facet normal -1 0 0
    outer loop
      vertex -6.20025 -1.15316 1.05999
      vertex -6.20025 1.70401 -1.81812
      vertex -6.20025 1.66479 -1.84649
    endloop
  endfacet
  facet normal -1 0 0
    outer loop
      vertex -6.20025 -1.18795 1.01436
      vertex -6.20025 1.66479 -1.84649
      vertex -6.20025 1.62626 -1.87584
    endloop
  endfacet
  facet normal -1 0 0
    outer loop
      vertex -6.20025 -1.22385 0.969575
      vertex -6.20025 1.62626 -1.87584
      vertex -6.20025 1.58845 -1.90614
    endloop
  endfacet
  facet normal -1 0 0
    outer loop
      vertex -6.20025 -1.26085 0.925652
      vertex -6.20025 1.58845 -1.90614
      vertex -6.20025 1.55137 -1.9374
    endloop
  endfacet
  facet normal -1 0 0
    outer loop
      vertex -6.20025 -1.29894 0.88263
      vertex -6.20025 1.55137 -1.9374
      vertex -6.20025 1.51503 -1.96962
    endloop
  endfacet
  facet normal -1 0 0
    outer loop
      vertex -6.20025 -1.33809 0.840516
      vertex -6.20025 1.51503 -1.96962
      vertex -6.20025 1.47946 -2.00277
    endloop
  endfacet
  facet normal -1 0 0
    outer loop
      vertex -6.20025 -1.33809 0.840516
      vertex -6.20025 1.47946 -2.00277
      vertex -6.20025 1.44467 -2.03686
    endloop
  endfacet
  facet normal -1 0 0
    outer loop
      vertex -6.20025 0.361873 -4.32333
      vertex -6.20025 0.986054 -4.10133
      vertex -6.20025 0.384448 -4.38397
    endloop
  endfacet
  facet normal -1 -0 0
    outer loop
      vertex -6.20025 0.986054 -4.10133
      vertex -6.20025 0.361873 -4.32333
      vertex -6.20025 0.970093 -4.05544
    endloop
  endfacet
  facet normal -1 0 0
    outer loop
      vertex -6.20025 0.340835 -4.26225
      vertex -6.20025 0.970093 -4.05544
      vertex -6.20025 0.361873 -4.32333
    endloop
  endfacet
  facet normal -1 -0 0
    outer loop
      vertex -6.20025 0.970093 -4.05544
      vertex -6.20025 0.340835 -4.26225
      vertex -6.20025 0.955268 -4.00924
    endloop
  endfacet
  facet normal -1 0 0
    outer loop
      vertex -6.20025 0.321337 -4.20074
      vertex -6.20025 0.955268 -4.00924
      vertex -6.20025 0.340835 -4.26225
    endloop
  endfacet
  facet normal -1 -0 0
    outer loop
      vertex -6.20025 0.955268 -4.00924
      vertex -6.20025 0.321337 -4.20074
      vertex -6.20025 0.941585 -3.96274
    endloop
  endfacet
  facet normal -1 0 0
    outer loop
      vertex -6.20025 0.303382 -4.13882
      vertex -6.20025 0.941585 -3.96274
      vertex -6.20025 0.321337 -4.20074
    endloop
  endfacet
  facet normal -1 -0 0
    outer loop
      vertex -6.20025 0.941585 -3.96274
      vertex -6.20025 0.303382 -4.13882
      vertex -6.20025 0.929051 -3.91595
    endloop
  endfacet
  facet normal -1 0 0
    outer loop
      vertex -6.20025 0.286973 -4.07651
      vertex -6.20025 0.929051 -3.91595
      vertex -6.20025 0.303382 -4.13882
    endloop
  endfacet
  facet normal -1 -0 0
    outer loop
      vertex -6.20025 0.929051 -3.91595
      vertex -6.20025 0.286973 -4.07651
      vertex -6.20025 0.917674 -3.86889
    endloop
  endfacet
  facet normal -1 0 0
    outer loop
      vertex -6.20025 0.272113 -4.01385
      vertex -6.20025 0.917674 -3.86889
      vertex -6.20025 0.286973 -4.07651
    endloop
  endfacet
  facet normal -1 -0 0
    outer loop
      vertex -6.20025 0.917674 -3.86889
      vertex -6.20025 0.272113 -4.01385
      vertex -6.20025 0.907457 -3.82159
    endloop
  endfacet
  facet normal -1 0 0
    outer loop
      vertex -6.20025 0.258804 -3.95084
      vertex -6.20025 0.907457 -3.82159
      vertex -6.20025 0.272113 -4.01385
    endloop
  endfacet
  facet normal -1 -0 0
    outer loop
      vertex -6.20025 0.907457 -3.82159
      vertex -6.20025 0.258804 -3.95084
      vertex -6.20025 0.898408 -3.77406
    endloop
  endfacet
  facet normal -1 0 0
    outer loop
      vertex -6.20025 0.247052 -3.88751
      vertex -6.20025 0.898408 -3.77406
      vertex -6.20025 0.258804 -3.95084
    endloop
  endfacet
  facet normal -1 -0 0
    outer loop
      vertex -6.20025 0.898408 -3.77406
      vertex -6.20025 0.247052 -3.88751
      vertex -6.20025 0.890533 -3.72631
    endloop
  endfacet
  facet normal -1 0 0
    outer loop
      vertex -6.20025 0.236856 -3.82389
      vertex -6.20025 0.890533 -3.72631
      vertex -6.20025 0.247052 -3.88751
    endloop
  endfacet
  facet normal -1 -0 0
    outer loop
      vertex -6.20025 0.890533 -3.72631
      vertex -6.20025 0.236856 -3.82389
      vertex -6.20025 0.883837 -3.67837
    endloop
  endfacet
  facet normal -1 0 0
    outer loop
      vertex -6.20025 0.22822 -3.75999
      vertex -6.20025 0.883837 -3.67837
      vertex -6.20025 0.236856 -3.82389
    endloop
  endfacet
  facet normal -1 -0 0
    outer loop
      vertex -6.20025 0.883837 -3.67837
      vertex -6.20025 0.22822 -3.75999
      vertex -6.20025 0.878327 -3.63024
    endloop
  endfacet
  facet normal -1 0 0
    outer loop
      vertex -6.20025 1.78449 -1.76432
      vertex -6.20025 -1.08698 1.1537
      vertex -6.20025 -1.05564 1.20174
    endloop
  endfacet
  facet normal -1 0 0
    outer loop
      vertex -6.20025 -1.37828 0.799332
      vertex -6.20025 1.44467 -2.03686
      vertex -6.20025 1.41074 -2.0718
    endloop
  endfacet
  facet normal -1 0 0
    outer loop
      vertex -6.20025 -1.41946 0.759156
      vertex -6.20025 1.41074 -2.0718
      vertex -6.20025 1.37775 -2.10752
    endloop
  endfacet
  facet normal -1 0 0
    outer loop
      vertex -6.20025 -1.46157 0.720025
      vertex -6.20025 1.37775 -2.10752
      vertex -6.20025 1.3457 -2.144
    endloop
  endfacet
  facet normal -1 0 0
    outer loop
      vertex -6.20025 -1.5046 0.681954
      vertex -6.20025 1.3457 -2.144
      vertex -6.20025 1.3146 -2.18122
    endloop
  endfacet
  facet normal -1 0 0
    outer loop
      vertex -6.20025 -1.54851 0.644967
      vertex -6.20025 1.3146 -2.18122
      vertex -6.20025 1.28447 -2.21916
    endloop
  endfacet
  facet normal -1 0 0
    outer loop
      vertex -6.20025 -1.5933 0.609078
      vertex -6.20025 1.28447 -2.21916
      vertex -6.20025 1.2553 -2.25782
    endloop
  endfacet
  facet normal -1 0 0
    outer loop
      vertex -6.20025 -1.63893 0.574296
      vertex -6.20025 1.2553 -2.25782
      vertex -6.20025 1.2271 -2.29716
    endloop
  endfacet
  facet normal -1 0 0
    outer loop
      vertex -6.20025 -1.68538 0.54065
      vertex -6.20025 1.2271 -2.29716
      vertex -6.20025 1.19989 -2.3372
    endloop
  endfacet
  facet normal -1 0 0
    outer loop
      vertex -6.20025 -1.73264 0.508149
      vertex -6.20025 1.19989 -2.3372
      vertex -6.20025 1.17367 -2.37788
    endloop
  endfacet
  facet normal -1 0 0
    outer loop
      vertex -6.20025 -1.78069 0.476807
      vertex -6.20025 1.17367 -2.37788
      vertex -6.20025 1.14844 -2.41922
    endloop
  endfacet
  facet normal -1 0 0
    outer loop
      vertex -6.20025 -1.82949 0.446648
      vertex -6.20025 1.14844 -2.41922
      vertex -6.20025 1.12422 -2.46118
    endloop
  endfacet
  facet normal -1 0 0
    outer loop
      vertex -6.20025 0.21171 -3.3126
      vertex -6.20025 1.12422 -2.46118
      vertex -6.20025 1.101 -2.50375
    endloop
  endfacet
  facet normal -1 0 0
    outer loop
      vertex -6.20025 0.21171 -3.3126
      vertex -6.20025 1.101 -2.50375
      vertex -6.20025 1.07881 -2.54693
    endloop
  endfacet
  facet normal -1 0 0
    outer loop
      vertex -6.20025 0.21171 -3.3126
      vertex -6.20025 1.07881 -2.54693
      vertex -6.20025 1.05764 -2.59067
    endloop
  endfacet
  facet normal -1 0 0
    outer loop
      vertex -6.20025 0.21171 -3.3126
      vertex -6.20025 1.05764 -2.59067
      vertex -6.20025 1.03751 -2.63499
    endloop
  endfacet
  facet normal -1 0 0
    outer loop
      vertex -6.20025 0.21171 -3.3126
      vertex -6.20025 1.03751 -2.63499
      vertex -6.20025 1.01842 -2.67985
    endloop
  endfacet
  facet normal -1 0 0
    outer loop
      vertex -6.20025 0.21171 -3.3126
      vertex -6.20025 1.01842 -2.67985
      vertex -6.20025 1.00037 -2.72514
    endloop
  endfacet
  facet normal -1 0 0
    outer loop
      vertex -6.20025 0.21171 -3.3126
      vertex -6.20025 1.00037 -2.72514
      vertex -6.20025 0.983459 -2.77075
    endloop
  endfacet
  facet normal -1 0 0
    outer loop
      vertex -6.20025 0.21171 -3.3126
      vertex -6.20025 0.983459 -2.77075
      vertex -6.20025 0.967674 -2.8167
    endloop
  endfacet
  facet normal -1 0 0
    outer loop
      vertex -6.20025 0.21171 -3.3126
      vertex -6.20025 0.967674 -2.8167
      vertex -6.20025 0.95303 -2.86296
    endloop
  endfacet
  facet normal -1 0 0
    outer loop
      vertex -6.20025 0.21171 -3.3126
      vertex -6.20025 0.95303 -2.86296
      vertex -6.20025 0.939529 -2.90952
    endloop
  endfacet
  facet normal -1 0 0
    outer loop
      vertex -6.20025 0.21171 -3.3126
      vertex -6.20025 0.939529 -2.90952
      vertex -6.20025 0.927177 -2.95635
    endloop
  endfacet
  facet normal -1 0 0
    outer loop
      vertex -6.20025 0.221149 -3.69584
      vertex -6.20025 0.878327 -3.63024
      vertex -6.20025 0.22822 -3.75999
    endloop
  endfacet
  facet normal -1 0 0
    outer loop
      vertex -6.20025 -0.6926 2.45194
      vertex -6.20025 0.478018 2.45194
      vertex -6.20025 0.478018 2.40649
    endloop
  endfacet
  facet normal -1 -0 0
    outer loop
      vertex -6.20025 1.12422 -2.46118
      vertex -6.20025 0.21171 -3.3126
      vertex -6.20025 -1.82949 0.446648
    endloop
  endfacet
  facet normal -1 0 0
    outer loop
      vertex -6.20025 2.69599 -0.808341
      vertex -6.20025 -1.05564 1.20174
      vertex -6.20025 -1.02547 1.25054
    endloop
  endfacet
  facet normal -1 0 -0
    outer loop
      vertex -6.20025 -0.96874 1.35033
      vertex -6.20025 2.69599 -0.808341
      vertex -6.20025 -0.996497 1.30007
    endloop
  endfacet
  facet normal -1 0 -0
    outer loop
      vertex -6.20025 -0.942212 1.40128
      vertex -6.20025 0.478018 2.40649
      vertex -6.20025 -0.96874 1.35033
    endloop
  endfacet
  facet normal -1 -0 0
    outer loop
      vertex -6.20025 0.878327 -3.63024
      vertex -6.20025 0.221149 -3.69584
      vertex -6.20025 0.874011 -3.58195
    endloop
  endfacet
  facet normal -1 0 -0
    outer loop
      vertex -6.20025 -0.892914 1.50517
      vertex -6.20025 0.478018 2.40649
      vertex -6.20025 -0.916931 1.4529
    endloop
  endfacet
  facet normal -1 0 -0
    outer loop
      vertex -6.20025 -0.870175 1.55806
      vertex -6.20025 0.478018 2.40649
      vertex -6.20025 -0.892914 1.50517
    endloop
  endfacet
  facet normal -1 0 0
    outer loop
      vertex -6.20025 0.215643 -3.63145
      vertex -6.20025 0.874011 -3.58195
      vertex -6.20025 0.221149 -3.69584
    endloop
  endfacet
  facet normal -1 0 -0
    outer loop
      vertex -6.20025 -0.828727 1.66528
      vertex -6.20025 0.478018 2.40649
      vertex -6.20025 -0.848769 1.61147
    endloop
  endfacet
  facet normal -1 0 -0
    outer loop
      vertex -6.20025 -0.792736 1.77411
      vertex -6.20025 0.478018 2.40649
      vertex -6.20025 -0.810047 1.71951
    endloop
  endfacet
  facet normal -1 -0 0
    outer loop
      vertex -6.20025 0.874011 -3.58195
      vertex -6.20025 0.215643 -3.63145
      vertex -6.20025 0.870893 -3.53351
    endloop
  endfacet
  facet normal -1 0 -0
    outer loop
      vertex -6.20025 -0.762225 1.88438
      vertex -6.20025 0.478018 2.40649
      vertex -6.20025 -0.776794 1.82907
    endloop
  endfacet
  facet normal -1 0 0
    outer loop
      vertex -6.20025 0.211707 -3.56686
      vertex -6.20025 0.870893 -3.53351
      vertex -6.20025 0.215643 -3.63145
    endloop
  endfacet
  facet normal -1 0 -0
    outer loop
      vertex -6.20025 -0.749032 1.94
      vertex -6.20025 0.478018 2.40649
      vertex -6.20025 -0.762225 1.88438
    endloop
  endfacet
  facet normal -1 -0 0
    outer loop
      vertex -6.20025 0.870893 -3.53351
      vertex -6.20025 0.211707 -3.56686
      vertex -6.20025 0.868979 -3.48494
    endloop
  endfacet
  facet normal -1 0 -0
    outer loop
      vertex -6.20025 -0.72678 2.05215
      vertex -6.20025 0.478018 2.40649
      vertex -6.20025 -0.737216 1.99593
    endloop
  endfacet
  facet normal -1 0 0
    outer loop
      vertex -6.20025 0.209344 -3.50207
      vertex -6.20025 0.868979 -3.48494
      vertex -6.20025 0.211707 -3.56686
    endloop
  endfacet
  facet normal -1 0 -0
    outer loop
      vertex -6.20025 -0.71006 2.16534
      vertex -6.20025 0.478018 2.40649
      vertex -6.20025 -0.717729 2.10862
    endloop
  endfacet
  facet normal -1 0 0
    outer loop
      vertex -6.20025 0.868276 -3.43626
      vertex -6.20025 0.21171 -3.3126
      vertex -6.20025 0.868789 -3.38757
    endloop
  endfacet
  facet normal -1 0 0
    outer loop
      vertex -6.20025 0.868789 -3.38757
      vertex -6.20025 0.21171 -3.3126
      vertex -6.20025 0.870512 -3.339
    endloop
  endfacet
  facet normal -1 0 -0
    outer loop
      vertex -6.20025 -0.703782 2.22229
      vertex -6.20025 0.478018 2.40649
      vertex -6.20025 -0.71006 2.16534
    endloop
  endfacet
  facet normal -1 0 0
    outer loop
      vertex -6.20025 0.870512 -3.339
      vertex -6.20025 0.21171 -3.3126
      vertex -6.20025 0.873441 -3.29055
    endloop
  endfacet
  facet normal -1 0 -0
    outer loop
      vertex -6.20025 -0.695399 2.33678
      vertex -6.20025 0.478018 2.40649
      vertex -6.20025 -0.698893 2.27944
    endloop
  endfacet
  facet normal -1 -0 0
    outer loop
      vertex -6.20025 0.873441 -3.29055
      vertex -6.20025 0.21171 -3.3126
      vertex -6.20025 0.877569 -3.24224
    endloop
  endfacet
  facet normal -1 -0 0
    outer loop
      vertex -6.20025 0.877569 -3.24224
      vertex -6.20025 0.21171 -3.3126
      vertex -6.20025 0.88289 -3.1941
    endloop
  endfacet
  facet normal -1 -0 0
    outer loop
      vertex -6.20025 0.88289 -3.1941
      vertex -6.20025 0.21171 -3.3126
      vertex -6.20025 0.889398 -3.14613
    endloop
  endfacet
  facet normal -1 0 -0
    outer loop
      vertex -6.20025 -0.6926 2.45194
      vertex -6.20025 0.478018 2.40649
      vertex -6.20025 -0.6933 2.39429
    endloop
  endfacet
  facet normal -1 -0 0
    outer loop
      vertex -6.20025 0.889398 -3.14613
      vertex -6.20025 0.21171 -3.3126
      vertex -6.20025 0.897087 -3.09835
    endloop
  endfacet
  facet normal -1 -0 0
    outer loop
      vertex -6.20025 0.897087 -3.09835
      vertex -6.20025 0.21171 -3.3126
      vertex -6.20025 0.905951 -3.05079
    endloop
  endfacet
  facet normal -1 -0 0
    outer loop
      vertex -6.20025 0.905951 -3.05079
      vertex -6.20025 0.21171 -3.3126
      vertex -6.20025 0.915982 -3.00344
    endloop
  endfacet
  facet normal -1 -0 0
    outer loop
      vertex -6.20025 0.915982 -3.00344
      vertex -6.20025 0.21171 -3.3126
      vertex -6.20025 0.927177 -2.95635
    endloop
  endfacet
  facet normal -1 0 0
    outer loop
      vertex -6.20025 -0.6933 2.50958
      vertex -6.20025 0.476967 2.53846
      vertex -6.20025 -0.6926 2.45194
    endloop
  endfacet
  facet normal -1 -0 0
    outer loop
      vertex -6.20025 0.476967 2.53846
      vertex -6.20025 -0.6933 2.50958
      vertex -6.20025 0.473817 2.62476
    endloop
  endfacet
  facet normal -1 -0 0
    outer loop
      vertex -6.20025 0.473817 2.62476
      vertex -6.20025 -0.6954 2.56709
      vertex -6.20025 0.468571 2.71082
    endloop
  endfacet
  facet normal -1 -0 0
    outer loop
      vertex -6.20025 0.468571 2.71082
      vertex -6.20025 -0.698896 2.62444
      vertex -6.20025 0.461235 2.7966
    endloop
  endfacet
  facet normal -1 -0 0
    outer loop
      vertex -6.20025 0.461235 2.7966
      vertex -6.20025 -0.703787 2.68159
      vertex -6.20025 0.451811 2.88207
    endloop
  endfacet
  facet normal -1 0 0
    outer loop
      vertex -6.20025 -0.710067 2.73853
      vertex -6.20025 0.451811 2.88207
      vertex -6.20025 -0.703787 2.68159
    endloop
  endfacet
  facet normal -1 0 0
    outer loop
      vertex -6.20025 -0.717735 2.79525
      vertex -6.20025 0.440304 2.9672
      vertex -6.20025 -0.710067 2.73853
    endloop
  endfacet
  facet normal -1 0 0
    outer loop
      vertex -6.20025 -0.72679 2.85173
      vertex -6.20025 0.426717 3.05196
      vertex -6.20025 -0.717735 2.79525
    endloop
  endfacet
  facet normal -1 -0 0
    outer loop
      vertex -6.20025 0.426717 3.05196
      vertex -6.20025 -0.72679 2.85173
      vertex -6.20025 0.411055 3.13634
    endloop
  endfacet
  facet normal -1 -0 0
    outer loop
      vertex -6.20025 0.411055 3.13634
      vertex -6.20025 -0.737228 2.90794
      vertex -6.20025 0.393321 3.22028
    endloop
  endfacet
  facet normal -1 -0 0
    outer loop
      vertex -6.20025 0.393321 3.22028
      vertex -6.20025 -0.749046 2.96388
      vertex -6.20025 0.373519 3.30377
    endloop
  endfacet
  facet normal -1 -0 0
    outer loop
      vertex -6.20025 0.373519 3.30377
      vertex -6.20025 -0.762241 3.01949
      vertex -6.20025 0.351654 3.38677
    endloop
  endfacet
  facet normal -1 0 0
    outer loop
      vertex -6.20025 -0.776812 3.0748
      vertex -6.20025 0.351654 3.38677
      vertex -6.20025 -0.762241 3.01949
    endloop
  endfacet
  facet normal -1 0 0
    outer loop
      vertex -6.20025 -0.792754 3.12976
      vertex -6.20025 0.327728 3.46927
      vertex -6.20025 -0.776812 3.0748
    endloop
  endfacet
  facet normal -1 0 0
    outer loop
      vertex -6.20025 -0.810066 3.18436
      vertex -6.20025 0.301748 3.55122
      vertex -6.20025 -0.792754 3.12976
    endloop
  endfacet
  facet normal -1 -0 0
    outer loop
      vertex -6.20025 0.301748 3.55122
      vertex -6.20025 -0.810066 3.18436
      vertex -6.20025 0.273716 3.6326
    endloop
  endfacet
  facet normal -1 -0 0
    outer loop
      vertex -6.20025 0.273716 3.6326
      vertex -6.20025 -0.828746 3.23857
      vertex -6.20025 0.243635 3.71338
    endloop
  endfacet
  facet normal -1 -0 0
    outer loop
      vertex -6.20025 0.243635 3.71338
      vertex -6.20025 -0.848788 3.29239
      vertex -6.20025 0.211511 3.79353
    endloop
  endfacet
  facet normal -1 0 0
    outer loop
      vertex -6.20025 -0.870192 3.34579
      vertex -6.20025 0.211511 3.79353
      vertex -6.20025 -0.848788 3.29239
    endloop
  endfacet
  facet normal -1 -0 0
    outer loop
      vertex -6.20025 0.211511 3.79353
      vertex -6.20025 -0.870192 3.34579
      vertex -6.20025 0.177386 3.87293
    endloop
  endfacet
  facet normal -1 0 0
    outer loop
      vertex -6.20025 -0.892934 3.39869
      vertex -6.20025 0.177386 3.87293
      vertex -6.20025 -0.870192 3.34579
    endloop
  endfacet
  facet normal -1 0 0
    outer loop
      vertex -6.20025 -0.848788 3.29239
      vertex -6.20025 0.243635 3.71338
      vertex -6.20025 -0.828746 3.23857
    endloop
  endfacet
  facet normal -1 0 0
    outer loop
      vertex -6.20025 -0.828746 3.23857
      vertex -6.20025 0.273716 3.6326
      vertex -6.20025 -0.810066 3.18436
    endloop
  endfacet
  facet normal -1 -0 0
    outer loop
      vertex -6.20025 0.327728 3.46927
      vertex -6.20025 -0.792754 3.12976
      vertex -6.20025 0.301748 3.55122
    endloop
  endfacet
  facet normal -1 -0 0
    outer loop
      vertex -6.20025 0.351654 3.38677
      vertex -6.20025 -0.776812 3.0748
      vertex -6.20025 0.327728 3.46927
    endloop
  endfacet
  facet normal -1 0 0
    outer loop
      vertex -6.20025 -0.762241 3.01949
      vertex -6.20025 0.373519 3.30377
      vertex -6.20025 -0.749046 2.96388
    endloop
  endfacet
  facet normal -1 0 0
    outer loop
      vertex -6.20025 -0.749046 2.96388
      vertex -6.20025 0.393321 3.22028
      vertex -6.20025 -0.737228 2.90794
    endloop
  endfacet
  facet normal -1 0 0
    outer loop
      vertex -6.20025 -0.737228 2.90794
      vertex -6.20025 0.411055 3.13634
      vertex -6.20025 -0.72679 2.85173
    endloop
  endfacet
  facet normal -1 -0 0
    outer loop
      vertex -6.20025 0.440304 2.9672
      vertex -6.20025 -0.717735 2.79525
      vertex -6.20025 0.426717 3.05196
    endloop
  endfacet
  facet normal -1 -0 0
    outer loop
      vertex -6.20025 0.451811 2.88207
      vertex -6.20025 -0.710067 2.73853
      vertex -6.20025 0.440304 2.9672
    endloop
  endfacet
  facet normal -1 0 0
    outer loop
      vertex -6.20025 -0.703787 2.68159
      vertex -6.20025 0.461235 2.7966
      vertex -6.20025 -0.698896 2.62444
    endloop
  endfacet
  facet normal -1 0 0
    outer loop
      vertex -6.20025 -0.698896 2.62444
      vertex -6.20025 0.468571 2.71082
      vertex -6.20025 -0.6954 2.56709
    endloop
  endfacet
  facet normal -1 0 0
    outer loop
      vertex -6.20025 -0.6954 2.56709
      vertex -6.20025 0.473817 2.62476
      vertex -6.20025 -0.6933 2.50958
    endloop
  endfacet
  facet normal -1 0 0
    outer loop
      vertex -6.20025 0.478018 2.45194
      vertex -6.20025 -0.6926 2.45194
      vertex -6.20025 0.476967 2.53846
    endloop
  endfacet
  facet normal -1 0 -0
    outer loop
      vertex -6.20025 -0.6933 2.39429
      vertex -6.20025 0.478018 2.40649
      vertex -6.20025 -0.695399 2.33678
    endloop
  endfacet
  facet normal -1 0 -0
    outer loop
      vertex -6.20025 -0.698893 2.27944
      vertex -6.20025 0.478018 2.40649
      vertex -6.20025 -0.703782 2.22229
    endloop
  endfacet
  facet normal -1 0 -0
    outer loop
      vertex -6.20025 -0.717729 2.10862
      vertex -6.20025 0.478018 2.40649
      vertex -6.20025 -0.72678 2.05215
    endloop
  endfacet
  facet normal -1 0 -0
    outer loop
      vertex -6.20025 -0.737216 1.99593
      vertex -6.20025 0.478018 2.40649
      vertex -6.20025 -0.749032 1.94
    endloop
  endfacet
  facet normal -1 0 -0
    outer loop
      vertex -6.20025 -0.776794 1.82907
      vertex -6.20025 0.478018 2.40649
      vertex -6.20025 -0.792736 1.77411
    endloop
  endfacet
  facet normal -1 0 -0
    outer loop
      vertex -6.20025 -0.810047 1.71951
      vertex -6.20025 0.478018 2.40649
      vertex -6.20025 -0.828727 1.66528
    endloop
  endfacet
  facet normal -1 0 -0
    outer loop
      vertex -6.20025 -0.848769 1.61147
      vertex -6.20025 0.478018 2.40649
      vertex -6.20025 -0.870175 1.55806
    endloop
  endfacet
  facet normal -1 0 -0
    outer loop
      vertex -6.20025 -0.916931 1.4529
      vertex -6.20025 0.478018 2.40649
      vertex -6.20025 -0.942212 1.40128
    endloop
  endfacet
  facet normal -1 0 0
    outer loop
      vertex -6.20025 2.69599 -0.808341
      vertex -6.20025 -0.96874 1.35033
      vertex -6.20025 0.478018 2.40649
    endloop
  endfacet
  facet normal -1 0 0
    outer loop
      vertex -6.20025 2.69599 -0.808341
      vertex -6.20025 -1.02547 1.25054
      vertex -6.20025 -0.996497 1.30007
    endloop
  endfacet
  facet normal -1 0 0
    outer loop
      vertex -6.20025 1.82571 -1.73891
      vertex -6.20025 -1.05564 1.20174
      vertex -6.20025 2.69599 -0.808341
    endloop
  endfacet
  facet normal -1 0 0
    outer loop
      vertex -6.20025 1.74391 -1.79073
      vertex -6.20025 -1.1195 1.10645
      vertex -6.20025 -1.08698 1.1537
    endloop
  endfacet
  facet normal -1 0 0
    outer loop
      vertex -6.20025 1.70401 -1.81812
      vertex -6.20025 -1.15316 1.05999
      vertex -6.20025 -1.1195 1.10645
    endloop
  endfacet
  facet normal -1 0 0
    outer loop
      vertex -6.20025 1.66479 -1.84649
      vertex -6.20025 -1.18795 1.01436
      vertex -6.20025 -1.15316 1.05999
    endloop
  endfacet
  facet normal -1 0 0
    outer loop
      vertex -6.20025 1.62626 -1.87584
      vertex -6.20025 -1.22385 0.969575
      vertex -6.20025 -1.18795 1.01436
    endloop
  endfacet
  facet normal -1 0 0
    outer loop
      vertex -6.20025 1.58845 -1.90614
      vertex -6.20025 -1.26085 0.925652
      vertex -6.20025 -1.22385 0.969575
    endloop
  endfacet
  facet normal -1 0 0
    outer loop
      vertex -6.20025 1.55137 -1.9374
      vertex -6.20025 -1.29894 0.88263
      vertex -6.20025 -1.26085 0.925652
    endloop
  endfacet
  facet normal -1 0 0
    outer loop
      vertex -6.20025 1.51503 -1.96962
      vertex -6.20025 -1.33809 0.840516
      vertex -6.20025 -1.29894 0.88263
    endloop
  endfacet
  facet normal -1 0 0
    outer loop
      vertex -6.20025 1.44467 -2.03686
      vertex -6.20025 -1.37828 0.799332
      vertex -6.20025 -1.33809 0.840516
    endloop
  endfacet
  facet normal -1 0 0
    outer loop
      vertex -6.20025 1.41074 -2.0718
      vertex -6.20025 -1.41946 0.759156
      vertex -6.20025 -1.37828 0.799332
    endloop
  endfacet
  facet normal -1 0 0
    outer loop
      vertex -6.20025 1.37775 -2.10752
      vertex -6.20025 -1.46157 0.720025
      vertex -6.20025 -1.41946 0.759156
    endloop
  endfacet
  facet normal -1 0 0
    outer loop
      vertex -6.20025 1.3457 -2.144
      vertex -6.20025 -1.5046 0.681954
      vertex -6.20025 -1.46157 0.720025
    endloop
  endfacet
  facet normal -1 0 0
    outer loop
      vertex -6.20025 1.3146 -2.18122
      vertex -6.20025 -1.54851 0.644967
      vertex -6.20025 -1.5046 0.681954
    endloop
  endfacet
  facet normal -1 0 0
    outer loop
      vertex -6.20025 1.28447 -2.21916
      vertex -6.20025 -1.5933 0.609078
      vertex -6.20025 -1.54851 0.644967
    endloop
  endfacet
  facet normal -1 0 0
    outer loop
      vertex -6.20025 1.2553 -2.25782
      vertex -6.20025 -1.63893 0.574296
      vertex -6.20025 -1.5933 0.609078
    endloop
  endfacet
  facet normal -1 0 0
    outer loop
      vertex -6.20025 1.2271 -2.29716
      vertex -6.20025 -1.68538 0.54065
      vertex -6.20025 -1.63893 0.574296
    endloop
  endfacet
  facet normal -1 0 0
    outer loop
      vertex -6.20025 1.19989 -2.3372
      vertex -6.20025 -1.73264 0.508149
      vertex -6.20025 -1.68538 0.54065
    endloop
  endfacet
  facet normal -1 0 0
    outer loop
      vertex -6.20025 1.17367 -2.37788
      vertex -6.20025 -1.78069 0.476807
      vertex -6.20025 -1.73264 0.508149
    endloop
  endfacet
  facet normal -1 0 0
    outer loop
      vertex -6.20025 1.14844 -2.41922
      vertex -6.20025 -1.82949 0.446648
      vertex -6.20025 -1.78069 0.476807
    endloop
  endfacet
  facet normal -1 0 0
    outer loop
      vertex -6.20025 0.21171 -3.3126
      vertex -6.20025 -1.87903 0.417679
      vertex -6.20025 -1.82949 0.446648
    endloop
  endfacet
  facet normal -1 0 0
    outer loop
      vertex -6.20025 -2.95159 -1.0555
      vertex -6.20025 -1.87903 0.417679
      vertex -6.20025 0.21171 -3.3126
    endloop
  endfacet
  facet normal -1 0 0
    outer loop
      vertex -6.20025 -1.87903 0.417679
      vertex -6.20025 -2.95159 -1.0555
      vertex -6.20025 -1.92928 0.389931
    endloop
  endfacet
  facet normal -1 0 0
    outer loop
      vertex -6.20025 -1.92928 0.389931
      vertex -6.20025 -2.95159 -1.0555
      vertex -6.20025 -1.98023 0.363412
    endloop
  endfacet
  facet normal -1 0 0
    outer loop
      vertex -6.20025 -1.98023 0.363412
      vertex -6.20025 -2.95159 -1.0555
      vertex -6.20025 -2.03186 0.338135
    endloop
  endfacet
  facet normal -1 0 0
    outer loop
      vertex -6.20025 -2.03186 0.338135
      vertex -6.20025 -2.95159 -1.0555
      vertex -6.20025 -2.08413 0.314118
    endloop
  endfacet
  facet normal -1 0 0
    outer loop
      vertex -6.20025 -2.08413 0.314118
      vertex -6.20025 -2.95159 -1.0555
      vertex -6.20025 -2.13704 0.291382
    endloop
  endfacet
  facet normal -1 0 0
    outer loop
      vertex -6.20025 -2.13704 0.291382
      vertex -6.20025 -2.95159 -1.0555
      vertex -6.20025 -2.19043 0.269982
    endloop
  endfacet
  facet normal -1 0 0
    outer loop
      vertex -6.20025 -2.19043 0.269982
      vertex -6.20025 -2.95159 -1.0555
      vertex -6.20025 -2.24425 0.249947
    endloop
  endfacet
  facet normal -1 0 0
    outer loop
      vertex -6.20025 -2.24425 0.249947
      vertex -6.20025 -2.95159 -1.0555
      vertex -6.20025 -2.29847 0.231278
    endloop
  endfacet
  facet normal -1 0 0
    outer loop
      vertex -6.20025 -2.29847 0.231278
      vertex -6.20025 -2.95159 -1.0555
      vertex -6.20025 -2.35307 0.213967
    endloop
  endfacet
  facet normal -1 0 0
    outer loop
      vertex -6.20025 -2.35307 0.213967
      vertex -6.20025 -2.95159 -1.0555
      vertex -6.20025 -2.40803 0.198029
    endloop
  endfacet
  facet normal -1 0 0
    outer loop
      vertex -6.20025 -2.40803 0.198029
      vertex -6.20025 -2.95159 -1.0555
      vertex -6.20025 -2.46333 0.183465
    endloop
  endfacet
  facet normal -1 0 0
    outer loop
      vertex -6.20025 -2.46333 0.183465
      vertex -6.20025 -2.95159 -1.0555
      vertex -6.20025 -2.51896 0.170273
    endloop
  endfacet
  facet normal -1 0 0
    outer loop
      vertex -6.20025 -2.51896 0.170273
      vertex -6.20025 -2.95159 -1.0555
      vertex -6.20025 -2.57489 0.158463
    endloop
  endfacet
  facet normal -1 0 0
    outer loop
      vertex -6.20025 -2.57489 0.158463
      vertex -6.20025 -2.95159 -1.0555
      vertex -6.20025 -2.6311 0.148026
    endloop
  endfacet
  facet normal -1 0 0
    outer loop
      vertex -6.20025 -2.6311 0.148026
      vertex -6.20025 -2.95159 -1.0555
      vertex -6.20025 -2.68757 0.138978
    endloop
  endfacet
  facet normal -1 0 0
    outer loop
      vertex -6.20025 -2.68757 0.138978
      vertex -6.20025 -2.95159 -1.0555
      vertex -6.20025 -2.7443 0.13131
    endloop
  endfacet
  facet normal -1 0 0
    outer loop
      vertex -6.20025 -2.7443 0.13131
      vertex -6.20025 -2.95159 -1.0555
      vertex -6.20025 -2.80124 0.125031
    endloop
  endfacet
  facet normal -1 0 0
    outer loop
      vertex -6.20025 -2.80124 0.125031
      vertex -6.20025 -2.95159 -1.0555
      vertex -6.20025 -2.8584 0.120141
    endloop
  endfacet
  facet normal -1 0 0
    outer loop
      vertex -6.20025 -2.8584 0.120141
      vertex -6.20025 -2.95159 -1.0555
      vertex -6.20025 -2.91573 0.116646
    endloop
  endfacet
  facet normal -1 0 0
    outer loop
      vertex -6.20025 -2.95159 -1.0555
      vertex -6.20025 -2.97324 0.114548
      vertex -6.20025 -2.91573 0.116646
    endloop
  endfacet
  facet normal -1 0 0
    outer loop
      vertex -6.20025 -2.99136 -1.05735
      vertex -6.20025 -2.97324 0.114548
      vertex -6.20025 -2.95159 -1.0555
    endloop
  endfacet
  facet normal -1 0 0
    outer loop
      vertex -6.20025 -2.99136 -1.05735
      vertex -6.20025 -3.03089 0.113854
      vertex -6.20025 -2.97324 0.114548
    endloop
  endfacet
  facet normal -1 0 0
    outer loop
      vertex -6.20025 -3.03131 -1.05761
      vertex -6.20025 -3.03089 0.113854
      vertex -6.20025 -2.99136 -1.05735
    endloop
  endfacet
  facet normal -1 0 0
    outer loop
      vertex -6.20025 -3.03131 -1.05761
      vertex -6.20025 -3.08854 0.114548
      vertex -6.20025 -3.03089 0.113854
    endloop
  endfacet
  facet normal -1 0 0
    outer loop
      vertex -6.20025 -3.11784 -1.05656
      vertex -6.20025 -3.08854 0.114548
      vertex -6.20025 -3.03131 -1.05761
    endloop
  endfacet
  facet normal -1 0 0
    outer loop
      vertex -6.20025 -3.11784 -1.05656
      vertex -6.20025 -3.14605 0.116646
      vertex -6.20025 -3.08854 0.114548
    endloop
  endfacet
  facet normal -1 0 0
    outer loop
      vertex -6.20025 -3.20415 -1.05341
      vertex -6.20025 -3.14605 0.116646
      vertex -6.20025 -3.11784 -1.05656
    endloop
  endfacet
  facet normal -1 -0 0
    outer loop
      vertex -6.20025 -3.14605 0.116646
      vertex -6.20025 -3.20415 -1.05341
      vertex -6.20025 -3.20339 0.120141
    endloop
  endfacet
  facet normal -1 0 0
    outer loop
      vertex -6.20025 -3.29021 -1.04816
      vertex -6.20025 -3.20339 0.120141
      vertex -6.20025 -3.20415 -1.05341
    endloop
  endfacet
  facet normal -1 -0 0
    outer loop
      vertex -6.20025 -3.20339 0.120141
      vertex -6.20025 -3.29021 -1.04816
      vertex -6.20025 -3.26054 0.125031
    endloop
  endfacet
  facet normal -1 0 0
    outer loop
      vertex -6.20025 -3.37598 -1.04082
      vertex -6.20025 -3.26054 0.125031
      vertex -6.20025 -3.29021 -1.04816
    endloop
  endfacet
  facet normal -1 -0 0
    outer loop
      vertex -6.20025 -3.26054 0.125031
      vertex -6.20025 -3.37598 -1.04082
      vertex -6.20025 -3.31748 0.13131
    endloop
  endfacet
  facet normal -1 0 0
    outer loop
      vertex -6.20025 -3.46145 -1.03139
      vertex -6.20025 -3.31748 0.13131
      vertex -6.20025 -3.37598 -1.04082
    endloop
  endfacet
  facet normal -1 -0 0
    outer loop
      vertex -6.20025 -3.31748 0.13131
      vertex -6.20025 -3.46145 -1.03139
      vertex -6.20025 -3.37421 0.13897
    endloop
  endfacet
  facet normal -1 0 0
    outer loop
      vertex -6.20025 -3.54658 -1.01988
      vertex -6.20025 -3.37421 0.13897
      vertex -6.20025 -3.46145 -1.03139
    endloop
  endfacet
  facet normal -1 -0 0
    outer loop
      vertex -6.20025 -3.37421 0.13897
      vertex -6.20025 -3.54658 -1.01988
      vertex -6.20025 -3.43068 0.148026
    endloop
  endfacet
  facet normal -1 0 0
    outer loop
      vertex -6.20025 -3.63134 -1.00629
      vertex -6.20025 -3.43068 0.148026
      vertex -6.20025 -3.54658 -1.01988
    endloop
  endfacet
  facet normal -1 -0 0
    outer loop
      vertex -6.20025 -3.43068 0.148026
      vertex -6.20025 -3.63134 -1.00629
      vertex -6.20025 -3.4869 0.158456
    endloop
  endfacet
  facet normal -1 0 0
    outer loop
      vertex -6.20025 -3.7157 -0.99063
      vertex -6.20025 -3.4869 0.158456
      vertex -6.20025 -3.63134 -1.00629
    endloop
  endfacet
  facet normal -1 -0 0
    outer loop
      vertex -6.20025 -3.4869 0.158456
      vertex -6.20025 -3.7157 -0.99063
      vertex -6.20025 -3.54283 0.170273
    endloop
  endfacet
  facet normal -1 0 0
    outer loop
      vertex -6.20025 -3.79964 -0.972892
      vertex -6.20025 -3.54283 0.170273
      vertex -6.20025 -3.7157 -0.99063
    endloop
  endfacet
  facet normal -1 -0 0
    outer loop
      vertex -6.20025 -3.54283 0.170273
      vertex -6.20025 -3.79964 -0.972892
      vertex -6.20025 -3.59846 0.183465
    endloop
  endfacet
  facet normal -1 0 0
    outer loop
      vertex -6.20025 -3.88313 -0.953086
      vertex -6.20025 -3.59846 0.183465
      vertex -6.20025 -3.79964 -0.972892
    endloop
  endfacet
  facet normal -1 -0 0
    outer loop
      vertex -6.20025 -3.59846 0.183465
      vertex -6.20025 -3.88313 -0.953086
      vertex -6.20025 -3.65376 0.198029
    endloop
  endfacet
  facet normal -1 0 0
    outer loop
      vertex -6.20025 -3.96613 -0.93122
      vertex -6.20025 -3.65376 0.198029
      vertex -6.20025 -3.88313 -0.953086
    endloop
  endfacet
  facet normal -1 -0 0
    outer loop
      vertex -6.20025 -3.65376 0.198029
      vertex -6.20025 -3.96613 -0.93122
      vertex -6.20025 -3.70873 0.213967
    endloop
  endfacet
  facet normal -1 0 0
    outer loop
      vertex -6.20025 -4.04861 -0.907295
      vertex -6.20025 -3.70873 0.213967
      vertex -6.20025 -3.96613 -0.93122
    endloop
  endfacet
  facet normal -1 -0 0
    outer loop
      vertex -6.20025 -3.70873 0.213967
      vertex -6.20025 -4.04861 -0.907295
      vertex -6.20025 -3.76333 0.23127
    endloop
  endfacet
  facet normal -1 0 0
    outer loop
      vertex -6.20025 -4.13055 -0.881309
      vertex -6.20025 -3.76333 0.23127
      vertex -6.20025 -4.04861 -0.907295
    endloop
  endfacet
  facet normal -1 -0 0
    outer loop
      vertex -6.20025 -3.76333 0.23127
      vertex -6.20025 -4.13055 -0.881309
      vertex -6.20025 -3.81755 0.249947
    endloop
  endfacet
  facet normal -1 0 0
    outer loop
      vertex -6.20025 -4.21192 -0.853271
      vertex -6.20025 -3.81755 0.249947
      vertex -6.20025 -4.13055 -0.881309
    endloop
  endfacet
  facet normal -1 -0 0
    outer loop
      vertex -6.20025 -3.81755 0.249947
      vertex -6.20025 -4.21192 -0.853271
      vertex -6.20025 -3.87138 0.26999
    endloop
  endfacet
  facet normal -1 0 0
    outer loop
      vertex -6.20025 -4.29269 -0.823188
      vertex -6.20025 -3.87138 0.26999
      vertex -6.20025 -4.21192 -0.853271
    endloop
  endfacet
  facet normal -1 -0 0
    outer loop
      vertex -6.20025 -3.87138 0.26999
      vertex -6.20025 -4.29269 -0.823188
      vertex -6.20025 -3.92478 0.29139
    endloop
  endfacet
  facet normal -1 0 0
    outer loop
      vertex -6.20025 -4.37283 -0.791061
      vertex -6.20025 -3.92478 0.29139
      vertex -6.20025 -4.29269 -0.823188
    endloop
  endfacet
  facet normal -1 -0 0
    outer loop
      vertex -6.20025 -3.92478 0.29139
      vertex -6.20025 -4.37283 -0.791061
      vertex -6.20025 -3.97768 0.314118
    endloop
  endfacet
  facet normal -1 0 0
    outer loop
      vertex -6.20025 -4.45222 -0.756934
      vertex -6.20025 -3.97768 0.314118
      vertex -6.20025 -4.37283 -0.791061
    endloop
  endfacet
  facet normal -1 -0 0
    outer loop
      vertex -6.20025 -3.97768 0.314118
      vertex -6.20025 -4.45222 -0.756934
      vertex -6.20025 -4.02995 0.338135
    endloop
  endfacet
  facet normal -1 0 0
    outer loop
      vertex -6.20025 -4.53067 -0.720878
      vertex -6.20025 -4.02995 0.338135
      vertex -6.20025 -4.45222 -0.756934
    endloop
  endfacet
  facet normal -1 -0 0
    outer loop
      vertex -6.20025 -4.02995 0.338135
      vertex -6.20025 -4.53067 -0.720878
      vertex -6.20025 -4.08157 0.363412
    endloop
  endfacet
  facet normal -1 0 0
    outer loop
      vertex -6.20025 -4.60815 -0.682929
      vertex -6.20025 -4.08157 0.363412
      vertex -6.20025 -4.53067 -0.720878
    endloop
  endfacet
  facet normal -1 -0 0
    outer loop
      vertex -6.20025 -4.08157 0.363412
      vertex -6.20025 -4.60815 -0.682929
      vertex -6.20025 -4.13252 0.389931
    endloop
  endfacet
  facet normal -1 0 0
    outer loop
      vertex -6.20025 -4.68461 -0.643112
      vertex -6.20025 -4.13252 0.389931
      vertex -6.20025 -4.60815 -0.682929
    endloop
  endfacet
  facet normal -1 -0 0
    outer loop
      vertex -6.20025 -4.13252 0.389931
      vertex -6.20025 -4.68461 -0.643112
      vertex -6.20025 -4.18278 0.417687
    endloop
  endfacet
  facet normal -1 0 0
    outer loop
      vertex -6.20025 -4.76003 -0.601447
      vertex -6.20025 -4.18278 0.417687
      vertex -6.20025 -4.68461 -0.643112
    endloop
  endfacet
  facet normal -1 -0 0
    outer loop
      vertex -6.20025 -4.18278 0.417687
      vertex -6.20025 -4.76003 -0.601447
      vertex -6.20025 -4.23232 0.446648
    endloop
  endfacet
  facet normal -1 0 0
    outer loop
      vertex -6.20025 -4.83437 -0.557967
      vertex -6.20025 -4.23232 0.446648
      vertex -6.20025 -4.76003 -0.601447
    endloop
  endfacet
  facet normal -1 -0 0
    outer loop
      vertex -6.20025 -4.23232 0.446648
      vertex -6.20025 -4.83437 -0.557967
      vertex -6.20025 -4.28112 0.476815
    endloop
  endfacet
  facet normal -1 0 0
    outer loop
      vertex -6.20025 -4.90761 -0.512687
      vertex -6.20025 -4.28112 0.476815
      vertex -6.20025 -4.83437 -0.557967
    endloop
  endfacet
  facet normal -1 -0 0
    outer loop
      vertex -6.20025 -4.28112 0.476815
      vertex -6.20025 -4.90761 -0.512687
      vertex -6.20025 -4.32917 0.508156
    endloop
  endfacet
  facet normal -1 0 0
    outer loop
      vertex -6.20025 -4.97971 -0.465637
      vertex -6.20025 -4.32917 0.508156
      vertex -6.20025 -4.90761 -0.512687
    endloop
  endfacet
  facet normal -1 -0 0
    outer loop
      vertex -6.20025 -4.32917 0.508156
      vertex -6.20025 -4.97971 -0.465637
      vertex -6.20025 -4.37643 0.540658
    endloop
  endfacet
  facet normal -1 0 0
    outer loop
      vertex -6.20025 -5.05063 -0.416847
      vertex -6.20025 -4.37643 0.540658
      vertex -6.20025 -4.97971 -0.465637
    endloop
  endfacet
  facet normal -1 -0 0
    outer loop
      vertex -6.20025 -4.37643 0.540658
      vertex -6.20025 -5.05063 -0.416847
      vertex -6.20025 -4.42289 0.574311
    endloop
  endfacet
  facet normal -1 0 0
    outer loop
      vertex -6.20025 -5.12034 -0.366332
      vertex -6.20025 -4.42289 0.574311
      vertex -6.20025 -5.05063 -0.416847
    endloop
  endfacet
  facet normal -1 -0 0
    outer loop
      vertex -6.20025 -4.42289 0.574311
      vertex -6.20025 -5.12034 -0.366332
      vertex -6.20025 -4.46853 0.609101
    endloop
  endfacet
  facet normal -1 0 0
    outer loop
      vertex -6.20025 -5.18882 -0.314124
      vertex -6.20025 -4.46853 0.609101
      vertex -6.20025 -5.12034 -0.366332
    endloop
  endfacet
  facet normal -1 -0 0
    outer loop
      vertex -6.20025 -4.46853 0.609101
      vertex -6.20025 -5.18882 -0.314124
      vertex -6.20025 -4.51332 0.644997
    endloop
  endfacet
  facet normal -1 0 0
    outer loop
      vertex -6.20025 -5.25602 -0.260246
      vertex -6.20025 -4.51332 0.644997
      vertex -6.20025 -5.18882 -0.314124
    endloop
  endfacet
  facet normal -1 -0 0
    outer loop
      vertex -6.20025 -4.51332 0.644997
      vertex -6.20025 -5.25602 -0.260246
      vertex -6.20025 -4.55724 0.681992
    endloop
  endfacet
  facet normal -1 0 0
    outer loop
      vertex -6.20025 -5.32192 -0.204719
      vertex -6.20025 -4.55724 0.681992
      vertex -6.20025 -5.25602 -0.260246
    endloop
  endfacet
  facet normal -1 -0 0
    outer loop
      vertex -6.20025 -4.55724 0.681992
      vertex -6.20025 -5.32192 -0.204719
      vertex -6.20025 -4.60027 0.720071
    endloop
  endfacet
  facet normal -1 0 0
    outer loop
      vertex -6.20025 -5.38649 -0.147575
      vertex -6.20025 -4.60027 0.720071
      vertex -6.20025 -5.32192 -0.204719
    endloop
  endfacet
  facet normal -1 -0 0
    outer loop
      vertex -6.20025 -4.60027 0.720071
      vertex -6.20025 -5.38649 -0.147575
      vertex -6.20025 -4.64239 0.759217
    endloop
  endfacet
  facet normal -1 0 0
    outer loop
      vertex -6.20025 -5.44968 -0.0888284
      vertex -6.20025 -4.64239 0.759217
      vertex -6.20025 -5.38649 -0.147575
    endloop
  endfacet
  facet normal -1 -0 0
    outer loop
      vertex -6.20025 -4.64239 0.759217
      vertex -6.20025 -5.44968 -0.0888284
      vertex -6.20025 -4.68357 0.799409
    endloop
  endfacet
  facet normal -1 0 0
    outer loop
      vertex -6.20025 -5.51147 -0.028518
      vertex -6.20025 -4.68357 0.799409
      vertex -6.20025 -5.44968 -0.0888284
    endloop
  endfacet
  facet normal -1 -0 0
    outer loop
      vertex -6.20025 -4.68357 0.799409
      vertex -6.20025 -5.51147 -0.028518
      vertex -6.20025 -4.72376 0.840577
    endloop
  endfacet
  facet normal -1 0 0
    outer loop
      vertex -6.20025 -5.57179 0.0332953
      vertex -6.20025 -4.72376 0.840577
      vertex -6.20025 -5.51147 -0.028518
    endloop
  endfacet
  facet normal -1 -0 0
    outer loop
      vertex -6.20025 -4.72376 0.840577
      vertex -6.20025 -5.57179 0.0332953
      vertex -6.20025 -4.76289 0.882683
    endloop
  endfacet
  facet normal -1 0 0
    outer loop
      vertex -6.20025 -5.63054 0.0965125
      vertex -6.20025 -4.76289 0.882683
      vertex -6.20025 -5.57179 0.0332953
    endloop
  endfacet
  facet normal -1 -0 0
    outer loop
      vertex -6.20025 -4.76289 0.882683
      vertex -6.20025 -5.63054 0.0965125
      vertex -6.20025 -4.80097 0.925706
    endloop
  endfacet
  facet normal -1 0 0
    outer loop
      vertex -6.20025 -5.68769 0.161103
      vertex -6.20025 -4.80097 0.925706
      vertex -6.20025 -5.63054 0.0965125
    endloop
  endfacet
  facet normal -1 -0 0
    outer loop
      vertex -6.20025 -4.80097 0.925706
      vertex -6.20025 -5.68769 0.161103
      vertex -6.20025 -4.83796 0.969613
    endloop
  endfacet
  facet normal -1 0 0
    outer loop
      vertex -6.20025 -5.74322 0.227021
      vertex -6.20025 -4.83796 0.969613
      vertex -6.20025 -5.68769 0.161103
    endloop
  endfacet
  facet normal -1 -0 0
    outer loop
      vertex -6.20025 -4.83796 0.969613
      vertex -6.20025 -5.74322 0.227021
      vertex -6.20025 -4.87386 1.0144
    endloop
  endfacet
  facet normal -1 0 0
    outer loop
      vertex -6.20025 -5.79709 0.294251
      vertex -6.20025 -4.87386 1.0144
      vertex -6.20025 -5.74322 0.227021
    endloop
  endfacet
  facet normal -1 -0 0
    outer loop
      vertex -6.20025 -4.87386 1.0144
      vertex -6.20025 -5.79709 0.294251
      vertex -6.20025 -4.90864 1.06002
    endloop
  endfacet
  facet normal -1 0 0
    outer loop
      vertex -6.20025 -5.8493 0.36274
      vertex -6.20025 -4.90864 1.06002
      vertex -6.20025 -5.79709 0.294251
    endloop
  endfacet
  facet normal -1 -0 0
    outer loop
      vertex -6.20025 -4.90864 1.06002
      vertex -6.20025 -5.8493 0.36274
      vertex -6.20025 -4.9423 1.10647
    endloop
  endfacet
  facet normal -1 0 0
    outer loop
      vertex -6.20025 -5.89981 0.432473
      vertex -6.20025 -4.9423 1.10647
      vertex -6.20025 -5.8493 0.36274
    endloop
  endfacet
  facet normal -1 -0 0
    outer loop
      vertex -6.20025 -4.9423 1.10647
      vertex -6.20025 -5.89981 0.432473
      vertex -6.20025 -4.97481 1.15373
    endloop
  endfacet
  facet normal -1 0 0
    outer loop
      vertex -6.20025 -5.9486 0.503411
      vertex -6.20025 -4.97481 1.15373
      vertex -6.20025 -5.89981 0.432473
    endloop
  endfacet
  facet normal -1 -0 0
    outer loop
      vertex -6.20025 -4.97481 1.15373
      vertex -6.20025 -5.9486 0.503411
      vertex -6.20025 -5.00615 1.20175
    endloop
  endfacet
  facet normal -1 0 0
    outer loop
      vertex -6.20025 -5.99564 0.575516
      vertex -6.20025 -5.00615 1.20175
      vertex -6.20025 -5.9486 0.503411
    endloop
  endfacet
  facet normal -1 -0 0
    outer loop
      vertex -6.20025 -5.00615 1.20175
      vertex -6.20025 -5.99564 0.575516
      vertex -6.20025 -5.03632 1.25056
    endloop
  endfacet
  facet normal -1 0 0
    outer loop
      vertex -6.20025 -6.04091 0.648766
      vertex -6.20025 -5.03632 1.25056
      vertex -6.20025 -5.99564 0.575516
    endloop
  endfacet
  facet normal -1 -0 0
    outer loop
      vertex -6.20025 -5.03632 1.25056
      vertex -6.20025 -6.04091 0.648766
      vertex -6.20025 -5.06529 1.3001
    endloop
  endfacet
  facet normal -1 0 0
    outer loop
      vertex -6.20025 -6.08438 0.723122
      vertex -6.20025 -5.06529 1.3001
      vertex -6.20025 -6.04091 0.648766
    endloop
  endfacet
  facet normal -1 -0 0
    outer loop
      vertex -6.20025 -5.06529 1.3001
      vertex -6.20025 -6.08438 0.723122
      vertex -6.20025 -5.09304 1.35035
    endloop
  endfacet
  facet normal -1 0 0
    outer loop
      vertex -6.20025 -6.12604 0.798546
      vertex -6.20025 -5.09304 1.35035
      vertex -6.20025 -6.08438 0.723122
    endloop
  endfacet
  facet normal -1 -0 0
    outer loop
      vertex -6.20025 -5.09304 1.35035
      vertex -6.20025 -6.12604 0.798546
      vertex -6.20025 -5.11957 1.4013
    endloop
  endfacet
  facet normal -1 0 0
    outer loop
      vertex -6.20025 -6.16584 0.875008
      vertex -6.20025 -5.11957 1.4013
      vertex -6.20025 -6.12604 0.798546
    endloop
  endfacet
  facet normal -1 -0 0
    outer loop
      vertex -6.20025 -5.11957 1.4013
      vertex -6.20025 -6.16584 0.875008
      vertex -6.20025 -5.14485 1.45292
    endloop
  endfacet
  facet normal -1 0 0
    outer loop
      vertex -6.20025 -6.20378 0.952492
      vertex -6.20025 -5.14485 1.45292
      vertex -6.20025 -6.16584 0.875008
    endloop
  endfacet
  facet normal -1 0 0
    outer loop
      vertex -6.20025 -6.23982 1.03095
      vertex -6.20025 -5.16887 1.50519
      vertex -6.20025 -6.20378 0.952492
    endloop
  endfacet
  facet normal -1 -0 0
    outer loop
      vertex -6.20025 -5.14485 1.45292
      vertex -6.20025 -6.20378 0.952492
      vertex -6.20025 -5.16887 1.50519
    endloop
  endfacet
  facet normal 0 0.381841 -0.924228
    outer loop
      vertex -6.20025 3.48145 -4.76047
      vertex -5.60025 4.62451 -4.28822
      vertex -5.60025 3.48145 -4.76047
    endloop
  endfacet
  facet normal 0 0.381841 -0.924228
    outer loop
      vertex -5.60025 4.62451 -4.28822
      vertex -6.20025 3.48145 -4.76047
      vertex -6.20025 4.62451 -4.28822
    endloop
  endfacet
  facet normal 0 0.006508 -0.999979
    outer loop
      vertex -6.20025 -3.03131 -1.05761
      vertex -5.60025 -2.99136 -1.05735
      vertex -5.60025 -3.03131 -1.05761
    endloop
  endfacet
  facet normal 0 0.006508 -0.999979
    outer loop
      vertex -5.60025 -2.99136 -1.05735
      vertex -6.20025 -3.03131 -1.05761
      vertex -6.20025 -2.99136 -1.05735
    endloop
  endfacet
  facet normal 0 0.0464672 -0.99892
    outer loop
      vertex -6.20025 -2.99136 -1.05735
      vertex -5.60025 -2.95159 -1.0555
      vertex -5.60025 -2.99136 -1.05735
    endloop
  endfacet
  facet normal 0 0.0464672 -0.99892
    outer loop
      vertex -5.60025 -2.95159 -1.0555
      vertex -6.20025 -2.99136 -1.05735
      vertex -6.20025 -2.95159 -1.0555
    endloop
  endfacet
  facet normal 0 1 -0
    outer loop
      vertex -5.60025 0.478018 2.40649
      vertex -6.20025 0.478018 2.45194
      vertex -5.60025 0.478018 2.45194
    endloop
  endfacet
  facet normal 0 1 0
    outer loop
      vertex -6.20025 0.478018 2.45194
      vertex -5.60025 0.478018 2.40649
      vertex -6.20025 0.478018 2.40649
    endloop
  endfacet
  facet normal 0 0.823111 0.56788
    outer loop
      vertex -5.60025 2.69599 -0.808341
      vertex -6.20025 0.478018 2.40649
      vertex -5.60025 0.478018 2.40649
    endloop
  endfacet
  facet normal 0 0.823111 0.56788
    outer loop
      vertex -6.20025 0.478018 2.40649
      vertex -5.60025 2.69599 -0.808341
      vertex -6.20025 2.69599 -0.808341
    endloop
  endfacet
  facet normal 0 -0.0181751 0.999835
    outer loop
      vertex -6.20025 2.84281 -0.803924
      vertex -5.60025 2.76937 -0.805259
      vertex -5.60025 2.84281 -0.803924
    endloop
  endfacet
  facet normal 0 -0.0181751 0.999835
    outer loop
      vertex -5.60025 2.76937 -0.805259
      vertex -6.20025 2.84281 -0.803924
      vertex -6.20025 2.76937 -0.805259
    endloop
  endfacet
  facet normal 0 -0.0419635 0.999119
    outer loop
      vertex -6.20025 2.76937 -0.805259
      vertex -5.60025 2.69599 -0.808341
      vertex -5.60025 2.76937 -0.805259
    endloop
  endfacet
  facet normal 0 -0.0419635 0.999119
    outer loop
      vertex -5.60025 2.69599 -0.808341
      vertex -6.20025 2.76937 -0.805259
      vertex -6.20025 2.69599 -0.808341
    endloop
  endfacet
  facet normal 3.17192e-05 0.38185 -0.924224
    outer loop
      vertex -6.20025 6.80377 -3.38647
      vertex -6.05649 6.93746 -3.33123
      vertex -6.20025 5.42512 -3.95607
    endloop
  endfacet
  facet normal 0 0.381853 -0.924223
    outer loop
      vertex -6.05649 6.93746 -3.33123
      vertex -5.60025 5.42512 -3.95607
      vertex -6.20025 5.42512 -3.95607
    endloop
  endfacet
  facet normal 1.89579e-06 0.381853 -0.924223
    outer loop
      vertex -5.90862 7.07283 -3.2753
      vertex -5.60025 5.42512 -3.95607
      vertex -6.05649 6.93746 -3.33123
    endloop
  endfacet
  facet normal -1.37281e-05 0.381851 -0.924224
    outer loop
      vertex -5.83312 7.14116 -3.24707
      vertex -5.60025 5.42512 -3.95607
      vertex -5.90862 7.07283 -3.2753
    endloop
  endfacet
  facet normal 3.03317e-05 0.381856 -0.924222
    outer loop
      vertex -5.75657 7.20994 -3.21865
      vertex -5.60025 5.42512 -3.95607
      vertex -5.83312 7.14116 -3.24707
    endloop
  endfacet
  facet normal -3.54852e-05 0.381851 -0.924224
    outer loop
      vertex -5.67895 7.27917 -3.19005
      vertex -5.60025 5.42512 -3.95607
      vertex -5.75657 7.20994 -3.21865
    endloop
  endfacet
  facet normal 3.08035e-05 0.381854 -0.924223
    outer loop
      vertex -5.60025 7.34887 -3.16125
      vertex -5.60025 5.42512 -3.95607
      vertex -5.67895 7.27917 -3.19005
    endloop
  endfacet
  facet normal 0 0.36248 -0.931992
    outer loop
      vertex -6.20025 3.4146 -4.78647
      vertex -5.60025 3.48145 -4.76047
      vertex -5.60025 3.4146 -4.78647
    endloop
  endfacet
  facet normal 0 0.36248 -0.931992
    outer loop
      vertex -5.60025 3.48145 -4.76047
      vertex -6.20025 3.4146 -4.78647
      vertex -6.20025 3.48145 -4.76047
    endloop
  endfacet
  facet normal 0 0.316605 -0.948557
    outer loop
      vertex -6.20025 3.3468 -4.8091
      vertex -5.60025 3.4146 -4.78647
      vertex -5.60025 3.3468 -4.8091
    endloop
  endfacet
  facet normal 0 0.316605 -0.948557
    outer loop
      vertex -5.60025 3.4146 -4.78647
      vertex -6.20025 3.3468 -4.8091
      vertex -6.20025 3.4146 -4.78647
    endloop
  endfacet
  facet normal 0 0.270218 -0.962799
    outer loop
      vertex -6.20025 3.27814 -4.82837
      vertex -5.60025 3.3468 -4.8091
      vertex -5.60025 3.27814 -4.82837
    endloop
  endfacet
  facet normal 0 0.270218 -0.962799
    outer loop
      vertex -5.60025 3.3468 -4.8091
      vertex -6.20025 3.27814 -4.82837
      vertex -6.20025 3.3468 -4.8091
    endloop
  endfacet
  facet normal 0 0.222428 -0.974949
    outer loop
      vertex -6.20025 3.20871 -4.84421
      vertex -5.60025 3.27814 -4.82837
      vertex -5.60025 3.20871 -4.84421
    endloop
  endfacet
  facet normal 0 0.222428 -0.974949
    outer loop
      vertex -5.60025 3.27814 -4.82837
      vertex -6.20025 3.20871 -4.84421
      vertex -6.20025 3.27814 -4.82837
    endloop
  endfacet
  facet normal 0 0.174483 -0.98466
    outer loop
      vertex -6.20025 3.13862 -4.85663
      vertex -5.60025 3.20871 -4.84421
      vertex -5.60025 3.13862 -4.85663
    endloop
  endfacet
  facet normal 0 0.174483 -0.98466
    outer loop
      vertex -5.60025 3.20871 -4.84421
      vertex -6.20025 3.13862 -4.85663
      vertex -6.20025 3.20871 -4.84421
    endloop
  endfacet
  facet normal 0 0.125503 -0.992093
    outer loop
      vertex -6.20025 3.06795 -4.86557
      vertex -5.60025 3.13862 -4.85663
      vertex -5.60025 3.06795 -4.86557
    endloop
  endfacet
  facet normal 0 0.125503 -0.992093
    outer loop
      vertex -5.60025 3.13862 -4.85663
      vertex -6.20025 3.06795 -4.86557
      vertex -6.20025 3.13862 -4.85663
    endloop
  endfacet
  facet normal 0 0.076375 -0.997079
    outer loop
      vertex -6.20025 2.9968 -4.87102
      vertex -5.60025 3.06795 -4.86557
      vertex -5.60025 2.9968 -4.87102
    endloop
  endfacet
  facet normal 0 0.076375 -0.997079
    outer loop
      vertex -5.60025 3.06795 -4.86557
      vertex -6.20025 2.9968 -4.87102
      vertex -6.20025 3.06795 -4.86557
    endloop
  endfacet
  facet normal 0 0.0269681 -0.999636
    outer loop
      vertex -6.20025 2.92526 -4.87295
      vertex -5.60025 2.9968 -4.87102
      vertex -5.60025 2.92526 -4.87295
    endloop
  endfacet
  facet normal 0 0.0269681 -0.999636
    outer loop
      vertex -5.60025 2.9968 -4.87102
      vertex -6.20025 2.92526 -4.87295
      vertex -6.20025 2.9968 -4.87102
    endloop
  endfacet
  facet normal 0 -0.0224647 -0.999748
    outer loop
      vertex -6.20025 2.85361 -4.87134
      vertex -5.60025 2.92526 -4.87295
      vertex -5.60025 2.85361 -4.87134
    endloop
  endfacet
  facet normal -0 -0.0224647 -0.999748
    outer loop
      vertex -5.60025 2.92526 -4.87295
      vertex -6.20025 2.85361 -4.87134
      vertex -6.20025 2.92526 -4.87295
    endloop
  endfacet
  facet normal 0 -0.071843 -0.997416
    outer loop
      vertex -6.20025 2.78225 -4.8662
      vertex -5.60025 2.85361 -4.87134
      vertex -5.60025 2.78225 -4.8662
    endloop
  endfacet
  facet normal -0 -0.071843 -0.997416
    outer loop
      vertex -5.60025 2.85361 -4.87134
      vertex -6.20025 2.78225 -4.8662
      vertex -6.20025 2.85361 -4.87134
    endloop
  endfacet
  facet normal 0 -0.1209 -0.992665
    outer loop
      vertex -6.20025 2.71131 -4.85756
      vertex -5.60025 2.78225 -4.8662
      vertex -5.60025 2.71131 -4.85756
    endloop
  endfacet
  facet normal -0 -0.1209 -0.992665
    outer loop
      vertex -5.60025 2.78225 -4.8662
      vertex -6.20025 2.71131 -4.85756
      vertex -6.20025 2.78225 -4.8662
    endloop
  endfacet
  facet normal 0 -0.169551 -0.985521
    outer loop
      vertex -6.20025 2.64092 -4.84545
      vertex -5.60025 2.71131 -4.85756
      vertex -5.60025 2.64092 -4.84545
    endloop
  endfacet
  facet normal -0 -0.169551 -0.985521
    outer loop
      vertex -5.60025 2.71131 -4.85756
      vertex -6.20025 2.64092 -4.84545
      vertex -6.20025 2.71131 -4.85756
    endloop
  endfacet
  facet normal 0 -0.217449 -0.976072
    outer loop
      vertex -6.20025 2.57121 -4.82992
      vertex -5.60025 2.64092 -4.84545
      vertex -5.60025 2.57121 -4.82992
    endloop
  endfacet
  facet normal -0 -0.217449 -0.976072
    outer loop
      vertex -5.60025 2.64092 -4.84545
      vertex -6.20025 2.57121 -4.82992
      vertex -6.20025 2.64092 -4.84545
    endloop
  endfacet
  facet normal 0 -0.26513 -0.964213
    outer loop
      vertex -6.20025 2.50233 -4.81098
      vertex -5.60025 2.57121 -4.82992
      vertex -5.60025 2.50233 -4.81098
    endloop
  endfacet
  facet normal -0 -0.26513 -0.964213
    outer loop
      vertex -5.60025 2.57121 -4.82992
      vertex -6.20025 2.50233 -4.81098
      vertex -6.20025 2.57121 -4.82992
    endloop
  endfacet
  facet normal 0 -0.311567 -0.950224
    outer loop
      vertex -6.20025 2.43438 -4.7887
      vertex -5.60025 2.50233 -4.81098
      vertex -5.60025 2.43438 -4.7887
    endloop
  endfacet
  facet normal -0 -0.311567 -0.950224
    outer loop
      vertex -5.60025 2.50233 -4.81098
      vertex -6.20025 2.43438 -4.7887
      vertex -6.20025 2.50233 -4.81098
    endloop
  endfacet
  facet normal 0 -0.358062 -0.933698
    outer loop
      vertex -6.20025 2.36752 -4.76306
      vertex -5.60025 2.43438 -4.7887
      vertex -5.60025 2.36752 -4.76306
    endloop
  endfacet
  facet normal -0 -0.358062 -0.933698
    outer loop
      vertex -5.60025 2.43438 -4.7887
      vertex -6.20025 2.36752 -4.76306
      vertex -6.20025 2.43438 -4.7887
    endloop
  endfacet
  facet normal 0 -0.403183 -0.915119
    outer loop
      vertex -6.20025 2.30197 -4.73418
      vertex -5.60025 2.36752 -4.76306
      vertex -5.60025 2.30197 -4.73418
    endloop
  endfacet
  facet normal -0 -0.403183 -0.915119
    outer loop
      vertex -5.60025 2.36752 -4.76306
      vertex -6.20025 2.30197 -4.73418
      vertex -6.20025 2.36752 -4.76306
    endloop
  endfacet
  facet normal 0 -0.44727 -0.894399
    outer loop
      vertex -6.20025 2.238 -4.70219
      vertex -5.60025 2.30197 -4.73418
      vertex -5.60025 2.238 -4.70219
    endloop
  endfacet
  facet normal -0 -0.44727 -0.894399
    outer loop
      vertex -5.60025 2.30197 -4.73418
      vertex -6.20025 2.238 -4.70219
      vertex -6.20025 2.30197 -4.73418
    endloop
  endfacet
  facet normal 0 -0.490673 -0.871344
    outer loop
      vertex -6.20025 2.17574 -4.66713
      vertex -5.60025 2.238 -4.70219
      vertex -5.60025 2.17574 -4.66713
    endloop
  endfacet
  facet normal -0 -0.490673 -0.871344
    outer loop
      vertex -5.60025 2.238 -4.70219
      vertex -6.20025 2.17574 -4.66713
      vertex -6.20025 2.238 -4.70219
    endloop
  endfacet
  facet normal 0 -0.532602 -0.846366
    outer loop
      vertex -6.20025 2.11529 -4.62909
      vertex -5.60025 2.17574 -4.66713
      vertex -5.60025 2.11529 -4.62909
    endloop
  endfacet
  facet normal -0 -0.532602 -0.846366
    outer loop
      vertex -5.60025 2.17574 -4.66713
      vertex -6.20025 2.11529 -4.62909
      vertex -6.20025 2.17574 -4.66713
    endloop
  endfacet
  facet normal 0 -0.573491 -0.819212
    outer loop
      vertex -6.20025 2.05678 -4.58813
      vertex -5.60025 2.11529 -4.62909
      vertex -5.60025 2.05678 -4.58813
    endloop
  endfacet
  facet normal -0 -0.573491 -0.819212
    outer loop
      vertex -5.60025 2.11529 -4.62909
      vertex -6.20025 2.05678 -4.58813
      vertex -6.20025 2.11529 -4.62909
    endloop
  endfacet
  facet normal 0 -0.612952 -0.79012
    outer loop
      vertex -6.20025 2.00032 -4.54433
      vertex -5.60025 2.05678 -4.58813
      vertex -5.60025 2.00032 -4.54433
    endloop
  endfacet
  facet normal -0 -0.612952 -0.79012
    outer loop
      vertex -5.60025 2.05678 -4.58813
      vertex -6.20025 2.00032 -4.54433
      vertex -6.20025 2.05678 -4.58813
    endloop
  endfacet
  facet normal 0 -0.651252 -0.758862
    outer loop
      vertex -6.20025 1.94602 -4.49773
      vertex -5.60025 2.00032 -4.54433
      vertex -5.60025 1.94602 -4.49773
    endloop
  endfacet
  facet normal -0 -0.651252 -0.758862
    outer loop
      vertex -5.60025 2.00032 -4.54433
      vertex -6.20025 1.94602 -4.49773
      vertex -6.20025 2.00032 -4.54433
    endloop
  endfacet
  facet normal 0 -0.687946 -0.725762
    outer loop
      vertex -6.20025 1.89401 -4.44843
      vertex -5.60025 1.94602 -4.49773
      vertex -5.60025 1.89401 -4.44843
    endloop
  endfacet
  facet normal -0 -0.687946 -0.725762
    outer loop
      vertex -5.60025 1.94602 -4.49773
      vertex -6.20025 1.89401 -4.44843
      vertex -6.20025 1.94602 -4.49773
    endloop
  endfacet
  facet normal 0 -0.722994 -0.690855
    outer loop
      vertex -6.20025 1.89401 -4.44843
      vertex -5.60025 1.84457 -4.39669
      vertex -6.20025 1.84457 -4.39669
    endloop
  endfacet
  facet normal 0 -0.722994 -0.690855
    outer loop
      vertex -5.60025 1.84457 -4.39669
      vertex -6.20025 1.89401 -4.44843
      vertex -5.60025 1.89401 -4.44843
    endloop
  endfacet
  facet normal 0 -0.756341 -0.654178
    outer loop
      vertex -6.20025 1.84457 -4.39669
      vertex -5.60025 1.79789 -4.34272
      vertex -6.20025 1.79789 -4.34272
    endloop
  endfacet
  facet normal 0 -0.756341 -0.654178
    outer loop
      vertex -5.60025 1.79789 -4.34272
      vertex -6.20025 1.84457 -4.39669
      vertex -5.60025 1.84457 -4.39669
    endloop
  endfacet
  facet normal 0 -0.787724 -0.616028
    outer loop
      vertex -6.20025 1.79789 -4.34272
      vertex -5.60025 1.75401 -4.28661
      vertex -6.20025 1.75401 -4.28661
    endloop
  endfacet
  facet normal 0 -0.787724 -0.616028
    outer loop
      vertex -5.60025 1.75401 -4.28661
      vertex -6.20025 1.79789 -4.34272
      vertex -5.60025 1.79789 -4.34272
    endloop
  endfacet
  facet normal 0 -0.817287 -0.576231
    outer loop
      vertex -6.20025 1.75401 -4.28661
      vertex -5.60025 1.71299 -4.22843
      vertex -6.20025 1.71299 -4.22843
    endloop
  endfacet
  facet normal 0 -0.817287 -0.576231
    outer loop
      vertex -5.60025 1.71299 -4.22843
      vertex -6.20025 1.75401 -4.28661
      vertex -5.60025 1.75401 -4.28661
    endloop
  endfacet
  facet normal 0 -0.84462 -0.535366
    outer loop
      vertex -6.20025 1.71299 -4.22843
      vertex -5.60025 1.67487 -4.16829
      vertex -6.20025 1.67487 -4.16829
    endloop
  endfacet
  facet normal 0 -0.84462 -0.535366
    outer loop
      vertex -5.60025 1.67487 -4.16829
      vertex -6.20025 1.71299 -4.22843
      vertex -5.60025 1.71299 -4.22843
    endloop
  endfacet
  facet normal 0 -0.86981 -0.493388
    outer loop
      vertex -6.20025 1.67487 -4.16829
      vertex -5.60025 1.63969 -4.10627
      vertex -6.20025 1.63969 -4.10627
    endloop
  endfacet
  facet normal 0 -0.86981 -0.493388
    outer loop
      vertex -5.60025 1.63969 -4.10627
      vertex -6.20025 1.67487 -4.16829
      vertex -5.60025 1.67487 -4.16829
    endloop
  endfacet
  facet normal 0 -0.892939 -0.450177
    outer loop
      vertex -6.20025 1.63969 -4.10627
      vertex -5.60025 1.60751 -4.04244
      vertex -6.20025 1.60751 -4.04244
    endloop
  endfacet
  facet normal 0 -0.892939 -0.450177
    outer loop
      vertex -5.60025 1.60751 -4.04244
      vertex -6.20025 1.63969 -4.10627
      vertex -5.60025 1.63969 -4.10627
    endloop
  endfacet
  facet normal 0 -0.913806 -0.406151
    outer loop
      vertex -6.20025 1.60751 -4.04244
      vertex -5.60025 1.57838 -3.9769
      vertex -6.20025 1.57838 -3.9769
    endloop
  endfacet
  facet normal 0 -0.913806 -0.406151
    outer loop
      vertex -5.60025 1.57838 -3.9769
      vertex -6.20025 1.60751 -4.04244
      vertex -5.60025 1.60751 -4.04244
    endloop
  endfacet
  facet normal 0 -0.4055 0.914095
    outer loop
      vertex -6.20025 3.68856 -5.22057
      vertex -5.60025 3.60619 -5.25711
      vertex -5.60025 3.68856 -5.22057
    endloop
  endfacet
  facet normal 0 -0.4055 0.914095
    outer loop
      vertex -5.60025 3.60619 -5.25711
      vertex -6.20025 3.68856 -5.22057
      vertex -6.20025 3.60619 -5.25711
    endloop
  endfacet
  facet normal 0 -0.446768 0.89465
    outer loop
      vertex -6.20025 3.76894 -5.18043
      vertex -5.60025 3.68856 -5.22057
      vertex -5.60025 3.76894 -5.18043
    endloop
  endfacet
  facet normal 0 -0.446768 0.89465
    outer loop
      vertex -5.60025 3.68856 -5.22057
      vertex -6.20025 3.76894 -5.18043
      vertex -6.20025 3.68856 -5.22057
    endloop
  endfacet
  facet normal 0 -0.487139 0.873325
    outer loop
      vertex -6.20025 3.84723 -5.13676
      vertex -5.60025 3.76894 -5.18043
      vertex -5.60025 3.84723 -5.13676
    endloop
  endfacet
  facet normal 0 -0.487139 0.873325
    outer loop
      vertex -5.60025 3.76894 -5.18043
      vertex -6.20025 3.84723 -5.13676
      vertex -6.20025 3.76894 -5.18043
    endloop
  endfacet
  facet normal 0 -0.526451 0.850206
    outer loop
      vertex -6.20025 3.92336 -5.08962
      vertex -5.60025 3.84723 -5.13676
      vertex -5.60025 3.92336 -5.08962
    endloop
  endfacet
  facet normal 0 -0.526451 0.850206
    outer loop
      vertex -5.60025 3.84723 -5.13676
      vertex -6.20025 3.92336 -5.08962
      vertex -6.20025 3.84723 -5.13676
    endloop
  endfacet
  facet normal 0 -0.56502 0.825077
    outer loop
      vertex -6.20025 3.99722 -5.03904
      vertex -5.60025 3.92336 -5.08962
      vertex -5.60025 3.99722 -5.03904
    endloop
  endfacet
  facet normal 0 -0.56502 0.825077
    outer loop
      vertex -5.60025 3.92336 -5.08962
      vertex -6.20025 3.99722 -5.03904
      vertex -6.20025 3.92336 -5.08962
    endloop
  endfacet
  facet normal 0 -0.602337 0.798242
    outer loop
      vertex -6.20025 4.06873 -4.98508
      vertex -5.60025 3.99722 -5.03904
      vertex -5.60025 4.06873 -4.98508
    endloop
  endfacet
  facet normal 0 -0.602337 0.798242
    outer loop
      vertex -5.60025 3.99722 -5.03904
      vertex -6.20025 4.06873 -4.98508
      vertex -6.20025 3.99722 -5.03904
    endloop
  endfacet
  facet normal 0 -0.638363 0.769735
    outer loop
      vertex -6.20025 4.13781 -4.92779
      vertex -5.60025 4.06873 -4.98508
      vertex -5.60025 4.13781 -4.92779
    endloop
  endfacet
  facet normal 0 -0.638363 0.769735
    outer loop
      vertex -5.60025 4.06873 -4.98508
      vertex -6.20025 4.13781 -4.92779
      vertex -6.20025 4.06873 -4.98508
    endloop
  endfacet
  facet normal 0 -0.673043 0.739603
    outer loop
      vertex -6.20025 4.20437 -4.86722
      vertex -5.60025 4.13781 -4.92779
      vertex -5.60025 4.20437 -4.86722
    endloop
  endfacet
  facet normal 0 -0.673043 0.739603
    outer loop
      vertex -5.60025 4.13781 -4.92779
      vertex -6.20025 4.20437 -4.86722
      vertex -6.20025 4.13781 -4.92779
    endloop
  endfacet
  facet normal 0 -0.706385 0.707828
    outer loop
      vertex -6.20025 4.26812 -4.8036
      vertex -5.60025 4.20437 -4.86722
      vertex -5.60025 4.26812 -4.8036
    endloop
  endfacet
  facet normal 0 -0.706385 0.707828
    outer loop
      vertex -5.60025 4.20437 -4.86722
      vertex -6.20025 4.26812 -4.8036
      vertex -6.20025 4.20437 -4.86722
    endloop
  endfacet
  facet normal 0 -0.737929 0.674878
    outer loop
      vertex -6.20025 4.26812 -4.8036
      vertex -5.60025 4.32881 -4.73724
      vertex -6.20025 4.32881 -4.73724
    endloop
  endfacet
  facet normal 0 -0.737929 0.674878
    outer loop
      vertex -5.60025 4.32881 -4.73724
      vertex -6.20025 4.26812 -4.8036
      vertex -5.60025 4.26812 -4.8036
    endloop
  endfacet
  facet normal 0 -0.767948 0.640513
    outer loop
      vertex -6.20025 4.32881 -4.73724
      vertex -5.60025 4.38636 -4.66824
      vertex -6.20025 4.38636 -4.66824
    endloop
  endfacet
  facet normal 0 -0.767948 0.640513
    outer loop
      vertex -5.60025 4.38636 -4.66824
      vertex -6.20025 4.32881 -4.73724
      vertex -5.60025 4.32881 -4.73724
    endloop
  endfacet
  facet normal 0 -0.796216 0.605013
    outer loop
      vertex -6.20025 4.38636 -4.66824
      vertex -5.60025 4.44069 -4.59674
      vertex -6.20025 4.44069 -4.59674
    endloop
  endfacet
  facet normal 0 -0.796216 0.605013
    outer loop
      vertex -5.60025 4.44069 -4.59674
      vertex -6.20025 4.38636 -4.66824
      vertex -5.60025 4.38636 -4.66824
    endloop
  endfacet
  facet normal 0 -0.822649 0.56855
    outer loop
      vertex -6.20025 4.44069 -4.59674
      vertex -5.60025 4.49175 -4.52286
      vertex -6.20025 4.49175 -4.52286
    endloop
  endfacet
  facet normal 0 -0.822649 0.56855
    outer loop
      vertex -5.60025 4.49175 -4.52286
      vertex -6.20025 4.44069 -4.59674
      vertex -5.60025 4.44069 -4.59674
    endloop
  endfacet
  facet normal 0 -0.847404 0.530949
    outer loop
      vertex -6.20025 4.49175 -4.52286
      vertex -5.60025 4.53945 -4.44673
      vertex -6.20025 4.53945 -4.44673
    endloop
  endfacet
  facet normal 0 -0.847404 0.530949
    outer loop
      vertex -5.60025 4.53945 -4.44673
      vertex -6.20025 4.49175 -4.52286
      vertex -5.60025 4.49175 -4.52286
    endloop
  endfacet
  facet normal 0 -0.870316 0.492493
    outer loop
      vertex -6.20025 4.53945 -4.44673
      vertex -5.60025 4.58373 -4.36848
      vertex -6.20025 4.58373 -4.36848
    endloop
  endfacet
  facet normal 0 -0.870316 0.492493
    outer loop
      vertex -5.60025 4.58373 -4.36848
      vertex -6.20025 4.53945 -4.44673
      vertex -5.60025 4.53945 -4.44673
    endloop
  endfacet
  facet normal 0 -0.89152 0.45298
    outer loop
      vertex -6.20025 4.58373 -4.36848
      vertex -5.60025 4.62451 -4.28822
      vertex -6.20025 4.62451 -4.28822
    endloop
  endfacet
  facet normal 0 -0.89152 0.45298
    outer loop
      vertex -5.60025 4.62451 -4.28822
      vertex -6.20025 4.58373 -4.36848
      vertex -5.60025 4.58373 -4.36848
    endloop
  endfacet
  facet normal 0 0.918379 0.395701
    outer loop
      vertex -5.60025 1.04065 -4.23686
      vertex -6.20025 1.02136 -4.19209
      vertex -5.60025 1.02136 -4.19209
    endloop
  endfacet
  facet normal 0 0.918379 0.395701
    outer loop
      vertex -6.20025 1.02136 -4.19209
      vertex -5.60025 1.04065 -4.23686
      vertex -6.20025 1.04065 -4.23686
    endloop
  endfacet
  facet normal 0 0.908584 0.417702
    outer loop
      vertex -5.60025 1.06097 -4.28106
      vertex -6.20025 1.04065 -4.23686
      vertex -5.60025 1.04065 -4.23686
    endloop
  endfacet
  facet normal 0 0.908584 0.417702
    outer loop
      vertex -6.20025 1.04065 -4.23686
      vertex -5.60025 1.06097 -4.28106
      vertex -6.20025 1.06097 -4.28106
    endloop
  endfacet
  facet normal 0 0.898021 0.439952
    outer loop
      vertex -5.60025 1.08234 -4.32468
      vertex -6.20025 1.06097 -4.28106
      vertex -5.60025 1.06097 -4.28106
    endloop
  endfacet
  facet normal 0 0.898021 0.439952
    outer loop
      vertex -6.20025 1.06097 -4.28106
      vertex -5.60025 1.08234 -4.32468
      vertex -6.20025 1.08234 -4.32468
    endloop
  endfacet
  facet normal 0 0.887051 0.461671
    outer loop
      vertex -5.60025 1.10473 -4.3677
      vertex -6.20025 1.08234 -4.32468
      vertex -5.60025 1.08234 -4.32468
    endloop
  endfacet
  facet normal 0 0.887051 0.461671
    outer loop
      vertex -6.20025 1.08234 -4.32468
      vertex -5.60025 1.10473 -4.3677
      vertex -6.20025 1.10473 -4.3677
    endloop
  endfacet
  facet normal 0 0.875517 0.483187
    outer loop
      vertex -5.60025 1.12813 -4.4101
      vertex -6.20025 1.10473 -4.3677
      vertex -5.60025 1.10473 -4.3677
    endloop
  endfacet
  facet normal 0 0.875517 0.483187
    outer loop
      vertex -6.20025 1.10473 -4.3677
      vertex -5.60025 1.12813 -4.4101
      vertex -6.20025 1.12813 -4.4101
    endloop
  endfacet
  facet normal 0 0.863396 0.504526
    outer loop
      vertex -5.60025 1.15255 -4.45189
      vertex -6.20025 1.12813 -4.4101
      vertex -5.60025 1.12813 -4.4101
    endloop
  endfacet
  facet normal 0 0.863396 0.504526
    outer loop
      vertex -6.20025 1.12813 -4.4101
      vertex -5.60025 1.15255 -4.45189
      vertex -6.20025 1.15255 -4.45189
    endloop
  endfacet
  facet normal 0 0.850706 0.525643
    outer loop
      vertex -5.60025 1.17797 -4.49303
      vertex -6.20025 1.15255 -4.45189
      vertex -5.60025 1.15255 -4.45189
    endloop
  endfacet
  facet normal 0 0.850706 0.525643
    outer loop
      vertex -6.20025 1.15255 -4.45189
      vertex -5.60025 1.17797 -4.49303
      vertex -6.20025 1.17797 -4.49303
    endloop
  endfacet
  facet normal 0 0.837516 0.546413
    outer loop
      vertex -5.60025 1.20438 -4.53351
      vertex -6.20025 1.17797 -4.49303
      vertex -5.60025 1.17797 -4.49303
    endloop
  endfacet
  facet normal 0 0.837516 0.546413
    outer loop
      vertex -6.20025 1.17797 -4.49303
      vertex -5.60025 1.20438 -4.53351
      vertex -6.20025 1.20438 -4.53351
    endloop
  endfacet
  facet normal 0 0.823746 0.566959
    outer loop
      vertex -5.60025 1.23178 -4.57332
      vertex -6.20025 1.20438 -4.53351
      vertex -5.60025 1.20438 -4.53351
    endloop
  endfacet
  facet normal 0 0.823746 0.566959
    outer loop
      vertex -6.20025 1.20438 -4.53351
      vertex -5.60025 1.23178 -4.57332
      vertex -6.20025 1.23178 -4.57332
    endloop
  endfacet
  facet normal 0 0.809603 0.586978
    outer loop
      vertex -5.60025 1.26015 -4.61245
      vertex -6.20025 1.23178 -4.57332
      vertex -5.60025 1.23178 -4.57332
    endloop
  endfacet
  facet normal 0 0.809603 0.586978
    outer loop
      vertex -6.20025 1.23178 -4.57332
      vertex -5.60025 1.26015 -4.61245
      vertex -6.20025 1.26015 -4.61245
    endloop
  endfacet
  facet normal 0 0.794833 0.606828
    outer loop
      vertex -5.60025 1.28949 -4.65088
      vertex -6.20025 1.26015 -4.61245
      vertex -5.60025 1.26015 -4.61245
    endloop
  endfacet
  facet normal 0 0.794833 0.606828
    outer loop
      vertex -6.20025 1.26015 -4.61245
      vertex -5.60025 1.28949 -4.65088
      vertex -6.20025 1.28949 -4.65088
    endloop
  endfacet
  facet normal 0 0.779617 0.626257
    outer loop
      vertex -5.60025 1.31979 -4.6886
      vertex -6.20025 1.28949 -4.65088
      vertex -5.60025 1.28949 -4.65088
    endloop
  endfacet
  facet normal 0 0.779617 0.626257
    outer loop
      vertex -6.20025 1.28949 -4.65088
      vertex -5.60025 1.31979 -4.6886
      vertex -6.20025 1.31979 -4.6886
    endloop
  endfacet
  facet normal 0 0.763887 0.64535
    outer loop
      vertex -5.60025 1.35104 -4.72559
      vertex -6.20025 1.31979 -4.6886
      vertex -5.60025 1.31979 -4.6886
    endloop
  endfacet
  facet normal 0 0.763887 0.64535
    outer loop
      vertex -6.20025 1.31979 -4.6886
      vertex -5.60025 1.35104 -4.72559
      vertex -6.20025 1.35104 -4.72559
    endloop
  endfacet
  facet normal 0 0.747648 0.664095
    outer loop
      vertex -5.60025 1.38323 -4.76183
      vertex -6.20025 1.35104 -4.72559
      vertex -5.60025 1.35104 -4.72559
    endloop
  endfacet
  facet normal 0 0.747648 0.664095
    outer loop
      vertex -6.20025 1.35104 -4.72559
      vertex -5.60025 1.38323 -4.76183
      vertex -6.20025 1.38323 -4.76183
    endloop
  endfacet
  facet normal 0 0.730994 0.682384
    outer loop
      vertex -5.60025 1.41636 -4.79732
      vertex -6.20025 1.38323 -4.76183
      vertex -5.60025 1.38323 -4.76183
    endloop
  endfacet
  facet normal 0 0.730994 0.682384
    outer loop
      vertex -6.20025 1.38323 -4.76183
      vertex -5.60025 1.41636 -4.79732
      vertex -6.20025 1.41636 -4.79732
    endloop
  endfacet
  facet normal 0 0.71396 0.700187
    outer loop
      vertex -5.60025 1.45042 -4.83205
      vertex -6.20025 1.41636 -4.79732
      vertex -5.60025 1.41636 -4.79732
    endloop
  endfacet
  facet normal 0 0.71396 0.700187
    outer loop
      vertex -6.20025 1.41636 -4.79732
      vertex -5.60025 1.45042 -4.83205
      vertex -6.20025 1.45042 -4.83205
    endloop
  endfacet
  facet normal -0 0.696345 0.717707
    outer loop
      vertex -6.20025 1.48536 -4.86595
      vertex -5.60025 1.45042 -4.83205
      vertex -5.60025 1.48536 -4.86595
    endloop
  endfacet
  facet normal 0 0.696345 0.717707
    outer loop
      vertex -5.60025 1.45042 -4.83205
      vertex -6.20025 1.48536 -4.86595
      vertex -6.20025 1.45042 -4.83205
    endloop
  endfacet
  facet normal -0 0.678485 0.734614
    outer loop
      vertex -6.20025 1.52109 -4.89895
      vertex -5.60025 1.48536 -4.86595
      vertex -5.60025 1.52109 -4.89895
    endloop
  endfacet
  facet normal 0 0.678485 0.734614
    outer loop
      vertex -5.60025 1.48536 -4.86595
      vertex -6.20025 1.52109 -4.89895
      vertex -6.20025 1.48536 -4.86595
    endloop
  endfacet
  facet normal -0 0.660048 0.751224
    outer loop
      vertex -6.20025 1.55759 -4.93102
      vertex -5.60025 1.52109 -4.89895
      vertex -5.60025 1.55759 -4.93102
    endloop
  endfacet
  facet normal 0 0.660048 0.751224
    outer loop
      vertex -5.60025 1.52109 -4.89895
      vertex -6.20025 1.55759 -4.93102
      vertex -6.20025 1.52109 -4.89895
    endloop
  endfacet
  facet normal -0 0.641297 0.767292
    outer loop
      vertex -6.20025 1.59486 -4.96217
      vertex -5.60025 1.55759 -4.93102
      vertex -5.60025 1.59486 -4.96217
    endloop
  endfacet
  facet normal 0 0.641297 0.767292
    outer loop
      vertex -5.60025 1.55759 -4.93102
      vertex -6.20025 1.59486 -4.96217
      vertex -6.20025 1.55759 -4.93102
    endloop
  endfacet
  facet normal -0 0.622406 0.782695
    outer loop
      vertex -6.20025 1.63285 -4.99238
      vertex -5.60025 1.59486 -4.96217
      vertex -5.60025 1.63285 -4.99238
    endloop
  endfacet
  facet normal 0 0.622406 0.782695
    outer loop
      vertex -5.60025 1.59486 -4.96217
      vertex -6.20025 1.63285 -4.99238
      vertex -6.20025 1.59486 -4.96217
    endloop
  endfacet
  facet normal -0 0.602865 0.797843
    outer loop
      vertex -6.20025 1.67156 -5.02163
      vertex -5.60025 1.63285 -4.99238
      vertex -5.60025 1.67156 -5.02163
    endloop
  endfacet
  facet normal 0 0.602865 0.797843
    outer loop
      vertex -5.60025 1.63285 -4.99238
      vertex -6.20025 1.67156 -5.02163
      vertex -6.20025 1.63285 -4.99238
    endloop
  endfacet
  facet normal -0 0.583109 0.812394
    outer loop
      vertex -6.20025 1.71096 -5.04991
      vertex -5.60025 1.67156 -5.02163
      vertex -5.60025 1.71096 -5.04991
    endloop
  endfacet
  facet normal 0 0.583109 0.812394
    outer loop
      vertex -5.60025 1.67156 -5.02163
      vertex -6.20025 1.71096 -5.04991
      vertex -6.20025 1.67156 -5.02163
    endloop
  endfacet
  facet normal -0 0.56333 0.826232
    outer loop
      vertex -6.20025 1.75103 -5.07723
      vertex -5.60025 1.71096 -5.04991
      vertex -5.60025 1.75103 -5.07723
    endloop
  endfacet
  facet normal 0 0.56333 0.826232
    outer loop
      vertex -5.60025 1.71096 -5.04991
      vertex -6.20025 1.75103 -5.07723
      vertex -6.20025 1.71096 -5.04991
    endloop
  endfacet
  facet normal -0 0.542747 0.839896
    outer loop
      vertex -6.20025 1.79176 -5.10355
      vertex -5.60025 1.75103 -5.07723
      vertex -5.60025 1.79176 -5.10355
    endloop
  endfacet
  facet normal 0 0.542747 0.839896
    outer loop
      vertex -5.60025 1.75103 -5.07723
      vertex -6.20025 1.79176 -5.10355
      vertex -6.20025 1.75103 -5.07723
    endloop
  endfacet
  facet normal -0 0.522117 0.852874
    outer loop
      vertex -6.20025 1.83312 -5.12887
      vertex -5.60025 1.79176 -5.10355
      vertex -5.60025 1.83312 -5.12887
    endloop
  endfacet
  facet normal 0 0.522117 0.852874
    outer loop
      vertex -5.60025 1.79176 -5.10355
      vertex -6.20025 1.83312 -5.12887
      vertex -6.20025 1.79176 -5.10355
    endloop
  endfacet
  facet normal -0 0.500971 0.865464
    outer loop
      vertex -6.20025 1.8751 -5.15317
      vertex -5.60025 1.83312 -5.12887
      vertex -5.60025 1.8751 -5.15317
    endloop
  endfacet
  facet normal 0 0.500971 0.865464
    outer loop
      vertex -5.60025 1.83312 -5.12887
      vertex -6.20025 1.8751 -5.15317
      vertex -6.20025 1.83312 -5.12887
    endloop
  endfacet
  facet normal -0 0.479964 0.877288
    outer loop
      vertex -6.20025 1.91767 -5.17646
      vertex -5.60025 1.8751 -5.15317
      vertex -5.60025 1.91767 -5.17646
    endloop
  endfacet
  facet normal 0 0.479964 0.877288
    outer loop
      vertex -5.60025 1.8751 -5.15317
      vertex -6.20025 1.91767 -5.17646
      vertex -6.20025 1.8751 -5.15317
    endloop
  endfacet
  facet normal -0 0.458386 0.888753
    outer loop
      vertex -6.20025 1.96081 -5.19871
      vertex -5.60025 1.91767 -5.17646
      vertex -5.60025 1.96081 -5.19871
    endloop
  endfacet
  facet normal 0 0.458386 0.888753
    outer loop
      vertex -5.60025 1.91767 -5.17646
      vertex -6.20025 1.96081 -5.19871
      vertex -6.20025 1.91767 -5.17646
    endloop
  endfacet
  facet normal -0 0.436723 0.899596
    outer loop
      vertex -6.20025 2.0045 -5.21992
      vertex -5.60025 1.96081 -5.19871
      vertex -5.60025 2.0045 -5.21992
    endloop
  endfacet
  facet normal 0 0.436723 0.899596
    outer loop
      vertex -5.60025 1.96081 -5.19871
      vertex -6.20025 2.0045 -5.21992
      vertex -6.20025 1.96081 -5.19871
    endloop
  endfacet
  facet normal -0 0.414578 0.910014
    outer loop
      vertex -6.20025 2.04873 -5.24007
      vertex -5.60025 2.0045 -5.21992
      vertex -5.60025 2.04873 -5.24007
    endloop
  endfacet
  facet normal 0 0.414578 0.910014
    outer loop
      vertex -5.60025 2.0045 -5.21992
      vertex -6.20025 2.04873 -5.24007
      vertex -6.20025 2.0045 -5.21992
    endloop
  endfacet
  facet normal -0 0.392207 0.919877
    outer loop
      vertex -6.20025 2.09348 -5.25915
      vertex -5.60025 2.04873 -5.24007
      vertex -5.60025 2.09348 -5.25915
    endloop
  endfacet
  facet normal 0 0.392207 0.919877
    outer loop
      vertex -5.60025 2.04873 -5.24007
      vertex -6.20025 2.09348 -5.25915
      vertex -6.20025 2.04873 -5.24007
    endloop
  endfacet
  facet normal -0 0.369618 0.929184
    outer loop
      vertex -6.20025 2.13868 -5.27713
      vertex -5.60025 2.09348 -5.25915
      vertex -5.60025 2.13868 -5.27713
    endloop
  endfacet
  facet normal 0 0.369618 0.929184
    outer loop
      vertex -5.60025 2.09348 -5.25915
      vertex -6.20025 2.13868 -5.27713
      vertex -6.20025 2.09348 -5.25915
    endloop
  endfacet
  facet normal -0 0.346973 0.937875
    outer loop
      vertex -6.20025 2.18428 -5.294
      vertex -5.60025 2.13868 -5.27713
      vertex -5.60025 2.18428 -5.294
    endloop
  endfacet
  facet normal 0 0.346973 0.937875
    outer loop
      vertex -5.60025 2.13868 -5.27713
      vertex -6.20025 2.18428 -5.294
      vertex -6.20025 2.13868 -5.27713
    endloop
  endfacet
  facet normal -0 0.323998 0.946058
    outer loop
      vertex -6.20025 2.23024 -5.30974
      vertex -5.60025 2.18428 -5.294
      vertex -5.60025 2.23024 -5.30974
    endloop
  endfacet
  facet normal 0 0.323998 0.946058
    outer loop
      vertex -5.60025 2.18428 -5.294
      vertex -6.20025 2.23024 -5.30974
      vertex -6.20025 2.18428 -5.294
    endloop
  endfacet
  facet normal -0 0.300737 0.953707
    outer loop
      vertex -6.20025 2.27654 -5.32434
      vertex -5.60025 2.23024 -5.30974
      vertex -5.60025 2.27654 -5.32434
    endloop
  endfacet
  facet normal 0 0.300737 0.953707
    outer loop
      vertex -5.60025 2.23024 -5.30974
      vertex -6.20025 2.27654 -5.32434
      vertex -6.20025 2.23024 -5.30974
    endloop
  endfacet
  facet normal -0 0.277523 0.960719
    outer loop
      vertex -6.20025 2.32317 -5.33781
      vertex -5.60025 2.27654 -5.32434
      vertex -5.60025 2.32317 -5.33781
    endloop
  endfacet
  facet normal 0 0.277523 0.960719
    outer loop
      vertex -5.60025 2.27654 -5.32434
      vertex -6.20025 2.32317 -5.33781
      vertex -6.20025 2.27654 -5.32434
    endloop
  endfacet
  facet normal -0 0.253966 0.967213
    outer loop
      vertex -6.20025 2.37009 -5.35013
      vertex -5.60025 2.32317 -5.33781
      vertex -5.60025 2.37009 -5.35013
    endloop
  endfacet
  facet normal 0 0.253966 0.967213
    outer loop
      vertex -5.60025 2.32317 -5.33781
      vertex -6.20025 2.37009 -5.35013
      vertex -6.20025 2.32317 -5.33781
    endloop
  endfacet
  facet normal -0 0.230292 0.973122
    outer loop
      vertex -6.20025 2.41729 -5.3613
      vertex -5.60025 2.37009 -5.35013
      vertex -5.60025 2.41729 -5.3613
    endloop
  endfacet
  facet normal 0 0.230292 0.973122
    outer loop
      vertex -5.60025 2.37009 -5.35013
      vertex -6.20025 2.41729 -5.3613
      vertex -6.20025 2.37009 -5.35013
    endloop
  endfacet
  facet normal -0 0.206374 0.978473
    outer loop
      vertex -6.20025 2.46475 -5.37131
      vertex -5.60025 2.41729 -5.3613
      vertex -5.60025 2.46475 -5.37131
    endloop
  endfacet
  facet normal 0 0.206374 0.978473
    outer loop
      vertex -5.60025 2.41729 -5.3613
      vertex -6.20025 2.46475 -5.37131
      vertex -6.20025 2.41729 -5.3613
    endloop
  endfacet
  facet normal -0 0.182495 0.983207
    outer loop
      vertex -6.20025 2.51243 -5.38016
      vertex -5.60025 2.46475 -5.37131
      vertex -5.60025 2.51243 -5.38016
    endloop
  endfacet
  facet normal 0 0.182495 0.983207
    outer loop
      vertex -5.60025 2.46475 -5.37131
      vertex -6.20025 2.51243 -5.38016
      vertex -6.20025 2.46475 -5.37131
    endloop
  endfacet
  facet normal -0 0.158545 0.987352
    outer loop
      vertex -6.20025 2.56032 -5.38785
      vertex -5.60025 2.51243 -5.38016
      vertex -5.60025 2.56032 -5.38785
    endloop
  endfacet
  facet normal 0 0.158545 0.987352
    outer loop
      vertex -5.60025 2.51243 -5.38016
      vertex -6.20025 2.56032 -5.38785
      vertex -6.20025 2.51243 -5.38016
    endloop
  endfacet
  facet normal -0 0.134175 0.990958
    outer loop
      vertex -6.20025 2.6084 -5.39436
      vertex -5.60025 2.56032 -5.38785
      vertex -5.60025 2.6084 -5.39436
    endloop
  endfacet
  facet normal 0 0.134175 0.990958
    outer loop
      vertex -5.60025 2.56032 -5.38785
      vertex -6.20025 2.6084 -5.39436
      vertex -6.20025 2.56032 -5.38785
    endloop
  endfacet
  facet normal -0 0.109595 0.993976
    outer loop
      vertex -6.20025 2.65665 -5.39968
      vertex -5.60025 2.6084 -5.39436
      vertex -5.60025 2.65665 -5.39968
    endloop
  endfacet
  facet normal 0 0.109595 0.993976
    outer loop
      vertex -5.60025 2.6084 -5.39436
      vertex -6.20025 2.65665 -5.39968
      vertex -6.20025 2.6084 -5.39436
    endloop
  endfacet
  facet normal -0 0.0854654 0.996341
    outer loop
      vertex -6.20025 2.70503 -5.40383
      vertex -5.60025 2.65665 -5.39968
      vertex -5.60025 2.70503 -5.40383
    endloop
  endfacet
  facet normal 0 0.0854654 0.996341
    outer loop
      vertex -5.60025 2.65665 -5.39968
      vertex -6.20025 2.70503 -5.40383
      vertex -6.20025 2.65665 -5.39968
    endloop
  endfacet
  facet normal -0 0.0607001 0.998156
    outer loop
      vertex -6.20025 2.75354 -5.40678
      vertex -5.60025 2.70503 -5.40383
      vertex -5.60025 2.75354 -5.40678
    endloop
  endfacet
  facet normal 0 0.0607001 0.998156
    outer loop
      vertex -5.60025 2.70503 -5.40383
      vertex -6.20025 2.75354 -5.40678
      vertex -6.20025 2.70503 -5.40383
    endloop
  endfacet
  facet normal -0 0.0361903 0.999345
    outer loop
      vertex -6.20025 2.80214 -5.40854
      vertex -5.60025 2.75354 -5.40678
      vertex -5.60025 2.80214 -5.40854
    endloop
  endfacet
  facet normal 0 0.0361903 0.999345
    outer loop
      vertex -5.60025 2.75354 -5.40678
      vertex -6.20025 2.80214 -5.40854
      vertex -6.20025 2.75354 -5.40678
    endloop
  endfacet
  facet normal -0 0.0112976 0.999936
    outer loop
      vertex -6.20025 2.85082 -5.40909
      vertex -5.60025 2.80214 -5.40854
      vertex -5.60025 2.85082 -5.40909
    endloop
  endfacet
  facet normal 0 0.0112976 0.999936
    outer loop
      vertex -5.60025 2.80214 -5.40854
      vertex -6.20025 2.85082 -5.40909
      vertex -6.20025 2.80214 -5.40854
    endloop
  endfacet
  facet normal 0 -0.013365 0.999911
    outer loop
      vertex -6.20025 2.89945 -5.40844
      vertex -5.60025 2.85082 -5.40909
      vertex -5.60025 2.89945 -5.40844
    endloop
  endfacet
  facet normal 0 -0.013365 0.999911
    outer loop
      vertex -5.60025 2.85082 -5.40909
      vertex -6.20025 2.89945 -5.40844
      vertex -6.20025 2.85082 -5.40909
    endloop
  endfacet
  facet normal 0 -0.0380931 0.999274
    outer loop
      vertex -6.20025 2.94798 -5.40659
      vertex -5.60025 2.89945 -5.40844
      vertex -5.60025 2.94798 -5.40659
    endloop
  endfacet
  facet normal 0 -0.0380931 0.999274
    outer loop
      vertex -5.60025 2.89945 -5.40844
      vertex -6.20025 2.94798 -5.40659
      vertex -6.20025 2.89945 -5.40844
    endloop
  endfacet
  facet normal 0 -0.0629047 0.99802
    outer loop
      vertex -6.20025 2.99637 -5.40354
      vertex -5.60025 2.94798 -5.40659
      vertex -5.60025 2.99637 -5.40354
    endloop
  endfacet
  facet normal 0 -0.0629047 0.99802
    outer loop
      vertex -5.60025 2.94798 -5.40659
      vertex -6.20025 2.99637 -5.40354
      vertex -6.20025 2.94798 -5.40659
    endloop
  endfacet
  facet normal 0 -0.0875563 0.99616
    outer loop
      vertex -6.20025 3.04461 -5.3993
      vertex -5.60025 2.99637 -5.40354
      vertex -5.60025 3.04461 -5.3993
    endloop
  endfacet
  facet normal 0 -0.0875563 0.99616
    outer loop
      vertex -5.60025 2.99637 -5.40354
      vertex -6.20025 3.04461 -5.3993
      vertex -6.20025 2.99637 -5.40354
    endloop
  endfacet
  facet normal 0 -0.112223 0.993683
    outer loop
      vertex -6.20025 3.09269 -5.39387
      vertex -5.60025 3.04461 -5.3993
      vertex -5.60025 3.09269 -5.39387
    endloop
  endfacet
  facet normal 0 -0.112223 0.993683
    outer loop
      vertex -5.60025 3.04461 -5.3993
      vertex -6.20025 3.09269 -5.39387
      vertex -6.20025 3.04461 -5.3993
    endloop
  endfacet
  facet normal 0 -0.136497 0.99064
    outer loop
      vertex -6.20025 3.14059 -5.38727
      vertex -5.60025 3.09269 -5.39387
      vertex -5.60025 3.14059 -5.38727
    endloop
  endfacet
  facet normal 0 -0.136497 0.99064
    outer loop
      vertex -5.60025 3.09269 -5.39387
      vertex -6.20025 3.14059 -5.38727
      vertex -6.20025 3.09269 -5.39387
    endloop
  endfacet
  facet normal 0 -0.160943 0.986964
    outer loop
      vertex -6.20025 3.1883 -5.37949
      vertex -5.60025 3.14059 -5.38727
      vertex -5.60025 3.1883 -5.37949
    endloop
  endfacet
  facet normal 0 -0.160943 0.986964
    outer loop
      vertex -5.60025 3.14059 -5.38727
      vertex -6.20025 3.1883 -5.37949
      vertex -6.20025 3.14059 -5.38727
    endloop
  endfacet
  facet normal 0 -0.1854 0.982663
    outer loop
      vertex -6.20025 3.23579 -5.37053
      vertex -5.60025 3.1883 -5.37949
      vertex -5.60025 3.23579 -5.37053
    endloop
  endfacet
  facet normal 0 -0.1854 0.982663
    outer loop
      vertex -5.60025 3.1883 -5.37949
      vertex -6.20025 3.23579 -5.37053
      vertex -6.20025 3.1883 -5.37949
    endloop
  endfacet
  facet normal 0 -0.209543 0.977799
    outer loop
      vertex -6.20025 3.28306 -5.3604
      vertex -5.60025 3.23579 -5.37053
      vertex -5.60025 3.28306 -5.3604
    endloop
  endfacet
  facet normal 0 -0.209543 0.977799
    outer loop
      vertex -5.60025 3.23579 -5.37053
      vertex -6.20025 3.28306 -5.3604
      vertex -6.20025 3.23579 -5.37053
    endloop
  endfacet
  facet normal 0 -0.233475 0.972363
    outer loop
      vertex -6.20025 3.33008 -5.34911
      vertex -5.60025 3.28306 -5.3604
      vertex -5.60025 3.33008 -5.34911
    endloop
  endfacet
  facet normal 0 -0.233475 0.972363
    outer loop
      vertex -5.60025 3.28306 -5.3604
      vertex -6.20025 3.33008 -5.34911
      vertex -6.20025 3.28306 -5.3604
    endloop
  endfacet
  facet normal 0 -0.257483 0.966283
    outer loop
      vertex -6.20025 3.37684 -5.33665
      vertex -5.60025 3.33008 -5.34911
      vertex -5.60025 3.37684 -5.33665
    endloop
  endfacet
  facet normal 0 -0.257483 0.966283
    outer loop
      vertex -5.60025 3.33008 -5.34911
      vertex -6.20025 3.37684 -5.33665
      vertex -6.20025 3.33008 -5.34911
    endloop
  endfacet
  facet normal 0 -0.281015 0.959703
    outer loop
      vertex -6.20025 3.42332 -5.32304
      vertex -5.60025 3.37684 -5.33665
      vertex -5.60025 3.42332 -5.32304
    endloop
  endfacet
  facet normal 0 -0.281015 0.959703
    outer loop
      vertex -5.60025 3.37684 -5.33665
      vertex -6.20025 3.42332 -5.32304
      vertex -6.20025 3.37684 -5.33665
    endloop
  endfacet
  facet normal 0 -0.304514 0.952508
    outer loop
      vertex -6.20025 3.46952 -5.30827
      vertex -5.60025 3.42332 -5.32304
      vertex -5.60025 3.46952 -5.30827
    endloop
  endfacet
  facet normal 0 -0.304514 0.952508
    outer loop
      vertex -5.60025 3.42332 -5.32304
      vertex -6.20025 3.46952 -5.30827
      vertex -6.20025 3.42332 -5.32304
    endloop
  endfacet
  facet normal 0 -0.32745 0.944868
    outer loop
      vertex -6.20025 3.5154 -5.29237
      vertex -5.60025 3.46952 -5.30827
      vertex -5.60025 3.5154 -5.29237
    endloop
  endfacet
  facet normal 0 -0.32745 0.944868
    outer loop
      vertex -5.60025 3.46952 -5.30827
      vertex -6.20025 3.5154 -5.29237
      vertex -6.20025 3.46952 -5.30827
    endloop
  endfacet
  facet normal 0 -0.350605 0.936523
    outer loop
      vertex -6.20025 3.56097 -5.27531
      vertex -5.60025 3.5154 -5.29237
      vertex -5.60025 3.56097 -5.27531
    endloop
  endfacet
  facet normal 0 -0.350605 0.936523
    outer loop
      vertex -5.60025 3.5154 -5.29237
      vertex -6.20025 3.56097 -5.27531
      vertex -6.20025 3.5154 -5.29237
    endloop
  endfacet
  facet normal 0 -0.373371 0.927682
    outer loop
      vertex -6.20025 3.60619 -5.25711
      vertex -5.60025 3.56097 -5.27531
      vertex -5.60025 3.60619 -5.25711
    endloop
  endfacet
  facet normal 0 -0.373371 0.927682
    outer loop
      vertex -5.60025 3.56097 -5.27531
      vertex -6.20025 3.60619 -5.25711
      vertex -6.20025 3.56097 -5.27531
    endloop
  endfacet
  facet normal 0 0.928943 -0.370223
    outer loop
      vertex -5.60025 1.00037 -2.72514
      vertex -6.20025 1.01842 -2.67985
      vertex -5.60025 1.01842 -2.67985
    endloop
  endfacet
  facet normal 0 0.928943 -0.370223
    outer loop
      vertex -6.20025 1.01842 -2.67985
      vertex -5.60025 1.00037 -2.72514
      vertex -6.20025 1.00037 -2.72514
    endloop
  endfacet
  facet normal 0 0.937625 -0.347647
    outer loop
      vertex -5.60025 0.983459 -2.77075
      vertex -6.20025 1.00037 -2.72514
      vertex -5.60025 1.00037 -2.72514
    endloop
  endfacet
  facet normal 0 0.937625 -0.347647
    outer loop
      vertex -6.20025 1.00037 -2.72514
      vertex -5.60025 0.983459 -2.77075
      vertex -6.20025 0.983459 -2.77075
    endloop
  endfacet
  facet normal 0 0.945752 -0.32489
    outer loop
      vertex -5.60025 0.967674 -2.8167
      vertex -6.20025 0.983459 -2.77075
      vertex -5.60025 0.983459 -2.77075
    endloop
  endfacet
  facet normal 0 0.945752 -0.32489
    outer loop
      vertex -6.20025 0.983459 -2.77075
      vertex -5.60025 0.967674 -2.8167
      vertex -6.20025 0.967674 -2.8167
    endloop
  endfacet
  facet normal 0 0.953372 -0.301798
    outer loop
      vertex -5.60025 0.95303 -2.86296
      vertex -6.20025 0.967674 -2.8167
      vertex -5.60025 0.967674 -2.8167
    endloop
  endfacet
  facet normal 0 0.953372 -0.301798
    outer loop
      vertex -6.20025 0.967674 -2.8167
      vertex -5.60025 0.95303 -2.86296
      vertex -6.20025 0.95303 -2.86296
    endloop
  endfacet
  facet normal 0 0.960437 -0.278498
    outer loop
      vertex -5.60025 0.939529 -2.90952
      vertex -6.20025 0.95303 -2.86296
      vertex -5.60025 0.95303 -2.86296
    endloop
  endfacet
  facet normal 0 0.960437 -0.278498
    outer loop
      vertex -6.20025 0.95303 -2.86296
      vertex -5.60025 0.939529 -2.90952
      vertex -6.20025 0.939529 -2.90952
    endloop
  endfacet
  facet normal 0 0.96693 -0.25504
    outer loop
      vertex -5.60025 0.927177 -2.95635
      vertex -6.20025 0.939529 -2.90952
      vertex -5.60025 0.939529 -2.90952
    endloop
  endfacet
  facet normal 0 0.96693 -0.25504
    outer loop
      vertex -6.20025 0.939529 -2.90952
      vertex -5.60025 0.927177 -2.95635
      vertex -6.20025 0.927177 -2.95635
    endloop
  endfacet
  facet normal 0 0.972885 -0.23129
    outer loop
      vertex -5.60025 0.915982 -3.00344
      vertex -6.20025 0.927177 -2.95635
      vertex -5.60025 0.927177 -2.95635
    endloop
  endfacet
  facet normal 0 0.972885 -0.23129
    outer loop
      vertex -6.20025 0.927177 -2.95635
      vertex -5.60025 0.915982 -3.00344
      vertex -6.20025 0.915982 -3.00344
    endloop
  endfacet
  facet normal 0 0.978288 -0.207248
    outer loop
      vertex -5.60025 0.905951 -3.05079
      vertex -6.20025 0.915982 -3.00344
      vertex -5.60025 0.915982 -3.00344
    endloop
  endfacet
  facet normal 0 0.978288 -0.207248
    outer loop
      vertex -6.20025 0.915982 -3.00344
      vertex -5.60025 0.905951 -3.05079
      vertex -6.20025 0.905951 -3.05079
    endloop
  endfacet
  facet normal 0 0.983072 -0.18322
    outer loop
      vertex -5.60025 0.897087 -3.09835
      vertex -6.20025 0.905951 -3.05079
      vertex -5.60025 0.905951 -3.05079
    endloop
  endfacet
  facet normal 0 0.983072 -0.18322
    outer loop
      vertex -6.20025 0.905951 -3.05079
      vertex -5.60025 0.897087 -3.09835
      vertex -6.20025 0.897087 -3.09835
    endloop
  endfacet
  facet normal 0 0.987298 -0.158881
    outer loop
      vertex -5.60025 0.889398 -3.14613
      vertex -6.20025 0.897087 -3.09835
      vertex -5.60025 0.897087 -3.09835
    endloop
  endfacet
  facet normal 0 0.987298 -0.158881
    outer loop
      vertex -6.20025 0.897087 -3.09835
      vertex -5.60025 0.889398 -3.14613
      vertex -6.20025 0.889398 -3.14613
    endloop
  endfacet
  facet normal 0 0.990922 -0.134437
    outer loop
      vertex -5.60025 0.88289 -3.1941
      vertex -6.20025 0.889398 -3.14613
      vertex -5.60025 0.889398 -3.14613
    endloop
  endfacet
  facet normal 0 0.990922 -0.134437
    outer loop
      vertex -6.20025 0.889398 -3.14613
      vertex -5.60025 0.88289 -3.1941
      vertex -6.20025 0.88289 -3.1941
    endloop
  endfacet
  facet normal 0 0.993947 -0.109863
    outer loop
      vertex -5.60025 0.877569 -3.24224
      vertex -6.20025 0.88289 -3.1941
      vertex -5.60025 0.88289 -3.1941
    endloop
  endfacet
  facet normal 0 0.993947 -0.109863
    outer loop
      vertex -6.20025 0.88289 -3.1941
      vertex -5.60025 0.877569 -3.24224
      vertex -6.20025 0.877569 -3.24224
    endloop
  endfacet
  facet normal 0 0.996369 -0.0851379
    outer loop
      vertex -5.60025 0.873441 -3.29055
      vertex -6.20025 0.877569 -3.24224
      vertex -5.60025 0.877569 -3.24224
    endloop
  endfacet
  facet normal 0 0.996369 -0.0851379
    outer loop
      vertex -6.20025 0.877569 -3.24224
      vertex -5.60025 0.873441 -3.29055
      vertex -6.20025 0.873441 -3.29055
    endloop
  endfacet
  facet normal 0 0.998178 -0.0603439
    outer loop
      vertex -5.60025 0.870512 -3.339
      vertex -6.20025 0.873441 -3.29055
      vertex -5.60025 0.873441 -3.29055
    endloop
  endfacet
  facet normal 0 0.998178 -0.0603439
    outer loop
      vertex -6.20025 0.873441 -3.29055
      vertex -5.60025 0.870512 -3.339
      vertex -6.20025 0.870512 -3.339
    endloop
  endfacet
  facet normal 0 0.999371 -0.0354523
    outer loop
      vertex -5.60025 0.868789 -3.38757
      vertex -6.20025 0.870512 -3.339
      vertex -5.60025 0.870512 -3.339
    endloop
  endfacet
  facet normal 0 0.999371 -0.0354523
    outer loop
      vertex -6.20025 0.870512 -3.339
      vertex -5.60025 0.868789 -3.38757
      vertex -6.20025 0.868789 -3.38757
    endloop
  endfacet
  facet normal 0 0.999945 -0.0105355
    outer loop
      vertex -5.60025 0.868276 -3.43626
      vertex -6.20025 0.868789 -3.38757
      vertex -5.60025 0.868789 -3.38757
    endloop
  endfacet
  facet normal 0 0.999945 -0.0105355
    outer loop
      vertex -6.20025 0.868789 -3.38757
      vertex -5.60025 0.868276 -3.43626
      vertex -6.20025 0.868276 -3.43626
    endloop
  endfacet
  facet normal 0 0.999896 0.0144397
    outer loop
      vertex -5.60025 0.868979 -3.48494
      vertex -6.20025 0.868276 -3.43626
      vertex -5.60025 0.868276 -3.43626
    endloop
  endfacet
  facet normal 0 0.999896 0.0144397
    outer loop
      vertex -6.20025 0.868276 -3.43626
      vertex -5.60025 0.868979 -3.48494
      vertex -6.20025 0.868979 -3.48494
    endloop
  endfacet
  facet normal 0 0.999224 0.0393765
    outer loop
      vertex -5.60025 0.870893 -3.53351
      vertex -6.20025 0.868979 -3.48494
      vertex -5.60025 0.868979 -3.48494
    endloop
  endfacet
  facet normal 0 0.999224 0.0393765
    outer loop
      vertex -6.20025 0.868979 -3.48494
      vertex -5.60025 0.870893 -3.53351
      vertex -6.20025 0.870893 -3.53351
    endloop
  endfacet
  facet normal 0 0.997935 0.0642354
    outer loop
      vertex -5.60025 0.874011 -3.58195
      vertex -6.20025 0.870893 -3.53351
      vertex -5.60025 0.870893 -3.53351
    endloop
  endfacet
  facet normal 0 0.997935 0.0642354
    outer loop
      vertex -6.20025 0.870893 -3.53351
      vertex -5.60025 0.874011 -3.58195
      vertex -6.20025 0.874011 -3.58195
    endloop
  endfacet
  facet normal 0 0.99603 0.0890218
    outer loop
      vertex -5.60025 0.878327 -3.63024
      vertex -6.20025 0.874011 -3.58195
      vertex -5.60025 0.874011 -3.58195
    endloop
  endfacet
  facet normal 0 0.99603 0.0890218
    outer loop
      vertex -6.20025 0.874011 -3.58195
      vertex -5.60025 0.878327 -3.63024
      vertex -6.20025 0.878327 -3.63024
    endloop
  endfacet
  facet normal 0 0.993511 0.113739
    outer loop
      vertex -5.60025 0.883837 -3.67837
      vertex -6.20025 0.878327 -3.63024
      vertex -5.60025 0.878327 -3.63024
    endloop
  endfacet
  facet normal 0 0.993511 0.113739
    outer loop
      vertex -6.20025 0.878327 -3.63024
      vertex -5.60025 0.883837 -3.67837
      vertex -6.20025 0.883837 -3.67837
    endloop
  endfacet
  facet normal 0 0.990386 0.138332
    outer loop
      vertex -5.60025 0.890533 -3.72631
      vertex -6.20025 0.883837 -3.67837
      vertex -5.60025 0.883837 -3.67837
    endloop
  endfacet
  facet normal 0 0.990386 0.138332
    outer loop
      vertex -6.20025 0.883837 -3.67837
      vertex -5.60025 0.890533 -3.72631
      vertex -6.20025 0.890533 -3.72631
    endloop
  endfacet
  facet normal 0 0.986672 0.162723
    outer loop
      vertex -5.60025 0.898408 -3.77406
      vertex -6.20025 0.890533 -3.72631
      vertex -5.60025 0.890533 -3.72631
    endloop
  endfacet
  facet normal 0 0.986672 0.162723
    outer loop
      vertex -6.20025 0.890533 -3.72631
      vertex -5.60025 0.898408 -3.77406
      vertex -6.20025 0.898408 -3.77406
    endloop
  endfacet
  facet normal 0 0.982355 0.187026
    outer loop
      vertex -5.60025 0.907457 -3.82159
      vertex -6.20025 0.898408 -3.77406
      vertex -5.60025 0.898408 -3.77406
    endloop
  endfacet
  facet normal 0 0.982355 0.187026
    outer loop
      vertex -6.20025 0.898408 -3.77406
      vertex -5.60025 0.907457 -3.82159
      vertex -6.20025 0.907457 -3.82159
    endloop
  endfacet
  facet normal 0 0.977457 0.211135
    outer loop
      vertex -5.60025 0.917674 -3.86889
      vertex -6.20025 0.907457 -3.82159
      vertex -5.60025 0.907457 -3.82159
    endloop
  endfacet
  facet normal 0 0.977457 0.211135
    outer loop
      vertex -6.20025 0.907457 -3.82159
      vertex -5.60025 0.917674 -3.86889
      vertex -6.20025 0.917674 -3.86889
    endloop
  endfacet
  facet normal 0 0.971999 0.234986
    outer loop
      vertex -5.60025 0.929051 -3.91595
      vertex -6.20025 0.917674 -3.86889
      vertex -5.60025 0.917674 -3.86889
    endloop
  endfacet
  facet normal 0 0.971999 0.234986
    outer loop
      vertex -6.20025 0.917674 -3.86889
      vertex -5.60025 0.929051 -3.91595
      vertex -6.20025 0.929051 -3.91595
    endloop
  endfacet
  facet normal 0 0.965943 0.258755
    outer loop
      vertex -5.60025 0.941585 -3.96274
      vertex -6.20025 0.929051 -3.91595
      vertex -5.60025 0.929051 -3.91595
    endloop
  endfacet
  facet normal 0 0.965943 0.258755
    outer loop
      vertex -6.20025 0.929051 -3.91595
      vertex -5.60025 0.941585 -3.96274
      vertex -6.20025 0.941585 -3.96274
    endloop
  endfacet
  facet normal 0 0.959329 0.28229
    outer loop
      vertex -5.60025 0.955268 -4.00924
      vertex -6.20025 0.941585 -3.96274
      vertex -5.60025 0.941585 -3.96274
    endloop
  endfacet
  facet normal 0 0.959329 0.28229
    outer loop
      vertex -6.20025 0.941585 -3.96274
      vertex -5.60025 0.955268 -4.00924
      vertex -6.20025 0.955268 -4.00924
    endloop
  endfacet
  facet normal 0 0.952179 0.305542
    outer loop
      vertex -5.60025 0.970093 -4.05544
      vertex -6.20025 0.955268 -4.00924
      vertex -5.60025 0.955268 -4.00924
    endloop
  endfacet
  facet normal 0 0.952179 0.305542
    outer loop
      vertex -6.20025 0.955268 -4.00924
      vertex -5.60025 0.970093 -4.05544
      vertex -6.20025 0.970093 -4.05544
    endloop
  endfacet
  facet normal 0 0.944502 0.328507
    outer loop
      vertex -5.60025 0.986054 -4.10133
      vertex -6.20025 0.970093 -4.05544
      vertex -5.60025 0.970093 -4.05544
    endloop
  endfacet
  facet normal 0 0.944502 0.328507
    outer loop
      vertex -6.20025 0.970093 -4.05544
      vertex -5.60025 0.986054 -4.10133
      vertex -6.20025 0.986054 -4.10133
    endloop
  endfacet
  facet normal 0 0.936348 0.351074
    outer loop
      vertex -5.60025 1.00314 -4.1469
      vertex -6.20025 0.986054 -4.10133
      vertex -5.60025 0.986054 -4.10133
    endloop
  endfacet
  facet normal 0 0.936348 0.351074
    outer loop
      vertex -6.20025 0.986054 -4.10133
      vertex -5.60025 1.00314 -4.1469
      vertex -6.20025 1.00314 -4.1469
    endloop
  endfacet
  facet normal 0 0.927454 0.373937
    outer loop
      vertex -5.60025 1.02136 -4.19209
      vertex -6.20025 1.00314 -4.1469
      vertex -5.60025 1.00314 -4.1469
    endloop
  endfacet
  facet normal 0 0.927454 0.373937
    outer loop
      vertex -6.20025 1.00314 -4.1469
      vertex -5.60025 1.02136 -4.19209
      vertex -6.20025 1.02136 -4.19209
    endloop
  endfacet
  facet normal 0 0.92015 -0.391566
    outer loop
      vertex -5.60025 1.01842 -2.67985
      vertex -6.20025 1.03751 -2.63499
      vertex -5.60025 1.03751 -2.63499
    endloop
  endfacet
  facet normal 0 0.92015 -0.391566
    outer loop
      vertex -6.20025 1.03751 -2.63499
      vertex -5.60025 1.01842 -2.67985
      vertex -6.20025 1.01842 -2.67985
    endloop
  endfacet
  facet normal 0 0.910486 -0.41354
    outer loop
      vertex -5.60025 1.03751 -2.63499
      vertex -6.20025 1.05764 -2.59067
      vertex -5.60025 1.05764 -2.59067
    endloop
  endfacet
  facet normal 0 0.910486 -0.41354
    outer loop
      vertex -6.20025 1.05764 -2.59067
      vertex -5.60025 1.03751 -2.63499
      vertex -6.20025 1.03751 -2.63499
    endloop
  endfacet
  facet normal 0 0.900115 -0.435652
    outer loop
      vertex -5.60025 1.05764 -2.59067
      vertex -6.20025 1.07881 -2.54693
      vertex -5.60025 1.07881 -2.54693
    endloop
  endfacet
  facet normal 0 0.900115 -0.435652
    outer loop
      vertex -6.20025 1.07881 -2.54693
      vertex -5.60025 1.05764 -2.59067
      vertex -6.20025 1.05764 -2.59067
    endloop
  endfacet
  facet normal 0 0.889429 -0.457073
    outer loop
      vertex -5.60025 1.07881 -2.54693
      vertex -6.20025 1.101 -2.50375
      vertex -5.60025 1.101 -2.50375
    endloop
  endfacet
  facet normal 0 0.889429 -0.457073
    outer loop
      vertex -6.20025 1.101 -2.50375
      vertex -5.60025 1.07881 -2.54693
      vertex -6.20025 1.07881 -2.54693
    endloop
  endfacet
  facet normal 0 0.877896 -0.478852
    outer loop
      vertex -5.60025 1.101 -2.50375
      vertex -6.20025 1.12422 -2.46118
      vertex -5.60025 1.12422 -2.46118
    endloop
  endfacet
  facet normal 0 0.877896 -0.478852
    outer loop
      vertex -6.20025 1.12422 -2.46118
      vertex -5.60025 1.101 -2.50375
      vertex -6.20025 1.101 -2.50375
    endloop
  endfacet
  facet normal 0 0.866076 -0.499913
    outer loop
      vertex -5.60025 1.12422 -2.46118
      vertex -6.20025 1.14844 -2.41922
      vertex -5.60025 1.14844 -2.41922
    endloop
  endfacet
  facet normal 0 0.866076 -0.499913
    outer loop
      vertex -6.20025 1.14844 -2.41922
      vertex -5.60025 1.12422 -2.46118
      vertex -6.20025 1.12422 -2.46118
    endloop
  endfacet
  facet normal 0 0.853588 -0.520949
    outer loop
      vertex -5.60025 1.14844 -2.41922
      vertex -6.20025 1.17367 -2.37788
      vertex -5.60025 1.17367 -2.37788
    endloop
  endfacet
  facet normal 0 0.853588 -0.520949
    outer loop
      vertex -6.20025 1.17367 -2.37788
      vertex -5.60025 1.14844 -2.41922
      vertex -6.20025 1.14844 -2.41922
    endloop
  endfacet
  facet normal 0 0.840533 -0.54176
    outer loop
      vertex -5.60025 1.17367 -2.37788
      vertex -6.20025 1.19989 -2.3372
      vertex -5.60025 1.19989 -2.3372
    endloop
  endfacet
  facet normal 0 0.840533 -0.54176
    outer loop
      vertex -6.20025 1.19989 -2.3372
      vertex -5.60025 1.17367 -2.37788
      vertex -6.20025 1.17367 -2.37788
    endloop
  endfacet
  facet normal 0 0.827092 -0.562067
    outer loop
      vertex -5.60025 1.19989 -2.3372
      vertex -6.20025 1.2271 -2.29716
      vertex -5.60025 1.2271 -2.29716
    endloop
  endfacet
  facet normal 0 0.827092 -0.562067
    outer loop
      vertex -6.20025 1.2271 -2.29716
      vertex -5.60025 1.19989 -2.3372
      vertex -6.20025 1.19989 -2.3372
    endloop
  endfacet
  facet normal 0 0.812755 -0.582605
    outer loop
      vertex -5.60025 1.2271 -2.29716
      vertex -6.20025 1.2553 -2.25782
      vertex -5.60025 1.2553 -2.25782
    endloop
  endfacet
  facet normal 0 0.812755 -0.582605
    outer loop
      vertex -6.20025 1.2553 -2.25782
      vertex -5.60025 1.2271 -2.29716
      vertex -6.20025 1.2271 -2.29716
    endloop
  endfacet
  facet normal 0 0.798262 -0.60231
    outer loop
      vertex -5.60025 1.2553 -2.25782
      vertex -6.20025 1.28447 -2.21916
      vertex -5.60025 1.28447 -2.21916
    endloop
  endfacet
  facet normal 0 0.798262 -0.60231
    outer loop
      vertex -6.20025 1.28447 -2.21916
      vertex -5.60025 1.2553 -2.25782
      vertex -6.20025 1.2553 -2.25782
    endloop
  endfacet
  facet normal 0 0.783099 -0.621897
    outer loop
      vertex -5.60025 1.28447 -2.21916
      vertex -6.20025 1.3146 -2.18122
      vertex -5.60025 1.3146 -2.18122
    endloop
  endfacet
  facet normal 0 0.783099 -0.621897
    outer loop
      vertex -6.20025 1.3146 -2.18122
      vertex -5.60025 1.28447 -2.21916
      vertex -6.20025 1.28447 -2.21916
    endloop
  endfacet
  facet normal 0 0.767376 -0.641198
    outer loop
      vertex -5.60025 1.3146 -2.18122
      vertex -6.20025 1.3457 -2.144
      vertex -5.60025 1.3457 -2.144
    endloop
  endfacet
  facet normal 0 0.767376 -0.641198
    outer loop
      vertex -6.20025 1.3457 -2.144
      vertex -5.60025 1.3146 -2.18122
      vertex -6.20025 1.3146 -2.18122
    endloop
  endfacet
  facet normal 0 0.751248 -0.66002
    outer loop
      vertex -5.60025 1.3457 -2.144
      vertex -6.20025 1.37775 -2.10752
      vertex -5.60025 1.37775 -2.10752
    endloop
  endfacet
  facet normal 0 0.751248 -0.66002
    outer loop
      vertex -6.20025 1.37775 -2.10752
      vertex -5.60025 1.3457 -2.144
      vertex -6.20025 1.3457 -2.144
    endloop
  endfacet
  facet normal 0 0.734622 -0.678477
    outer loop
      vertex -5.60025 1.37775 -2.10752
      vertex -6.20025 1.41074 -2.0718
      vertex -5.60025 1.41074 -2.0718
    endloop
  endfacet
  facet normal 0 0.734622 -0.678477
    outer loop
      vertex -6.20025 1.41074 -2.0718
      vertex -5.60025 1.37775 -2.10752
      vertex -6.20025 1.37775 -2.10752
    endloop
  endfacet
  facet normal 0 0.7174 -0.696662
    outer loop
      vertex -5.60025 1.41074 -2.0718
      vertex -6.20025 1.44467 -2.03686
      vertex -5.60025 1.44467 -2.03686
    endloop
  endfacet
  facet normal 0 0.7174 -0.696662
    outer loop
      vertex -6.20025 1.44467 -2.03686
      vertex -5.60025 1.41074 -2.0718
      vertex -6.20025 1.41074 -2.0718
    endloop
  endfacet
  facet normal 0 0.699885 -0.714256
    outer loop
      vertex -6.20025 1.44467 -2.03686
      vertex -5.60025 1.47946 -2.00277
      vertex -5.60025 1.44467 -2.03686
    endloop
  endfacet
  facet normal 0 0.699885 -0.714256
    outer loop
      vertex -5.60025 1.47946 -2.00277
      vertex -6.20025 1.44467 -2.03686
      vertex -6.20025 1.47946 -2.00277
    endloop
  endfacet
  facet normal 0 0.681783 -0.731554
    outer loop
      vertex -6.20025 1.47946 -2.00277
      vertex -5.60025 1.51503 -1.96962
      vertex -5.60025 1.47946 -2.00277
    endloop
  endfacet
  facet normal 0 0.681783 -0.731554
    outer loop
      vertex -5.60025 1.51503 -1.96962
      vertex -6.20025 1.47946 -2.00277
      vertex -6.20025 1.51503 -1.96962
    endloop
  endfacet
  facet normal 0 0.663418 -0.748249
    outer loop
      vertex -6.20025 1.51503 -1.96962
      vertex -5.60025 1.55137 -1.9374
      vertex -5.60025 1.51503 -1.96962
    endloop
  endfacet
  facet normal 0 0.663418 -0.748249
    outer loop
      vertex -5.60025 1.55137 -1.9374
      vertex -6.20025 1.51503 -1.96962
      vertex -6.20025 1.55137 -1.9374
    endloop
  endfacet
  facet normal 0 0.644555 -0.764558
    outer loop
      vertex -6.20025 1.55137 -1.9374
      vertex -5.60025 1.58845 -1.90614
      vertex -5.60025 1.55137 -1.9374
    endloop
  endfacet
  facet normal 0 0.644555 -0.764558
    outer loop
      vertex -5.60025 1.58845 -1.90614
      vertex -6.20025 1.55137 -1.9374
      vertex -6.20025 1.58845 -1.90614
    endloop
  endfacet
  facet normal 0 0.625349 -0.780345
    outer loop
      vertex -6.20025 1.58845 -1.90614
      vertex -5.60025 1.62626 -1.87584
      vertex -5.60025 1.58845 -1.90614
    endloop
  endfacet
  facet normal 0 0.625349 -0.780345
    outer loop
      vertex -5.60025 1.62626 -1.87584
      vertex -6.20025 1.58845 -1.90614
      vertex -6.20025 1.62626 -1.87584
    endloop
  endfacet
  facet normal 0 0.605962 -0.795493
    outer loop
      vertex -6.20025 1.62626 -1.87584
      vertex -5.60025 1.66479 -1.84649
      vertex -5.60025 1.62626 -1.87584
    endloop
  endfacet
  facet normal 0 0.605962 -0.795493
    outer loop
      vertex -5.60025 1.66479 -1.84649
      vertex -6.20025 1.62626 -1.87584
      vertex -6.20025 1.66479 -1.84649
    endloop
  endfacet
  facet normal 0 0.586094 -0.810243
    outer loop
      vertex -6.20025 1.66479 -1.84649
      vertex -5.60025 1.70401 -1.81812
      vertex -5.60025 1.66479 -1.84649
    endloop
  endfacet
  facet normal 0 0.586094 -0.810243
    outer loop
      vertex -5.60025 1.70401 -1.81812
      vertex -6.20025 1.66479 -1.84649
      vertex -6.20025 1.70401 -1.81812
    endloop
  endfacet
  facet normal 0 0.56595 -0.82444
    outer loop
      vertex -6.20025 1.70401 -1.81812
      vertex -5.60025 1.74391 -1.79073
      vertex -5.60025 1.70401 -1.81812
    endloop
  endfacet
  facet normal 0 0.56595 -0.82444
    outer loop
      vertex -5.60025 1.74391 -1.79073
      vertex -6.20025 1.70401 -1.81812
      vertex -6.20025 1.74391 -1.79073
    endloop
  endfacet
  facet normal 0 0.545467 -0.838132
    outer loop
      vertex -6.20025 1.74391 -1.79073
      vertex -5.60025 1.78449 -1.76432
      vertex -5.60025 1.74391 -1.79073
    endloop
  endfacet
  facet normal 0 0.545467 -0.838132
    outer loop
      vertex -5.60025 1.78449 -1.76432
      vertex -6.20025 1.74391 -1.79073
      vertex -6.20025 1.78449 -1.76432
    endloop
  endfacet
  facet normal 0 0.524754 -0.851254
    outer loop
      vertex -6.20025 1.78449 -1.76432
      vertex -5.60025 1.82571 -1.73891
      vertex -5.60025 1.78449 -1.76432
    endloop
  endfacet
  facet normal 0 0.524754 -0.851254
    outer loop
      vertex -5.60025 1.82571 -1.73891
      vertex -6.20025 1.78449 -1.76432
      vertex -6.20025 1.82571 -1.73891
    endloop
  endfacet
  facet normal 0 0.503987 -0.863712
    outer loop
      vertex -6.20025 1.82571 -1.73891
      vertex -5.60025 1.86756 -1.71449
      vertex -5.60025 1.82571 -1.73891
    endloop
  endfacet
  facet normal 0 0.503987 -0.863712
    outer loop
      vertex -5.60025 1.86756 -1.71449
      vertex -6.20025 1.82571 -1.73891
      vertex -6.20025 1.86756 -1.71449
    endloop
  endfacet
  facet normal 0 0.482576 -0.875854
    outer loop
      vertex -6.20025 1.86756 -1.71449
      vertex -5.60025 1.91003 -1.69109
      vertex -5.60025 1.86756 -1.71449
    endloop
  endfacet
  facet normal 0 0.482576 -0.875854
    outer loop
      vertex -5.60025 1.91003 -1.69109
      vertex -6.20025 1.86756 -1.71449
      vertex -6.20025 1.91003 -1.69109
    endloop
  endfacet
  facet normal 0 0.461411 -0.887186
    outer loop
      vertex -6.20025 1.91003 -1.69109
      vertex -5.60025 1.9531 -1.66869
      vertex -5.60025 1.91003 -1.69109
    endloop
  endfacet
  facet normal 0 0.461411 -0.887186
    outer loop
      vertex -5.60025 1.9531 -1.66869
      vertex -6.20025 1.91003 -1.69109
      vertex -6.20025 1.9531 -1.66869
    endloop
  endfacet
  facet normal 0 0.439708 -0.898141
    outer loop
      vertex -6.20025 1.9531 -1.66869
      vertex -5.60025 1.99675 -1.64732
      vertex -5.60025 1.9531 -1.66869
    endloop
  endfacet
  facet normal 0 0.439708 -0.898141
    outer loop
      vertex -5.60025 1.99675 -1.64732
      vertex -6.20025 1.9531 -1.66869
      vertex -6.20025 1.99675 -1.64732
    endloop
  endfacet
  facet normal 0 0.417807 -0.908536
    outer loop
      vertex -6.20025 1.99675 -1.64732
      vertex -5.60025 2.04098 -1.62698
      vertex -5.60025 1.99675 -1.64732
    endloop
  endfacet
  facet normal 0 0.417807 -0.908536
    outer loop
      vertex -5.60025 2.04098 -1.62698
      vertex -6.20025 1.99675 -1.64732
      vertex -6.20025 2.04098 -1.62698
    endloop
  endfacet
  facet normal 0 0.395874 -0.918305
    outer loop
      vertex -6.20025 2.04098 -1.62698
      vertex -5.60025 2.08575 -1.60768
      vertex -5.60025 2.04098 -1.62698
    endloop
  endfacet
  facet normal 0 0.395874 -0.918305
    outer loop
      vertex -5.60025 2.08575 -1.60768
      vertex -6.20025 2.04098 -1.62698
      vertex -6.20025 2.08575 -1.60768
    endloop
  endfacet
  facet normal 0 -0.331365 -0.943503
    outer loop
      vertex -6.20025 3.45445 -1.55461
      vertex -5.60025 3.54266 -1.58559
      vertex -5.60025 3.45445 -1.55461
    endloop
  endfacet
  facet normal -0 -0.331365 -0.943503
    outer loop
      vertex -5.60025 3.54266 -1.58559
      vertex -6.20025 3.45445 -1.55461
      vertex -6.20025 3.54266 -1.58559
    endloop
  endfacet
  facet normal 0 -0.28723 -0.957862
    outer loop
      vertex -6.20025 3.36501 -1.52779
      vertex -5.60025 3.45445 -1.55461
      vertex -5.60025 3.36501 -1.52779
    endloop
  endfacet
  facet normal -0 -0.28723 -0.957862
    outer loop
      vertex -5.60025 3.45445 -1.55461
      vertex -6.20025 3.36501 -1.52779
      vertex -6.20025 3.45445 -1.55461
    endloop
  endfacet
  facet normal 0 -0.242359 -0.970187
    outer loop
      vertex -6.20025 3.2745 -1.50518
      vertex -5.60025 3.36501 -1.52779
      vertex -5.60025 3.2745 -1.50518
    endloop
  endfacet
  facet normal -0 -0.242359 -0.970187
    outer loop
      vertex -5.60025 3.36501 -1.52779
      vertex -6.20025 3.2745 -1.50518
      vertex -6.20025 3.36501 -1.52779
    endloop
  endfacet
  facet normal 0 -0.196879 -0.980428
    outer loop
      vertex -6.20025 3.18307 -1.48682
      vertex -5.60025 3.2745 -1.50518
      vertex -5.60025 3.18307 -1.48682
    endloop
  endfacet
  facet normal -0 -0.196879 -0.980428
    outer loop
      vertex -5.60025 3.2745 -1.50518
      vertex -6.20025 3.18307 -1.48682
      vertex -6.20025 3.2745 -1.50518
    endloop
  endfacet
  facet normal 0 -0.150679 -0.988583
    outer loop
      vertex -6.20025 3.09089 -1.47277
      vertex -5.60025 3.18307 -1.48682
      vertex -5.60025 3.09089 -1.47277
    endloop
  endfacet
  facet normal -0 -0.150679 -0.988583
    outer loop
      vertex -5.60025 3.18307 -1.48682
      vertex -6.20025 3.09089 -1.47277
      vertex -6.20025 3.18307 -1.48682
    endloop
  endfacet
  facet normal 0 -0.104077 -0.994569
    outer loop
      vertex -6.20025 2.9981 -1.46306
      vertex -5.60025 3.09089 -1.47277
      vertex -5.60025 2.9981 -1.46306
    endloop
  endfacet
  facet normal -0 -0.104077 -0.994569
    outer loop
      vertex -5.60025 3.09089 -1.47277
      vertex -6.20025 2.9981 -1.46306
      vertex -6.20025 3.09089 -1.47277
    endloop
  endfacet
  facet normal 0 -0.0569644 -0.998376
    outer loop
      vertex -6.20025 2.90486 -1.45774
      vertex -5.60025 2.9981 -1.46306
      vertex -5.60025 2.90486 -1.45774
    endloop
  endfacet
  facet normal -0 -0.0569644 -0.998376
    outer loop
      vertex -5.60025 2.9981 -1.46306
      vertex -6.20025 2.90486 -1.45774
      vertex -6.20025 2.9981 -1.46306
    endloop
  endfacet
  facet normal 0 -0.00951523 -0.999955
    outer loop
      vertex -6.20025 2.81133 -1.45685
      vertex -5.60025 2.90486 -1.45774
      vertex -5.60025 2.81133 -1.45685
    endloop
  endfacet
  facet normal -0 -0.00951523 -0.999955
    outer loop
      vertex -5.60025 2.90486 -1.45774
      vertex -6.20025 2.81133 -1.45685
      vertex -6.20025 2.90486 -1.45774
    endloop
  endfacet
  facet normal 0 0.0381989 -0.99927
    outer loop
      vertex -6.20025 2.71794 -1.46042
      vertex -5.60025 2.81133 -1.45685
      vertex -5.60025 2.71794 -1.46042
    endloop
  endfacet
  facet normal 0 0.0381989 -0.99927
    outer loop
      vertex -5.60025 2.81133 -1.45685
      vertex -6.20025 2.71794 -1.46042
      vertex -6.20025 2.81133 -1.45685
    endloop
  endfacet
  facet normal 0 0.0857451 -0.996317
    outer loop
      vertex -6.20025 2.6251 -1.46841
      vertex -5.60025 2.71794 -1.46042
      vertex -5.60025 2.6251 -1.46841
    endloop
  endfacet
  facet normal 0 0.0857451 -0.996317
    outer loop
      vertex -5.60025 2.71794 -1.46042
      vertex -6.20025 2.6251 -1.46841
      vertex -6.20025 2.71794 -1.46042
    endloop
  endfacet
  facet normal 0 0.133213 -0.991087
    outer loop
      vertex -6.20025 2.53292 -1.4808
      vertex -5.60025 2.6251 -1.46841
      vertex -5.60025 2.53292 -1.4808
    endloop
  endfacet
  facet normal 0 0.133213 -0.991087
    outer loop
      vertex -5.60025 2.6251 -1.46841
      vertex -6.20025 2.53292 -1.4808
      vertex -6.20025 2.6251 -1.46841
    endloop
  endfacet
  facet normal 0 0.180448 -0.983585
    outer loop
      vertex -6.20025 2.44151 -1.49757
      vertex -5.60025 2.53292 -1.4808
      vertex -5.60025 2.44151 -1.49757
    endloop
  endfacet
  facet normal 0 0.180448 -0.983585
    outer loop
      vertex -5.60025 2.53292 -1.4808
      vertex -6.20025 2.44151 -1.49757
      vertex -6.20025 2.53292 -1.4808
    endloop
  endfacet
  facet normal 0 0.226886 -0.973921
    outer loop
      vertex -6.20025 2.35098 -1.51866
      vertex -5.60025 2.44151 -1.49757
      vertex -5.60025 2.35098 -1.51866
    endloop
  endfacet
  facet normal 0 0.226886 -0.973921
    outer loop
      vertex -5.60025 2.44151 -1.49757
      vertex -6.20025 2.35098 -1.51866
      vertex -6.20025 2.44151 -1.49757
    endloop
  endfacet
  facet normal 0 0.272975 -0.962021
    outer loop
      vertex -6.20025 2.26143 -1.54407
      vertex -5.60025 2.35098 -1.51866
      vertex -5.60025 2.26143 -1.54407
    endloop
  endfacet
  facet normal 0 0.272975 -0.962021
    outer loop
      vertex -5.60025 2.35098 -1.51866
      vertex -6.20025 2.26143 -1.54407
      vertex -6.20025 2.35098 -1.51866
    endloop
  endfacet
  facet normal 0 0.318157 -0.948038
    outer loop
      vertex -6.20025 2.17299 -1.57375
      vertex -5.60025 2.26143 -1.54407
      vertex -5.60025 2.17299 -1.57375
    endloop
  endfacet
  facet normal 0 0.318157 -0.948038
    outer loop
      vertex -5.60025 2.26143 -1.54407
      vertex -6.20025 2.17299 -1.57375
      vertex -6.20025 2.26143 -1.54407
    endloop
  endfacet
  facet normal 0 0.362477 -0.931993
    outer loop
      vertex -6.20025 2.08575 -1.60768
      vertex -5.60025 2.17299 -1.57375
      vertex -5.60025 2.08575 -1.60768
    endloop
  endfacet
  facet normal 0 0.362477 -0.931993
    outer loop
      vertex -5.60025 2.17299 -1.57375
      vertex -6.20025 2.08575 -1.60768
      vertex -6.20025 2.17299 -1.57375
    endloop
  endfacet
  facet normal 0 -0.382131 0.924108
    outer loop
      vertex -6.20025 3.54266 -1.58559
      vertex -5.60025 2.36195 -2.07383
      vertex -5.60025 3.54266 -1.58559
    endloop
  endfacet
  facet normal 0 -0.382131 0.924108
    outer loop
      vertex -5.60025 2.36195 -2.07383
      vertex -6.20025 3.54266 -1.58559
      vertex -6.20025 2.36195 -2.07383
    endloop
  endfacet
  facet normal 0 -0.932086 -0.362238
    outer loop
      vertex -6.20025 1.57838 -3.9769
      vertex -5.60025 1.5524 -3.91005
      vertex -6.20025 1.5524 -3.91005
    endloop
  endfacet
  facet normal 0 -0.932086 -0.362238
    outer loop
      vertex -5.60025 1.5524 -3.91005
      vertex -6.20025 1.57838 -3.9769
      vertex -5.60025 1.57838 -3.9769
    endloop
  endfacet
  facet normal 0 -0.948557 -0.316605
    outer loop
      vertex -6.20025 1.5524 -3.91005
      vertex -5.60025 1.52977 -3.84225
      vertex -6.20025 1.52977 -3.84225
    endloop
  endfacet
  facet normal 0 -0.948557 -0.316605
    outer loop
      vertex -5.60025 1.52977 -3.84225
      vertex -6.20025 1.5524 -3.91005
      vertex -5.60025 1.5524 -3.91005
    endloop
  endfacet
  facet normal 0 -0.962898 -0.269864
    outer loop
      vertex -6.20025 1.52977 -3.84225
      vertex -5.60025 1.51053 -3.7736
      vertex -6.20025 1.51053 -3.7736
    endloop
  endfacet
  facet normal 0 -0.962898 -0.269864
    outer loop
      vertex -5.60025 1.51053 -3.7736
      vertex -6.20025 1.52977 -3.84225
      vertex -5.60025 1.52977 -3.84225
    endloop
  endfacet
  facet normal 0 -0.974942 -0.222459
    outer loop
      vertex -6.20025 1.51053 -3.7736
      vertex -5.60025 1.49469 -3.70418
      vertex -6.20025 1.49469 -3.70418
    endloop
  endfacet
  facet normal 0 -0.974942 -0.222459
    outer loop
      vertex -5.60025 1.49469 -3.70418
      vertex -6.20025 1.51053 -3.7736
      vertex -5.60025 1.51053 -3.7736
    endloop
  endfacet
  facet normal 0 -0.984733 -0.174074
    outer loop
      vertex -6.20025 1.49469 -3.70418
      vertex -5.60025 1.4823 -3.63409
      vertex -6.20025 1.4823 -3.63409
    endloop
  endfacet
  facet normal 0 -0.984733 -0.174074
    outer loop
      vertex -5.60025 1.4823 -3.63409
      vertex -6.20025 1.49469 -3.70418
      vertex -5.60025 1.49469 -3.70418
    endloop
  endfacet
  facet normal 0 -0.992111 -0.125365
    outer loop
      vertex -6.20025 1.4823 -3.63409
      vertex -5.60025 1.47337 -3.56342
      vertex -6.20025 1.47337 -3.56342
    endloop
  endfacet
  facet normal 0 -0.992111 -0.125365
    outer loop
      vertex -5.60025 1.47337 -3.56342
      vertex -6.20025 1.4823 -3.63409
      vertex -5.60025 1.4823 -3.63409
    endloop
  endfacet
  facet normal 0 -0.997089 -0.0762463
    outer loop
      vertex -6.20025 1.47337 -3.56342
      vertex -5.60025 1.46793 -3.49228
      vertex -6.20025 1.46793 -3.49228
    endloop
  endfacet
  facet normal 0 -0.997089 -0.0762463
    outer loop
      vertex -5.60025 1.46793 -3.49228
      vertex -6.20025 1.47337 -3.56342
      vertex -5.60025 1.47337 -3.56342
    endloop
  endfacet
  facet normal 0 -0.99964 -0.0268285
    outer loop
      vertex -6.20025 1.46793 -3.49228
      vertex -5.60025 1.46601 -3.42074
      vertex -6.20025 1.46601 -3.42074
    endloop
  endfacet
  facet normal 0 -0.99964 -0.0268285
    outer loop
      vertex -5.60025 1.46601 -3.42074
      vertex -6.20025 1.46793 -3.49228
      vertex -5.60025 1.46793 -3.49228
    endloop
  endfacet
  facet normal 0 -0.999744 0.0226104
    outer loop
      vertex -6.20025 1.46601 -3.42074
      vertex -5.60025 1.46763 -3.34911
      vertex -6.20025 1.46763 -3.34911
    endloop
  endfacet
  facet normal 0 -0.999744 0.0226104
    outer loop
      vertex -5.60025 1.46763 -3.34911
      vertex -6.20025 1.46601 -3.42074
      vertex -5.60025 1.46601 -3.42074
    endloop
  endfacet
  facet normal 0 -0.997395 0.0721312
    outer loop
      vertex -6.20025 1.46763 -3.34911
      vertex -5.60025 1.47279 -3.27776
      vertex -6.20025 1.47279 -3.27776
    endloop
  endfacet
  facet normal 0 -0.997395 0.0721312
    outer loop
      vertex -5.60025 1.47279 -3.27776
      vertex -6.20025 1.46763 -3.34911
      vertex -5.60025 1.46763 -3.34911
    endloop
  endfacet
  facet normal 0 -0.992648 0.121038
    outer loop
      vertex -6.20025 1.47279 -3.27776
      vertex -5.60025 1.48144 -3.20682
      vertex -6.20025 1.48144 -3.20682
    endloop
  endfacet
  facet normal 0 -0.992648 0.121038
    outer loop
      vertex -5.60025 1.48144 -3.20682
      vertex -6.20025 1.47279 -3.27776
      vertex -5.60025 1.47279 -3.27776
    endloop
  endfacet
  facet normal 0 -0.98549 0.169733
    outer loop
      vertex -6.20025 1.48144 -3.20682
      vertex -5.60025 1.49356 -3.13645
      vertex -6.20025 1.49356 -3.13645
    endloop
  endfacet
  facet normal 0 -0.98549 0.169733
    outer loop
      vertex -5.60025 1.49356 -3.13645
      vertex -6.20025 1.48144 -3.20682
      vertex -5.60025 1.48144 -3.20682
    endloop
  endfacet
  facet normal 0 -0.976029 0.217642
    outer loop
      vertex -6.20025 1.49356 -3.13645
      vertex -5.60025 1.5091 -3.06676
      vertex -6.20025 1.5091 -3.06676
    endloop
  endfacet
  facet normal 0 -0.976029 0.217642
    outer loop
      vertex -5.60025 1.5091 -3.06676
      vertex -6.20025 1.49356 -3.13645
      vertex -5.60025 1.49356 -3.13645
    endloop
  endfacet
  facet normal 0 -0.964167 0.265296
    outer loop
      vertex -6.20025 1.5091 -3.06676
      vertex -5.60025 1.52805 -2.99789
      vertex -6.20025 1.52805 -2.99789
    endloop
  endfacet
  facet normal 0 -0.964167 0.265296
    outer loop
      vertex -5.60025 1.52805 -2.99789
      vertex -6.20025 1.5091 -3.06676
      vertex -5.60025 1.5091 -3.06676
    endloop
  endfacet
  facet normal 0 -0.950128 0.311861
    outer loop
      vertex -6.20025 1.52805 -2.99789
      vertex -5.60025 1.55035 -2.92995
      vertex -6.20025 1.55035 -2.92995
    endloop
  endfacet
  facet normal 0 -0.950128 0.311861
    outer loop
      vertex -5.60025 1.55035 -2.92995
      vertex -6.20025 1.52805 -2.99789
      vertex -5.60025 1.52805 -2.99789
    endloop
  endfacet
  facet normal 0 -0.93368 0.358109
    outer loop
      vertex -6.20025 1.55035 -2.92995
      vertex -5.60025 1.57599 -2.8631
      vertex -6.20025 1.57599 -2.8631
    endloop
  endfacet
  facet normal 0 -0.93368 0.358109
    outer loop
      vertex -5.60025 1.57599 -2.8631
      vertex -6.20025 1.55035 -2.92995
      vertex -5.60025 1.55035 -2.92995
    endloop
  endfacet
  facet normal 0 -0.915097 0.403235
    outer loop
      vertex -6.20025 1.57599 -2.8631
      vertex -5.60025 1.60487 -2.79756
      vertex -6.20025 1.60487 -2.79756
    endloop
  endfacet
  facet normal 0 -0.915097 0.403235
    outer loop
      vertex -5.60025 1.60487 -2.79756
      vertex -6.20025 1.57599 -2.8631
      vertex -5.60025 1.57599 -2.8631
    endloop
  endfacet
  facet normal 0 -0.894287 0.447493
    outer loop
      vertex -6.20025 1.60487 -2.79756
      vertex -5.60025 1.63687 -2.73361
      vertex -6.20025 1.63687 -2.73361
    endloop
  endfacet
  facet normal 0 -0.894287 0.447493
    outer loop
      vertex -5.60025 1.63687 -2.73361
      vertex -6.20025 1.60487 -2.79756
      vertex -5.60025 1.60487 -2.79756
    endloop
  endfacet
  facet normal 0 -0.87137 0.490627
    outer loop
      vertex -6.20025 1.63687 -2.73361
      vertex -5.60025 1.67192 -2.67136
      vertex -6.20025 1.67192 -2.67136
    endloop
  endfacet
  facet normal 0 -0.87137 0.490627
    outer loop
      vertex -5.60025 1.67192 -2.67136
      vertex -6.20025 1.63687 -2.73361
      vertex -5.60025 1.63687 -2.73361
    endloop
  endfacet
  facet normal 0 -0.846326 0.532665
    outer loop
      vertex -6.20025 1.67192 -2.67136
      vertex -5.60025 1.70996 -2.61092
      vertex -6.20025 1.70996 -2.61092
    endloop
  endfacet
  facet normal 0 -0.846326 0.532665
    outer loop
      vertex -5.60025 1.70996 -2.61092
      vertex -6.20025 1.67192 -2.67136
      vertex -5.60025 1.67192 -2.67136
    endloop
  endfacet
  facet normal 0 -0.819166 0.573556
    outer loop
      vertex -6.20025 1.70996 -2.61092
      vertex -5.60025 1.75092 -2.55242
      vertex -6.20025 1.75092 -2.55242
    endloop
  endfacet
  facet normal 0 -0.819166 0.573556
    outer loop
      vertex -5.60025 1.75092 -2.55242
      vertex -6.20025 1.70996 -2.61092
      vertex -5.60025 1.70996 -2.61092
    endloop
  endfacet
  facet normal 0 -0.79012 0.612952
    outer loop
      vertex -6.20025 1.75092 -2.55242
      vertex -5.60025 1.79472 -2.49596
      vertex -6.20025 1.79472 -2.49596
    endloop
  endfacet
  facet normal 0 -0.79012 0.612952
    outer loop
      vertex -5.60025 1.79472 -2.49596
      vertex -6.20025 1.75092 -2.55242
      vertex -5.60025 1.75092 -2.55242
    endloop
  endfacet
  facet normal 0 -0.759 0.651091
    outer loop
      vertex -6.20025 1.79472 -2.49596
      vertex -5.60025 1.8413 -2.44166
      vertex -6.20025 1.8413 -2.44166
    endloop
  endfacet
  facet normal 0 -0.759 0.651091
    outer loop
      vertex -5.60025 1.8413 -2.44166
      vertex -6.20025 1.79472 -2.49596
      vertex -5.60025 1.79472 -2.49596
    endloop
  endfacet
  facet normal 0 -0.725766 0.687942
    outer loop
      vertex -6.20025 1.8413 -2.44166
      vertex -5.60025 1.89059 -2.38966
      vertex -6.20025 1.89059 -2.38966
    endloop
  endfacet
  facet normal 0 -0.725766 0.687942
    outer loop
      vertex -5.60025 1.89059 -2.38966
      vertex -6.20025 1.8413 -2.44166
      vertex -5.60025 1.8413 -2.44166
    endloop
  endfacet
  facet normal 0 -0.690997 0.722857
    outer loop
      vertex -6.20025 1.94232 -2.34021
      vertex -5.60025 1.89059 -2.38966
      vertex -5.60025 1.94232 -2.34021
    endloop
  endfacet
  facet normal 0 -0.690997 0.722857
    outer loop
      vertex -5.60025 1.89059 -2.38966
      vertex -6.20025 1.94232 -2.34021
      vertex -6.20025 1.89059 -2.38966
    endloop
  endfacet
  facet normal 0 -0.654397 0.756151
    outer loop
      vertex -6.20025 1.99627 -2.29352
      vertex -5.60025 1.94232 -2.34021
      vertex -5.60025 1.99627 -2.29352
    endloop
  endfacet
  facet normal 0 -0.654397 0.756151
    outer loop
      vertex -5.60025 1.94232 -2.34021
      vertex -6.20025 1.99627 -2.29352
      vertex -6.20025 1.94232 -2.34021
    endloop
  endfacet
  facet normal 0 -0.616183 0.787603
    outer loop
      vertex -6.20025 2.05237 -2.24963
      vertex -5.60025 1.99627 -2.29352
      vertex -5.60025 2.05237 -2.24963
    endloop
  endfacet
  facet normal 0 -0.616183 0.787603
    outer loop
      vertex -5.60025 1.99627 -2.29352
      vertex -6.20025 2.05237 -2.24963
      vertex -6.20025 1.99627 -2.29352
    endloop
  endfacet
  facet normal 0 -0.576617 0.817015
    outer loop
      vertex -6.20025 2.11052 -2.20859
      vertex -5.60025 2.05237 -2.24963
      vertex -5.60025 2.11052 -2.20859
    endloop
  endfacet
  facet normal 0 -0.576617 0.817015
    outer loop
      vertex -5.60025 2.05237 -2.24963
      vertex -6.20025 2.11052 -2.20859
      vertex -6.20025 2.05237 -2.24963
    endloop
  endfacet
  facet normal 0 -0.535757 0.844372
    outer loop
      vertex -6.20025 2.17063 -2.17045
      vertex -5.60025 2.11052 -2.20859
      vertex -5.60025 2.17063 -2.17045
    endloop
  endfacet
  facet normal 0 -0.535757 0.844372
    outer loop
      vertex -5.60025 2.11052 -2.20859
      vertex -6.20025 2.17063 -2.17045
      vertex -6.20025 2.11052 -2.20859
    endloop
  endfacet
  facet normal 0 -0.493932 0.8695
    outer loop
      vertex -6.20025 2.23263 -2.13523
      vertex -5.60025 2.17063 -2.17045
      vertex -5.60025 2.23263 -2.13523
    endloop
  endfacet
  facet normal 0 -0.493932 0.8695
    outer loop
      vertex -5.60025 2.17063 -2.17045
      vertex -6.20025 2.23263 -2.13523
      vertex -6.20025 2.17063 -2.17045
    endloop
  endfacet
  facet normal 0 -0.450792 0.892629
    outer loop
      vertex -6.20025 2.29643 -2.10301
      vertex -5.60025 2.23263 -2.13523
      vertex -5.60025 2.29643 -2.10301
    endloop
  endfacet
  facet normal 0 -0.450792 0.892629
    outer loop
      vertex -5.60025 2.23263 -2.13523
      vertex -6.20025 2.29643 -2.10301
      vertex -6.20025 2.23263 -2.13523
    endloop
  endfacet
  facet normal 0 -0.406837 0.913501
    outer loop
      vertex -6.20025 2.36195 -2.07383
      vertex -5.60025 2.29643 -2.10301
      vertex -5.60025 2.36195 -2.07383
    endloop
  endfacet
  facet normal 0 -0.406837 0.913501
    outer loop
      vertex -5.60025 2.29643 -2.10301
      vertex -6.20025 2.36195 -2.07383
      vertex -6.20025 2.29643 -2.10301
    endloop
  endfacet
  facet normal -0 0.0184744 0.999829
    outer loop
      vertex -6.20025 2.94147 -0.805747
      vertex -5.60025 2.84281 -0.803924
      vertex -5.60025 2.94147 -0.805747
    endloop
  endfacet
  facet normal 0 0.0184744 0.999829
    outer loop
      vertex -5.60025 2.84281 -0.803924
      vertex -6.20025 2.94147 -0.805747
      vertex -6.20025 2.84281 -0.803924
    endloop
  endfacet
  facet normal -0 0.0556298 0.998451
    outer loop
      vertex -6.20025 3.03979 -0.811225
      vertex -5.60025 2.94147 -0.805747
      vertex -5.60025 3.03979 -0.811225
    endloop
  endfacet
  facet normal 0 0.0556298 0.998451
    outer loop
      vertex -5.60025 2.94147 -0.805747
      vertex -6.20025 3.03979 -0.811225
      vertex -6.20025 2.94147 -0.805747
    endloop
  endfacet
  facet normal -0 0.0927957 0.995685
    outer loop
      vertex -6.20025 3.1377 -0.82035
      vertex -5.60025 3.03979 -0.811225
      vertex -5.60025 3.1377 -0.82035
    endloop
  endfacet
  facet normal 0 0.0927957 0.995685
    outer loop
      vertex -5.60025 3.03979 -0.811225
      vertex -6.20025 3.1377 -0.82035
      vertex -6.20025 3.03979 -0.811225
    endloop
  endfacet
  facet normal -0 0.130047 0.991508
    outer loop
      vertex -6.20025 3.23513 -0.833129
      vertex -5.60025 3.1377 -0.82035
      vertex -5.60025 3.23513 -0.833129
    endloop
  endfacet
  facet normal 0 0.130047 0.991508
    outer loop
      vertex -5.60025 3.1377 -0.82035
      vertex -6.20025 3.23513 -0.833129
      vertex -6.20025 3.1377 -0.82035
    endloop
  endfacet
  facet normal -0 0.167129 0.985935
    outer loop
      vertex -6.20025 3.33199 -0.849548
      vertex -5.60025 3.23513 -0.833129
      vertex -5.60025 3.33199 -0.849548
    endloop
  endfacet
  facet normal 0 0.167129 0.985935
    outer loop
      vertex -5.60025 3.23513 -0.833129
      vertex -6.20025 3.33199 -0.849548
      vertex -6.20025 3.23513 -0.833129
    endloop
  endfacet
  facet normal -0 0.204043 0.978962
    outer loop
      vertex -6.20025 3.42822 -0.869605
      vertex -5.60025 3.33199 -0.849548
      vertex -5.60025 3.42822 -0.869605
    endloop
  endfacet
  facet normal 0 0.204043 0.978962
    outer loop
      vertex -5.60025 3.33199 -0.849548
      vertex -6.20025 3.42822 -0.869605
      vertex -6.20025 3.33199 -0.849548
    endloop
  endfacet
  facet normal -0 0.240885 0.970554
    outer loop
      vertex -6.20025 3.52373 -0.89331
      vertex -5.60025 3.42822 -0.869605
      vertex -5.60025 3.52373 -0.89331
    endloop
  endfacet
  facet normal 0 0.240885 0.970554
    outer loop
      vertex -5.60025 3.42822 -0.869605
      vertex -6.20025 3.52373 -0.89331
      vertex -6.20025 3.42822 -0.869605
    endloop
  endfacet
  facet normal -0 0.277357 0.960767
    outer loop
      vertex -6.20025 3.61845 -0.920654
      vertex -5.60025 3.52373 -0.89331
      vertex -5.60025 3.61845 -0.920654
    endloop
  endfacet
  facet normal 0 0.277357 0.960767
    outer loop
      vertex -5.60025 3.52373 -0.89331
      vertex -6.20025 3.61845 -0.920654
      vertex -6.20025 3.52373 -0.89331
    endloop
  endfacet
  facet normal -0 0.313361 0.949634
    outer loop
      vertex -6.20025 3.71211 -0.95156
      vertex -5.60025 3.61845 -0.920654
      vertex -5.60025 3.71211 -0.95156
    endloop
  endfacet
  facet normal 0 0.313361 0.949634
    outer loop
      vertex -5.60025 3.61845 -0.920654
      vertex -6.20025 3.71211 -0.95156
      vertex -6.20025 3.61845 -0.920654
    endloop
  endfacet
  facet normal -0 0.349111 0.937081
    outer loop
      vertex -6.20025 3.80443 -0.985954
      vertex -5.60025 3.71211 -0.95156
      vertex -5.60025 3.80443 -0.985954
    endloop
  endfacet
  facet normal 0 0.349111 0.937081
    outer loop
      vertex -5.60025 3.71211 -0.95156
      vertex -6.20025 3.80443 -0.985954
      vertex -6.20025 3.71211 -0.95156
    endloop
  endfacet
  facet normal -0 0.384054 0.923311
    outer loop
      vertex -6.20025 3.89532 -1.02376
      vertex -5.60025 3.80443 -0.985954
      vertex -5.60025 3.89532 -1.02376
    endloop
  endfacet
  facet normal 0 0.384054 0.923311
    outer loop
      vertex -5.60025 3.80443 -0.985954
      vertex -6.20025 3.89532 -1.02376
      vertex -6.20025 3.80443 -0.985954
    endloop
  endfacet
  facet normal -0 0.418446 0.908242
    outer loop
      vertex -6.20025 3.98468 -1.06493
      vertex -5.60025 3.89532 -1.02376
      vertex -5.60025 3.98468 -1.06493
    endloop
  endfacet
  facet normal 0 0.418446 0.908242
    outer loop
      vertex -5.60025 3.89532 -1.02376
      vertex -6.20025 3.98468 -1.06493
      vertex -6.20025 3.89532 -1.02376
    endloop
  endfacet
  facet normal -0 0.452247 0.891893
    outer loop
      vertex -6.20025 4.07244 -1.10943
      vertex -5.60025 3.98468 -1.06493
      vertex -5.60025 4.07244 -1.10943
    endloop
  endfacet
  facet normal 0 0.452247 0.891893
    outer loop
      vertex -5.60025 3.98468 -1.06493
      vertex -6.20025 4.07244 -1.10943
      vertex -6.20025 3.98468 -1.06493
    endloop
  endfacet
  facet normal -0 0.485168 0.874421
    outer loop
      vertex -6.20025 4.1585 -1.15718
      vertex -5.60025 4.07244 -1.10943
      vertex -5.60025 4.1585 -1.15718
    endloop
  endfacet
  facet normal 0 0.485168 0.874421
    outer loop
      vertex -5.60025 4.07244 -1.10943
      vertex -6.20025 4.1585 -1.15718
      vertex -6.20025 4.07244 -1.10943
    endloop
  endfacet
  facet normal -0 0.517568 0.855642
    outer loop
      vertex -6.20025 4.24278 -1.20816
      vertex -5.60025 4.1585 -1.15718
      vertex -5.60025 4.24278 -1.20816
    endloop
  endfacet
  facet normal 0 0.517568 0.855642
    outer loop
      vertex -5.60025 4.1585 -1.15718
      vertex -6.20025 4.24278 -1.20816
      vertex -6.20025 4.1585 -1.15718
    endloop
  endfacet
  facet normal -0 0.548975 0.835838
    outer loop
      vertex -6.20025 4.32518 -1.26228
      vertex -5.60025 4.24278 -1.20816
      vertex -5.60025 4.32518 -1.26228
    endloop
  endfacet
  facet normal 0 0.548975 0.835838
    outer loop
      vertex -5.60025 4.24278 -1.20816
      vertex -6.20025 4.32518 -1.26228
      vertex -6.20025 4.24278 -1.20816
    endloop
  endfacet
  facet normal -0 0.0122492 0.999925
    outer loop
      vertex -6.20025 -2.94478 5.96021
      vertex -5.60025 -3.03131 5.96127
      vertex -5.60025 -2.94478 5.96021
    endloop
  endfacet
  facet normal 0 0.0122492 0.999925
    outer loop
      vertex -5.60025 -3.03131 5.96127
      vertex -6.20025 -2.94478 5.96021
      vertex -6.20025 -3.03131 5.96127
    endloop
  endfacet
  facet normal -0 0.0364763 0.999335
    outer loop
      vertex -6.20025 -2.85848 5.95706
      vertex -5.60025 -2.94478 5.96021
      vertex -5.60025 -2.85848 5.95706
    endloop
  endfacet
  facet normal 0 0.0364763 0.999335
    outer loop
      vertex -5.60025 -2.94478 5.96021
      vertex -6.20025 -2.85848 5.95706
      vertex -6.20025 -2.94478 5.96021
    endloop
  endfacet
  facet normal -0 0.0607752 0.998151
    outer loop
      vertex -6.20025 -2.77242 5.95182
      vertex -5.60025 -2.85848 5.95706
      vertex -5.60025 -2.77242 5.95182
    endloop
  endfacet
  facet normal 0 0.0607752 0.998151
    outer loop
      vertex -5.60025 -2.85848 5.95706
      vertex -6.20025 -2.77242 5.95182
      vertex -6.20025 -2.85848 5.95706
    endloop
  endfacet
  facet normal -0 0.0852562 0.996359
    outer loop
      vertex -6.20025 -2.68664 5.94448
      vertex -5.60025 -2.77242 5.95182
      vertex -5.60025 -2.68664 5.94448
    endloop
  endfacet
  facet normal 0 0.0852562 0.996359
    outer loop
      vertex -5.60025 -2.77242 5.95182
      vertex -6.20025 -2.68664 5.94448
      vertex -6.20025 -2.77242 5.95182
    endloop
  endfacet
  facet normal -0 0.109551 0.993981
    outer loop
      vertex -6.20025 -2.60117 5.93506
      vertex -5.60025 -2.68664 5.94448
      vertex -5.60025 -2.60117 5.93506
    endloop
  endfacet
  facet normal 0 0.109551 0.993981
    outer loop
      vertex -5.60025 -2.68664 5.94448
      vertex -6.20025 -2.60117 5.93506
      vertex -6.20025 -2.68664 5.94448
    endloop
  endfacet
  facet normal -0 0.133986 0.990983
    outer loop
      vertex -6.20025 -2.51604 5.92355
      vertex -5.60025 -2.60117 5.93506
      vertex -5.60025 -2.51604 5.92355
    endloop
  endfacet
  facet normal 0 0.133986 0.990983
    outer loop
      vertex -5.60025 -2.60117 5.93506
      vertex -6.20025 -2.51604 5.92355
      vertex -6.20025 -2.60117 5.93506
    endloop
  endfacet
  facet normal -0 0.158199 0.987407
    outer loop
      vertex -6.20025 -2.43128 5.90997
      vertex -5.60025 -2.51604 5.92355
      vertex -5.60025 -2.43128 5.90997
    endloop
  endfacet
  facet normal 0 0.158199 0.987407
    outer loop
      vertex -5.60025 -2.51604 5.92355
      vertex -6.20025 -2.43128 5.90997
      vertex -6.20025 -2.51604 5.92355
    endloop
  endfacet
  facet normal -0 0.182607 0.983186
    outer loop
      vertex -6.20025 -2.34691 5.8943
      vertex -5.60025 -2.43128 5.90997
      vertex -5.60025 -2.34691 5.8943
    endloop
  endfacet
  facet normal 0 0.182607 0.983186
    outer loop
      vertex -5.60025 -2.43128 5.90997
      vertex -6.20025 -2.34691 5.8943
      vertex -6.20025 -2.43128 5.90997
    endloop
  endfacet
  facet normal -0 0.206662 0.978412
    outer loop
      vertex -6.20025 -2.26297 5.87657
      vertex -5.60025 -2.34691 5.8943
      vertex -5.60025 -2.26297 5.87657
    endloop
  endfacet
  facet normal 0 0.206662 0.978412
    outer loop
      vertex -5.60025 -2.34691 5.8943
      vertex -6.20025 -2.26297 5.87657
      vertex -6.20025 -2.34691 5.8943
    endloop
  endfacet
  facet normal -0 0.230754 0.973012
    outer loop
      vertex -6.20025 -2.17948 5.85677
      vertex -5.60025 -2.26297 5.87657
      vertex -5.60025 -2.17948 5.85677
    endloop
  endfacet
  facet normal 0 0.230754 0.973012
    outer loop
      vertex -5.60025 -2.26297 5.87657
      vertex -6.20025 -2.17948 5.85677
      vertex -6.20025 -2.26297 5.87657
    endloop
  endfacet
  facet normal -0 0.254688 0.967023
    outer loop
      vertex -6.20025 -2.09648 5.83491
      vertex -5.60025 -2.17948 5.85677
      vertex -5.60025 -2.09648 5.83491
    endloop
  endfacet
  facet normal 0 0.254688 0.967023
    outer loop
      vertex -5.60025 -2.17948 5.85677
      vertex -6.20025 -2.09648 5.83491
      vertex -6.20025 -2.17948 5.85677
    endloop
  endfacet
  facet normal -0 0.278502 0.960436
    outer loop
      vertex -6.20025 -2.01399 5.81099
      vertex -5.60025 -2.09648 5.83491
      vertex -5.60025 -2.01399 5.81099
    endloop
  endfacet
  facet normal 0 0.278502 0.960436
    outer loop
      vertex -5.60025 -2.09648 5.83491
      vertex -6.20025 -2.01399 5.81099
      vertex -6.20025 -2.09648 5.83491
    endloop
  endfacet
  facet normal -0 0.302234 0.953234
    outer loop
      vertex -6.20025 -1.93205 5.78501
      vertex -5.60025 -2.01399 5.81099
      vertex -5.60025 -1.93205 5.78501
    endloop
  endfacet
  facet normal 0 0.302234 0.953234
    outer loop
      vertex -5.60025 -2.01399 5.81099
      vertex -6.20025 -1.93205 5.78501
      vertex -6.20025 -2.01399 5.81099
    endloop
  endfacet
  facet normal -0 0.325693 0.945475
    outer loop
      vertex -6.20025 -1.85068 5.75698
      vertex -5.60025 -1.93205 5.78501
      vertex -5.60025 -1.85068 5.75698
    endloop
  endfacet
  facet normal 0 0.325693 0.945475
    outer loop
      vertex -5.60025 -1.93205 5.78501
      vertex -6.20025 -1.85068 5.75698
      vertex -6.20025 -1.93205 5.78501
    endloop
  endfacet
  facet normal -0 0.348859 0.937175
    outer loop
      vertex -6.20025 -1.7699 5.72691
      vertex -5.60025 -1.85068 5.75698
      vertex -5.60025 -1.7699 5.72691
    endloop
  endfacet
  facet normal 0 0.348859 0.937175
    outer loop
      vertex -5.60025 -1.85068 5.75698
      vertex -6.20025 -1.7699 5.72691
      vertex -6.20025 -1.85068 5.75698
    endloop
  endfacet
  facet normal -0 0.37203 0.928221
    outer loop
      vertex -6.20025 -1.68976 5.69479
      vertex -5.60025 -1.7699 5.72691
      vertex -5.60025 -1.68976 5.69479
    endloop
  endfacet
  facet normal 0 0.37203 0.928221
    outer loop
      vertex -5.60025 -1.7699 5.72691
      vertex -6.20025 -1.68976 5.69479
      vertex -6.20025 -1.7699 5.72691
    endloop
  endfacet
  facet normal -0 0.394953 0.918702
    outer loop
      vertex -6.20025 -1.61037 5.66066
      vertex -5.60025 -1.68976 5.69479
      vertex -5.60025 -1.61037 5.66066
    endloop
  endfacet
  facet normal 0 0.394953 0.918702
    outer loop
      vertex -5.60025 -1.68976 5.69479
      vertex -6.20025 -1.61037 5.66066
      vertex -6.20025 -1.68976 5.69479
    endloop
  endfacet
  facet normal -0 0.417508 0.908673
    outer loop
      vertex -6.20025 -1.53191 5.62461
      vertex -5.60025 -1.61037 5.66066
      vertex -5.60025 -1.53191 5.62461
    endloop
  endfacet
  facet normal 0 0.417508 0.908673
    outer loop
      vertex -5.60025 -1.61037 5.66066
      vertex -6.20025 -1.53191 5.62461
      vertex -6.20025 -1.61037 5.66066
    endloop
  endfacet
  facet normal -0 0.43978 0.898106
    outer loop
      vertex -6.20025 -1.45443 5.58667
      vertex -5.60025 -1.53191 5.62461
      vertex -5.60025 -1.45443 5.58667
    endloop
  endfacet
  facet normal 0 0.43978 0.898106
    outer loop
      vertex -5.60025 -1.53191 5.62461
      vertex -6.20025 -1.45443 5.58667
      vertex -6.20025 -1.53191 5.62461
    endloop
  endfacet
  facet normal -0 0.461769 0.887
    outer loop
      vertex -6.20025 -1.37796 5.54686
      vertex -5.60025 -1.45443 5.58667
      vertex -5.60025 -1.37796 5.54686
    endloop
  endfacet
  facet normal 0 0.461769 0.887
    outer loop
      vertex -5.60025 -1.45443 5.58667
      vertex -6.20025 -1.37796 5.54686
      vertex -6.20025 -1.45443 5.58667
    endloop
  endfacet
  facet normal -0 0.483513 0.875337
    outer loop
      vertex -6.20025 -1.30254 5.5052
      vertex -5.60025 -1.37796 5.54686
      vertex -5.60025 -1.30254 5.5052
    endloop
  endfacet
  facet normal 0 0.483513 0.875337
    outer loop
      vertex -5.60025 -1.37796 5.54686
      vertex -6.20025 -1.30254 5.5052
      vertex -6.20025 -1.37796 5.54686
    endloop
  endfacet
  facet normal -0 0.50473 0.863277
    outer loop
      vertex -6.20025 -1.22819 5.46173
      vertex -5.60025 -1.30254 5.5052
      vertex -5.60025 -1.22819 5.46173
    endloop
  endfacet
  facet normal 0 0.50473 0.863277
    outer loop
      vertex -5.60025 -1.30254 5.5052
      vertex -6.20025 -1.22819 5.46173
      vertex -6.20025 -1.30254 5.5052
    endloop
  endfacet
  facet normal -0 0.525775 0.850624
    outer loop
      vertex -6.20025 -1.15495 5.41646
      vertex -5.60025 -1.22819 5.46173
      vertex -5.60025 -1.15495 5.41646
    endloop
  endfacet
  facet normal 0 0.525775 0.850624
    outer loop
      vertex -5.60025 -1.22819 5.46173
      vertex -6.20025 -1.15495 5.41646
      vertex -6.20025 -1.22819 5.46173
    endloop
  endfacet
  facet normal -0 0.546498 0.83746
    outer loop
      vertex -6.20025 -1.08285 5.36941
      vertex -5.60025 -1.15495 5.41646
      vertex -5.60025 -1.08285 5.36941
    endloop
  endfacet
  facet normal 0 0.546498 0.83746
    outer loop
      vertex -5.60025 -1.15495 5.41646
      vertex -6.20025 -1.08285 5.36941
      vertex -6.20025 -1.15495 5.41646
    endloop
  endfacet
  facet normal -0 0.566652 0.823957
    outer loop
      vertex -6.20025 -1.01192 5.32063
      vertex -5.60025 -1.08285 5.36941
      vertex -5.60025 -1.01192 5.32063
    endloop
  endfacet
  facet normal 0 0.566652 0.823957
    outer loop
      vertex -5.60025 -1.08285 5.36941
      vertex -6.20025 -1.01192 5.32063
      vertex -6.20025 -1.08285 5.36941
    endloop
  endfacet
  facet normal -0 0.58668 0.809819
    outer loop
      vertex -6.20025 -0.942199 5.27012
      vertex -5.60025 -1.01192 5.32063
      vertex -5.60025 -0.942199 5.27012
    endloop
  endfacet
  facet normal 0 0.58668 0.809819
    outer loop
      vertex -5.60025 -1.01192 5.32063
      vertex -6.20025 -0.942199 5.27012
      vertex -6.20025 -1.01192 5.32063
    endloop
  endfacet
  facet normal -0 0.606208 0.795306
    outer loop
      vertex -6.20025 -0.873716 5.21792
      vertex -5.60025 -0.942199 5.27012
      vertex -5.60025 -0.873716 5.21792
    endloop
  endfacet
  facet normal 0 0.606208 0.795306
    outer loop
      vertex -5.60025 -0.942199 5.27012
      vertex -6.20025 -0.873716 5.21792
      vertex -6.20025 -0.942199 5.27012
    endloop
  endfacet
  facet normal -0 0.625488 0.780234
    outer loop
      vertex -6.20025 -0.806506 5.16404
      vertex -5.60025 -0.873716 5.21792
      vertex -5.60025 -0.806506 5.16404
    endloop
  endfacet
  facet normal 0 0.625488 0.780234
    outer loop
      vertex -5.60025 -0.873716 5.21792
      vertex -6.20025 -0.806506 5.16404
      vertex -6.20025 -0.873716 5.21792
    endloop
  endfacet
  facet normal -0 0.644205 0.764853
    outer loop
      vertex -6.20025 -0.7406 5.10853
      vertex -5.60025 -0.806506 5.16404
      vertex -5.60025 -0.7406 5.10853
    endloop
  endfacet
  facet normal 0 0.644205 0.764853
    outer loop
      vertex -5.60025 -0.806506 5.16404
      vertex -6.20025 -0.7406 5.10853
      vertex -6.20025 -0.806506 5.16404
    endloop
  endfacet
  facet normal -0 0.662772 0.748822
    outer loop
      vertex -6.20025 -0.67603 5.05138
      vertex -5.60025 -0.7406 5.10853
      vertex -5.60025 -0.67603 5.05138
    endloop
  endfacet
  facet normal 0 0.662772 0.748822
    outer loop
      vertex -5.60025 -0.7406 5.10853
      vertex -6.20025 -0.67603 5.05138
      vertex -6.20025 -0.7406 5.10853
    endloop
  endfacet
  facet normal -0 0.680727 0.732537
    outer loop
      vertex -6.20025 -0.61283 4.99265
      vertex -5.60025 -0.67603 5.05138
      vertex -5.60025 -0.61283 4.99265
    endloop
  endfacet
  facet normal 0 0.680727 0.732537
    outer loop
      vertex -5.60025 -0.67603 5.05138
      vertex -6.20025 -0.61283 4.99265
      vertex -6.20025 -0.67603 5.05138
    endloop
  endfacet
  facet normal -0 0.698438 0.71567
    outer loop
      vertex -6.20025 -0.551032 4.93234
      vertex -5.60025 -0.61283 4.99265
      vertex -5.60025 -0.551032 4.93234
    endloop
  endfacet
  facet normal 0 0.698438 0.71567
    outer loop
      vertex -5.60025 -0.61283 4.99265
      vertex -6.20025 -0.551032 4.93234
      vertex -6.20025 -0.61283 4.99265
    endloop
  endfacet
  facet normal 0 0.715651 0.698458
    outer loop
      vertex -5.60025 -0.490707 4.87053
      vertex -6.20025 -0.551032 4.93234
      vertex -5.60025 -0.551032 4.93234
    endloop
  endfacet
  facet normal 0 0.715651 0.698458
    outer loop
      vertex -6.20025 -0.551032 4.93234
      vertex -5.60025 -0.490707 4.87053
      vertex -6.20025 -0.490707 4.87053
    endloop
  endfacet
  facet normal 0 0.732458 0.680812
    outer loop
      vertex -5.60025 -0.431954 4.80732
      vertex -6.20025 -0.490707 4.87053
      vertex -5.60025 -0.490707 4.87053
    endloop
  endfacet
  facet normal 0 0.732458 0.680812
    outer loop
      vertex -6.20025 -0.490707 4.87053
      vertex -5.60025 -0.431954 4.80732
      vertex -6.20025 -0.431954 4.80732
    endloop
  endfacet
  facet normal 0 0.74885 0.66274
    outer loop
      vertex -5.60025 -0.3748 4.74274
      vertex -6.20025 -0.431954 4.80732
      vertex -5.60025 -0.431954 4.80732
    endloop
  endfacet
  facet normal 0 0.74885 0.66274
    outer loop
      vertex -6.20025 -0.431954 4.80732
      vertex -5.60025 -0.3748 4.74274
      vertex -6.20025 -0.3748 4.74274
    endloop
  endfacet
  facet normal 0 0.764789 0.644281
    outer loop
      vertex -5.60025 -0.319267 4.67682
      vertex -6.20025 -0.3748 4.74274
      vertex -5.60025 -0.3748 4.74274
    endloop
  endfacet
  facet normal 0 0.764789 0.644281
    outer loop
      vertex -6.20025 -0.3748 4.74274
      vertex -5.60025 -0.319267 4.67682
      vertex -6.20025 -0.319267 4.67682
    endloop
  endfacet
  facet normal 0 0.780263 0.625452
    outer loop
      vertex -5.60025 -0.265384 4.6096
      vertex -6.20025 -0.319267 4.67682
      vertex -5.60025 -0.319267 4.67682
    endloop
  endfacet
  facet normal 0 0.780263 0.625452
    outer loop
      vertex -6.20025 -0.319267 4.67682
      vertex -5.60025 -0.265384 4.6096
      vertex -6.20025 -0.265384 4.6096
    endloop
  endfacet
  facet normal 0 0.795269 0.606257
    outer loop
      vertex -5.60025 -0.213172 4.54111
      vertex -6.20025 -0.265384 4.6096
      vertex -5.60025 -0.265384 4.6096
    endloop
  endfacet
  facet normal 0 0.795269 0.606257
    outer loop
      vertex -6.20025 -0.265384 4.6096
      vertex -5.60025 -0.213172 4.54111
      vertex -6.20025 -0.213172 4.54111
    endloop
  endfacet
  facet normal 0 0.809872 0.586606
    outer loop
      vertex -5.60025 -0.162658 4.47137
      vertex -6.20025 -0.213172 4.54111
      vertex -5.60025 -0.213172 4.54111
    endloop
  endfacet
  facet normal 0 0.809872 0.586606
    outer loop
      vertex -6.20025 -0.213172 4.54111
      vertex -5.60025 -0.162658 4.47137
      vertex -6.20025 -0.162658 4.47137
    endloop
  endfacet
  facet normal 0 0.823887 0.566755
    outer loop
      vertex -5.60025 -0.113865 4.40044
      vertex -6.20025 -0.162658 4.47137
      vertex -5.60025 -0.162658 4.47137
    endloop
  endfacet
  facet normal 0 0.823887 0.566755
    outer loop
      vertex -6.20025 -0.162658 4.47137
      vertex -5.60025 -0.113865 4.40044
      vertex -6.20025 -0.113865 4.40044
    endloop
  endfacet
  facet normal 0 0.837483 0.546464
    outer loop
      vertex -5.60025 -0.0668192 4.32834
      vertex -6.20025 -0.113865 4.40044
      vertex -5.60025 -0.113865 4.40044
    endloop
  endfacet
  facet normal 0 0.837483 0.546464
    outer loop
      vertex -6.20025 -0.113865 4.40044
      vertex -5.60025 -0.0668192 4.32834
      vertex -6.20025 -0.0668192 4.32834
    endloop
  endfacet
  facet normal 0 0.850604 0.525807
    outer loop
      vertex -5.60025 -0.0215454 4.2551
      vertex -6.20025 -0.0668192 4.32834
      vertex -5.60025 -0.0668192 4.32834
    endloop
  endfacet
  facet normal 0 0.850604 0.525807
    outer loop
      vertex -6.20025 -0.0668192 4.32834
      vertex -5.60025 -0.0215454 4.2551
      vertex -6.20025 -0.0215454 4.2551
    endloop
  endfacet
  facet normal 0 0.863266 0.504748
    outer loop
      vertex -5.60025 0.0219326 4.18074
      vertex -6.20025 -0.0215454 4.2551
      vertex -5.60025 -0.0215454 4.2551
    endloop
  endfacet
  facet normal 0 0.863266 0.504748
    outer loop
      vertex -6.20025 -0.0215454 4.2551
      vertex -5.60025 0.0219326 4.18074
      vertex -6.20025 0.0219326 4.18074
    endloop
  endfacet
  facet normal 0 0.875349 0.483491
    outer loop
      vertex -5.60025 0.0635901 4.10532
      vertex -6.20025 0.0219326 4.18074
      vertex -5.60025 0.0219326 4.18074
    endloop
  endfacet
  facet normal 0 0.875349 0.483491
    outer loop
      vertex -6.20025 0.0219326 4.18074
      vertex -5.60025 0.0635901 4.10532
      vertex -6.20025 0.0635901 4.10532
    endloop
  endfacet
  facet normal 0 0.886996 0.461777
    outer loop
      vertex -5.60025 0.103401 4.02885
      vertex -6.20025 0.0635901 4.10532
      vertex -5.60025 0.0635901 4.10532
    endloop
  endfacet
  facet normal 0 0.886996 0.461777
    outer loop
      vertex -6.20025 0.0635901 4.10532
      vertex -5.60025 0.103401 4.02885
      vertex -6.20025 0.103401 4.02885
    endloop
  endfacet
  facet normal 0 0.898101 0.439789
    outer loop
      vertex -5.60025 0.141342 3.95137
      vertex -6.20025 0.103401 4.02885
      vertex -5.60025 0.103401 4.02885
    endloop
  endfacet
  facet normal 0 0.898101 0.439789
    outer loop
      vertex -6.20025 0.103401 4.02885
      vertex -5.60025 0.141342 3.95137
      vertex -6.20025 0.141342 3.95137
    endloop
  endfacet
  facet normal 0 0.908659 0.417538
    outer loop
      vertex -5.60025 0.177386 3.87293
      vertex -6.20025 0.141342 3.95137
      vertex -5.60025 0.141342 3.95137
    endloop
  endfacet
  facet normal 0 0.908659 0.417538
    outer loop
      vertex -6.20025 0.141342 3.95137
      vertex -5.60025 0.177386 3.87293
      vertex -6.20025 0.177386 3.87293
    endloop
  endfacet
  facet normal 0 0.918741 0.394862
    outer loop
      vertex -5.60025 0.211511 3.79353
      vertex -6.20025 0.177386 3.87293
      vertex -5.60025 0.177386 3.87293
    endloop
  endfacet
  facet normal 0 0.918741 0.394862
    outer loop
      vertex -6.20025 0.177386 3.87293
      vertex -5.60025 0.211511 3.79353
      vertex -6.20025 0.211511 3.79353
    endloop
  endfacet
  facet normal 0 0.928221 0.37203
    outer loop
      vertex -5.60025 0.243635 3.71338
      vertex -6.20025 0.211511 3.79353
      vertex -5.60025 0.211511 3.79353
    endloop
  endfacet
  facet normal 0 0.928221 0.37203
    outer loop
      vertex -6.20025 0.211511 3.79353
      vertex -5.60025 0.243635 3.71338
      vertex -6.20025 0.243635 3.71338
    endloop
  endfacet
  facet normal 0 0.937133 0.348971
    outer loop
      vertex -5.60025 0.273716 3.6326
      vertex -6.20025 0.243635 3.71338
      vertex -5.60025 0.243635 3.71338
    endloop
  endfacet
  facet normal 0 0.937133 0.348971
    outer loop
      vertex -6.20025 0.243635 3.71338
      vertex -5.60025 0.273716 3.6326
      vertex -6.20025 0.273716 3.6326
    endloop
  endfacet
  facet normal 0 0.945481 0.325678
    outer loop
      vertex -5.60025 0.301748 3.55122
      vertex -6.20025 0.273716 3.6326
      vertex -5.60025 0.273716 3.6326
    endloop
  endfacet
  facet normal 0 0.945481 0.325678
    outer loop
      vertex -6.20025 0.273716 3.6326
      vertex -5.60025 0.301748 3.55122
      vertex -6.20025 0.301748 3.55122
    endloop
  endfacet
  facet normal 0 0.953245 0.3022
    outer loop
      vertex -5.60025 0.327728 3.46927
      vertex -6.20025 0.301748 3.55122
      vertex -5.60025 0.301748 3.55122
    endloop
  endfacet
  facet normal 0 0.953245 0.3022
    outer loop
      vertex -6.20025 0.301748 3.55122
      vertex -5.60025 0.327728 3.46927
      vertex -6.20025 0.327728 3.46927
    endloop
  endfacet
  facet normal 0 0.960426 0.278535
    outer loop
      vertex -5.60025 0.351654 3.38677
      vertex -6.20025 0.327728 3.46927
      vertex -5.60025 0.327728 3.46927
    endloop
  endfacet
  facet normal 0 0.960426 0.278535
    outer loop
      vertex -6.20025 0.327728 3.46927
      vertex -5.60025 0.351654 3.38677
      vertex -6.20025 0.351654 3.38677
    endloop
  endfacet
  facet normal 0 0.967009 0.254743
    outer loop
      vertex -5.60025 0.373519 3.30377
      vertex -6.20025 0.351654 3.38677
      vertex -5.60025 0.351654 3.38677
    endloop
  endfacet
  facet normal 0 0.967009 0.254743
    outer loop
      vertex -6.20025 0.351654 3.38677
      vertex -5.60025 0.373519 3.30377
      vertex -6.20025 0.373519 3.30377
    endloop
  endfacet
  facet normal 0 0.973007 0.230776
    outer loop
      vertex -5.60025 0.393321 3.22028
      vertex -6.20025 0.373519 3.30377
      vertex -5.60025 0.373519 3.30377
    endloop
  endfacet
  facet normal 0 0.973007 0.230776
    outer loop
      vertex -6.20025 0.373519 3.30377
      vertex -5.60025 0.393321 3.22028
      vertex -6.20025 0.393321 3.22028
    endloop
  endfacet
  facet normal 0 0.978403 0.206707
    outer loop
      vertex -5.60025 0.411055 3.13634
      vertex -6.20025 0.393321 3.22028
      vertex -5.60025 0.393321 3.22028
    endloop
  endfacet
  facet normal 0 0.978403 0.206707
    outer loop
      vertex -6.20025 0.393321 3.22028
      vertex -5.60025 0.411055 3.13634
      vertex -6.20025 0.411055 3.13634
    endloop
  endfacet
  facet normal 0 0.983207 0.182496
    outer loop
      vertex -5.60025 0.426717 3.05196
      vertex -6.20025 0.411055 3.13634
      vertex -5.60025 0.411055 3.13634
    endloop
  endfacet
  facet normal 0 0.983207 0.182496
    outer loop
      vertex -6.20025 0.411055 3.13634
      vertex -5.60025 0.426717 3.05196
      vertex -6.20025 0.426717 3.05196
    endloop
  endfacet
  facet normal 0 0.987394 0.158279
    outer loop
      vertex -5.60025 0.440304 2.9672
      vertex -6.20025 0.426717 3.05196
      vertex -5.60025 0.426717 3.05196
    endloop
  endfacet
  facet normal 0 0.987394 0.158279
    outer loop
      vertex -6.20025 0.426717 3.05196
      vertex -5.60025 0.440304 2.9672
      vertex -6.20025 0.440304 2.9672
    endloop
  endfacet
  facet normal 0 0.990988 0.133952
    outer loop
      vertex -5.60025 0.451811 2.88207
      vertex -6.20025 0.440304 2.9672
      vertex -5.60025 0.440304 2.9672
    endloop
  endfacet
  facet normal 0 0.990988 0.133952
    outer loop
      vertex -6.20025 0.440304 2.9672
      vertex -5.60025 0.451811 2.88207
      vertex -6.20025 0.451811 2.88207
    endloop
  endfacet
  facet normal 0 0.993976 0.109597
    outer loop
      vertex -5.60025 0.461235 2.7966
      vertex -6.20025 0.451811 2.88207
      vertex -5.60025 0.451811 2.88207
    endloop
  endfacet
  facet normal 0 0.993976 0.109597
    outer loop
      vertex -6.20025 0.451811 2.88207
      vertex -5.60025 0.461235 2.7966
      vertex -6.20025 0.461235 2.7966
    endloop
  endfacet
  facet normal 0 0.996363 0.0852101
    outer loop
      vertex -5.60025 0.468571 2.71082
      vertex -6.20025 0.461235 2.7966
      vertex -5.60025 0.461235 2.7966
    endloop
  endfacet
  facet normal 0 0.996363 0.0852101
    outer loop
      vertex -6.20025 0.461235 2.7966
      vertex -5.60025 0.468571 2.71082
      vertex -6.20025 0.468571 2.71082
    endloop
  endfacet
  facet normal 0 0.998147 0.0608445
    outer loop
      vertex -5.60025 0.473817 2.62476
      vertex -6.20025 0.468571 2.71082
      vertex -5.60025 0.468571 2.71082
    endloop
  endfacet
  facet normal 0 0.998147 0.0608445
    outer loop
      vertex -6.20025 0.468571 2.71082
      vertex -5.60025 0.473817 2.62476
      vertex -6.20025 0.473817 2.62476
    endloop
  endfacet
  facet normal 0 0.999335 0.0364763
    outer loop
      vertex -5.60025 0.476967 2.53846
      vertex -6.20025 0.473817 2.62476
      vertex -5.60025 0.473817 2.62476
    endloop
  endfacet
  facet normal 0 0.999335 0.0364763
    outer loop
      vertex -6.20025 0.473817 2.62476
      vertex -5.60025 0.476967 2.53846
      vertex -6.20025 0.476967 2.53846
    endloop
  endfacet
  facet normal 0 0.999926 0.0121466
    outer loop
      vertex -5.60025 0.478018 2.45194
      vertex -6.20025 0.476967 2.53846
      vertex -5.60025 0.476967 2.53846
    endloop
  endfacet
  facet normal 0 0.999926 0.0121466
    outer loop
      vertex -6.20025 0.476967 2.53846
      vertex -5.60025 0.478018 2.45194
      vertex -6.20025 0.478018 2.45194
    endloop
  endfacet
  facet normal 0 -0.999926 0.012135
    outer loop
      vertex -6.20025 -6.54043 2.45194
      vertex -5.60025 -6.53938 2.53846
      vertex -6.20025 -6.53938 2.53846
    endloop
  endfacet
  facet normal 0 -0.999926 0.012135
    outer loop
      vertex -5.60025 -6.53938 2.53846
      vertex -6.20025 -6.54043 2.45194
      vertex -5.60025 -6.54043 2.45194
    endloop
  endfacet
  facet normal 0 -0.999335 0.0364763
    outer loop
      vertex -6.20025 -6.53938 2.53846
      vertex -5.60025 -6.53623 2.62476
      vertex -6.20025 -6.53623 2.62476
    endloop
  endfacet
  facet normal 0 -0.999335 0.0364763
    outer loop
      vertex -5.60025 -6.53623 2.62476
      vertex -6.20025 -6.53938 2.53846
      vertex -5.60025 -6.53938 2.53846
    endloop
  endfacet
  facet normal 0 -0.998151 0.0607752
    outer loop
      vertex -6.20025 -6.53623 2.62476
      vertex -5.60025 -6.53099 2.71082
      vertex -6.20025 -6.53099 2.71082
    endloop
  endfacet
  facet normal 0 -0.998151 0.0607752
    outer loop
      vertex -5.60025 -6.53099 2.71082
      vertex -6.20025 -6.53623 2.62476
      vertex -5.60025 -6.53623 2.62476
    endloop
  endfacet
  facet normal 0 -0.996358 0.0852661
    outer loop
      vertex -6.20025 -6.53099 2.71082
      vertex -5.60025 -6.52365 2.79659
      vertex -6.20025 -6.52365 2.79659
    endloop
  endfacet
  facet normal 0 -0.996358 0.0852661
    outer loop
      vertex -5.60025 -6.52365 2.79659
      vertex -6.20025 -6.53099 2.71082
      vertex -5.60025 -6.53099 2.71082
    endloop
  endfacet
  facet normal 0 -0.993981 0.109551
    outer loop
      vertex -6.20025 -6.52365 2.79659
      vertex -5.60025 -6.51423 2.88206
      vertex -6.20025 -6.51423 2.88206
    endloop
  endfacet
  facet normal 0 -0.993981 0.109551
    outer loop
      vertex -5.60025 -6.51423 2.88206
      vertex -6.20025 -6.52365 2.79659
      vertex -5.60025 -6.52365 2.79659
    endloop
  endfacet
  facet normal 0 -0.990983 0.133986
    outer loop
      vertex -6.20025 -6.51423 2.88206
      vertex -5.60025 -6.50272 2.96719
      vertex -6.20025 -6.50272 2.96719
    endloop
  endfacet
  facet normal 0 -0.990983 0.133986
    outer loop
      vertex -5.60025 -6.50272 2.96719
      vertex -6.20025 -6.51423 2.88206
      vertex -5.60025 -6.51423 2.88206
    endloop
  endfacet
  facet normal 0 -0.987407 0.158199
    outer loop
      vertex -6.20025 -6.50272 2.96719
      vertex -5.60025 -6.48914 3.05195
      vertex -6.20025 -6.48914 3.05195
    endloop
  endfacet
  facet normal 0 -0.987407 0.158199
    outer loop
      vertex -5.60025 -6.48914 3.05195
      vertex -6.20025 -6.50272 2.96719
      vertex -5.60025 -6.50272 2.96719
    endloop
  endfacet
  facet normal 0 -0.983186 0.182607
    outer loop
      vertex -6.20025 -6.48914 3.05195
      vertex -5.60025 -6.47347 3.13632
      vertex -6.20025 -6.47347 3.13632
    endloop
  endfacet
  facet normal 0 -0.983186 0.182607
    outer loop
      vertex -5.60025 -6.47347 3.13632
      vertex -6.20025 -6.48914 3.05195
      vertex -5.60025 -6.48914 3.05195
    endloop
  endfacet
  facet normal 0 -0.978407 0.206686
    outer loop
      vertex -6.20025 -6.47347 3.13632
      vertex -5.60025 -6.45574 3.22025
      vertex -6.20025 -6.45574 3.22025
    endloop
  endfacet
  facet normal 0 -0.978407 0.206686
    outer loop
      vertex -5.60025 -6.45574 3.22025
      vertex -6.20025 -6.47347 3.13632
      vertex -5.60025 -6.47347 3.13632
    endloop
  endfacet
  facet normal 0 -0.973006 0.23078
    outer loop
      vertex -6.20025 -6.45574 3.22025
      vertex -5.60025 -6.43594 3.30373
      vertex -6.20025 -6.43594 3.30373
    endloop
  endfacet
  facet normal 0 -0.973006 0.23078
    outer loop
      vertex -5.60025 -6.43594 3.30373
      vertex -6.20025 -6.45574 3.22025
      vertex -5.60025 -6.45574 3.22025
    endloop
  endfacet
  facet normal 0 -0.967023 0.254688
    outer loop
      vertex -6.20025 -6.43594 3.30373
      vertex -5.60025 -6.41408 3.38673
      vertex -6.20025 -6.41408 3.38673
    endloop
  endfacet
  facet normal 0 -0.967023 0.254688
    outer loop
      vertex -5.60025 -6.41408 3.38673
      vertex -6.20025 -6.43594 3.30373
      vertex -5.60025 -6.43594 3.30373
    endloop
  endfacet
  facet normal 0 -0.960436 0.278502
    outer loop
      vertex -6.20025 -6.41408 3.38673
      vertex -5.60025 -6.39016 3.46922
      vertex -6.20025 -6.39016 3.46922
    endloop
  endfacet
  facet normal 0 -0.960436 0.278502
    outer loop
      vertex -5.60025 -6.39016 3.46922
      vertex -6.20025 -6.41408 3.38673
      vertex -5.60025 -6.41408 3.38673
    endloop
  endfacet
  facet normal 0 -0.953234 0.302234
    outer loop
      vertex -6.20025 -6.39016 3.46922
      vertex -5.60025 -6.36418 3.55116
      vertex -6.20025 -6.36418 3.55116
    endloop
  endfacet
  facet normal 0 -0.953234 0.302234
    outer loop
      vertex -5.60025 -6.36418 3.55116
      vertex -6.20025 -6.39016 3.46922
      vertex -5.60025 -6.39016 3.46922
    endloop
  endfacet
  facet normal 0 -0.945511 0.32559
    outer loop
      vertex -6.20025 -6.36418 3.55116
      vertex -5.60025 -6.33616 3.63253
      vertex -6.20025 -6.33616 3.63253
    endloop
  endfacet
  facet normal 0 -0.945511 0.32559
    outer loop
      vertex -5.60025 -6.33616 3.63253
      vertex -6.20025 -6.36418 3.55116
      vertex -5.60025 -6.36418 3.55116
    endloop
  endfacet
  facet normal 0 -0.937123 0.348999
    outer loop
      vertex -6.20025 -6.33616 3.63253
      vertex -5.60025 -6.30608 3.7133
      vertex -6.20025 -6.30608 3.7133
    endloop
  endfacet
  facet normal 0 -0.937123 0.348999
    outer loop
      vertex -5.60025 -6.30608 3.7133
      vertex -6.20025 -6.33616 3.63253
      vertex -5.60025 -6.33616 3.63253
    endloop
  endfacet
  facet normal 0 -0.928261 0.37193
    outer loop
      vertex -6.20025 -6.30608 3.7133
      vertex -5.60025 -6.27397 3.79344
      vertex -6.20025 -6.27397 3.79344
    endloop
  endfacet
  facet normal 0 -0.928261 0.37193
    outer loop
      vertex -5.60025 -6.27397 3.79344
      vertex -6.20025 -6.30608 3.7133
      vertex -5.60025 -6.30608 3.7133
    endloop
  endfacet
  facet normal 0 -0.918702 0.394953
    outer loop
      vertex -6.20025 -6.27397 3.79344
      vertex -5.60025 -6.23984 3.87283
      vertex -6.20025 -6.23984 3.87283
    endloop
  endfacet
  facet normal 0 -0.918702 0.394953
    outer loop
      vertex -5.60025 -6.23984 3.87283
      vertex -6.20025 -6.27397 3.79344
      vertex -5.60025 -6.27397 3.79344
    endloop
  endfacet
  facet normal 0 -0.908717 0.417412
    outer loop
      vertex -6.20025 -6.23984 3.87283
      vertex -5.60025 -6.2038 3.95129
      vertex -6.20025 -6.2038 3.95129
    endloop
  endfacet
  facet normal 0 -0.908717 0.417412
    outer loop
      vertex -5.60025 -6.2038 3.95129
      vertex -6.20025 -6.23984 3.87283
      vertex -5.60025 -6.23984 3.87283
    endloop
  endfacet
  facet normal 0 -0.898106 0.43978
    outer loop
      vertex -6.20025 -6.2038 3.95129
      vertex -5.60025 -6.16586 4.02877
      vertex -6.20025 -6.16586 4.02877
    endloop
  endfacet
  facet normal 0 -0.898106 0.43978
    outer loop
      vertex -5.60025 -6.16586 4.02877
      vertex -6.20025 -6.2038 3.95129
      vertex -5.60025 -6.2038 3.95129
    endloop
  endfacet
  facet normal 0 -0.886975 0.461817
    outer loop
      vertex -6.20025 -6.16586 4.02877
      vertex -5.60025 -6.12605 4.10523
      vertex -6.20025 -6.12605 4.10523
    endloop
  endfacet
  facet normal 0 -0.886975 0.461817
    outer loop
      vertex -5.60025 -6.12605 4.10523
      vertex -6.20025 -6.16586 4.02877
      vertex -5.60025 -6.16586 4.02877
    endloop
  endfacet
  facet normal 0 -0.875413 0.483375
    outer loop
      vertex -6.20025 -6.12605 4.10523
      vertex -5.60025 -6.0844 4.18066
      vertex -6.20025 -6.0844 4.18066
    endloop
  endfacet
  facet normal 0 -0.875413 0.483375
    outer loop
      vertex -5.60025 -6.0844 4.18066
      vertex -6.20025 -6.12605 4.10523
      vertex -5.60025 -6.12605 4.10523
    endloop
  endfacet
  facet normal 0 -0.863277 0.50473
    outer loop
      vertex -6.20025 -6.0844 4.18066
      vertex -5.60025 -6.04093 4.25501
      vertex -6.20025 -6.04093 4.25501
    endloop
  endfacet
  facet normal 0 -0.863277 0.50473
    outer loop
      vertex -5.60025 -6.04093 4.25501
      vertex -6.20025 -6.0844 4.18066
      vertex -5.60025 -6.0844 4.18066
    endloop
  endfacet
  facet normal 0 -0.850624 0.525775
    outer loop
      vertex -6.20025 -6.04093 4.25501
      vertex -5.60025 -5.99566 4.32825
      vertex -6.20025 -5.99566 4.32825
    endloop
  endfacet
  facet normal 0 -0.850624 0.525775
    outer loop
      vertex -5.60025 -5.99566 4.32825
      vertex -6.20025 -6.04093 4.25501
      vertex -5.60025 -6.04093 4.25501
    endloop
  endfacet
  facet normal 0 -0.837514 0.546417
    outer loop
      vertex -6.20025 -5.99566 4.32825
      vertex -5.60025 -5.94862 4.40035
      vertex -6.20025 -5.94862 4.40035
    endloop
  endfacet
  facet normal 0 -0.837514 0.546417
    outer loop
      vertex -5.60025 -5.94862 4.40035
      vertex -6.20025 -5.99566 4.32825
      vertex -5.60025 -5.99566 4.32825
    endloop
  endfacet
  facet normal 0 -0.823957 0.566652
    outer loop
      vertex -6.20025 -5.94862 4.40035
      vertex -5.60025 -5.89984 4.47128
      vertex -6.20025 -5.89984 4.47128
    endloop
  endfacet
  facet normal 0 -0.823957 0.566652
    outer loop
      vertex -5.60025 -5.89984 4.47128
      vertex -6.20025 -5.94862 4.40035
      vertex -5.60025 -5.94862 4.40035
    endloop
  endfacet
  facet normal 0 -0.80983 0.586665
    outer loop
      vertex -6.20025 -5.89984 4.47128
      vertex -5.60025 -5.84934 4.54099
      vertex -6.20025 -5.84934 4.54099
    endloop
  endfacet
  facet normal 0 -0.80983 0.586665
    outer loop
      vertex -5.60025 -5.84934 4.54099
      vertex -6.20025 -5.89984 4.47128
      vertex -5.60025 -5.89984 4.47128
    endloop
  endfacet
  facet normal 0 -0.795336 0.606169
    outer loop
      vertex -6.20025 -5.84934 4.54099
      vertex -5.60025 -5.79714 4.60948
      vertex -6.20025 -5.79714 4.60948
    endloop
  endfacet
  facet normal 0 -0.795336 0.606169
    outer loop
      vertex -5.60025 -5.79714 4.60948
      vertex -6.20025 -5.84934 4.54099
      vertex -5.60025 -5.84934 4.54099
    endloop
  endfacet
  facet normal 0 -0.780291 0.625417
    outer loop
      vertex -6.20025 -5.79714 4.60948
      vertex -5.60025 -5.74327 4.67669
      vertex -6.20025 -5.74327 4.67669
    endloop
  endfacet
  facet normal 0 -0.780291 0.625417
    outer loop
      vertex -5.60025 -5.74327 4.67669
      vertex -6.20025 -5.79714 4.60948
      vertex -5.60025 -5.79714 4.60948
    endloop
  endfacet
  facet normal 0 -0.764767 0.644307
    outer loop
      vertex -6.20025 -5.74327 4.67669
      vertex -5.60025 -5.68775 4.74259
      vertex -6.20025 -5.68775 4.74259
    endloop
  endfacet
  facet normal 0 -0.764767 0.644307
    outer loop
      vertex -5.60025 -5.68775 4.74259
      vertex -6.20025 -5.74327 4.67669
      vertex -5.60025 -5.74327 4.67669
    endloop
  endfacet
  facet normal 0 -0.748988 0.662584
    outer loop
      vertex -6.20025 -5.68775 4.74259
      vertex -5.60025 -5.63062 4.80717
      vertex -6.20025 -5.63062 4.80717
    endloop
  endfacet
  facet normal 0 -0.748988 0.662584
    outer loop
      vertex -5.60025 -5.63062 4.80717
      vertex -6.20025 -5.68775 4.74259
      vertex -5.60025 -5.68775 4.74259
    endloop
  endfacet
  facet normal 0 -0.732537 0.680727
    outer loop
      vertex -6.20025 -5.63062 4.80717
      vertex -5.60025 -5.57189 4.87037
      vertex -6.20025 -5.57189 4.87037
    endloop
  endfacet
  facet normal 0 -0.732537 0.680727
    outer loop
      vertex -5.60025 -5.57189 4.87037
      vertex -6.20025 -5.63062 4.80717
      vertex -5.60025 -5.63062 4.80717
    endloop
  endfacet
  facet normal 0 -0.71574 0.698367
    outer loop
      vertex -6.20025 -5.57189 4.87037
      vertex -5.60025 -5.51159 4.93217
      vertex -6.20025 -5.51159 4.93217
    endloop
  endfacet
  facet normal 0 -0.71574 0.698367
    outer loop
      vertex -5.60025 -5.51159 4.93217
      vertex -6.20025 -5.57189 4.87037
      vertex -5.60025 -5.57189 4.87037
    endloop
  endfacet
  facet normal 0 -0.698428 0.71568
    outer loop
      vertex -6.20025 -5.44978 4.99249
      vertex -5.60025 -5.51159 4.93217
      vertex -5.60025 -5.44978 4.99249
    endloop
  endfacet
  facet normal 0 -0.698428 0.71568
    outer loop
      vertex -5.60025 -5.51159 4.93217
      vertex -6.20025 -5.44978 4.99249
      vertex -6.20025 -5.51159 4.93217
    endloop
  endfacet
  facet normal 0 -0.680855 0.732418
    outer loop
      vertex -6.20025 -5.38657 5.05125
      vertex -5.60025 -5.44978 4.99249
      vertex -5.60025 -5.38657 5.05125
    endloop
  endfacet
  facet normal 0 -0.680855 0.732418
    outer loop
      vertex -5.60025 -5.44978 4.99249
      vertex -6.20025 -5.38657 5.05125
      vertex -6.20025 -5.44978 4.99249
    endloop
  endfacet
  facet normal 0 -0.662714 0.748873
    outer loop
      vertex -6.20025 -5.32199 5.1084
      vertex -5.60025 -5.38657 5.05125
      vertex -5.60025 -5.32199 5.1084
    endloop
  endfacet
  facet normal 0 -0.662714 0.748873
    outer loop
      vertex -5.60025 -5.38657 5.05125
      vertex -6.20025 -5.32199 5.1084
      vertex -6.20025 -5.38657 5.05125
    endloop
  endfacet
  facet normal 0 -0.644318 0.764758
    outer loop
      vertex -6.20025 -5.25608 5.16393
      vertex -5.60025 -5.32199 5.1084
      vertex -5.60025 -5.25608 5.16393
    endloop
  endfacet
  facet normal 0 -0.644318 0.764758
    outer loop
      vertex -5.60025 -5.32199 5.1084
      vertex -6.20025 -5.25608 5.16393
      vertex -6.20025 -5.32199 5.1084
    endloop
  endfacet
  facet normal 0 -0.625558 0.780178
    outer loop
      vertex -6.20025 -5.18887 5.21782
      vertex -5.60025 -5.25608 5.16393
      vertex -5.60025 -5.18887 5.21782
    endloop
  endfacet
  facet normal 0 -0.625558 0.780178
    outer loop
      vertex -5.60025 -5.25608 5.16393
      vertex -6.20025 -5.18887 5.21782
      vertex -6.20025 -5.25608 5.16393
    endloop
  endfacet
  facet normal 0 -0.606316 0.795224
    outer loop
      vertex -6.20025 -5.12038 5.27004
      vertex -5.60025 -5.18887 5.21782
      vertex -5.60025 -5.12038 5.27004
    endloop
  endfacet
  facet normal 0 -0.606316 0.795224
    outer loop
      vertex -5.60025 -5.18887 5.21782
      vertex -6.20025 -5.12038 5.27004
      vertex -6.20025 -5.18887 5.21782
    endloop
  endfacet
  facet normal 0 -0.586686 0.809815
    outer loop
      vertex -6.20025 -5.05066 5.32055
      vertex -5.60025 -5.12038 5.27004
      vertex -5.60025 -5.05066 5.32055
    endloop
  endfacet
  facet normal 0 -0.586686 0.809815
    outer loop
      vertex -5.60025 -5.12038 5.27004
      vertex -6.20025 -5.05066 5.32055
      vertex -6.20025 -5.12038 5.27004
    endloop
  endfacet
  facet normal 0 -0.56681 0.823849
    outer loop
      vertex -6.20025 -4.97973 5.36935
      vertex -5.60025 -5.05066 5.32055
      vertex -5.60025 -4.97973 5.36935
    endloop
  endfacet
  facet normal 0 -0.56681 0.823849
    outer loop
      vertex -5.60025 -5.05066 5.32055
      vertex -6.20025 -4.97973 5.36935
      vertex -6.20025 -5.05066 5.32055
    endloop
  endfacet
  facet normal 0 -0.546498 0.83746
    outer loop
      vertex -6.20025 -4.90763 5.4164
      vertex -5.60025 -4.97973 5.36935
      vertex -5.60025 -4.90763 5.4164
    endloop
  endfacet
  facet normal 0 -0.546498 0.83746
    outer loop
      vertex -5.60025 -4.97973 5.36935
      vertex -6.20025 -4.90763 5.4164
      vertex -6.20025 -4.97973 5.36935
    endloop
  endfacet
  facet normal 0 -0.525775 0.850624
    outer loop
      vertex -6.20025 -4.83439 5.46167
      vertex -5.60025 -4.90763 5.4164
      vertex -5.60025 -4.83439 5.46167
    endloop
  endfacet
  facet normal 0 -0.525775 0.850624
    outer loop
      vertex -5.60025 -4.90763 5.4164
      vertex -6.20025 -4.83439 5.46167
      vertex -6.20025 -4.90763 5.4164
    endloop
  endfacet
  facet normal 0 -0.504816 0.863227
    outer loop
      vertex -6.20025 -4.76004 5.50515
      vertex -5.60025 -4.83439 5.46167
      vertex -5.60025 -4.76004 5.50515
    endloop
  endfacet
  facet normal 0 -0.504816 0.863227
    outer loop
      vertex -5.60025 -4.83439 5.46167
      vertex -6.20025 -4.76004 5.50515
      vertex -6.20025 -4.83439 5.46167
    endloop
  endfacet
  facet normal 0 -0.483513 0.875337
    outer loop
      vertex -6.20025 -4.68462 5.54681
      vertex -5.60025 -4.76004 5.50515
      vertex -5.60025 -4.68462 5.54681
    endloop
  endfacet
  facet normal 0 -0.483513 0.875337
    outer loop
      vertex -5.60025 -4.76004 5.50515
      vertex -6.20025 -4.68462 5.54681
      vertex -6.20025 -4.76004 5.50515
    endloop
  endfacet
  facet normal 0 -0.461817 0.886975
    outer loop
      vertex -6.20025 -4.60816 5.58662
      vertex -5.60025 -4.68462 5.54681
      vertex -5.60025 -4.60816 5.58662
    endloop
  endfacet
  facet normal 0 -0.461817 0.886975
    outer loop
      vertex -5.60025 -4.68462 5.54681
      vertex -6.20025 -4.60816 5.58662
      vertex -6.20025 -4.68462 5.54681
    endloop
  endfacet
  facet normal 0 -0.439919 0.898037
    outer loop
      vertex -6.20025 -4.53069 5.62457
      vertex -5.60025 -4.60816 5.58662
      vertex -5.60025 -4.53069 5.62457
    endloop
  endfacet
  facet normal 0 -0.439919 0.898037
    outer loop
      vertex -5.60025 -4.60816 5.58662
      vertex -6.20025 -4.53069 5.62457
      vertex -6.20025 -4.60816 5.58662
    endloop
  endfacet
  facet normal 0 -0.417456 0.908697
    outer loop
      vertex -6.20025 -4.45224 5.66061
      vertex -5.60025 -4.53069 5.62457
      vertex -5.60025 -4.45224 5.66061
    endloop
  endfacet
  facet normal 0 -0.417456 0.908697
    outer loop
      vertex -5.60025 -4.53069 5.62457
      vertex -6.20025 -4.45224 5.66061
      vertex -6.20025 -4.53069 5.62457
    endloop
  endfacet
  facet normal 0 -0.394953 0.918702
    outer loop
      vertex -6.20025 -4.37285 5.69474
      vertex -5.60025 -4.45224 5.66061
      vertex -5.60025 -4.37285 5.69474
    endloop
  endfacet
  facet normal 0 -0.394953 0.918702
    outer loop
      vertex -5.60025 -4.45224 5.66061
      vertex -6.20025 -4.37285 5.69474
      vertex -6.20025 -4.45224 5.66061
    endloop
  endfacet
  facet normal 0 -0.372129 0.928181
    outer loop
      vertex -6.20025 -4.29271 5.72687
      vertex -5.60025 -4.37285 5.69474
      vertex -5.60025 -4.29271 5.72687
    endloop
  endfacet
  facet normal 0 -0.372129 0.928181
    outer loop
      vertex -5.60025 -4.37285 5.69474
      vertex -6.20025 -4.29271 5.72687
      vertex -6.20025 -4.37285 5.69474
    endloop
  endfacet
  facet normal 0 -0.348961 0.937137
    outer loop
      vertex -6.20025 -4.21193 5.75695
      vertex -5.60025 -4.29271 5.72687
      vertex -5.60025 -4.21193 5.75695
    endloop
  endfacet
  facet normal 0 -0.348961 0.937137
    outer loop
      vertex -5.60025 -4.29271 5.72687
      vertex -6.20025 -4.21193 5.75695
      vertex -6.20025 -4.29271 5.72687
    endloop
  endfacet
  facet normal 0 -0.325693 0.945475
    outer loop
      vertex -6.20025 -4.13056 5.78498
      vertex -5.60025 -4.21193 5.75695
      vertex -5.60025 -4.13056 5.78498
    endloop
  endfacet
  facet normal 0 -0.325693 0.945475
    outer loop
      vertex -5.60025 -4.21193 5.75695
      vertex -6.20025 -4.13056 5.78498
      vertex -6.20025 -4.21193 5.75695
    endloop
  endfacet
  facet normal 0 -0.302306 0.953211
    outer loop
      vertex -6.20025 -4.04861 5.81097
      vertex -5.60025 -4.13056 5.78498
      vertex -5.60025 -4.04861 5.81097
    endloop
  endfacet
  facet normal 0 -0.302306 0.953211
    outer loop
      vertex -5.60025 -4.13056 5.78498
      vertex -6.20025 -4.04861 5.81097
      vertex -6.20025 -4.13056 5.78498
    endloop
  endfacet
  facet normal 0 -0.278502 0.960436
    outer loop
      vertex -6.20025 -3.96612 5.83489
      vertex -5.60025 -4.04861 5.81097
      vertex -5.60025 -3.96612 5.83489
    endloop
  endfacet
  facet normal 0 -0.278502 0.960436
    outer loop
      vertex -5.60025 -4.04861 5.81097
      vertex -6.20025 -3.96612 5.83489
      vertex -6.20025 -4.04861 5.81097
    endloop
  endfacet
  facet normal 0 -0.254797 0.966995
    outer loop
      vertex -6.20025 -3.88312 5.85676
      vertex -5.60025 -3.96612 5.83489
      vertex -5.60025 -3.88312 5.85676
    endloop
  endfacet
  facet normal 0 -0.254797 0.966995
    outer loop
      vertex -5.60025 -3.96612 5.83489
      vertex -6.20025 -3.88312 5.85676
      vertex -6.20025 -3.96612 5.83489
    endloop
  endfacet
  facet normal 0 -0.230754 0.973012
    outer loop
      vertex -6.20025 -3.79963 5.87656
      vertex -5.60025 -3.88312 5.85676
      vertex -5.60025 -3.79963 5.87656
    endloop
  endfacet
  facet normal 0 -0.230754 0.973012
    outer loop
      vertex -5.60025 -3.88312 5.85676
      vertex -6.20025 -3.79963 5.87656
      vertex -6.20025 -3.88312 5.85676
    endloop
  endfacet
  facet normal 0 -0.206774 0.978389
    outer loop
      vertex -6.20025 -3.71569 5.8943
      vertex -5.60025 -3.79963 5.87656
      vertex -5.60025 -3.71569 5.8943
    endloop
  endfacet
  facet normal 0 -0.206774 0.978389
    outer loop
      vertex -5.60025 -3.79963 5.87656
      vertex -6.20025 -3.71569 5.8943
      vertex -6.20025 -3.79963 5.87656
    endloop
  endfacet
  facet normal 0 -0.182494 0.983207
    outer loop
      vertex -6.20025 -3.63132 5.90996
      vertex -5.60025 -3.71569 5.8943
      vertex -5.60025 -3.63132 5.90996
    endloop
  endfacet
  facet normal 0 -0.182494 0.983207
    outer loop
      vertex -5.60025 -3.71569 5.8943
      vertex -6.20025 -3.63132 5.90996
      vertex -6.20025 -3.71569 5.8943
    endloop
  endfacet
  facet normal 0 -0.158313 0.987389
    outer loop
      vertex -6.20025 -3.54656 5.92355
      vertex -5.60025 -3.63132 5.90996
      vertex -5.60025 -3.54656 5.92355
    endloop
  endfacet
  facet normal 0 -0.158313 0.987389
    outer loop
      vertex -5.60025 -3.63132 5.90996
      vertex -6.20025 -3.54656 5.92355
      vertex -6.20025 -3.63132 5.90996
    endloop
  endfacet
  facet normal 0 -0.133986 0.990983
    outer loop
      vertex -6.20025 -3.46143 5.93506
      vertex -5.60025 -3.54656 5.92355
      vertex -5.60025 -3.46143 5.93506
    endloop
  endfacet
  facet normal 0 -0.133986 0.990983
    outer loop
      vertex -5.60025 -3.54656 5.92355
      vertex -6.20025 -3.46143 5.93506
      vertex -6.20025 -3.54656 5.92355
    endloop
  endfacet
  facet normal 0 -0.109563 0.99398
    outer loop
      vertex -6.20025 -3.37597 5.94448
      vertex -5.60025 -3.46143 5.93506
      vertex -5.60025 -3.37597 5.94448
    endloop
  endfacet
  facet normal 0 -0.109563 0.99398
    outer loop
      vertex -5.60025 -3.46143 5.93506
      vertex -6.20025 -3.37597 5.94448
      vertex -6.20025 -3.46143 5.93506
    endloop
  endfacet
  facet normal 0 -0.0851409 0.996369
    outer loop
      vertex -6.20025 -3.29019 5.95181
      vertex -5.60025 -3.37597 5.94448
      vertex -5.60025 -3.29019 5.95181
    endloop
  endfacet
  facet normal 0 -0.0851409 0.996369
    outer loop
      vertex -5.60025 -3.37597 5.94448
      vertex -6.20025 -3.29019 5.95181
      vertex -6.20025 -3.37597 5.94448
    endloop
  endfacet
  facet normal 0 -0.0608978 0.998144
    outer loop
      vertex -6.20025 -3.20414 5.95706
      vertex -5.60025 -3.29019 5.95181
      vertex -5.60025 -3.20414 5.95706
    endloop
  endfacet
  facet normal 0 -0.0608978 0.998144
    outer loop
      vertex -5.60025 -3.29019 5.95181
      vertex -6.20025 -3.20414 5.95706
      vertex -6.20025 -3.29019 5.95181
    endloop
  endfacet
  facet normal 0 -0.0364763 0.999335
    outer loop
      vertex -6.20025 -3.11784 5.96021
      vertex -5.60025 -3.20414 5.95706
      vertex -5.60025 -3.11784 5.96021
    endloop
  endfacet
  facet normal 0 -0.0364763 0.999335
    outer loop
      vertex -5.60025 -3.20414 5.95706
      vertex -6.20025 -3.11784 5.96021
      vertex -6.20025 -3.20414 5.95706
    endloop
  endfacet
  facet normal 0 -0.0122492 0.999925
    outer loop
      vertex -6.20025 -3.03131 5.96127
      vertex -5.60025 -3.11784 5.96021
      vertex -5.60025 -3.03131 5.96127
    endloop
  endfacet
  facet normal 0 -0.0122492 0.999925
    outer loop
      vertex -5.60025 -3.11784 5.96021
      vertex -6.20025 -3.03131 5.96127
      vertex -6.20025 -3.11784 5.96021
    endloop
  endfacet
  facet normal 0 -0.0121336 -0.999926
    outer loop
      vertex -6.20025 -3.11784 -1.05656
      vertex -5.60025 -3.03131 -1.05761
      vertex -5.60025 -3.11784 -1.05656
    endloop
  endfacet
  facet normal -0 -0.0121336 -0.999926
    outer loop
      vertex -5.60025 -3.03131 -1.05761
      vertex -6.20025 -3.11784 -1.05656
      vertex -6.20025 -3.03131 -1.05761
    endloop
  endfacet
  facet normal 0 -0.0364721 -0.999335
    outer loop
      vertex -6.20025 -3.20415 -1.05341
      vertex -5.60025 -3.11784 -1.05656
      vertex -5.60025 -3.20415 -1.05341
    endloop
  endfacet
  facet normal -0 -0.0364721 -0.999335
    outer loop
      vertex -5.60025 -3.11784 -1.05656
      vertex -6.20025 -3.20415 -1.05341
      vertex -6.20025 -3.11784 -1.05656
    endloop
  endfacet
  facet normal 0 -0.0608908 -0.998144
    outer loop
      vertex -6.20025 -3.29021 -1.04816
      vertex -5.60025 -3.20415 -1.05341
      vertex -5.60025 -3.29021 -1.04816
    endloop
  endfacet
  facet normal -0 -0.0608908 -0.998144
    outer loop
      vertex -5.60025 -3.20415 -1.05341
      vertex -6.20025 -3.29021 -1.04816
      vertex -6.20025 -3.20415 -1.05341
    endloop
  endfacet
  facet normal 0 -0.0852661 -0.996358
    outer loop
      vertex -6.20025 -3.37598 -1.04082
      vertex -5.60025 -3.29021 -1.04816
      vertex -5.60025 -3.37598 -1.04082
    endloop
  endfacet
  facet normal -0 -0.0852661 -0.996358
    outer loop
      vertex -5.60025 -3.29021 -1.04816
      vertex -6.20025 -3.37598 -1.04082
      vertex -6.20025 -3.29021 -1.04816
    endloop
  endfacet
  facet normal 0 -0.109666 -0.993969
    outer loop
      vertex -6.20025 -3.46145 -1.03139
      vertex -5.60025 -3.37598 -1.04082
      vertex -5.60025 -3.46145 -1.03139
    endloop
  endfacet
  facet normal -0 -0.109666 -0.993969
    outer loop
      vertex -5.60025 -3.37598 -1.04082
      vertex -6.20025 -3.46145 -1.03139
      vertex -6.20025 -3.37598 -1.04082
    endloop
  endfacet
  facet normal 0 -0.133986 -0.990983
    outer loop
      vertex -6.20025 -3.54658 -1.01988
      vertex -5.60025 -3.46145 -1.03139
      vertex -5.60025 -3.54658 -1.01988
    endloop
  endfacet
  facet normal -0 -0.133986 -0.990983
    outer loop
      vertex -5.60025 -3.46145 -1.03139
      vertex -6.20025 -3.54658 -1.01988
      vertex -6.20025 -3.46145 -1.03139
    endloop
  endfacet
  facet normal 0 -0.158313 -0.987389
    outer loop
      vertex -6.20025 -3.63134 -1.00629
      vertex -5.60025 -3.54658 -1.01988
      vertex -5.60025 -3.63134 -1.00629
    endloop
  endfacet
  facet normal -0 -0.158313 -0.987389
    outer loop
      vertex -5.60025 -3.54658 -1.01988
      vertex -6.20025 -3.63134 -1.00629
      vertex -6.20025 -3.54658 -1.01988
    endloop
  endfacet
  facet normal 0 -0.182515 -0.983203
    outer loop
      vertex -6.20025 -3.7157 -0.99063
      vertex -5.60025 -3.63134 -1.00629
      vertex -5.60025 -3.7157 -0.99063
    endloop
  endfacet
  facet normal -0 -0.182515 -0.983203
    outer loop
      vertex -5.60025 -3.63134 -1.00629
      vertex -6.20025 -3.7157 -0.99063
      vertex -6.20025 -3.63134 -1.00629
    endloop
  endfacet
  facet normal 0 -0.206752 -0.978393
    outer loop
      vertex -6.20025 -3.79964 -0.972892
      vertex -5.60025 -3.7157 -0.99063
      vertex -5.60025 -3.79964 -0.972892
    endloop
  endfacet
  facet normal -0 -0.206752 -0.978393
    outer loop
      vertex -5.60025 -3.7157 -0.99063
      vertex -6.20025 -3.79964 -0.972892
      vertex -6.20025 -3.7157 -0.99063
    endloop
  endfacet
  facet normal 0 -0.23082 -0.972996
    outer loop
      vertex -6.20025 -3.88313 -0.953086
      vertex -5.60025 -3.79964 -0.972892
      vertex -5.60025 -3.88313 -0.953086
    endloop
  endfacet
  facet normal -0 -0.23082 -0.972996
    outer loop
      vertex -5.60025 -3.79964 -0.972892
      vertex -6.20025 -3.88313 -0.953086
      vertex -6.20025 -3.79964 -0.972892
    endloop
  endfacet
  facet normal 0 -0.254754 -0.967006
    outer loop
      vertex -6.20025 -3.96613 -0.93122
      vertex -5.60025 -3.88313 -0.953086
      vertex -5.60025 -3.96613 -0.93122
    endloop
  endfacet
  facet normal -0 -0.254754 -0.967006
    outer loop
      vertex -5.60025 -3.88313 -0.953086
      vertex -6.20025 -3.96613 -0.93122
      vertex -6.20025 -3.88313 -0.953086
    endloop
  endfacet
  facet normal 0 -0.278587 -0.960411
    outer loop
      vertex -6.20025 -4.04861 -0.907295
      vertex -5.60025 -3.96613 -0.93122
      vertex -5.60025 -4.04861 -0.907295
    endloop
  endfacet
  facet normal -0 -0.278587 -0.960411
    outer loop
      vertex -5.60025 -3.96613 -0.93122
      vertex -6.20025 -4.04861 -0.907295
      vertex -6.20025 -3.96613 -0.93122
    endloop
  endfacet
  facet normal 0 -0.302297 -0.953214
    outer loop
      vertex -6.20025 -4.13055 -0.881309
      vertex -5.60025 -4.04861 -0.907295
      vertex -5.60025 -4.13055 -0.881309
    endloop
  endfacet
  facet normal -0 -0.302297 -0.953214
    outer loop
      vertex -5.60025 -4.04861 -0.907295
      vertex -6.20025 -4.13055 -0.881309
      vertex -6.20025 -4.04861 -0.907295
    endloop
  endfacet
  facet normal 0 -0.325777 -0.945447
    outer loop
      vertex -6.20025 -4.21192 -0.853271
      vertex -5.60025 -4.13055 -0.881309
      vertex -5.60025 -4.21192 -0.853271
    endloop
  endfacet
  facet normal -0 -0.325777 -0.945447
    outer loop
      vertex -5.60025 -4.13055 -0.881309
      vertex -6.20025 -4.21192 -0.853271
      vertex -6.20025 -4.13055 -0.881309
    endloop
  endfacet
  facet normal 0 -0.34903 -0.937112
    outer loop
      vertex -6.20025 -4.29269 -0.823188
      vertex -5.60025 -4.21192 -0.853271
      vertex -5.60025 -4.29269 -0.823188
    endloop
  endfacet
  facet normal -0 -0.34903 -0.937112
    outer loop
      vertex -5.60025 -4.21192 -0.853271
      vertex -6.20025 -4.29269 -0.823188
      vertex -6.20025 -4.21192 -0.853271
    endloop
  endfacet
  facet normal 0 -0.372099 -0.928193
    outer loop
      vertex -6.20025 -4.37283 -0.791061
      vertex -5.60025 -4.29269 -0.823188
      vertex -5.60025 -4.37283 -0.791061
    endloop
  endfacet
  facet normal -0 -0.372099 -0.928193
    outer loop
      vertex -5.60025 -4.29269 -0.823188
      vertex -6.20025 -4.37283 -0.791061
      vertex -6.20025 -4.29269 -0.823188
    endloop
  endfacet
  facet normal 0 -0.394923 -0.918714
    outer loop
      vertex -6.20025 -4.45222 -0.756934
      vertex -5.60025 -4.37283 -0.791061
      vertex -5.60025 -4.45222 -0.756934
    endloop
  endfacet
  facet normal -0 -0.394923 -0.918714
    outer loop
      vertex -5.60025 -4.37283 -0.791061
      vertex -6.20025 -4.45222 -0.756934
      vertex -6.20025 -4.37283 -0.791061
    endloop
  endfacet
  facet normal 0 -0.417609 -0.908627
    outer loop
      vertex -6.20025 -4.53067 -0.720878
      vertex -5.60025 -4.45222 -0.756934
      vertex -5.60025 -4.53067 -0.720878
    endloop
  endfacet
  facet normal -0 -0.417609 -0.908627
    outer loop
      vertex -5.60025 -4.45222 -0.756934
      vertex -6.20025 -4.53067 -0.720878
      vertex -6.20025 -4.45222 -0.756934
    endloop
  endfacet
  facet normal 0 -0.439864 -0.898064
    outer loop
      vertex -6.20025 -4.60815 -0.682929
      vertex -5.60025 -4.53067 -0.720878
      vertex -5.60025 -4.60815 -0.682929
    endloop
  endfacet
  facet normal -0 -0.439864 -0.898064
    outer loop
      vertex -5.60025 -4.53067 -0.720878
      vertex -6.20025 -4.60815 -0.682929
      vertex -6.20025 -4.53067 -0.720878
    endloop
  endfacet
  facet normal 0 -0.46188 -0.886942
    outer loop
      vertex -6.20025 -4.68461 -0.643112
      vertex -5.60025 -4.60815 -0.682929
      vertex -5.60025 -4.68461 -0.643112
    endloop
  endfacet
  facet normal -0 -0.46188 -0.886942
    outer loop
      vertex -5.60025 -4.60815 -0.682929
      vertex -6.20025 -4.68461 -0.643112
      vertex -6.20025 -4.60815 -0.682929
    endloop
  endfacet
  facet normal 0 -0.483557 -0.875313
    outer loop
      vertex -6.20025 -4.76003 -0.601447
      vertex -5.60025 -4.68461 -0.643112
      vertex -5.60025 -4.76003 -0.601447
    endloop
  endfacet
  facet normal -0 -0.483557 -0.875313
    outer loop
      vertex -5.60025 -4.68461 -0.643112
      vertex -6.20025 -4.76003 -0.601447
      vertex -6.20025 -4.68461 -0.643112
    endloop
  endfacet
  facet normal 0 -0.504867 -0.863197
    outer loop
      vertex -6.20025 -4.83437 -0.557967
      vertex -5.60025 -4.76003 -0.601447
      vertex -5.60025 -4.83437 -0.557967
    endloop
  endfacet
  facet normal -0 -0.504867 -0.863197
    outer loop
      vertex -5.60025 -4.76003 -0.601447
      vertex -6.20025 -4.83437 -0.557967
      vertex -6.20025 -4.76003 -0.601447
    endloop
  endfacet
  facet normal 0 -0.525859 -0.850572
    outer loop
      vertex -6.20025 -4.90761 -0.512687
      vertex -5.60025 -4.83437 -0.557967
      vertex -5.60025 -4.90761 -0.512687
    endloop
  endfacet
  facet normal -0 -0.525859 -0.850572
    outer loop
      vertex -5.60025 -4.83437 -0.557967
      vertex -6.20025 -4.90761 -0.512687
      vertex -6.20025 -4.83437 -0.557967
    endloop
  endfacet
  facet normal 0 -0.546498 -0.83746
    outer loop
      vertex -6.20025 -4.97971 -0.465637
      vertex -5.60025 -4.90761 -0.512687
      vertex -5.60025 -4.97971 -0.465637
    endloop
  endfacet
  facet normal -0 -0.546498 -0.83746
    outer loop
      vertex -5.60025 -4.90761 -0.512687
      vertex -6.20025 -4.97971 -0.465637
      vertex -6.20025 -4.90761 -0.512687
    endloop
  endfacet
  facet normal 0 -0.566785 -0.823866
    outer loop
      vertex -6.20025 -5.05063 -0.416847
      vertex -5.60025 -4.97971 -0.465637
      vertex -5.60025 -5.05063 -0.416847
    endloop
  endfacet
  facet normal -0 -0.566785 -0.823866
    outer loop
      vertex -5.60025 -4.97971 -0.465637
      vertex -6.20025 -5.05063 -0.416847
      vertex -6.20025 -4.97971 -0.465637
    endloop
  endfacet
  facet normal 0 -0.586779 -0.809747
    outer loop
      vertex -6.20025 -5.12034 -0.366332
      vertex -5.60025 -5.05063 -0.416847
      vertex -5.60025 -5.12034 -0.366332
    endloop
  endfacet
  facet normal -0 -0.586779 -0.809747
    outer loop
      vertex -5.60025 -5.05063 -0.416847
      vertex -6.20025 -5.12034 -0.366332
      vertex -6.20025 -5.05063 -0.416847
    endloop
  endfacet
  facet normal 0 -0.606284 -0.795248
    outer loop
      vertex -6.20025 -5.18882 -0.314124
      vertex -5.60025 -5.12034 -0.366332
      vertex -5.60025 -5.18882 -0.314124
    endloop
  endfacet
  facet normal -0 -0.606284 -0.795248
    outer loop
      vertex -5.60025 -5.12034 -0.366332
      vertex -6.20025 -5.18882 -0.314124
      vertex -6.20025 -5.12034 -0.366332
    endloop
  endfacet
  facet normal 0 -0.62553 -0.7802
    outer loop
      vertex -6.20025 -5.25602 -0.260246
      vertex -5.60025 -5.18882 -0.314124
      vertex -5.60025 -5.25602 -0.260246
    endloop
  endfacet
  facet normal -0 -0.62553 -0.7802
    outer loop
      vertex -5.60025 -5.18882 -0.314124
      vertex -6.20025 -5.25602 -0.260246
      vertex -6.20025 -5.18882 -0.314124
    endloop
  endfacet
  facet normal 0 -0.644355 -0.764727
    outer loop
      vertex -6.20025 -5.32192 -0.204719
      vertex -5.60025 -5.25602 -0.260246
      vertex -5.60025 -5.32192 -0.204719
    endloop
  endfacet
  facet normal -0 -0.644355 -0.764727
    outer loop
      vertex -5.60025 -5.25602 -0.260246
      vertex -6.20025 -5.32192 -0.204719
      vertex -6.20025 -5.25602 -0.260246
    endloop
  endfacet
  facet normal 0 -0.662733 -0.748856
    outer loop
      vertex -6.20025 -5.38649 -0.147575
      vertex -5.60025 -5.32192 -0.204719
      vertex -5.60025 -5.38649 -0.147575
    endloop
  endfacet
  facet normal -0 -0.662733 -0.748856
    outer loop
      vertex -5.60025 -5.32192 -0.204719
      vertex -6.20025 -5.38649 -0.147575
      vertex -6.20025 -5.32192 -0.204719
    endloop
  endfacet
  facet normal 0 -0.680888 -0.732388
    outer loop
      vertex -6.20025 -5.44968 -0.0888284
      vertex -5.60025 -5.38649 -0.147575
      vertex -5.60025 -5.44968 -0.0888284
    endloop
  endfacet
  facet normal -0 -0.680888 -0.732388
    outer loop
      vertex -5.60025 -5.38649 -0.147575
      vertex -6.20025 -5.44968 -0.0888284
      vertex -6.20025 -5.38649 -0.147575
    endloop
  endfacet
  facet normal 0 -0.698487 -0.715623
    outer loop
      vertex -6.20025 -5.51147 -0.028518
      vertex -5.60025 -5.44968 -0.0888284
      vertex -5.60025 -5.51147 -0.028518
    endloop
  endfacet
  facet normal -0 -0.698487 -0.715623
    outer loop
      vertex -5.60025 -5.44968 -0.0888284
      vertex -6.20025 -5.51147 -0.028518
      vertex -6.20025 -5.44968 -0.0888284
    endloop
  endfacet
  facet normal 0 -0.715699 -0.698409
    outer loop
      vertex -6.20025 -5.51147 -0.028518
      vertex -5.60025 -5.57179 0.0332953
      vertex -6.20025 -5.57179 0.0332953
    endloop
  endfacet
  facet normal 0 -0.715699 -0.698409
    outer loop
      vertex -5.60025 -5.57179 0.0332953
      vertex -6.20025 -5.51147 -0.028518
      vertex -5.60025 -5.51147 -0.028518
    endloop
  endfacet
  facet normal 0 -0.732514 -0.680752
    outer loop
      vertex -6.20025 -5.57179 0.0332953
      vertex -5.60025 -5.63054 0.0965125
      vertex -6.20025 -5.63054 0.0965125
    endloop
  endfacet
  facet normal 0 -0.732514 -0.680752
    outer loop
      vertex -5.60025 -5.63054 0.0965125
      vertex -6.20025 -5.57179 0.0332953
      vertex -5.60025 -5.57179 0.0332953
    endloop
  endfacet
  facet normal 0 -0.748926 -0.662654
    outer loop
      vertex -6.20025 -5.63054 0.0965125
      vertex -5.60025 -5.68769 0.161103
      vertex -6.20025 -5.68769 0.161103
    endloop
  endfacet
  facet normal 0 -0.748926 -0.662654
    outer loop
      vertex -5.60025 -5.68769 0.161103
      vertex -6.20025 -5.63054 0.0965125
      vertex -5.60025 -5.63054 0.0965125
    endloop
  endfacet
  facet normal 0 -0.764796 -0.644272
    outer loop
      vertex -6.20025 -5.68769 0.161103
      vertex -5.60025 -5.74322 0.227021
      vertex -6.20025 -5.74322 0.227021
    endloop
  endfacet
  facet normal 0 -0.764796 -0.644272
    outer loop
      vertex -5.60025 -5.74322 0.227021
      vertex -6.20025 -5.68769 0.161103
      vertex -5.60025 -5.68769 0.161103
    endloop
  endfacet
  facet normal 0 -0.780382 -0.625304
    outer loop
      vertex -6.20025 -5.74322 0.227021
      vertex -5.60025 -5.79709 0.294251
      vertex -6.20025 -5.79709 0.294251
    endloop
  endfacet
  facet normal 0 -0.780382 -0.625304
    outer loop
      vertex -5.60025 -5.79709 0.294251
      vertex -6.20025 -5.74322 0.227021
      vertex -5.60025 -5.74322 0.227021
    endloop
  endfacet
  facet normal 0 -0.795275 -0.606248
    outer loop
      vertex -6.20025 -5.79709 0.294251
      vertex -5.60025 -5.8493 0.36274
      vertex -6.20025 -5.8493 0.36274
    endloop
  endfacet
  facet normal 0 -0.795275 -0.606248
    outer loop
      vertex -5.60025 -5.8493 0.36274
      vertex -6.20025 -5.79709 0.294251
      vertex -5.60025 -5.79709 0.294251
    endloop
  endfacet
  facet normal 0 -0.809867 -0.586614
    outer loop
      vertex -6.20025 -5.8493 0.36274
      vertex -5.60025 -5.89981 0.432473
      vertex -6.20025 -5.89981 0.432473
    endloop
  endfacet
  facet normal 0 -0.809867 -0.586614
    outer loop
      vertex -5.60025 -5.89981 0.432473
      vertex -6.20025 -5.8493 0.36274
      vertex -5.60025 -5.8493 0.36274
    endloop
  endfacet
  facet normal 0 -0.823933 -0.566688
    outer loop
      vertex -6.20025 -5.89981 0.432473
      vertex -5.60025 -5.9486 0.503411
      vertex -6.20025 -5.9486 0.503411
    endloop
  endfacet
  facet normal 0 -0.823933 -0.566688
    outer loop
      vertex -5.60025 -5.9486 0.503411
      vertex -6.20025 -5.89981 0.432473
      vertex -5.60025 -5.89981 0.432473
    endloop
  endfacet
  facet normal 0 -0.837531 -0.54639
    outer loop
      vertex -6.20025 -5.9486 0.503411
      vertex -5.60025 -5.99564 0.575516
      vertex -6.20025 -5.99564 0.575516
    endloop
  endfacet
  facet normal 0 -0.837531 -0.54639
    outer loop
      vertex -5.60025 -5.99564 0.575516
      vertex -6.20025 -5.9486 0.503411
      vertex -5.60025 -5.9486 0.503411
    endloop
  endfacet
  facet normal 0 -0.850656 -0.525723
    outer loop
      vertex -6.20025 -5.99564 0.575516
      vertex -5.60025 -6.04091 0.648766
      vertex -6.20025 -6.04091 0.648766
    endloop
  endfacet
  facet normal 0 -0.850656 -0.525723
    outer loop
      vertex -5.60025 -6.04091 0.648766
      vertex -6.20025 -5.99564 0.575516
      vertex -5.60025 -5.99564 0.575516
    endloop
  endfacet
  facet normal 0 -0.863295 -0.5047
    outer loop
      vertex -6.20025 -6.04091 0.648766
      vertex -5.60025 -6.08438 0.723122
      vertex -6.20025 -6.08438 0.723122
    endloop
  endfacet
  facet normal 0 -0.863295 -0.5047
    outer loop
      vertex -5.60025 -6.08438 0.723122
      vertex -6.20025 -6.04091 0.648766
      vertex -5.60025 -6.04091 0.648766
    endloop
  endfacet
  facet normal 0 -0.875348 -0.483493
    outer loop
      vertex -6.20025 -6.08438 0.723122
      vertex -5.60025 -6.12604 0.798546
      vertex -6.20025 -6.12604 0.798546
    endloop
  endfacet
  facet normal 0 -0.875348 -0.483493
    outer loop
      vertex -5.60025 -6.12604 0.798546
      vertex -6.20025 -6.08438 0.723122
      vertex -5.60025 -6.08438 0.723122
    endloop
  endfacet
  facet normal 0 -0.887028 -0.461716
    outer loop
      vertex -6.20025 -6.12604 0.798546
      vertex -5.60025 -6.16584 0.875008
      vertex -6.20025 -6.16584 0.875008
    endloop
  endfacet
  facet normal 0 -0.887028 -0.461716
    outer loop
      vertex -5.60025 -6.16584 0.875008
      vertex -6.20025 -6.12604 0.798546
      vertex -5.60025 -6.12604 0.798546
    endloop
  endfacet
  facet normal 0 -0.898115 -0.439761
    outer loop
      vertex -6.20025 -6.16584 0.875008
      vertex -5.60025 -6.20378 0.952492
      vertex -6.20025 -6.20378 0.952492
    endloop
  endfacet
  facet normal 0 -0.898115 -0.439761
    outer loop
      vertex -5.60025 -6.20378 0.952492
      vertex -6.20025 -6.16584 0.875008
      vertex -5.60025 -6.16584 0.875008
    endloop
  endfacet
  facet normal 0 -0.908713 -0.417421
    outer loop
      vertex -6.20025 -6.20378 0.952492
      vertex -5.60025 -6.23982 1.03095
      vertex -6.20025 -6.23982 1.03095
    endloop
  endfacet
  facet normal 0 -0.908713 -0.417421
    outer loop
      vertex -5.60025 -6.23982 1.03095
      vertex -6.20025 -6.20378 0.952492
      vertex -5.60025 -6.20378 0.952492
    endloop
  endfacet
  facet normal 0 -0.918744 -0.394855
    outer loop
      vertex -6.20025 -6.23982 1.03095
      vertex -5.60025 -6.27394 1.11034
      vertex -6.20025 -6.27394 1.11034
    endloop
  endfacet
  facet normal 0 -0.918744 -0.394855
    outer loop
      vertex -5.60025 -6.27394 1.11034
      vertex -6.20025 -6.23982 1.03095
      vertex -5.60025 -6.23982 1.03095
    endloop
  endfacet
  facet normal 0 -0.928197 -0.372089
    outer loop
      vertex -6.20025 -6.27394 1.11034
      vertex -5.60025 -6.30607 1.19049
      vertex -6.20025 -6.30607 1.19049
    endloop
  endfacet
  facet normal 0 -0.928197 -0.372089
    outer loop
      vertex -5.60025 -6.30607 1.19049
      vertex -6.20025 -6.27394 1.11034
      vertex -5.60025 -6.27394 1.11034
    endloop
  endfacet
  facet normal 0 -0.937175 -0.348859
    outer loop
      vertex -6.20025 -6.30607 1.19049
      vertex -5.60025 -6.33614 1.27127
      vertex -6.20025 -6.33614 1.27127
    endloop
  endfacet
  facet normal 0 -0.937175 -0.348859
    outer loop
      vertex -5.60025 -6.33614 1.27127
      vertex -6.20025 -6.30607 1.19049
      vertex -5.60025 -6.30607 1.19049
    endloop
  endfacet
  facet normal 0 -0.945488 -0.325658
    outer loop
      vertex -6.20025 -6.33614 1.27127
      vertex -5.60025 -6.36417 1.35265
      vertex -6.20025 -6.36417 1.35265
    endloop
  endfacet
  facet normal 0 -0.945488 -0.325658
    outer loop
      vertex -5.60025 -6.36417 1.35265
      vertex -6.20025 -6.33614 1.27127
      vertex -5.60025 -6.33614 1.27127
    endloop
  endfacet
  facet normal 0 -0.953245 -0.3022
    outer loop
      vertex -6.20025 -6.36417 1.35265
      vertex -5.60025 -6.39015 1.4346
      vertex -6.20025 -6.39015 1.4346
    endloop
  endfacet
  facet normal 0 -0.953245 -0.3022
    outer loop
      vertex -5.60025 -6.39015 1.4346
      vertex -6.20025 -6.36417 1.35265
      vertex -5.60025 -6.36417 1.35265
    endloop
  endfacet
  facet normal 0 -0.960405 -0.278609
    outer loop
      vertex -6.20025 -6.39015 1.4346
      vertex -5.60025 -6.41408 1.51709
      vertex -6.20025 -6.41408 1.51709
    endloop
  endfacet
  facet normal 0 -0.960405 -0.278609
    outer loop
      vertex -5.60025 -6.41408 1.51709
      vertex -6.20025 -6.39015 1.4346
      vertex -5.60025 -6.39015 1.4346
    endloop
  endfacet
  facet normal 0 -0.967031 -0.25466
    outer loop
      vertex -6.20025 -6.41408 1.51709
      vertex -5.60025 -6.43594 1.6001
      vertex -6.20025 -6.43594 1.6001
    endloop
  endfacet
  facet normal 0 -0.967031 -0.25466
    outer loop
      vertex -5.60025 -6.43594 1.6001
      vertex -6.20025 -6.41408 1.51709
      vertex -5.60025 -6.41408 1.51709
    endloop
  endfacet
  facet normal 0 -0.973012 -0.230754
    outer loop
      vertex -6.20025 -6.43594 1.6001
      vertex -5.60025 -6.45574 1.68359
      vertex -6.20025 -6.45574 1.68359
    endloop
  endfacet
  facet normal 0 -0.973012 -0.230754
    outer loop
      vertex -5.60025 -6.45574 1.68359
      vertex -6.20025 -6.43594 1.6001
      vertex -5.60025 -6.43594 1.6001
    endloop
  endfacet
  facet normal 0 -0.978412 -0.206662
    outer loop
      vertex -6.20025 -6.45574 1.68359
      vertex -5.60025 -6.47347 1.76753
      vertex -6.20025 -6.47347 1.76753
    endloop
  endfacet
  facet normal 0 -0.978412 -0.206662
    outer loop
      vertex -5.60025 -6.47347 1.76753
      vertex -6.20025 -6.45574 1.68359
      vertex -5.60025 -6.45574 1.68359
    endloop
  endfacet
  facet normal 0 -0.983211 -0.182473
    outer loop
      vertex -6.20025 -6.47347 1.76753
      vertex -5.60025 -6.48913 1.85191
      vertex -6.20025 -6.48913 1.85191
    endloop
  endfacet
  facet normal 0 -0.983211 -0.182473
    outer loop
      vertex -5.60025 -6.48913 1.85191
      vertex -6.20025 -6.47347 1.76753
      vertex -5.60025 -6.47347 1.76753
    endloop
  endfacet
  facet normal 0 -0.987389 -0.158313
    outer loop
      vertex -6.20025 -6.48913 1.85191
      vertex -5.60025 -6.50272 1.93667
      vertex -6.20025 -6.50272 1.93667
    endloop
  endfacet
  facet normal 0 -0.987389 -0.158313
    outer loop
      vertex -5.60025 -6.50272 1.93667
      vertex -6.20025 -6.48913 1.85191
      vertex -5.60025 -6.48913 1.85191
    endloop
  endfacet
  facet normal 0 -0.990983 -0.133986
    outer loop
      vertex -6.20025 -6.50272 1.93667
      vertex -5.60025 -6.51423 2.0218
      vertex -6.20025 -6.51423 2.0218
    endloop
  endfacet
  facet normal 0 -0.990983 -0.133986
    outer loop
      vertex -5.60025 -6.51423 2.0218
      vertex -6.20025 -6.50272 1.93667
      vertex -5.60025 -6.50272 1.93667
    endloop
  endfacet
  facet normal 0 -0.993981 -0.109551
    outer loop
      vertex -6.20025 -6.51423 2.0218
      vertex -5.60025 -6.52365 2.10727
      vertex -6.20025 -6.52365 2.10727
    endloop
  endfacet
  facet normal 0 -0.993981 -0.109551
    outer loop
      vertex -5.60025 -6.52365 2.10727
      vertex -6.20025 -6.51423 2.0218
      vertex -5.60025 -6.51423 2.0218
    endloop
  endfacet
  facet normal 0 -0.996359 -0.0852562
    outer loop
      vertex -6.20025 -6.52365 2.10727
      vertex -5.60025 -6.53099 2.19305
      vertex -6.20025 -6.53099 2.19305
    endloop
  endfacet
  facet normal 0 -0.996359 -0.0852562
    outer loop
      vertex -5.60025 -6.53099 2.19305
      vertex -6.20025 -6.52365 2.10727
      vertex -5.60025 -6.52365 2.10727
    endloop
  endfacet
  facet normal 0 -0.998151 -0.0607822
    outer loop
      vertex -6.20025 -6.53099 2.19305
      vertex -5.60025 -6.53623 2.2791
      vertex -6.20025 -6.53623 2.2791
    endloop
  endfacet
  facet normal 0 -0.998151 -0.0607822
    outer loop
      vertex -5.60025 -6.53623 2.2791
      vertex -6.20025 -6.53099 2.19305
      vertex -5.60025 -6.53099 2.19305
    endloop
  endfacet
  facet normal 0 -0.999335 -0.0364763
    outer loop
      vertex -6.20025 -6.53623 2.2791
      vertex -5.60025 -6.53938 2.3654
      vertex -6.20025 -6.53938 2.3654
    endloop
  endfacet
  facet normal 0 -0.999335 -0.0364763
    outer loop
      vertex -5.60025 -6.53938 2.3654
      vertex -6.20025 -6.53623 2.2791
      vertex -5.60025 -6.53623 2.2791
    endloop
  endfacet
  facet normal 0 -0.999926 -0.0121322
    outer loop
      vertex -6.20025 -6.53938 2.3654
      vertex -5.60025 -6.54043 2.45194
      vertex -6.20025 -6.54043 2.45194
    endloop
  endfacet
  facet normal 0 -0.999926 -0.0121322
    outer loop
      vertex -5.60025 -6.54043 2.45194
      vertex -6.20025 -6.53938 2.3654
      vertex -5.60025 -6.53938 2.3654
    endloop
  endfacet
  facet normal 0 -0.580829 -0.814025
    outer loop
      vertex -6.20025 -2.95159 -1.0555
      vertex -5.60025 0.21171 -3.3126
      vertex -5.60025 -2.95159 -1.0555
    endloop
  endfacet
  facet normal -0 -0.580829 -0.814025
    outer loop
      vertex -5.60025 0.21171 -3.3126
      vertex -6.20025 -2.95159 -1.0555
      vertex -6.20025 0.21171 -3.3126
    endloop
  endfacet
  facet normal 0 -0.999921 0.0125873
    outer loop
      vertex -6.20025 0.208554 -3.43713
      vertex -5.60025 0.209338 -3.37485
      vertex -6.20025 0.209338 -3.37485
    endloop
  endfacet
  facet normal 0 -0.999921 0.0125873
    outer loop
      vertex -5.60025 0.209338 -3.37485
      vertex -6.20025 0.208554 -3.43713
      vertex -5.60025 0.208554 -3.43713
    endloop
  endfacet
  facet normal 0 -0.999275 0.0380768
    outer loop
      vertex -6.20025 0.209338 -3.37485
      vertex -5.60025 0.21171 -3.3126
      vertex -6.20025 0.21171 -3.3126
    endloop
  endfacet
  facet normal 0 -0.999275 0.0380768
    outer loop
      vertex -5.60025 0.21171 -3.3126
      vertex -6.20025 0.209338 -3.37485
      vertex -5.60025 0.209338 -3.37485
    endloop
  endfacet
  facet normal 0 -0.0121623 -0.999926
    outer loop
      vertex -6.20025 2.77765 -6.07039
      vertex -5.60025 2.8426 -6.07118
      vertex -5.60025 2.77765 -6.07039
    endloop
  endfacet
  facet normal -0 -0.0121623 -0.999926
    outer loop
      vertex -5.60025 2.8426 -6.07118
      vertex -6.20025 2.77765 -6.07039
      vertex -6.20025 2.8426 -6.07118
    endloop
  endfacet
  facet normal 0 -0.0364068 -0.999337
    outer loop
      vertex -6.20025 2.71287 -6.06803
      vertex -5.60025 2.77765 -6.07039
      vertex -5.60025 2.71287 -6.06803
    endloop
  endfacet
  facet normal -0 -0.0364068 -0.999337
    outer loop
      vertex -5.60025 2.77765 -6.07039
      vertex -6.20025 2.71287 -6.06803
      vertex -6.20025 2.77765 -6.07039
    endloop
  endfacet
  facet normal 0 -0.060887 -0.998145
    outer loop
      vertex -6.20025 2.64828 -6.06409
      vertex -5.60025 2.71287 -6.06803
      vertex -5.60025 2.64828 -6.06409
    endloop
  endfacet
  facet normal -0 -0.060887 -0.998145
    outer loop
      vertex -5.60025 2.71287 -6.06803
      vertex -6.20025 2.64828 -6.06409
      vertex -6.20025 2.71287 -6.06803
    endloop
  endfacet
  facet normal 0 -0.0851071 -0.996372
    outer loop
      vertex -6.20025 2.58389 -6.05859
      vertex -5.60025 2.64828 -6.06409
      vertex -5.60025 2.58389 -6.05859
    endloop
  endfacet
  facet normal -0 -0.0851071 -0.996372
    outer loop
      vertex -5.60025 2.64828 -6.06409
      vertex -6.20025 2.58389 -6.05859
      vertex -6.20025 2.64828 -6.06409
    endloop
  endfacet
  facet normal 0 -0.1097 -0.993965
    outer loop
      vertex -6.20025 2.51974 -6.05151
      vertex -5.60025 2.58389 -6.05859
      vertex -5.60025 2.51974 -6.05151
    endloop
  endfacet
  facet normal -0 -0.1097 -0.993965
    outer loop
      vertex -5.60025 2.58389 -6.05859
      vertex -6.20025 2.51974 -6.05151
      vertex -6.20025 2.58389 -6.05859
    endloop
  endfacet
  facet normal 0 -0.13384 -0.991003
    outer loop
      vertex -6.20025 2.45584 -6.04288
      vertex -5.60025 2.51974 -6.05151
      vertex -5.60025 2.45584 -6.04288
    endloop
  endfacet
  facet normal -0 -0.13384 -0.991003
    outer loop
      vertex -5.60025 2.51974 -6.05151
      vertex -6.20025 2.45584 -6.04288
      vertex -6.20025 2.51974 -6.05151
    endloop
  endfacet
  facet normal 0 -0.158305 -0.98739
    outer loop
      vertex -6.20025 2.39222 -6.03268
      vertex -5.60025 2.45584 -6.04288
      vertex -5.60025 2.39222 -6.03268
    endloop
  endfacet
  facet normal -0 -0.158305 -0.98739
    outer loop
      vertex -5.60025 2.45584 -6.04288
      vertex -6.20025 2.39222 -6.03268
      vertex -6.20025 2.45584 -6.04288
    endloop
  endfacet
  facet normal 0 -0.182423 -0.98322
    outer loop
      vertex -6.20025 2.32889 -6.02093
      vertex -5.60025 2.39222 -6.03268
      vertex -5.60025 2.32889 -6.02093
    endloop
  endfacet
  facet normal -0 -0.182423 -0.98322
    outer loop
      vertex -5.60025 2.39222 -6.03268
      vertex -6.20025 2.32889 -6.02093
      vertex -6.20025 2.39222 -6.03268
    endloop
  endfacet
  facet normal 0 -0.206824 -0.978378
    outer loop
      vertex -6.20025 2.26588 -6.00761
      vertex -5.60025 2.32889 -6.02093
      vertex -5.60025 2.26588 -6.00761
    endloop
  endfacet
  facet normal -0 -0.206824 -0.978378
    outer loop
      vertex -5.60025 2.32889 -6.02093
      vertex -6.20025 2.26588 -6.00761
      vertex -6.20025 2.32889 -6.02093
    endloop
  endfacet
  facet normal 0 -0.230606 -0.973047
    outer loop
      vertex -6.20025 2.20322 -5.99276
      vertex -5.60025 2.26588 -6.00761
      vertex -5.60025 2.20322 -5.99276
    endloop
  endfacet
  facet normal -0 -0.230606 -0.973047
    outer loop
      vertex -5.60025 2.26588 -6.00761
      vertex -6.20025 2.20322 -5.99276
      vertex -6.20025 2.26588 -6.00761
    endloop
  endfacet
  facet normal 0 -0.254715 -0.967016
    outer loop
      vertex -6.20025 2.14092 -5.97635
      vertex -5.60025 2.20322 -5.99276
      vertex -5.60025 2.14092 -5.97635
    endloop
  endfacet
  facet normal -0 -0.254715 -0.967016
    outer loop
      vertex -5.60025 2.20322 -5.99276
      vertex -6.20025 2.14092 -5.97635
      vertex -6.20025 2.20322 -5.99276
    endloop
  endfacet
  facet normal 0 -0.278427 -0.960457
    outer loop
      vertex -6.20025 2.079 -5.9584
      vertex -5.60025 2.14092 -5.97635
      vertex -5.60025 2.079 -5.9584
    endloop
  endfacet
  facet normal -0 -0.278427 -0.960457
    outer loop
      vertex -5.60025 2.14092 -5.97635
      vertex -6.20025 2.079 -5.9584
      vertex -6.20025 2.14092 -5.97635
    endloop
  endfacet
  facet normal 0 -0.302244 -0.953231
    outer loop
      vertex -6.20025 2.0175 -5.9389
      vertex -5.60025 2.079 -5.9584
      vertex -5.60025 2.0175 -5.9389
    endloop
  endfacet
  facet normal -0 -0.302244 -0.953231
    outer loop
      vertex -5.60025 2.079 -5.9584
      vertex -6.20025 2.0175 -5.9389
      vertex -6.20025 2.079 -5.9584
    endloop
  endfacet
  facet normal 0 -0.325685 -0.945478
    outer loop
      vertex -6.20025 1.95642 -5.91786
      vertex -5.60025 2.0175 -5.9389
      vertex -5.60025 1.95642 -5.91786
    endloop
  endfacet
  facet normal -0 -0.325685 -0.945478
    outer loop
      vertex -5.60025 2.0175 -5.9389
      vertex -6.20025 1.95642 -5.91786
      vertex -6.20025 2.0175 -5.9389
    endloop
  endfacet
  facet normal 0 -0.348869 -0.937171
    outer loop
      vertex -6.20025 1.89579 -5.89529
      vertex -5.60025 1.95642 -5.91786
      vertex -5.60025 1.89579 -5.89529
    endloop
  endfacet
  facet normal -0 -0.348869 -0.937171
    outer loop
      vertex -5.60025 1.95642 -5.91786
      vertex -6.20025 1.89579 -5.89529
      vertex -6.20025 1.95642 -5.91786
    endloop
  endfacet
  facet normal 0 -0.372002 -0.928232
    outer loop
      vertex -6.20025 1.83563 -5.87118
      vertex -5.60025 1.89579 -5.89529
      vertex -5.60025 1.83563 -5.87118
    endloop
  endfacet
  facet normal -0 -0.372002 -0.928232
    outer loop
      vertex -5.60025 1.89579 -5.89529
      vertex -6.20025 1.83563 -5.87118
      vertex -6.20025 1.89579 -5.89529
    endloop
  endfacet
  facet normal 0 -0.394849 -0.918746
    outer loop
      vertex -6.20025 1.77604 -5.84557
      vertex -5.60025 1.83563 -5.87118
      vertex -5.60025 1.77604 -5.84557
    endloop
  endfacet
  facet normal -0 -0.394849 -0.918746
    outer loop
      vertex -5.60025 1.83563 -5.87118
      vertex -6.20025 1.77604 -5.84557
      vertex -6.20025 1.83563 -5.87118
    endloop
  endfacet
  facet normal 0 -0.417531 -0.908663
    outer loop
      vertex -6.20025 1.71715 -5.81851
      vertex -5.60025 1.77604 -5.84557
      vertex -5.60025 1.71715 -5.81851
    endloop
  endfacet
  facet normal -0 -0.417531 -0.908663
    outer loop
      vertex -5.60025 1.77604 -5.84557
      vertex -6.20025 1.71715 -5.81851
      vertex -6.20025 1.77604 -5.84557
    endloop
  endfacet
  facet normal 0 -0.439662 -0.898164
    outer loop
      vertex -6.20025 1.65899 -5.79004
      vertex -5.60025 1.71715 -5.81851
      vertex -5.60025 1.65899 -5.79004
    endloop
  endfacet
  facet normal -0 -0.439662 -0.898164
    outer loop
      vertex -5.60025 1.71715 -5.81851
      vertex -6.20025 1.65899 -5.79004
      vertex -6.20025 1.71715 -5.81851
    endloop
  endfacet
  facet normal 0 -0.461742 -0.887014
    outer loop
      vertex -6.20025 1.60159 -5.76016
      vertex -5.60025 1.65899 -5.79004
      vertex -5.60025 1.60159 -5.76016
    endloop
  endfacet
  facet normal -0 -0.461742 -0.887014
    outer loop
      vertex -5.60025 1.65899 -5.79004
      vertex -6.20025 1.60159 -5.76016
      vertex -6.20025 1.65899 -5.79004
    endloop
  endfacet
  facet normal 0 -0.483396 -0.875402
    outer loop
      vertex -6.20025 1.54498 -5.7289
      vertex -5.60025 1.60159 -5.76016
      vertex -5.60025 1.54498 -5.7289
    endloop
  endfacet
  facet normal -0 -0.483396 -0.875402
    outer loop
      vertex -5.60025 1.60159 -5.76016
      vertex -6.20025 1.54498 -5.7289
      vertex -6.20025 1.60159 -5.76016
    endloop
  endfacet
  facet normal 0 -0.504727 -0.863279
    outer loop
      vertex -6.20025 1.48917 -5.69627
      vertex -5.60025 1.54498 -5.7289
      vertex -5.60025 1.48917 -5.69627
    endloop
  endfacet
  facet normal -0 -0.504727 -0.863279
    outer loop
      vertex -5.60025 1.54498 -5.7289
      vertex -6.20025 1.48917 -5.69627
      vertex -6.20025 1.54498 -5.7289
    endloop
  endfacet
  facet normal 0 -0.525918 -0.850535
    outer loop
      vertex -6.20025 1.4342 -5.66228
      vertex -5.60025 1.48917 -5.69627
      vertex -5.60025 1.4342 -5.66228
    endloop
  endfacet
  facet normal -0 -0.525918 -0.850535
    outer loop
      vertex -5.60025 1.48917 -5.69627
      vertex -6.20025 1.4342 -5.66228
      vertex -6.20025 1.48917 -5.69627
    endloop
  endfacet
  facet normal 0 -0.546315 -0.83758
    outer loop
      vertex -6.20025 1.38008 -5.62698
      vertex -5.60025 1.4342 -5.66228
      vertex -5.60025 1.38008 -5.62698
    endloop
  endfacet
  facet normal -0 -0.546315 -0.83758
    outer loop
      vertex -5.60025 1.4342 -5.66228
      vertex -6.20025 1.38008 -5.62698
      vertex -6.20025 1.4342 -5.66228
    endloop
  endfacet
  facet normal 0 -0.566713 -0.823915
    outer loop
      vertex -6.20025 1.32684 -5.59036
      vertex -5.60025 1.38008 -5.62698
      vertex -5.60025 1.32684 -5.59036
    endloop
  endfacet
  facet normal -0 -0.566713 -0.823915
    outer loop
      vertex -5.60025 1.38008 -5.62698
      vertex -6.20025 1.32684 -5.59036
      vertex -6.20025 1.38008 -5.62698
    endloop
  endfacet
  facet normal 0 -0.586671 -0.809825
    outer loop
      vertex -6.20025 1.27451 -5.55245
      vertex -5.60025 1.32684 -5.59036
      vertex -5.60025 1.27451 -5.55245
    endloop
  endfacet
  facet normal -0 -0.586671 -0.809825
    outer loop
      vertex -5.60025 1.32684 -5.59036
      vertex -6.20025 1.27451 -5.55245
      vertex -6.20025 1.32684 -5.59036
    endloop
  endfacet
  facet normal 0 -0.606146 -0.795354
    outer loop
      vertex -6.20025 1.2231 -5.51327
      vertex -5.60025 1.27451 -5.55245
      vertex -5.60025 1.2231 -5.51327
    endloop
  endfacet
  facet normal -0 -0.606146 -0.795354
    outer loop
      vertex -5.60025 1.27451 -5.55245
      vertex -6.20025 1.2231 -5.51327
      vertex -6.20025 1.27451 -5.55245
    endloop
  endfacet
  facet normal 0 -0.625525 -0.780204
    outer loop
      vertex -6.20025 1.17266 -5.47283
      vertex -5.60025 1.2231 -5.51327
      vertex -5.60025 1.17266 -5.47283
    endloop
  endfacet
  facet normal -0 -0.625525 -0.780204
    outer loop
      vertex -5.60025 1.2231 -5.51327
      vertex -6.20025 1.17266 -5.47283
      vertex -6.20025 1.2231 -5.51327
    endloop
  endfacet
  facet normal 0 -0.644236 -0.764827
    outer loop
      vertex -6.20025 1.12319 -5.43116
      vertex -5.60025 1.17266 -5.47283
      vertex -5.60025 1.12319 -5.43116
    endloop
  endfacet
  facet normal -0 -0.644236 -0.764827
    outer loop
      vertex -5.60025 1.17266 -5.47283
      vertex -6.20025 1.12319 -5.43116
      vertex -6.20025 1.17266 -5.47283
    endloop
  endfacet
  facet normal 0 -0.662684 -0.748899
    outer loop
      vertex -6.20025 1.07472 -5.38827
      vertex -5.60025 1.12319 -5.43116
      vertex -5.60025 1.07472 -5.38827
    endloop
  endfacet
  facet normal -0 -0.662684 -0.748899
    outer loop
      vertex -5.60025 1.12319 -5.43116
      vertex -6.20025 1.07472 -5.38827
      vertex -6.20025 1.12319 -5.43116
    endloop
  endfacet
  facet normal 0 -0.680771 -0.732496
    outer loop
      vertex -6.20025 1.02728 -5.34418
      vertex -5.60025 1.07472 -5.38827
      vertex -5.60025 1.02728 -5.34418
    endloop
  endfacet
  facet normal -0 -0.680771 -0.732496
    outer loop
      vertex -5.60025 1.07472 -5.38827
      vertex -6.20025 1.02728 -5.34418
      vertex -6.20025 1.07472 -5.38827
    endloop
  endfacet
  facet normal 0 -0.698389 -0.715718
    outer loop
      vertex -6.20025 0.980897 -5.29892
      vertex -5.60025 1.02728 -5.34418
      vertex -5.60025 0.980897 -5.29892
    endloop
  endfacet
  facet normal -0 -0.698389 -0.715718
    outer loop
      vertex -5.60025 1.02728 -5.34418
      vertex -6.20025 0.980897 -5.29892
      vertex -6.20025 1.02728 -5.34418
    endloop
  endfacet
  facet normal 0 -0.715699 -0.698408
    outer loop
      vertex -6.20025 0.980897 -5.29892
      vertex -5.60025 0.935618 -5.25252
      vertex -6.20025 0.935618 -5.25252
    endloop
  endfacet
  facet normal 0 -0.715699 -0.698408
    outer loop
      vertex -5.60025 0.935618 -5.25252
      vertex -6.20025 0.980897 -5.29892
      vertex -5.60025 0.980897 -5.29892
    endloop
  endfacet
  facet normal 0 -0.732419 -0.680854
    outer loop
      vertex -6.20025 0.935618 -5.25252
      vertex -5.60025 0.891518 -5.20508
      vertex -6.20025 0.891518 -5.20508
    endloop
  endfacet
  facet normal 0 -0.732419 -0.680854
    outer loop
      vertex -5.60025 0.891518 -5.20508
      vertex -6.20025 0.935618 -5.25252
      vertex -5.60025 0.935618 -5.25252
    endloop
  endfacet
  facet normal 0 -0.748898 -0.662685
    outer loop
      vertex -6.20025 0.891518 -5.20508
      vertex -5.60025 0.848619 -5.1566
      vertex -6.20025 0.848619 -5.1566
    endloop
  endfacet
  facet normal 0 -0.748898 -0.662685
    outer loop
      vertex -5.60025 0.848619 -5.1566
      vertex -6.20025 0.891518 -5.20508
      vertex -5.60025 0.891518 -5.20508
    endloop
  endfacet
  facet normal 0 -0.764792 -0.644277
    outer loop
      vertex -6.20025 0.848619 -5.1566
      vertex -5.60025 0.806936 -5.10712
      vertex -6.20025 0.806936 -5.10712
    endloop
  endfacet
  facet normal 0 -0.764792 -0.644277
    outer loop
      vertex -5.60025 0.806936 -5.10712
      vertex -6.20025 0.848619 -5.1566
      vertex -5.60025 0.848619 -5.1566
    endloop
  endfacet
  facet normal 0 -0.780242 -0.625477
    outer loop
      vertex -6.20025 0.806936 -5.10712
      vertex -5.60025 0.766493 -5.05667
      vertex -6.20025 0.766493 -5.05667
    endloop
  endfacet
  facet normal 0 -0.780242 -0.625477
    outer loop
      vertex -5.60025 0.766493 -5.05667
      vertex -6.20025 0.806936 -5.10712
      vertex -5.60025 0.806936 -5.10712
    endloop
  endfacet
  facet normal 0 -0.795286 -0.606234
    outer loop
      vertex -6.20025 0.766493 -5.05667
      vertex -5.60025 0.727304 -5.00526
      vertex -6.20025 0.727304 -5.00526
    endloop
  endfacet
  facet normal 0 -0.795286 -0.606234
    outer loop
      vertex -5.60025 0.727304 -5.00526
      vertex -6.20025 0.766493 -5.05667
      vertex -5.60025 0.766493 -5.05667
    endloop
  endfacet
  facet normal 0 -0.809781 -0.586732
    outer loop
      vertex -6.20025 0.727304 -5.00526
      vertex -5.60025 0.689388 -4.95293
      vertex -6.20025 0.689388 -4.95293
    endloop
  endfacet
  facet normal 0 -0.809781 -0.586732
    outer loop
      vertex -5.60025 0.689388 -4.95293
      vertex -6.20025 0.727304 -5.00526
      vertex -5.60025 0.727304 -5.00526
    endloop
  endfacet
  facet normal 0 -0.823958 -0.566651
    outer loop
      vertex -6.20025 0.689388 -4.95293
      vertex -5.60025 0.652767 -4.89968
      vertex -6.20025 0.652767 -4.89968
    endloop
  endfacet
  facet normal 0 -0.823958 -0.566651
    outer loop
      vertex -5.60025 0.652767 -4.89968
      vertex -6.20025 0.689388 -4.95293
      vertex -5.60025 0.689388 -4.95293
    endloop
  endfacet
  facet normal 0 -0.837502 -0.546434
    outer loop
      vertex -6.20025 0.652767 -4.89968
      vertex -5.60025 0.617456 -4.84556
      vertex -6.20025 0.617456 -4.84556
    endloop
  endfacet
  facet normal 0 -0.837502 -0.546434
    outer loop
      vertex -5.60025 0.617456 -4.84556
      vertex -6.20025 0.652767 -4.89968
      vertex -5.60025 0.652767 -4.89968
    endloop
  endfacet
  facet normal 0 -0.850647 -0.525737
    outer loop
      vertex -6.20025 0.617456 -4.84556
      vertex -5.60025 0.583476 -4.79058
      vertex -6.20025 0.583476 -4.79058
    endloop
  endfacet
  facet normal 0 -0.850647 -0.525737
    outer loop
      vertex -5.60025 0.583476 -4.79058
      vertex -6.20025 0.617456 -4.84556
      vertex -5.60025 0.617456 -4.84556
    endloop
  endfacet
  facet normal 0 -0.863252 -0.504773
    outer loop
      vertex -6.20025 0.583476 -4.79058
      vertex -5.60025 0.550842 -4.73477
      vertex -6.20025 0.550842 -4.73477
    endloop
  endfacet
  facet normal 0 -0.863252 -0.504773
    outer loop
      vertex -5.60025 0.550842 -4.73477
      vertex -6.20025 0.583476 -4.79058
      vertex -5.60025 0.583476 -4.79058
    endloop
  endfacet
  facet normal 0 -0.875376 -0.483444
    outer loop
      vertex -6.20025 0.550842 -4.73477
      vertex -5.60025 0.519578 -4.67816
      vertex -6.20025 0.519578 -4.67816
    endloop
  endfacet
  facet normal 0 -0.875376 -0.483444
    outer loop
      vertex -5.60025 0.519578 -4.67816
      vertex -6.20025 0.550842 -4.73477
      vertex -5.60025 0.550842 -4.73477
    endloop
  endfacet
  facet normal 0 -0.886975 -0.461817
    outer loop
      vertex -6.20025 0.519578 -4.67816
      vertex -5.60025 0.489697 -4.62077
      vertex -6.20025 0.489697 -4.62077
    endloop
  endfacet
  facet normal 0 -0.886975 -0.461817
    outer loop
      vertex -5.60025 0.489697 -4.62077
      vertex -6.20025 0.519578 -4.67816
      vertex -5.60025 0.519578 -4.67816
    endloop
  endfacet
  facet normal 0 -0.898133 -0.439724
    outer loop
      vertex -6.20025 0.489697 -4.62077
      vertex -5.60025 0.461222 -4.56261
      vertex -6.20025 0.461222 -4.56261
    endloop
  endfacet
  facet normal 0 -0.898133 -0.439724
    outer loop
      vertex -5.60025 0.461222 -4.56261
      vertex -6.20025 0.489697 -4.62077
      vertex -5.60025 0.489697 -4.62077
    endloop
  endfacet
  facet normal 0 -0.908704 -0.417442
    outer loop
      vertex -6.20025 0.461222 -4.56261
      vertex -5.60025 0.434169 -4.50372
      vertex -6.20025 0.434169 -4.50372
    endloop
  endfacet
  facet normal 0 -0.908704 -0.417442
    outer loop
      vertex -5.60025 0.434169 -4.50372
      vertex -6.20025 0.461222 -4.56261
      vertex -5.60025 0.461222 -4.56261
    endloop
  endfacet
  facet normal 0 -0.91874 -0.394862
    outer loop
      vertex -6.20025 0.434169 -4.50372
      vertex -5.60025 0.408558 -4.44413
      vertex -6.20025 0.408558 -4.44413
    endloop
  endfacet
  facet normal 0 -0.91874 -0.394862
    outer loop
      vertex -5.60025 0.408558 -4.44413
      vertex -6.20025 0.434169 -4.50372
      vertex -5.60025 0.434169 -4.50372
    endloop
  endfacet
  facet normal 0 -0.928232 -0.372002
    outer loop
      vertex -6.20025 0.408558 -4.44413
      vertex -5.60025 0.384448 -4.38397
      vertex -6.20025 0.384448 -4.38397
    endloop
  endfacet
  facet normal 0 -0.928232 -0.372002
    outer loop
      vertex -5.60025 0.384448 -4.38397
      vertex -6.20025 0.408558 -4.44413
      vertex -5.60025 0.408558 -4.44413
    endloop
  endfacet
  facet normal 0 -0.937165 -0.348887
    outer loop
      vertex -6.20025 0.384448 -4.38397
      vertex -5.60025 0.361873 -4.32333
      vertex -6.20025 0.361873 -4.32333
    endloop
  endfacet
  facet normal 0 -0.937165 -0.348887
    outer loop
      vertex -5.60025 0.361873 -4.32333
      vertex -6.20025 0.384448 -4.38397
      vertex -5.60025 0.384448 -4.38397
    endloop
  endfacet
  facet normal 0 -0.945488 -0.325658
    outer loop
      vertex -6.20025 0.361873 -4.32333
      vertex -5.60025 0.340835 -4.26225
      vertex -6.20025 0.340835 -4.26225
    endloop
  endfacet
  facet normal 0 -0.945488 -0.325658
    outer loop
      vertex -5.60025 0.340835 -4.26225
      vertex -6.20025 0.361873 -4.32333
      vertex -5.60025 0.361873 -4.32333
    endloop
  endfacet
  facet normal 0 -0.953254 -0.302171
    outer loop
      vertex -6.20025 0.340835 -4.26225
      vertex -5.60025 0.321337 -4.20074
      vertex -6.20025 0.321337 -4.20074
    endloop
  endfacet
  facet normal 0 -0.953254 -0.302171
    outer loop
      vertex -5.60025 0.321337 -4.20074
      vertex -6.20025 0.340835 -4.26225
      vertex -5.60025 0.340835 -4.26225
    endloop
  endfacet
  facet normal 0 -0.960437 -0.278499
    outer loop
      vertex -6.20025 0.321337 -4.20074
      vertex -5.60025 0.303382 -4.13882
      vertex -6.20025 0.303382 -4.13882
    endloop
  endfacet
  facet normal 0 -0.960437 -0.278499
    outer loop
      vertex -5.60025 0.303382 -4.13882
      vertex -6.20025 0.321337 -4.20074
      vertex -5.60025 0.321337 -4.20074
    endloop
  endfacet
  facet normal 0 -0.96703 -0.254662
    outer loop
      vertex -6.20025 0.303382 -4.13882
      vertex -5.60025 0.286973 -4.07651
      vertex -6.20025 0.286973 -4.07651
    endloop
  endfacet
  facet normal 0 -0.96703 -0.254662
    outer loop
      vertex -5.60025 0.286973 -4.07651
      vertex -6.20025 0.303382 -4.13882
      vertex -5.60025 0.303382 -4.13882
    endloop
  endfacet
  facet normal 0 -0.973012 -0.230753
    outer loop
      vertex -6.20025 0.286973 -4.07651
      vertex -5.60025 0.272113 -4.01385
      vertex -6.20025 0.272113 -4.01385
    endloop
  endfacet
  facet normal 0 -0.973012 -0.230753
    outer loop
      vertex -5.60025 0.272113 -4.01385
      vertex -6.20025 0.286973 -4.07651
      vertex -5.60025 0.286973 -4.07651
    endloop
  endfacet
  facet normal 0 -0.978413 -0.206661
    outer loop
      vertex -6.20025 0.272113 -4.01385
      vertex -5.60025 0.258804 -3.95084
      vertex -6.20025 0.258804 -3.95084
    endloop
  endfacet
  facet normal 0 -0.978413 -0.206661
    outer loop
      vertex -5.60025 0.258804 -3.95084
      vertex -6.20025 0.272113 -4.01385
      vertex -5.60025 0.272113 -4.01385
    endloop
  endfacet
  facet normal 0 -0.983215 -0.182453
    outer loop
      vertex -6.20025 0.258804 -3.95084
      vertex -5.60025 0.247052 -3.88751
      vertex -6.20025 0.247052 -3.88751
    endloop
  endfacet
  facet normal 0 -0.983215 -0.182453
    outer loop
      vertex -5.60025 0.247052 -3.88751
      vertex -6.20025 0.258804 -3.95084
      vertex -5.60025 0.258804 -3.95084
    endloop
  endfacet
  facet normal 0 -0.9874 -0.158245
    outer loop
      vertex -6.20025 0.247052 -3.88751
      vertex -5.60025 0.236856 -3.82389
      vertex -6.20025 0.236856 -3.82389
    endloop
  endfacet
  facet normal 0 -0.9874 -0.158245
    outer loop
      vertex -5.60025 0.236856 -3.82389
      vertex -6.20025 0.247052 -3.88751
      vertex -5.60025 0.247052 -3.88751
    endloop
  endfacet
  facet normal 0 -0.990991 -0.133931
    outer loop
      vertex -6.20025 0.236856 -3.82389
      vertex -5.60025 0.22822 -3.75999
      vertex -6.20025 0.22822 -3.75999
    endloop
  endfacet
  facet normal 0 -0.990991 -0.133931
    outer loop
      vertex -5.60025 0.22822 -3.75999
      vertex -6.20025 0.236856 -3.82389
      vertex -5.60025 0.236856 -3.82389
    endloop
  endfacet
  facet normal 0 -0.99398 -0.109562
    outer loop
      vertex -6.20025 0.22822 -3.75999
      vertex -5.60025 0.221149 -3.69584
      vertex -6.20025 0.221149 -3.69584
    endloop
  endfacet
  facet normal 0 -0.99398 -0.109562
    outer loop
      vertex -5.60025 0.221149 -3.69584
      vertex -6.20025 0.22822 -3.75999
      vertex -5.60025 0.22822 -3.75999
    endloop
  endfacet
  facet normal 0 -0.996364 -0.0851993
    outer loop
      vertex -6.20025 0.221149 -3.69584
      vertex -5.60025 0.215643 -3.63145
      vertex -6.20025 0.215643 -3.63145
    endloop
  endfacet
  facet normal 0 -0.996364 -0.0851993
    outer loop
      vertex -5.60025 0.215643 -3.63145
      vertex -6.20025 0.221149 -3.69584
      vertex -5.60025 0.221149 -3.69584
    endloop
  endfacet
  facet normal 0 -0.998148 -0.0608254
    outer loop
      vertex -6.20025 0.215643 -3.63145
      vertex -5.60025 0.211707 -3.56686
      vertex -6.20025 0.211707 -3.56686
    endloop
  endfacet
  facet normal 0 -0.998148 -0.0608254
    outer loop
      vertex -5.60025 0.211707 -3.56686
      vertex -6.20025 0.215643 -3.63145
      vertex -5.60025 0.215643 -3.63145
    endloop
  endfacet
  facet normal 0 -0.999336 -0.0364474
    outer loop
      vertex -6.20025 0.211707 -3.56686
      vertex -5.60025 0.209344 -3.50207
      vertex -6.20025 0.209344 -3.50207
    endloop
  endfacet
  facet normal 0 -0.999336 -0.0364474
    outer loop
      vertex -5.60025 0.209344 -3.50207
      vertex -6.20025 0.211707 -3.56686
      vertex -5.60025 0.211707 -3.56686
    endloop
  endfacet
  facet normal 0 -0.999926 -0.0121642
    outer loop
      vertex -6.20025 0.209344 -3.50207
      vertex -5.60025 0.208554 -3.43713
      vertex -6.20025 0.208554 -3.43713
    endloop
  endfacet
  facet normal 0 -0.999926 -0.0121642
    outer loop
      vertex -5.60025 0.208554 -3.43713
      vertex -6.20025 0.209344 -3.50207
      vertex -5.60025 0.209344 -3.50207
    endloop
  endfacet
  facet normal 0 0.978319 -0.207105
    outer loop
      vertex -5.60025 5.41339 -4.01148
      vertex -6.20025 5.42512 -3.95607
      vertex -5.60025 5.42512 -3.95607
    endloop
  endfacet
  facet normal 0 0.978319 -0.207105
    outer loop
      vertex -6.20025 5.42512 -3.95607
      vertex -5.60025 5.41339 -4.01148
      vertex -6.20025 5.41339 -4.01148
    endloop
  endfacet
  facet normal 0 0.973584 -0.22833
    outer loop
      vertex -5.60025 5.40047 -4.06657
      vertex -6.20025 5.41339 -4.01148
      vertex -5.60025 5.41339 -4.01148
    endloop
  endfacet
  facet normal 0 0.973584 -0.22833
    outer loop
      vertex -6.20025 5.41339 -4.01148
      vertex -5.60025 5.40047 -4.06657
      vertex -6.20025 5.40047 -4.06657
    endloop
  endfacet
  facet normal 0 0.968466 -0.249145
    outer loop
      vertex -5.60025 5.38638 -4.12134
      vertex -6.20025 5.40047 -4.06657
      vertex -5.60025 5.40047 -4.06657
    endloop
  endfacet
  facet normal 0 0.968466 -0.249145
    outer loop
      vertex -6.20025 5.40047 -4.06657
      vertex -5.60025 5.38638 -4.12134
      vertex -6.20025 5.38638 -4.12134
    endloop
  endfacet
  facet normal 0 0.962789 -0.270254
    outer loop
      vertex -5.60025 5.37111 -4.17574
      vertex -6.20025 5.38638 -4.12134
      vertex -5.60025 5.38638 -4.12134
    endloop
  endfacet
  facet normal 0 0.962789 -0.270254
    outer loop
      vertex -6.20025 5.38638 -4.12134
      vertex -5.60025 5.37111 -4.17574
      vertex -6.20025 5.37111 -4.17574
    endloop
  endfacet
  facet normal 0 0.956708 -0.291049
    outer loop
      vertex -5.60025 5.35467 -4.22978
      vertex -6.20025 5.37111 -4.17574
      vertex -5.60025 5.37111 -4.17574
    endloop
  endfacet
  facet normal 0 0.956708 -0.291049
    outer loop
      vertex -6.20025 5.37111 -4.17574
      vertex -5.60025 5.35467 -4.22978
      vertex -6.20025 5.35467 -4.22978
    endloop
  endfacet
  facet normal 0 0.95023 -0.311548
    outer loop
      vertex -5.60025 5.33708 -4.28343
      vertex -6.20025 5.35467 -4.22978
      vertex -5.60025 5.35467 -4.22978
    endloop
  endfacet
  facet normal 0 0.95023 -0.311548
    outer loop
      vertex -6.20025 5.35467 -4.22978
      vertex -5.60025 5.33708 -4.28343
      vertex -6.20025 5.33708 -4.28343
    endloop
  endfacet
  facet normal 0 0.943291 -0.331968
    outer loop
      vertex -5.60025 5.31834 -4.33668
      vertex -6.20025 5.33708 -4.28343
      vertex -5.60025 5.33708 -4.28343
    endloop
  endfacet
  facet normal 0 0.943291 -0.331968
    outer loop
      vertex -6.20025 5.33708 -4.28343
      vertex -5.60025 5.31834 -4.33668
      vertex -6.20025 5.31834 -4.33668
    endloop
  endfacet
  facet normal 0 0.935892 -0.352288
    outer loop
      vertex -5.60025 5.29845 -4.38952
      vertex -6.20025 5.31834 -4.33668
      vertex -5.60025 5.31834 -4.33668
    endloop
  endfacet
  facet normal 0 0.935892 -0.352288
    outer loop
      vertex -6.20025 5.31834 -4.33668
      vertex -5.60025 5.29845 -4.38952
      vertex -6.20025 5.29845 -4.38952
    endloop
  endfacet
  facet normal 0 0.928049 -0.372459
    outer loop
      vertex -5.60025 5.27742 -4.44192
      vertex -6.20025 5.29845 -4.38952
      vertex -5.60025 5.29845 -4.38952
    endloop
  endfacet
  facet normal 0 0.928049 -0.372459
    outer loop
      vertex -6.20025 5.29845 -4.38952
      vertex -5.60025 5.27742 -4.44192
      vertex -6.20025 5.27742 -4.44192
    endloop
  endfacet
  facet normal 0 0.919785 -0.392423
    outer loop
      vertex -5.60025 5.25526 -4.49386
      vertex -6.20025 5.27742 -4.44192
      vertex -5.60025 5.27742 -4.44192
    endloop
  endfacet
  facet normal 0 0.919785 -0.392423
    outer loop
      vertex -6.20025 5.27742 -4.44192
      vertex -5.60025 5.25526 -4.49386
      vertex -6.20025 5.25526 -4.49386
    endloop
  endfacet
  facet normal 0 0.911135 -0.412108
    outer loop
      vertex -5.60025 5.23198 -4.54533
      vertex -6.20025 5.25526 -4.49386
      vertex -5.60025 5.25526 -4.49386
    endloop
  endfacet
  facet normal 0 0.911135 -0.412108
    outer loop
      vertex -6.20025 5.25526 -4.49386
      vertex -5.60025 5.23198 -4.54533
      vertex -6.20025 5.23198 -4.54533
    endloop
  endfacet
  facet normal 0 0.902038 -0.431656
    outer loop
      vertex -5.60025 5.20757 -4.59634
      vertex -6.20025 5.23198 -4.54533
      vertex -5.60025 5.23198 -4.54533
    endloop
  endfacet
  facet normal 0 0.902038 -0.431656
    outer loop
      vertex -6.20025 5.23198 -4.54533
      vertex -5.60025 5.20757 -4.59634
      vertex -6.20025 5.20757 -4.59634
    endloop
  endfacet
  facet normal 0 0.89251 -0.451028
    outer loop
      vertex -5.60025 5.18206 -4.64682
      vertex -6.20025 5.20757 -4.59634
      vertex -5.60025 5.20757 -4.59634
    endloop
  endfacet
  facet normal 0 0.89251 -0.451028
    outer loop
      vertex -6.20025 5.20757 -4.59634
      vertex -5.60025 5.18206 -4.64682
      vertex -6.20025 5.18206 -4.64682
    endloop
  endfacet
  facet normal 0 0.882612 -0.470102
    outer loop
      vertex -5.60025 5.15545 -4.69678
      vertex -6.20025 5.18206 -4.64682
      vertex -5.60025 5.18206 -4.64682
    endloop
  endfacet
  facet normal 0 0.882612 -0.470102
    outer loop
      vertex -6.20025 5.18206 -4.64682
      vertex -5.60025 5.15545 -4.69678
      vertex -6.20025 5.15545 -4.69678
    endloop
  endfacet
  facet normal 0 0.872268 -0.489028
    outer loop
      vertex -5.60025 5.12776 -4.74617
      vertex -6.20025 5.15545 -4.69678
      vertex -5.60025 5.15545 -4.69678
    endloop
  endfacet
  facet normal 0 0.872268 -0.489028
    outer loop
      vertex -6.20025 5.15545 -4.69678
      vertex -5.60025 5.12776 -4.74617
      vertex -6.20025 5.12776 -4.74617
    endloop
  endfacet
  facet normal 0 0.86163 -0.507538
    outer loop
      vertex -5.60025 5.09905 -4.79491
      vertex -6.20025 5.12776 -4.74617
      vertex -5.60025 5.12776 -4.74617
    endloop
  endfacet
  facet normal 0 0.86163 -0.507538
    outer loop
      vertex -6.20025 5.12776 -4.74617
      vertex -5.60025 5.09905 -4.79491
      vertex -6.20025 5.09905 -4.79491
    endloop
  endfacet
  facet normal 0 0.850472 -0.52602
    outer loop
      vertex -5.60025 5.0693 -4.84301
      vertex -6.20025 5.09905 -4.79491
      vertex -5.60025 5.09905 -4.79491
    endloop
  endfacet
  facet normal 0 0.850472 -0.52602
    outer loop
      vertex -6.20025 5.09905 -4.79491
      vertex -5.60025 5.0693 -4.84301
      vertex -6.20025 5.0693 -4.84301
    endloop
  endfacet
  facet normal 0 0.839005 -0.544124
    outer loop
      vertex -5.60025 5.03854 -4.89044
      vertex -6.20025 5.0693 -4.84301
      vertex -5.60025 5.0693 -4.84301
    endloop
  endfacet
  facet normal 0 0.839005 -0.544124
    outer loop
      vertex -6.20025 5.0693 -4.84301
      vertex -5.60025 5.03854 -4.89044
      vertex -6.20025 5.03854 -4.89044
    endloop
  endfacet
  facet normal 0 0.827173 -0.561947
    outer loop
      vertex -5.60025 5.00678 -4.93719
      vertex -6.20025 5.03854 -4.89044
      vertex -5.60025 5.03854 -4.89044
    endloop
  endfacet
  facet normal 0 0.827173 -0.561947
    outer loop
      vertex -6.20025 5.03854 -4.89044
      vertex -5.60025 5.00678 -4.93719
      vertex -6.20025 5.00678 -4.93719
    endloop
  endfacet
  facet normal 0 0.81507 -0.579362
    outer loop
      vertex -5.60025 4.97404 -4.98325
      vertex -6.20025 5.00678 -4.93719
      vertex -5.60025 5.00678 -4.93719
    endloop
  endfacet
  facet normal 0 0.81507 -0.579362
    outer loop
      vertex -6.20025 5.00678 -4.93719
      vertex -5.60025 4.97404 -4.98325
      vertex -6.20025 4.97404 -4.98325
    endloop
  endfacet
  facet normal 0 0.802478 -0.596682
    outer loop
      vertex -5.60025 4.94032 -5.0286
      vertex -6.20025 4.97404 -4.98325
      vertex -5.60025 4.97404 -4.98325
    endloop
  endfacet
  facet normal 0 0.802478 -0.596682
    outer loop
      vertex -6.20025 4.97404 -4.98325
      vertex -5.60025 4.94032 -5.0286
      vertex -6.20025 4.94032 -5.0286
    endloop
  endfacet
  facet normal 0 0.789562 -0.613671
    outer loop
      vertex -5.60025 4.90564 -5.07322
      vertex -6.20025 4.94032 -5.0286
      vertex -5.60025 4.94032 -5.0286
    endloop
  endfacet
  facet normal 0 0.789562 -0.613671
    outer loop
      vertex -6.20025 4.94032 -5.0286
      vertex -5.60025 4.90564 -5.07322
      vertex -6.20025 4.90564 -5.07322
    endloop
  endfacet
  facet normal 0 0.776325 -0.630333
    outer loop
      vertex -5.60025 4.87002 -5.11709
      vertex -6.20025 4.90564 -5.07322
      vertex -5.60025 4.90564 -5.07322
    endloop
  endfacet
  facet normal 0 0.776325 -0.630333
    outer loop
      vertex -6.20025 4.90564 -5.07322
      vertex -5.60025 4.87002 -5.11709
      vertex -6.20025 4.87002 -5.11709
    endloop
  endfacet
  facet normal 0 0.762668 -0.64679
    outer loop
      vertex -5.60025 4.83346 -5.1602
      vertex -6.20025 4.87002 -5.11709
      vertex -5.60025 4.87002 -5.11709
    endloop
  endfacet
  facet normal 0 0.762668 -0.64679
    outer loop
      vertex -6.20025 4.87002 -5.11709
      vertex -5.60025 4.83346 -5.1602
      vertex -6.20025 4.83346 -5.1602
    endloop
  endfacet
  facet normal 0 0.748774 -0.662826
    outer loop
      vertex -5.60025 4.79598 -5.20254
      vertex -6.20025 4.83346 -5.1602
      vertex -5.60025 4.83346 -5.1602
    endloop
  endfacet
  facet normal 0 0.748774 -0.662826
    outer loop
      vertex -6.20025 4.83346 -5.1602
      vertex -5.60025 4.79598 -5.20254
      vertex -6.20025 4.79598 -5.20254
    endloop
  endfacet
  facet normal 0 0.734403 -0.678713
    outer loop
      vertex -5.60025 4.75759 -5.24408
      vertex -6.20025 4.79598 -5.20254
      vertex -5.60025 4.79598 -5.20254
    endloop
  endfacet
  facet normal 0 0.734403 -0.678713
    outer loop
      vertex -6.20025 4.79598 -5.20254
      vertex -5.60025 4.75759 -5.24408
      vertex -6.20025 4.75759 -5.24408
    endloop
  endfacet
  facet normal 0 0.719888 -0.69409
    outer loop
      vertex -5.60025 4.71831 -5.28482
      vertex -6.20025 4.75759 -5.24408
      vertex -5.60025 4.75759 -5.24408
    endloop
  endfacet
  facet normal 0 0.719888 -0.69409
    outer loop
      vertex -6.20025 4.75759 -5.24408
      vertex -5.60025 4.71831 -5.28482
      vertex -6.20025 4.71831 -5.28482
    endloop
  endfacet
  facet normal 0 0.704895 -0.709312
    outer loop
      vertex -6.20025 4.67816 -5.32472
      vertex -5.60025 4.71831 -5.28482
      vertex -5.60025 4.67816 -5.32472
    endloop
  endfacet
  facet normal 0 0.704895 -0.709312
    outer loop
      vertex -5.60025 4.71831 -5.28482
      vertex -6.20025 4.67816 -5.32472
      vertex -6.20025 4.71831 -5.28482
    endloop
  endfacet
  facet normal 0 0.689664 -0.72413
    outer loop
      vertex -6.20025 4.63719 -5.36374
      vertex -5.60025 4.67816 -5.32472
      vertex -5.60025 4.63719 -5.36374
    endloop
  endfacet
  facet normal 0 0.689664 -0.72413
    outer loop
      vertex -5.60025 4.67816 -5.32472
      vertex -6.20025 4.63719 -5.36374
      vertex -6.20025 4.67816 -5.32472
    endloop
  endfacet
  facet normal 0 0.674001 -0.73873
    outer loop
      vertex -6.20025 4.59542 -5.40185
      vertex -5.60025 4.63719 -5.36374
      vertex -5.60025 4.59542 -5.40185
    endloop
  endfacet
  facet normal 0 0.674001 -0.73873
    outer loop
      vertex -5.60025 4.63719 -5.36374
      vertex -6.20025 4.59542 -5.40185
      vertex -6.20025 4.63719 -5.36374
    endloop
  endfacet
  facet normal 0 0.658179 -0.752862
    outer loop
      vertex -6.20025 4.55288 -5.43904
      vertex -5.60025 4.59542 -5.40185
      vertex -5.60025 4.55288 -5.43904
    endloop
  endfacet
  facet normal 0 0.658179 -0.752862
    outer loop
      vertex -5.60025 4.59542 -5.40185
      vertex -6.20025 4.55288 -5.43904
      vertex -6.20025 4.59542 -5.40185
    endloop
  endfacet
  facet normal 0 0.641941 -0.766754
    outer loop
      vertex -6.20025 4.50957 -5.4753
      vertex -5.60025 4.55288 -5.43904
      vertex -5.60025 4.50957 -5.4753
    endloop
  endfacet
  facet normal 0 0.641941 -0.766754
    outer loop
      vertex -5.60025 4.55288 -5.43904
      vertex -6.20025 4.50957 -5.4753
      vertex -6.20025 4.55288 -5.43904
    endloop
  endfacet
  facet normal 0 0.625559 -0.780177
    outer loop
      vertex -6.20025 4.46552 -5.51062
      vertex -5.60025 4.50957 -5.4753
      vertex -5.60025 4.46552 -5.51062
    endloop
  endfacet
  facet normal 0 0.625559 -0.780177
    outer loop
      vertex -5.60025 4.50957 -5.4753
      vertex -6.20025 4.46552 -5.51062
      vertex -6.20025 4.50957 -5.4753
    endloop
  endfacet
  facet normal 0 0.608725 -0.793381
    outer loop
      vertex -6.20025 4.42075 -5.54497
      vertex -5.60025 4.46552 -5.51062
      vertex -5.60025 4.42075 -5.54497
    endloop
  endfacet
  facet normal 0 0.608725 -0.793381
    outer loop
      vertex -5.60025 4.46552 -5.51062
      vertex -6.20025 4.42075 -5.54497
      vertex -6.20025 4.46552 -5.51062
    endloop
  endfacet
  facet normal 0 0.591832 -0.806061
    outer loop
      vertex -6.20025 4.37526 -5.57837
      vertex -5.60025 4.42075 -5.54497
      vertex -5.60025 4.37526 -5.57837
    endloop
  endfacet
  facet normal 0 0.591832 -0.806061
    outer loop
      vertex -5.60025 4.42075 -5.54497
      vertex -6.20025 4.37526 -5.57837
      vertex -6.20025 4.42075 -5.54497
    endloop
  endfacet
  facet normal 0 0.574378 -0.81859
    outer loop
      vertex -6.20025 4.32907 -5.61078
      vertex -5.60025 4.37526 -5.57837
      vertex -5.60025 4.32907 -5.61078
    endloop
  endfacet
  facet normal 0 0.574378 -0.81859
    outer loop
      vertex -5.60025 4.37526 -5.57837
      vertex -6.20025 4.32907 -5.61078
      vertex -6.20025 4.37526 -5.57837
    endloop
  endfacet
  facet normal 0 0.556907 -0.830575
    outer loop
      vertex -6.20025 4.28221 -5.6422
      vertex -5.60025 4.32907 -5.61078
      vertex -5.60025 4.28221 -5.6422
    endloop
  endfacet
  facet normal 0 0.556907 -0.830575
    outer loop
      vertex -5.60025 4.32907 -5.61078
      vertex -6.20025 4.28221 -5.6422
      vertex -6.20025 4.32907 -5.61078
    endloop
  endfacet
  facet normal 0 0.538812 -0.842426
    outer loop
      vertex -6.20025 4.23468 -5.6726
      vertex -5.60025 4.28221 -5.6422
      vertex -5.60025 4.23468 -5.6726
    endloop
  endfacet
  facet normal 0 0.538812 -0.842426
    outer loop
      vertex -5.60025 4.28221 -5.6422
      vertex -6.20025 4.23468 -5.6726
      vertex -6.20025 4.28221 -5.6422
    endloop
  endfacet
  facet normal 0 0.52097 -0.853575
    outer loop
      vertex -6.20025 4.18651 -5.702
      vertex -5.60025 4.23468 -5.6726
      vertex -5.60025 4.18651 -5.702
    endloop
  endfacet
  facet normal 0 0.52097 -0.853575
    outer loop
      vertex -5.60025 4.23468 -5.6726
      vertex -6.20025 4.18651 -5.702
      vertex -6.20025 4.23468 -5.6726
    endloop
  endfacet
  facet normal 0 0.502328 -0.864677
    outer loop
      vertex -6.20025 4.13771 -5.73035
      vertex -5.60025 4.18651 -5.702
      vertex -5.60025 4.13771 -5.73035
    endloop
  endfacet
  facet normal 0 0.502328 -0.864677
    outer loop
      vertex -5.60025 4.18651 -5.702
      vertex -6.20025 4.13771 -5.73035
      vertex -6.20025 4.18651 -5.702
    endloop
  endfacet
  facet normal 0 0.483807 -0.875174
    outer loop
      vertex -6.20025 4.08829 -5.75767
      vertex -5.60025 4.13771 -5.73035
      vertex -5.60025 4.08829 -5.75767
    endloop
  endfacet
  facet normal 0 0.483807 -0.875174
    outer loop
      vertex -5.60025 4.13771 -5.73035
      vertex -6.20025 4.08829 -5.75767
      vertex -6.20025 4.13771 -5.73035
    endloop
  endfacet
  facet normal 0 0.465039 -0.88529
    outer loop
      vertex -6.20025 4.03828 -5.78394
      vertex -5.60025 4.08829 -5.75767
      vertex -5.60025 4.03828 -5.78394
    endloop
  endfacet
  facet normal 0 0.465039 -0.88529
    outer loop
      vertex -5.60025 4.08829 -5.75767
      vertex -6.20025 4.03828 -5.78394
      vertex -6.20025 4.08829 -5.75767
    endloop
  endfacet
  facet normal 0 0.445656 -0.895204
    outer loop
      vertex -6.20025 3.98768 -5.80913
      vertex -5.60025 4.03828 -5.78394
      vertex -5.60025 3.98768 -5.80913
    endloop
  endfacet
  facet normal 0 0.445656 -0.895204
    outer loop
      vertex -5.60025 4.03828 -5.78394
      vertex -6.20025 3.98768 -5.80913
      vertex -6.20025 4.03828 -5.78394
    endloop
  endfacet
  facet normal 0 0.426444 -0.904514
    outer loop
      vertex -6.20025 3.93652 -5.83325
      vertex -5.60025 3.98768 -5.80913
      vertex -5.60025 3.93652 -5.83325
    endloop
  endfacet
  facet normal 0 0.426444 -0.904514
    outer loop
      vertex -5.60025 3.98768 -5.80913
      vertex -6.20025 3.93652 -5.83325
      vertex -6.20025 3.98768 -5.80913
    endloop
  endfacet
  facet normal 0 0.406909 -0.913469
    outer loop
      vertex -6.20025 3.88482 -5.85628
      vertex -5.60025 3.93652 -5.83325
      vertex -5.60025 3.88482 -5.85628
    endloop
  endfacet
  facet normal 0 0.406909 -0.913469
    outer loop
      vertex -5.60025 3.93652 -5.83325
      vertex -6.20025 3.88482 -5.85628
      vertex -6.20025 3.93652 -5.83325
    endloop
  endfacet
  facet normal 0 0.386833 -0.92215
    outer loop
      vertex -6.20025 3.83259 -5.87819
      vertex -5.60025 3.88482 -5.85628
      vertex -5.60025 3.83259 -5.87819
    endloop
  endfacet
  facet normal 0 0.386833 -0.92215
    outer loop
      vertex -5.60025 3.88482 -5.85628
      vertex -6.20025 3.83259 -5.87819
      vertex -6.20025 3.88482 -5.85628
    endloop
  endfacet
  facet normal 0 0.366844 -0.930282
    outer loop
      vertex -6.20025 3.77997 -5.89894
      vertex -5.60025 3.83259 -5.87819
      vertex -5.60025 3.77997 -5.89894
    endloop
  endfacet
  facet normal 0 0.366844 -0.930282
    outer loop
      vertex -5.60025 3.83259 -5.87819
      vertex -6.20025 3.77997 -5.89894
      vertex -6.20025 3.83259 -5.87819
    endloop
  endfacet
  facet normal 0 0.346755 -0.937956
    outer loop
      vertex -6.20025 3.72698 -5.91853
      vertex -5.60025 3.77997 -5.89894
      vertex -5.60025 3.72698 -5.91853
    endloop
  endfacet
  facet normal 0 0.346755 -0.937956
    outer loop
      vertex -5.60025 3.77997 -5.89894
      vertex -6.20025 3.72698 -5.91853
      vertex -6.20025 3.77997 -5.89894
    endloop
  endfacet
  facet normal 0 0.326368 -0.945243
    outer loop
      vertex -6.20025 3.67366 -5.93694
      vertex -5.60025 3.72698 -5.91853
      vertex -5.60025 3.67366 -5.93694
    endloop
  endfacet
  facet normal 0 0.326368 -0.945243
    outer loop
      vertex -5.60025 3.72698 -5.91853
      vertex -6.20025 3.67366 -5.93694
      vertex -6.20025 3.72698 -5.91853
    endloop
  endfacet
  facet normal 0 0.306095 -0.952001
    outer loop
      vertex -6.20025 3.62001 -5.95419
      vertex -5.60025 3.67366 -5.93694
      vertex -5.60025 3.62001 -5.95419
    endloop
  endfacet
  facet normal 0 0.306095 -0.952001
    outer loop
      vertex -5.60025 3.67366 -5.93694
      vertex -6.20025 3.62001 -5.95419
      vertex -6.20025 3.67366 -5.93694
    endloop
  endfacet
  facet normal 0 0.285098 -0.958498
    outer loop
      vertex -6.20025 3.56605 -5.97024
      vertex -5.60025 3.62001 -5.95419
      vertex -5.60025 3.56605 -5.97024
    endloop
  endfacet
  facet normal 0 0.285098 -0.958498
    outer loop
      vertex -5.60025 3.62001 -5.95419
      vertex -6.20025 3.56605 -5.97024
      vertex -6.20025 3.62001 -5.95419
    endloop
  endfacet
  facet normal 0 0.264591 -0.964361
    outer loop
      vertex -6.20025 3.51178 -5.98513
      vertex -5.60025 3.56605 -5.97024
      vertex -5.60025 3.51178 -5.98513
    endloop
  endfacet
  facet normal 0 0.264591 -0.964361
    outer loop
      vertex -5.60025 3.56605 -5.97024
      vertex -6.20025 3.51178 -5.98513
      vertex -6.20025 3.56605 -5.97024
    endloop
  endfacet
  facet normal 0 0.243749 -0.969838
    outer loop
      vertex -6.20025 3.45723 -5.99884
      vertex -5.60025 3.51178 -5.98513
      vertex -5.60025 3.45723 -5.99884
    endloop
  endfacet
  facet normal 0 0.243749 -0.969838
    outer loop
      vertex -5.60025 3.51178 -5.98513
      vertex -6.20025 3.45723 -5.99884
      vertex -6.20025 3.51178 -5.98513
    endloop
  endfacet
  facet normal 0 0.22269 -0.974889
    outer loop
      vertex -6.20025 3.40242 -6.01136
      vertex -5.60025 3.45723 -5.99884
      vertex -5.60025 3.40242 -6.01136
    endloop
  endfacet
  facet normal 0 0.22269 -0.974889
    outer loop
      vertex -5.60025 3.45723 -5.99884
      vertex -6.20025 3.40242 -6.01136
      vertex -6.20025 3.45723 -5.99884
    endloop
  endfacet
  facet normal 0 0.201653 -0.979457
    outer loop
      vertex -6.20025 3.34734 -6.0227
      vertex -5.60025 3.40242 -6.01136
      vertex -5.60025 3.34734 -6.0227
    endloop
  endfacet
  facet normal 0 0.201653 -0.979457
    outer loop
      vertex -5.60025 3.40242 -6.01136
      vertex -6.20025 3.34734 -6.0227
      vertex -6.20025 3.40242 -6.01136
    endloop
  endfacet
  facet normal 0 0.180497 -0.983576
    outer loop
      vertex -6.20025 3.29203 -6.03285
      vertex -5.60025 3.34734 -6.0227
      vertex -5.60025 3.29203 -6.03285
    endloop
  endfacet
  facet normal 0 0.180497 -0.983576
    outer loop
      vertex -5.60025 3.34734 -6.0227
      vertex -6.20025 3.29203 -6.03285
      vertex -6.20025 3.34734 -6.0227
    endloop
  endfacet
  facet normal 0 0.159439 -0.987208
    outer loop
      vertex -6.20025 3.23649 -6.04182
      vertex -5.60025 3.29203 -6.03285
      vertex -5.60025 3.23649 -6.04182
    endloop
  endfacet
  facet normal 0 0.159439 -0.987208
    outer loop
      vertex -5.60025 3.29203 -6.03285
      vertex -6.20025 3.23649 -6.04182
      vertex -6.20025 3.29203 -6.03285
    endloop
  endfacet
  facet normal 0 0.138212 -0.990403
    outer loop
      vertex -6.20025 3.18074 -6.0496
      vertex -5.60025 3.23649 -6.04182
      vertex -5.60025 3.18074 -6.0496
    endloop
  endfacet
  facet normal 0 0.138212 -0.990403
    outer loop
      vertex -5.60025 3.23649 -6.04182
      vertex -6.20025 3.18074 -6.0496
      vertex -6.20025 3.23649 -6.04182
    endloop
  endfacet
  facet normal 0 0.1168 -0.993155
    outer loop
      vertex -6.20025 3.12479 -6.05618
      vertex -5.60025 3.18074 -6.0496
      vertex -5.60025 3.12479 -6.05618
    endloop
  endfacet
  facet normal 0 0.1168 -0.993155
    outer loop
      vertex -5.60025 3.18074 -6.0496
      vertex -6.20025 3.12479 -6.05618
      vertex -6.20025 3.18074 -6.0496
    endloop
  endfacet
  facet normal 0 0.0957631 -0.995404
    outer loop
      vertex -6.20025 3.06866 -6.06158
      vertex -5.60025 3.12479 -6.05618
      vertex -5.60025 3.06866 -6.06158
    endloop
  endfacet
  facet normal 0 0.0957631 -0.995404
    outer loop
      vertex -5.60025 3.12479 -6.05618
      vertex -6.20025 3.06866 -6.06158
      vertex -6.20025 3.12479 -6.05618
    endloop
  endfacet
  facet normal 0 0.0742175 -0.997242
    outer loop
      vertex -6.20025 3.01236 -6.06577
      vertex -5.60025 3.06866 -6.06158
      vertex -5.60025 3.01236 -6.06577
    endloop
  endfacet
  facet normal 0 0.0742175 -0.997242
    outer loop
      vertex -5.60025 3.06866 -6.06158
      vertex -6.20025 3.01236 -6.06577
      vertex -6.20025 3.06866 -6.06158
    endloop
  endfacet
  facet normal 0 0.0532459 -0.998581
    outer loop
      vertex -6.20025 2.95591 -6.06878
      vertex -5.60025 3.01236 -6.06577
      vertex -5.60025 2.95591 -6.06878
    endloop
  endfacet
  facet normal 0 0.0532459 -0.998581
    outer loop
      vertex -5.60025 3.01236 -6.06577
      vertex -6.20025 2.95591 -6.06878
      vertex -6.20025 3.01236 -6.06577
    endloop
  endfacet
  facet normal 0 0.0317917 -0.999495
    outer loop
      vertex -6.20025 2.89932 -6.07058
      vertex -5.60025 2.95591 -6.06878
      vertex -5.60025 2.89932 -6.07058
    endloop
  endfacet
  facet normal 0 0.0317917 -0.999495
    outer loop
      vertex -5.60025 2.95591 -6.06878
      vertex -6.20025 2.89932 -6.07058
      vertex -6.20025 2.95591 -6.06878
    endloop
  endfacet
  facet normal 0 0.0105777 -0.999944
    outer loop
      vertex -6.20025 2.8426 -6.07118
      vertex -5.60025 2.89932 -6.07058
      vertex -5.60025 2.8426 -6.07118
    endloop
  endfacet
  facet normal 0 0.0105777 -0.999944
    outer loop
      vertex -5.60025 2.89932 -6.07058
      vertex -6.20025 2.8426 -6.07118
      vertex -6.20025 2.89932 -6.07058
    endloop
  endfacet
  facet normal 0 0.999926 0.0121413
    outer loop
      vertex -5.60025 -5.36848 2.39429
      vertex -6.20025 -5.36918 2.45194
      vertex -5.60025 -5.36918 2.45194
    endloop
  endfacet
  facet normal 0 0.999926 0.0121413
    outer loop
      vertex -6.20025 -5.36918 2.45194
      vertex -5.60025 -5.36848 2.39429
      vertex -6.20025 -5.36848 2.39429
    endloop
  endfacet
  facet normal 0 0.999334 0.0364911
    outer loop
      vertex -5.60025 -5.36638 2.33678
      vertex -6.20025 -5.36848 2.39429
      vertex -5.60025 -5.36848 2.39429
    endloop
  endfacet
  facet normal 0 0.999334 0.0364911
    outer loop
      vertex -6.20025 -5.36848 2.39429
      vertex -5.60025 -5.36638 2.33678
      vertex -6.20025 -5.36638 2.33678
    endloop
  endfacet
  facet normal 0 0.998153 0.060742
    outer loop
      vertex -5.60025 -5.36289 2.27943
      vertex -6.20025 -5.36638 2.33678
      vertex -5.60025 -5.36638 2.33678
    endloop
  endfacet
  facet normal 0 0.998153 0.060742
    outer loop
      vertex -6.20025 -5.36638 2.33678
      vertex -5.60025 -5.36289 2.27943
      vertex -6.20025 -5.36289 2.27943
    endloop
  endfacet
  facet normal 0 0.996359 0.0852528
    outer loop
      vertex -5.60025 -5.358 2.22228
      vertex -6.20025 -5.36289 2.27943
      vertex -5.60025 -5.36289 2.27943
    endloop
  endfacet
  facet normal 0 0.996359 0.0852528
    outer loop
      vertex -6.20025 -5.36289 2.27943
      vertex -5.60025 -5.358 2.22228
      vertex -6.20025 -5.358 2.22228
    endloop
  endfacet
  facet normal 0 0.993973 0.109627
    outer loop
      vertex -5.60025 -5.35172 2.16534
      vertex -6.20025 -5.358 2.22228
      vertex -5.60025 -5.358 2.22228
    endloop
  endfacet
  facet normal 0 0.993973 0.109627
    outer loop
      vertex -6.20025 -5.358 2.22228
      vertex -5.60025 -5.35172 2.16534
      vertex -6.20025 -5.35172 2.16534
    endloop
  endfacet
  facet normal 0 0.990981 0.134006
    outer loop
      vertex -5.60025 -5.34405 2.10862
      vertex -6.20025 -5.35172 2.16534
      vertex -5.60025 -5.35172 2.16534
    endloop
  endfacet
  facet normal 0 0.990981 0.134006
    outer loop
      vertex -6.20025 -5.35172 2.16534
      vertex -5.60025 -5.34405 2.10862
      vertex -6.20025 -5.34405 2.10862
    endloop
  endfacet
  facet normal 0 0.987405 0.158216
    outer loop
      vertex -5.60025 -5.335 2.05214
      vertex -6.20025 -5.34405 2.10862
      vertex -5.60025 -5.34405 2.10862
    endloop
  endfacet
  facet normal 0 0.987405 0.158216
    outer loop
      vertex -6.20025 -5.34405 2.10862
      vertex -5.60025 -5.335 2.05214
      vertex -6.20025 -5.335 2.05214
    endloop
  endfacet
  facet normal 0 0.983186 0.182609
    outer loop
      vertex -5.60025 -5.32456 1.99593
      vertex -6.20025 -5.335 2.05214
      vertex -5.60025 -5.335 2.05214
    endloop
  endfacet
  facet normal 0 0.983186 0.182609
    outer loop
      vertex -6.20025 -5.335 2.05214
      vertex -5.60025 -5.32456 1.99593
      vertex -6.20025 -5.32456 1.99593
    endloop
  endfacet
  facet normal 0 0.978425 0.206601
    outer loop
      vertex -5.60025 -5.31275 1.94
      vertex -6.20025 -5.32456 1.99593
      vertex -5.60025 -5.32456 1.99593
    endloop
  endfacet
  facet normal 0 0.978425 0.206601
    outer loop
      vertex -6.20025 -5.32456 1.99593
      vertex -5.60025 -5.31275 1.94
      vertex -6.20025 -5.31275 1.94
    endloop
  endfacet
  facet normal 0 0.972975 0.230911
    outer loop
      vertex -5.60025 -5.29955 1.88438
      vertex -6.20025 -5.31275 1.94
      vertex -5.60025 -5.31275 1.94
    endloop
  endfacet
  facet normal 0 0.972975 0.230911
    outer loop
      vertex -6.20025 -5.31275 1.94
      vertex -5.60025 -5.29955 1.88438
      vertex -6.20025 -5.29955 1.88438
    endloop
  endfacet
  facet normal 0 0.967 0.254777
    outer loop
      vertex -5.60025 -5.28498 1.82908
      vertex -6.20025 -5.29955 1.88438
      vertex -5.60025 -5.29955 1.88438
    endloop
  endfacet
  facet normal 0 0.967 0.254777
    outer loop
      vertex -6.20025 -5.29955 1.88438
      vertex -5.60025 -5.28498 1.82908
      vertex -6.20025 -5.28498 1.82908
    endloop
  endfacet
  facet normal 0 0.960422 0.27855
    outer loop
      vertex -5.60025 -5.26904 1.77412
      vertex -6.20025 -5.28498 1.82908
      vertex -5.60025 -5.28498 1.82908
    endloop
  endfacet
  facet normal 0 0.960422 0.27855
    outer loop
      vertex -6.20025 -5.28498 1.82908
      vertex -5.60025 -5.26904 1.77412
      vertex -6.20025 -5.26904 1.77412
    endloop
  endfacet
  facet normal 0 0.953242 0.302209
    outer loop
      vertex -5.60025 -5.25173 1.71952
      vertex -6.20025 -5.26904 1.77412
      vertex -5.60025 -5.26904 1.77412
    endloop
  endfacet
  facet normal 0 0.953242 0.302209
    outer loop
      vertex -6.20025 -5.26904 1.77412
      vertex -5.60025 -5.25173 1.71952
      vertex -6.20025 -5.25173 1.71952
    endloop
  endfacet
  facet normal 0 0.945516 0.325577
    outer loop
      vertex -5.60025 -5.23306 1.6653
      vertex -6.20025 -5.25173 1.71952
      vertex -5.60025 -5.25173 1.71952
    endloop
  endfacet
  facet normal 0 0.945516 0.325577
    outer loop
      vertex -6.20025 -5.25173 1.71952
      vertex -5.60025 -5.23306 1.6653
      vertex -6.20025 -5.23306 1.6653
    endloop
  endfacet
  facet normal 0 0.937064 0.349157
    outer loop
      vertex -5.60025 -5.21301 1.61149
      vertex -6.20025 -5.23306 1.6653
      vertex -5.60025 -5.23306 1.6653
    endloop
  endfacet
  facet normal 0 0.937064 0.349157
    outer loop
      vertex -6.20025 -5.23306 1.6653
      vertex -5.60025 -5.21301 1.61149
      vertex -6.20025 -5.21301 1.61149
    endloop
  endfacet
  facet normal 0 0.928237 0.37199
    outer loop
      vertex -5.60025 -5.19161 1.55809
      vertex -6.20025 -5.21301 1.61149
      vertex -5.60025 -5.21301 1.61149
    endloop
  endfacet
  facet normal 0 0.928237 0.37199
    outer loop
      vertex -6.20025 -5.21301 1.61149
      vertex -5.60025 -5.19161 1.55809
      vertex -6.20025 -5.19161 1.55809
    endloop
  endfacet
  facet normal 0 0.918713 0.394925
    outer loop
      vertex -5.60025 -5.16887 1.50519
      vertex -6.20025 -5.19161 1.55809
      vertex -5.60025 -5.19161 1.55809
    endloop
  endfacet
  facet normal 0 0.918713 0.394925
    outer loop
      vertex -6.20025 -5.19161 1.55809
      vertex -5.60025 -5.16887 1.50519
      vertex -6.20025 -5.16887 1.50519
    endloop
  endfacet
  facet normal 0 0.90865 0.417558
    outer loop
      vertex -5.60025 -5.14485 1.45292
      vertex -6.20025 -5.16887 1.50519
      vertex -5.60025 -5.16887 1.50519
    endloop
  endfacet
  facet normal 0 0.90865 0.417558
    outer loop
      vertex -6.20025 -5.16887 1.50519
      vertex -5.60025 -5.14485 1.45292
      vertex -6.20025 -5.14485 1.45292
    endloop
  endfacet
  facet normal 0 0.898085 0.439822
    outer loop
      vertex -5.60025 -5.11957 1.4013
      vertex -6.20025 -5.14485 1.45292
      vertex -5.60025 -5.14485 1.45292
    endloop
  endfacet
  facet normal 0 0.898085 0.439822
    outer loop
      vertex -6.20025 -5.14485 1.45292
      vertex -5.60025 -5.11957 1.4013
      vertex -6.20025 -5.11957 1.4013
    endloop
  endfacet
  facet normal 0 0.88696 0.461846
    outer loop
      vertex -5.60025 -5.09304 1.35035
      vertex -6.20025 -5.11957 1.4013
      vertex -5.60025 -5.11957 1.4013
    endloop
  endfacet
  facet normal 0 0.88696 0.461846
    outer loop
      vertex -6.20025 -5.11957 1.4013
      vertex -5.60025 -5.09304 1.35035
      vertex -6.20025 -5.09304 1.35035
    endloop
  endfacet
  facet normal 0 0.875387 0.483423
    outer loop
      vertex -5.60025 -5.06529 1.3001
      vertex -6.20025 -5.09304 1.35035
      vertex -5.60025 -5.09304 1.35035
    endloop
  endfacet
  facet normal 0 0.875387 0.483423
    outer loop
      vertex -6.20025 -5.09304 1.35035
      vertex -5.60025 -5.06529 1.3001
      vertex -6.20025 -5.06529 1.3001
    endloop
  endfacet
  facet normal 0 0.863235 0.504802
    outer loop
      vertex -5.60025 -5.03632 1.25056
      vertex -6.20025 -5.06529 1.3001
      vertex -5.60025 -5.06529 1.3001
    endloop
  endfacet
  facet normal 0 0.863235 0.504802
    outer loop
      vertex -6.20025 -5.06529 1.3001
      vertex -5.60025 -5.03632 1.25056
      vertex -6.20025 -5.03632 1.25056
    endloop
  endfacet
  facet normal 0 0.850621 0.525779
    outer loop
      vertex -5.60025 -5.00615 1.20175
      vertex -6.20025 -5.03632 1.25056
      vertex -5.60025 -5.03632 1.25056
    endloop
  endfacet
  facet normal 0 0.850621 0.525779
    outer loop
      vertex -6.20025 -5.03632 1.25056
      vertex -5.60025 -5.00615 1.20175
      vertex -6.20025 -5.00615 1.20175
    endloop
  endfacet
  facet normal 0 0.83743 0.546544
    outer loop
      vertex -5.60025 -4.97481 1.15373
      vertex -6.20025 -5.00615 1.20175
      vertex -5.60025 -5.00615 1.20175
    endloop
  endfacet
  facet normal 0 0.83743 0.546544
    outer loop
      vertex -6.20025 -5.00615 1.20175
      vertex -5.60025 -4.97481 1.15373
      vertex -6.20025 -4.97481 1.15373
    endloop
  endfacet
  facet normal 0 0.823889 0.566751
    outer loop
      vertex -5.60025 -4.9423 1.10647
      vertex -6.20025 -4.97481 1.15373
      vertex -5.60025 -4.97481 1.15373
    endloop
  endfacet
  facet normal 0 0.823889 0.566751
    outer loop
      vertex -6.20025 -4.97481 1.15373
      vertex -5.60025 -4.9423 1.10647
      vertex -6.20025 -4.9423 1.10647
    endloop
  endfacet
  facet normal 0 0.809745 0.586782
    outer loop
      vertex -5.60025 -4.90864 1.06002
      vertex -6.20025 -4.9423 1.10647
      vertex -5.60025 -4.9423 1.10647
    endloop
  endfacet
  facet normal 0 0.809745 0.586782
    outer loop
      vertex -6.20025 -4.9423 1.10647
      vertex -5.60025 -4.90864 1.06002
      vertex -6.20025 -4.90864 1.06002
    endloop
  endfacet
  facet normal 0 0.795248 0.606285
    outer loop
      vertex -5.60025 -4.87386 1.0144
      vertex -6.20025 -4.90864 1.06002
      vertex -5.60025 -4.90864 1.06002
    endloop
  endfacet
  facet normal 0 0.795248 0.606285
    outer loop
      vertex -6.20025 -4.90864 1.06002
      vertex -5.60025 -4.87386 1.0144
      vertex -6.20025 -4.87386 1.0144
    endloop
  endfacet
  facet normal 0 0.78027 0.625443
    outer loop
      vertex -5.60025 -4.83796 0.969613
      vertex -6.20025 -4.87386 1.0144
      vertex -5.60025 -4.87386 1.0144
    endloop
  endfacet
  facet normal 0 0.78027 0.625443
    outer loop
      vertex -6.20025 -4.87386 1.0144
      vertex -5.60025 -4.83796 0.969613
      vertex -6.20025 -4.83796 0.969613
    endloop
  endfacet
  facet normal 0 0.764777 0.644296
    outer loop
      vertex -5.60025 -4.80097 0.925706
      vertex -6.20025 -4.83796 0.969613
      vertex -5.60025 -4.83796 0.969613
    endloop
  endfacet
  facet normal 0 0.764777 0.644296
    outer loop
      vertex -6.20025 -4.83796 0.969613
      vertex -5.60025 -4.80097 0.925706
      vertex -6.20025 -4.80097 0.925706
    endloop
  endfacet
  facet normal 0 0.748813 0.662781
    outer loop
      vertex -5.60025 -4.76289 0.882683
      vertex -6.20025 -4.80097 0.925706
      vertex -5.60025 -4.80097 0.925706
    endloop
  endfacet
  facet normal 0 0.748813 0.662781
    outer loop
      vertex -6.20025 -4.80097 0.925706
      vertex -5.60025 -4.76289 0.882683
      vertex -6.20025 -4.76289 0.882683
    endloop
  endfacet
  facet normal 0 0.73252 0.680746
    outer loop
      vertex -5.60025 -4.72376 0.840577
      vertex -6.20025 -4.76289 0.882683
      vertex -5.60025 -4.76289 0.882683
    endloop
  endfacet
  facet normal 0 0.73252 0.680746
    outer loop
      vertex -6.20025 -4.76289 0.882683
      vertex -5.60025 -4.72376 0.840577
      vertex -6.20025 -4.72376 0.840577
    endloop
  endfacet
  facet normal 0 0.715555 0.698556
    outer loop
      vertex -5.60025 -4.68357 0.799409
      vertex -6.20025 -4.72376 0.840577
      vertex -5.60025 -4.72376 0.840577
    endloop
  endfacet
  facet normal 0 0.715555 0.698556
    outer loop
      vertex -6.20025 -4.72376 0.840577
      vertex -5.60025 -4.68357 0.799409
      vertex -6.20025 -4.68357 0.799409
    endloop
  endfacet
  facet normal -0 0.69847 0.71564
    outer loop
      vertex -6.20025 -4.64239 0.759217
      vertex -5.60025 -4.68357 0.799409
      vertex -5.60025 -4.64239 0.759217
    endloop
  endfacet
  facet normal 0 0.69847 0.71564
    outer loop
      vertex -5.60025 -4.68357 0.799409
      vertex -6.20025 -4.64239 0.759217
      vertex -6.20025 -4.68357 0.799409
    endloop
  endfacet
  facet normal -0 0.680774 0.732494
    outer loop
      vertex -6.20025 -4.60027 0.720071
      vertex -5.60025 -4.64239 0.759217
      vertex -5.60025 -4.60027 0.720071
    endloop
  endfacet
  facet normal 0 0.680774 0.732494
    outer loop
      vertex -5.60025 -4.64239 0.759217
      vertex -6.20025 -4.60027 0.720071
      vertex -6.20025 -4.64239 0.759217
    endloop
  endfacet
  facet normal -0 0.662711 0.748876
    outer loop
      vertex -6.20025 -4.55724 0.681992
      vertex -5.60025 -4.60027 0.720071
      vertex -5.60025 -4.55724 0.681992
    endloop
  endfacet
  facet normal 0 0.662711 0.748876
    outer loop
      vertex -5.60025 -4.60027 0.720071
      vertex -6.20025 -4.55724 0.681992
      vertex -6.20025 -4.60027 0.720071
    endloop
  endfacet
  facet normal -0 0.644235 0.764828
    outer loop
      vertex -6.20025 -4.51332 0.644997
      vertex -5.60025 -4.55724 0.681992
      vertex -5.60025 -4.51332 0.644997
    endloop
  endfacet
  facet normal 0 0.644235 0.764828
    outer loop
      vertex -5.60025 -4.55724 0.681992
      vertex -6.20025 -4.51332 0.644997
      vertex -6.20025 -4.55724 0.681992
    endloop
  endfacet
  facet normal -0 0.625375 0.780325
    outer loop
      vertex -6.20025 -4.46853 0.609101
      vertex -5.60025 -4.51332 0.644997
      vertex -5.60025 -4.46853 0.609101
    endloop
  endfacet
  facet normal 0 0.625375 0.780325
    outer loop
      vertex -5.60025 -4.51332 0.644997
      vertex -6.20025 -4.46853 0.609101
      vertex -6.20025 -4.51332 0.644997
    endloop
  endfacet
  facet normal -0 0.606227 0.795292
    outer loop
      vertex -6.20025 -4.42289 0.574311
      vertex -5.60025 -4.46853 0.609101
      vertex -5.60025 -4.42289 0.574311
    endloop
  endfacet
  facet normal 0 0.606227 0.795292
    outer loop
      vertex -5.60025 -4.46853 0.609101
      vertex -6.20025 -4.42289 0.574311
      vertex -6.20025 -4.46853 0.609101
    endloop
  endfacet
  facet normal -0 0.586619 0.809863
    outer loop
      vertex -6.20025 -4.37643 0.540658
      vertex -5.60025 -4.42289 0.574311
      vertex -5.60025 -4.37643 0.540658
    endloop
  endfacet
  facet normal 0 0.586619 0.809863
    outer loop
      vertex -5.60025 -4.42289 0.574311
      vertex -6.20025 -4.37643 0.540658
      vertex -6.20025 -4.42289 0.574311
    endloop
  endfacet
  facet normal -0 0.566656 0.823954
    outer loop
      vertex -6.20025 -4.32917 0.508156
      vertex -5.60025 -4.37643 0.540658
      vertex -5.60025 -4.32917 0.508156
    endloop
  endfacet
  facet normal 0 0.566656 0.823954
    outer loop
      vertex -5.60025 -4.37643 0.540658
      vertex -6.20025 -4.32917 0.508156
      vertex -6.20025 -4.37643 0.540658
    endloop
  endfacet
  facet normal -0 0.546317 0.837578
    outer loop
      vertex -6.20025 -4.28112 0.476815
      vertex -5.60025 -4.32917 0.508156
      vertex -5.60025 -4.28112 0.476815
    endloop
  endfacet
  facet normal 0 0.546317 0.837578
    outer loop
      vertex -5.60025 -4.32917 0.508156
      vertex -6.20025 -4.28112 0.476815
      vertex -6.20025 -4.32917 0.508156
    endloop
  endfacet
  facet normal -0 0.525819 0.850597
    outer loop
      vertex -6.20025 -4.23232 0.446648
      vertex -5.60025 -4.28112 0.476815
      vertex -5.60025 -4.23232 0.446648
    endloop
  endfacet
  facet normal 0 0.525819 0.850597
    outer loop
      vertex -5.60025 -4.28112 0.476815
      vertex -6.20025 -4.23232 0.446648
      vertex -6.20025 -4.28112 0.476815
    endloop
  endfacet
  facet normal -0 0.504686 0.863303
    outer loop
      vertex -6.20025 -4.18278 0.417687
      vertex -5.60025 -4.23232 0.446648
      vertex -5.60025 -4.18278 0.417687
    endloop
  endfacet
  facet normal 0 0.504686 0.863303
    outer loop
      vertex -5.60025 -4.23232 0.446648
      vertex -6.20025 -4.18278 0.417687
      vertex -6.20025 -4.23232 0.446648
    endloop
  endfacet
  facet normal -0 0.483429 0.875384
    outer loop
      vertex -6.20025 -4.13252 0.389931
      vertex -5.60025 -4.18278 0.417687
      vertex -5.60025 -4.13252 0.389931
    endloop
  endfacet
  facet normal 0 0.483429 0.875384
    outer loop
      vertex -5.60025 -4.18278 0.417687
      vertex -6.20025 -4.13252 0.389931
      vertex -6.20025 -4.18278 0.417687
    endloop
  endfacet
  facet normal -0 0.461695 0.887039
    outer loop
      vertex -6.20025 -4.08157 0.363412
      vertex -5.60025 -4.13252 0.389931
      vertex -5.60025 -4.08157 0.363412
    endloop
  endfacet
  facet normal 0 0.461695 0.887039
    outer loop
      vertex -5.60025 -4.13252 0.389931
      vertex -6.20025 -4.08157 0.363412
      vertex -6.20025 -4.13252 0.389931
    endloop
  endfacet
  facet normal -0 0.43978 0.898106
    outer loop
      vertex -6.20025 -4.02995 0.338135
      vertex -5.60025 -4.08157 0.363412
      vertex -5.60025 -4.02995 0.338135
    endloop
  endfacet
  facet normal 0 0.43978 0.898106
    outer loop
      vertex -5.60025 -4.08157 0.363412
      vertex -6.20025 -4.02995 0.338135
      vertex -6.20025 -4.08157 0.363412
    endloop
  endfacet
  facet normal -0 0.417515 0.90867
    outer loop
      vertex -6.20025 -3.97768 0.314118
      vertex -5.60025 -4.02995 0.338135
      vertex -5.60025 -3.97768 0.314118
    endloop
  endfacet
  facet normal 0 0.417515 0.90867
    outer loop
      vertex -5.60025 -4.02995 0.338135
      vertex -6.20025 -3.97768 0.314118
      vertex -6.20025 -4.02995 0.338135
    endloop
  endfacet
  facet normal -0 0.394749 0.918789
    outer loop
      vertex -6.20025 -3.92478 0.29139
      vertex -5.60025 -3.97768 0.314118
      vertex -5.60025 -3.92478 0.29139
    endloop
  endfacet
  facet normal 0 0.394749 0.918789
    outer loop
      vertex -5.60025 -3.97768 0.314118
      vertex -6.20025 -3.92478 0.29139
      vertex -6.20025 -3.97768 0.314118
    endloop
  endfacet
  facet normal -0 0.37199 0.928237
    outer loop
      vertex -6.20025 -3.87138 0.26999
      vertex -5.60025 -3.92478 0.29139
      vertex -5.60025 -3.87138 0.26999
    endloop
  endfacet
  facet normal 0 0.37199 0.928237
    outer loop
      vertex -5.60025 -3.92478 0.29139
      vertex -6.20025 -3.87138 0.26999
      vertex -6.20025 -3.92478 0.29139
    endloop
  endfacet
  facet normal -0 0.348936 0.937147
    outer loop
      vertex -6.20025 -3.81755 0.249947
      vertex -5.60025 -3.87138 0.26999
      vertex -5.60025 -3.81755 0.249947
    endloop
  endfacet
  facet normal 0 0.348936 0.937147
    outer loop
      vertex -5.60025 -3.87138 0.26999
      vertex -6.20025 -3.81755 0.249947
      vertex -6.20025 -3.87138 0.26999
    endloop
  endfacet
  facet normal -0 0.325686 0.945478
    outer loop
      vertex -6.20025 -3.76333 0.23127
      vertex -5.60025 -3.81755 0.249947
      vertex -5.60025 -3.76333 0.23127
    endloop
  endfacet
  facet normal 0 0.325686 0.945478
    outer loop
      vertex -5.60025 -3.81755 0.249947
      vertex -6.20025 -3.76333 0.23127
      vertex -6.20025 -3.81755 0.249947
    endloop
  endfacet
  facet normal -0 0.302098 0.953277
    outer loop
      vertex -6.20025 -3.70873 0.213967
      vertex -5.60025 -3.76333 0.23127
      vertex -5.60025 -3.70873 0.213967
    endloop
  endfacet
  facet normal 0 0.302098 0.953277
    outer loop
      vertex -5.60025 -3.76333 0.23127
      vertex -6.20025 -3.70873 0.213967
      vertex -6.20025 -3.76333 0.23127
    endloop
  endfacet
  facet normal -0 0.278471 0.960445
    outer loop
      vertex -6.20025 -3.65376 0.198029
      vertex -5.60025 -3.70873 0.213967
      vertex -5.60025 -3.65376 0.198029
    endloop
  endfacet
  facet normal 0 0.278471 0.960445
    outer loop
      vertex -5.60025 -3.70873 0.213967
      vertex -6.20025 -3.65376 0.198029
      vertex -6.20025 -3.70873 0.213967
    endloop
  endfacet
  facet normal -0 0.254679 0.967026
    outer loop
      vertex -6.20025 -3.59846 0.183465
      vertex -5.60025 -3.65376 0.198029
      vertex -5.60025 -3.59846 0.183465
    endloop
  endfacet
  facet normal 0 0.254679 0.967026
    outer loop
      vertex -5.60025 -3.65376 0.198029
      vertex -6.20025 -3.59846 0.183465
      vertex -6.20025 -3.65376 0.198029
    endloop
  endfacet
  facet normal -0 0.230739 0.973016
    outer loop
      vertex -6.20025 -3.54283 0.170273
      vertex -5.60025 -3.59846 0.183465
      vertex -5.60025 -3.54283 0.170273
    endloop
  endfacet
  facet normal 0 0.230739 0.973016
    outer loop
      vertex -5.60025 -3.59846 0.183465
      vertex -6.20025 -3.54283 0.170273
      vertex -6.20025 -3.59846 0.183465
    endloop
  endfacet
  facet normal -0 0.206718 0.9784
    outer loop
      vertex -6.20025 -3.4869 0.158456
      vertex -5.60025 -3.54283 0.170273
      vertex -5.60025 -3.4869 0.158456
    endloop
  endfacet
  facet normal 0 0.206718 0.9784
    outer loop
      vertex -5.60025 -3.54283 0.170273
      vertex -6.20025 -3.4869 0.158456
      vertex -6.20025 -3.54283 0.170273
    endloop
  endfacet
  facet normal -0 0.182409 0.983223
    outer loop
      vertex -6.20025 -3.43068 0.148026
      vertex -5.60025 -3.4869 0.158456
      vertex -5.60025 -3.43068 0.148026
    endloop
  endfacet
  facet normal 0 0.182409 0.983223
    outer loop
      vertex -5.60025 -3.4869 0.158456
      vertex -6.20025 -3.43068 0.148026
      vertex -6.20025 -3.4869 0.158456
    endloop
  endfacet
  facet normal -0 0.158345 0.987384
    outer loop
      vertex -6.20025 -3.37421 0.13897
      vertex -5.60025 -3.43068 0.148026
      vertex -5.60025 -3.37421 0.13897
    endloop
  endfacet
  facet normal 0 0.158345 0.987384
    outer loop
      vertex -5.60025 -3.43068 0.148026
      vertex -6.20025 -3.37421 0.13897
      vertex -6.20025 -3.43068 0.148026
    endloop
  endfacet
  facet normal -0 0.133811 0.991007
    outer loop
      vertex -6.20025 -3.31748 0.13131
      vertex -5.60025 -3.37421 0.13897
      vertex -5.60025 -3.31748 0.13131
    endloop
  endfacet
  facet normal 0 0.133811 0.991007
    outer loop
      vertex -5.60025 -3.37421 0.13897
      vertex -6.20025 -3.31748 0.13131
      vertex -6.20025 -3.37421 0.13897
    endloop
  endfacet
  facet normal -0 0.10961 0.993975
    outer loop
      vertex -6.20025 -3.26054 0.125031
      vertex -5.60025 -3.31748 0.13131
      vertex -5.60025 -3.26054 0.125031
    endloop
  endfacet
  facet normal 0 0.10961 0.993975
    outer loop
      vertex -5.60025 -3.31748 0.13131
      vertex -6.20025 -3.26054 0.125031
      vertex -6.20025 -3.31748 0.13131
    endloop
  endfacet
  facet normal -0 0.0852528 0.996359
    outer loop
      vertex -6.20025 -3.20339 0.120141
      vertex -5.60025 -3.26054 0.125031
      vertex -5.60025 -3.20339 0.120141
    endloop
  endfacet
  facet normal 0 0.0852528 0.996359
    outer loop
      vertex -5.60025 -3.26054 0.125031
      vertex -6.20025 -3.20339 0.120141
      vertex -6.20025 -3.26054 0.125031
    endloop
  endfacet
  facet normal -0 0.0608393 0.998148
    outer loop
      vertex -6.20025 -3.14605 0.116646
      vertex -5.60025 -3.20339 0.120141
      vertex -5.60025 -3.14605 0.116646
    endloop
  endfacet
  facet normal 0 0.0608393 0.998148
    outer loop
      vertex -5.60025 -3.20339 0.120141
      vertex -6.20025 -3.14605 0.116646
      vertex -6.20025 -3.20339 0.120141
    endloop
  endfacet
  facet normal -0 0.0364564 0.999335
    outer loop
      vertex -6.20025 -3.08854 0.114548
      vertex -5.60025 -3.14605 0.116646
      vertex -5.60025 -3.08854 0.114548
    endloop
  endfacet
  facet normal 0 0.0364564 0.999335
    outer loop
      vertex -5.60025 -3.14605 0.116646
      vertex -6.20025 -3.08854 0.114548
      vertex -6.20025 -3.14605 0.116646
    endloop
  endfacet
  facet normal -0 0.0120373 0.999928
    outer loop
      vertex -6.20025 -3.03089 0.113854
      vertex -5.60025 -3.08854 0.114548
      vertex -5.60025 -3.03089 0.113854
    endloop
  endfacet
  facet normal 0 0.0120373 0.999928
    outer loop
      vertex -5.60025 -3.08854 0.114548
      vertex -6.20025 -3.03089 0.113854
      vertex -6.20025 -3.08854 0.114548
    endloop
  endfacet
  facet normal 0 0.0121392 -0.999926
    outer loop
      vertex -6.20025 -3.08855 4.78952
      vertex -5.60025 -3.03089 4.79022
      vertex -5.60025 -3.08855 4.78952
    endloop
  endfacet
  facet normal 0 0.0121392 -0.999926
    outer loop
      vertex -5.60025 -3.03089 4.79022
      vertex -6.20025 -3.08855 4.78952
      vertex -6.20025 -3.03089 4.79022
    endloop
  endfacet
  facet normal 0 0.0364911 -0.999334
    outer loop
      vertex -6.20025 -3.14606 4.78742
      vertex -5.60025 -3.08855 4.78952
      vertex -5.60025 -3.14606 4.78742
    endloop
  endfacet
  facet normal 0 0.0364911 -0.999334
    outer loop
      vertex -5.60025 -3.08855 4.78952
      vertex -6.20025 -3.14606 4.78742
      vertex -6.20025 -3.08855 4.78952
    endloop
  endfacet
  facet normal 0 0.0607526 -0.998153
    outer loop
      vertex -6.20025 -3.2034 4.78393
      vertex -5.60025 -3.14606 4.78742
      vertex -5.60025 -3.2034 4.78393
    endloop
  endfacet
  facet normal 0 0.0607526 -0.998153
    outer loop
      vertex -5.60025 -3.14606 4.78742
      vertex -6.20025 -3.2034 4.78393
      vertex -6.20025 -3.14606 4.78742
    endloop
  endfacet
  facet normal 0 0.0852528 -0.996359
    outer loop
      vertex -6.20025 -3.26055 4.77904
      vertex -5.60025 -3.2034 4.78393
      vertex -5.60025 -3.26055 4.77904
    endloop
  endfacet
  facet normal 0 0.0852528 -0.996359
    outer loop
      vertex -5.60025 -3.2034 4.78393
      vertex -6.20025 -3.26055 4.77904
      vertex -6.20025 -3.2034 4.78393
    endloop
  endfacet
  facet normal 0 0.109608 -0.993975
    outer loop
      vertex -6.20025 -3.3175 4.77276
      vertex -5.60025 -3.26055 4.77904
      vertex -5.60025 -3.3175 4.77276
    endloop
  endfacet
  facet normal 0 0.109608 -0.993975
    outer loop
      vertex -5.60025 -3.26055 4.77904
      vertex -6.20025 -3.3175 4.77276
      vertex -6.20025 -3.26055 4.77904
    endloop
  endfacet
  facet normal 0 0.134006 -0.990981
    outer loop
      vertex -6.20025 -3.37422 4.76509
      vertex -5.60025 -3.3175 4.77276
      vertex -5.60025 -3.37422 4.76509
    endloop
  endfacet
  facet normal 0 0.134006 -0.990981
    outer loop
      vertex -5.60025 -3.3175 4.77276
      vertex -6.20025 -3.37422 4.76509
      vertex -6.20025 -3.3175 4.77276
    endloop
  endfacet
  facet normal 0 0.158216 -0.987405
    outer loop
      vertex -6.20025 -3.4307 4.75604
      vertex -5.60025 -3.37422 4.76509
      vertex -5.60025 -3.4307 4.75604
    endloop
  endfacet
  facet normal 0 0.158216 -0.987405
    outer loop
      vertex -5.60025 -3.37422 4.76509
      vertex -6.20025 -3.4307 4.75604
      vertex -6.20025 -3.37422 4.76509
    endloop
  endfacet
  facet normal 0 0.18244 -0.983217
    outer loop
      vertex -6.20025 -3.48691 4.74561
      vertex -5.60025 -3.4307 4.75604
      vertex -5.60025 -3.48691 4.74561
    endloop
  endfacet
  facet normal 0 0.18244 -0.983217
    outer loop
      vertex -5.60025 -3.4307 4.75604
      vertex -6.20025 -3.48691 4.74561
      vertex -6.20025 -3.4307 4.75604
    endloop
  endfacet
  facet normal 0 0.206769 -0.97839
    outer loop
      vertex -6.20025 -3.54284 4.73379
      vertex -5.60025 -3.48691 4.74561
      vertex -5.60025 -3.54284 4.73379
    endloop
  endfacet
  facet normal 0 0.206769 -0.97839
    outer loop
      vertex -5.60025 -3.48691 4.74561
      vertex -6.20025 -3.54284 4.73379
      vertex -6.20025 -3.48691 4.74561
    endloop
  endfacet
  facet normal 0 0.230706 -0.973023
    outer loop
      vertex -6.20025 -3.59847 4.7206
      vertex -5.60025 -3.54284 4.73379
      vertex -5.60025 -3.59847 4.7206
    endloop
  endfacet
  facet normal 0 0.230706 -0.973023
    outer loop
      vertex -5.60025 -3.54284 4.73379
      vertex -6.20025 -3.59847 4.7206
      vertex -6.20025 -3.54284 4.73379
    endloop
  endfacet
  facet normal 0 0.254777 -0.967
    outer loop
      vertex -6.20025 -3.65377 4.70603
      vertex -5.60025 -3.59847 4.7206
      vertex -5.60025 -3.65377 4.70603
    endloop
  endfacet
  facet normal 0 0.254777 -0.967
    outer loop
      vertex -5.60025 -3.59847 4.7206
      vertex -6.20025 -3.65377 4.70603
      vertex -6.20025 -3.59847 4.7206
    endloop
  endfacet
  facet normal 0 0.27855 -0.960422
    outer loop
      vertex -6.20025 -3.70873 4.69009
      vertex -5.60025 -3.65377 4.70603
      vertex -5.60025 -3.70873 4.69009
    endloop
  endfacet
  facet normal 0 0.27855 -0.960422
    outer loop
      vertex -5.60025 -3.65377 4.70603
      vertex -6.20025 -3.70873 4.69009
      vertex -6.20025 -3.65377 4.70603
    endloop
  endfacet
  facet normal 0 0.302368 -0.953191
    outer loop
      vertex -6.20025 -3.76333 4.67277
      vertex -5.60025 -3.70873 4.69009
      vertex -5.60025 -3.76333 4.67277
    endloop
  endfacet
  facet normal 0 0.302368 -0.953191
    outer loop
      vertex -5.60025 -3.70873 4.69009
      vertex -6.20025 -3.76333 4.67277
      vertex -6.20025 -3.70873 4.69009
    endloop
  endfacet
  facet normal 0 0.325421 -0.945569
    outer loop
      vertex -6.20025 -3.81755 4.65411
      vertex -5.60025 -3.76333 4.67277
      vertex -5.60025 -3.81755 4.65411
    endloop
  endfacet
  facet normal 0 0.325421 -0.945569
    outer loop
      vertex -5.60025 -3.76333 4.67277
      vertex -6.20025 -3.81755 4.65411
      vertex -6.20025 -3.76333 4.67277
    endloop
  endfacet
  facet normal 0 0.3491 -0.937085
    outer loop
      vertex -6.20025 -3.87137 4.63406
      vertex -5.60025 -3.81755 4.65411
      vertex -5.60025 -3.87137 4.63406
    endloop
  endfacet
  facet normal 0 0.3491 -0.937085
    outer loop
      vertex -5.60025 -3.81755 4.65411
      vertex -6.20025 -3.87137 4.63406
      vertex -6.20025 -3.81755 4.65411
    endloop
  endfacet
  facet normal 0 0.37199 -0.928237
    outer loop
      vertex -6.20025 -3.92477 4.61266
      vertex -5.60025 -3.87137 4.63406
      vertex -5.60025 -3.92477 4.61266
    endloop
  endfacet
  facet normal 0 0.37199 -0.928237
    outer loop
      vertex -5.60025 -3.87137 4.63406
      vertex -6.20025 -3.92477 4.61266
      vertex -6.20025 -3.87137 4.63406
    endloop
  endfacet
  facet normal 0 0.394925 -0.918713
    outer loop
      vertex -6.20025 -3.97767 4.58992
      vertex -5.60025 -3.92477 4.61266
      vertex -5.60025 -3.97767 4.58992
    endloop
  endfacet
  facet normal 0 0.394925 -0.918713
    outer loop
      vertex -5.60025 -3.92477 4.61266
      vertex -6.20025 -3.97767 4.58992
      vertex -6.20025 -3.92477 4.61266
    endloop
  endfacet
  facet normal 0 0.417492 -0.90868
    outer loop
      vertex -6.20025 -4.02995 4.5659
      vertex -5.60025 -3.97767 4.58992
      vertex -5.60025 -4.02995 4.5659
    endloop
  endfacet
  facet normal 0 0.417492 -0.90868
    outer loop
      vertex -5.60025 -3.97767 4.58992
      vertex -6.20025 -4.02995 4.5659
      vertex -6.20025 -3.97767 4.58992
    endloop
  endfacet
  facet normal 0 0.439822 -0.898085
    outer loop
      vertex -6.20025 -4.08157 4.54062
      vertex -5.60025 -4.02995 4.5659
      vertex -5.60025 -4.08157 4.54062
    endloop
  endfacet
  facet normal 0 0.439822 -0.898085
    outer loop
      vertex -5.60025 -4.02995 4.5659
      vertex -6.20025 -4.08157 4.54062
      vertex -6.20025 -4.02995 4.5659
    endloop
  endfacet
  facet normal 0 0.461846 -0.88696
    outer loop
      vertex -6.20025 -4.13252 4.51409
      vertex -5.60025 -4.08157 4.54062
      vertex -5.60025 -4.13252 4.51409
    endloop
  endfacet
  facet normal 0 0.461846 -0.88696
    outer loop
      vertex -5.60025 -4.08157 4.54062
      vertex -6.20025 -4.13252 4.51409
      vertex -6.20025 -4.08157 4.54062
    endloop
  endfacet
  facet normal 0 0.483349 -0.875428
    outer loop
      vertex -6.20025 -4.18278 4.48634
      vertex -5.60025 -4.13252 4.51409
      vertex -5.60025 -4.18278 4.48634
    endloop
  endfacet
  facet normal 0 0.483349 -0.875428
    outer loop
      vertex -5.60025 -4.13252 4.51409
      vertex -6.20025 -4.18278 4.48634
      vertex -6.20025 -4.13252 4.51409
    endloop
  endfacet
  facet normal 0 0.504802 -0.863235
    outer loop
      vertex -6.20025 -4.23232 4.45737
      vertex -5.60025 -4.18278 4.48634
      vertex -5.60025 -4.23232 4.45737
    endloop
  endfacet
  facet normal 0 0.504802 -0.863235
    outer loop
      vertex -5.60025 -4.18278 4.48634
      vertex -6.20025 -4.23232 4.45737
      vertex -6.20025 -4.18278 4.48634
    endloop
  endfacet
  facet normal 0 0.52573 -0.850651
    outer loop
      vertex -6.20025 -4.28112 4.42721
      vertex -5.60025 -4.23232 4.45737
      vertex -5.60025 -4.28112 4.42721
    endloop
  endfacet
  facet normal 0 0.52573 -0.850651
    outer loop
      vertex -5.60025 -4.23232 4.45737
      vertex -6.20025 -4.28112 4.42721
      vertex -6.20025 -4.23232 4.45737
    endloop
  endfacet
  facet normal 0 0.546507 -0.837455
    outer loop
      vertex -6.20025 -4.32916 4.39586
      vertex -5.60025 -4.28112 4.42721
      vertex -5.60025 -4.32916 4.39586
    endloop
  endfacet
  facet normal 0 0.546507 -0.837455
    outer loop
      vertex -5.60025 -4.28112 4.42721
      vertex -6.20025 -4.32916 4.39586
      vertex -6.20025 -4.28112 4.42721
    endloop
  endfacet
  facet normal 0 0.566751 -0.823889
    outer loop
      vertex -6.20025 -4.37642 4.36335
      vertex -5.60025 -4.32916 4.39586
      vertex -5.60025 -4.37642 4.36335
    endloop
  endfacet
  facet normal 0 0.566751 -0.823889
    outer loop
      vertex -5.60025 -4.32916 4.39586
      vertex -6.20025 -4.37642 4.36335
      vertex -6.20025 -4.32916 4.39586
    endloop
  endfacet
  facet normal 0 0.586668 -0.809828
    outer loop
      vertex -6.20025 -4.42287 4.3297
      vertex -5.60025 -4.37642 4.36335
      vertex -5.60025 -4.42287 4.3297
    endloop
  endfacet
  facet normal 0 0.586668 -0.809828
    outer loop
      vertex -5.60025 -4.37642 4.36335
      vertex -6.20025 -4.42287 4.3297
      vertex -6.20025 -4.37642 4.36335
    endloop
  endfacet
  facet normal 0 0.606311 -0.795228
    outer loop
      vertex -6.20025 -4.4685 4.29491
      vertex -5.60025 -4.42287 4.3297
      vertex -5.60025 -4.4685 4.29491
    endloop
  endfacet
  facet normal 0 0.606311 -0.795228
    outer loop
      vertex -5.60025 -4.42287 4.3297
      vertex -6.20025 -4.4685 4.29491
      vertex -6.20025 -4.42287 4.3297
    endloop
  endfacet
  facet normal 0 0.625396 -0.780307
    outer loop
      vertex -6.20025 -4.51328 4.25902
      vertex -5.60025 -4.4685 4.29491
      vertex -5.60025 -4.51328 4.25902
    endloop
  endfacet
  facet normal 0 0.625396 -0.780307
    outer loop
      vertex -5.60025 -4.4685 4.29491
      vertex -6.20025 -4.51328 4.25902
      vertex -6.20025 -4.4685 4.29491
    endloop
  endfacet
  facet normal 0 0.644372 -0.764712
    outer loop
      vertex -6.20025 -4.55719 4.22202
      vertex -5.60025 -4.51328 4.25902
      vertex -5.60025 -4.55719 4.22202
    endloop
  endfacet
  facet normal 0 0.644372 -0.764712
    outer loop
      vertex -5.60025 -4.51328 4.25902
      vertex -6.20025 -4.55719 4.22202
      vertex -6.20025 -4.51328 4.25902
    endloop
  endfacet
  facet normal 0 0.662623 -0.748953
    outer loop
      vertex -6.20025 -4.60022 4.18395
      vertex -5.60025 -4.55719 4.22202
      vertex -5.60025 -4.60022 4.18395
    endloop
  endfacet
  facet normal 0 0.662623 -0.748953
    outer loop
      vertex -5.60025 -4.55719 4.22202
      vertex -6.20025 -4.60022 4.18395
      vertex -6.20025 -4.55719 4.22202
    endloop
  endfacet
  facet normal 0 0.680805 -0.732465
    outer loop
      vertex -6.20025 -4.64233 4.14481
      vertex -5.60025 -4.60022 4.18395
      vertex -5.60025 -4.64233 4.14481
    endloop
  endfacet
  facet normal 0 0.680805 -0.732465
    outer loop
      vertex -5.60025 -4.60022 4.18395
      vertex -6.20025 -4.64233 4.14481
      vertex -6.20025 -4.60022 4.18395
    endloop
  endfacet
  facet normal 0 0.698361 -0.715746
    outer loop
      vertex -6.20025 -4.6835 4.10464
      vertex -5.60025 -4.64233 4.14481
      vertex -5.60025 -4.6835 4.10464
    endloop
  endfacet
  facet normal 0 0.698361 -0.715746
    outer loop
      vertex -5.60025 -4.64233 4.14481
      vertex -6.20025 -4.6835 4.10464
      vertex -6.20025 -4.64233 4.14481
    endloop
  endfacet
  facet normal 0 0.715655 -0.698454
    outer loop
      vertex -5.60025 -4.7237 4.06345
      vertex -6.20025 -4.6835 4.10464
      vertex -5.60025 -4.6835 4.10464
    endloop
  endfacet
  facet normal 0 0.715655 -0.698454
    outer loop
      vertex -6.20025 -4.6835 4.10464
      vertex -5.60025 -4.7237 4.06345
      vertex -6.20025 -4.7237 4.06345
    endloop
  endfacet
  facet normal 0 0.732459 -0.680811
    outer loop
      vertex -5.60025 -4.76285 4.02133
      vertex -6.20025 -4.7237 4.06345
      vertex -5.60025 -4.7237 4.06345
    endloop
  endfacet
  facet normal 0 0.732459 -0.680811
    outer loop
      vertex -6.20025 -4.7237 4.06345
      vertex -5.60025 -4.76285 4.02133
      vertex -6.20025 -4.76285 4.02133
    endloop
  endfacet
  facet normal 0 0.748867 -0.66272
    outer loop
      vertex -5.60025 -4.80093 3.9783
      vertex -6.20025 -4.76285 4.02133
      vertex -5.60025 -4.76285 4.02133
    endloop
  endfacet
  facet normal 0 0.748867 -0.66272
    outer loop
      vertex -6.20025 -4.76285 4.02133
      vertex -5.60025 -4.80093 3.9783
      vertex -6.20025 -4.80093 3.9783
    endloop
  endfacet
  facet normal 0 0.764857 -0.6442
    outer loop
      vertex -5.60025 -4.83793 3.93437
      vertex -6.20025 -4.80093 3.9783
      vertex -5.60025 -4.80093 3.9783
    endloop
  endfacet
  facet normal 0 0.764857 -0.6442
    outer loop
      vertex -6.20025 -4.80093 3.9783
      vertex -5.60025 -4.83793 3.93437
      vertex -6.20025 -4.83793 3.93437
    endloop
  endfacet
  facet normal 0 0.780222 -0.625502
    outer loop
      vertex -5.60025 -4.87383 3.88959
      vertex -6.20025 -4.83793 3.93437
      vertex -5.60025 -4.83793 3.93437
    endloop
  endfacet
  facet normal 0 0.780222 -0.625502
    outer loop
      vertex -6.20025 -4.83793 3.93437
      vertex -5.60025 -4.87383 3.88959
      vertex -6.20025 -4.87383 3.88959
    endloop
  endfacet
  facet normal 0 0.795292 -0.606227
    outer loop
      vertex -5.60025 -4.90862 3.84395
      vertex -6.20025 -4.87383 3.88959
      vertex -5.60025 -4.87383 3.88959
    endloop
  endfacet
  facet normal 0 0.795292 -0.606227
    outer loop
      vertex -6.20025 -4.87383 3.88959
      vertex -5.60025 -4.90862 3.84395
      vertex -6.20025 -4.90862 3.84395
    endloop
  endfacet
  facet normal 0 0.809805 -0.586699
    outer loop
      vertex -5.60025 -4.94228 3.79749
      vertex -6.20025 -4.90862 3.84395
      vertex -5.60025 -4.90862 3.84395
    endloop
  endfacet
  facet normal 0 0.809805 -0.586699
    outer loop
      vertex -6.20025 -4.90862 3.84395
      vertex -5.60025 -4.94228 3.79749
      vertex -6.20025 -4.94228 3.79749
    endloop
  endfacet
  facet normal 0 0.823889 -0.566751
    outer loop
      vertex -5.60025 -4.97479 3.75023
      vertex -6.20025 -4.94228 3.79749
      vertex -5.60025 -4.94228 3.79749
    endloop
  endfacet
  facet normal 0 0.823889 -0.566751
    outer loop
      vertex -6.20025 -4.94228 3.79749
      vertex -5.60025 -4.97479 3.75023
      vertex -6.20025 -4.97479 3.75023
    endloop
  endfacet
  facet normal 0 0.837455 -0.546507
    outer loop
      vertex -5.60025 -5.00614 3.70219
      vertex -6.20025 -4.97479 3.75023
      vertex -5.60025 -4.97479 3.75023
    endloop
  endfacet
  facet normal 0 0.837455 -0.546507
    outer loop
      vertex -6.20025 -4.97479 3.75023
      vertex -5.60025 -5.00614 3.70219
      vertex -6.20025 -5.00614 3.70219
    endloop
  endfacet
  facet normal 0 0.850621 -0.525779
    outer loop
      vertex -5.60025 -5.03631 3.65338
      vertex -6.20025 -5.00614 3.70219
      vertex -5.60025 -5.00614 3.70219
    endloop
  endfacet
  facet normal 0 0.850621 -0.525779
    outer loop
      vertex -6.20025 -5.00614 3.70219
      vertex -5.60025 -5.03631 3.65338
      vertex -6.20025 -5.03631 3.65338
    endloop
  endfacet
  facet normal 0 0.863235 -0.504802
    outer loop
      vertex -5.60025 -5.06528 3.60384
      vertex -6.20025 -5.03631 3.65338
      vertex -5.60025 -5.03631 3.65338
    endloop
  endfacet
  facet normal 0 0.863235 -0.504802
    outer loop
      vertex -6.20025 -5.03631 3.65338
      vertex -5.60025 -5.06528 3.60384
      vertex -6.20025 -5.06528 3.60384
    endloop
  endfacet
  facet normal 0 0.875428 -0.483349
    outer loop
      vertex -5.60025 -5.09303 3.55358
      vertex -6.20025 -5.06528 3.60384
      vertex -5.60025 -5.06528 3.60384
    endloop
  endfacet
  facet normal 0 0.875428 -0.483349
    outer loop
      vertex -6.20025 -5.06528 3.60384
      vertex -5.60025 -5.09303 3.55358
      vertex -6.20025 -5.09303 3.55358
    endloop
  endfacet
  facet normal 0 0.88696 -0.461846
    outer loop
      vertex -5.60025 -5.11956 3.50263
      vertex -6.20025 -5.09303 3.55358
      vertex -5.60025 -5.09303 3.55358
    endloop
  endfacet
  facet normal 0 0.88696 -0.461846
    outer loop
      vertex -6.20025 -5.09303 3.55358
      vertex -5.60025 -5.11956 3.50263
      vertex -6.20025 -5.11956 3.50263
    endloop
  endfacet
  facet normal 0 0.898085 -0.439822
    outer loop
      vertex -5.60025 -5.14484 3.45101
      vertex -6.20025 -5.11956 3.50263
      vertex -5.60025 -5.11956 3.50263
    endloop
  endfacet
  facet normal 0 0.898085 -0.439822
    outer loop
      vertex -6.20025 -5.11956 3.50263
      vertex -5.60025 -5.14484 3.45101
      vertex -6.20025 -5.14484 3.45101
    endloop
  endfacet
  facet normal 0 0.90865 -0.417558
    outer loop
      vertex -5.60025 -5.16886 3.39874
      vertex -6.20025 -5.14484 3.45101
      vertex -5.60025 -5.14484 3.45101
    endloop
  endfacet
  facet normal 0 0.90865 -0.417558
    outer loop
      vertex -6.20025 -5.14484 3.45101
      vertex -5.60025 -5.16886 3.39874
      vertex -6.20025 -5.16886 3.39874
    endloop
  endfacet
  facet normal 0 0.918713 -0.394925
    outer loop
      vertex -5.60025 -5.1916 3.34584
      vertex -6.20025 -5.16886 3.39874
      vertex -5.60025 -5.16886 3.39874
    endloop
  endfacet
  facet normal 0 0.918713 -0.394925
    outer loop
      vertex -6.20025 -5.16886 3.39874
      vertex -5.60025 -5.1916 3.34584
      vertex -6.20025 -5.1916 3.34584
    endloop
  endfacet
  facet normal 0 0.928237 -0.37199
    outer loop
      vertex -5.60025 -5.213 3.29244
      vertex -6.20025 -5.1916 3.34584
      vertex -5.60025 -5.1916 3.34584
    endloop
  endfacet
  facet normal 0 0.928237 -0.37199
    outer loop
      vertex -6.20025 -5.1916 3.34584
      vertex -5.60025 -5.213 3.29244
      vertex -6.20025 -5.213 3.29244
    endloop
  endfacet
  facet normal 0 0.937085 -0.3491
    outer loop
      vertex -5.60025 -5.23305 3.23862
      vertex -6.20025 -5.213 3.29244
      vertex -5.60025 -5.213 3.29244
    endloop
  endfacet
  facet normal 0 0.937085 -0.3491
    outer loop
      vertex -6.20025 -5.213 3.29244
      vertex -5.60025 -5.23305 3.23862
      vertex -6.20025 -5.23305 3.23862
    endloop
  endfacet
  facet normal 0 0.94548 -0.325679
    outer loop
      vertex -5.60025 -5.25173 3.18439
      vertex -6.20025 -5.23305 3.23862
      vertex -5.60025 -5.23305 3.23862
    endloop
  endfacet
  facet normal 0 0.94548 -0.325679
    outer loop
      vertex -6.20025 -5.23305 3.23862
      vertex -5.60025 -5.25173 3.18439
      vertex -6.20025 -5.25173 3.18439
    endloop
  endfacet
  facet normal 0 0.953258 -0.302159
    outer loop
      vertex -5.60025 -5.26904 3.12978
      vertex -6.20025 -5.25173 3.18439
      vertex -5.60025 -5.25173 3.18439
    endloop
  endfacet
  facet normal 0 0.953258 -0.302159
    outer loop
      vertex -6.20025 -5.25173 3.18439
      vertex -5.60025 -5.26904 3.12978
      vertex -6.20025 -5.26904 3.12978
    endloop
  endfacet
  facet normal 0 0.960422 -0.27855
    outer loop
      vertex -5.60025 -5.28498 3.07482
      vertex -6.20025 -5.26904 3.12978
      vertex -5.60025 -5.26904 3.12978
    endloop
  endfacet
  facet normal 0 0.960422 -0.27855
    outer loop
      vertex -6.20025 -5.26904 3.12978
      vertex -5.60025 -5.28498 3.07482
      vertex -6.20025 -5.28498 3.07482
    endloop
  endfacet
  facet normal 0 0.967 -0.254777
    outer loop
      vertex -5.60025 -5.29955 3.01952
      vertex -6.20025 -5.28498 3.07482
      vertex -5.60025 -5.28498 3.07482
    endloop
  endfacet
  facet normal 0 0.967 -0.254777
    outer loop
      vertex -6.20025 -5.28498 3.07482
      vertex -5.60025 -5.29955 3.01952
      vertex -6.20025 -5.29955 3.01952
    endloop
  endfacet
  facet normal 0 0.973033 -0.230667
    outer loop
      vertex -5.60025 -5.31274 2.96388
      vertex -6.20025 -5.29955 3.01952
      vertex -5.60025 -5.29955 3.01952
    endloop
  endfacet
  facet normal 0 0.973033 -0.230667
    outer loop
      vertex -6.20025 -5.29955 3.01952
      vertex -5.60025 -5.31274 2.96388
      vertex -6.20025 -5.31274 2.96388
    endloop
  endfacet
  facet normal 0 0.978397 -0.206733
    outer loop
      vertex -5.60025 -5.32456 2.90794
      vertex -6.20025 -5.31274 2.96388
      vertex -5.60025 -5.31274 2.96388
    endloop
  endfacet
  facet normal 0 0.978397 -0.206733
    outer loop
      vertex -6.20025 -5.31274 2.96388
      vertex -5.60025 -5.32456 2.90794
      vertex -6.20025 -5.32456 2.90794
    endloop
  endfacet
  facet normal 0 0.98318 -0.182641
    outer loop
      vertex -5.60025 -5.335 2.85174
      vertex -6.20025 -5.32456 2.90794
      vertex -5.60025 -5.32456 2.90794
    endloop
  endfacet
  facet normal 0 0.98318 -0.182641
    outer loop
      vertex -6.20025 -5.32456 2.90794
      vertex -5.60025 -5.335 2.85174
      vertex -6.20025 -5.335 2.85174
    endloop
  endfacet
  facet normal 0 0.987405 -0.158216
    outer loop
      vertex -5.60025 -5.34405 2.79526
      vertex -6.20025 -5.335 2.85174
      vertex -5.60025 -5.335 2.85174
    endloop
  endfacet
  facet normal 0 0.987405 -0.158216
    outer loop
      vertex -6.20025 -5.335 2.85174
      vertex -5.60025 -5.34405 2.79526
      vertex -6.20025 -5.34405 2.79526
    endloop
  endfacet
  facet normal 0 0.990984 -0.133983
    outer loop
      vertex -5.60025 -5.35172 2.73853
      vertex -6.20025 -5.34405 2.79526
      vertex -5.60025 -5.34405 2.79526
    endloop
  endfacet
  facet normal 0 0.990984 -0.133983
    outer loop
      vertex -6.20025 -5.34405 2.79526
      vertex -5.60025 -5.35172 2.73853
      vertex -6.20025 -5.35172 2.73853
    endloop
  endfacet
  facet normal 0 0.993973 -0.109627
    outer loop
      vertex -5.60025 -5.358 2.68159
      vertex -6.20025 -5.35172 2.73853
      vertex -5.60025 -5.35172 2.73853
    endloop
  endfacet
  facet normal 0 0.993973 -0.109627
    outer loop
      vertex -6.20025 -5.35172 2.73853
      vertex -5.60025 -5.358 2.68159
      vertex -6.20025 -5.358 2.68159
    endloop
  endfacet
  facet normal 0 0.996361 -0.085238
    outer loop
      vertex -5.60025 -5.36289 2.62443
      vertex -6.20025 -5.358 2.68159
      vertex -5.60025 -5.358 2.68159
    endloop
  endfacet
  facet normal 0 0.996361 -0.085238
    outer loop
      vertex -6.20025 -5.358 2.68159
      vertex -5.60025 -5.36289 2.62443
      vertex -6.20025 -5.36289 2.62443
    endloop
  endfacet
  facet normal 0 0.998153 -0.0607526
    outer loop
      vertex -5.60025 -5.36638 2.56709
      vertex -6.20025 -5.36289 2.62443
      vertex -5.60025 -5.36289 2.62443
    endloop
  endfacet
  facet normal 0 0.998153 -0.0607526
    outer loop
      vertex -6.20025 -5.36289 2.62443
      vertex -5.60025 -5.36638 2.56709
      vertex -6.20025 -5.36638 2.56709
    endloop
  endfacet
  facet normal 0 0.999334 -0.0364911
    outer loop
      vertex -5.60025 -5.36848 2.50958
      vertex -6.20025 -5.36638 2.56709
      vertex -5.60025 -5.36638 2.56709
    endloop
  endfacet
  facet normal 0 0.999334 -0.0364911
    outer loop
      vertex -6.20025 -5.36638 2.56709
      vertex -5.60025 -5.36848 2.50958
      vertex -6.20025 -5.36848 2.50958
    endloop
  endfacet
  facet normal 0 0.999926 -0.0121434
    outer loop
      vertex -5.60025 -5.36918 2.45194
      vertex -6.20025 -5.36848 2.50958
      vertex -5.60025 -5.36848 2.50958
    endloop
  endfacet
  facet normal 0 0.999926 -0.0121434
    outer loop
      vertex -6.20025 -5.36848 2.50958
      vertex -5.60025 -5.36918 2.45194
      vertex -6.20025 -5.36918 2.45194
    endloop
  endfacet
  facet normal 0 -0.999926 -0.0121434
    outer loop
      vertex -6.20025 -0.6926 2.45194
      vertex -5.60025 -0.6933 2.50958
      vertex -6.20025 -0.6933 2.50958
    endloop
  endfacet
  facet normal 0 -0.999926 -0.0121434
    outer loop
      vertex -5.60025 -0.6933 2.50958
      vertex -6.20025 -0.6926 2.45194
      vertex -5.60025 -0.6926 2.45194
    endloop
  endfacet
  facet normal 0 -0.999334 -0.0364911
    outer loop
      vertex -6.20025 -0.6933 2.50958
      vertex -5.60025 -0.6954 2.56709
      vertex -6.20025 -0.6954 2.56709
    endloop
  endfacet
  facet normal 0 -0.999334 -0.0364911
    outer loop
      vertex -5.60025 -0.6954 2.56709
      vertex -6.20025 -0.6933 2.50958
      vertex -5.60025 -0.6933 2.50958
    endloop
  endfacet
  facet normal 0 -0.998147 -0.0608461
    outer loop
      vertex -6.20025 -0.6954 2.56709
      vertex -5.60025 -0.698896 2.62444
      vertex -6.20025 -0.698896 2.62444
    endloop
  endfacet
  facet normal 0 -0.998147 -0.0608461
    outer loop
      vertex -5.60025 -0.698896 2.62444
      vertex -6.20025 -0.6954 2.56709
      vertex -5.60025 -0.6954 2.56709
    endloop
  endfacet
  facet normal 0 -0.996358 -0.0852701
    outer loop
      vertex -6.20025 -0.698896 2.62444
      vertex -5.60025 -0.703787 2.68159
      vertex -6.20025 -0.703787 2.68159
    endloop
  endfacet
  facet normal 0 -0.996358 -0.0852701
    outer loop
      vertex -5.60025 -0.703787 2.68159
      vertex -6.20025 -0.698896 2.62444
      vertex -5.60025 -0.698896 2.62444
    endloop
  endfacet
  facet normal 0 -0.993973 -0.109627
    outer loop
      vertex -6.20025 -0.703787 2.68159
      vertex -5.60025 -0.710067 2.73853
      vertex -6.20025 -0.710067 2.73853
    endloop
  endfacet
  facet normal 0 -0.993973 -0.109627
    outer loop
      vertex -5.60025 -0.710067 2.73853
      vertex -6.20025 -0.703787 2.68159
      vertex -5.60025 -0.703787 2.68159
    endloop
  endfacet
  facet normal 0 -0.990985 -0.133972
    outer loop
      vertex -6.20025 -0.710067 2.73853
      vertex -5.60025 -0.717735 2.79525
      vertex -6.20025 -0.717735 2.79525
    endloop
  endfacet
  facet normal 0 -0.990985 -0.133972
    outer loop
      vertex -5.60025 -0.717735 2.79525
      vertex -6.20025 -0.710067 2.73853
      vertex -5.60025 -0.710067 2.73853
    endloop
  endfacet
  facet normal 0 -0.987391 -0.158301
    outer loop
      vertex -6.20025 -0.717735 2.79525
      vertex -5.60025 -0.72679 2.85173
      vertex -6.20025 -0.72679 2.85173
    endloop
  endfacet
  facet normal 0 -0.987391 -0.158301
    outer loop
      vertex -5.60025 -0.72679 2.85173
      vertex -6.20025 -0.717735 2.79525
      vertex -5.60025 -0.717735 2.79525
    endloop
  endfacet
  facet normal 0 -0.983192 -0.182575
    outer loop
      vertex -6.20025 -0.72679 2.85173
      vertex -5.60025 -0.737228 2.90794
      vertex -6.20025 -0.737228 2.90794
    endloop
  endfacet
  facet normal 0 -0.983192 -0.182575
    outer loop
      vertex -5.60025 -0.737228 2.90794
      vertex -6.20025 -0.72679 2.85173
      vertex -5.60025 -0.72679 2.85173
    endloop
  endfacet
  facet normal 0 -0.978404 -0.2067
    outer loop
      vertex -6.20025 -0.737228 2.90794
      vertex -5.60025 -0.749046 2.96388
      vertex -6.20025 -0.749046 2.96388
    endloop
  endfacet
  facet normal 0 -0.978404 -0.2067
    outer loop
      vertex -5.60025 -0.749046 2.96388
      vertex -6.20025 -0.737228 2.90794
      vertex -5.60025 -0.737228 2.90794
    endloop
  endfacet
  facet normal 0 -0.972985 -0.230867
    outer loop
      vertex -6.20025 -0.749046 2.96388
      vertex -5.60025 -0.762241 3.01949
      vertex -6.20025 -0.762241 3.01949
    endloop
  endfacet
  facet normal 0 -0.972985 -0.230867
    outer loop
      vertex -5.60025 -0.762241 3.01949
      vertex -6.20025 -0.749046 2.96388
      vertex -5.60025 -0.749046 2.96388
    endloop
  endfacet
  facet normal 0 -0.967007 -0.254751
    outer loop
      vertex -6.20025 -0.762241 3.01949
      vertex -5.60025 -0.776812 3.0748
      vertex -6.20025 -0.776812 3.0748
    endloop
  endfacet
  facet normal 0 -0.967007 -0.254751
    outer loop
      vertex -5.60025 -0.776812 3.0748
      vertex -6.20025 -0.762241 3.01949
      vertex -5.60025 -0.762241 3.01949
    endloop
  endfacet
  facet normal 0 -0.960412 -0.278582
    outer loop
      vertex -6.20025 -0.776812 3.0748
      vertex -5.60025 -0.792754 3.12976
      vertex -6.20025 -0.792754 3.12976
    endloop
  endfacet
  facet normal 0 -0.960412 -0.278582
    outer loop
      vertex -5.60025 -0.792754 3.12976
      vertex -6.20025 -0.776812 3.0748
      vertex -5.60025 -0.776812 3.0748
    endloop
  endfacet
  facet normal 0 -0.953232 -0.302241
    outer loop
      vertex -6.20025 -0.792754 3.12976
      vertex -5.60025 -0.810066 3.18436
      vertex -6.20025 -0.810066 3.18436
    endloop
  endfacet
  facet normal 0 -0.953232 -0.302241
    outer loop
      vertex -5.60025 -0.810066 3.18436
      vertex -6.20025 -0.792754 3.12976
      vertex -5.60025 -0.792754 3.12976
    endloop
  endfacet
  facet normal 0 -0.945443 -0.325786
    outer loop
      vertex -6.20025 -0.810066 3.18436
      vertex -5.60025 -0.828746 3.23857
      vertex -6.20025 -0.828746 3.23857
    endloop
  endfacet
  facet normal 0 -0.945443 -0.325786
    outer loop
      vertex -5.60025 -0.828746 3.23857
      vertex -6.20025 -0.810066 3.18436
      vertex -5.60025 -0.810066 3.18436
    endloop
  endfacet
  facet normal 0 -0.937131 -0.348978
    outer loop
      vertex -6.20025 -0.828746 3.23857
      vertex -5.60025 -0.848788 3.29239
      vertex -6.20025 -0.848788 3.29239
    endloop
  endfacet
  facet normal 0 -0.937131 -0.348978
    outer loop
      vertex -5.60025 -0.848788 3.29239
      vertex -6.20025 -0.828746 3.23857
      vertex -5.60025 -0.828746 3.23857
    endloop
  endfacet
  facet normal 0 -0.928213 -0.37205
    outer loop
      vertex -6.20025 -0.848788 3.29239
      vertex -5.60025 -0.870192 3.34579
      vertex -6.20025 -0.870192 3.34579
    endloop
  endfacet
  facet normal 0 -0.928213 -0.37205
    outer loop
      vertex -5.60025 -0.870192 3.34579
      vertex -6.20025 -0.848788 3.29239
      vertex -5.60025 -0.848788 3.29239
    endloop
  endfacet
  facet normal 0 -0.918701 -0.394954
    outer loop
      vertex -6.20025 -0.870192 3.34579
      vertex -5.60025 -0.892934 3.39869
      vertex -6.20025 -0.892934 3.39869
    endloop
  endfacet
  facet normal 0 -0.918701 -0.394954
    outer loop
      vertex -5.60025 -0.892934 3.39869
      vertex -6.20025 -0.870192 3.34579
      vertex -5.60025 -0.870192 3.34579
    endloop
  endfacet
  facet normal 0 -0.908657 -0.417544
    outer loop
      vertex -6.20025 -0.892934 3.39869
      vertex -5.60025 -0.916953 3.45096
      vertex -6.20025 -0.916953 3.45096
    endloop
  endfacet
  facet normal 0 -0.908657 -0.417544
    outer loop
      vertex -5.60025 -0.916953 3.45096
      vertex -6.20025 -0.892934 3.39869
      vertex -5.60025 -0.892934 3.39869
    endloop
  endfacet
  facet normal 0 -0.898098 -0.439795
    outer loop
      vertex -6.20025 -0.916953 3.45096
      vertex -5.60025 -0.942236 3.50259
      vertex -6.20025 -0.942236 3.50259
    endloop
  endfacet
  facet normal 0 -0.898098 -0.439795
    outer loop
      vertex -5.60025 -0.942236 3.50259
      vertex -6.20025 -0.916953 3.45096
      vertex -5.60025 -0.916953 3.45096
    endloop
  endfacet
  facet normal 0 -0.886974 -0.461819
    outer loop
      vertex -6.20025 -0.942236 3.50259
      vertex -5.60025 -0.968764 3.55354
      vertex -6.20025 -0.968764 3.55354
    endloop
  endfacet
  facet normal 0 -0.886974 -0.461819
    outer loop
      vertex -5.60025 -0.968764 3.55354
      vertex -6.20025 -0.942236 3.50259
      vertex -5.60025 -0.942236 3.50259
    endloop
  endfacet
  facet normal 0 -0.875328 -0.483529
    outer loop
      vertex -6.20025 -0.968764 3.55354
      vertex -5.60025 -0.996522 3.60379
      vertex -6.20025 -0.996522 3.60379
    endloop
  endfacet
  facet normal 0 -0.875328 -0.483529
    outer loop
      vertex -5.60025 -0.996522 3.60379
      vertex -6.20025 -0.968764 3.55354
      vertex -5.60025 -0.968764 3.55354
    endloop
  endfacet
  facet normal 0 -0.86325 -0.504777
    outer loop
      vertex -6.20025 -0.996522 3.60379
      vertex -5.60025 -1.02549 3.65333
      vertex -6.20025 -1.02549 3.65333
    endloop
  endfacet
  facet normal 0 -0.86325 -0.504777
    outer loop
      vertex -5.60025 -1.02549 3.65333
      vertex -6.20025 -0.996522 3.60379
      vertex -5.60025 -0.996522 3.60379
    endloop
  endfacet
  facet normal 0 -0.850573 -0.525856
    outer loop
      vertex -6.20025 -1.02549 3.65333
      vertex -5.60025 -1.05566 3.70213
      vertex -6.20025 -1.05566 3.70213
    endloop
  endfacet
  facet normal 0 -0.850573 -0.525856
    outer loop
      vertex -5.60025 -1.05566 3.70213
      vertex -6.20025 -1.02549 3.65333
      vertex -5.60025 -1.02549 3.65333
    endloop
  endfacet
  facet normal 0 -0.837455 -0.546507
    outer loop
      vertex -6.20025 -1.05566 3.70213
      vertex -5.60025 -1.08701 3.75017
      vertex -6.20025 -1.08701 3.75017
    endloop
  endfacet
  facet normal 0 -0.837455 -0.546507
    outer loop
      vertex -5.60025 -1.08701 3.75017
      vertex -6.20025 -1.05566 3.70213
      vertex -5.60025 -1.05566 3.70213
    endloop
  endfacet
  facet normal 0 -0.823971 -0.566632
    outer loop
      vertex -6.20025 -1.08701 3.75017
      vertex -5.60025 -1.11951 3.79743
      vertex -6.20025 -1.11951 3.79743
    endloop
  endfacet
  facet normal 0 -0.823971 -0.566632
    outer loop
      vertex -5.60025 -1.11951 3.79743
      vertex -6.20025 -1.08701 3.75017
      vertex -5.60025 -1.08701 3.75017
    endloop
  endfacet
  facet normal 0 -0.809745 -0.586782
    outer loop
      vertex -6.20025 -1.11951 3.79743
      vertex -5.60025 -1.15317 3.84388
      vertex -6.20025 -1.15317 3.84388
    endloop
  endfacet
  facet normal 0 -0.809745 -0.586782
    outer loop
      vertex -5.60025 -1.15317 3.84388
      vertex -6.20025 -1.11951 3.79743
      vertex -5.60025 -1.11951 3.79743
    endloop
  endfacet
  facet normal 0 -0.795312 -0.606201
    outer loop
      vertex -6.20025 -1.15317 3.84388
      vertex -5.60025 -1.18795 3.88951
      vertex -6.20025 -1.18795 3.88951
    endloop
  endfacet
  facet normal 0 -0.795312 -0.606201
    outer loop
      vertex -5.60025 -1.18795 3.88951
      vertex -6.20025 -1.15317 3.84388
      vertex -5.60025 -1.15317 3.84388
    endloop
  endfacet
  facet normal 0 -0.780222 -0.625502
    outer loop
      vertex -6.20025 -1.18795 3.88951
      vertex -5.60025 -1.22385 3.93429
      vertex -6.20025 -1.22385 3.93429
    endloop
  endfacet
  facet normal 0 -0.780222 -0.625502
    outer loop
      vertex -5.60025 -1.22385 3.93429
      vertex -6.20025 -1.18795 3.88951
      vertex -5.60025 -1.18795 3.88951
    endloop
  endfacet
  facet normal 0 -0.764798 -0.64427
    outer loop
      vertex -6.20025 -1.22385 3.93429
      vertex -5.60025 -1.26084 3.9782
      vertex -6.20025 -1.26084 3.9782
    endloop
  endfacet
  facet normal 0 -0.764798 -0.64427
    outer loop
      vertex -5.60025 -1.26084 3.9782
      vertex -6.20025 -1.22385 3.93429
      vertex -5.60025 -1.22385 3.93429
    endloop
  endfacet
  facet normal 0 -0.748953 -0.662623
    outer loop
      vertex -6.20025 -1.26084 3.9782
      vertex -5.60025 -1.29891 4.02123
      vertex -6.20025 -1.29891 4.02123
    endloop
  endfacet
  facet normal 0 -0.748953 -0.662623
    outer loop
      vertex -5.60025 -1.29891 4.02123
      vertex -6.20025 -1.26084 3.9782
      vertex -5.60025 -1.26084 3.9782
    endloop
  endfacet
  facet normal 0 -0.732384 -0.680891
    outer loop
      vertex -6.20025 -1.29891 4.02123
      vertex -5.60025 -1.33805 4.06333
      vertex -6.20025 -1.33805 4.06333
    endloop
  endfacet
  facet normal 0 -0.732384 -0.680891
    outer loop
      vertex -5.60025 -1.33805 4.06333
      vertex -6.20025 -1.29891 4.02123
      vertex -5.60025 -1.29891 4.02123
    endloop
  endfacet
  facet normal 0 -0.715744 -0.698363
    outer loop
      vertex -6.20025 -1.33805 4.06333
      vertex -5.60025 -1.37823 4.10451
      vertex -6.20025 -1.37823 4.10451
    endloop
  endfacet
  facet normal 0 -0.715744 -0.698363
    outer loop
      vertex -5.60025 -1.37823 4.10451
      vertex -6.20025 -1.33805 4.06333
      vertex -5.60025 -1.33805 4.06333
    endloop
  endfacet
  facet normal 0 -0.698365 -0.715742
    outer loop
      vertex -6.20025 -1.41942 4.1447
      vertex -5.60025 -1.37823 4.10451
      vertex -5.60025 -1.41942 4.1447
    endloop
  endfacet
  facet normal -0 -0.698365 -0.715742
    outer loop
      vertex -5.60025 -1.37823 4.10451
      vertex -6.20025 -1.41942 4.1447
      vertex -6.20025 -1.37823 4.10451
    endloop
  endfacet
  facet normal 0 -0.680811 -0.732459
    outer loop
      vertex -6.20025 -1.46154 4.18385
      vertex -5.60025 -1.41942 4.1447
      vertex -5.60025 -1.46154 4.18385
    endloop
  endfacet
  facet normal -0 -0.680811 -0.732459
    outer loop
      vertex -5.60025 -1.41942 4.1447
      vertex -6.20025 -1.46154 4.18385
      vertex -6.20025 -1.41942 4.1447
    endloop
  endfacet
  facet normal 0 -0.66272 -0.748867
    outer loop
      vertex -6.20025 -1.50457 4.22193
      vertex -5.60025 -1.46154 4.18385
      vertex -5.60025 -1.50457 4.22193
    endloop
  endfacet
  facet normal -0 -0.66272 -0.748867
    outer loop
      vertex -5.60025 -1.46154 4.18385
      vertex -6.20025 -1.50457 4.22193
      vertex -6.20025 -1.46154 4.18385
    endloop
  endfacet
  facet normal 0 -0.644286 -0.764785
    outer loop
      vertex -6.20025 -1.54849 4.25893
      vertex -5.60025 -1.50457 4.22193
      vertex -5.60025 -1.54849 4.25893
    endloop
  endfacet
  facet normal -0 -0.644286 -0.764785
    outer loop
      vertex -5.60025 -1.50457 4.22193
      vertex -6.20025 -1.54849 4.25893
      vertex -6.20025 -1.50457 4.22193
    endloop
  endfacet
  facet normal 0 -0.625608 -0.780137
    outer loop
      vertex -6.20025 -1.59327 4.29484
      vertex -5.60025 -1.54849 4.25893
      vertex -5.60025 -1.59327 4.29484
    endloop
  endfacet
  facet normal -0 -0.625608 -0.780137
    outer loop
      vertex -5.60025 -1.54849 4.25893
      vertex -6.20025 -1.59327 4.29484
      vertex -6.20025 -1.54849 4.25893
    endloop
  endfacet
  facet normal 0 -0.606227 -0.795292
    outer loop
      vertex -6.20025 -1.63891 4.32963
      vertex -5.60025 -1.59327 4.29484
      vertex -5.60025 -1.63891 4.32963
    endloop
  endfacet
  facet normal -0 -0.606227 -0.795292
    outer loop
      vertex -5.60025 -1.59327 4.29484
      vertex -6.20025 -1.63891 4.32963
      vertex -6.20025 -1.59327 4.29484
    endloop
  endfacet
  facet normal 0 -0.586699 -0.809805
    outer loop
      vertex -6.20025 -1.68537 4.36329
      vertex -5.60025 -1.63891 4.32963
      vertex -5.60025 -1.68537 4.36329
    endloop
  endfacet
  facet normal -0 -0.586699 -0.809805
    outer loop
      vertex -5.60025 -1.63891 4.32963
      vertex -6.20025 -1.68537 4.36329
      vertex -6.20025 -1.63891 4.32963
    endloop
  endfacet
  facet normal 0 -0.566751 -0.823889
    outer loop
      vertex -6.20025 -1.73263 4.3958
      vertex -5.60025 -1.68537 4.36329
      vertex -5.60025 -1.73263 4.3958
    endloop
  endfacet
  facet normal -0 -0.566751 -0.823889
    outer loop
      vertex -5.60025 -1.68537 4.36329
      vertex -6.20025 -1.73263 4.3958
      vertex -6.20025 -1.68537 4.36329
    endloop
  endfacet
  facet normal 0 -0.546507 -0.837455
    outer loop
      vertex -6.20025 -1.78067 4.42715
      vertex -5.60025 -1.73263 4.3958
      vertex -5.60025 -1.78067 4.42715
    endloop
  endfacet
  facet normal -0 -0.546507 -0.837455
    outer loop
      vertex -5.60025 -1.73263 4.3958
      vertex -6.20025 -1.78067 4.42715
      vertex -6.20025 -1.73263 4.3958
    endloop
  endfacet
  facet normal 0 -0.52573 -0.850651
    outer loop
      vertex -6.20025 -1.82947 4.45731
      vertex -5.60025 -1.78067 4.42715
      vertex -5.60025 -1.82947 4.45731
    endloop
  endfacet
  facet normal -0 -0.52573 -0.850651
    outer loop
      vertex -5.60025 -1.78067 4.42715
      vertex -6.20025 -1.82947 4.45731
      vertex -6.20025 -1.78067 4.42715
    endloop
  endfacet
  facet normal 0 -0.504932 -0.863159
    outer loop
      vertex -6.20025 -1.87901 4.48629
      vertex -5.60025 -1.82947 4.45731
      vertex -5.60025 -1.87901 4.48629
    endloop
  endfacet
  facet normal -0 -0.504932 -0.863159
    outer loop
      vertex -5.60025 -1.82947 4.45731
      vertex -6.20025 -1.87901 4.48629
      vertex -6.20025 -1.82947 4.45731
    endloop
  endfacet
  facet normal 0 -0.483482 -0.875354
    outer loop
      vertex -6.20025 -1.92927 4.51405
      vertex -5.60025 -1.87901 4.48629
      vertex -5.60025 -1.92927 4.51405
    endloop
  endfacet
  facet normal -0 -0.483482 -0.875354
    outer loop
      vertex -5.60025 -1.87901 4.48629
      vertex -6.20025 -1.92927 4.51405
      vertex -6.20025 -1.87901 4.48629
    endloop
  endfacet
  facet normal 0 -0.46178 -0.886994
    outer loop
      vertex -6.20025 -1.98021 4.54057
      vertex -5.60025 -1.92927 4.51405
      vertex -5.60025 -1.98021 4.54057
    endloop
  endfacet
  facet normal -0 -0.46178 -0.886994
    outer loop
      vertex -5.60025 -1.92927 4.51405
      vertex -6.20025 -1.98021 4.54057
      vertex -6.20025 -1.92927 4.51405
    endloop
  endfacet
  facet normal 0 -0.439962 -0.898016
    outer loop
      vertex -6.20025 -2.03183 4.56586
      vertex -5.60025 -1.98021 4.54057
      vertex -5.60025 -2.03183 4.56586
    endloop
  endfacet
  facet normal -0 -0.439962 -0.898016
    outer loop
      vertex -5.60025 -1.98021 4.54057
      vertex -6.20025 -2.03183 4.56586
      vertex -6.20025 -1.98021 4.54057
    endloop
  endfacet
  facet normal 0 -0.417349 -0.908746
    outer loop
      vertex -6.20025 -2.08411 4.58987
      vertex -5.60025 -2.03183 4.56586
      vertex -5.60025 -2.08411 4.58987
    endloop
  endfacet
  facet normal -0 -0.417349 -0.908746
    outer loop
      vertex -5.60025 -2.03183 4.56586
      vertex -6.20025 -2.08411 4.58987
      vertex -6.20025 -2.03183 4.56586
    endloop
  endfacet
  facet normal 0 -0.395135 -0.918623
    outer loop
      vertex -6.20025 -2.137 4.61262
      vertex -5.60025 -2.08411 4.58987
      vertex -5.60025 -2.137 4.61262
    endloop
  endfacet
  facet normal -0 -0.395135 -0.918623
    outer loop
      vertex -5.60025 -2.08411 4.58987
      vertex -6.20025 -2.137 4.61262
      vertex -6.20025 -2.08411 4.58987
    endloop
  endfacet
  facet normal 0 -0.37208 -0.928201
    outer loop
      vertex -6.20025 -2.19041 4.63403
      vertex -5.60025 -2.137 4.61262
      vertex -5.60025 -2.19041 4.63403
    endloop
  endfacet
  facet normal -0 -0.37208 -0.928201
    outer loop
      vertex -5.60025 -2.137 4.61262
      vertex -6.20025 -2.19041 4.63403
      vertex -6.20025 -2.137 4.61262
    endloop
  endfacet
  facet normal 0 -0.348947 -0.937142
    outer loop
      vertex -6.20025 -2.24423 4.65407
      vertex -5.60025 -2.19041 4.63403
      vertex -5.60025 -2.24423 4.65407
    endloop
  endfacet
  facet normal -0 -0.348947 -0.937142
    outer loop
      vertex -5.60025 -2.19041 4.63403
      vertex -6.20025 -2.24423 4.65407
      vertex -6.20025 -2.19041 4.63403
    endloop
  endfacet
  facet normal 0 -0.325733 -0.945462
    outer loop
      vertex -6.20025 -2.29845 4.67275
      vertex -5.60025 -2.24423 4.65407
      vertex -5.60025 -2.29845 4.67275
    endloop
  endfacet
  facet normal -0 -0.325733 -0.945462
    outer loop
      vertex -5.60025 -2.24423 4.65407
      vertex -6.20025 -2.29845 4.67275
      vertex -6.20025 -2.24423 4.65407
    endloop
  endfacet
  facet normal 0 -0.302368 -0.953191
    outer loop
      vertex -6.20025 -2.35305 4.69007
      vertex -5.60025 -2.29845 4.67275
      vertex -5.60025 -2.35305 4.69007
    endloop
  endfacet
  facet normal -0 -0.302368 -0.953191
    outer loop
      vertex -5.60025 -2.29845 4.67275
      vertex -6.20025 -2.35305 4.69007
      vertex -6.20025 -2.29845 4.67275
    endloop
  endfacet
  facet normal 0 -0.278503 -0.960435
    outer loop
      vertex -6.20025 -2.40802 4.70601
      vertex -5.60025 -2.35305 4.69007
      vertex -5.60025 -2.40802 4.70601
    endloop
  endfacet
  facet normal -0 -0.278503 -0.960435
    outer loop
      vertex -5.60025 -2.35305 4.69007
      vertex -6.20025 -2.40802 4.70601
      vertex -6.20025 -2.35305 4.69007
    endloop
  endfacet
  facet normal 0 -0.254777 -0.967
    outer loop
      vertex -6.20025 -2.46332 4.72058
      vertex -5.60025 -2.40802 4.70601
      vertex -5.60025 -2.46332 4.72058
    endloop
  endfacet
  facet normal -0 -0.254777 -0.967
    outer loop
      vertex -5.60025 -2.40802 4.70601
      vertex -6.20025 -2.46332 4.72058
      vertex -6.20025 -2.40802 4.70601
    endloop
  endfacet
  facet normal 0 -0.230872 -0.972984
    outer loop
      vertex -6.20025 -2.51895 4.73378
      vertex -5.60025 -2.46332 4.72058
      vertex -5.60025 -2.51895 4.73378
    endloop
  endfacet
  facet normal -0 -0.230872 -0.972984
    outer loop
      vertex -5.60025 -2.46332 4.72058
      vertex -6.20025 -2.51895 4.73378
      vertex -6.20025 -2.46332 4.72058
    endloop
  endfacet
  facet normal 0 -0.206769 -0.97839
    outer loop
      vertex -6.20025 -2.57488 4.7456
      vertex -5.60025 -2.51895 4.73378
      vertex -5.60025 -2.57488 4.7456
    endloop
  endfacet
  facet normal -0 -0.206769 -0.97839
    outer loop
      vertex -5.60025 -2.51895 4.73378
      vertex -6.20025 -2.57488 4.7456
      vertex -6.20025 -2.51895 4.73378
    endloop
  endfacet
  facet normal 0 -0.182578 -0.983191
    outer loop
      vertex -6.20025 -2.6311 4.75604
      vertex -5.60025 -2.57488 4.7456
      vertex -5.60025 -2.6311 4.75604
    endloop
  endfacet
  facet normal -0 -0.182578 -0.983191
    outer loop
      vertex -5.60025 -2.57488 4.7456
      vertex -6.20025 -2.6311 4.75604
      vertex -6.20025 -2.57488 4.7456
    endloop
  endfacet
  facet normal 0 -0.158216 -0.987405
    outer loop
      vertex -6.20025 -2.68758 4.76509
      vertex -5.60025 -2.6311 4.75604
      vertex -5.60025 -2.68758 4.76509
    endloop
  endfacet
  facet normal -0 -0.158216 -0.987405
    outer loop
      vertex -5.60025 -2.6311 4.75604
      vertex -6.20025 -2.68758 4.76509
      vertex -6.20025 -2.6311 4.75604
    endloop
  endfacet
  facet normal 0 -0.134006 -0.990981
    outer loop
      vertex -6.20025 -2.7443 4.77276
      vertex -5.60025 -2.68758 4.76509
      vertex -5.60025 -2.7443 4.77276
    endloop
  endfacet
  facet normal -0 -0.134006 -0.990981
    outer loop
      vertex -5.60025 -2.68758 4.76509
      vertex -6.20025 -2.7443 4.77276
      vertex -6.20025 -2.68758 4.76509
    endloop
  endfacet
  facet normal 0 -0.109627 -0.993973
    outer loop
      vertex -6.20025 -2.80124 4.77904
      vertex -5.60025 -2.7443 4.77276
      vertex -5.60025 -2.80124 4.77904
    endloop
  endfacet
  facet normal -0 -0.109627 -0.993973
    outer loop
      vertex -5.60025 -2.7443 4.77276
      vertex -6.20025 -2.80124 4.77904
      vertex -6.20025 -2.7443 4.77276
    endloop
  endfacet
  facet normal 0 -0.085238 -0.996361
    outer loop
      vertex -6.20025 -2.8584 4.78393
      vertex -5.60025 -2.80124 4.77904
      vertex -5.60025 -2.8584 4.78393
    endloop
  endfacet
  facet normal -0 -0.085238 -0.996361
    outer loop
      vertex -5.60025 -2.80124 4.77904
      vertex -6.20025 -2.8584 4.78393
      vertex -6.20025 -2.80124 4.77904
    endloop
  endfacet
  facet normal 0 -0.0607526 -0.998153
    outer loop
      vertex -6.20025 -2.91574 4.78742
      vertex -5.60025 -2.8584 4.78393
      vertex -5.60025 -2.91574 4.78742
    endloop
  endfacet
  facet normal -0 -0.0607526 -0.998153
    outer loop
      vertex -5.60025 -2.8584 4.78393
      vertex -6.20025 -2.91574 4.78742
      vertex -6.20025 -2.8584 4.78393
    endloop
  endfacet
  facet normal 0 -0.0364974 -0.999334
    outer loop
      vertex -6.20025 -2.97324 4.78952
      vertex -5.60025 -2.91574 4.78742
      vertex -5.60025 -2.97324 4.78952
    endloop
  endfacet
  facet normal -0 -0.0364974 -0.999334
    outer loop
      vertex -5.60025 -2.91574 4.78742
      vertex -6.20025 -2.97324 4.78952
      vertex -6.20025 -2.91574 4.78742
    endloop
  endfacet
  facet normal 0 -0.0121413 -0.999926
    outer loop
      vertex -6.20025 -3.03089 4.79022
      vertex -5.60025 -2.97324 4.78952
      vertex -5.60025 -3.03089 4.79022
    endloop
  endfacet
  facet normal -0 -0.0121413 -0.999926
    outer loop
      vertex -5.60025 -2.97324 4.78952
      vertex -6.20025 -3.03089 4.79022
      vertex -6.20025 -2.97324 4.78952
    endloop
  endfacet
  facet normal 0 -0.0120373 0.999928
    outer loop
      vertex -6.20025 -2.97324 0.114548
      vertex -5.60025 -3.03089 0.113854
      vertex -5.60025 -2.97324 0.114548
    endloop
  endfacet
  facet normal 0 -0.0120373 0.999928
    outer loop
      vertex -5.60025 -3.03089 0.113854
      vertex -6.20025 -2.97324 0.114548
      vertex -6.20025 -3.03089 0.113854
    endloop
  endfacet
  facet normal 0 -0.0364564 0.999335
    outer loop
      vertex -6.20025 -2.91573 0.116646
      vertex -5.60025 -2.97324 0.114548
      vertex -5.60025 -2.91573 0.116646
    endloop
  endfacet
  facet normal 0 -0.0364564 0.999335
    outer loop
      vertex -5.60025 -2.97324 0.114548
      vertex -6.20025 -2.91573 0.116646
      vertex -6.20025 -2.97324 0.114548
    endloop
  endfacet
  facet normal 0 -0.0608499 0.998147
    outer loop
      vertex -6.20025 -2.8584 0.120141
      vertex -5.60025 -2.91573 0.116646
      vertex -5.60025 -2.8584 0.120141
    endloop
  endfacet
  facet normal 0 -0.0608499 0.998147
    outer loop
      vertex -5.60025 -2.91573 0.116646
      vertex -6.20025 -2.8584 0.120141
      vertex -6.20025 -2.91573 0.116646
    endloop
  endfacet
  facet normal 0 -0.085238 0.996361
    outer loop
      vertex -6.20025 -2.80124 0.125031
      vertex -5.60025 -2.8584 0.120141
      vertex -5.60025 -2.80124 0.125031
    endloop
  endfacet
  facet normal 0 -0.085238 0.996361
    outer loop
      vertex -5.60025 -2.8584 0.120141
      vertex -6.20025 -2.80124 0.125031
      vertex -6.20025 -2.8584 0.120141
    endloop
  endfacet
  facet normal 0 -0.10961 0.993975
    outer loop
      vertex -6.20025 -2.7443 0.13131
      vertex -5.60025 -2.80124 0.125031
      vertex -5.60025 -2.7443 0.13131
    endloop
  endfacet
  facet normal 0 -0.10961 0.993975
    outer loop
      vertex -5.60025 -2.80124 0.125031
      vertex -6.20025 -2.7443 0.13131
      vertex -6.20025 -2.80124 0.125031
    endloop
  endfacet
  facet normal 0 -0.133948 0.990988
    outer loop
      vertex -6.20025 -2.68757 0.138978
      vertex -5.60025 -2.7443 0.13131
      vertex -5.60025 -2.68757 0.138978
    endloop
  endfacet
  facet normal 0 -0.133948 0.990988
    outer loop
      vertex -5.60025 -2.7443 0.13131
      vertex -6.20025 -2.68757 0.138978
      vertex -6.20025 -2.7443 0.13131
    endloop
  endfacet
  facet normal 0 -0.158209 0.987406
    outer loop
      vertex -6.20025 -2.6311 0.148026
      vertex -5.60025 -2.68757 0.138978
      vertex -5.60025 -2.6311 0.148026
    endloop
  endfacet
  facet normal 0 -0.158209 0.987406
    outer loop
      vertex -5.60025 -2.68757 0.138978
      vertex -6.20025 -2.6311 0.148026
      vertex -6.20025 -2.68757 0.138978
    endloop
  endfacet
  facet normal 0 -0.182558 0.983195
    outer loop
      vertex -6.20025 -2.57489 0.158463
      vertex -5.60025 -2.6311 0.148026
      vertex -5.60025 -2.57489 0.158463
    endloop
  endfacet
  facet normal 0 -0.182558 0.983195
    outer loop
      vertex -5.60025 -2.6311 0.148026
      vertex -6.20025 -2.57489 0.158463
      vertex -6.20025 -2.6311 0.148026
    endloop
  endfacet
  facet normal 0 -0.206601 0.978425
    outer loop
      vertex -6.20025 -2.51896 0.170273
      vertex -5.60025 -2.57489 0.158463
      vertex -5.60025 -2.51896 0.170273
    endloop
  endfacet
  facet normal 0 -0.206601 0.978425
    outer loop
      vertex -5.60025 -2.57489 0.158463
      vertex -6.20025 -2.51896 0.170273
      vertex -6.20025 -2.57489 0.158463
    endloop
  endfacet
  facet normal 0 -0.230739 0.973016
    outer loop
      vertex -6.20025 -2.46333 0.183465
      vertex -5.60025 -2.51896 0.170273
      vertex -5.60025 -2.46333 0.183465
    endloop
  endfacet
  facet normal 0 -0.230739 0.973016
    outer loop
      vertex -5.60025 -2.51896 0.170273
      vertex -6.20025 -2.46333 0.183465
      vertex -6.20025 -2.51896 0.170273
    endloop
  endfacet
  facet normal 0 -0.254679 0.967026
    outer loop
      vertex -6.20025 -2.40803 0.198029
      vertex -5.60025 -2.46333 0.183465
      vertex -5.60025 -2.40803 0.198029
    endloop
  endfacet
  facet normal 0 -0.254679 0.967026
    outer loop
      vertex -5.60025 -2.46333 0.183465
      vertex -6.20025 -2.40803 0.198029
      vertex -6.20025 -2.46333 0.183465
    endloop
  endfacet
  facet normal 0 -0.278518 0.960431
    outer loop
      vertex -6.20025 -2.35307 0.213967
      vertex -5.60025 -2.40803 0.198029
      vertex -5.60025 -2.35307 0.213967
    endloop
  endfacet
  facet normal 0 -0.278518 0.960431
    outer loop
      vertex -5.60025 -2.40803 0.198029
      vertex -6.20025 -2.35307 0.213967
      vertex -6.20025 -2.40803 0.198029
    endloop
  endfacet
  facet normal 0 -0.302225 0.953237
    outer loop
      vertex -6.20025 -2.29847 0.231278
      vertex -5.60025 -2.35307 0.213967
      vertex -5.60025 -2.29847 0.231278
    endloop
  endfacet
  facet normal 0 -0.302225 0.953237
    outer loop
      vertex -5.60025 -2.35307 0.213967
      vertex -6.20025 -2.29847 0.231278
      vertex -6.20025 -2.35307 0.213967
    endloop
  endfacet
  facet normal 0 -0.325561 0.945521
    outer loop
      vertex -6.20025 -2.24425 0.249947
      vertex -5.60025 -2.29847 0.231278
      vertex -5.60025 -2.24425 0.249947
    endloop
  endfacet
  facet normal 0 -0.325561 0.945521
    outer loop
      vertex -5.60025 -2.29847 0.231278
      vertex -6.20025 -2.24425 0.249947
      vertex -6.20025 -2.29847 0.231278
    endloop
  endfacet
  facet normal 0 -0.348871 0.937171
    outer loop
      vertex -6.20025 -2.19043 0.269982
      vertex -5.60025 -2.24425 0.249947
      vertex -5.60025 -2.19043 0.269982
    endloop
  endfacet
  facet normal 0 -0.348871 0.937171
    outer loop
      vertex -5.60025 -2.24425 0.249947
      vertex -6.20025 -2.19043 0.269982
      vertex -6.20025 -2.24425 0.249947
    endloop
  endfacet
  facet normal 0 -0.37205 0.928213
    outer loop
      vertex -6.20025 -2.13704 0.291382
      vertex -5.60025 -2.19043 0.269982
      vertex -5.60025 -2.13704 0.291382
    endloop
  endfacet
  facet normal 0 -0.37205 0.928213
    outer loop
      vertex -5.60025 -2.19043 0.269982
      vertex -6.20025 -2.13704 0.291382
      vertex -6.20025 -2.19043 0.269982
    endloop
  endfacet
  facet normal 0 -0.394804 0.918766
    outer loop
      vertex -6.20025 -2.08413 0.314118
      vertex -5.60025 -2.13704 0.291382
      vertex -5.60025 -2.08413 0.314118
    endloop
  endfacet
  facet normal 0 -0.394804 0.918766
    outer loop
      vertex -5.60025 -2.13704 0.291382
      vertex -6.20025 -2.08413 0.314118
      vertex -6.20025 -2.13704 0.291382
    endloop
  endfacet
  facet normal 0 -0.417515 0.90867
    outer loop
      vertex -6.20025 -2.03186 0.338135
      vertex -5.60025 -2.08413 0.314118
      vertex -5.60025 -2.03186 0.338135
    endloop
  endfacet
  facet normal 0 -0.417515 0.90867
    outer loop
      vertex -5.60025 -2.08413 0.314118
      vertex -6.20025 -2.03186 0.338135
      vertex -6.20025 -2.08413 0.314118
    endloop
  endfacet
  facet normal 0 -0.439711 0.898139
    outer loop
      vertex -6.20025 -1.98023 0.363412
      vertex -5.60025 -2.03186 0.338135
      vertex -5.60025 -1.98023 0.363412
    endloop
  endfacet
  facet normal 0 -0.439711 0.898139
    outer loop
      vertex -5.60025 -2.03186 0.338135
      vertex -6.20025 -1.98023 0.363412
      vertex -6.20025 -2.03186 0.338135
    endloop
  endfacet
  facet normal 0 -0.461695 0.887039
    outer loop
      vertex -6.20025 -1.92928 0.389931
      vertex -5.60025 -1.98023 0.363412
      vertex -5.60025 -1.92928 0.389931
    endloop
  endfacet
  facet normal 0 -0.461695 0.887039
    outer loop
      vertex -5.60025 -1.98023 0.363412
      vertex -6.20025 -1.92928 0.389931
      vertex -6.20025 -1.98023 0.363412
    endloop
  endfacet
  facet normal 0 -0.483396 0.875402
    outer loop
      vertex -6.20025 -1.87903 0.417679
      vertex -5.60025 -1.92928 0.389931
      vertex -5.60025 -1.87903 0.417679
    endloop
  endfacet
  facet normal 0 -0.483396 0.875402
    outer loop
      vertex -5.60025 -1.92928 0.389931
      vertex -6.20025 -1.87903 0.417679
      vertex -6.20025 -1.92928 0.389931
    endloop
  endfacet
  facet normal 0 -0.504789 0.863242
    outer loop
      vertex -6.20025 -1.82949 0.446648
      vertex -5.60025 -1.87903 0.417679
      vertex -5.60025 -1.82949 0.446648
    endloop
  endfacet
  facet normal 0 -0.504789 0.863242
    outer loop
      vertex -5.60025 -1.87903 0.417679
      vertex -6.20025 -1.82949 0.446648
      vertex -6.20025 -1.87903 0.417679
    endloop
  endfacet
  facet normal 0 -0.525718 0.850659
    outer loop
      vertex -6.20025 -1.78069 0.476807
      vertex -5.60025 -1.82949 0.446648
      vertex -5.60025 -1.78069 0.476807
    endloop
  endfacet
  facet normal 0 -0.525718 0.850659
    outer loop
      vertex -5.60025 -1.82949 0.446648
      vertex -6.20025 -1.78069 0.476807
      vertex -6.20025 -1.82949 0.446648
    endloop
  endfacet
  facet normal 0 -0.546329 0.83757
    outer loop
      vertex -6.20025 -1.73264 0.508149
      vertex -5.60025 -1.78069 0.476807
      vertex -5.60025 -1.73264 0.508149
    endloop
  endfacet
  facet normal 0 -0.546329 0.83757
    outer loop
      vertex -5.60025 -1.78069 0.476807
      vertex -6.20025 -1.73264 0.508149
      vertex -6.20025 -1.78069 0.476807
    endloop
  endfacet
  facet normal 0 -0.566644 0.823963
    outer loop
      vertex -6.20025 -1.68538 0.54065
      vertex -5.60025 -1.73264 0.508149
      vertex -5.60025 -1.68538 0.54065
    endloop
  endfacet
  facet normal 0 -0.566644 0.823963
    outer loop
      vertex -5.60025 -1.73264 0.508149
      vertex -6.20025 -1.68538 0.54065
      vertex -6.20025 -1.73264 0.508149
    endloop
  endfacet
  facet normal 0 -0.586622 0.809861
    outer loop
      vertex -6.20025 -1.63893 0.574296
      vertex -5.60025 -1.68538 0.54065
      vertex -5.60025 -1.63893 0.574296
    endloop
  endfacet
  facet normal 0 -0.586622 0.809861
    outer loop
      vertex -5.60025 -1.68538 0.54065
      vertex -6.20025 -1.63893 0.574296
      vertex -6.20025 -1.68538 0.54065
    endloop
  endfacet
  facet normal 0 -0.606223 0.795295
    outer loop
      vertex -6.20025 -1.5933 0.609078
      vertex -5.60025 -1.63893 0.574296
      vertex -5.60025 -1.5933 0.609078
    endloop
  endfacet
  facet normal 0 -0.606223 0.795295
    outer loop
      vertex -5.60025 -1.63893 0.574296
      vertex -6.20025 -1.5933 0.609078
      vertex -6.20025 -1.63893 0.574296
    endloop
  endfacet
  facet normal 0 -0.6253 0.780384
    outer loop
      vertex -6.20025 -1.54851 0.644967
      vertex -5.60025 -1.5933 0.609078
      vertex -5.60025 -1.54851 0.644967
    endloop
  endfacet
  facet normal 0 -0.6253 0.780384
    outer loop
      vertex -5.60025 -1.5933 0.609078
      vertex -6.20025 -1.54851 0.644967
      vertex -6.20025 -1.5933 0.609078
    endloop
  endfacet
  facet normal 0 -0.644239 0.764824
    outer loop
      vertex -6.20025 -1.5046 0.681954
      vertex -5.60025 -1.54851 0.644967
      vertex -5.60025 -1.5046 0.681954
    endloop
  endfacet
  facet normal 0 -0.644239 0.764824
    outer loop
      vertex -5.60025 -1.54851 0.644967
      vertex -6.20025 -1.5046 0.681954
      vertex -6.20025 -1.54851 0.644967
    endloop
  endfacet
  facet normal 0 -0.662632 0.748945
    outer loop
      vertex -6.20025 -1.46157 0.720025
      vertex -5.60025 -1.5046 0.681954
      vertex -5.60025 -1.46157 0.720025
    endloop
  endfacet
  facet normal 0 -0.662632 0.748945
    outer loop
      vertex -5.60025 -1.5046 0.681954
      vertex -6.20025 -1.46157 0.720025
      vertex -6.20025 -1.5046 0.681954
    endloop
  endfacet
  facet normal 0 -0.680721 0.732543
    outer loop
      vertex -6.20025 -1.41946 0.759156
      vertex -5.60025 -1.46157 0.720025
      vertex -5.60025 -1.41946 0.759156
    endloop
  endfacet
  facet normal 0 -0.680721 0.732543
    outer loop
      vertex -5.60025 -1.46157 0.720025
      vertex -6.20025 -1.41946 0.759156
      vertex -6.20025 -1.46157 0.720025
    endloop
  endfacet
  facet normal 0 -0.698327 0.715779
    outer loop
      vertex -6.20025 -1.37828 0.799332
      vertex -5.60025 -1.41946 0.759156
      vertex -5.60025 -1.37828 0.799332
    endloop
  endfacet
  facet normal 0 -0.698327 0.715779
    outer loop
      vertex -5.60025 -1.41946 0.759156
      vertex -6.20025 -1.37828 0.799332
      vertex -6.20025 -1.41946 0.759156
    endloop
  endfacet
  facet normal 0 -0.715691 0.698417
    outer loop
      vertex -6.20025 -1.37828 0.799332
      vertex -5.60025 -1.33809 0.840516
      vertex -6.20025 -1.33809 0.840516
    endloop
  endfacet
  facet normal 0 -0.715691 0.698417
    outer loop
      vertex -5.60025 -1.33809 0.840516
      vertex -6.20025 -1.37828 0.799332
      vertex -5.60025 -1.37828 0.799332
    endloop
  endfacet
  facet normal 0 -0.732411 0.680863
    outer loop
      vertex -6.20025 -1.33809 0.840516
      vertex -5.60025 -1.29894 0.88263
      vertex -6.20025 -1.29894 0.88263
    endloop
  endfacet
  facet normal 0 -0.732411 0.680863
    outer loop
      vertex -5.60025 -1.29894 0.88263
      vertex -6.20025 -1.33809 0.840516
      vertex -5.60025 -1.33809 0.840516
    endloop
  endfacet
  facet normal 0 -0.748719 0.662887
    outer loop
      vertex -6.20025 -1.29894 0.88263
      vertex -5.60025 -1.26085 0.925652
      vertex -6.20025 -1.26085 0.925652
    endloop
  endfacet
  facet normal 0 -0.748719 0.662887
    outer loop
      vertex -5.60025 -1.26085 0.925652
      vertex -6.20025 -1.29894 0.88263
      vertex -5.60025 -1.29894 0.88263
    endloop
  endfacet
  facet normal 0 -0.764806 0.64426
    outer loop
      vertex -6.20025 -1.26085 0.925652
      vertex -5.60025 -1.22385 0.969575
      vertex -6.20025 -1.22385 0.969575
    endloop
  endfacet
  facet normal 0 -0.764806 0.64426
    outer loop
      vertex -5.60025 -1.22385 0.969575
      vertex -6.20025 -1.26085 0.925652
      vertex -5.60025 -1.26085 0.925652
    endloop
  endfacet
  facet normal 0 -0.780257 0.62546
    outer loop
      vertex -6.20025 -1.22385 0.969575
      vertex -5.60025 -1.18795 1.01436
      vertex -6.20025 -1.18795 1.01436
    endloop
  endfacet
  facet normal 0 -0.780257 0.62546
    outer loop
      vertex -5.60025 -1.18795 1.01436
      vertex -6.20025 -1.22385 0.969575
      vertex -5.60025 -1.22385 0.969575
    endloop
  endfacet
  facet normal 0 -0.795228 0.606311
    outer loop
      vertex -6.20025 -1.18795 1.01436
      vertex -5.60025 -1.15316 1.05999
      vertex -6.20025 -1.15316 1.05999
    endloop
  endfacet
  facet normal 0 -0.795228 0.606311
    outer loop
      vertex -5.60025 -1.15316 1.05999
      vertex -6.20025 -1.18795 1.01436
      vertex -5.60025 -1.18795 1.01436
    endloop
  endfacet
  facet normal 0 -0.809805 0.586699
    outer loop
      vertex -6.20025 -1.15316 1.05999
      vertex -5.60025 -1.1195 1.10645
      vertex -6.20025 -1.1195 1.10645
    endloop
  endfacet
  facet normal 0 -0.809805 0.586699
    outer loop
      vertex -5.60025 -1.1195 1.10645
      vertex -6.20025 -1.15316 1.05999
      vertex -5.60025 -1.15316 1.05999
    endloop
  endfacet
  facet normal 0 -0.823752 0.56695
    outer loop
      vertex -6.20025 -1.1195 1.10645
      vertex -5.60025 -1.08698 1.1537
      vertex -6.20025 -1.08698 1.1537
    endloop
  endfacet
  facet normal 0 -0.823752 0.56695
    outer loop
      vertex -5.60025 -1.08698 1.1537
      vertex -6.20025 -1.1195 1.10645
      vertex -5.60025 -1.1195 1.10645
    endloop
  endfacet
  facet normal 0 -0.837534 0.546385
    outer loop
      vertex -6.20025 -1.08698 1.1537
      vertex -5.60025 -1.05564 1.20174
      vertex -6.20025 -1.05564 1.20174
    endloop
  endfacet
  facet normal 0 -0.837534 0.546385
    outer loop
      vertex -5.60025 -1.05564 1.20174
      vertex -6.20025 -1.08698 1.1537
      vertex -5.60025 -1.08698 1.1537
    endloop
  endfacet
  facet normal 0 -0.850573 0.525856
    outer loop
      vertex -6.20025 -1.05564 1.20174
      vertex -5.60025 -1.02547 1.25054
      vertex -6.20025 -1.02547 1.25054
    endloop
  endfacet
  facet normal 0 -0.850573 0.525856
    outer loop
      vertex -5.60025 -1.02547 1.25054
      vertex -6.20025 -1.05564 1.20174
      vertex -5.60025 -1.05564 1.20174
    endloop
  endfacet
  facet normal 0 -0.863168 0.504917
    outer loop
      vertex -6.20025 -1.02547 1.25054
      vertex -5.60025 -0.996497 1.30007
      vertex -6.20025 -0.996497 1.30007
    endloop
  endfacet
  facet normal 0 -0.863168 0.504917
    outer loop
      vertex -5.60025 -0.996497 1.30007
      vertex -6.20025 -1.02547 1.25054
      vertex -5.60025 -1.02547 1.25054
    endloop
  endfacet
  facet normal 0 -0.875376 0.483442
    outer loop
      vertex -6.20025 -0.996497 1.30007
      vertex -5.60025 -0.96874 1.35033
      vertex -6.20025 -0.96874 1.35033
    endloop
  endfacet
  facet normal 0 -0.875376 0.483442
    outer loop
      vertex -5.60025 -0.96874 1.35033
      vertex -6.20025 -0.996497 1.30007
      vertex -5.60025 -0.996497 1.30007
    endloop
  endfacet
  facet normal 0 -0.886974 0.461819
    outer loop
      vertex -6.20025 -0.96874 1.35033
      vertex -5.60025 -0.942212 1.40128
      vertex -6.20025 -0.942212 1.40128
    endloop
  endfacet
  facet normal 0 -0.886974 0.461819
    outer loop
      vertex -5.60025 -0.942212 1.40128
      vertex -6.20025 -0.96874 1.35033
      vertex -5.60025 -0.96874 1.35033
    endloop
  endfacet
  facet normal 0 -0.898078 0.439836
    outer loop
      vertex -6.20025 -0.942212 1.40128
      vertex -5.60025 -0.916931 1.4529
      vertex -6.20025 -0.916931 1.4529
    endloop
  endfacet
  facet normal 0 -0.898078 0.439836
    outer loop
      vertex -5.60025 -0.916931 1.4529
      vertex -6.20025 -0.942212 1.40128
      vertex -5.60025 -0.942212 1.40128
    endloop
  endfacet
  facet normal 0 -0.90867 0.417515
    outer loop
      vertex -6.20025 -0.916931 1.4529
      vertex -5.60025 -0.892914 1.50517
      vertex -6.20025 -0.892914 1.50517
    endloop
  endfacet
  facet normal 0 -0.90867 0.417515
    outer loop
      vertex -5.60025 -0.892914 1.50517
      vertex -6.20025 -0.916931 1.4529
      vertex -5.60025 -0.916931 1.4529
    endloop
  endfacet
  facet normal 0 -0.918693 0.394974
    outer loop
      vertex -6.20025 -0.892914 1.50517
      vertex -5.60025 -0.870175 1.55806
      vertex -6.20025 -0.870175 1.55806
    endloop
  endfacet
  facet normal 0 -0.918693 0.394974
    outer loop
      vertex -5.60025 -0.870175 1.55806
      vertex -6.20025 -0.892914 1.50517
      vertex -5.60025 -0.892914 1.50517
    endloop
  endfacet
  facet normal 0 -0.928225 0.37202
    outer loop
      vertex -6.20025 -0.870175 1.55806
      vertex -5.60025 -0.848769 1.61147
      vertex -6.20025 -0.848769 1.61147
    endloop
  endfacet
  facet normal 0 -0.928225 0.37202
    outer loop
      vertex -5.60025 -0.848769 1.61147
      vertex -6.20025 -0.870175 1.55806
      vertex -5.60025 -0.870175 1.55806
    endloop
  endfacet
  facet normal 0 -0.93711 0.349035
    outer loop
      vertex -6.20025 -0.848769 1.61147
      vertex -5.60025 -0.828727 1.66528
      vertex -6.20025 -0.828727 1.66528
    endloop
  endfacet
  facet normal 0 -0.93711 0.349035
    outer loop
      vertex -5.60025 -0.828727 1.66528
      vertex -6.20025 -0.848769 1.61147
      vertex -5.60025 -0.848769 1.61147
    endloop
  endfacet
  facet normal 0 -0.94548 0.325679
    outer loop
      vertex -6.20025 -0.828727 1.66528
      vertex -5.60025 -0.810047 1.71951
      vertex -6.20025 -0.810047 1.71951
    endloop
  endfacet
  facet normal 0 -0.94548 0.325679
    outer loop
      vertex -5.60025 -0.810047 1.71951
      vertex -6.20025 -0.828727 1.66528
      vertex -5.60025 -0.828727 1.66528
    endloop
  endfacet
  facet normal 0 -0.953237 0.302225
    outer loop
      vertex -6.20025 -0.810047 1.71951
      vertex -5.60025 -0.792736 1.77411
      vertex -6.20025 -0.792736 1.77411
    endloop
  endfacet
  facet normal 0 -0.953237 0.302225
    outer loop
      vertex -5.60025 -0.792736 1.77411
      vertex -6.20025 -0.810047 1.71951
      vertex -5.60025 -0.810047 1.71951
    endloop
  endfacet
  facet normal 0 -0.960412 0.278582
    outer loop
      vertex -6.20025 -0.792736 1.77411
      vertex -5.60025 -0.776794 1.82907
      vertex -6.20025 -0.776794 1.82907
    endloop
  endfacet
  facet normal 0 -0.960412 0.278582
    outer loop
      vertex -5.60025 -0.776794 1.82907
      vertex -6.20025 -0.792736 1.77411
      vertex -5.60025 -0.792736 1.77411
    endloop
  endfacet
  facet normal 0 -0.967015 0.254718
    outer loop
      vertex -6.20025 -0.776794 1.82907
      vertex -5.60025 -0.762225 1.88438
      vertex -6.20025 -0.762225 1.88438
    endloop
  endfacet
  facet normal 0 -0.967015 0.254718
    outer loop
      vertex -5.60025 -0.762225 1.88438
      vertex -6.20025 -0.776794 1.82907
      vertex -5.60025 -0.776794 1.82907
    endloop
  endfacet
  facet normal 0 -0.973002 0.230795
    outer loop
      vertex -6.20025 -0.762225 1.88438
      vertex -5.60025 -0.749032 1.94
      vertex -6.20025 -0.749032 1.94
    endloop
  endfacet
  facet normal 0 -0.973002 0.230795
    outer loop
      vertex -5.60025 -0.749032 1.94
      vertex -6.20025 -0.762225 1.88438
      vertex -5.60025 -0.762225 1.88438
    endloop
  endfacet
  facet normal 0 -0.978404 0.206702
    outer loop
      vertex -6.20025 -0.749032 1.94
      vertex -5.60025 -0.737216 1.99593
      vertex -6.20025 -0.737216 1.99593
    endloop
  endfacet
  facet normal 0 -0.978404 0.206702
    outer loop
      vertex -5.60025 -0.737216 1.99593
      vertex -6.20025 -0.749032 1.94
      vertex -5.60025 -0.749032 1.94
    endloop
  endfacet
  facet normal 0 -0.983204 0.18251
    outer loop
      vertex -6.20025 -0.737216 1.99593
      vertex -5.60025 -0.72678 2.05215
      vertex -6.20025 -0.72678 2.05215
    endloop
  endfacet
  facet normal 0 -0.983204 0.18251
    outer loop
      vertex -5.60025 -0.72678 2.05215
      vertex -6.20025 -0.737216 1.99593
      vertex -5.60025 -0.737216 1.99593
    endloop
  endfacet
  facet normal 0 -0.987397 0.15826
    outer loop
      vertex -6.20025 -0.72678 2.05215
      vertex -5.60025 -0.717729 2.10862
      vertex -6.20025 -0.717729 2.10862
    endloop
  endfacet
  facet normal 0 -0.987397 0.15826
    outer loop
      vertex -5.60025 -0.717729 2.10862
      vertex -6.20025 -0.72678 2.05215
      vertex -5.60025 -0.72678 2.05215
    endloop
  endfacet
  facet normal 0 -0.990983 0.133989
    outer loop
      vertex -6.20025 -0.717729 2.10862
      vertex -5.60025 -0.71006 2.16534
      vertex -6.20025 -0.71006 2.16534
    endloop
  endfacet
  facet normal 0 -0.990983 0.133989
    outer loop
      vertex -5.60025 -0.71006 2.16534
      vertex -6.20025 -0.717729 2.10862
      vertex -5.60025 -0.717729 2.10862
    endloop
  endfacet
  facet normal 0 -0.993979 0.109573
    outer loop
      vertex -6.20025 -0.71006 2.16534
      vertex -5.60025 -0.703782 2.22229
      vertex -6.20025 -0.703782 2.22229
    endloop
  endfacet
  facet normal 0 -0.993979 0.109573
    outer loop
      vertex -5.60025 -0.703782 2.22229
      vertex -6.20025 -0.71006 2.16534
      vertex -5.60025 -0.71006 2.16534
    endloop
  endfacet
  facet normal 0 -0.996361 0.0852355
    outer loop
      vertex -6.20025 -0.703782 2.22229
      vertex -5.60025 -0.698893 2.27944
      vertex -6.20025 -0.698893 2.27944
    endloop
  endfacet
  facet normal 0 -0.996361 0.0852355
    outer loop
      vertex -5.60025 -0.698893 2.27944
      vertex -6.20025 -0.703782 2.22229
      vertex -5.60025 -0.703782 2.22229
    endloop
  endfacet
  facet normal 0 -0.998149 0.060822
    outer loop
      vertex -6.20025 -0.698893 2.27944
      vertex -5.60025 -0.695399 2.33678
      vertex -6.20025 -0.695399 2.33678
    endloop
  endfacet
  facet normal 0 -0.998149 0.060822
    outer loop
      vertex -5.60025 -0.695399 2.33678
      vertex -6.20025 -0.698893 2.27944
      vertex -5.60025 -0.698893 2.27944
    endloop
  endfacet
  facet normal 0 -0.999335 0.0364737
    outer loop
      vertex -6.20025 -0.695399 2.33678
      vertex -5.60025 -0.6933 2.39429
      vertex -6.20025 -0.6933 2.39429
    endloop
  endfacet
  facet normal 0 -0.999335 0.0364737
    outer loop
      vertex -5.60025 -0.6933 2.39429
      vertex -6.20025 -0.695399 2.33678
      vertex -5.60025 -0.695399 2.33678
    endloop
  endfacet
  facet normal 0 -0.999926 0.0121413
    outer loop
      vertex -6.20025 -0.6933 2.39429
      vertex -5.60025 -0.6926 2.45194
      vertex -6.20025 -0.6926 2.45194
    endloop
  endfacet
  facet normal 0 -0.999926 0.0121413
    outer loop
      vertex -5.60025 -0.6926 2.45194
      vertex -6.20025 -0.6933 2.39429
      vertex -5.60025 -0.6933 2.39429
    endloop
  endfacet
  facet normal 0 -0.844401 -0.535712
    outer loop
      vertex -6.20025 -4.4958 1.48019
      vertex -5.60025 -4.54198 1.55298
      vertex -6.20025 -4.54198 1.55298
    endloop
  endfacet
  facet normal 0 -0.844401 -0.535712
    outer loop
      vertex -5.60025 -4.54198 1.55298
      vertex -6.20025 -4.4958 1.48019
      vertex -5.60025 -4.4958 1.48019
    endloop
  endfacet
  facet normal 0 -0.997347 -0.0727957
    outer loop
      vertex -6.20025 -4.78318 2.28335
      vertex -5.60025 -4.78946 2.36939
      vertex -6.20025 -4.78946 2.36939
    endloop
  endfacet
  facet normal 0 -0.997347 -0.0727957
    outer loop
      vertex -5.60025 -4.78946 2.36939
      vertex -6.20025 -4.78318 2.28335
      vertex -5.60025 -4.78318 2.28335
    endloop
  endfacet
  facet normal 0 -0.975943 -0.218027
    outer loop
      vertex -6.20025 -4.73942 2.0294
      vertex -5.60025 -4.75815 2.11324
      vertex -6.20025 -4.75815 2.11324
    endloop
  endfacet
  facet normal 0 -0.975943 -0.218027
    outer loop
      vertex -5.60025 -4.75815 2.11324
      vertex -6.20025 -4.73942 2.0294
      vertex -5.60025 -4.73942 2.0294
    endloop
  endfacet
  facet normal 0 -0.892917 -0.450222
    outer loop
      vertex -6.20025 -4.58455 1.62798
      vertex -5.60025 -4.62343 1.70509
      vertex -6.20025 -4.62343 1.70509
    endloop
  endfacet
  facet normal 0 -0.892917 -0.450222
    outer loop
      vertex -5.60025 -4.62343 1.70509
      vertex -6.20025 -4.58455 1.62798
      vertex -5.60025 -4.58455 1.62798
    endloop
  endfacet
  facet normal 0 -0.169774 0.985483
    outer loop
      vertex -6.20025 -3.2929 4.19358
      vertex -5.60025 -3.37759 4.17899
      vertex -5.60025 -3.2929 4.19358
    endloop
  endfacet
  facet normal 0 -0.169774 0.985483
    outer loop
      vertex -5.60025 -3.37759 4.17899
      vertex -6.20025 -3.2929 4.19358
      vertex -6.20025 -3.37759 4.17899
    endloop
  endfacet
  facet normal 0 0.313161 -0.9497
    outer loop
      vertex -6.20025 -2.52549 0.774468
      vertex -5.60025 -2.4437 0.801438
      vertex -5.60025 -2.52549 0.774468
    endloop
  endfacet
  facet normal 0 0.313161 -0.9497
    outer loop
      vertex -5.60025 -2.4437 0.801438
      vertex -6.20025 -2.52549 0.774468
      vertex -6.20025 -2.4437 0.801438
    endloop
  endfacet
  facet normal 0 -0.964003 0.265892
    outer loop
      vertex -6.20025 -4.73941 2.88248
      vertex -5.60025 -4.71655 2.96536
      vertex -6.20025 -4.71655 2.96536
    endloop
  endfacet
  facet normal 0 -0.964003 0.265892
    outer loop
      vertex -5.60025 -4.71655 2.96536
      vertex -6.20025 -4.73941 2.88248
      vertex -5.60025 -4.73941 2.88248
    endloop
  endfacet
  facet normal 0 -0.93302 0.359825
    outer loop
      vertex -6.20025 -4.68957 3.04715
      vertex -5.60025 -4.65849 3.12774
      vertex -6.20025 -4.65849 3.12774
    endloop
  endfacet
  facet normal 0 -0.93302 0.359825
    outer loop
      vertex -5.60025 -4.65849 3.12774
      vertex -6.20025 -4.68957 3.04715
      vertex -5.60025 -4.68957 3.04715
    endloop
  endfacet
  facet normal 0 -0.359694 -0.933071
    outer loop
      vertex -6.20025 -3.70671 0.832497
      vertex -5.60025 -3.62612 0.80143
      vertex -5.60025 -3.70671 0.832497
    endloop
  endfacet
  facet normal -0 -0.359694 -0.933071
    outer loop
      vertex -5.60025 -3.62612 0.80143
      vertex -6.20025 -3.70671 0.832497
      vertex -6.20025 -3.62612 0.80143
    endloop
  endfacet
  facet normal 0 -0.992616 -0.121303
    outer loop
      vertex -6.20025 -4.77274 2.19792
      vertex -5.60025 -4.78318 2.28335
      vertex -6.20025 -4.78318 2.28335
    endloop
  endfacet
  facet normal 0 -0.992616 -0.121303
    outer loop
      vertex -5.60025 -4.78318 2.28335
      vertex -6.20025 -4.77274 2.19792
      vertex -5.60025 -4.77274 2.19792
    endloop
  endfacet
  facet normal 0 0.997347 -0.0727957
    outer loop
      vertex -5.60025 -1.2866 2.28335
      vertex -6.20025 -1.28032 2.36939
      vertex -5.60025 -1.28032 2.36939
    endloop
  endfacet
  facet normal 0 0.997347 -0.0727957
    outer loop
      vertex -6.20025 -1.28032 2.36939
      vertex -5.60025 -1.2866 2.28335
      vertex -6.20025 -1.2866 2.28335
    endloop
  endfacet
  facet normal 0 0.975918 -0.218138
    outer loop
      vertex -5.60025 -1.33038 2.0294
      vertex -6.20025 -1.31164 2.11324
      vertex -5.60025 -1.31164 2.11324
    endloop
  endfacet
  facet normal 0 0.975918 -0.218138
    outer loop
      vertex -6.20025 -1.31164 2.11324
      vertex -5.60025 -1.33038 2.0294
      vertex -6.20025 -1.33038 2.0294
    endloop
  endfacet
  facet normal 0 0.0241436 -0.999708
    outer loop
      vertex -6.20025 -3.03489 0.699479
      vertex -5.60025 -2.94835 0.701569
      vertex -5.60025 -3.03489 0.699479
    endloop
  endfacet
  facet normal 0 0.0241436 -0.999708
    outer loop
      vertex -5.60025 -2.94835 0.701569
      vertex -6.20025 -3.03489 0.699479
      vertex -6.20025 -2.94835 0.701569
    endloop
  endfacet
  facet normal 0 -0.265784 0.964033
    outer loop
      vertex -6.20025 -3.46143 4.16026
      vertex -5.60025 -3.54431 4.13741
      vertex -5.60025 -3.46143 4.16026
    endloop
  endfacet
  facet normal 0 -0.265784 0.964033
    outer loop
      vertex -5.60025 -3.54431 4.13741
      vertex -6.20025 -3.46143 4.16026
      vertex -6.20025 -3.54431 4.13741
    endloop
  endfacet
  facet normal 0 0.892963 0.450129
    outer loop
      vertex -5.60025 -1.44635 3.20677
      vertex -6.20025 -1.48522 3.28388
      vertex -5.60025 -1.48522 3.28388
    endloop
  endfacet
  facet normal 0 0.892963 0.450129
    outer loop
      vertex -6.20025 -1.48522 3.28388
      vertex -5.60025 -1.44635 3.20677
      vertex -6.20025 -1.44635 3.20677
    endloop
  endfacet
  facet normal 0 -0.914102 0.405484
    outer loop
      vertex -6.20025 -4.65849 3.12774
      vertex -5.60025 -4.62342 3.2068
      vertex -6.20025 -4.62342 3.2068
    endloop
  endfacet
  facet normal 0 -0.914102 0.405484
    outer loop
      vertex -5.60025 -4.62342 3.2068
      vertex -6.20025 -4.65849 3.12774
      vertex -5.60025 -4.65849 3.12774
    endloop
  endfacet
  facet normal 0 -0.405393 -0.914143
    outer loop
      vertex -6.20025 -3.78578 0.867562
      vertex -5.60025 -3.70671 0.832497
      vertex -5.60025 -3.78578 0.867562
    endloop
  endfacet
  facet normal -0 -0.405393 -0.914143
    outer loop
      vertex -5.60025 -3.70671 0.832497
      vertex -6.20025 -3.78578 0.867562
      vertex -6.20025 -3.70671 0.832497
    endloop
  endfacet
  facet normal 0 -0.313199 -0.949687
    outer loop
      vertex -6.20025 -3.62612 0.80143
      vertex -5.60025 -3.54432 0.774453
      vertex -5.60025 -3.62612 0.80143
    endloop
  endfacet
  facet normal -0 -0.313199 -0.949687
    outer loop
      vertex -5.60025 -3.54432 0.774453
      vertex -6.20025 -3.62612 0.80143
      vertex -6.20025 -3.54432 0.774453
    endloop
  endfacet
  facet normal 0 0.493483 -0.869755
    outer loop
      vertex -6.20025 -2.20695 0.906441
      vertex -5.60025 -2.13193 0.949006
      vertex -5.60025 -2.20695 0.906441
    endloop
  endfacet
  facet normal 0 0.493483 -0.869755
    outer loop
      vertex -5.60025 -2.13193 0.949006
      vertex -6.20025 -2.20695 0.906441
      vertex -6.20025 -2.13193 0.949006
    endloop
  endfacet
  facet normal 0 0.653363 -0.757044
    outer loop
      vertex -6.20025 -1.92074 1.09794
      vertex -5.60025 -1.85539 1.15434
      vertex -5.60025 -1.92074 1.09794
    endloop
  endfacet
  facet normal 0 0.653363 -0.757044
    outer loop
      vertex -5.60025 -1.85539 1.15434
      vertex -6.20025 -1.92074 1.09794
      vertex -6.20025 -1.85539 1.15434
    endloop
  endfacet
  facet normal -0 0.450176 0.89294
    outer loop
      vertex -6.20025 -2.2069 4.00543
      vertex -5.60025 -2.284 4.0443
      vertex -5.60025 -2.2069 4.00543
    endloop
  endfacet
  facet normal 0 0.450176 0.89294
    outer loop
      vertex -5.60025 -2.284 4.0443
      vertex -6.20025 -2.2069 4.00543
      vertex -6.20025 -2.284 4.0443
    endloop
  endfacet
  facet normal -0 0.265892 0.964003
    outer loop
      vertex -6.20025 -2.52546 4.1374
      vertex -5.60025 -2.60834 4.16026
      vertex -5.60025 -2.52546 4.1374
    endloop
  endfacet
  facet normal 0 0.265892 0.964003
    outer loop
      vertex -5.60025 -2.60834 4.16026
      vertex -6.20025 -2.52546 4.1374
      vertex -6.20025 -2.60834 4.16026
    endloop
  endfacet
  facet normal 0 0.535654 -0.844438
    outer loop
      vertex -6.20025 -2.13193 0.949006
      vertex -5.60025 -2.05914 0.995179
      vertex -5.60025 -2.13193 0.949006
    endloop
  endfacet
  facet normal 0 0.535654 -0.844438
    outer loop
      vertex -5.60025 -2.05914 0.995179
      vertex -6.20025 -2.13193 0.949006
      vertex -6.20025 -2.05914 0.995179
    endloop
  endfacet
  facet normal 0 0.999708 0.0241436
    outer loop
      vertex -5.60025 -1.27823 2.45593
      vertex -6.20025 -1.28032 2.54247
      vertex -5.60025 -1.28032 2.54247
    endloop
  endfacet
  facet normal 0 0.999708 0.0241436
    outer loop
      vertex -6.20025 -1.28032 2.54247
      vertex -5.60025 -1.27823 2.45593
      vertex -6.20025 -1.27823 2.45593
    endloop
  endfacet
  facet normal 0 -0.724135 -0.689658
    outer loop
      vertex -6.20025 -4.27701 1.21388
      vertex -5.60025 -4.33662 1.27647
      vertex -6.20025 -4.33662 1.27647
    endloop
  endfacet
  facet normal 0 -0.724135 -0.689658
    outer loop
      vertex -5.60025 -4.33662 1.27647
      vertex -6.20025 -4.27701 1.21388
      vertex -5.60025 -4.27701 1.21388
    endloop
  endfacet
  facet normal -0 0.359685 0.933074
    outer loop
      vertex -6.20025 -2.36306 4.07936
      vertex -5.60025 -2.44366 4.11043
      vertex -5.60025 -2.36306 4.07936
    endloop
  endfacet
  facet normal 0 0.359685 0.933074
    outer loop
      vertex -5.60025 -2.44366 4.11043
      vertex -6.20025 -2.36306 4.07936
      vertex -6.20025 -2.44366 4.11043
    endloop
  endfacet
  facet normal 0 -0.535587 -0.84448
    outer loop
      vertex -6.20025 -4.01068 0.995156
      vertex -5.60025 -3.93789 0.948991
      vertex -5.60025 -4.01068 0.995156
    endloop
  endfacet
  facet normal -0 -0.535587 -0.84448
    outer loop
      vertex -5.60025 -3.93789 0.948991
      vertex -6.20025 -4.01068 0.995156
      vertex -6.20025 -3.93789 0.948991
    endloop
  endfacet
  facet normal 0 -0.997347 0.0727957
    outer loop
      vertex -6.20025 -4.78946 2.54247
      vertex -5.60025 -4.78318 2.62851
      vertex -6.20025 -4.78318 2.62851
    endloop
  endfacet
  facet normal 0 -0.997347 0.0727957
    outer loop
      vertex -5.60025 -4.78318 2.62851
      vertex -6.20025 -4.78946 2.54247
      vertex -5.60025 -4.78946 2.54247
    endloop
  endfacet
  facet normal 0 0.757003 -0.653412
    outer loop
      vertex -5.60025 -1.73319 1.27651
      vertex -6.20025 -1.6768 1.34184
      vertex -5.60025 -1.6768 1.34184
    endloop
  endfacet
  facet normal 0 0.757003 -0.653412
    outer loop
      vertex -6.20025 -1.6768 1.34184
      vertex -5.60025 -1.73319 1.27651
      vertex -6.20025 -1.73319 1.27651
    endloop
  endfacet
  facet normal 0 0.405503 -0.914094
    outer loop
      vertex -6.20025 -2.36311 0.832505
      vertex -5.60025 -2.28405 0.867577
      vertex -5.60025 -2.36311 0.832505
    endloop
  endfacet
  facet normal 0 0.405503 -0.914094
    outer loop
      vertex -5.60025 -2.28405 0.867577
      vertex -6.20025 -2.36311 0.832505
      vertex -6.20025 -2.28405 0.867577
    endloop
  endfacet
  facet normal -0 0.653288 0.75711
    outer loop
      vertex -6.20025 -1.85537 3.75758
      vertex -5.60025 -1.92071 3.81396
      vertex -5.60025 -1.85537 3.75758
    endloop
  endfacet
  facet normal 0 0.653288 0.75711
    outer loop
      vertex -5.60025 -1.92071 3.81396
      vertex -6.20025 -1.85537 3.75758
      vertex -6.20025 -1.92071 3.81396
    endloop
  endfacet
  facet normal 0 0.359694 -0.933071
    outer loop
      vertex -6.20025 -2.4437 0.801438
      vertex -5.60025 -2.36311 0.832505
      vertex -5.60025 -2.4437 0.801438
    endloop
  endfacet
  facet normal 0 0.359694 -0.933071
    outer loop
      vertex -5.60025 -2.36311 0.832505
      vertex -6.20025 -2.4437 0.801438
      vertex -6.20025 -2.36311 0.832505
    endloop
  endfacet
  facet normal -0 0.615601 0.788058
    outer loop
      vertex -6.20025 -1.92071 3.81396
      vertex -5.60025 -1.98866 3.86704
      vertex -5.60025 -1.92071 3.81396
    endloop
  endfacet
  facet normal 0 0.615601 0.788058
    outer loop
      vertex -5.60025 -1.98866 3.86704
      vertex -6.20025 -1.92071 3.81396
      vertex -6.20025 -1.98866 3.86704
    endloop
  endfacet
  facet normal -0 0.68954 0.724248
    outer loop
      vertex -6.20025 -1.79277 3.69798
      vertex -5.60025 -1.85537 3.75758
      vertex -5.60025 -1.79277 3.69798
    endloop
  endfacet
  facet normal 0 0.68954 0.724248
    outer loop
      vertex -5.60025 -1.85537 3.75758
      vertex -6.20025 -1.79277 3.69798
      vertex -6.20025 -1.85537 3.75758
    endloop
  endfacet
  facet normal 0 0.992616 0.121303
    outer loop
      vertex -5.60025 -1.28659 2.62851
      vertex -6.20025 -1.29703 2.71394
      vertex -5.60025 -1.29703 2.71394
    endloop
  endfacet
  facet normal 0 0.992616 0.121303
    outer loop
      vertex -6.20025 -1.29703 2.71394
      vertex -5.60025 -1.28659 2.62851
      vertex -6.20025 -1.28659 2.62851
    endloop
  endfacet
  facet normal 0 0.892893 -0.450268
    outer loop
      vertex -5.60025 -1.48527 1.62799
      vertex -6.20025 -1.44639 1.70509
      vertex -5.60025 -1.44639 1.70509
    endloop
  endfacet
  facet normal 0 0.892893 -0.450268
    outer loop
      vertex -6.20025 -1.44639 1.70509
      vertex -5.60025 -1.48527 1.62799
      vertex -6.20025 -1.48527 1.62799
    endloop
  endfacet
  facet normal -0 0.493489 0.869752
    outer loop
      vertex -6.20025 -2.13189 3.96287
      vertex -5.60025 -2.2069 4.00543
      vertex -5.60025 -2.13189 3.96287
    endloop
  endfacet
  facet normal 0 0.493489 0.869752
    outer loop
      vertex -5.60025 -2.2069 4.00543
      vertex -6.20025 -2.13189 3.96287
      vertex -6.20025 -2.2069 4.00543
    endloop
  endfacet
  facet normal 0 0.0727034 -0.997354
    outer loop
      vertex -6.20025 -2.94835 0.701569
      vertex -5.60025 -2.86231 0.707841
      vertex -5.60025 -2.94835 0.701569
    endloop
  endfacet
  facet normal 0 0.0727034 -0.997354
    outer loop
      vertex -5.60025 -2.86231 0.707841
      vertex -6.20025 -2.94835 0.701569
      vertex -6.20025 -2.86231 0.707841
    endloop
  endfacet
  facet normal 0 0.844401 0.535712
    outer loop
      vertex -5.60025 -1.5278 3.35888
      vertex -6.20025 -1.57398 3.43167
      vertex -5.60025 -1.57398 3.43167
    endloop
  endfacet
  facet normal 0 0.844401 0.535712
    outer loop
      vertex -6.20025 -1.57398 3.43167
      vertex -5.60025 -1.5278 3.35888
      vertex -6.20025 -1.5278 3.35888
    endloop
  endfacet
  facet normal 0 0.869624 0.493715
    outer loop
      vertex -5.60025 -1.48522 3.28388
      vertex -6.20025 -1.5278 3.35888
      vertex -5.60025 -1.5278 3.35888
    endloop
  endfacet
  facet normal 0 0.869624 0.493715
    outer loop
      vertex -6.20025 -1.5278 3.35888
      vertex -5.60025 -1.48522 3.28388
      vertex -6.20025 -1.48522 3.28388
    endloop
  endfacet
  facet normal 0 -0.949712 -0.313126
    outer loop
      vertex -6.20025 -4.68958 1.86473
      vertex -5.60025 -4.71655 1.94653
      vertex -6.20025 -4.71655 1.94653
    endloop
  endfacet
  facet normal 0 -0.949712 -0.313126
    outer loop
      vertex -5.60025 -4.71655 1.94653
      vertex -6.20025 -4.68958 1.86473
      vertex -5.60025 -4.68958 1.86473
    endloop
  endfacet
  facet normal 0 0.72419 0.6896
    outer loop
      vertex -5.60025 -1.73316 3.63538
      vertex -6.20025 -1.79277 3.69798
      vertex -5.60025 -1.79277 3.69798
    endloop
  endfacet
  facet normal 0 0.72419 0.6896
    outer loop
      vertex -6.20025 -1.79277 3.69798
      vertex -5.60025 -1.73316 3.63538
      vertex -6.20025 -1.73316 3.63538
    endloop
  endfacet
  facet normal 0 -0.844368 0.535764
    outer loop
      vertex -6.20025 -4.54197 3.3589
      vertex -5.60025 -4.49579 3.43168
      vertex -6.20025 -4.49579 3.43168
    endloop
  endfacet
  facet normal 0 -0.844368 0.535764
    outer loop
      vertex -5.60025 -4.49579 3.43168
      vertex -6.20025 -4.54197 3.3589
      vertex -5.60025 -4.54197 3.3589
    endloop
  endfacet
  facet normal 0 0.844368 -0.535764
    outer loop
      vertex -5.60025 -1.57403 1.48021
      vertex -6.20025 -1.52785 1.55299
      vertex -5.60025 -1.52785 1.55299
    endloop
  endfacet
  facet normal 0 0.844368 -0.535764
    outer loop
      vertex -6.20025 -1.52785 1.55299
      vertex -5.60025 -1.57403 1.48021
      vertex -6.20025 -1.57403 1.48021
    endloop
  endfacet
  facet normal 0 -0.169811 -0.985477
    outer loop
      vertex -6.20025 -3.3776 0.732873
      vertex -5.60025 -3.2929 0.718278
      vertex -5.60025 -3.3776 0.732873
    endloop
  endfacet
  facet normal -0 -0.169811 -0.985477
    outer loop
      vertex -5.60025 -3.2929 0.718278
      vertex -6.20025 -3.3776 0.732873
      vertex -6.20025 -3.2929 0.718278
    endloop
  endfacet
  facet normal 0 -0.914102 -0.405484
    outer loop
      vertex -6.20025 -4.62343 1.70509
      vertex -5.60025 -4.6585 1.78415
      vertex -6.20025 -4.6585 1.78415
    endloop
  endfacet
  facet normal 0 -0.914102 -0.405484
    outer loop
      vertex -5.60025 -4.6585 1.78415
      vertex -6.20025 -4.62343 1.70509
      vertex -5.60025 -4.62343 1.70509
    endloop
  endfacet
  facet normal 0 -0.121303 0.992616
    outer loop
      vertex -6.20025 -3.20747 4.20402
      vertex -5.60025 -3.2929 4.19358
      vertex -5.60025 -3.20747 4.20402
    endloop
  endfacet
  facet normal 0 -0.121303 0.992616
    outer loop
      vertex -5.60025 -3.2929 4.19358
      vertex -6.20025 -3.20747 4.20402
      vertex -6.20025 -3.2929 4.19358
    endloop
  endfacet
  facet normal 0 0.997355 0.0726804
    outer loop
      vertex -5.60025 -1.28032 2.54247
      vertex -6.20025 -1.28659 2.62851
      vertex -5.60025 -1.28659 2.62851
    endloop
  endfacet
  facet normal 0 0.997355 0.0726804
    outer loop
      vertex -6.20025 -1.28659 2.62851
      vertex -5.60025 -1.28032 2.54247
      vertex -6.20025 -1.28032 2.54247
    endloop
  endfacet
  facet normal 0 -0.0241436 -0.999708
    outer loop
      vertex -6.20025 -3.12143 0.701569
      vertex -5.60025 -3.03489 0.699479
      vertex -5.60025 -3.12143 0.701569
    endloop
  endfacet
  facet normal -0 -0.0241436 -0.999708
    outer loop
      vertex -5.60025 -3.03489 0.699479
      vertex -6.20025 -3.12143 0.701569
      vertex -6.20025 -3.03489 0.699479
    endloop
  endfacet
  facet normal 0 -0.963965 -0.26603
    outer loop
      vertex -6.20025 -4.71655 1.94653
      vertex -5.60025 -4.73942 2.0294
      vertex -6.20025 -4.73942 2.0294
    endloop
  endfacet
  facet normal 0 -0.963965 -0.26603
    outer loop
      vertex -5.60025 -4.73942 2.0294
      vertex -6.20025 -4.71655 1.94653
      vertex -5.60025 -4.71655 1.94653
    endloop
  endfacet
  facet normal 0 0.992614 -0.121317
    outer loop
      vertex -5.60025 -1.29704 2.19793
      vertex -6.20025 -1.2866 2.28335
      vertex -5.60025 -1.2866 2.28335
    endloop
  endfacet
  facet normal 0 0.992614 -0.121317
    outer loop
      vertex -6.20025 -1.2866 2.28335
      vertex -5.60025 -1.29704 2.19793
      vertex -6.20025 -1.29704 2.19793
    endloop
  endfacet
  facet normal 0 -0.450037 0.89301
    outer loop
      vertex -6.20025 -3.78575 4.0443
      vertex -5.60025 -3.86286 4.00544
      vertex -5.60025 -3.78575 4.0443
    endloop
  endfacet
  facet normal 0 -0.450037 0.89301
    outer loop
      vertex -5.60025 -3.86286 4.00544
      vertex -6.20025 -3.78575 4.0443
      vertex -6.20025 -3.86286 4.00544
    endloop
  endfacet
  facet normal 0 0.93302 -0.359825
    outer loop
      vertex -5.60025 -1.41131 1.78414
      vertex -6.20025 -1.38023 1.86473
      vertex -5.60025 -1.38023 1.86473
    endloop
  endfacet
  facet normal 0 0.93302 -0.359825
    outer loop
      vertex -6.20025 -1.38023 1.86473
      vertex -5.60025 -1.41131 1.78414
      vertex -6.20025 -1.41131 1.78414
    endloop
  endfacet
  facet normal 0 0.999708 -0.0241436
    outer loop
      vertex -5.60025 -1.28032 2.36939
      vertex -6.20025 -1.27823 2.45593
      vertex -5.60025 -1.27823 2.45593
    endloop
  endfacet
  facet normal 0 0.999708 -0.0241436
    outer loop
      vertex -6.20025 -1.27823 2.45593
      vertex -5.60025 -1.28032 2.36939
      vertex -6.20025 -1.28032 2.36939
    endloop
  endfacet
  facet normal 0 0.218027 -0.975943
    outer loop
      vertex -6.20025 -2.6922 0.732873
      vertex -5.60025 -2.60836 0.751603
      vertex -5.60025 -2.6922 0.732873
    endloop
  endfacet
  facet normal 0 0.218027 -0.975943
    outer loop
      vertex -5.60025 -2.60836 0.751603
      vertex -6.20025 -2.6922 0.732873
      vertex -6.20025 -2.60836 0.751603
    endloop
  endfacet
  facet normal 0 -0.653354 0.757052
    outer loop
      vertex -6.20025 -4.14908 3.81396
      vertex -5.60025 -4.21442 3.75757
      vertex -5.60025 -4.14908 3.81396
    endloop
  endfacet
  facet normal 0 -0.653354 0.757052
    outer loop
      vertex -5.60025 -4.21442 3.75757
      vertex -6.20025 -4.14908 3.81396
      vertex -6.20025 -4.21442 3.75757
    endloop
  endfacet
  facet normal 0 -0.756995 -0.653421
    outer loop
      vertex -6.20025 -4.33662 1.27647
      vertex -5.60025 -4.39302 1.34181
      vertex -6.20025 -4.39302 1.34181
    endloop
  endfacet
  facet normal 0 -0.756995 -0.653421
    outer loop
      vertex -5.60025 -4.39302 1.34181
      vertex -6.20025 -4.33662 1.27647
      vertex -5.60025 -4.33662 1.27647
    endloop
  endfacet
  facet normal 0 0.963995 0.265922
    outer loop
      vertex -5.60025 -1.33036 2.88246
      vertex -6.20025 -1.35322 2.96533
      vertex -5.60025 -1.35322 2.96533
    endloop
  endfacet
  facet normal 0 0.963995 0.265922
    outer loop
      vertex -6.20025 -1.35322 2.96533
      vertex -5.60025 -1.33036 2.88246
      vertex -6.20025 -1.33036 2.88246
    endloop
  endfacet
  facet normal 0 0.985463 -0.169887
    outer loop
      vertex -5.60025 -1.31164 2.11324
      vertex -6.20025 -1.29704 2.19793
      vertex -5.60025 -1.29704 2.19793
    endloop
  endfacet
  facet normal 0 0.985463 -0.169887
    outer loop
      vertex -6.20025 -1.29704 2.19793
      vertex -5.60025 -1.31164 2.11324
      vertex -6.20025 -1.31164 2.11324
    endloop
  endfacet
  facet normal 0 0.914102 0.405484
    outer loop
      vertex -5.60025 -1.41128 3.12771
      vertex -6.20025 -1.44635 3.20677
      vertex -5.60025 -1.44635 3.20677
    endloop
  endfacet
  facet normal 0 0.914102 0.405484
    outer loop
      vertex -6.20025 -1.44635 3.20677
      vertex -5.60025 -1.41128 3.12771
      vertex -6.20025 -1.41128 3.12771
    endloop
  endfacet
  facet normal 0 -0.450121 -0.892968
    outer loop
      vertex -6.20025 -3.86288 0.906426
      vertex -5.60025 -3.78578 0.867562
      vertex -5.60025 -3.86288 0.906426
    endloop
  endfacet
  facet normal -0 -0.450121 -0.892968
    outer loop
      vertex -5.60025 -3.78578 0.867562
      vertex -6.20025 -3.86288 0.906426
      vertex -6.20025 -3.78578 0.867562
    endloop
  endfacet
  facet normal 0 -0.933005 -0.359863
    outer loop
      vertex -6.20025 -4.6585 1.78415
      vertex -5.60025 -4.68958 1.86473
      vertex -6.20025 -4.68958 1.86473
    endloop
  endfacet
  facet normal 0 -0.933005 -0.359863
    outer loop
      vertex -5.60025 -4.68958 1.86473
      vertex -6.20025 -4.6585 1.78415
      vertex -5.60025 -4.6585 1.78415
    endloop
  endfacet
  facet normal -0 0.218027 0.975943
    outer loop
      vertex -6.20025 -2.60834 4.16026
      vertex -5.60025 -2.69218 4.17899
      vertex -5.60025 -2.60834 4.16026
    endloop
  endfacet
  facet normal 0 0.218027 0.975943
    outer loop
      vertex -5.60025 -2.69218 4.17899
      vertex -6.20025 -2.60834 4.16026
      vertex -6.20025 -2.69218 4.17899
    endloop
  endfacet
  facet normal 0 -0.98548 -0.169794
    outer loop
      vertex -6.20025 -4.75815 2.11324
      vertex -5.60025 -4.77274 2.19792
      vertex -6.20025 -4.77274 2.19792
    endloop
  endfacet
  facet normal 0 -0.98548 -0.169794
    outer loop
      vertex -5.60025 -4.77274 2.19792
      vertex -6.20025 -4.75815 2.11324
      vertex -5.60025 -4.75815 2.11324
    endloop
  endfacet
  facet normal 0 0.121363 -0.992608
    outer loop
      vertex -6.20025 -2.86231 0.707841
      vertex -5.60025 -2.77689 0.718285
      vertex -5.60025 -2.86231 0.707841
    endloop
  endfacet
  facet normal 0 0.121363 -0.992608
    outer loop
      vertex -5.60025 -2.77689 0.718285
      vertex -6.20025 -2.86231 0.707841
      vertex -6.20025 -2.77689 0.718285
    endloop
  endfacet
  facet normal 0 -0.999708 0.0241436
    outer loop
      vertex -6.20025 -4.79155 2.45593
      vertex -5.60025 -4.78946 2.54247
      vertex -6.20025 -4.78946 2.54247
    endloop
  endfacet
  facet normal 0 -0.999708 0.0241436
    outer loop
      vertex -5.60025 -4.78946 2.54247
      vertex -6.20025 -4.79155 2.45593
      vertex -5.60025 -4.79155 2.45593
    endloop
  endfacet
  facet normal 0 0.949666 -0.313265
    outer loop
      vertex -5.60025 -1.38023 1.86473
      vertex -6.20025 -1.35325 1.94652
      vertex -5.60025 -1.35325 1.94652
    endloop
  endfacet
  facet normal 0 0.949666 -0.313265
    outer loop
      vertex -6.20025 -1.35325 1.94652
      vertex -5.60025 -1.38023 1.86473
      vertex -6.20025 -1.38023 1.86473
    endloop
  endfacet
  facet normal 0 -0.218027 0.975943
    outer loop
      vertex -6.20025 -3.37759 4.17899
      vertex -5.60025 -3.46143 4.16026
      vertex -5.60025 -3.37759 4.17899
    endloop
  endfacet
  facet normal 0 -0.218027 0.975943
    outer loop
      vertex -5.60025 -3.46143 4.16026
      vertex -6.20025 -3.37759 4.17899
      vertex -6.20025 -3.46143 4.16026
    endloop
  endfacet
  facet normal 0 -0.615601 -0.788058
    outer loop
      vertex -6.20025 -4.14907 1.0979
      vertex -5.60025 -4.08112 1.04482
      vertex -5.60025 -4.14907 1.0979
    endloop
  endfacet
  facet normal -0 -0.615601 -0.788058
    outer loop
      vertex -5.60025 -4.08112 1.04482
      vertex -6.20025 -4.14907 1.0979
      vertex -6.20025 -4.08112 1.04482
    endloop
  endfacet
  facet normal -0 0.121317 0.992614
    outer loop
      vertex -6.20025 -2.77688 4.19358
      vertex -5.60025 -2.8623 4.20402
      vertex -5.60025 -2.77688 4.19358
    endloop
  endfacet
  facet normal 0 0.121317 0.992614
    outer loop
      vertex -5.60025 -2.8623 4.20402
      vertex -6.20025 -2.77688 4.19358
      vertex -6.20025 -2.8623 4.20402
    endloop
  endfacet
  facet normal 0 -0.869674 0.493627
    outer loop
      vertex -6.20025 -4.58454 3.2839
      vertex -5.60025 -4.54197 3.3589
      vertex -6.20025 -4.54197 3.3589
    endloop
  endfacet
  facet normal 0 -0.869674 0.493627
    outer loop
      vertex -5.60025 -4.54197 3.3589
      vertex -6.20025 -4.58454 3.2839
      vertex -5.60025 -4.58454 3.2839
    endloop
  endfacet
  facet normal 0 -0.576223 0.817292
    outer loop
      vertex -6.20025 -4.01067 3.91671
      vertex -5.60025 -4.08112 3.86704
      vertex -5.60025 -4.01067 3.91671
    endloop
  endfacet
  facet normal 0 -0.576223 0.817292
    outer loop
      vertex -5.60025 -4.08112 3.86704
      vertex -6.20025 -4.01067 3.91671
      vertex -6.20025 -4.08112 3.86704
    endloop
  endfacet
  facet normal -0 0.0241436 0.999708
    outer loop
      vertex -6.20025 -2.94835 4.21029
      vertex -5.60025 -3.03489 4.21238
      vertex -5.60025 -2.94835 4.21029
    endloop
  endfacet
  facet normal 0 0.0241436 0.999708
    outer loop
      vertex -5.60025 -3.03489 4.21238
      vertex -6.20025 -2.94835 4.21029
      vertex -6.20025 -3.03489 4.21238
    endloop
  endfacet
  facet normal 0 -0.493533 -0.869727
    outer loop
      vertex -6.20025 -3.93789 0.948991
      vertex -5.60025 -3.86288 0.906426
      vertex -5.60025 -3.93789 0.948991
    endloop
  endfacet
  facet normal -0 -0.493533 -0.869727
    outer loop
      vertex -5.60025 -3.86288 0.906426
      vertex -6.20025 -3.93789 0.948991
      vertex -6.20025 -3.86288 0.906426
    endloop
  endfacet
  facet normal 0 0.265976 -0.96398
    outer loop
      vertex -6.20025 -2.60836 0.751603
      vertex -5.60025 -2.52549 0.774468
      vertex -5.60025 -2.60836 0.751603
    endloop
  endfacet
  facet normal 0 0.265976 -0.96398
    outer loop
      vertex -5.60025 -2.52549 0.774468
      vertex -6.20025 -2.60836 0.751603
      vertex -6.20025 -2.52549 0.774468
    endloop
  endfacet
  facet normal 0 0.963973 -0.266
    outer loop
      vertex -5.60025 -1.35325 1.94652
      vertex -6.20025 -1.33038 2.0294
      vertex -5.60025 -1.33038 2.0294
    endloop
  endfacet
  facet normal 0 0.963973 -0.266
    outer loop
      vertex -6.20025 -1.33038 2.0294
      vertex -5.60025 -1.35325 1.94652
      vertex -6.20025 -1.35325 1.94652
    endloop
  endfacet
  facet normal 0 0.817161 -0.57641
    outer loop
      vertex -5.60025 -1.62371 1.40978
      vertex -6.20025 -1.57403 1.48021
      vertex -5.60025 -1.57403 1.48021
    endloop
  endfacet
  facet normal 0 0.817161 -0.57641
    outer loop
      vertex -6.20025 -1.57403 1.48021
      vertex -5.60025 -1.62371 1.40978
      vertex -6.20025 -1.62371 1.40978
    endloop
  endfacet
  facet normal -0 0.405387 0.914145
    outer loop
      vertex -6.20025 -2.284 4.0443
      vertex -5.60025 -2.36306 4.07936
      vertex -5.60025 -2.284 4.0443
    endloop
  endfacet
  facet normal 0 0.405387 0.914145
    outer loop
      vertex -5.60025 -2.36306 4.07936
      vertex -6.20025 -2.284 4.0443
      vertex -6.20025 -2.36306 4.07936
    endloop
  endfacet
  facet normal 0 0.91404 -0.405623
    outer loop
      vertex -5.60025 -1.44639 1.70509
      vertex -6.20025 -1.41131 1.78414
      vertex -5.60025 -1.41131 1.78414
    endloop
  endfacet
  facet normal 0 0.91404 -0.405623
    outer loop
      vertex -6.20025 -1.41131 1.78414
      vertex -5.60025 -1.44639 1.70509
      vertex -6.20025 -1.44639 1.70509
    endloop
  endfacet
  facet normal 0 0.817199 0.576355
    outer loop
      vertex -5.60025 -1.57398 3.43167
      vertex -6.20025 -1.62366 3.50211
      vertex -5.60025 -1.62366 3.50211
    endloop
  endfacet
  facet normal 0 0.817199 0.576355
    outer loop
      vertex -6.20025 -1.62366 3.50211
      vertex -5.60025 -1.57398 3.43167
      vertex -6.20025 -1.57398 3.43167
    endloop
  endfacet
  facet normal 0 -0.265784 -0.964033
    outer loop
      vertex -6.20025 -3.54432 0.774453
      vertex -5.60025 -3.46144 0.751603
      vertex -5.60025 -3.54432 0.774453
    endloop
  endfacet
  facet normal -0 -0.265784 -0.964033
    outer loop
      vertex -5.60025 -3.46144 0.751603
      vertex -6.20025 -3.54432 0.774453
      vertex -6.20025 -3.46144 0.751603
    endloop
  endfacet
  facet normal 0 -0.218027 -0.975943
    outer loop
      vertex -6.20025 -3.46144 0.751603
      vertex -5.60025 -3.3776 0.732873
      vertex -5.60025 -3.46144 0.751603
    endloop
  endfacet
  facet normal -0 -0.218027 -0.975943
    outer loop
      vertex -5.60025 -3.3776 0.732873
      vertex -6.20025 -3.46144 0.751603
      vertex -6.20025 -3.3776 0.732873
    endloop
  endfacet
  facet normal 0 -0.576231 -0.817287
    outer loop
      vertex -6.20025 -4.08112 1.04482
      vertex -5.60025 -4.01068 0.995156
      vertex -5.60025 -4.08112 1.04482
    endloop
  endfacet
  facet normal -0 -0.576231 -0.817287
    outer loop
      vertex -5.60025 -4.01068 0.995156
      vertex -6.20025 -4.08112 1.04482
      vertex -6.20025 -4.01068 0.995156
    endloop
  endfacet
  facet normal 0 -0.653288 -0.75711
    outer loop
      vertex -6.20025 -4.21441 1.15428
      vertex -5.60025 -4.14907 1.0979
      vertex -5.60025 -4.21441 1.15428
    endloop
  endfacet
  facet normal -0 -0.653288 -0.75711
    outer loop
      vertex -5.60025 -4.14907 1.0979
      vertex -6.20025 -4.21441 1.15428
      vertex -6.20025 -4.14907 1.0979
    endloop
  endfacet
  facet normal 0 0.615617 -0.788045
    outer loop
      vertex -6.20025 -1.9887 1.04485
      vertex -5.60025 -1.92074 1.09794
      vertex -5.60025 -1.9887 1.04485
    endloop
  endfacet
  facet normal 0 0.615617 -0.788045
    outer loop
      vertex -5.60025 -1.92074 1.09794
      vertex -6.20025 -1.9887 1.04485
      vertex -6.20025 -1.92074 1.09794
    endloop
  endfacet
  facet normal 0 -0.724138 0.689655
    outer loop
      vertex -6.20025 -4.33663 3.63538
      vertex -5.60025 -4.27703 3.69796
      vertex -6.20025 -4.27703 3.69796
    endloop
  endfacet
  facet normal 0 -0.724138 0.689655
    outer loop
      vertex -5.60025 -4.27703 3.69796
      vertex -6.20025 -4.33663 3.63538
      vertex -5.60025 -4.33663 3.63538
    endloop
  endfacet
  facet normal 0 -0.975923 0.218113
    outer loop
      vertex -6.20025 -4.75815 2.79863
      vertex -5.60025 -4.73941 2.88248
      vertex -6.20025 -4.73941 2.88248
    endloop
  endfacet
  facet normal 0 -0.975923 0.218113
    outer loop
      vertex -5.60025 -4.73941 2.88248
      vertex -6.20025 -4.75815 2.79863
      vertex -5.60025 -4.75815 2.79863
    endloop
  endfacet
  facet normal 0 0.169752 -0.985487
    outer loop
      vertex -6.20025 -2.77689 0.718285
      vertex -5.60025 -2.6922 0.732873
      vertex -5.60025 -2.77689 0.718285
    endloop
  endfacet
  facet normal 0 0.169752 -0.985487
    outer loop
      vertex -5.60025 -2.6922 0.732873
      vertex -6.20025 -2.77689 0.718285
      vertex -6.20025 -2.6922 0.732873
    endloop
  endfacet
  facet normal 0 -0.0726804 0.997355
    outer loop
      vertex -6.20025 -3.12143 4.21029
      vertex -5.60025 -3.20747 4.20402
      vertex -5.60025 -3.12143 4.21029
    endloop
  endfacet
  facet normal 0 -0.0726804 0.997355
    outer loop
      vertex -5.60025 -3.20747 4.20402
      vertex -6.20025 -3.12143 4.21029
      vertex -6.20025 -3.20747 4.20402
    endloop
  endfacet
  facet normal 0 -0.689543 0.724245
    outer loop
      vertex -6.20025 -4.21442 3.75757
      vertex -5.60025 -4.27703 3.69796
      vertex -5.60025 -4.21442 3.75757
    endloop
  endfacet
  facet normal 0 -0.689543 0.724245
    outer loop
      vertex -5.60025 -4.27703 3.69796
      vertex -6.20025 -4.21442 3.75757
      vertex -6.20025 -4.27703 3.69796
    endloop
  endfacet
  facet normal 0 0.787958 0.61573
    outer loop
      vertex -5.60025 -1.62366 3.50211
      vertex -6.20025 -1.67675 3.57005
      vertex -5.60025 -1.67675 3.57005
    endloop
  endfacet
  facet normal 0 0.787958 0.61573
    outer loop
      vertex -6.20025 -1.67675 3.57005
      vertex -5.60025 -1.62366 3.50211
      vertex -6.20025 -1.62366 3.50211
    endloop
  endfacet
  facet normal 0 0.787958 -0.61573
    outer loop
      vertex -5.60025 -1.6768 1.34184
      vertex -6.20025 -1.62371 1.40978
      vertex -5.60025 -1.62371 1.40978
    endloop
  endfacet
  facet normal 0 0.787958 -0.61573
    outer loop
      vertex -6.20025 -1.62371 1.40978
      vertex -5.60025 -1.6768 1.34184
      vertex -6.20025 -1.6768 1.34184
    endloop
  endfacet
  facet normal 0 0.949677 0.313231
    outer loop
      vertex -5.60025 -1.35322 2.96533
      vertex -6.20025 -1.3802 3.04713
      vertex -5.60025 -1.3802 3.04713
    endloop
  endfacet
  facet normal 0 0.949677 0.313231
    outer loop
      vertex -6.20025 -1.3802 3.04713
      vertex -5.60025 -1.35322 2.96533
      vertex -6.20025 -1.35322 2.96533
    endloop
  endfacet
  facet normal 0 -0.68954 -0.724248
    outer loop
      vertex -6.20025 -4.27701 1.21388
      vertex -5.60025 -4.21441 1.15428
      vertex -5.60025 -4.27701 1.21388
    endloop
  endfacet
  facet normal -0 -0.68954 -0.724248
    outer loop
      vertex -5.60025 -4.21441 1.15428
      vertex -6.20025 -4.27701 1.21388
      vertex -6.20025 -4.21441 1.15428
    endloop
  endfacet
  facet normal 0 0.450121 -0.892968
    outer loop
      vertex -6.20025 -2.28405 0.867577
      vertex -5.60025 -2.20695 0.906441
      vertex -5.60025 -2.28405 0.867577
    endloop
  endfacet
  facet normal 0 0.450121 -0.892968
    outer loop
      vertex -5.60025 -2.20695 0.906441
      vertex -6.20025 -2.28405 0.867577
      vertex -6.20025 -2.20695 0.906441
    endloop
  endfacet
  facet normal 0 0.724138 -0.689655
    outer loop
      vertex -5.60025 -1.79279 1.21393
      vertex -6.20025 -1.73319 1.27651
      vertex -5.60025 -1.73319 1.27651
    endloop
  endfacet
  facet normal 0 0.724138 -0.689655
    outer loop
      vertex -6.20025 -1.73319 1.27651
      vertex -5.60025 -1.79279 1.21393
      vertex -6.20025 -1.79279 1.21393
    endloop
  endfacet
  facet normal 0 -0.0241436 0.999708
    outer loop
      vertex -6.20025 -3.03489 4.21238
      vertex -5.60025 -3.12143 4.21029
      vertex -5.60025 -3.03489 4.21238
    endloop
  endfacet
  facet normal 0 -0.0241436 0.999708
    outer loop
      vertex -5.60025 -3.12143 4.21029
      vertex -6.20025 -3.03489 4.21238
      vertex -6.20025 -3.12143 4.21029
    endloop
  endfacet
  facet normal 0 0.756888 0.653544
    outer loop
      vertex -5.60025 -1.67675 3.57005
      vertex -6.20025 -1.73316 3.63538
      vertex -5.60025 -1.73316 3.63538
    endloop
  endfacet
  facet normal 0 0.756888 0.653544
    outer loop
      vertex -6.20025 -1.73316 3.63538
      vertex -5.60025 -1.67675 3.57005
      vertex -6.20025 -1.67675 3.57005
    endloop
  endfacet
  facet normal 0 -0.121269 -0.99262
    outer loop
      vertex -6.20025 -3.2929 0.718278
      vertex -5.60025 -3.20747 0.707841
      vertex -5.60025 -3.2929 0.718278
    endloop
  endfacet
  facet normal -0 -0.121269 -0.99262
    outer loop
      vertex -5.60025 -3.20747 0.707841
      vertex -6.20025 -3.2929 0.718278
      vertex -6.20025 -3.20747 0.707841
    endloop
  endfacet
  facet normal 0 0.576285 -0.817248
    outer loop
      vertex -6.20025 -2.05914 0.995179
      vertex -5.60025 -1.9887 1.04485
      vertex -5.60025 -2.05914 0.995179
    endloop
  endfacet
  facet normal 0 0.576285 -0.817248
    outer loop
      vertex -5.60025 -1.9887 1.04485
      vertex -6.20025 -2.05914 0.995179
      vertex -6.20025 -1.9887 1.04485
    endloop
  endfacet
  facet normal 0 -0.0727034 -0.997354
    outer loop
      vertex -6.20025 -3.20747 0.707841
      vertex -5.60025 -3.12143 0.701569
      vertex -5.60025 -3.20747 0.707841
    endloop
  endfacet
  facet normal -0 -0.0727034 -0.997354
    outer loop
      vertex -5.60025 -3.12143 0.701569
      vertex -6.20025 -3.20747 0.707841
      vertex -6.20025 -3.12143 0.701569
    endloop
  endfacet
  facet normal 0 -0.869674 -0.493627
    outer loop
      vertex -6.20025 -4.54198 1.55298
      vertex -5.60025 -4.58455 1.62798
      vertex -6.20025 -4.58455 1.62798
    endloop
  endfacet
  facet normal 0 -0.869674 -0.493627
    outer loop
      vertex -5.60025 -4.58455 1.62798
      vertex -6.20025 -4.54198 1.55298
      vertex -5.60025 -4.54198 1.55298
    endloop
  endfacet
  facet normal 0 -0.949666 0.313265
    outer loop
      vertex -6.20025 -4.71655 2.96536
      vertex -5.60025 -4.68957 3.04715
      vertex -6.20025 -4.68957 3.04715
    endloop
  endfacet
  facet normal 0 -0.949666 0.313265
    outer loop
      vertex -5.60025 -4.68957 3.04715
      vertex -6.20025 -4.71655 2.96536
      vertex -5.60025 -4.71655 2.96536
    endloop
  endfacet
  facet normal -0 0.169755 0.985486
    outer loop
      vertex -6.20025 -2.69218 4.17899
      vertex -5.60025 -2.77688 4.19358
      vertex -5.60025 -2.69218 4.17899
    endloop
  endfacet
  facet normal 0 0.169755 0.985486
    outer loop
      vertex -5.60025 -2.77688 4.19358
      vertex -6.20025 -2.69218 4.17899
      vertex -6.20025 -2.77688 4.19358
    endloop
  endfacet
  facet normal 0 -0.992616 0.121303
    outer loop
      vertex -6.20025 -4.78318 2.62851
      vertex -5.60025 -4.77274 2.71394
      vertex -6.20025 -4.77274 2.71394
    endloop
  endfacet
  facet normal 0 -0.992616 0.121303
    outer loop
      vertex -5.60025 -4.77274 2.71394
      vertex -6.20025 -4.78318 2.62851
      vertex -5.60025 -4.78318 2.62851
    endloop
  endfacet
  facet normal -0 0.072672 0.997356
    outer loop
      vertex -6.20025 -2.8623 4.20402
      vertex -5.60025 -2.94835 4.21029
      vertex -5.60025 -2.8623 4.20402
    endloop
  endfacet
  facet normal 0 0.072672 0.997356
    outer loop
      vertex -5.60025 -2.94835 4.21029
      vertex -6.20025 -2.8623 4.20402
      vertex -6.20025 -2.94835 4.21029
    endloop
  endfacet
  facet normal 0 -0.49344 0.86978
    outer loop
      vertex -6.20025 -3.86286 4.00544
      vertex -5.60025 -3.93788 3.96288
      vertex -5.60025 -3.86286 4.00544
    endloop
  endfacet
  facet normal 0 -0.49344 0.86978
    outer loop
      vertex -5.60025 -3.93788 3.96288
      vertex -6.20025 -3.86286 4.00544
      vertex -6.20025 -3.93788 3.96288
    endloop
  endfacet
  facet normal 0 -0.313161 0.9497
    outer loop
      vertex -6.20025 -3.54431 4.13741
      vertex -5.60025 -3.6261 4.11044
      vertex -5.60025 -3.54431 4.13741
    endloop
  endfacet
  facet normal 0 -0.313161 0.9497
    outer loop
      vertex -5.60025 -3.6261 4.11044
      vertex -6.20025 -3.54431 4.13741
      vertex -6.20025 -3.6261 4.11044
    endloop
  endfacet
  facet normal 0 -0.756945 0.653478
    outer loop
      vertex -6.20025 -4.39303 3.57005
      vertex -5.60025 -4.33663 3.63538
      vertex -6.20025 -4.33663 3.63538
    endloop
  endfacet
  facet normal 0 -0.756945 0.653478
    outer loop
      vertex -5.60025 -4.33663 3.63538
      vertex -6.20025 -4.39303 3.57005
      vertex -5.60025 -4.39303 3.57005
    endloop
  endfacet
  facet normal 0 -0.787901 -0.615802
    outer loop
      vertex -6.20025 -4.39302 1.34181
      vertex -5.60025 -4.44612 1.40975
      vertex -6.20025 -4.44612 1.40975
    endloop
  endfacet
  facet normal 0 -0.787901 -0.615802
    outer loop
      vertex -5.60025 -4.44612 1.40975
      vertex -6.20025 -4.39302 1.34181
      vertex -5.60025 -4.39302 1.34181
    endloop
  endfacet
  facet normal 0 0.869624 -0.493715
    outer loop
      vertex -5.60025 -1.52785 1.55299
      vertex -6.20025 -1.48527 1.62799
      vertex -5.60025 -1.48527 1.62799
    endloop
  endfacet
  facet normal 0 0.869624 -0.493715
    outer loop
      vertex -6.20025 -1.48527 1.62799
      vertex -5.60025 -1.52785 1.55299
      vertex -6.20025 -1.52785 1.55299
    endloop
  endfacet
  facet normal -0 0.535629 0.844454
    outer loop
      vertex -6.20025 -2.0591 3.9167
      vertex -5.60025 -2.13189 3.96287
      vertex -5.60025 -2.0591 3.9167
    endloop
  endfacet
  facet normal 0 0.535629 0.844454
    outer loop
      vertex -5.60025 -2.13189 3.96287
      vertex -6.20025 -2.0591 3.9167
      vertex -6.20025 -2.13189 3.96287
    endloop
  endfacet
  facet normal 0 -0.817199 -0.576355
    outer loop
      vertex -6.20025 -4.44612 1.40975
      vertex -5.60025 -4.4958 1.48019
      vertex -6.20025 -4.4958 1.48019
    endloop
  endfacet
  facet normal 0 -0.817199 -0.576355
    outer loop
      vertex -5.60025 -4.4958 1.48019
      vertex -6.20025 -4.44612 1.40975
      vertex -5.60025 -4.44612 1.40975
    endloop
  endfacet
  facet normal 0 0.975943 0.218027
    outer loop
      vertex -5.60025 -1.31163 2.79862
      vertex -6.20025 -1.33036 2.88246
      vertex -5.60025 -1.33036 2.88246
    endloop
  endfacet
  facet normal 0 0.975943 0.218027
    outer loop
      vertex -6.20025 -1.33036 2.88246
      vertex -5.60025 -1.31163 2.79862
      vertex -6.20025 -1.31163 2.79862
    endloop
  endfacet
  facet normal 0 0.98546 0.169907
    outer loop
      vertex -5.60025 -1.29703 2.71394
      vertex -6.20025 -1.31163 2.79862
      vertex -5.60025 -1.31163 2.79862
    endloop
  endfacet
  facet normal 0 0.98546 0.169907
    outer loop
      vertex -6.20025 -1.31163 2.79862
      vertex -5.60025 -1.29703 2.71394
      vertex -6.20025 -1.29703 2.71394
    endloop
  endfacet
  facet normal 0 -0.535629 0.844454
    outer loop
      vertex -6.20025 -3.93788 3.96288
      vertex -5.60025 -4.01067 3.91671
      vertex -5.60025 -3.93788 3.96288
    endloop
  endfacet
  facet normal 0 -0.535629 0.844454
    outer loop
      vertex -5.60025 -4.01067 3.91671
      vertex -6.20025 -3.93788 3.96288
      vertex -6.20025 -4.01067 3.91671
    endloop
  endfacet
  facet normal 0 -0.985483 0.169774
    outer loop
      vertex -6.20025 -4.77274 2.71394
      vertex -5.60025 -4.75815 2.79863
      vertex -6.20025 -4.75815 2.79863
    endloop
  endfacet
  facet normal 0 -0.985483 0.169774
    outer loop
      vertex -5.60025 -4.75815 2.79863
      vertex -6.20025 -4.77274 2.71394
      vertex -5.60025 -4.77274 2.71394
    endloop
  endfacet
  facet normal 0 0.689479 -0.724306
    outer loop
      vertex -6.20025 -1.85539 1.15434
      vertex -5.60025 -1.79279 1.21393
      vertex -5.60025 -1.85539 1.15434
    endloop
  endfacet
  facet normal 0 0.689479 -0.724306
    outer loop
      vertex -5.60025 -1.79279 1.21393
      vertex -6.20025 -1.85539 1.15434
      vertex -6.20025 -1.79279 1.21393
    endloop
  endfacet
  facet normal 0 -0.359724 0.933059
    outer loop
      vertex -6.20025 -3.6261 4.11044
      vertex -5.60025 -3.70669 4.07937
      vertex -5.60025 -3.6261 4.11044
    endloop
  endfacet
  facet normal 0 -0.359724 0.933059
    outer loop
      vertex -5.60025 -3.70669 4.07937
      vertex -6.20025 -3.6261 4.11044
      vertex -6.20025 -3.70669 4.07937
    endloop
  endfacet
  facet normal 0 -0.405484 0.914102
    outer loop
      vertex -6.20025 -3.70669 4.07937
      vertex -5.60025 -3.78575 4.0443
      vertex -5.60025 -3.70669 4.07937
    endloop
  endfacet
  facet normal 0 -0.405484 0.914102
    outer loop
      vertex -5.60025 -3.78575 4.0443
      vertex -6.20025 -3.70669 4.07937
      vertex -6.20025 -3.78575 4.0443
    endloop
  endfacet
  facet normal 0 -0.788014 0.615658
    outer loop
      vertex -6.20025 -4.44611 3.50211
      vertex -5.60025 -4.39303 3.57005
      vertex -6.20025 -4.39303 3.57005
    endloop
  endfacet
  facet normal 0 -0.788014 0.615658
    outer loop
      vertex -5.60025 -4.39303 3.57005
      vertex -6.20025 -4.44611 3.50211
      vertex -5.60025 -4.44611 3.50211
    endloop
  endfacet
  facet normal 0 -0.817161 0.57641
    outer loop
      vertex -6.20025 -4.49579 3.43168
      vertex -5.60025 -4.44611 3.50211
      vertex -6.20025 -4.44611 3.50211
    endloop
  endfacet
  facet normal 0 -0.817161 0.57641
    outer loop
      vertex -5.60025 -4.44611 3.50211
      vertex -6.20025 -4.49579 3.43168
      vertex -5.60025 -4.49579 3.43168
    endloop
  endfacet
  facet normal 0 0.933005 0.359863
    outer loop
      vertex -5.60025 -1.3802 3.04713
      vertex -6.20025 -1.41128 3.12771
      vertex -5.60025 -1.41128 3.12771
    endloop
  endfacet
  facet normal 0 0.933005 0.359863
    outer loop
      vertex -6.20025 -1.41128 3.12771
      vertex -5.60025 -1.3802 3.04713
      vertex -6.20025 -1.3802 3.04713
    endloop
  endfacet
  facet normal 0 -0.615545 0.788102
    outer loop
      vertex -6.20025 -4.08112 3.86704
      vertex -5.60025 -4.14908 3.81396
      vertex -5.60025 -4.08112 3.86704
    endloop
  endfacet
  facet normal 0 -0.615545 0.788102
    outer loop
      vertex -5.60025 -4.14908 3.81396
      vertex -6.20025 -4.08112 3.86704
      vertex -6.20025 -4.14908 3.81396
    endloop
  endfacet
  facet normal 0 -0.999708 -0.0241436
    outer loop
      vertex -6.20025 -4.78946 2.36939
      vertex -5.60025 -4.79155 2.45593
      vertex -6.20025 -4.79155 2.45593
    endloop
  endfacet
  facet normal 0 -0.999708 -0.0241436
    outer loop
      vertex -5.60025 -4.79155 2.45593
      vertex -6.20025 -4.78946 2.36939
      vertex -5.60025 -4.78946 2.36939
    endloop
  endfacet
  facet normal 0 -0.892893 0.450268
    outer loop
      vertex -6.20025 -4.62342 3.2068
      vertex -5.60025 -4.58454 3.2839
      vertex -6.20025 -4.58454 3.2839
    endloop
  endfacet
  facet normal 0 -0.892893 0.450268
    outer loop
      vertex -5.60025 -4.58454 3.2839
      vertex -6.20025 -4.62342 3.2068
      vertex -5.60025 -4.62342 3.2068
    endloop
  endfacet
  facet normal -1 0 0
    outer loop
      vertex -6.20025 -1.28032 2.36939
      vertex -6.20025 -1.28032 2.54247
      vertex -6.20025 -1.27823 2.45593
    endloop
  endfacet
  facet normal -1 0 0
    outer loop
      vertex -6.20025 -1.28032 2.36939
      vertex -6.20025 -1.28659 2.62851
      vertex -6.20025 -1.28032 2.54247
    endloop
  endfacet
  facet normal -1 0 0
    outer loop
      vertex -6.20025 -1.2866 2.28335
      vertex -6.20025 -1.28659 2.62851
      vertex -6.20025 -1.28032 2.36939
    endloop
  endfacet
  facet normal -1 0 0
    outer loop
      vertex -6.20025 -1.2866 2.28335
      vertex -6.20025 -1.29703 2.71394
      vertex -6.20025 -1.28659 2.62851
    endloop
  endfacet
  facet normal -1 0 0
    outer loop
      vertex -6.20025 -1.29704 2.19793
      vertex -6.20025 -1.29703 2.71394
      vertex -6.20025 -1.2866 2.28335
    endloop
  endfacet
  facet normal -1 0 0
    outer loop
      vertex -6.20025 -1.29704 2.19793
      vertex -6.20025 -1.31163 2.79862
      vertex -6.20025 -1.29703 2.71394
    endloop
  endfacet
  facet normal -1 0 0
    outer loop
      vertex -6.20025 -1.31164 2.11324
      vertex -6.20025 -1.31163 2.79862
      vertex -6.20025 -1.29704 2.19793
    endloop
  endfacet
  facet normal -1 0 0
    outer loop
      vertex -6.20025 -1.31164 2.11324
      vertex -6.20025 -1.33036 2.88246
      vertex -6.20025 -1.31163 2.79862
    endloop
  endfacet
  facet normal -1 0 0
    outer loop
      vertex -6.20025 -1.33038 2.0294
      vertex -6.20025 -1.33036 2.88246
      vertex -6.20025 -1.31164 2.11324
    endloop
  endfacet
  facet normal -1 0 0
    outer loop
      vertex -6.20025 -1.33038 2.0294
      vertex -6.20025 -1.35322 2.96533
      vertex -6.20025 -1.33036 2.88246
    endloop
  endfacet
  facet normal -1 0 0
    outer loop
      vertex -6.20025 -1.35325 1.94652
      vertex -6.20025 -1.35322 2.96533
      vertex -6.20025 -1.33038 2.0294
    endloop
  endfacet
  facet normal -1 0 0
    outer loop
      vertex -6.20025 -1.35325 1.94652
      vertex -6.20025 -1.3802 3.04713
      vertex -6.20025 -1.35322 2.96533
    endloop
  endfacet
  facet normal -1 0 0
    outer loop
      vertex -6.20025 -1.38023 1.86473
      vertex -6.20025 -1.3802 3.04713
      vertex -6.20025 -1.35325 1.94652
    endloop
  endfacet
  facet normal -1 0 0
    outer loop
      vertex -6.20025 -1.38023 1.86473
      vertex -6.20025 -1.41128 3.12771
      vertex -6.20025 -1.3802 3.04713
    endloop
  endfacet
  facet normal -1 0 0
    outer loop
      vertex -6.20025 -1.41131 1.78414
      vertex -6.20025 -1.41128 3.12771
      vertex -6.20025 -1.38023 1.86473
    endloop
  endfacet
  facet normal -1 0 0
    outer loop
      vertex -6.20025 -1.41131 1.78414
      vertex -6.20025 -1.44635 3.20677
      vertex -6.20025 -1.41128 3.12771
    endloop
  endfacet
  facet normal -1 0 0
    outer loop
      vertex -6.20025 -1.44639 1.70509
      vertex -6.20025 -1.44635 3.20677
      vertex -6.20025 -1.41131 1.78414
    endloop
  endfacet
  facet normal -1 0 0
    outer loop
      vertex -6.20025 -1.44639 1.70509
      vertex -6.20025 -1.48522 3.28388
      vertex -6.20025 -1.44635 3.20677
    endloop
  endfacet
  facet normal -1 0 0
    outer loop
      vertex -6.20025 -1.48527 1.62799
      vertex -6.20025 -1.48522 3.28388
      vertex -6.20025 -1.44639 1.70509
    endloop
  endfacet
  facet normal -1 0 0
    outer loop
      vertex -6.20025 -1.48527 1.62799
      vertex -6.20025 -1.5278 3.35888
      vertex -6.20025 -1.48522 3.28388
    endloop
  endfacet
  facet normal -1 0 0
    outer loop
      vertex -6.20025 -1.52785 1.55299
      vertex -6.20025 -1.5278 3.35888
      vertex -6.20025 -1.48527 1.62799
    endloop
  endfacet
  facet normal -1 0 0
    outer loop
      vertex -6.20025 -1.52785 1.55299
      vertex -6.20025 -1.57398 3.43167
      vertex -6.20025 -1.5278 3.35888
    endloop
  endfacet
  facet normal -1 0 0
    outer loop
      vertex -6.20025 -1.57403 1.48021
      vertex -6.20025 -1.57398 3.43167
      vertex -6.20025 -1.52785 1.55299
    endloop
  endfacet
  facet normal -1 0 0
    outer loop
      vertex -6.20025 -1.57403 1.48021
      vertex -6.20025 -1.62366 3.50211
      vertex -6.20025 -1.57398 3.43167
    endloop
  endfacet
  facet normal -1 0 0
    outer loop
      vertex -6.20025 -1.62371 1.40978
      vertex -6.20025 -1.62366 3.50211
      vertex -6.20025 -1.57403 1.48021
    endloop
  endfacet
  facet normal -1 0 0
    outer loop
      vertex -6.20025 -1.62371 1.40978
      vertex -6.20025 -1.67675 3.57005
      vertex -6.20025 -1.62366 3.50211
    endloop
  endfacet
  facet normal -1 0 0
    outer loop
      vertex -6.20025 -1.6768 1.34184
      vertex -6.20025 -1.67675 3.57005
      vertex -6.20025 -1.62371 1.40978
    endloop
  endfacet
  facet normal -1 0 0
    outer loop
      vertex -6.20025 -1.6768 1.34184
      vertex -6.20025 -1.73316 3.63538
      vertex -6.20025 -1.67675 3.57005
    endloop
  endfacet
  facet normal -1 0 0
    outer loop
      vertex -6.20025 -1.73319 1.27651
      vertex -6.20025 -1.73316 3.63538
      vertex -6.20025 -1.6768 1.34184
    endloop
  endfacet
  facet normal -1 0 0
    outer loop
      vertex -6.20025 -1.73319 1.27651
      vertex -6.20025 -1.79277 3.69798
      vertex -6.20025 -1.73316 3.63538
    endloop
  endfacet
  facet normal -1 0 0
    outer loop
      vertex -6.20025 -1.79279 1.21393
      vertex -6.20025 -1.79277 3.69798
      vertex -6.20025 -1.73319 1.27651
    endloop
  endfacet
  facet normal -1 0 0
    outer loop
      vertex -6.20025 -1.79279 1.21393
      vertex -6.20025 -1.85537 3.75758
      vertex -6.20025 -1.79277 3.69798
    endloop
  endfacet
  facet normal -1 0 0
    outer loop
      vertex -6.20025 -1.85539 1.15434
      vertex -6.20025 -1.85537 3.75758
      vertex -6.20025 -1.79279 1.21393
    endloop
  endfacet
  facet normal -1 0 0
    outer loop
      vertex -6.20025 -1.85539 1.15434
      vertex -6.20025 -1.92071 3.81396
      vertex -6.20025 -1.85537 3.75758
    endloop
  endfacet
  facet normal -1 0 0
    outer loop
      vertex -6.20025 -1.92074 1.09794
      vertex -6.20025 -1.92071 3.81396
      vertex -6.20025 -1.85539 1.15434
    endloop
  endfacet
  facet normal -1 0 0
    outer loop
      vertex -6.20025 -1.92074 1.09794
      vertex -6.20025 -1.98866 3.86704
      vertex -6.20025 -1.92071 3.81396
    endloop
  endfacet
  facet normal -1 0 0
    outer loop
      vertex -6.20025 -1.9887 1.04485
      vertex -6.20025 -1.98866 3.86704
      vertex -6.20025 -1.92074 1.09794
    endloop
  endfacet
  facet normal -1 0 0
    outer loop
      vertex -6.20025 -1.9887 1.04485
      vertex -6.20025 -2.0591 3.9167
      vertex -6.20025 -1.98866 3.86704
    endloop
  endfacet
  facet normal -1 0 0
    outer loop
      vertex -6.20025 -2.05914 0.995179
      vertex -6.20025 -2.0591 3.9167
      vertex -6.20025 -1.9887 1.04485
    endloop
  endfacet
  facet normal -1 0 0
    outer loop
      vertex -6.20025 -2.05914 0.995179
      vertex -6.20025 -2.13189 3.96287
      vertex -6.20025 -2.0591 3.9167
    endloop
  endfacet
  facet normal -1 0 0
    outer loop
      vertex -6.20025 -2.13193 0.949006
      vertex -6.20025 -2.13189 3.96287
      vertex -6.20025 -2.05914 0.995179
    endloop
  endfacet
  facet normal -1 0 0
    outer loop
      vertex -6.20025 -2.13193 0.949006
      vertex -6.20025 -2.2069 4.00543
      vertex -6.20025 -2.13189 3.96287
    endloop
  endfacet
  facet normal -1 0 0
    outer loop
      vertex -6.20025 -2.20695 0.906441
      vertex -6.20025 -2.2069 4.00543
      vertex -6.20025 -2.13193 0.949006
    endloop
  endfacet
  facet normal -1 0 0
    outer loop
      vertex -6.20025 -2.20695 0.906441
      vertex -6.20025 -2.284 4.0443
      vertex -6.20025 -2.2069 4.00543
    endloop
  endfacet
  facet normal -1 0 0
    outer loop
      vertex -6.20025 -2.28405 0.867577
      vertex -6.20025 -2.284 4.0443
      vertex -6.20025 -2.20695 0.906441
    endloop
  endfacet
  facet normal -1 0 0
    outer loop
      vertex -6.20025 -2.28405 0.867577
      vertex -6.20025 -2.36306 4.07936
      vertex -6.20025 -2.284 4.0443
    endloop
  endfacet
  facet normal -1 0 0
    outer loop
      vertex -6.20025 -2.36311 0.832505
      vertex -6.20025 -2.36306 4.07936
      vertex -6.20025 -2.28405 0.867577
    endloop
  endfacet
  facet normal -1 0 0
    outer loop
      vertex -6.20025 -2.36311 0.832505
      vertex -6.20025 -2.44366 4.11043
      vertex -6.20025 -2.36306 4.07936
    endloop
  endfacet
  facet normal -1 0 0
    outer loop
      vertex -6.20025 -2.4437 0.801438
      vertex -6.20025 -2.44366 4.11043
      vertex -6.20025 -2.36311 0.832505
    endloop
  endfacet
  facet normal -1 0 0
    outer loop
      vertex -6.20025 -2.4437 0.801438
      vertex -6.20025 -2.52546 4.1374
      vertex -6.20025 -2.44366 4.11043
    endloop
  endfacet
  facet normal -1 0 0
    outer loop
      vertex -6.20025 -2.52549 0.774468
      vertex -6.20025 -2.52546 4.1374
      vertex -6.20025 -2.4437 0.801438
    endloop
  endfacet
  facet normal -1 0 0
    outer loop
      vertex -6.20025 -2.52549 0.774468
      vertex -6.20025 -2.60834 4.16026
      vertex -6.20025 -2.52546 4.1374
    endloop
  endfacet
  facet normal -1 0 0
    outer loop
      vertex -6.20025 -2.60836 0.751603
      vertex -6.20025 -2.60834 4.16026
      vertex -6.20025 -2.52549 0.774468
    endloop
  endfacet
  facet normal -1 0 0
    outer loop
      vertex -6.20025 -2.60836 0.751603
      vertex -6.20025 -2.69218 4.17899
      vertex -6.20025 -2.60834 4.16026
    endloop
  endfacet
  facet normal -1 0 0
    outer loop
      vertex -6.20025 -2.6922 0.732873
      vertex -6.20025 -2.69218 4.17899
      vertex -6.20025 -2.60836 0.751603
    endloop
  endfacet
  facet normal -1 0 0
    outer loop
      vertex -6.20025 -2.6922 0.732873
      vertex -6.20025 -2.77688 4.19358
      vertex -6.20025 -2.69218 4.17899
    endloop
  endfacet
  facet normal -1 0 0
    outer loop
      vertex -6.20025 -2.77689 0.718285
      vertex -6.20025 -2.77688 4.19358
      vertex -6.20025 -2.6922 0.732873
    endloop
  endfacet
  facet normal -1 0 0
    outer loop
      vertex -6.20025 -2.77689 0.718285
      vertex -6.20025 -2.8623 4.20402
      vertex -6.20025 -2.77688 4.19358
    endloop
  endfacet
  facet normal -1 0 0
    outer loop
      vertex -6.20025 -2.86231 0.707841
      vertex -6.20025 -2.8623 4.20402
      vertex -6.20025 -2.77689 0.718285
    endloop
  endfacet
  facet normal -1 0 0
    outer loop
      vertex -6.20025 -2.86231 0.707841
      vertex -6.20025 -2.94835 4.21029
      vertex -6.20025 -2.8623 4.20402
    endloop
  endfacet
  facet normal -1 0 0
    outer loop
      vertex -6.20025 -2.94835 0.701569
      vertex -6.20025 -2.94835 4.21029
      vertex -6.20025 -2.86231 0.707841
    endloop
  endfacet
  facet normal -1 0 0
    outer loop
      vertex -6.20025 -3.03489 0.699479
      vertex -6.20025 -2.94835 4.21029
      vertex -6.20025 -2.94835 0.701569
    endloop
  endfacet
  facet normal -1 0 0
    outer loop
      vertex -6.20025 -3.03489 0.699479
      vertex -6.20025 -3.03489 4.21238
      vertex -6.20025 -2.94835 4.21029
    endloop
  endfacet
  facet normal -1 0 0
    outer loop
      vertex -6.20025 -3.03489 0.699479
      vertex -6.20025 -3.12143 4.21029
      vertex -6.20025 -3.03489 4.21238
    endloop
  endfacet
  facet normal -1 0 0
    outer loop
      vertex -6.20025 -3.12143 0.701569
      vertex -6.20025 -3.12143 4.21029
      vertex -6.20025 -3.03489 0.699479
    endloop
  endfacet
  facet normal -1 0 0
    outer loop
      vertex -6.20025 -3.12143 0.701569
      vertex -6.20025 -3.20747 4.20402
      vertex -6.20025 -3.12143 4.21029
    endloop
  endfacet
  facet normal -1 0 0
    outer loop
      vertex -6.20025 -3.20747 0.707841
      vertex -6.20025 -3.20747 4.20402
      vertex -6.20025 -3.12143 0.701569
    endloop
  endfacet
  facet normal -1 0 0
    outer loop
      vertex -6.20025 -3.20747 0.707841
      vertex -6.20025 -3.2929 4.19358
      vertex -6.20025 -3.20747 4.20402
    endloop
  endfacet
  facet normal -1 0 0
    outer loop
      vertex -6.20025 -3.2929 0.718278
      vertex -6.20025 -3.2929 4.19358
      vertex -6.20025 -3.20747 0.707841
    endloop
  endfacet
  facet normal -1 0 0
    outer loop
      vertex -6.20025 -3.2929 0.718278
      vertex -6.20025 -3.37759 4.17899
      vertex -6.20025 -3.2929 4.19358
    endloop
  endfacet
  facet normal -1 0 0
    outer loop
      vertex -6.20025 -3.3776 0.732873
      vertex -6.20025 -3.37759 4.17899
      vertex -6.20025 -3.2929 0.718278
    endloop
  endfacet
  facet normal -1 0 0
    outer loop
      vertex -6.20025 -3.3776 0.732873
      vertex -6.20025 -3.46143 4.16026
      vertex -6.20025 -3.37759 4.17899
    endloop
  endfacet
  facet normal -1 0 0
    outer loop
      vertex -6.20025 -3.46144 0.751603
      vertex -6.20025 -3.46143 4.16026
      vertex -6.20025 -3.3776 0.732873
    endloop
  endfacet
  facet normal -1 0 0
    outer loop
      vertex -6.20025 -3.46144 0.751603
      vertex -6.20025 -3.54431 4.13741
      vertex -6.20025 -3.46143 4.16026
    endloop
  endfacet
  facet normal -1 0 0
    outer loop
      vertex -6.20025 -3.54432 0.774453
      vertex -6.20025 -3.54431 4.13741
      vertex -6.20025 -3.46144 0.751603
    endloop
  endfacet
  facet normal -1 0 0
    outer loop
      vertex -6.20025 -3.54432 0.774453
      vertex -6.20025 -3.6261 4.11044
      vertex -6.20025 -3.54431 4.13741
    endloop
  endfacet
  facet normal -1 0 0
    outer loop
      vertex -6.20025 -3.62612 0.80143
      vertex -6.20025 -3.6261 4.11044
      vertex -6.20025 -3.54432 0.774453
    endloop
  endfacet
  facet normal -1 0 0
    outer loop
      vertex -6.20025 -3.62612 0.80143
      vertex -6.20025 -3.70669 4.07937
      vertex -6.20025 -3.6261 4.11044
    endloop
  endfacet
  facet normal -1 0 0
    outer loop
      vertex -6.20025 -3.70671 0.832497
      vertex -6.20025 -3.70669 4.07937
      vertex -6.20025 -3.62612 0.80143
    endloop
  endfacet
  facet normal -1 0 0
    outer loop
      vertex -6.20025 -3.70671 0.832497
      vertex -6.20025 -3.78575 4.0443
      vertex -6.20025 -3.70669 4.07937
    endloop
  endfacet
  facet normal -1 0 0
    outer loop
      vertex -6.20025 -3.78578 0.867562
      vertex -6.20025 -3.78575 4.0443
      vertex -6.20025 -3.70671 0.832497
    endloop
  endfacet
  facet normal -1 0 0
    outer loop
      vertex -6.20025 -3.78578 0.867562
      vertex -6.20025 -3.86286 4.00544
      vertex -6.20025 -3.78575 4.0443
    endloop
  endfacet
  facet normal -1 0 0
    outer loop
      vertex -6.20025 -3.86288 0.906426
      vertex -6.20025 -3.86286 4.00544
      vertex -6.20025 -3.78578 0.867562
    endloop
  endfacet
  facet normal -1 0 0
    outer loop
      vertex -6.20025 -3.86288 0.906426
      vertex -6.20025 -3.93788 3.96288
      vertex -6.20025 -3.86286 4.00544
    endloop
  endfacet
  facet normal -1 0 0
    outer loop
      vertex -6.20025 -3.93789 0.948991
      vertex -6.20025 -3.93788 3.96288
      vertex -6.20025 -3.86288 0.906426
    endloop
  endfacet
  facet normal -1 0 0
    outer loop
      vertex -6.20025 -3.93789 0.948991
      vertex -6.20025 -4.01067 3.91671
      vertex -6.20025 -3.93788 3.96288
    endloop
  endfacet
  facet normal -1 0 0
    outer loop
      vertex -6.20025 -4.01068 0.995156
      vertex -6.20025 -4.01067 3.91671
      vertex -6.20025 -3.93789 0.948991
    endloop
  endfacet
  facet normal -1 0 0
    outer loop
      vertex -6.20025 -4.01068 0.995156
      vertex -6.20025 -4.08112 3.86704
      vertex -6.20025 -4.01067 3.91671
    endloop
  endfacet
  facet normal -1 0 0
    outer loop
      vertex -6.20025 -4.08112 1.04482
      vertex -6.20025 -4.08112 3.86704
      vertex -6.20025 -4.01068 0.995156
    endloop
  endfacet
  facet normal -1 0 0
    outer loop
      vertex -6.20025 -4.14907 1.0979
      vertex -6.20025 -4.08112 3.86704
      vertex -6.20025 -4.08112 1.04482
    endloop
  endfacet
  facet normal -1 0 0
    outer loop
      vertex -6.20025 -4.14907 1.0979
      vertex -6.20025 -4.14908 3.81396
      vertex -6.20025 -4.08112 3.86704
    endloop
  endfacet
  facet normal -1 0 0
    outer loop
      vertex -6.20025 -4.21441 1.15428
      vertex -6.20025 -4.14908 3.81396
      vertex -6.20025 -4.14907 1.0979
    endloop
  endfacet
  facet normal -1 0 0
    outer loop
      vertex -6.20025 -4.21441 1.15428
      vertex -6.20025 -4.21442 3.75757
      vertex -6.20025 -4.14908 3.81396
    endloop
  endfacet
  facet normal -1 0 0
    outer loop
      vertex -6.20025 -4.27701 1.21388
      vertex -6.20025 -4.21442 3.75757
      vertex -6.20025 -4.21441 1.15428
    endloop
  endfacet
  facet normal -1 0 0
    outer loop
      vertex -6.20025 -4.27701 1.21388
      vertex -6.20025 -4.27703 3.69796
      vertex -6.20025 -4.21442 3.75757
    endloop
  endfacet
  facet normal -1 0 0
    outer loop
      vertex -6.20025 -4.33662 1.27647
      vertex -6.20025 -4.27703 3.69796
      vertex -6.20025 -4.27701 1.21388
    endloop
  endfacet
  facet normal -1 0 0
    outer loop
      vertex -6.20025 -4.33662 1.27647
      vertex -6.20025 -4.33663 3.63538
      vertex -6.20025 -4.27703 3.69796
    endloop
  endfacet
  facet normal -1 0 0
    outer loop
      vertex -6.20025 -4.39302 1.34181
      vertex -6.20025 -4.33663 3.63538
      vertex -6.20025 -4.33662 1.27647
    endloop
  endfacet
  facet normal -1 0 0
    outer loop
      vertex -6.20025 -4.39302 1.34181
      vertex -6.20025 -4.39303 3.57005
      vertex -6.20025 -4.33663 3.63538
    endloop
  endfacet
  facet normal -1 0 0
    outer loop
      vertex -6.20025 -4.39302 1.34181
      vertex -6.20025 -4.44611 3.50211
      vertex -6.20025 -4.39303 3.57005
    endloop
  endfacet
  facet normal -1 0 0
    outer loop
      vertex -6.20025 -4.44612 1.40975
      vertex -6.20025 -4.44611 3.50211
      vertex -6.20025 -4.39302 1.34181
    endloop
  endfacet
  facet normal -1 0 0
    outer loop
      vertex -6.20025 -4.44612 1.40975
      vertex -6.20025 -4.49579 3.43168
      vertex -6.20025 -4.44611 3.50211
    endloop
  endfacet
  facet normal -1 0 0
    outer loop
      vertex -6.20025 -4.4958 1.48019
      vertex -6.20025 -4.49579 3.43168
      vertex -6.20025 -4.44612 1.40975
    endloop
  endfacet
  facet normal -1 0 0
    outer loop
      vertex -6.20025 -4.4958 1.48019
      vertex -6.20025 -4.54197 3.3589
      vertex -6.20025 -4.49579 3.43168
    endloop
  endfacet
  facet normal -1 0 0
    outer loop
      vertex -6.20025 -4.54198 1.55298
      vertex -6.20025 -4.54197 3.3589
      vertex -6.20025 -4.4958 1.48019
    endloop
  endfacet
  facet normal -1 0 0
    outer loop
      vertex -6.20025 -4.54198 1.55298
      vertex -6.20025 -4.58454 3.2839
      vertex -6.20025 -4.54197 3.3589
    endloop
  endfacet
  facet normal -1 0 0
    outer loop
      vertex -6.20025 -4.58455 1.62798
      vertex -6.20025 -4.58454 3.2839
      vertex -6.20025 -4.54198 1.55298
    endloop
  endfacet
  facet normal -1 0 0
    outer loop
      vertex -6.20025 -4.58455 1.62798
      vertex -6.20025 -4.62342 3.2068
      vertex -6.20025 -4.58454 3.2839
    endloop
  endfacet
  facet normal -1 0 0
    outer loop
      vertex -6.20025 -4.62343 1.70509
      vertex -6.20025 -4.62342 3.2068
      vertex -6.20025 -4.58455 1.62798
    endloop
  endfacet
  facet normal -1 0 0
    outer loop
      vertex -6.20025 -4.62343 1.70509
      vertex -6.20025 -4.65849 3.12774
      vertex -6.20025 -4.62342 3.2068
    endloop
  endfacet
  facet normal -1 0 0
    outer loop
      vertex -6.20025 -4.6585 1.78415
      vertex -6.20025 -4.65849 3.12774
      vertex -6.20025 -4.62343 1.70509
    endloop
  endfacet
  facet normal -1 0 0
    outer loop
      vertex -6.20025 -4.6585 1.78415
      vertex -6.20025 -4.68957 3.04715
      vertex -6.20025 -4.65849 3.12774
    endloop
  endfacet
  facet normal -1 0 0
    outer loop
      vertex -6.20025 -4.68958 1.86473
      vertex -6.20025 -4.68957 3.04715
      vertex -6.20025 -4.6585 1.78415
    endloop
  endfacet
  facet normal -1 0 0
    outer loop
      vertex -6.20025 -4.68958 1.86473
      vertex -6.20025 -4.71655 2.96536
      vertex -6.20025 -4.68957 3.04715
    endloop
  endfacet
  facet normal -1 0 0
    outer loop
      vertex -6.20025 -4.71655 1.94653
      vertex -6.20025 -4.71655 2.96536
      vertex -6.20025 -4.68958 1.86473
    endloop
  endfacet
  facet normal -1 0 0
    outer loop
      vertex -6.20025 -4.71655 1.94653
      vertex -6.20025 -4.73941 2.88248
      vertex -6.20025 -4.71655 2.96536
    endloop
  endfacet
  facet normal -1 0 0
    outer loop
      vertex -6.20025 -4.73942 2.0294
      vertex -6.20025 -4.73941 2.88248
      vertex -6.20025 -4.71655 1.94653
    endloop
  endfacet
  facet normal -1 0 0
    outer loop
      vertex -6.20025 -4.73942 2.0294
      vertex -6.20025 -4.75815 2.79863
      vertex -6.20025 -4.73941 2.88248
    endloop
  endfacet
  facet normal -1 0 0
    outer loop
      vertex -6.20025 -4.75815 2.11324
      vertex -6.20025 -4.75815 2.79863
      vertex -6.20025 -4.73942 2.0294
    endloop
  endfacet
  facet normal -1 0 0
    outer loop
      vertex -6.20025 -4.75815 2.11324
      vertex -6.20025 -4.77274 2.71394
      vertex -6.20025 -4.75815 2.79863
    endloop
  endfacet
  facet normal -1 0 0
    outer loop
      vertex -6.20025 -4.77274 2.19792
      vertex -6.20025 -4.77274 2.71394
      vertex -6.20025 -4.75815 2.11324
    endloop
  endfacet
  facet normal -1 0 0
    outer loop
      vertex -6.20025 -4.78318 2.28335
      vertex -6.20025 -4.77274 2.71394
      vertex -6.20025 -4.77274 2.19792
    endloop
  endfacet
  facet normal -1 0 0
    outer loop
      vertex -6.20025 -4.78318 2.28335
      vertex -6.20025 -4.78318 2.62851
      vertex -6.20025 -4.77274 2.71394
    endloop
  endfacet
  facet normal -1 0 0
    outer loop
      vertex -6.20025 -4.78946 2.36939
      vertex -6.20025 -4.78318 2.62851
      vertex -6.20025 -4.78318 2.28335
    endloop
  endfacet
  facet normal -1 0 0
    outer loop
      vertex -6.20025 -4.78946 2.36939
      vertex -6.20025 -4.78946 2.54247
      vertex -6.20025 -4.78318 2.62851
    endloop
  endfacet
  facet normal -1 0 -0
    outer loop
      vertex -6.20025 -4.78946 2.54247
      vertex -6.20025 -4.78946 2.36939
      vertex -6.20025 -4.79155 2.45593
    endloop
  endfacet
  facet normal -0 0.5762 0.817309
    outer loop
      vertex -6.20025 -1.98866 3.86704
      vertex -5.60025 -2.0591 3.9167
      vertex -5.60025 -1.98866 3.86704
    endloop
  endfacet
  facet normal 0 0.5762 0.817309
    outer loop
      vertex -5.60025 -2.0591 3.9167
      vertex -6.20025 -1.98866 3.86704
      vertex -6.20025 -2.0591 3.9167
    endloop
  endfacet
  facet normal -0 0.313126 0.949712
    outer loop
      vertex -6.20025 -2.44366 4.11043
      vertex -5.60025 -2.52546 4.1374
      vertex -5.60025 -2.44366 4.11043
    endloop
  endfacet
  facet normal 0 0.313126 0.949712
    outer loop
      vertex -5.60025 -2.52546 4.1374
      vertex -6.20025 -2.44366 4.11043
      vertex -6.20025 -2.52546 4.1374
    endloop
  endfacet
  facet normal 1 0 0
    outer loop
      vertex -5.60025 -1.28032 2.54247
      vertex -5.60025 -1.28032 2.36939
      vertex -5.60025 -1.27823 2.45593
    endloop
  endfacet
  facet normal 1 0 0
    outer loop
      vertex -5.60025 -1.28659 2.62851
      vertex -5.60025 -1.28032 2.36939
      vertex -5.60025 -1.28032 2.54247
    endloop
  endfacet
  facet normal 1 0 0
    outer loop
      vertex -5.60025 -1.28659 2.62851
      vertex -5.60025 -1.2866 2.28335
      vertex -5.60025 -1.28032 2.36939
    endloop
  endfacet
  facet normal 1 0 0
    outer loop
      vertex -5.60025 -1.29703 2.71394
      vertex -5.60025 -1.2866 2.28335
      vertex -5.60025 -1.28659 2.62851
    endloop
  endfacet
  facet normal 1 0 0
    outer loop
      vertex -5.60025 -1.29703 2.71394
      vertex -5.60025 -1.29704 2.19793
      vertex -5.60025 -1.2866 2.28335
    endloop
  endfacet
  facet normal 1 0 0
    outer loop
      vertex -5.60025 -1.31163 2.79862
      vertex -5.60025 -1.29704 2.19793
      vertex -5.60025 -1.29703 2.71394
    endloop
  endfacet
  facet normal 1 0 0
    outer loop
      vertex -5.60025 -1.31163 2.79862
      vertex -5.60025 -1.31164 2.11324
      vertex -5.60025 -1.29704 2.19793
    endloop
  endfacet
  facet normal 1 0 0
    outer loop
      vertex -5.60025 -1.33036 2.88246
      vertex -5.60025 -1.31164 2.11324
      vertex -5.60025 -1.31163 2.79862
    endloop
  endfacet
  facet normal 1 0 0
    outer loop
      vertex -5.60025 -1.33036 2.88246
      vertex -5.60025 -1.33038 2.0294
      vertex -5.60025 -1.31164 2.11324
    endloop
  endfacet
  facet normal 1 0 0
    outer loop
      vertex -5.60025 -1.35322 2.96533
      vertex -5.60025 -1.33038 2.0294
      vertex -5.60025 -1.33036 2.88246
    endloop
  endfacet
  facet normal 1 0 0
    outer loop
      vertex -5.60025 -1.35322 2.96533
      vertex -5.60025 -1.35325 1.94652
      vertex -5.60025 -1.33038 2.0294
    endloop
  endfacet
  facet normal 1 0 0
    outer loop
      vertex -5.60025 -1.3802 3.04713
      vertex -5.60025 -1.35325 1.94652
      vertex -5.60025 -1.35322 2.96533
    endloop
  endfacet
  facet normal 1 0 0
    outer loop
      vertex -5.60025 -1.3802 3.04713
      vertex -5.60025 -1.38023 1.86473
      vertex -5.60025 -1.35325 1.94652
    endloop
  endfacet
  facet normal 1 0 0
    outer loop
      vertex -5.60025 -1.41128 3.12771
      vertex -5.60025 -1.38023 1.86473
      vertex -5.60025 -1.3802 3.04713
    endloop
  endfacet
  facet normal 1 0 0
    outer loop
      vertex -5.60025 -1.41128 3.12771
      vertex -5.60025 -1.41131 1.78414
      vertex -5.60025 -1.38023 1.86473
    endloop
  endfacet
  facet normal 1 0 0
    outer loop
      vertex -5.60025 -1.44635 3.20677
      vertex -5.60025 -1.41131 1.78414
      vertex -5.60025 -1.41128 3.12771
    endloop
  endfacet
  facet normal 1 0 0
    outer loop
      vertex -5.60025 -1.44635 3.20677
      vertex -5.60025 -1.44639 1.70509
      vertex -5.60025 -1.41131 1.78414
    endloop
  endfacet
  facet normal 1 0 0
    outer loop
      vertex -5.60025 -1.48522 3.28388
      vertex -5.60025 -1.44639 1.70509
      vertex -5.60025 -1.44635 3.20677
    endloop
  endfacet
  facet normal 1 0 0
    outer loop
      vertex -5.60025 -1.48522 3.28388
      vertex -5.60025 -1.48527 1.62799
      vertex -5.60025 -1.44639 1.70509
    endloop
  endfacet
  facet normal 1 0 0
    outer loop
      vertex -5.60025 -1.5278 3.35888
      vertex -5.60025 -1.48527 1.62799
      vertex -5.60025 -1.48522 3.28388
    endloop
  endfacet
  facet normal 1 0 0
    outer loop
      vertex -5.60025 -1.5278 3.35888
      vertex -5.60025 -1.52785 1.55299
      vertex -5.60025 -1.48527 1.62799
    endloop
  endfacet
  facet normal 1 0 0
    outer loop
      vertex -5.60025 -1.57398 3.43167
      vertex -5.60025 -1.52785 1.55299
      vertex -5.60025 -1.5278 3.35888
    endloop
  endfacet
  facet normal 1 0 0
    outer loop
      vertex -5.60025 -1.57398 3.43167
      vertex -5.60025 -1.57403 1.48021
      vertex -5.60025 -1.52785 1.55299
    endloop
  endfacet
  facet normal 1 0 0
    outer loop
      vertex -5.60025 -1.62366 3.50211
      vertex -5.60025 -1.57403 1.48021
      vertex -5.60025 -1.57398 3.43167
    endloop
  endfacet
  facet normal 1 0 0
    outer loop
      vertex -5.60025 -1.62366 3.50211
      vertex -5.60025 -1.62371 1.40978
      vertex -5.60025 -1.57403 1.48021
    endloop
  endfacet
  facet normal 1 0 0
    outer loop
      vertex -5.60025 -1.67675 3.57005
      vertex -5.60025 -1.62371 1.40978
      vertex -5.60025 -1.62366 3.50211
    endloop
  endfacet
  facet normal 1 0 0
    outer loop
      vertex -5.60025 -1.67675 3.57005
      vertex -5.60025 -1.6768 1.34184
      vertex -5.60025 -1.62371 1.40978
    endloop
  endfacet
  facet normal 1 0 0
    outer loop
      vertex -5.60025 -1.73316 3.63538
      vertex -5.60025 -1.6768 1.34184
      vertex -5.60025 -1.67675 3.57005
    endloop
  endfacet
  facet normal 1 0 0
    outer loop
      vertex -5.60025 -1.73316 3.63538
      vertex -5.60025 -1.73319 1.27651
      vertex -5.60025 -1.6768 1.34184
    endloop
  endfacet
  facet normal 1 0 0
    outer loop
      vertex -5.60025 -1.79277 3.69798
      vertex -5.60025 -1.73319 1.27651
      vertex -5.60025 -1.73316 3.63538
    endloop
  endfacet
  facet normal 1 0 0
    outer loop
      vertex -5.60025 -1.79277 3.69798
      vertex -5.60025 -1.79279 1.21393
      vertex -5.60025 -1.73319 1.27651
    endloop
  endfacet
  facet normal 1 0 0
    outer loop
      vertex -5.60025 -1.85537 3.75758
      vertex -5.60025 -1.79279 1.21393
      vertex -5.60025 -1.79277 3.69798
    endloop
  endfacet
  facet normal 1 0 0
    outer loop
      vertex -5.60025 -1.85537 3.75758
      vertex -5.60025 -1.85539 1.15434
      vertex -5.60025 -1.79279 1.21393
    endloop
  endfacet
  facet normal 1 0 0
    outer loop
      vertex -5.60025 -1.92071 3.81396
      vertex -5.60025 -1.85539 1.15434
      vertex -5.60025 -1.85537 3.75758
    endloop
  endfacet
  facet normal 1 0 0
    outer loop
      vertex -5.60025 -1.92071 3.81396
      vertex -5.60025 -1.92074 1.09794
      vertex -5.60025 -1.85539 1.15434
    endloop
  endfacet
  facet normal 1 0 0
    outer loop
      vertex -5.60025 -1.98866 3.86704
      vertex -5.60025 -1.92074 1.09794
      vertex -5.60025 -1.92071 3.81396
    endloop
  endfacet
  facet normal 1 0 0
    outer loop
      vertex -5.60025 -1.98866 3.86704
      vertex -5.60025 -1.9887 1.04485
      vertex -5.60025 -1.92074 1.09794
    endloop
  endfacet
  facet normal 1 0 0
    outer loop
      vertex -5.60025 -2.0591 3.9167
      vertex -5.60025 -1.9887 1.04485
      vertex -5.60025 -1.98866 3.86704
    endloop
  endfacet
  facet normal 1 0 0
    outer loop
      vertex -5.60025 -2.0591 3.9167
      vertex -5.60025 -2.05914 0.995179
      vertex -5.60025 -1.9887 1.04485
    endloop
  endfacet
  facet normal 1 0 0
    outer loop
      vertex -5.60025 -2.13189 3.96287
      vertex -5.60025 -2.05914 0.995179
      vertex -5.60025 -2.0591 3.9167
    endloop
  endfacet
  facet normal 1 0 0
    outer loop
      vertex -5.60025 -2.13189 3.96287
      vertex -5.60025 -2.13193 0.949006
      vertex -5.60025 -2.05914 0.995179
    endloop
  endfacet
  facet normal 1 0 0
    outer loop
      vertex -5.60025 -2.2069 4.00543
      vertex -5.60025 -2.13193 0.949006
      vertex -5.60025 -2.13189 3.96287
    endloop
  endfacet
  facet normal 1 0 0
    outer loop
      vertex -5.60025 -2.2069 4.00543
      vertex -5.60025 -2.20695 0.906441
      vertex -5.60025 -2.13193 0.949006
    endloop
  endfacet
  facet normal 1 0 0
    outer loop
      vertex -5.60025 -2.284 4.0443
      vertex -5.60025 -2.20695 0.906441
      vertex -5.60025 -2.2069 4.00543
    endloop
  endfacet
  facet normal 1 0 0
    outer loop
      vertex -5.60025 -2.284 4.0443
      vertex -5.60025 -2.28405 0.867577
      vertex -5.60025 -2.20695 0.906441
    endloop
  endfacet
  facet normal 1 0 0
    outer loop
      vertex -5.60025 -2.36306 4.07936
      vertex -5.60025 -2.28405 0.867577
      vertex -5.60025 -2.284 4.0443
    endloop
  endfacet
  facet normal 1 0 0
    outer loop
      vertex -5.60025 -2.36306 4.07936
      vertex -5.60025 -2.36311 0.832505
      vertex -5.60025 -2.28405 0.867577
    endloop
  endfacet
  facet normal 1 0 0
    outer loop
      vertex -5.60025 -2.44366 4.11043
      vertex -5.60025 -2.36311 0.832505
      vertex -5.60025 -2.36306 4.07936
    endloop
  endfacet
  facet normal 1 0 0
    outer loop
      vertex -5.60025 -2.44366 4.11043
      vertex -5.60025 -2.4437 0.801438
      vertex -5.60025 -2.36311 0.832505
    endloop
  endfacet
  facet normal 1 0 0
    outer loop
      vertex -5.60025 -2.52546 4.1374
      vertex -5.60025 -2.4437 0.801438
      vertex -5.60025 -2.44366 4.11043
    endloop
  endfacet
  facet normal 1 0 0
    outer loop
      vertex -5.60025 -2.52546 4.1374
      vertex -5.60025 -2.52549 0.774468
      vertex -5.60025 -2.4437 0.801438
    endloop
  endfacet
  facet normal 1 0 0
    outer loop
      vertex -5.60025 -2.60834 4.16026
      vertex -5.60025 -2.52549 0.774468
      vertex -5.60025 -2.52546 4.1374
    endloop
  endfacet
  facet normal 1 0 0
    outer loop
      vertex -5.60025 -2.60834 4.16026
      vertex -5.60025 -2.60836 0.751603
      vertex -5.60025 -2.52549 0.774468
    endloop
  endfacet
  facet normal 1 0 0
    outer loop
      vertex -5.60025 -2.69218 4.17899
      vertex -5.60025 -2.60836 0.751603
      vertex -5.60025 -2.60834 4.16026
    endloop
  endfacet
  facet normal 1 0 0
    outer loop
      vertex -5.60025 -2.69218 4.17899
      vertex -5.60025 -2.6922 0.732873
      vertex -5.60025 -2.60836 0.751603
    endloop
  endfacet
  facet normal 1 0 0
    outer loop
      vertex -5.60025 -2.77688 4.19358
      vertex -5.60025 -2.6922 0.732873
      vertex -5.60025 -2.69218 4.17899
    endloop
  endfacet
  facet normal 1 0 0
    outer loop
      vertex -5.60025 -2.77688 4.19358
      vertex -5.60025 -2.77689 0.718285
      vertex -5.60025 -2.6922 0.732873
    endloop
  endfacet
  facet normal 1 0 0
    outer loop
      vertex -5.60025 -2.8623 4.20402
      vertex -5.60025 -2.77689 0.718285
      vertex -5.60025 -2.77688 4.19358
    endloop
  endfacet
  facet normal 1 0 0
    outer loop
      vertex -5.60025 -2.8623 4.20402
      vertex -5.60025 -2.86231 0.707841
      vertex -5.60025 -2.77689 0.718285
    endloop
  endfacet
  facet normal 1 0 0
    outer loop
      vertex -5.60025 -2.94835 4.21029
      vertex -5.60025 -2.86231 0.707841
      vertex -5.60025 -2.8623 4.20402
    endloop
  endfacet
  facet normal 1 0 0
    outer loop
      vertex -5.60025 -2.94835 4.21029
      vertex -5.60025 -2.94835 0.701569
      vertex -5.60025 -2.86231 0.707841
    endloop
  endfacet
  facet normal 1 0 0
    outer loop
      vertex -5.60025 -3.03489 4.21238
      vertex -5.60025 -2.94835 0.701569
      vertex -5.60025 -2.94835 4.21029
    endloop
  endfacet
  facet normal 1 0 0
    outer loop
      vertex -5.60025 -3.03489 4.21238
      vertex -5.60025 -3.03489 0.699479
      vertex -5.60025 -2.94835 0.701569
    endloop
  endfacet
  facet normal 1 -0 0
    outer loop
      vertex -5.60025 -3.12143 4.21029
      vertex -5.60025 -3.03489 0.699479
      vertex -5.60025 -3.03489 4.21238
    endloop
  endfacet
  facet normal 1 0 0
    outer loop
      vertex -5.60025 -3.12143 4.21029
      vertex -5.60025 -3.12143 0.701569
      vertex -5.60025 -3.03489 0.699479
    endloop
  endfacet
  facet normal 1 -0 0
    outer loop
      vertex -5.60025 -3.20747 4.20402
      vertex -5.60025 -3.12143 0.701569
      vertex -5.60025 -3.12143 4.21029
    endloop
  endfacet
  facet normal 1 0 0
    outer loop
      vertex -5.60025 -3.20747 4.20402
      vertex -5.60025 -3.20747 0.707841
      vertex -5.60025 -3.12143 0.701569
    endloop
  endfacet
  facet normal 1 -0 0
    outer loop
      vertex -5.60025 -3.2929 4.19358
      vertex -5.60025 -3.20747 0.707841
      vertex -5.60025 -3.20747 4.20402
    endloop
  endfacet
  facet normal 1 0 0
    outer loop
      vertex -5.60025 -3.2929 4.19358
      vertex -5.60025 -3.2929 0.718278
      vertex -5.60025 -3.20747 0.707841
    endloop
  endfacet
  facet normal 1 -0 0
    outer loop
      vertex -5.60025 -3.37759 4.17899
      vertex -5.60025 -3.2929 0.718278
      vertex -5.60025 -3.2929 4.19358
    endloop
  endfacet
  facet normal 1 0 0
    outer loop
      vertex -5.60025 -3.37759 4.17899
      vertex -5.60025 -3.3776 0.732873
      vertex -5.60025 -3.2929 0.718278
    endloop
  endfacet
  facet normal 1 -0 0
    outer loop
      vertex -5.60025 -3.46143 4.16026
      vertex -5.60025 -3.3776 0.732873
      vertex -5.60025 -3.37759 4.17899
    endloop
  endfacet
  facet normal 1 0 0
    outer loop
      vertex -5.60025 -3.46143 4.16026
      vertex -5.60025 -3.46144 0.751603
      vertex -5.60025 -3.3776 0.732873
    endloop
  endfacet
  facet normal 1 -0 0
    outer loop
      vertex -5.60025 -3.54431 4.13741
      vertex -5.60025 -3.46144 0.751603
      vertex -5.60025 -3.46143 4.16026
    endloop
  endfacet
  facet normal 1 0 0
    outer loop
      vertex -5.60025 -3.54431 4.13741
      vertex -5.60025 -3.54432 0.774453
      vertex -5.60025 -3.46144 0.751603
    endloop
  endfacet
  facet normal 1 -0 0
    outer loop
      vertex -5.60025 -3.6261 4.11044
      vertex -5.60025 -3.54432 0.774453
      vertex -5.60025 -3.54431 4.13741
    endloop
  endfacet
  facet normal 1 0 0
    outer loop
      vertex -5.60025 -3.6261 4.11044
      vertex -5.60025 -3.62612 0.80143
      vertex -5.60025 -3.54432 0.774453
    endloop
  endfacet
  facet normal 1 -0 0
    outer loop
      vertex -5.60025 -3.70669 4.07937
      vertex -5.60025 -3.62612 0.80143
      vertex -5.60025 -3.6261 4.11044
    endloop
  endfacet
  facet normal 1 0 0
    outer loop
      vertex -5.60025 -3.70669 4.07937
      vertex -5.60025 -3.70671 0.832497
      vertex -5.60025 -3.62612 0.80143
    endloop
  endfacet
  facet normal 1 -0 0
    outer loop
      vertex -5.60025 -3.78575 4.0443
      vertex -5.60025 -3.70671 0.832497
      vertex -5.60025 -3.70669 4.07937
    endloop
  endfacet
  facet normal 1 0 0
    outer loop
      vertex -5.60025 -3.78575 4.0443
      vertex -5.60025 -3.78578 0.867562
      vertex -5.60025 -3.70671 0.832497
    endloop
  endfacet
  facet normal 1 -0 0
    outer loop
      vertex -5.60025 -3.86286 4.00544
      vertex -5.60025 -3.78578 0.867562
      vertex -5.60025 -3.78575 4.0443
    endloop
  endfacet
  facet normal 1 0 0
    outer loop
      vertex -5.60025 -3.86286 4.00544
      vertex -5.60025 -3.86288 0.906426
      vertex -5.60025 -3.78578 0.867562
    endloop
  endfacet
  facet normal 1 -0 0
    outer loop
      vertex -5.60025 -3.93788 3.96288
      vertex -5.60025 -3.86288 0.906426
      vertex -5.60025 -3.86286 4.00544
    endloop
  endfacet
  facet normal 1 0 0
    outer loop
      vertex -5.60025 -3.93788 3.96288
      vertex -5.60025 -3.93789 0.948991
      vertex -5.60025 -3.86288 0.906426
    endloop
  endfacet
  facet normal 1 -0 0
    outer loop
      vertex -5.60025 -4.01067 3.91671
      vertex -5.60025 -3.93789 0.948991
      vertex -5.60025 -3.93788 3.96288
    endloop
  endfacet
  facet normal 1 0 0
    outer loop
      vertex -5.60025 -4.01067 3.91671
      vertex -5.60025 -4.01068 0.995156
      vertex -5.60025 -3.93789 0.948991
    endloop
  endfacet
  facet normal 1 -0 0
    outer loop
      vertex -5.60025 -4.08112 3.86704
      vertex -5.60025 -4.01068 0.995156
      vertex -5.60025 -4.01067 3.91671
    endloop
  endfacet
  facet normal 1 0 0
    outer loop
      vertex -5.60025 -4.08112 3.86704
      vertex -5.60025 -4.08112 1.04482
      vertex -5.60025 -4.01068 0.995156
    endloop
  endfacet
  facet normal 1 0 0
    outer loop
      vertex -5.60025 -4.08112 3.86704
      vertex -5.60025 -4.14907 1.0979
      vertex -5.60025 -4.08112 1.04482
    endloop
  endfacet
  facet normal 1 -0 0
    outer loop
      vertex -5.60025 -4.14908 3.81396
      vertex -5.60025 -4.14907 1.0979
      vertex -5.60025 -4.08112 3.86704
    endloop
  endfacet
  facet normal 1 0 0
    outer loop
      vertex -5.60025 -4.14908 3.81396
      vertex -5.60025 -4.21441 1.15428
      vertex -5.60025 -4.14907 1.0979
    endloop
  endfacet
  facet normal 1 -0 0
    outer loop
      vertex -5.60025 -4.21442 3.75757
      vertex -5.60025 -4.21441 1.15428
      vertex -5.60025 -4.14908 3.81396
    endloop
  endfacet
  facet normal 1 0 0
    outer loop
      vertex -5.60025 -4.21442 3.75757
      vertex -5.60025 -4.27701 1.21388
      vertex -5.60025 -4.21441 1.15428
    endloop
  endfacet
  facet normal 1 -0 0
    outer loop
      vertex -5.60025 -4.27703 3.69796
      vertex -5.60025 -4.27701 1.21388
      vertex -5.60025 -4.21442 3.75757
    endloop
  endfacet
  facet normal 1 0 0
    outer loop
      vertex -5.60025 -4.27703 3.69796
      vertex -5.60025 -4.33662 1.27647
      vertex -5.60025 -4.27701 1.21388
    endloop
  endfacet
  facet normal 1 -0 0
    outer loop
      vertex -5.60025 -4.33663 3.63538
      vertex -5.60025 -4.33662 1.27647
      vertex -5.60025 -4.27703 3.69796
    endloop
  endfacet
  facet normal 1 0 0
    outer loop
      vertex -5.60025 -4.33663 3.63538
      vertex -5.60025 -4.39302 1.34181
      vertex -5.60025 -4.33662 1.27647
    endloop
  endfacet
  facet normal 1 -0 0
    outer loop
      vertex -5.60025 -4.39303 3.57005
      vertex -5.60025 -4.39302 1.34181
      vertex -5.60025 -4.33663 3.63538
    endloop
  endfacet
  facet normal 1 -0 0
    outer loop
      vertex -5.60025 -4.44611 3.50211
      vertex -5.60025 -4.39302 1.34181
      vertex -5.60025 -4.39303 3.57005
    endloop
  endfacet
  facet normal 1 0 0
    outer loop
      vertex -5.60025 -4.44611 3.50211
      vertex -5.60025 -4.44612 1.40975
      vertex -5.60025 -4.39302 1.34181
    endloop
  endfacet
  facet normal 1 -0 0
    outer loop
      vertex -5.60025 -4.49579 3.43168
      vertex -5.60025 -4.44612 1.40975
      vertex -5.60025 -4.44611 3.50211
    endloop
  endfacet
  facet normal 1 0 0
    outer loop
      vertex -5.60025 -4.49579 3.43168
      vertex -5.60025 -4.4958 1.48019
      vertex -5.60025 -4.44612 1.40975
    endloop
  endfacet
  facet normal 1 -0 0
    outer loop
      vertex -5.60025 -4.54197 3.3589
      vertex -5.60025 -4.4958 1.48019
      vertex -5.60025 -4.49579 3.43168
    endloop
  endfacet
  facet normal 1 0 0
    outer loop
      vertex -5.60025 -4.54197 3.3589
      vertex -5.60025 -4.54198 1.55298
      vertex -5.60025 -4.4958 1.48019
    endloop
  endfacet
  facet normal 1 -0 0
    outer loop
      vertex -5.60025 -4.58454 3.2839
      vertex -5.60025 -4.54198 1.55298
      vertex -5.60025 -4.54197 3.3589
    endloop
  endfacet
  facet normal 1 0 0
    outer loop
      vertex -5.60025 -4.58454 3.2839
      vertex -5.60025 -4.58455 1.62798
      vertex -5.60025 -4.54198 1.55298
    endloop
  endfacet
  facet normal 1 -0 0
    outer loop
      vertex -5.60025 -4.62342 3.2068
      vertex -5.60025 -4.58455 1.62798
      vertex -5.60025 -4.58454 3.2839
    endloop
  endfacet
  facet normal 1 0 0
    outer loop
      vertex -5.60025 -4.62342 3.2068
      vertex -5.60025 -4.62343 1.70509
      vertex -5.60025 -4.58455 1.62798
    endloop
  endfacet
  facet normal 1 -0 0
    outer loop
      vertex -5.60025 -4.65849 3.12774
      vertex -5.60025 -4.62343 1.70509
      vertex -5.60025 -4.62342 3.2068
    endloop
  endfacet
  facet normal 1 0 0
    outer loop
      vertex -5.60025 -4.65849 3.12774
      vertex -5.60025 -4.6585 1.78415
      vertex -5.60025 -4.62343 1.70509
    endloop
  endfacet
  facet normal 1 -0 0
    outer loop
      vertex -5.60025 -4.68957 3.04715
      vertex -5.60025 -4.6585 1.78415
      vertex -5.60025 -4.65849 3.12774
    endloop
  endfacet
  facet normal 1 0 0
    outer loop
      vertex -5.60025 -4.68957 3.04715
      vertex -5.60025 -4.68958 1.86473
      vertex -5.60025 -4.6585 1.78415
    endloop
  endfacet
  facet normal 1 -0 0
    outer loop
      vertex -5.60025 -4.71655 2.96536
      vertex -5.60025 -4.68958 1.86473
      vertex -5.60025 -4.68957 3.04715
    endloop
  endfacet
  facet normal 1 0 0
    outer loop
      vertex -5.60025 -4.71655 2.96536
      vertex -5.60025 -4.71655 1.94653
      vertex -5.60025 -4.68958 1.86473
    endloop
  endfacet
  facet normal 1 -0 0
    outer loop
      vertex -5.60025 -4.73941 2.88248
      vertex -5.60025 -4.71655 1.94653
      vertex -5.60025 -4.71655 2.96536
    endloop
  endfacet
  facet normal 1 0 0
    outer loop
      vertex -5.60025 -4.73941 2.88248
      vertex -5.60025 -4.73942 2.0294
      vertex -5.60025 -4.71655 1.94653
    endloop
  endfacet
  facet normal 1 -0 0
    outer loop
      vertex -5.60025 -4.75815 2.79863
      vertex -5.60025 -4.73942 2.0294
      vertex -5.60025 -4.73941 2.88248
    endloop
  endfacet
  facet normal 1 0 0
    outer loop
      vertex -5.60025 -4.75815 2.79863
      vertex -5.60025 -4.75815 2.11324
      vertex -5.60025 -4.73942 2.0294
    endloop
  endfacet
  facet normal 1 -0 0
    outer loop
      vertex -5.60025 -4.77274 2.71394
      vertex -5.60025 -4.75815 2.11324
      vertex -5.60025 -4.75815 2.79863
    endloop
  endfacet
  facet normal 1 0 0
    outer loop
      vertex -5.60025 -4.77274 2.71394
      vertex -5.60025 -4.77274 2.19792
      vertex -5.60025 -4.75815 2.11324
    endloop
  endfacet
  facet normal 1 -0 0
    outer loop
      vertex -5.60025 -4.78318 2.62851
      vertex -5.60025 -4.77274 2.19792
      vertex -5.60025 -4.77274 2.71394
    endloop
  endfacet
  facet normal 1 0 0
    outer loop
      vertex -5.60025 -4.78318 2.62851
      vertex -5.60025 -4.78318 2.28335
      vertex -5.60025 -4.77274 2.19792
    endloop
  endfacet
  facet normal 1 -0 0
    outer loop
      vertex -5.60025 -4.78946 2.54247
      vertex -5.60025 -4.78318 2.28335
      vertex -5.60025 -4.78318 2.62851
    endloop
  endfacet
  facet normal 1 0 0
    outer loop
      vertex -5.60025 -4.78946 2.54247
      vertex -5.60025 -4.78946 2.36939
      vertex -5.60025 -4.78318 2.28335
    endloop
  endfacet
  facet normal 1 0 -0
    outer loop
      vertex -5.60025 -4.78946 2.36939
      vertex -5.60025 -4.78946 2.54247
      vertex -5.60025 -4.79155 2.45593
    endloop
  endfacet
endsolid OpenSCAD_Model
