solid OpenSCAD_Model
  facet normal -0.29029 0.956939 0
    outer loop
      vertex 8.57857 3.189 0
      vertex 7.80475 2.95426 2.2
      vertex 8.57857 3.189 2.2
    endloop
  endfacet
  facet normal -0.29029 0.956939 0
    outer loop
      vertex 7.80475 2.95426 2.2
      vertex 8.57857 3.189 0
      vertex 7.80475 2.95426 0
    endloop
  endfacet
  facet normal -0.956953 -0.290244 0
    outer loop
      vertex 11.0457 7.80475 0
      vertex 10.811 8.57857 2.2
      vertex 10.811 8.57857 0
    endloop
  endfacet
  facet normal -0.956953 -0.290244 0
    outer loop
      vertex 10.811 8.57857 2.2
      vertex 11.0457 7.80475 0
      vertex 11.0457 7.80475 2.2
    endloop
  endfacet
  facet normal -0.99518 -0.098065 0
    outer loop
      vertex 11.125 7 0
      vertex 11.0457 7.80475 2.2
      vertex 11.0457 7.80475 0
    endloop
  endfacet
  facet normal -0.99518 -0.098065 0
    outer loop
      vertex 11.0457 7.80475 2.2
      vertex 11.125 7 0
      vertex 11.125 7 2.2
    endloop
  endfacet
  facet normal -0.881917 -0.471404 0
    outer loop
      vertex 10.811 8.57857 0
      vertex 10.4298 9.29173 2.2
      vertex 10.4298 9.29173 0
    endloop
  endfacet
  facet normal -0.881917 -0.471404 0
    outer loop
      vertex 10.4298 9.29173 2.2
      vertex 10.811 8.57857 0
      vertex 10.811 8.57857 2.2
    endloop
  endfacet
  facet normal -0.99518 0.098065 0
    outer loop
      vertex 11.0457 6.19525 0
      vertex 11.125 7 2.2
      vertex 11.125 7 0
    endloop
  endfacet
  facet normal -0.99518 0.098065 0
    outer loop
      vertex 11.125 7 2.2
      vertex 11.0457 6.19525 0
      vertex 11.0457 6.19525 2.2
    endloop
  endfacet
  facet normal 0.471395 0.881922 -0
    outer loop
      vertex 5.42143 3.189 0
      vertex 4.70827 3.57019 2.2
      vertex 5.42143 3.189 2.2
    endloop
  endfacet
  facet normal 0.471395 0.881922 0
    outer loop
      vertex 4.70827 3.57019 2.2
      vertex 5.42143 3.189 0
      vertex 4.70827 3.57019 0
    endloop
  endfacet
  facet normal -0.634393 -0.77301 0
    outer loop
      vertex 9.29173 10.4298 0
      vertex 9.91681 9.91681 2.2
      vertex 9.29173 10.4298 2.2
    endloop
  endfacet
  facet normal -0.634393 -0.77301 -0
    outer loop
      vertex 9.91681 9.91681 2.2
      vertex 9.29173 10.4298 0
      vertex 9.91681 9.91681 0
    endloop
  endfacet
  facet normal 0.098065 -0.99518 0
    outer loop
      vertex 6.19525 11.0457 0
      vertex 7 11.125 2.2
      vertex 6.19525 11.0457 2.2
    endloop
  endfacet
  facet normal 0.098065 -0.99518 0
    outer loop
      vertex 7 11.125 2.2
      vertex 6.19525 11.0457 0
      vertex 7 11.125 0
    endloop
  endfacet
  facet normal 0.881922 0.471395 0
    outer loop
      vertex 3.57019 4.70827 2.2
      vertex 3.189 5.42143 0
      vertex 3.189 5.42143 2.2
    endloop
  endfacet
  facet normal 0.881922 0.471395 0
    outer loop
      vertex 3.189 5.42143 0
      vertex 3.57019 4.70827 2.2
      vertex 3.57019 4.70827 0
    endloop
  endfacet
  facet normal -0.098016 0.995185 0
    outer loop
      vertex 7.80475 2.95426 0
      vertex 7 2.875 2.2
      vertex 7.80475 2.95426 2.2
    endloop
  endfacet
  facet normal -0.098016 0.995185 0
    outer loop
      vertex 7 2.875 2.2
      vertex 7.80475 2.95426 0
      vertex 7 2.875 0
    endloop
  endfacet
  facet normal -0.956953 0.290244 0
    outer loop
      vertex 10.811 5.42143 0
      vertex 11.0457 6.19525 2.2
      vertex 11.0457 6.19525 0
    endloop
  endfacet
  facet normal -0.956953 0.290244 0
    outer loop
      vertex 11.0457 6.19525 2.2
      vertex 10.811 5.42143 0
      vertex 10.811 5.42143 2.2
    endloop
  endfacet
  facet normal -0.773015 0.634387 0
    outer loop
      vertex 9.91681 4.08318 0
      vertex 10.4298 4.70827 2.2
      vertex 10.4298 4.70827 0
    endloop
  endfacet
  facet normal -0.773015 0.634387 0
    outer loop
      vertex 10.4298 4.70827 2.2
      vertex 9.91681 4.08318 0
      vertex 9.91681 4.08318 2.2
    endloop
  endfacet
  facet normal 0.634387 -0.773015 0
    outer loop
      vertex 4.08318 9.91681 0
      vertex 4.70827 10.4298 2.2
      vertex 4.08318 9.91681 2.2
    endloop
  endfacet
  facet normal 0.634387 -0.773015 0
    outer loop
      vertex 4.70827 10.4298 2.2
      vertex 4.08318 9.91681 0
      vertex 4.70827 10.4298 0
    endloop
  endfacet
  facet normal 0.098016 0.995185 -0
    outer loop
      vertex 7 2.875 0
      vertex 6.19525 2.95426 2.2
      vertex 7 2.875 2.2
    endloop
  endfacet
  facet normal 0.098016 0.995185 0
    outer loop
      vertex 6.19525 2.95426 2.2
      vertex 7 2.875 0
      vertex 6.19525 2.95426 0
    endloop
  endfacet
  facet normal -0.881917 0.471404 0
    outer loop
      vertex 10.4298 4.70827 0
      vertex 10.811 5.42143 2.2
      vertex 10.811 5.42143 0
    endloop
  endfacet
  facet normal -0.881917 0.471404 0
    outer loop
      vertex 10.811 5.42143 2.2
      vertex 10.4298 4.70827 0
      vertex 10.4298 4.70827 2.2
    endloop
  endfacet
  facet normal -0.471395 0.881922 0
    outer loop
      vertex 9.29173 3.57019 0
      vertex 8.57857 3.189 2.2
      vertex 9.29173 3.57019 2.2
    endloop
  endfacet
  facet normal -0.471395 0.881922 0
    outer loop
      vertex 8.57857 3.189 2.2
      vertex 9.29173 3.57019 0
      vertex 8.57857 3.189 0
    endloop
  endfacet
  facet normal 0.956939 0.29029 0
    outer loop
      vertex 3.189 5.42143 2.2
      vertex 2.95426 6.19525 0
      vertex 2.95426 6.19525 2.2
    endloop
  endfacet
  facet normal 0.956939 0.29029 0
    outer loop
      vertex 2.95426 6.19525 0
      vertex 3.189 5.42143 2.2
      vertex 3.189 5.42143 0
    endloop
  endfacet
  facet normal 0.77301 -0.634393 0
    outer loop
      vertex 3.57019 9.29173 2.2
      vertex 4.08318 9.91681 0
      vertex 4.08318 9.91681 2.2
    endloop
  endfacet
  facet normal 0.77301 -0.634393 0
    outer loop
      vertex 4.08318 9.91681 0
      vertex 3.57019 9.29173 2.2
      vertex 3.57019 9.29173 0
    endloop
  endfacet
  facet normal -0.77301 -0.634393 0
    outer loop
      vertex 10.4298 9.29173 0
      vertex 9.91681 9.91681 2.2
      vertex 9.91681 9.91681 0
    endloop
  endfacet
  facet normal -0.77301 -0.634393 0
    outer loop
      vertex 9.91681 9.91681 2.2
      vertex 10.4298 9.29173 0
      vertex 10.4298 9.29173 2.2
    endloop
  endfacet
  facet normal 0.471404 -0.881917 0
    outer loop
      vertex 4.70827 10.4298 0
      vertex 5.42143 10.811 2.2
      vertex 4.70827 10.4298 2.2
    endloop
  endfacet
  facet normal 0.471404 -0.881917 0
    outer loop
      vertex 5.42143 10.811 2.2
      vertex 4.70827 10.4298 0
      vertex 5.42143 10.811 0
    endloop
  endfacet
  facet normal 0.290244 -0.956953 0
    outer loop
      vertex 5.42143 10.811 0
      vertex 6.19525 11.0457 2.2
      vertex 5.42143 10.811 2.2
    endloop
  endfacet
  facet normal 0.290244 -0.956953 0
    outer loop
      vertex 6.19525 11.0457 2.2
      vertex 5.42143 10.811 0
      vertex 6.19525 11.0457 0
    endloop
  endfacet
  facet normal 0.29029 0.956939 -0
    outer loop
      vertex 6.19525 2.95426 0
      vertex 5.42143 3.189 2.2
      vertex 6.19525 2.95426 2.2
    endloop
  endfacet
  facet normal 0.29029 0.956939 0
    outer loop
      vertex 5.42143 3.189 2.2
      vertex 6.19525 2.95426 0
      vertex 5.42143 3.189 0
    endloop
  endfacet
  facet normal 0 0 -1
    outer loop
      vertex 11.0457 6.19525 2.2
      vertex 11.0457 7.80475 2.2
      vertex 11.125 7 2.2
    endloop
  endfacet
  facet normal 0 0 -1
    outer loop
      vertex 10.811 5.42143 2.2
      vertex 11.0457 7.80475 2.2
      vertex 11.0457 6.19525 2.2
    endloop
  endfacet
  facet normal 0 0 -1
    outer loop
      vertex 10.811 5.42143 2.2
      vertex 10.811 8.57857 2.2
      vertex 11.0457 7.80475 2.2
    endloop
  endfacet
  facet normal 0 0 -1
    outer loop
      vertex 10.4298 4.70827 2.2
      vertex 10.811 8.57857 2.2
      vertex 10.811 5.42143 2.2
    endloop
  endfacet
  facet normal 0 0 -1
    outer loop
      vertex 10.4298 4.70827 2.2
      vertex 10.4298 9.29173 2.2
      vertex 10.811 8.57857 2.2
    endloop
  endfacet
  facet normal 0 0 -1
    outer loop
      vertex 9.91681 4.08318 2.2
      vertex 10.4298 9.29173 2.2
      vertex 10.4298 4.70827 2.2
    endloop
  endfacet
  facet normal 0 0 -1
    outer loop
      vertex 9.91681 4.08318 2.2
      vertex 9.91681 9.91681 2.2
      vertex 10.4298 9.29173 2.2
    endloop
  endfacet
  facet normal 0 0 -1
    outer loop
      vertex 9.29173 3.57019 2.2
      vertex 9.91681 9.91681 2.2
      vertex 9.91681 4.08318 2.2
    endloop
  endfacet
  facet normal 0 0 -1
    outer loop
      vertex 9.29173 3.57019 2.2
      vertex 9.29173 10.4298 2.2
      vertex 9.91681 9.91681 2.2
    endloop
  endfacet
  facet normal 0 0 -1
    outer loop
      vertex 8.57857 3.189 2.2
      vertex 9.29173 10.4298 2.2
      vertex 9.29173 3.57019 2.2
    endloop
  endfacet
  facet normal 0 0 -1
    outer loop
      vertex 8.57857 3.189 2.2
      vertex 8.57857 10.811 2.2
      vertex 9.29173 10.4298 2.2
    endloop
  endfacet
  facet normal 0 0 -1
    outer loop
      vertex 7.80475 2.95426 2.2
      vertex 8.57857 10.811 2.2
      vertex 8.57857 3.189 2.2
    endloop
  endfacet
  facet normal 0 0 -1
    outer loop
      vertex 7.80475 2.95426 2.2
      vertex 7.80475 11.0457 2.2
      vertex 8.57857 10.811 2.2
    endloop
  endfacet
  facet normal 0 0 -1
    outer loop
      vertex 7 2.875 2.2
      vertex 7.80475 11.0457 2.2
      vertex 7.80475 2.95426 2.2
    endloop
  endfacet
  facet normal 0 0 -1
    outer loop
      vertex 7 2.875 2.2
      vertex 7 11.125 2.2
      vertex 7.80475 11.0457 2.2
    endloop
  endfacet
  facet normal 0 0 -1
    outer loop
      vertex 6.19525 2.95426 2.2
      vertex 7 11.125 2.2
      vertex 7 2.875 2.2
    endloop
  endfacet
  facet normal 0 0 -1
    outer loop
      vertex 6.19525 2.95426 2.2
      vertex 6.19525 11.0457 2.2
      vertex 7 11.125 2.2
    endloop
  endfacet
  facet normal 0 0 -1
    outer loop
      vertex 5.42143 3.189 2.2
      vertex 6.19525 11.0457 2.2
      vertex 6.19525 2.95426 2.2
    endloop
  endfacet
  facet normal 0 0 -1
    outer loop
      vertex 5.42143 3.189 2.2
      vertex 5.42143 10.811 2.2
      vertex 6.19525 11.0457 2.2
    endloop
  endfacet
  facet normal 0 0 -1
    outer loop
      vertex 4.70827 3.57019 2.2
      vertex 5.42143 10.811 2.2
      vertex 5.42143 3.189 2.2
    endloop
  endfacet
  facet normal 0 0 -1
    outer loop
      vertex 4.70827 3.57019 2.2
      vertex 4.70827 10.4298 2.2
      vertex 5.42143 10.811 2.2
    endloop
  endfacet
  facet normal 0 0 -1
    outer loop
      vertex 4.08318 4.08318 2.2
      vertex 4.70827 10.4298 2.2
      vertex 4.70827 3.57019 2.2
    endloop
  endfacet
  facet normal 0 0 -1
    outer loop
      vertex 4.08318 4.08318 2.2
      vertex 4.08318 9.91681 2.2
      vertex 4.70827 10.4298 2.2
    endloop
  endfacet
  facet normal 0 0 -1
    outer loop
      vertex 3.57019 4.70827 2.2
      vertex 4.08318 9.91681 2.2
      vertex 4.08318 4.08318 2.2
    endloop
  endfacet
  facet normal 0 0 -1
    outer loop
      vertex 3.57019 4.70827 2.2
      vertex 3.57019 9.29173 2.2
      vertex 4.08318 9.91681 2.2
    endloop
  endfacet
  facet normal 0 0 -1
    outer loop
      vertex 3.189 5.42143 2.2
      vertex 3.57019 9.29173 2.2
      vertex 3.57019 4.70827 2.2
    endloop
  endfacet
  facet normal 0 0 -1
    outer loop
      vertex 3.189 5.42143 2.2
      vertex 3.189 8.57857 2.2
      vertex 3.57019 9.29173 2.2
    endloop
  endfacet
  facet normal 0 0 -1
    outer loop
      vertex 2.95426 6.19525 2.2
      vertex 3.189 8.57857 2.2
      vertex 3.189 5.42143 2.2
    endloop
  endfacet
  facet normal 0 0 -1
    outer loop
      vertex 2.95426 6.19525 2.2
      vertex 2.95426 7.80475 2.2
      vertex 3.189 8.57857 2.2
    endloop
  endfacet
  facet normal 0 -0 -1
    outer loop
      vertex 2.95426 7.80475 2.2
      vertex 2.95426 6.19525 2.2
      vertex 2.875 7 2.2
    endloop
  endfacet
  facet normal -0.290244 -0.956953 0
    outer loop
      vertex 7.80475 11.0457 0
      vertex 8.57857 10.811 2.2
      vertex 7.80475 11.0457 2.2
    endloop
  endfacet
  facet normal -0.290244 -0.956953 -0
    outer loop
      vertex 8.57857 10.811 2.2
      vertex 7.80475 11.0457 0
      vertex 8.57857 10.811 0
    endloop
  endfacet
  facet normal -0.634393 0.77301 0
    outer loop
      vertex 9.91681 4.08318 0
      vertex 9.29173 3.57019 2.2
      vertex 9.91681 4.08318 2.2
    endloop
  endfacet
  facet normal -0.634393 0.77301 0
    outer loop
      vertex 9.29173 3.57019 2.2
      vertex 9.91681 4.08318 0
      vertex 9.29173 3.57019 0
    endloop
  endfacet
  facet normal 0.995185 -0.098016 0
    outer loop
      vertex 2.875 7 2.2
      vertex 2.95426 7.80475 0
      vertex 2.95426 7.80475 2.2
    endloop
  endfacet
  facet normal 0.995185 -0.098016 0
    outer loop
      vertex 2.95426 7.80475 0
      vertex 2.875 7 2.2
      vertex 2.875 7 0
    endloop
  endfacet
  facet normal -0.098065 -0.99518 0
    outer loop
      vertex 7 11.125 0
      vertex 7.80475 11.0457 2.2
      vertex 7 11.125 2.2
    endloop
  endfacet
  facet normal -0.098065 -0.99518 -0
    outer loop
      vertex 7.80475 11.0457 2.2
      vertex 7 11.125 0
      vertex 7.80475 11.0457 0
    endloop
  endfacet
  facet normal -0.471404 -0.881917 0
    outer loop
      vertex 8.57857 10.811 0
      vertex 9.29173 10.4298 2.2
      vertex 8.57857 10.811 2.2
    endloop
  endfacet
  facet normal -0.471404 -0.881917 -0
    outer loop
      vertex 9.29173 10.4298 2.2
      vertex 8.57857 10.811 0
      vertex 9.29173 10.4298 0
    endloop
  endfacet
  facet normal 0.773015 0.634387 0
    outer loop
      vertex 4.08318 4.08318 2.2
      vertex 3.57019 4.70827 0
      vertex 3.57019 4.70827 2.2
    endloop
  endfacet
  facet normal 0.773015 0.634387 0
    outer loop
      vertex 3.57019 4.70827 0
      vertex 4.08318 4.08318 2.2
      vertex 4.08318 4.08318 0
    endloop
  endfacet
  facet normal 0.634387 0.773015 -0
    outer loop
      vertex 4.70827 3.57019 0
      vertex 4.08318 4.08318 2.2
      vertex 4.70827 3.57019 2.2
    endloop
  endfacet
  facet normal 0.634387 0.773015 0
    outer loop
      vertex 4.08318 4.08318 2.2
      vertex 4.70827 3.57019 0
      vertex 4.08318 4.08318 0
    endloop
  endfacet
  facet normal 0.956939 -0.29029 0
    outer loop
      vertex 2.95426 7.80475 2.2
      vertex 3.189 8.57857 0
      vertex 3.189 8.57857 2.2
    endloop
  endfacet
  facet normal 0.956939 -0.29029 0
    outer loop
      vertex 3.189 8.57857 0
      vertex 2.95426 7.80475 2.2
      vertex 2.95426 7.80475 0
    endloop
  endfacet
  facet normal 0.881922 -0.471395 0
    outer loop
      vertex 3.189 8.57857 2.2
      vertex 3.57019 9.29173 0
      vertex 3.57019 9.29173 2.2
    endloop
  endfacet
  facet normal 0.881922 -0.471395 0
    outer loop
      vertex 3.57019 9.29173 0
      vertex 3.189 8.57857 2.2
      vertex 3.189 8.57857 0
    endloop
  endfacet
  facet normal 0.995185 0.098016 0
    outer loop
      vertex 2.95426 6.19525 2.2
      vertex 2.875 7 0
      vertex 2.875 7 2.2
    endloop
  endfacet
  facet normal 0.995185 0.098016 0
    outer loop
      vertex 2.875 7 0
      vertex 2.95426 6.19525 2.2
      vertex 2.95426 6.19525 0
    endloop
  endfacet
  facet normal -0.772971 0.634442 0
    outer loop
      vertex 9.91681 134.383 0
      vertex 10.4298 135.008 2.2
      vertex 10.4298 135.008 0
    endloop
  endfacet
  facet normal -0.772971 0.634442 0
    outer loop
      vertex 10.4298 135.008 2.2
      vertex 9.91681 134.383 0
      vertex 9.91681 134.383 2.2
    endloop
  endfacet
  facet normal -0.956971 -0.290182 0
    outer loop
      vertex 11.0457 138.105 0
      vertex 10.811 138.879 2.2
      vertex 10.811 138.879 0
    endloop
  endfacet
  facet normal -0.956971 -0.290182 0
    outer loop
      vertex 10.811 138.879 2.2
      vertex 11.0457 138.105 0
      vertex 11.0457 138.105 2.2
    endloop
  endfacet
  facet normal -0.995183 -0.0980348 0
    outer loop
      vertex 11.125 137.3 0
      vertex 11.0457 138.105 2.2
      vertex 11.0457 138.105 0
    endloop
  endfacet
  facet normal -0.995183 -0.0980348 0
    outer loop
      vertex 11.0457 138.105 2.2
      vertex 11.125 137.3 0
      vertex 11.125 137.3 2.2
    endloop
  endfacet
  facet normal -0.881873 -0.471487 0
    outer loop
      vertex 10.811 138.879 0
      vertex 10.4298 139.592 2.2
      vertex 10.4298 139.592 0
    endloop
  endfacet
  facet normal -0.881873 -0.471487 0
    outer loop
      vertex 10.4298 139.592 2.2
      vertex 10.811 138.879 0
      vertex 10.811 138.879 2.2
    endloop
  endfacet
  facet normal 0.881878 0.471477 0
    outer loop
      vertex 3.57019 135.008 2.2
      vertex 3.189 135.721 0
      vertex 3.189 135.721 2.2
    endloop
  endfacet
  facet normal 0.881878 0.471477 0
    outer loop
      vertex 3.189 135.721 0
      vertex 3.57019 135.008 2.2
      vertex 3.57019 135.008 0
    endloop
  endfacet
  facet normal 0.290584 -0.95685 0
    outer loop
      vertex 5.42143 141.111 0
      vertex 6.19525 141.346 2.2
      vertex 5.42143 141.111 2.2
    endloop
  endfacet
  facet normal 0.290584 -0.95685 0
    outer loop
      vertex 6.19525 141.346 2.2
      vertex 5.42143 141.111 0
      vertex 6.19525 141.346 0
    endloop
  endfacet
  facet normal -0.995183 0.0980348 0
    outer loop
      vertex 11.0457 136.495 0
      vertex 11.125 137.3 2.2
      vertex 11.125 137.3 0
    endloop
  endfacet
  facet normal -0.995183 0.0980348 0
    outer loop
      vertex 11.125 137.3 2.2
      vertex 11.0457 136.495 0
      vertex 11.0457 136.495 2.2
    endloop
  endfacet
  facet normal -0.290584 0.95685 0
    outer loop
      vertex 8.57857 133.489 0
      vertex 7.80475 133.254 2.2
      vertex 8.57857 133.489 2.2
    endloop
  endfacet
  facet normal -0.290584 0.95685 0
    outer loop
      vertex 7.80475 133.254 2.2
      vertex 8.57857 133.489 0
      vertex 7.80475 133.254 0
    endloop
  endfacet
  facet normal -0.772971 -0.634442 0
    outer loop
      vertex 10.4298 139.592 0
      vertex 9.91681 140.217 2.2
      vertex 9.91681 140.217 0
    endloop
  endfacet
  facet normal -0.772971 -0.634442 0
    outer loop
      vertex 9.91681 140.217 2.2
      vertex 10.4298 139.592 0
      vertex 10.4298 139.592 2.2
    endloop
  endfacet
  facet normal 0.471212 0.88202 -0
    outer loop
      vertex 5.42143 133.489 0
      vertex 4.70827 133.87 2.2
      vertex 5.42143 133.489 2.2
    endloop
  endfacet
  facet normal 0.471212 0.88202 0
    outer loop
      vertex 4.70827 133.87 2.2
      vertex 5.42143 133.489 0
      vertex 4.70827 133.87 0
    endloop
  endfacet
  facet normal 0.995188 0.0979858 0
    outer loop
      vertex 2.95426 136.495 2.2
      vertex 2.875 137.3 0
      vertex 2.875 137.3 2.2
    endloop
  endfacet
  facet normal 0.995188 0.0979858 0
    outer loop
      vertex 2.875 137.3 0
      vertex 2.95426 136.495 2.2
      vertex 2.95426 136.495 0
    endloop
  endfacet
  facet normal -0.956971 0.290182 0
    outer loop
      vertex 10.811 135.721 0
      vertex 11.0457 136.495 2.2
      vertex 11.0457 136.495 0
    endloop
  endfacet
  facet normal -0.956971 0.290182 0
    outer loop
      vertex 11.0457 136.495 2.2
      vertex 10.811 135.721 0
      vertex 10.811 135.721 2.2
    endloop
  endfacet
  facet normal 0.995188 -0.0979858 0
    outer loop
      vertex 2.875 137.3 2.2
      vertex 2.95426 138.105 0
      vertex 2.95426 138.105 2.2
    endloop
  endfacet
  facet normal 0.995188 -0.0979858 0
    outer loop
      vertex 2.95426 138.105 0
      vertex 2.875 137.3 2.2
      vertex 2.875 137.3 0
    endloop
  endfacet
  facet normal -0.290584 -0.95685 0
    outer loop
      vertex 7.80475 141.346 0
      vertex 8.57857 141.111 2.2
      vertex 7.80475 141.346 2.2
    endloop
  endfacet
  facet normal -0.290584 -0.95685 -0
    outer loop
      vertex 8.57857 141.111 2.2
      vertex 7.80475 141.346 0
      vertex 8.57857 141.111 0
    endloop
  endfacet
  facet normal 0.0976975 0.995216 -0
    outer loop
      vertex 7 133.175 0
      vertex 6.19525 133.254 2.2
      vertex 7 133.175 2.2
    endloop
  endfacet
  facet normal 0.0976975 0.995216 0
    outer loop
      vertex 6.19525 133.254 2.2
      vertex 7 133.175 0
      vertex 6.19525 133.254 0
    endloop
  endfacet
  facet normal 0.0976975 -0.995216 0
    outer loop
      vertex 6.19525 141.346 0
      vertex 7 141.425 2.2
      vertex 6.19525 141.346 2.2
    endloop
  endfacet
  facet normal 0.0976975 -0.995216 0
    outer loop
      vertex 7 141.425 2.2
      vertex 6.19525 141.346 0
      vertex 7 141.425 0
    endloop
  endfacet
  facet normal 0.290584 0.95685 -0
    outer loop
      vertex 6.19525 133.254 0
      vertex 5.42143 133.489 2.2
      vertex 6.19525 133.254 2.2
    endloop
  endfacet
  facet normal 0.290584 0.95685 0
    outer loop
      vertex 5.42143 133.489 2.2
      vertex 6.19525 133.254 0
      vertex 5.42143 133.489 0
    endloop
  endfacet
  facet normal 0.634395 -0.773009 0
    outer loop
      vertex 4.08318 140.217 0
      vertex 4.70827 140.73 2.2
      vertex 4.08318 140.217 2.2
    endloop
  endfacet
  facet normal 0.634395 -0.773009 0
    outer loop
      vertex 4.70827 140.73 2.2
      vertex 4.08318 140.217 0
      vertex 4.70827 140.73 0
    endloop
  endfacet
  facet normal 0.471212 -0.88202 0
    outer loop
      vertex 4.70827 140.73 0
      vertex 5.42143 141.111 2.2
      vertex 4.70827 140.73 2.2
    endloop
  endfacet
  facet normal 0.471212 -0.88202 0
    outer loop
      vertex 5.42143 141.111 2.2
      vertex 4.70827 140.73 0
      vertex 5.42143 141.111 0
    endloop
  endfacet
  facet normal -0.471212 0.88202 0
    outer loop
      vertex 9.29173 133.87 0
      vertex 8.57857 133.489 2.2
      vertex 9.29173 133.87 2.2
    endloop
  endfacet
  facet normal -0.471212 0.88202 0
    outer loop
      vertex 8.57857 133.489 2.2
      vertex 9.29173 133.87 0
      vertex 8.57857 133.489 0
    endloop
  endfacet
  facet normal 0.956958 -0.290228 0
    outer loop
      vertex 2.95426 138.105 2.2
      vertex 3.189 138.879 0
      vertex 3.189 138.879 2.2
    endloop
  endfacet
  facet normal 0.956958 -0.290228 0
    outer loop
      vertex 3.189 138.879 0
      vertex 2.95426 138.105 2.2
      vertex 2.95426 138.105 0
    endloop
  endfacet
  facet normal -0.881873 0.471487 0
    outer loop
      vertex 10.4298 135.008 0
      vertex 10.811 135.721 2.2
      vertex 10.811 135.721 0
    endloop
  endfacet
  facet normal -0.881873 0.471487 0
    outer loop
      vertex 10.811 135.721 2.2
      vertex 10.4298 135.008 0
      vertex 10.4298 135.008 2.2
    endloop
  endfacet
  facet normal -0.634401 -0.773004 0
    outer loop
      vertex 9.29173 140.73 0
      vertex 9.91681 140.217 2.2
      vertex 9.29173 140.73 2.2
    endloop
  endfacet
  facet normal -0.634401 -0.773004 -0
    outer loop
      vertex 9.91681 140.217 2.2
      vertex 9.29173 140.73 0
      vertex 9.91681 140.217 0
    endloop
  endfacet
  facet normal -0.634401 0.773004 0
    outer loop
      vertex 9.91681 134.383 0
      vertex 9.29173 133.87 2.2
      vertex 9.91681 134.383 2.2
    endloop
  endfacet
  facet normal -0.634401 0.773004 0
    outer loop
      vertex 9.29173 133.87 2.2
      vertex 9.91681 134.383 0
      vertex 9.29173 133.87 0
    endloop
  endfacet
  facet normal -0.471212 -0.88202 0
    outer loop
      vertex 8.57857 141.111 0
      vertex 9.29173 140.73 2.2
      vertex 8.57857 141.111 2.2
    endloop
  endfacet
  facet normal -0.471212 -0.88202 -0
    outer loop
      vertex 9.29173 140.73 2.2
      vertex 8.57857 141.111 0
      vertex 9.29173 140.73 0
    endloop
  endfacet
  facet normal -0.0976975 -0.995216 0
    outer loop
      vertex 7 141.425 0
      vertex 7.80475 141.346 2.2
      vertex 7 141.425 2.2
    endloop
  endfacet
  facet normal -0.0976975 -0.995216 -0
    outer loop
      vertex 7.80475 141.346 2.2
      vertex 7 141.425 0
      vertex 7.80475 141.346 0
    endloop
  endfacet
  facet normal -0.0976975 0.995216 0
    outer loop
      vertex 7.80475 133.254 0
      vertex 7 133.175 2.2
      vertex 7.80475 133.254 2.2
    endloop
  endfacet
  facet normal -0.0976975 0.995216 0
    outer loop
      vertex 7 133.175 2.2
      vertex 7.80475 133.254 0
      vertex 7 133.175 0
    endloop
  endfacet
  facet normal 0.956958 0.290228 0
    outer loop
      vertex 3.189 135.721 2.2
      vertex 2.95426 136.495 0
      vertex 2.95426 136.495 2.2
    endloop
  endfacet
  facet normal 0.956958 0.290228 0
    outer loop
      vertex 2.95426 136.495 0
      vertex 3.189 135.721 2.2
      vertex 3.189 135.721 0
    endloop
  endfacet
  facet normal 0.881878 -0.471477 0
    outer loop
      vertex 3.189 138.879 2.2
      vertex 3.57019 139.592 0
      vertex 3.57019 139.592 2.2
    endloop
  endfacet
  facet normal 0.881878 -0.471477 0
    outer loop
      vertex 3.57019 139.592 0
      vertex 3.189 138.879 2.2
      vertex 3.189 138.879 0
    endloop
  endfacet
  facet normal 0.772971 -0.634442 0
    outer loop
      vertex 3.57019 139.592 2.2
      vertex 4.08318 140.217 0
      vertex 4.08318 140.217 2.2
    endloop
  endfacet
  facet normal 0.772971 -0.634442 0
    outer loop
      vertex 4.08318 140.217 0
      vertex 3.57019 139.592 2.2
      vertex 3.57019 139.592 0
    endloop
  endfacet
  facet normal 0.772971 0.634442 0
    outer loop
      vertex 4.08318 134.383 2.2
      vertex 3.57019 135.008 0
      vertex 3.57019 135.008 2.2
    endloop
  endfacet
  facet normal 0.772971 0.634442 0
    outer loop
      vertex 3.57019 135.008 0
      vertex 4.08318 134.383 2.2
      vertex 4.08318 134.383 0
    endloop
  endfacet
  facet normal 0.634395 0.773009 -0
    outer loop
      vertex 4.70827 133.87 0
      vertex 4.08318 134.383 2.2
      vertex 4.70827 133.87 2.2
    endloop
  endfacet
  facet normal 0.634395 0.773009 0
    outer loop
      vertex 4.08318 134.383 2.2
      vertex 4.70827 133.87 0
      vertex 4.08318 134.383 0
    endloop
  endfacet
  facet normal 0 0 -1
    outer loop
      vertex 11.0457 136.495 2.2
      vertex 11.0457 138.105 2.2
      vertex 11.125 137.3 2.2
    endloop
  endfacet
  facet normal 0 0 -1
    outer loop
      vertex 10.811 135.721 2.2
      vertex 11.0457 138.105 2.2
      vertex 11.0457 136.495 2.2
    endloop
  endfacet
  facet normal 0 0 -1
    outer loop
      vertex 10.811 135.721 2.2
      vertex 10.811 138.879 2.2
      vertex 11.0457 138.105 2.2
    endloop
  endfacet
  facet normal 0 0 -1
    outer loop
      vertex 10.4298 135.008 2.2
      vertex 10.811 138.879 2.2
      vertex 10.811 135.721 2.2
    endloop
  endfacet
  facet normal 0 0 -1
    outer loop
      vertex 10.4298 135.008 2.2
      vertex 10.4298 139.592 2.2
      vertex 10.811 138.879 2.2
    endloop
  endfacet
  facet normal 0 0 -1
    outer loop
      vertex 9.91681 134.383 2.2
      vertex 10.4298 139.592 2.2
      vertex 10.4298 135.008 2.2
    endloop
  endfacet
  facet normal 0 0 -1
    outer loop
      vertex 9.91681 134.383 2.2
      vertex 9.91681 140.217 2.2
      vertex 10.4298 139.592 2.2
    endloop
  endfacet
  facet normal 0 0 -1
    outer loop
      vertex 9.29173 133.87 2.2
      vertex 9.91681 140.217 2.2
      vertex 9.91681 134.383 2.2
    endloop
  endfacet
  facet normal 0 0 -1
    outer loop
      vertex 9.29173 133.87 2.2
      vertex 9.29173 140.73 2.2
      vertex 9.91681 140.217 2.2
    endloop
  endfacet
  facet normal 0 0 -1
    outer loop
      vertex 8.57857 133.489 2.2
      vertex 9.29173 140.73 2.2
      vertex 9.29173 133.87 2.2
    endloop
  endfacet
  facet normal 0 0 -1
    outer loop
      vertex 8.57857 133.489 2.2
      vertex 8.57857 141.111 2.2
      vertex 9.29173 140.73 2.2
    endloop
  endfacet
  facet normal 0 0 -1
    outer loop
      vertex 7.80475 133.254 2.2
      vertex 8.57857 141.111 2.2
      vertex 8.57857 133.489 2.2
    endloop
  endfacet
  facet normal 0 0 -1
    outer loop
      vertex 7.80475 133.254 2.2
      vertex 7.80475 141.346 2.2
      vertex 8.57857 141.111 2.2
    endloop
  endfacet
  facet normal 0 0 -1
    outer loop
      vertex 7 133.175 2.2
      vertex 7.80475 141.346 2.2
      vertex 7.80475 133.254 2.2
    endloop
  endfacet
  facet normal 0 0 -1
    outer loop
      vertex 7 133.175 2.2
      vertex 7 141.425 2.2
      vertex 7.80475 141.346 2.2
    endloop
  endfacet
  facet normal 0 0 -1
    outer loop
      vertex 6.19525 133.254 2.2
      vertex 7 141.425 2.2
      vertex 7 133.175 2.2
    endloop
  endfacet
  facet normal 0 0 -1
    outer loop
      vertex 6.19525 133.254 2.2
      vertex 6.19525 141.346 2.2
      vertex 7 141.425 2.2
    endloop
  endfacet
  facet normal 0 0 -1
    outer loop
      vertex 5.42143 133.489 2.2
      vertex 6.19525 141.346 2.2
      vertex 6.19525 133.254 2.2
    endloop
  endfacet
  facet normal 0 0 -1
    outer loop
      vertex 5.42143 133.489 2.2
      vertex 5.42143 141.111 2.2
      vertex 6.19525 141.346 2.2
    endloop
  endfacet
  facet normal 0 0 -1
    outer loop
      vertex 4.70827 133.87 2.2
      vertex 5.42143 141.111 2.2
      vertex 5.42143 133.489 2.2
    endloop
  endfacet
  facet normal 0 0 -1
    outer loop
      vertex 4.70827 133.87 2.2
      vertex 4.70827 140.73 2.2
      vertex 5.42143 141.111 2.2
    endloop
  endfacet
  facet normal 0 0 -1
    outer loop
      vertex 4.08318 134.383 2.2
      vertex 4.70827 140.73 2.2
      vertex 4.70827 133.87 2.2
    endloop
  endfacet
  facet normal 0 0 -1
    outer loop
      vertex 4.08318 134.383 2.2
      vertex 4.08318 140.217 2.2
      vertex 4.70827 140.73 2.2
    endloop
  endfacet
  facet normal 0 0 -1
    outer loop
      vertex 3.57019 135.008 2.2
      vertex 4.08318 140.217 2.2
      vertex 4.08318 134.383 2.2
    endloop
  endfacet
  facet normal 0 0 -1
    outer loop
      vertex 3.57019 135.008 2.2
      vertex 3.57019 139.592 2.2
      vertex 4.08318 140.217 2.2
    endloop
  endfacet
  facet normal 0 0 -1
    outer loop
      vertex 3.189 135.721 2.2
      vertex 3.57019 139.592 2.2
      vertex 3.57019 135.008 2.2
    endloop
  endfacet
  facet normal 0 0 -1
    outer loop
      vertex 3.189 135.721 2.2
      vertex 3.189 138.879 2.2
      vertex 3.57019 139.592 2.2
    endloop
  endfacet
  facet normal 0 0 -1
    outer loop
      vertex 2.95426 136.495 2.2
      vertex 3.189 138.879 2.2
      vertex 3.189 135.721 2.2
    endloop
  endfacet
  facet normal 0 0 -1
    outer loop
      vertex 2.95426 136.495 2.2
      vertex 2.95426 138.105 2.2
      vertex 3.189 138.879 2.2
    endloop
  endfacet
  facet normal 0 -0 -1
    outer loop
      vertex 2.95426 138.105 2.2
      vertex 2.95426 136.495 2.2
      vertex 2.875 137.3 2.2
    endloop
  endfacet
  facet normal -0.956953 -0.290244 0
    outer loop
      vertex 44.3457 7.80475 0
      vertex 44.111 8.57857 2.2
      vertex 44.111 8.57857 0
    endloop
  endfacet
  facet normal -0.956953 -0.290244 0
    outer loop
      vertex 44.111 8.57857 2.2
      vertex 44.3457 7.80475 0
      vertex 44.3457 7.80475 2.2
    endloop
  endfacet
  facet normal -0.99518 -0.098065 0
    outer loop
      vertex 44.425 7 0
      vertex 44.3457 7.80475 2.2
      vertex 44.3457 7.80475 0
    endloop
  endfacet
  facet normal -0.99518 -0.098065 0
    outer loop
      vertex 44.3457 7.80475 2.2
      vertex 44.425 7 0
      vertex 44.425 7 2.2
    endloop
  endfacet
  facet normal -0.881917 -0.471404 0
    outer loop
      vertex 44.111 8.57857 0
      vertex 43.7298 9.29173 2.2
      vertex 43.7298 9.29173 0
    endloop
  endfacet
  facet normal -0.881917 -0.471404 0
    outer loop
      vertex 43.7298 9.29173 2.2
      vertex 44.111 8.57857 0
      vertex 44.111 8.57857 2.2
    endloop
  endfacet
  facet normal -0.471426 0.881906 0
    outer loop
      vertex 42.5917 3.57019 0
      vertex 41.8786 3.189 2.2
      vertex 42.5917 3.57019 2.2
    endloop
  endfacet
  facet normal -0.471426 0.881906 0
    outer loop
      vertex 41.8786 3.189 2.2
      vertex 42.5917 3.57019 0
      vertex 41.8786 3.189 0
    endloop
  endfacet
  facet normal -0.881917 0.471404 0
    outer loop
      vertex 43.7298 4.70827 0
      vertex 44.111 5.42143 2.2
      vertex 44.111 5.42143 0
    endloop
  endfacet
  facet normal -0.881917 0.471404 0
    outer loop
      vertex 44.111 5.42143 2.2
      vertex 43.7298 4.70827 0
      vertex 43.7298 4.70827 2.2
    endloop
  endfacet
  facet normal -0.634381 -0.77302 0
    outer loop
      vertex 42.5917 10.4298 0
      vertex 43.2168 9.91681 2.2
      vertex 42.5917 10.4298 2.2
    endloop
  endfacet
  facet normal -0.634381 -0.77302 -0
    outer loop
      vertex 43.2168 9.91681 2.2
      vertex 42.5917 10.4298 0
      vertex 43.2168 9.91681 0
    endloop
  endfacet
  facet normal -0.99518 0.098065 0
    outer loop
      vertex 44.3457 6.19525 0
      vertex 44.425 7 2.2
      vertex 44.425 7 0
    endloop
  endfacet
  facet normal -0.99518 0.098065 0
    outer loop
      vertex 44.425 7 2.2
      vertex 44.3457 6.19525 0
      vertex 44.3457 6.19525 2.2
    endloop
  endfacet
  facet normal 0.881917 0.471404 0
    outer loop
      vertex 36.8702 4.70827 2.2
      vertex 36.489 5.42143 0
      vertex 36.489 5.42143 2.2
    endloop
  endfacet
  facet normal 0.881917 0.471404 0
    outer loop
      vertex 36.489 5.42143 0
      vertex 36.8702 4.70827 2.2
      vertex 36.8702 4.70827 0
    endloop
  endfacet
  facet normal 0.99518 -0.098065 0
    outer loop
      vertex 36.175 7 2.2
      vertex 36.2543 7.80475 0
      vertex 36.2543 7.80475 2.2
    endloop
  endfacet
  facet normal 0.99518 -0.098065 0
    outer loop
      vertex 36.2543 7.80475 0
      vertex 36.175 7 2.2
      vertex 36.175 7 0
    endloop
  endfacet
  facet normal 0.634381 -0.77302 0
    outer loop
      vertex 37.3832 9.91681 0
      vertex 38.0083 10.4298 2.2
      vertex 37.3832 9.91681 2.2
    endloop
  endfacet
  facet normal 0.634381 -0.77302 0
    outer loop
      vertex 38.0083 10.4298 2.2
      vertex 37.3832 9.91681 0
      vertex 38.0083 10.4298 0
    endloop
  endfacet
  facet normal 0.471426 0.881906 -0
    outer loop
      vertex 38.7214 3.189 0
      vertex 38.0083 3.57019 2.2
      vertex 38.7214 3.189 2.2
    endloop
  endfacet
  facet normal 0.471426 0.881906 0
    outer loop
      vertex 38.0083 3.57019 2.2
      vertex 38.7214 3.189 0
      vertex 38.0083 3.57019 0
    endloop
  endfacet
  facet normal -0.290262 0.956947 0
    outer loop
      vertex 41.8786 3.189 0
      vertex 41.1047 2.95426 2.2
      vertex 41.8786 3.189 2.2
    endloop
  endfacet
  facet normal -0.290262 0.956947 0
    outer loop
      vertex 41.1047 2.95426 2.2
      vertex 41.8786 3.189 0
      vertex 41.1047 2.95426 0
    endloop
  endfacet
  facet normal 0.773004 -0.634401 0
    outer loop
      vertex 36.8702 9.29173 2.2
      vertex 37.3832 9.91681 0
      vertex 37.3832 9.91681 2.2
    endloop
  endfacet
  facet normal 0.773004 -0.634401 0
    outer loop
      vertex 37.3832 9.91681 0
      vertex 36.8702 9.29173 2.2
      vertex 36.8702 9.29173 0
    endloop
  endfacet
  facet normal -0.773004 -0.634401 0
    outer loop
      vertex 43.7298 9.29173 0
      vertex 43.2168 9.91681 2.2
      vertex 43.2168 9.91681 0
    endloop
  endfacet
  facet normal -0.773004 -0.634401 0
    outer loop
      vertex 43.2168 9.91681 2.2
      vertex 43.7298 9.29173 0
      vertex 43.7298 9.29173 2.2
    endloop
  endfacet
  facet normal 0.471435 -0.881901 0
    outer loop
      vertex 38.0083 10.4298 0
      vertex 38.7214 10.811 2.2
      vertex 38.0083 10.4298 2.2
    endloop
  endfacet
  facet normal 0.471435 -0.881901 0
    outer loop
      vertex 38.7214 10.811 2.2
      vertex 38.0083 10.4298 0
      vertex 38.7214 10.811 0
    endloop
  endfacet
  facet normal 0.290217 -0.956961 0
    outer loop
      vertex 38.7214 10.811 0
      vertex 39.4953 11.0457 2.2
      vertex 38.7214 10.811 2.2
    endloop
  endfacet
  facet normal 0.290217 -0.956961 0
    outer loop
      vertex 39.4953 11.0457 2.2
      vertex 38.7214 10.811 0
      vertex 39.4953 11.0457 0
    endloop
  endfacet
  facet normal 0.098022 0.995184 -0
    outer loop
      vertex 40.3 2.875 0
      vertex 39.4953 2.95426 2.2
      vertex 40.3 2.875 2.2
    endloop
  endfacet
  facet normal 0.098022 0.995184 0
    outer loop
      vertex 39.4953 2.95426 2.2
      vertex 40.3 2.875 0
      vertex 39.4953 2.95426 0
    endloop
  endfacet
  facet normal 0.290262 0.956947 -0
    outer loop
      vertex 39.4953 2.95426 0
      vertex 38.7214 3.189 2.2
      vertex 39.4953 2.95426 2.2
    endloop
  endfacet
  facet normal 0.290262 0.956947 0
    outer loop
      vertex 38.7214 3.189 2.2
      vertex 39.4953 2.95426 0
      vertex 38.7214 3.189 0
    endloop
  endfacet
  facet normal 0.098071 -0.995179 0
    outer loop
      vertex 39.4953 11.0457 0
      vertex 40.3 11.125 2.2
      vertex 39.4953 11.0457 2.2
    endloop
  endfacet
  facet normal 0.098071 -0.995179 0
    outer loop
      vertex 40.3 11.125 2.2
      vertex 39.4953 11.0457 0
      vertex 40.3 11.125 0
    endloop
  endfacet
  facet normal -0.773009 0.634395 0
    outer loop
      vertex 43.2168 4.08318 0
      vertex 43.7298 4.70827 2.2
      vertex 43.7298 4.70827 0
    endloop
  endfacet
  facet normal -0.773009 0.634395 0
    outer loop
      vertex 43.7298 4.70827 2.2
      vertex 43.2168 4.08318 0
      vertex 43.2168 4.08318 2.2
    endloop
  endfacet
  facet normal -0.290217 -0.956961 0
    outer loop
      vertex 41.1047 11.0457 0
      vertex 41.8786 10.811 2.2
      vertex 41.1047 11.0457 2.2
    endloop
  endfacet
  facet normal -0.290217 -0.956961 -0
    outer loop
      vertex 41.8786 10.811 2.2
      vertex 41.1047 11.0457 0
      vertex 41.8786 10.811 0
    endloop
  endfacet
  facet normal 0.956953 0.290244 0
    outer loop
      vertex 36.489 5.42143 2.2
      vertex 36.2543 6.19525 0
      vertex 36.2543 6.19525 2.2
    endloop
  endfacet
  facet normal 0.956953 0.290244 0
    outer loop
      vertex 36.2543 6.19525 0
      vertex 36.489 5.42143 2.2
      vertex 36.489 5.42143 0
    endloop
  endfacet
  facet normal -0.634381 0.77302 0
    outer loop
      vertex 43.2168 4.08318 0
      vertex 42.5917 3.57019 2.2
      vertex 43.2168 4.08318 2.2
    endloop
  endfacet
  facet normal -0.634381 0.77302 0
    outer loop
      vertex 42.5917 3.57019 2.2
      vertex 43.2168 4.08318 0
      vertex 42.5917 3.57019 0
    endloop
  endfacet
  facet normal -0.471435 -0.881901 0
    outer loop
      vertex 41.8786 10.811 0
      vertex 42.5917 10.4298 2.2
      vertex 41.8786 10.811 2.2
    endloop
  endfacet
  facet normal -0.471435 -0.881901 -0
    outer loop
      vertex 42.5917 10.4298 2.2
      vertex 41.8786 10.811 0
      vertex 42.5917 10.4298 0
    endloop
  endfacet
  facet normal 0.773009 0.634395 0
    outer loop
      vertex 37.3832 4.08318 2.2
      vertex 36.8702 4.70827 0
      vertex 36.8702 4.70827 2.2
    endloop
  endfacet
  facet normal 0.773009 0.634395 0
    outer loop
      vertex 36.8702 4.70827 0
      vertex 37.3832 4.08318 2.2
      vertex 37.3832 4.08318 0
    endloop
  endfacet
  facet normal -0.956953 0.290244 0
    outer loop
      vertex 44.111 5.42143 0
      vertex 44.3457 6.19525 2.2
      vertex 44.3457 6.19525 0
    endloop
  endfacet
  facet normal -0.956953 0.290244 0
    outer loop
      vertex 44.3457 6.19525 2.2
      vertex 44.111 5.42143 0
      vertex 44.111 5.42143 2.2
    endloop
  endfacet
  facet normal -0.098022 0.995184 0
    outer loop
      vertex 41.1047 2.95426 0
      vertex 40.3 2.875 2.2
      vertex 41.1047 2.95426 2.2
    endloop
  endfacet
  facet normal -0.098022 0.995184 0
    outer loop
      vertex 40.3 2.875 2.2
      vertex 41.1047 2.95426 0
      vertex 40.3 2.875 0
    endloop
  endfacet
  facet normal 0.634381 0.77302 -0
    outer loop
      vertex 38.0083 3.57019 0
      vertex 37.3832 4.08318 2.2
      vertex 38.0083 3.57019 2.2
    endloop
  endfacet
  facet normal 0.634381 0.77302 0
    outer loop
      vertex 37.3832 4.08318 2.2
      vertex 38.0083 3.57019 0
      vertex 37.3832 4.08318 0
    endloop
  endfacet
  facet normal 0.956953 -0.290244 0
    outer loop
      vertex 36.2543 7.80475 2.2
      vertex 36.489 8.57857 0
      vertex 36.489 8.57857 2.2
    endloop
  endfacet
  facet normal 0.956953 -0.290244 0
    outer loop
      vertex 36.489 8.57857 0
      vertex 36.2543 7.80475 2.2
      vertex 36.2543 7.80475 0
    endloop
  endfacet
  facet normal 0 0 -1
    outer loop
      vertex 44.3457 6.19525 2.2
      vertex 44.3457 7.80475 2.2
      vertex 44.425 7 2.2
    endloop
  endfacet
  facet normal 0 0 -1
    outer loop
      vertex 44.111 5.42143 2.2
      vertex 44.3457 7.80475 2.2
      vertex 44.3457 6.19525 2.2
    endloop
  endfacet
  facet normal 0 0 -1
    outer loop
      vertex 44.111 5.42143 2.2
      vertex 44.111 8.57857 2.2
      vertex 44.3457 7.80475 2.2
    endloop
  endfacet
  facet normal 0 0 -1
    outer loop
      vertex 43.7298 4.70827 2.2
      vertex 44.111 8.57857 2.2
      vertex 44.111 5.42143 2.2
    endloop
  endfacet
  facet normal 0 0 -1
    outer loop
      vertex 43.7298 4.70827 2.2
      vertex 43.7298 9.29173 2.2
      vertex 44.111 8.57857 2.2
    endloop
  endfacet
  facet normal 0 0 -1
    outer loop
      vertex 43.2168 4.08318 2.2
      vertex 43.7298 9.29173 2.2
      vertex 43.7298 4.70827 2.2
    endloop
  endfacet
  facet normal 0 0 -1
    outer loop
      vertex 43.2168 4.08318 2.2
      vertex 43.2168 9.91681 2.2
      vertex 43.7298 9.29173 2.2
    endloop
  endfacet
  facet normal 0 0 -1
    outer loop
      vertex 42.5917 3.57019 2.2
      vertex 43.2168 9.91681 2.2
      vertex 43.2168 4.08318 2.2
    endloop
  endfacet
  facet normal 0 0 -1
    outer loop
      vertex 42.5917 3.57019 2.2
      vertex 42.5917 10.4298 2.2
      vertex 43.2168 9.91681 2.2
    endloop
  endfacet
  facet normal 0 0 -1
    outer loop
      vertex 41.8786 3.189 2.2
      vertex 42.5917 10.4298 2.2
      vertex 42.5917 3.57019 2.2
    endloop
  endfacet
  facet normal 0 0 -1
    outer loop
      vertex 41.8786 3.189 2.2
      vertex 41.8786 10.811 2.2
      vertex 42.5917 10.4298 2.2
    endloop
  endfacet
  facet normal 0 0 -1
    outer loop
      vertex 41.1047 2.95426 2.2
      vertex 41.8786 10.811 2.2
      vertex 41.8786 3.189 2.2
    endloop
  endfacet
  facet normal 0 0 -1
    outer loop
      vertex 41.1047 2.95426 2.2
      vertex 41.1047 11.0457 2.2
      vertex 41.8786 10.811 2.2
    endloop
  endfacet
  facet normal 0 0 -1
    outer loop
      vertex 40.3 2.875 2.2
      vertex 41.1047 11.0457 2.2
      vertex 41.1047 2.95426 2.2
    endloop
  endfacet
  facet normal 0 0 -1
    outer loop
      vertex 40.3 2.875 2.2
      vertex 40.3 11.125 2.2
      vertex 41.1047 11.0457 2.2
    endloop
  endfacet
  facet normal 0 0 -1
    outer loop
      vertex 39.4953 2.95426 2.2
      vertex 40.3 11.125 2.2
      vertex 40.3 2.875 2.2
    endloop
  endfacet
  facet normal 0 0 -1
    outer loop
      vertex 39.4953 2.95426 2.2
      vertex 39.4953 11.0457 2.2
      vertex 40.3 11.125 2.2
    endloop
  endfacet
  facet normal 0 0 -1
    outer loop
      vertex 38.7214 3.189 2.2
      vertex 39.4953 11.0457 2.2
      vertex 39.4953 2.95426 2.2
    endloop
  endfacet
  facet normal 0 0 -1
    outer loop
      vertex 38.7214 3.189 2.2
      vertex 38.7214 10.811 2.2
      vertex 39.4953 11.0457 2.2
    endloop
  endfacet
  facet normal 0 0 -1
    outer loop
      vertex 38.0083 3.57019 2.2
      vertex 38.7214 10.811 2.2
      vertex 38.7214 3.189 2.2
    endloop
  endfacet
  facet normal 0 0 -1
    outer loop
      vertex 38.0083 3.57019 2.2
      vertex 38.0083 10.4298 2.2
      vertex 38.7214 10.811 2.2
    endloop
  endfacet
  facet normal 0 0 -1
    outer loop
      vertex 37.3832 4.08318 2.2
      vertex 38.0083 10.4298 2.2
      vertex 38.0083 3.57019 2.2
    endloop
  endfacet
  facet normal 0 0 -1
    outer loop
      vertex 37.3832 4.08318 2.2
      vertex 37.3832 9.91681 2.2
      vertex 38.0083 10.4298 2.2
    endloop
  endfacet
  facet normal 0 0 -1
    outer loop
      vertex 36.8702 4.70827 2.2
      vertex 37.3832 9.91681 2.2
      vertex 37.3832 4.08318 2.2
    endloop
  endfacet
  facet normal 0 0 -1
    outer loop
      vertex 36.8702 4.70827 2.2
      vertex 36.8702 9.29173 2.2
      vertex 37.3832 9.91681 2.2
    endloop
  endfacet
  facet normal 0 0 -1
    outer loop
      vertex 36.489 5.42143 2.2
      vertex 36.8702 9.29173 2.2
      vertex 36.8702 4.70827 2.2
    endloop
  endfacet
  facet normal 0 0 -1
    outer loop
      vertex 36.489 5.42143 2.2
      vertex 36.489 8.57857 2.2
      vertex 36.8702 9.29173 2.2
    endloop
  endfacet
  facet normal 0 0 -1
    outer loop
      vertex 36.2543 6.19525 2.2
      vertex 36.489 8.57857 2.2
      vertex 36.489 5.42143 2.2
    endloop
  endfacet
  facet normal 0 0 -1
    outer loop
      vertex 36.2543 6.19525 2.2
      vertex 36.2543 7.80475 2.2
      vertex 36.489 8.57857 2.2
    endloop
  endfacet
  facet normal 0 -0 -1
    outer loop
      vertex 36.2543 7.80475 2.2
      vertex 36.2543 6.19525 2.2
      vertex 36.175 7 2.2
    endloop
  endfacet
  facet normal -0.098071 -0.995179 0
    outer loop
      vertex 40.3 11.125 0
      vertex 41.1047 11.0457 2.2
      vertex 40.3 11.125 2.2
    endloop
  endfacet
  facet normal -0.098071 -0.995179 -0
    outer loop
      vertex 41.1047 11.0457 2.2
      vertex 40.3 11.125 0
      vertex 41.1047 11.0457 0
    endloop
  endfacet
  facet normal 0.881917 -0.471404 0
    outer loop
      vertex 36.489 8.57857 2.2
      vertex 36.8702 9.29173 0
      vertex 36.8702 9.29173 2.2
    endloop
  endfacet
  facet normal 0.881917 -0.471404 0
    outer loop
      vertex 36.8702 9.29173 0
      vertex 36.489 8.57857 2.2
      vertex 36.489 8.57857 0
    endloop
  endfacet
  facet normal 0.99518 0.098065 0
    outer loop
      vertex 36.2543 6.19525 2.2
      vertex 36.175 7 0
      vertex 36.175 7 2.2
    endloop
  endfacet
  facet normal 0.99518 0.098065 0
    outer loop
      vertex 36.175 7 0
      vertex 36.2543 6.19525 2.2
      vertex 36.2543 6.19525 0
    endloop
  endfacet
  facet normal -0.0977035 -0.995216 0
    outer loop
      vertex 40.3 141.425 0
      vertex 41.1047 141.346 2.2
      vertex 40.3 141.425 2.2
    endloop
  endfacet
  facet normal -0.0977035 -0.995216 -0
    outer loop
      vertex 41.1047 141.346 2.2
      vertex 40.3 141.425 0
      vertex 41.1047 141.346 0
    endloop
  endfacet
  facet normal 0.471243 0.882003 -0
    outer loop
      vertex 38.7214 133.489 0
      vertex 38.0083 133.87 2.2
      vertex 38.7214 133.489 2.2
    endloop
  endfacet
  facet normal 0.471243 0.882003 0
    outer loop
      vertex 38.0083 133.87 2.2
      vertex 38.7214 133.489 0
      vertex 38.0083 133.87 0
    endloop
  endfacet
  facet normal -0.956971 -0.290182 0
    outer loop
      vertex 44.3457 138.105 0
      vertex 44.111 138.879 2.2
      vertex 44.111 138.879 0
    endloop
  endfacet
  facet normal -0.956971 -0.290182 0
    outer loop
      vertex 44.111 138.879 2.2
      vertex 44.3457 138.105 0
      vertex 44.3457 138.105 2.2
    endloop
  endfacet
  facet normal -0.995183 -0.0980348 0
    outer loop
      vertex 44.425 137.3 0
      vertex 44.3457 138.105 2.2
      vertex 44.3457 138.105 0
    endloop
  endfacet
  facet normal -0.995183 -0.0980348 0
    outer loop
      vertex 44.3457 138.105 2.2
      vertex 44.425 137.3 0
      vertex 44.425 137.3 2.2
    endloop
  endfacet
  facet normal -0.772965 0.634449 0
    outer loop
      vertex 43.2168 134.383 0
      vertex 43.7298 135.008 2.2
      vertex 43.7298 135.008 0
    endloop
  endfacet
  facet normal -0.772965 0.634449 0
    outer loop
      vertex 43.7298 135.008 2.2
      vertex 43.2168 134.383 0
      vertex 43.2168 134.383 2.2
    endloop
  endfacet
  facet normal -0.290556 0.956858 0
    outer loop
      vertex 41.8786 133.489 0
      vertex 41.1047 133.254 2.2
      vertex 41.8786 133.489 2.2
    endloop
  endfacet
  facet normal -0.290556 0.956858 0
    outer loop
      vertex 41.1047 133.254 2.2
      vertex 41.8786 133.489 0
      vertex 41.1047 133.254 0
    endloop
  endfacet
  facet normal 0.0977035 -0.995216 0
    outer loop
      vertex 39.4953 141.346 0
      vertex 40.3 141.425 2.2
      vertex 39.4953 141.346 2.2
    endloop
  endfacet
  facet normal 0.0977035 -0.995216 0
    outer loop
      vertex 40.3 141.425 2.2
      vertex 39.4953 141.346 0
      vertex 40.3 141.425 0
    endloop
  endfacet
  facet normal -0.0977035 0.995216 0
    outer loop
      vertex 41.1047 133.254 0
      vertex 40.3 133.175 2.2
      vertex 41.1047 133.254 2.2
    endloop
  endfacet
  facet normal -0.0977035 0.995216 0
    outer loop
      vertex 40.3 133.175 2.2
      vertex 41.1047 133.254 0
      vertex 40.3 133.175 0
    endloop
  endfacet
  facet normal -0.881873 0.471487 0
    outer loop
      vertex 43.7298 135.008 0
      vertex 44.111 135.721 2.2
      vertex 44.111 135.721 0
    endloop
  endfacet
  facet normal -0.881873 0.471487 0
    outer loop
      vertex 44.111 135.721 2.2
      vertex 43.7298 135.008 0
      vertex 43.7298 135.008 2.2
    endloop
  endfacet
  facet normal 0.634389 -0.773014 0
    outer loop
      vertex 37.3832 140.217 0
      vertex 38.0083 140.73 2.2
      vertex 37.3832 140.217 2.2
    endloop
  endfacet
  facet normal 0.634389 -0.773014 0
    outer loop
      vertex 38.0083 140.73 2.2
      vertex 37.3832 140.217 0
      vertex 38.0083 140.73 0
    endloop
  endfacet
  facet normal -0.634389 0.773014 0
    outer loop
      vertex 43.2168 134.383 0
      vertex 42.5917 133.87 2.2
      vertex 43.2168 134.383 2.2
    endloop
  endfacet
  facet normal -0.634389 0.773014 0
    outer loop
      vertex 42.5917 133.87 2.2
      vertex 43.2168 134.383 0
      vertex 42.5917 133.87 0
    endloop
  endfacet
  facet normal 0.995183 -0.0980348 0
    outer loop
      vertex 36.175 137.3 2.2
      vertex 36.2543 138.105 0
      vertex 36.2543 138.105 2.2
    endloop
  endfacet
  facet normal 0.995183 -0.0980348 0
    outer loop
      vertex 36.2543 138.105 0
      vertex 36.175 137.3 2.2
      vertex 36.175 137.3 0
    endloop
  endfacet
  facet normal 0.881873 0.471487 0
    outer loop
      vertex 36.8702 135.008 2.2
      vertex 36.489 135.721 0
      vertex 36.489 135.721 2.2
    endloop
  endfacet
  facet normal 0.881873 0.471487 0
    outer loop
      vertex 36.489 135.721 0
      vertex 36.8702 135.008 2.2
      vertex 36.8702 135.008 0
    endloop
  endfacet
  facet normal -0.881873 -0.471487 0
    outer loop
      vertex 44.111 138.879 0
      vertex 43.7298 139.592 2.2
      vertex 43.7298 139.592 0
    endloop
  endfacet
  facet normal -0.881873 -0.471487 0
    outer loop
      vertex 43.7298 139.592 2.2
      vertex 44.111 138.879 0
      vertex 44.111 138.879 2.2
    endloop
  endfacet
  facet normal 0.471243 -0.882003 0
    outer loop
      vertex 38.0083 140.73 0
      vertex 38.7214 141.111 2.2
      vertex 38.0083 140.73 2.2
    endloop
  endfacet
  facet normal 0.471243 -0.882003 0
    outer loop
      vertex 38.7214 141.111 2.2
      vertex 38.0083 140.73 0
      vertex 38.7214 141.111 0
    endloop
  endfacet
  facet normal -0.634389 -0.773014 0
    outer loop
      vertex 42.5917 140.73 0
      vertex 43.2168 140.217 2.2
      vertex 42.5917 140.73 2.2
    endloop
  endfacet
  facet normal -0.634389 -0.773014 -0
    outer loop
      vertex 43.2168 140.217 2.2
      vertex 42.5917 140.73 0
      vertex 43.2168 140.217 0
    endloop
  endfacet
  facet normal -0.471243 -0.882003 0
    outer loop
      vertex 41.8786 141.111 0
      vertex 42.5917 140.73 2.2
      vertex 41.8786 141.111 2.2
    endloop
  endfacet
  facet normal -0.471243 -0.882003 -0
    outer loop
      vertex 42.5917 140.73 2.2
      vertex 41.8786 141.111 0
      vertex 42.5917 140.73 0
    endloop
  endfacet
  facet normal 0.634389 0.773014 -0
    outer loop
      vertex 38.0083 133.87 0
      vertex 37.3832 134.383 2.2
      vertex 38.0083 133.87 2.2
    endloop
  endfacet
  facet normal 0.634389 0.773014 0
    outer loop
      vertex 37.3832 134.383 2.2
      vertex 38.0083 133.87 0
      vertex 37.3832 134.383 0
    endloop
  endfacet
  facet normal 0.772965 -0.634449 0
    outer loop
      vertex 36.8702 139.592 2.2
      vertex 37.3832 140.217 0
      vertex 37.3832 140.217 2.2
    endloop
  endfacet
  facet normal 0.772965 -0.634449 0
    outer loop
      vertex 37.3832 140.217 0
      vertex 36.8702 139.592 2.2
      vertex 36.8702 139.592 0
    endloop
  endfacet
  facet normal -0.772965 -0.634449 0
    outer loop
      vertex 43.7298 139.592 0
      vertex 43.2168 140.217 2.2
      vertex 43.2168 140.217 0
    endloop
  endfacet
  facet normal -0.772965 -0.634449 0
    outer loop
      vertex 43.2168 140.217 2.2
      vertex 43.7298 139.592 0
      vertex 43.7298 139.592 2.2
    endloop
  endfacet
  facet normal -0.995183 0.0980348 0
    outer loop
      vertex 44.3457 136.495 0
      vertex 44.425 137.3 2.2
      vertex 44.425 137.3 0
    endloop
  endfacet
  facet normal -0.995183 0.0980348 0
    outer loop
      vertex 44.425 137.3 2.2
      vertex 44.3457 136.495 0
      vertex 44.3457 136.495 2.2
    endloop
  endfacet
  facet normal 0.956971 -0.290182 0
    outer loop
      vertex 36.2543 138.105 2.2
      vertex 36.489 138.879 0
      vertex 36.489 138.879 2.2
    endloop
  endfacet
  facet normal 0.956971 -0.290182 0
    outer loop
      vertex 36.489 138.879 0
      vertex 36.2543 138.105 2.2
      vertex 36.2543 138.105 0
    endloop
  endfacet
  facet normal -0.956971 0.290182 0
    outer loop
      vertex 44.111 135.721 0
      vertex 44.3457 136.495 2.2
      vertex 44.3457 136.495 0
    endloop
  endfacet
  facet normal -0.956971 0.290182 0
    outer loop
      vertex 44.3457 136.495 2.2
      vertex 44.111 135.721 0
      vertex 44.111 135.721 2.2
    endloop
  endfacet
  facet normal 0.290556 -0.956858 0
    outer loop
      vertex 38.7214 141.111 0
      vertex 39.4953 141.346 2.2
      vertex 38.7214 141.111 2.2
    endloop
  endfacet
  facet normal 0.290556 -0.956858 0
    outer loop
      vertex 39.4953 141.346 2.2
      vertex 38.7214 141.111 0
      vertex 39.4953 141.346 0
    endloop
  endfacet
  facet normal 0 0 -1
    outer loop
      vertex 44.3457 136.495 2.2
      vertex 44.3457 138.105 2.2
      vertex 44.425 137.3 2.2
    endloop
  endfacet
  facet normal 0 0 -1
    outer loop
      vertex 44.111 135.721 2.2
      vertex 44.3457 138.105 2.2
      vertex 44.3457 136.495 2.2
    endloop
  endfacet
  facet normal 0 0 -1
    outer loop
      vertex 44.111 135.721 2.2
      vertex 44.111 138.879 2.2
      vertex 44.3457 138.105 2.2
    endloop
  endfacet
  facet normal 0 0 -1
    outer loop
      vertex 43.7298 135.008 2.2
      vertex 44.111 138.879 2.2
      vertex 44.111 135.721 2.2
    endloop
  endfacet
  facet normal 0 0 -1
    outer loop
      vertex 43.7298 135.008 2.2
      vertex 43.7298 139.592 2.2
      vertex 44.111 138.879 2.2
    endloop
  endfacet
  facet normal 0 0 -1
    outer loop
      vertex 43.2168 134.383 2.2
      vertex 43.7298 139.592 2.2
      vertex 43.7298 135.008 2.2
    endloop
  endfacet
  facet normal 0 0 -1
    outer loop
      vertex 43.2168 134.383 2.2
      vertex 43.2168 140.217 2.2
      vertex 43.7298 139.592 2.2
    endloop
  endfacet
  facet normal 0 0 -1
    outer loop
      vertex 42.5917 133.87 2.2
      vertex 43.2168 140.217 2.2
      vertex 43.2168 134.383 2.2
    endloop
  endfacet
  facet normal 0 0 -1
    outer loop
      vertex 42.5917 133.87 2.2
      vertex 42.5917 140.73 2.2
      vertex 43.2168 140.217 2.2
    endloop
  endfacet
  facet normal 0 0 -1
    outer loop
      vertex 41.8786 133.489 2.2
      vertex 42.5917 140.73 2.2
      vertex 42.5917 133.87 2.2
    endloop
  endfacet
  facet normal 0 0 -1
    outer loop
      vertex 41.8786 133.489 2.2
      vertex 41.8786 141.111 2.2
      vertex 42.5917 140.73 2.2
    endloop
  endfacet
  facet normal 0 0 -1
    outer loop
      vertex 41.1047 133.254 2.2
      vertex 41.8786 141.111 2.2
      vertex 41.8786 133.489 2.2
    endloop
  endfacet
  facet normal 0 0 -1
    outer loop
      vertex 41.1047 133.254 2.2
      vertex 41.1047 141.346 2.2
      vertex 41.8786 141.111 2.2
    endloop
  endfacet
  facet normal 0 0 -1
    outer loop
      vertex 40.3 133.175 2.2
      vertex 41.1047 141.346 2.2
      vertex 41.1047 133.254 2.2
    endloop
  endfacet
  facet normal 0 0 -1
    outer loop
      vertex 40.3 133.175 2.2
      vertex 40.3 141.425 2.2
      vertex 41.1047 141.346 2.2
    endloop
  endfacet
  facet normal 0 0 -1
    outer loop
      vertex 39.4953 133.254 2.2
      vertex 40.3 141.425 2.2
      vertex 40.3 133.175 2.2
    endloop
  endfacet
  facet normal 0 0 -1
    outer loop
      vertex 39.4953 133.254 2.2
      vertex 39.4953 141.346 2.2
      vertex 40.3 141.425 2.2
    endloop
  endfacet
  facet normal 0 0 -1
    outer loop
      vertex 38.7214 133.489 2.2
      vertex 39.4953 141.346 2.2
      vertex 39.4953 133.254 2.2
    endloop
  endfacet
  facet normal 0 0 -1
    outer loop
      vertex 38.7214 133.489 2.2
      vertex 38.7214 141.111 2.2
      vertex 39.4953 141.346 2.2
    endloop
  endfacet
  facet normal 0 0 -1
    outer loop
      vertex 38.0083 133.87 2.2
      vertex 38.7214 141.111 2.2
      vertex 38.7214 133.489 2.2
    endloop
  endfacet
  facet normal 0 0 -1
    outer loop
      vertex 38.0083 133.87 2.2
      vertex 38.0083 140.73 2.2
      vertex 38.7214 141.111 2.2
    endloop
  endfacet
  facet normal 0 0 -1
    outer loop
      vertex 37.3832 134.383 2.2
      vertex 38.0083 140.73 2.2
      vertex 38.0083 133.87 2.2
    endloop
  endfacet
  facet normal 0 0 -1
    outer loop
      vertex 37.3832 134.383 2.2
      vertex 37.3832 140.217 2.2
      vertex 38.0083 140.73 2.2
    endloop
  endfacet
  facet normal 0 0 -1
    outer loop
      vertex 36.8702 135.008 2.2
      vertex 37.3832 140.217 2.2
      vertex 37.3832 134.383 2.2
    endloop
  endfacet
  facet normal 0 0 -1
    outer loop
      vertex 36.8702 135.008 2.2
      vertex 36.8702 139.592 2.2
      vertex 37.3832 140.217 2.2
    endloop
  endfacet
  facet normal 0 0 -1
    outer loop
      vertex 36.489 135.721 2.2
      vertex 36.8702 139.592 2.2
      vertex 36.8702 135.008 2.2
    endloop
  endfacet
  facet normal 0 0 -1
    outer loop
      vertex 36.489 135.721 2.2
      vertex 36.489 138.879 2.2
      vertex 36.8702 139.592 2.2
    endloop
  endfacet
  facet normal 0 0 -1
    outer loop
      vertex 36.2543 136.495 2.2
      vertex 36.489 138.879 2.2
      vertex 36.489 135.721 2.2
    endloop
  endfacet
  facet normal 0 0 -1
    outer loop
      vertex 36.2543 136.495 2.2
      vertex 36.2543 138.105 2.2
      vertex 36.489 138.879 2.2
    endloop
  endfacet
  facet normal 0 -0 -1
    outer loop
      vertex 36.2543 138.105 2.2
      vertex 36.2543 136.495 2.2
      vertex 36.175 137.3 2.2
    endloop
  endfacet
  facet normal 0.881873 -0.471487 0
    outer loop
      vertex 36.489 138.879 2.2
      vertex 36.8702 139.592 0
      vertex 36.8702 139.592 2.2
    endloop
  endfacet
  facet normal 0.881873 -0.471487 0
    outer loop
      vertex 36.8702 139.592 0
      vertex 36.489 138.879 2.2
      vertex 36.489 138.879 0
    endloop
  endfacet
  facet normal -0.290556 -0.956858 0
    outer loop
      vertex 41.1047 141.346 0
      vertex 41.8786 141.111 2.2
      vertex 41.1047 141.346 2.2
    endloop
  endfacet
  facet normal -0.290556 -0.956858 -0
    outer loop
      vertex 41.8786 141.111 2.2
      vertex 41.1047 141.346 0
      vertex 41.8786 141.111 0
    endloop
  endfacet
  facet normal 0.956971 0.290182 0
    outer loop
      vertex 36.489 135.721 2.2
      vertex 36.2543 136.495 0
      vertex 36.2543 136.495 2.2
    endloop
  endfacet
  facet normal 0.956971 0.290182 0
    outer loop
      vertex 36.2543 136.495 0
      vertex 36.489 135.721 2.2
      vertex 36.489 135.721 0
    endloop
  endfacet
  facet normal 0.995183 0.0980348 0
    outer loop
      vertex 36.2543 136.495 2.2
      vertex 36.175 137.3 0
      vertex 36.175 137.3 2.2
    endloop
  endfacet
  facet normal 0.995183 0.0980348 0
    outer loop
      vertex 36.175 137.3 0
      vertex 36.2543 136.495 2.2
      vertex 36.2543 136.495 0
    endloop
  endfacet
  facet normal 0.772965 0.634449 0
    outer loop
      vertex 37.3832 134.383 2.2
      vertex 36.8702 135.008 0
      vertex 36.8702 135.008 2.2
    endloop
  endfacet
  facet normal 0.772965 0.634449 0
    outer loop
      vertex 36.8702 135.008 0
      vertex 37.3832 134.383 2.2
      vertex 37.3832 134.383 0
    endloop
  endfacet
  facet normal -0.471243 0.882003 0
    outer loop
      vertex 42.5917 133.87 0
      vertex 41.8786 133.489 2.2
      vertex 42.5917 133.87 2.2
    endloop
  endfacet
  facet normal -0.471243 0.882003 0
    outer loop
      vertex 41.8786 133.489 2.2
      vertex 42.5917 133.87 0
      vertex 41.8786 133.489 0
    endloop
  endfacet
  facet normal 0.0977035 0.995216 -0
    outer loop
      vertex 40.3 133.175 0
      vertex 39.4953 133.254 2.2
      vertex 40.3 133.175 2.2
    endloop
  endfacet
  facet normal 0.0977035 0.995216 0
    outer loop
      vertex 39.4953 133.254 2.2
      vertex 40.3 133.175 0
      vertex 39.4953 133.254 0
    endloop
  endfacet
  facet normal 0.290556 0.956858 -0
    outer loop
      vertex 39.4953 133.254 0
      vertex 38.7214 133.489 2.2
      vertex 39.4953 133.254 2.2
    endloop
  endfacet
  facet normal 0.290556 0.956858 0
    outer loop
      vertex 38.7214 133.489 2.2
      vertex 39.4953 133.254 0
      vertex 38.7214 133.489 0
    endloop
  endfacet
  facet normal -0.881916 -0.471407 0
    outer loop
      vertex 0.505585 1.33328 0
      vertex 0.228348 1.85194 3
      vertex 0.228348 1.85194 0
    endloop
  endfacet
  facet normal -0.881916 -0.471407 0
    outer loop
      vertex 0.228348 1.85194 3
      vertex 0.505585 1.33328 0
      vertex 0.505585 1.33328 3
    endloop
  endfacet
  facet normal -0.956941 -0.290282 0
    outer loop
      vertex 0.228348 1.85194 0
      vertex 0.0576324 2.41472 3
      vertex 0.0576324 2.41472 0
    endloop
  endfacet
  facet normal -0.956941 -0.290282 0
    outer loop
      vertex 0.0576324 2.41472 3
      vertex 0.228348 1.85194 0
      vertex 0.228348 1.85194 3
    endloop
  endfacet
  facet normal -0.995187 -0.0979958 0
    outer loop
      vertex 0.0576324 2.41472 0
      vertex 0 3 3
      vertex 0 3 0
    endloop
  endfacet
  facet normal -0.995187 -0.0979958 0
    outer loop
      vertex 0 3 3
      vertex 0.0576324 2.41472 0
      vertex 0.0576324 2.41472 3
    endloop
  endfacet
  facet normal -0.956973 0.290178 0
    outer loop
      vertex 0.0576324 141.885 0
      vertex 0.228348 142.448 3
      vertex 0.228348 142.448 0
    endloop
  endfacet
  facet normal -0.956973 0.290178 0
    outer loop
      vertex 0.228348 142.448 3
      vertex 0.0576324 141.885 0
      vertex 0.0576324 141.885 3
    endloop
  endfacet
  facet normal 0.0979925 -0.995187 0
    outer loop
      vertex 44.3 0 0
      vertex 44.8853 0.0576324 3
      vertex 44.3 0 3
    endloop
  endfacet
  facet normal 0.0979925 -0.995187 0
    outer loop
      vertex 44.8853 0.0576324 3
      vertex 44.3 0 0
      vertex 44.8853 0.0576324 0
    endloop
  endfacet
  facet normal -0.634402 -0.773003 0
    outer loop
      vertex 0.878677 0.878677 0
      vertex 1.33328 0.505585 3
      vertex 0.878677 0.878677 3
    endloop
  endfacet
  facet normal -0.634402 -0.773003 -0
    outer loop
      vertex 1.33328 0.505585 3
      vertex 0.878677 0.878677 0
      vertex 1.33328 0.505585 0
    endloop
  endfacet
  facet normal 0.634405 -0.773001 0
    outer loop
      vertex 45.9667 0.505585 0
      vertex 46.4213 0.878677 3
      vertex 45.9667 0.505585 3
    endloop
  endfacet
  facet normal 0.634405 -0.773001 0
    outer loop
      vertex 46.4213 0.878677 3
      vertex 45.9667 0.505585 0
      vertex 46.4213 0.878677 0
    endloop
  endfacet
  facet normal 0.634311 0.773078 -0
    outer loop
      vertex 46.4213 143.421 0
      vertex 45.9667 143.794 3
      vertex 46.4213 143.421 3
    endloop
  endfacet
  facet normal 0.634311 0.773078 0
    outer loop
      vertex 45.9667 143.794 3
      vertex 46.4213 143.421 0
      vertex 45.9667 143.794 0
    endloop
  endfacet
  facet normal -0.995182 0.0980423 0
    outer loop
      vertex 0 141.3 0
      vertex 0.0576324 141.885 3
      vertex 0.0576324 141.885 0
    endloop
  endfacet
  facet normal -0.995182 0.0980423 0
    outer loop
      vertex 0.0576324 141.885 3
      vertex 0 141.3 0
      vertex 0 141.3 3
    endloop
  endfacet
  facet normal -0.773003 -0.634402 0
    outer loop
      vertex 0.878677 0.878677 0
      vertex 0.505585 1.33328 3
      vertex 0.505585 1.33328 0
    endloop
  endfacet
  facet normal -0.773003 -0.634402 0
    outer loop
      vertex 0.505585 1.33328 3
      vertex 0.878677 0.878677 0
      vertex 0.878677 0.878677 3
    endloop
  endfacet
  facet normal 1 -0 0
    outer loop
      vertex 47.3 3 3
      vertex 47.3 141.3 0
      vertex 47.3 141.3 3
    endloop
  endfacet
  facet normal 1 0 0
    outer loop
      vertex 47.3 141.3 0
      vertex 47.3 3 3
      vertex 47.3 3 0
    endloop
  endfacet
  facet normal 0.471378 -0.881931 0
    outer loop
      vertex 45.448 0.228348 0
      vertex 45.9667 0.505585 3
      vertex 45.448 0.228348 3
    endloop
  endfacet
  facet normal 0.471378 -0.881931 0
    outer loop
      vertex 45.9667 0.505585 3
      vertex 45.448 0.228348 0
      vertex 45.9667 0.505585 0
    endloop
  endfacet
  facet normal 0.956933 0.290309 0
    outer loop
      vertex 47.2424 141.885 3
      vertex 47.0716 142.448 0
      vertex 47.0716 142.448 3
    endloop
  endfacet
  facet normal 0.956933 0.290309 0
    outer loop
      vertex 47.0716 142.448 0
      vertex 47.2424 141.885 3
      vertex 47.2424 141.885 0
    endloop
  endfacet
  facet normal -1 0 0
    outer loop
      vertex 0 3 0
      vertex 0 141.3 3
      vertex 0 141.3 0
    endloop
  endfacet
  facet normal -1 -0 0
    outer loop
      vertex 0 141.3 3
      vertex 0 3 0
      vertex 0 3 3
    endloop
  endfacet
  facet normal 0.0986115 0.995126 -0
    outer loop
      vertex 44.8853 144.242 0
      vertex 44.3 144.3 3
      vertex 44.8853 144.242 3
    endloop
  endfacet
  facet normal 0.0986115 0.995126 0
    outer loop
      vertex 44.3 144.3 3
      vertex 44.8853 144.242 0
      vertex 44.3 144.3 0
    endloop
  endfacet
  facet normal 0 1 -0
    outer loop
      vertex 44.3 144.3 0
      vertex 3 144.3 3
      vertex 44.3 144.3 3
    endloop
  endfacet
  facet normal 0 1 0
    outer loop
      vertex 3 144.3 3
      vertex 44.3 144.3 0
      vertex 3 144.3 0
    endloop
  endfacet
  facet normal 0.289205 0.957267 -0
    outer loop
      vertex 45.448 144.072 0
      vertex 44.8853 144.242 3
      vertex 45.448 144.072 3
    endloop
  endfacet
  facet normal 0.289205 0.957267 0
    outer loop
      vertex 44.8853 144.242 3
      vertex 45.448 144.072 0
      vertex 44.8853 144.242 0
    endloop
  endfacet
  facet normal -0.0979958 -0.995187 0
    outer loop
      vertex 2.41472 0.0576324 0
      vertex 3 0 3
      vertex 2.41472 0.0576324 3
    endloop
  endfacet
  facet normal -0.0979958 -0.995187 -0
    outer loop
      vertex 3 0 3
      vertex 2.41472 0.0576324 0
      vertex 3 0 0
    endloop
  endfacet
  facet normal 0 -1 0
    outer loop
      vertex 3 0 0
      vertex 44.3 0 3
      vertex 3 0 3
    endloop
  endfacet
  facet normal 0 -1 -0
    outer loop
      vertex 44.3 0 3
      vertex 3 0 0
      vertex 44.3 0 0
    endloop
  endfacet
  facet normal 0.882071 0.471117 0
    outer loop
      vertex 47.0716 142.448 3
      vertex 46.7944 142.967 0
      vertex 46.7944 142.967 3
    endloop
  endfacet
  facet normal 0.882071 0.471117 0
    outer loop
      vertex 46.7944 142.967 0
      vertex 47.0716 142.448 3
      vertex 47.0716 142.448 0
    endloop
  endfacet
  facet normal 0.995188 0.0979877 0
    outer loop
      vertex 47.3 141.3 3
      vertex 47.2424 141.885 0
      vertex 47.2424 141.885 3
    endloop
  endfacet
  facet normal 0.995188 0.0979877 0
    outer loop
      vertex 47.2424 141.885 0
      vertex 47.3 141.3 3
      vertex 47.3 141.3 0
    endloop
  endfacet
  facet normal -0.471407 -0.881916 0
    outer loop
      vertex 1.33328 0.505585 0
      vertex 1.85194 0.228348 3
      vertex 1.33328 0.505585 3
    endloop
  endfacet
  facet normal -0.471407 -0.881916 -0
    outer loop
      vertex 1.85194 0.228348 3
      vertex 1.33328 0.505585 0
      vertex 1.85194 0.228348 0
    endloop
  endfacet
  facet normal -0.290282 -0.956941 0
    outer loop
      vertex 1.85194 0.228348 0
      vertex 2.41472 0.0576324 3
      vertex 1.85194 0.228348 3
    endloop
  endfacet
  facet normal -0.290282 -0.956941 -0
    outer loop
      vertex 2.41472 0.0576324 3
      vertex 1.85194 0.228348 0
      vertex 2.41472 0.0576324 0
    endloop
  endfacet
  facet normal 0.29032 -0.95693 0
    outer loop
      vertex 44.8853 0.0576324 0
      vertex 45.448 0.228348 3
      vertex 44.8853 0.0576324 3
    endloop
  endfacet
  facet normal 0.29032 -0.95693 0
    outer loop
      vertex 45.448 0.228348 3
      vertex 44.8853 0.0576324 0
      vertex 45.448 0.228348 0
    endloop
  endfacet
  facet normal 0.472386 0.881392 -0
    outer loop
      vertex 45.9667 143.794 0
      vertex 45.448 144.072 3
      vertex 45.9667 143.794 3
    endloop
  endfacet
  facet normal 0.472386 0.881392 0
    outer loop
      vertex 45.448 144.072 3
      vertex 45.9667 143.794 0
      vertex 45.448 144.072 0
    endloop
  endfacet
  facet normal 0.881942 -0.471358 0
    outer loop
      vertex 46.7944 1.33328 3
      vertex 47.0716 1.85194 0
      vertex 47.0716 1.85194 3
    endloop
  endfacet
  facet normal 0.881942 -0.471358 0
    outer loop
      vertex 47.0716 1.85194 0
      vertex 46.7944 1.33328 3
      vertex 46.7944 1.33328 0
    endloop
  endfacet
  facet normal 0.995192 -0.0979413 0
    outer loop
      vertex 47.2424 2.41472 3
      vertex 47.3 3 0
      vertex 47.3 3 3
    endloop
  endfacet
  facet normal 0.995192 -0.0979413 0
    outer loop
      vertex 47.3 3 0
      vertex 47.2424 2.41472 3
      vertex 47.2424 2.41472 0
    endloop
  endfacet
  facet normal 0.956901 -0.290413 0
    outer loop
      vertex 47.0716 1.85194 3
      vertex 47.2424 2.41472 0
      vertex 47.2424 2.41472 3
    endloop
  endfacet
  facet normal 0.956901 -0.290413 0
    outer loop
      vertex 47.2424 2.41472 0
      vertex 47.0716 1.85194 3
      vertex 47.0716 1.85194 0
    endloop
  endfacet
  facet normal 0.772583 0.634914 0
    outer loop
      vertex 46.7944 142.967 3
      vertex 46.4213 143.421 0
      vertex 46.4213 143.421 3
    endloop
  endfacet
  facet normal 0.772583 0.634914 0
    outer loop
      vertex 46.4213 143.421 0
      vertex 46.7944 142.967 3
      vertex 46.7944 142.967 0
    endloop
  endfacet
  facet normal 0 0 -1
    outer loop
      vertex 37.3832 9.91681 0
      vertex 9.91681 9.91681 0
      vertex 38.0083 10.4298 0
    endloop
  endfacet
  facet normal 0 0 -1
    outer loop
      vertex 38.7214 133.489 0
      vertex 11.0457 136.495 0
      vertex 11.125 137.3 0
    endloop
  endfacet
  facet normal 0 0 -1
    outer loop
      vertex 9.29173 10.4298 0
      vertex 38.0083 10.4298 0
      vertex 9.91681 9.91681 0
    endloop
  endfacet
  facet normal 0 0 -1
    outer loop
      vertex 38.7214 133.489 0
      vertex 10.811 135.721 0
      vertex 11.0457 136.495 0
    endloop
  endfacet
  facet normal 0 0 -1
    outer loop
      vertex 38.0083 10.4298 0
      vertex 9.29173 10.4298 0
      vertex 38.7214 10.811 0
    endloop
  endfacet
  facet normal 0 0 -1
    outer loop
      vertex 38.7214 133.489 0
      vertex 10.4298 135.008 0
      vertex 10.811 135.721 0
    endloop
  endfacet
  facet normal 0 0 -1
    outer loop
      vertex 8.57857 10.811 0
      vertex 38.7214 10.811 0
      vertex 9.29173 10.4298 0
    endloop
  endfacet
  facet normal 0 0 -1
    outer loop
      vertex 38.7214 133.489 0
      vertex 9.91681 134.383 0
      vertex 10.4298 135.008 0
    endloop
  endfacet
  facet normal 0 0 -1
    outer loop
      vertex 7.80475 11.0457 0
      vertex 38.7214 10.811 0
      vertex 8.57857 10.811 0
    endloop
  endfacet
  facet normal 0 0 -1
    outer loop
      vertex 38.7214 133.489 0
      vertex 9.29173 133.87 0
      vertex 9.91681 134.383 0
    endloop
  endfacet
  facet normal 0 0 -1
    outer loop
      vertex 38.7214 10.811 0
      vertex 7.80475 11.0457 0
      vertex 38.7214 133.489 0
    endloop
  endfacet
  facet normal 0 0 -1
    outer loop
      vertex 38.7214 133.489 0
      vertex 8.57857 133.489 0
      vertex 9.29173 133.87 0
    endloop
  endfacet
  facet normal 0 0 -1
    outer loop
      vertex 7.80475 133.254 0
      vertex 38.7214 133.489 0
      vertex 7.80475 11.0457 0
    endloop
  endfacet
  facet normal -0 0 -1
    outer loop
      vertex 38.7214 133.489 0
      vertex 7.80475 133.254 0
      vertex 8.57857 133.489 0
    endloop
  endfacet
  facet normal 0 0 -1
    outer loop
      vertex 7 11.125 0
      vertex 7.80475 133.254 0
      vertex 7.80475 11.0457 0
    endloop
  endfacet
  facet normal 0 0 -1
    outer loop
      vertex 7 11.125 0
      vertex 7 133.175 0
      vertex 7.80475 133.254 0
    endloop
  endfacet
  facet normal 0 0 -1
    outer loop
      vertex 6.19525 11.0457 0
      vertex 7 133.175 0
      vertex 7 11.125 0
    endloop
  endfacet
  facet normal 0 0 -1
    outer loop
      vertex 6.19525 11.0457 0
      vertex 6.19525 133.254 0
      vertex 7 133.175 0
    endloop
  endfacet
  facet normal 0 0 -1
    outer loop
      vertex 5.42143 10.811 0
      vertex 6.19525 133.254 0
      vertex 6.19525 11.0457 0
    endloop
  endfacet
  facet normal 0 0 -1
    outer loop
      vertex 5.42143 10.811 0
      vertex 5.42143 133.489 0
      vertex 6.19525 133.254 0
    endloop
  endfacet
  facet normal 0 0 -1
    outer loop
      vertex 4.70827 10.4298 0
      vertex 5.42143 133.489 0
      vertex 5.42143 10.811 0
    endloop
  endfacet
  facet normal 0 0 -1
    outer loop
      vertex 4.70827 10.4298 0
      vertex 4.70827 133.87 0
      vertex 5.42143 133.489 0
    endloop
  endfacet
  facet normal 0 0 -1
    outer loop
      vertex 4.08318 9.91681 0
      vertex 4.70827 133.87 0
      vertex 4.70827 10.4298 0
    endloop
  endfacet
  facet normal 0 0 -1
    outer loop
      vertex 4.08318 9.91681 0
      vertex 4.08318 134.383 0
      vertex 4.70827 133.87 0
    endloop
  endfacet
  facet normal 0 0 -1
    outer loop
      vertex 3.57019 9.29173 0
      vertex 4.08318 134.383 0
      vertex 4.08318 9.91681 0
    endloop
  endfacet
  facet normal 0 0 -1
    outer loop
      vertex 3.57019 9.29173 0
      vertex 3.57019 135.008 0
      vertex 4.08318 134.383 0
    endloop
  endfacet
  facet normal 0 0 -1
    outer loop
      vertex 3.189 8.57857 0
      vertex 3.57019 135.008 0
      vertex 3.57019 9.29173 0
    endloop
  endfacet
  facet normal 0 0 -1
    outer loop
      vertex 3.189 8.57857 0
      vertex 3.189 135.721 0
      vertex 3.57019 135.008 0
    endloop
  endfacet
  facet normal 0 0 -1
    outer loop
      vertex 0 3 0
      vertex 3.189 8.57857 0
      vertex 2.95426 7.80475 0
    endloop
  endfacet
  facet normal -0 0 -1
    outer loop
      vertex 3.189 8.57857 0
      vertex 0 3 0
      vertex 3.189 135.721 0
    endloop
  endfacet
  facet normal 0 0 -1
    outer loop
      vertex 0 3 0
      vertex 2.95426 7.80475 0
      vertex 2.875 7 0
    endloop
  endfacet
  facet normal 0 0 -1
    outer loop
      vertex 0 141.3 0
      vertex 3.189 135.721 0
      vertex 0 3 0
    endloop
  endfacet
  facet normal 0 0 -1
    outer loop
      vertex 47.3 3 0
      vertex 44.111 8.57857 0
      vertex 47.3 141.3 0
    endloop
  endfacet
  facet normal 0 0 -1
    outer loop
      vertex 47.3 141.3 0
      vertex 44.3457 136.495 0
      vertex 44.425 137.3 0
    endloop
  endfacet
  facet normal 0 0 -1
    outer loop
      vertex 44.111 135.721 0
      vertex 47.3 141.3 0
      vertex 44.111 8.57857 0
    endloop
  endfacet
  facet normal 0 0 -1
    outer loop
      vertex 47.3 141.3 0
      vertex 44.111 135.721 0
      vertex 44.3457 136.495 0
    endloop
  endfacet
  facet normal 0 0 -1
    outer loop
      vertex 43.7298 9.29173 0
      vertex 44.111 135.721 0
      vertex 44.111 8.57857 0
    endloop
  endfacet
  facet normal 0 0 -1
    outer loop
      vertex 43.7298 9.29173 0
      vertex 43.7298 135.008 0
      vertex 44.111 135.721 0
    endloop
  endfacet
  facet normal 0 0 -1
    outer loop
      vertex 43.2168 9.91681 0
      vertex 43.7298 135.008 0
      vertex 43.7298 9.29173 0
    endloop
  endfacet
  facet normal 0 0 -1
    outer loop
      vertex 43.2168 9.91681 0
      vertex 43.2168 134.383 0
      vertex 43.7298 135.008 0
    endloop
  endfacet
  facet normal 0 0 -1
    outer loop
      vertex 42.5917 10.4298 0
      vertex 43.2168 134.383 0
      vertex 43.2168 9.91681 0
    endloop
  endfacet
  facet normal 0 0 -1
    outer loop
      vertex 42.5917 10.4298 0
      vertex 42.5917 133.87 0
      vertex 43.2168 134.383 0
    endloop
  endfacet
  facet normal 0 0 -1
    outer loop
      vertex 41.8786 10.811 0
      vertex 42.5917 133.87 0
      vertex 42.5917 10.4298 0
    endloop
  endfacet
  facet normal 0 0 -1
    outer loop
      vertex 41.8786 10.811 0
      vertex 41.8786 133.489 0
      vertex 42.5917 133.87 0
    endloop
  endfacet
  facet normal 0 0 -1
    outer loop
      vertex 41.1047 11.0457 0
      vertex 41.8786 133.489 0
      vertex 41.8786 10.811 0
    endloop
  endfacet
  facet normal 0 0 -1
    outer loop
      vertex 41.1047 11.0457 0
      vertex 41.1047 133.254 0
      vertex 41.8786 133.489 0
    endloop
  endfacet
  facet normal 0 0 -1
    outer loop
      vertex 40.3 11.125 0
      vertex 41.1047 133.254 0
      vertex 41.1047 11.0457 0
    endloop
  endfacet
  facet normal 0 0 -1
    outer loop
      vertex 40.3 11.125 0
      vertex 40.3 133.175 0
      vertex 41.1047 133.254 0
    endloop
  endfacet
  facet normal 0 0 -1
    outer loop
      vertex 39.4953 11.0457 0
      vertex 40.3 133.175 0
      vertex 40.3 11.125 0
    endloop
  endfacet
  facet normal 0 0 -1
    outer loop
      vertex 39.4953 11.0457 0
      vertex 39.4953 133.254 0
      vertex 40.3 133.175 0
    endloop
  endfacet
  facet normal 0 0 -1
    outer loop
      vertex 38.7214 10.811 0
      vertex 39.4953 133.254 0
      vertex 39.4953 11.0457 0
    endloop
  endfacet
  facet normal 0 0 -1
    outer loop
      vertex 38.7214 10.811 0
      vertex 38.7214 133.489 0
      vertex 39.4953 133.254 0
    endloop
  endfacet
  facet normal 0 0 -1
    outer loop
      vertex 10.4298 9.29173 0
      vertex 36.8702 9.29173 0
      vertex 10.811 8.57857 0
    endloop
  endfacet
  facet normal 0 0 -1
    outer loop
      vertex 36.8702 9.29173 0
      vertex 10.4298 9.29173 0
      vertex 37.3832 9.91681 0
    endloop
  endfacet
  facet normal 0 0 -1
    outer loop
      vertex 36.489 8.57857 0
      vertex 10.811 8.57857 0
      vertex 36.8702 9.29173 0
    endloop
  endfacet
  facet normal 0 0 -1
    outer loop
      vertex 9.91681 9.91681 0
      vertex 37.3832 9.91681 0
      vertex 10.4298 9.29173 0
    endloop
  endfacet
  facet normal 0 0 -1
    outer loop
      vertex 10.811 8.57857 0
      vertex 36.489 8.57857 0
      vertex 11.0457 7.80475 0
    endloop
  endfacet
  facet normal 0 0 -1
    outer loop
      vertex 38.7214 133.489 0
      vertex 11.125 137.3 0
      vertex 38.0083 133.87 0
    endloop
  endfacet
  facet normal 0 0 -1
    outer loop
      vertex 36.2543 7.80475 0
      vertex 11.0457 7.80475 0
      vertex 36.489 8.57857 0
    endloop
  endfacet
  facet normal 0 0 -1
    outer loop
      vertex 38.0083 133.87 0
      vertex 11.125 137.3 0
      vertex 37.3832 134.383 0
    endloop
  endfacet
  facet normal 0 0 -1
    outer loop
      vertex 11.0457 7.80475 0
      vertex 36.2543 7.80475 0
      vertex 11.125 7 0
    endloop
  endfacet
  facet normal 0 0 -1
    outer loop
      vertex 37.3832 134.383 0
      vertex 11.125 137.3 0
      vertex 36.8702 135.008 0
    endloop
  endfacet
  facet normal 0 0 -1
    outer loop
      vertex 11.125 7 0
      vertex 36.2543 7.80475 0
      vertex 36.175 7 0
    endloop
  endfacet
  facet normal 0 0 -1
    outer loop
      vertex 36.8702 135.008 0
      vertex 11.125 137.3 0
      vertex 36.489 135.721 0
    endloop
  endfacet
  facet normal 0 0 -1
    outer loop
      vertex 43.2168 4.08318 0
      vertex 47.3 3 0
      vertex 47.2424 2.41472 0
    endloop
  endfacet
  facet normal 0 0 -1
    outer loop
      vertex 44.3457 7.80475 0
      vertex 47.3 3 0
      vertex 44.425 7 0
    endloop
  endfacet
  facet normal 0 0 -1
    outer loop
      vertex 43.2168 4.08318 0
      vertex 47.2424 2.41472 0
      vertex 47.0716 1.85194 0
    endloop
  endfacet
  facet normal 0 0 -1
    outer loop
      vertex 44.111 8.57857 0
      vertex 47.3 3 0
      vertex 44.3457 7.80475 0
    endloop
  endfacet
  facet normal 0 0 -1
    outer loop
      vertex 43.2168 4.08318 0
      vertex 47.0716 1.85194 0
      vertex 46.7944 1.33328 0
    endloop
  endfacet
  facet normal 0 0 -1
    outer loop
      vertex 44.3457 138.105 0
      vertex 47.3 141.3 0
      vertex 44.425 137.3 0
    endloop
  endfacet
  facet normal 0 0 -1
    outer loop
      vertex 43.2168 4.08318 0
      vertex 46.7944 1.33328 0
      vertex 46.4213 0.878677 0
    endloop
  endfacet
  facet normal 0 0 -1
    outer loop
      vertex 44.111 138.879 0
      vertex 47.3 141.3 0
      vertex 44.3457 138.105 0
    endloop
  endfacet
  facet normal 0 0 -1
    outer loop
      vertex 43.2168 4.08318 0
      vertex 46.4213 0.878677 0
      vertex 45.9667 0.505585 0
    endloop
  endfacet
  facet normal 0 0 -1
    outer loop
      vertex 43.7298 139.592 0
      vertex 47.3 141.3 0
      vertex 44.111 138.879 0
    endloop
  endfacet
  facet normal 0 0 -1
    outer loop
      vertex 43.2168 4.08318 0
      vertex 45.9667 0.505585 0
      vertex 45.448 0.228348 0
    endloop
  endfacet
  facet normal 0 0 -1
    outer loop
      vertex 43.2168 140.217 0
      vertex 47.3 141.3 0
      vertex 43.7298 139.592 0
    endloop
  endfacet
  facet normal 0 0 -1
    outer loop
      vertex 43.2168 4.08318 0
      vertex 45.448 0.228348 0
      vertex 44.8853 0.0576324 0
    endloop
  endfacet
  facet normal -0 0 -1
    outer loop
      vertex 47.3 141.3 0
      vertex 43.2168 140.217 0
      vertex 47.2424 141.885 0
    endloop
  endfacet
  facet normal -0 0 -1
    outer loop
      vertex 47.2424 141.885 0
      vertex 43.2168 140.217 0
      vertex 47.0716 142.448 0
    endloop
  endfacet
  facet normal 0 0 -1
    outer loop
      vertex 47.3 3 0
      vertex 44.3457 6.19525 0
      vertex 44.425 7 0
    endloop
  endfacet
  facet normal 0 0 -1
    outer loop
      vertex 43.2168 4.08318 0
      vertex 44.8853 0.0576324 0
      vertex 44.3 0 0
    endloop
  endfacet
  facet normal 0 0 -1
    outer loop
      vertex 47.3 3 0
      vertex 44.111 5.42143 0
      vertex 44.3457 6.19525 0
    endloop
  endfacet
  facet normal 0 0 -1
    outer loop
      vertex 47.3 3 0
      vertex 43.7298 4.70827 0
      vertex 44.111 5.42143 0
    endloop
  endfacet
  facet normal 0 0 -1
    outer loop
      vertex 47.3 3 0
      vertex 43.2168 4.08318 0
      vertex 43.7298 4.70827 0
    endloop
  endfacet
  facet normal 0 0 -1
    outer loop
      vertex 44.3 0 0
      vertex 42.5917 3.57019 0
      vertex 43.2168 4.08318 0
    endloop
  endfacet
  facet normal 0 0 -1
    outer loop
      vertex 44.3 0 0
      vertex 41.8786 3.189 0
      vertex 42.5917 3.57019 0
    endloop
  endfacet
  facet normal 0 0 -1
    outer loop
      vertex 44.3 0 0
      vertex 41.1047 2.95426 0
      vertex 41.8786 3.189 0
    endloop
  endfacet
  facet normal 0 0 -1
    outer loop
      vertex 44.3 0 0
      vertex 40.3 2.875 0
      vertex 41.1047 2.95426 0
    endloop
  endfacet
  facet normal 0 0 -1
    outer loop
      vertex 44.3 0 0
      vertex 39.4953 2.95426 0
      vertex 40.3 2.875 0
    endloop
  endfacet
  facet normal 0 0 -1
    outer loop
      vertex 44.3 0 0
      vertex 38.7214 3.189 0
      vertex 39.4953 2.95426 0
    endloop
  endfacet
  facet normal 0 0 -1
    outer loop
      vertex 8.57857 3.189 0
      vertex 38.7214 3.189 0
      vertex 44.3 0 0
    endloop
  endfacet
  facet normal 0 0 -1
    outer loop
      vertex 36.489 135.721 0
      vertex 11.125 137.3 0
      vertex 36.2543 136.495 0
    endloop
  endfacet
  facet normal 0 0 -1
    outer loop
      vertex 36.2543 6.19525 0
      vertex 11.125 7 0
      vertex 36.175 7 0
    endloop
  endfacet
  facet normal 0 0 -1
    outer loop
      vertex 11.0457 6.19525 0
      vertex 36.2543 6.19525 0
      vertex 36.489 5.42143 0
    endloop
  endfacet
  facet normal 0 0 -1
    outer loop
      vertex 10.811 5.42143 0
      vertex 36.489 5.42143 0
      vertex 36.8702 4.70827 0
    endloop
  endfacet
  facet normal 0 0 -1
    outer loop
      vertex 10.4298 4.70827 0
      vertex 36.8702 4.70827 0
      vertex 37.3832 4.08318 0
    endloop
  endfacet
  facet normal 0 0 -1
    outer loop
      vertex 9.91681 4.08318 0
      vertex 37.3832 4.08318 0
      vertex 38.0083 3.57019 0
    endloop
  endfacet
  facet normal 0 0 -1
    outer loop
      vertex 38.7214 3.189 0
      vertex 8.57857 3.189 0
      vertex 38.0083 3.57019 0
    endloop
  endfacet
  facet normal 0 0 -1
    outer loop
      vertex 36.2543 6.19525 0
      vertex 11.0457 6.19525 0
      vertex 11.125 7 0
    endloop
  endfacet
  facet normal 0 0 -1
    outer loop
      vertex 36.489 5.42143 0
      vertex 10.811 5.42143 0
      vertex 11.0457 6.19525 0
    endloop
  endfacet
  facet normal 0 0 -1
    outer loop
      vertex 36.8702 4.70827 0
      vertex 10.4298 4.70827 0
      vertex 10.811 5.42143 0
    endloop
  endfacet
  facet normal 0 0 -1
    outer loop
      vertex 37.3832 4.08318 0
      vertex 9.91681 4.08318 0
      vertex 10.4298 4.70827 0
    endloop
  endfacet
  facet normal 0 0 -1
    outer loop
      vertex 38.0083 3.57019 0
      vertex 9.29173 3.57019 0
      vertex 9.91681 4.08318 0
    endloop
  endfacet
  facet normal -0 0 -1
    outer loop
      vertex 38.0083 3.57019 0
      vertex 8.57857 3.189 0
      vertex 9.29173 3.57019 0
    endloop
  endfacet
  facet normal 0 0 -1
    outer loop
      vertex 3 0 0
      vertex 8.57857 3.189 0
      vertex 44.3 0 0
    endloop
  endfacet
  facet normal 0 0 -1
    outer loop
      vertex 8.57857 3.189 0
      vertex 3 0 0
      vertex 7.80475 2.95426 0
    endloop
  endfacet
  facet normal 0 0 -1
    outer loop
      vertex 7.80475 2.95426 0
      vertex 3 0 0
      vertex 7 2.875 0
    endloop
  endfacet
  facet normal 0 0 -1
    outer loop
      vertex 3 0 0
      vertex 6.19525 2.95426 0
      vertex 7 2.875 0
    endloop
  endfacet
  facet normal 0 0 -1
    outer loop
      vertex 3 0 0
      vertex 5.42143 3.189 0
      vertex 6.19525 2.95426 0
    endloop
  endfacet
  facet normal 0 0 -1
    outer loop
      vertex 3 0 0
      vertex 4.70827 3.57019 0
      vertex 5.42143 3.189 0
    endloop
  endfacet
  facet normal 0 0 -1
    outer loop
      vertex 3 0 0
      vertex 4.08318 4.08318 0
      vertex 4.70827 3.57019 0
    endloop
  endfacet
  facet normal 0 0 -1
    outer loop
      vertex 2.41472 0.0576324 0
      vertex 4.08318 4.08318 0
      vertex 3 0 0
    endloop
  endfacet
  facet normal 0 0 -1
    outer loop
      vertex 1.85194 0.228348 0
      vertex 4.08318 4.08318 0
      vertex 2.41472 0.0576324 0
    endloop
  endfacet
  facet normal 0 0 -1
    outer loop
      vertex 1.33328 0.505585 0
      vertex 4.08318 4.08318 0
      vertex 1.85194 0.228348 0
    endloop
  endfacet
  facet normal -0 0 -1
    outer loop
      vertex 3.189 5.42143 0
      vertex 0 3 0
      vertex 2.95426 6.19525 0
    endloop
  endfacet
  facet normal -0 0 -1
    outer loop
      vertex 2.95426 6.19525 0
      vertex 0 3 0
      vertex 2.875 7 0
    endloop
  endfacet
  facet normal 0 0 -1
    outer loop
      vertex 0.878677 0.878677 0
      vertex 4.08318 4.08318 0
      vertex 1.33328 0.505585 0
    endloop
  endfacet
  facet normal -0 0 -1
    outer loop
      vertex 47.0716 142.448 0
      vertex 43.2168 140.217 0
      vertex 46.7944 142.967 0
    endloop
  endfacet
  facet normal -0 0 -1
    outer loop
      vertex 46.7944 142.967 0
      vertex 43.2168 140.217 0
      vertex 46.4213 143.421 0
    endloop
  endfacet
  facet normal -0 0 -1
    outer loop
      vertex 46.4213 143.421 0
      vertex 43.2168 140.217 0
      vertex 45.9667 143.794 0
    endloop
  endfacet
  facet normal -0 0 -1
    outer loop
      vertex 45.9667 143.794 0
      vertex 43.2168 140.217 0
      vertex 45.448 144.072 0
    endloop
  endfacet
  facet normal -0 0 -1
    outer loop
      vertex 45.448 144.072 0
      vertex 43.2168 140.217 0
      vertex 44.8853 144.242 0
    endloop
  endfacet
  facet normal -0 0 -1
    outer loop
      vertex 44.8853 144.242 0
      vertex 43.2168 140.217 0
      vertex 44.3 144.3 0
    endloop
  endfacet
  facet normal 0 0 -1
    outer loop
      vertex 42.5917 140.73 0
      vertex 44.3 144.3 0
      vertex 43.2168 140.217 0
    endloop
  endfacet
  facet normal 0 0 -1
    outer loop
      vertex 41.8786 141.111 0
      vertex 44.3 144.3 0
      vertex 42.5917 140.73 0
    endloop
  endfacet
  facet normal 0 0 -1
    outer loop
      vertex 41.1047 141.346 0
      vertex 44.3 144.3 0
      vertex 41.8786 141.111 0
    endloop
  endfacet
  facet normal 0 0 -1
    outer loop
      vertex 40.3 141.425 0
      vertex 44.3 144.3 0
      vertex 41.1047 141.346 0
    endloop
  endfacet
  facet normal 0 0 -1
    outer loop
      vertex 39.4953 141.346 0
      vertex 44.3 144.3 0
      vertex 40.3 141.425 0
    endloop
  endfacet
  facet normal 0 0 -1
    outer loop
      vertex 38.7214 141.111 0
      vertex 44.3 144.3 0
      vertex 39.4953 141.346 0
    endloop
  endfacet
  facet normal 0 0 -1
    outer loop
      vertex 8.57857 141.111 0
      vertex 38.7214 141.111 0
      vertex 38.0083 140.73 0
    endloop
  endfacet
  facet normal 0 0 -1
    outer loop
      vertex 36.2543 136.495 0
      vertex 11.125 137.3 0
      vertex 36.175 137.3 0
    endloop
  endfacet
  facet normal 0 0 -1
    outer loop
      vertex 36.175 137.3 0
      vertex 11.125 137.3 0
      vertex 36.2543 138.105 0
    endloop
  endfacet
  facet normal 0 0 -1
    outer loop
      vertex 11.0457 138.105 0
      vertex 36.2543 138.105 0
      vertex 11.125 137.3 0
    endloop
  endfacet
  facet normal 0 0 -1
    outer loop
      vertex 36.2543 138.105 0
      vertex 11.0457 138.105 0
      vertex 36.489 138.879 0
    endloop
  endfacet
  facet normal 0 0 -1
    outer loop
      vertex 10.811 138.879 0
      vertex 36.489 138.879 0
      vertex 11.0457 138.105 0
    endloop
  endfacet
  facet normal 0 0 -1
    outer loop
      vertex 36.489 138.879 0
      vertex 10.811 138.879 0
      vertex 36.8702 139.592 0
    endloop
  endfacet
  facet normal 0 0 -1
    outer loop
      vertex 10.4298 139.592 0
      vertex 36.8702 139.592 0
      vertex 10.811 138.879 0
    endloop
  endfacet
  facet normal 0 0 -1
    outer loop
      vertex 36.8702 139.592 0
      vertex 10.4298 139.592 0
      vertex 37.3832 140.217 0
    endloop
  endfacet
  facet normal 0 0 -1
    outer loop
      vertex 9.91681 140.217 0
      vertex 37.3832 140.217 0
      vertex 10.4298 139.592 0
    endloop
  endfacet
  facet normal 0 0 -1
    outer loop
      vertex 37.3832 140.217 0
      vertex 9.91681 140.217 0
      vertex 38.0083 140.73 0
    endloop
  endfacet
  facet normal 0 0 -1
    outer loop
      vertex 9.29173 140.73 0
      vertex 38.0083 140.73 0
      vertex 9.91681 140.217 0
    endloop
  endfacet
  facet normal 0 0 -1
    outer loop
      vertex 8.57857 141.111 0
      vertex 38.0083 140.73 0
      vertex 9.29173 140.73 0
    endloop
  endfacet
  facet normal 0 0 -1
    outer loop
      vertex 38.7214 141.111 0
      vertex 8.57857 141.111 0
      vertex 44.3 144.3 0
    endloop
  endfacet
  facet normal 0 0 -1
    outer loop
      vertex 3 144.3 0
      vertex 8.57857 141.111 0
      vertex 7.80475 141.346 0
    endloop
  endfacet
  facet normal 0 0 -1
    outer loop
      vertex 3 144.3 0
      vertex 7.80475 141.346 0
      vertex 7 141.425 0
    endloop
  endfacet
  facet normal 0 0 -1
    outer loop
      vertex 8.57857 141.111 0
      vertex 3 144.3 0
      vertex 44.3 144.3 0
    endloop
  endfacet
  facet normal 0 0 -1
    outer loop
      vertex 6.19525 141.346 0
      vertex 3 144.3 0
      vertex 7 141.425 0
    endloop
  endfacet
  facet normal 0 0 -1
    outer loop
      vertex 5.42143 141.111 0
      vertex 3 144.3 0
      vertex 6.19525 141.346 0
    endloop
  endfacet
  facet normal 0 0 -1
    outer loop
      vertex 4.70827 140.73 0
      vertex 3 144.3 0
      vertex 5.42143 141.111 0
    endloop
  endfacet
  facet normal 0 0 -1
    outer loop
      vertex 4.08318 140.217 0
      vertex 3 144.3 0
      vertex 4.70827 140.73 0
    endloop
  endfacet
  facet normal 0 0 -1
    outer loop
      vertex 0 141.3 0
      vertex 4.08318 140.217 0
      vertex 3.57019 139.592 0
    endloop
  endfacet
  facet normal 0 0 -1
    outer loop
      vertex 0 141.3 0
      vertex 3.57019 139.592 0
      vertex 3.189 138.879 0
    endloop
  endfacet
  facet normal 0 0 -1
    outer loop
      vertex 0 141.3 0
      vertex 3.189 138.879 0
      vertex 2.95426 138.105 0
    endloop
  endfacet
  facet normal 0 0 -1
    outer loop
      vertex 0 141.3 0
      vertex 2.95426 138.105 0
      vertex 2.875 137.3 0
    endloop
  endfacet
  facet normal 0 0 -1
    outer loop
      vertex 4.08318 140.217 0
      vertex 0 141.3 0
      vertex 0.0576324 141.885 0
    endloop
  endfacet
  facet normal 0 0 -1
    outer loop
      vertex 3.189 135.721 0
      vertex 0 141.3 0
      vertex 2.95426 136.495 0
    endloop
  endfacet
  facet normal 0 0 -1
    outer loop
      vertex 0.505585 1.33328 0
      vertex 4.08318 4.08318 0
      vertex 0.878677 0.878677 0
    endloop
  endfacet
  facet normal 0 0 -1
    outer loop
      vertex 2.95426 136.495 0
      vertex 0 141.3 0
      vertex 2.875 137.3 0
    endloop
  endfacet
  facet normal 0 0 -1
    outer loop
      vertex 0.228348 1.85194 0
      vertex 4.08318 4.08318 0
      vertex 0.505585 1.33328 0
    endloop
  endfacet
  facet normal 0 0 -1
    outer loop
      vertex 4.08318 140.217 0
      vertex 2.41472 144.242 0
      vertex 3 144.3 0
    endloop
  endfacet
  facet normal 0 0 -1
    outer loop
      vertex 0.0576324 2.41472 0
      vertex 4.08318 4.08318 0
      vertex 0.228348 1.85194 0
    endloop
  endfacet
  facet normal 0 0 -1
    outer loop
      vertex 4.08318 140.217 0
      vertex 1.85194 144.072 0
      vertex 2.41472 144.242 0
    endloop
  endfacet
  facet normal 0 0 -1
    outer loop
      vertex 0 3 0
      vertex 4.08318 4.08318 0
      vertex 0.0576324 2.41472 0
    endloop
  endfacet
  facet normal 0 0 -1
    outer loop
      vertex 4.08318 140.217 0
      vertex 1.33328 143.794 0
      vertex 1.85194 144.072 0
    endloop
  endfacet
  facet normal -0 0 -1
    outer loop
      vertex 4.08318 4.08318 0
      vertex 0 3 0
      vertex 3.57019 4.70827 0
    endloop
  endfacet
  facet normal 0 0 -1
    outer loop
      vertex 4.08318 140.217 0
      vertex 0.878677 143.421 0
      vertex 1.33328 143.794 0
    endloop
  endfacet
  facet normal -0 0 -1
    outer loop
      vertex 3.57019 4.70827 0
      vertex 0 3 0
      vertex 3.189 5.42143 0
    endloop
  endfacet
  facet normal 0 0 -1
    outer loop
      vertex 4.08318 140.217 0
      vertex 0.505585 142.967 0
      vertex 0.878677 143.421 0
    endloop
  endfacet
  facet normal 0 0 -1
    outer loop
      vertex 4.08318 140.217 0
      vertex 0.228348 142.448 0
      vertex 0.505585 142.967 0
    endloop
  endfacet
  facet normal 0 0 -1
    outer loop
      vertex 4.08318 140.217 0
      vertex 0.0576324 141.885 0
      vertex 0.228348 142.448 0
    endloop
  endfacet
  facet normal -0.882044 0.471166 0
    outer loop
      vertex 0.228348 142.448 0
      vertex 0.505585 142.967 3
      vertex 0.505585 142.967 0
    endloop
  endfacet
  facet normal -0.882044 0.471166 0
    outer loop
      vertex 0.505585 142.967 3
      vertex 0.228348 142.448 0
      vertex 0.228348 142.448 3
    endloop
  endfacet
  facet normal -0.0986148 0.995126 0
    outer loop
      vertex 3 144.3 0
      vertex 2.41472 144.242 3
      vertex 3 144.3 3
    endloop
  endfacet
  facet normal -0.0986148 0.995126 0
    outer loop
      vertex 2.41472 144.242 3
      vertex 3 144.3 0
      vertex 2.41472 144.242 0
    endloop
  endfacet
  facet normal 0.772996 -0.634411 0
    outer loop
      vertex 46.4213 0.878677 3
      vertex 46.7944 1.33328 0
      vertex 46.7944 1.33328 3
    endloop
  endfacet
  facet normal 0.772996 -0.634411 0
    outer loop
      vertex 46.7944 1.33328 0
      vertex 46.4213 0.878677 3
      vertex 46.4213 0.878677 0
    endloop
  endfacet
  facet normal -0.634309 0.77308 0
    outer loop
      vertex 1.33328 143.794 0
      vertex 0.878677 143.421 3
      vertex 1.33328 143.794 3
    endloop
  endfacet
  facet normal -0.634309 0.77308 0
    outer loop
      vertex 0.878677 143.421 3
      vertex 1.33328 143.794 0
      vertex 0.878677 143.421 0
    endloop
  endfacet
  facet normal -0.77259 0.634905 0
    outer loop
      vertex 0.505585 142.967 0
      vertex 0.878677 143.421 3
      vertex 0.878677 143.421 0
    endloop
  endfacet
  facet normal -0.77259 0.634905 0
    outer loop
      vertex 0.878677 143.421 3
      vertex 0.505585 142.967 0
      vertex 0.505585 142.967 3
    endloop
  endfacet
  facet normal -0.472415 0.881376 0
    outer loop
      vertex 1.85194 144.072 0
      vertex 1.33328 143.794 3
      vertex 1.85194 144.072 3
    endloop
  endfacet
  facet normal -0.472415 0.881376 0
    outer loop
      vertex 1.33328 143.794 3
      vertex 1.85194 144.072 0
      vertex 1.33328 143.794 0
    endloop
  endfacet
  facet normal -0.289167 0.957279 0
    outer loop
      vertex 2.41472 144.242 0
      vertex 1.85194 144.072 3
      vertex 2.41472 144.242 3
    endloop
  endfacet
  facet normal -0.289167 0.957279 0
    outer loop
      vertex 1.85194 144.072 3
      vertex 2.41472 144.242 0
      vertex 1.85194 144.072 0
    endloop
  endfacet
  facet normal 0 0 1
    outer loop
      vertex 44.3 144.3 3
      vertex 47.3 141.3 3
      vertex 47.2424 141.885 3
    endloop
  endfacet
  facet normal 0 0 1
    outer loop
      vertex 47.3 141.3 3
      vertex 0 141.3 3
      vertex 47.3 3 3
    endloop
  endfacet
  facet normal 0 0 1
    outer loop
      vertex 44.3 144.3 3
      vertex 47.2424 141.885 3
      vertex 47.0716 142.448 3
    endloop
  endfacet
  facet normal 0 0 1
    outer loop
      vertex 0 3 3
      vertex 47.3 3 3
      vertex 0 141.3 3
    endloop
  endfacet
  facet normal 0 0 1
    outer loop
      vertex 44.3 144.3 3
      vertex 47.0716 142.448 3
      vertex 46.7944 142.967 3
    endloop
  endfacet
  facet normal 0 -0 1
    outer loop
      vertex 44.3 0 3
      vertex 47.3 3 3
      vertex 0 3 3
    endloop
  endfacet
  facet normal 0 0 1
    outer loop
      vertex 44.3 144.3 3
      vertex 46.7944 142.967 3
      vertex 46.4213 143.421 3
    endloop
  endfacet
  facet normal 0 0 1
    outer loop
      vertex 47.3 3 3
      vertex 44.3 0 3
      vertex 47.2424 2.41472 3
    endloop
  endfacet
  facet normal 0 0 1
    outer loop
      vertex 44.3 144.3 3
      vertex 46.4213 143.421 3
      vertex 45.9667 143.794 3
    endloop
  endfacet
  facet normal 0 0 1
    outer loop
      vertex 47.2424 2.41472 3
      vertex 44.3 0 3
      vertex 47.0716 1.85194 3
    endloop
  endfacet
  facet normal 0 0 1
    outer loop
      vertex 44.3 144.3 3
      vertex 45.9667 143.794 3
      vertex 45.448 144.072 3
    endloop
  endfacet
  facet normal 0 0 1
    outer loop
      vertex 47.3 141.3 3
      vertex 44.3 144.3 3
      vertex 0 141.3 3
    endloop
  endfacet
  facet normal 0 0 1
    outer loop
      vertex 44.3 144.3 3
      vertex 45.448 144.072 3
      vertex 44.8853 144.242 3
    endloop
  endfacet
  facet normal 0 0 1
    outer loop
      vertex 47.0716 1.85194 3
      vertex 44.3 0 3
      vertex 46.7944 1.33328 3
    endloop
  endfacet
  facet normal 0 0 1
    outer loop
      vertex 45.9667 0.505585 3
      vertex 44.3 0 3
      vertex 45.448 0.228348 3
    endloop
  endfacet
  facet normal 0 0 1
    outer loop
      vertex 45.448 0.228348 3
      vertex 44.3 0 3
      vertex 44.8853 0.0576324 3
    endloop
  endfacet
  facet normal 0 0 1
    outer loop
      vertex 0 141.3 3
      vertex 44.3 144.3 3
      vertex 3 144.3 3
    endloop
  endfacet
  facet normal 0 0 1
    outer loop
      vertex 46.7944 1.33328 3
      vertex 44.3 0 3
      vertex 46.4213 0.878677 3
    endloop
  endfacet
  facet normal 0 0 1
    outer loop
      vertex 0 141.3 3
      vertex 3 144.3 3
      vertex 2.41472 144.242 3
    endloop
  endfacet
  facet normal 0 0 1
    outer loop
      vertex 46.4213 0.878677 3
      vertex 44.3 0 3
      vertex 45.9667 0.505585 3
    endloop
  endfacet
  facet normal 0 0 1
    outer loop
      vertex 0 141.3 3
      vertex 2.41472 144.242 3
      vertex 1.85194 144.072 3
    endloop
  endfacet
  facet normal 0 0 1
    outer loop
      vertex 44.3 0 3
      vertex 0 3 3
      vertex 3 0 3
    endloop
  endfacet
  facet normal 0 0 1
    outer loop
      vertex 0 141.3 3
      vertex 1.85194 144.072 3
      vertex 1.33328 143.794 3
    endloop
  endfacet
  facet normal 0 0 1
    outer loop
      vertex 3 0 3
      vertex 0 3 3
      vertex 2.41472 0.0576324 3
    endloop
  endfacet
  facet normal 0 0 1
    outer loop
      vertex 0 141.3 3
      vertex 1.33328 143.794 3
      vertex 0.878677 143.421 3
    endloop
  endfacet
  facet normal 0 0 1
    outer loop
      vertex 2.41472 0.0576324 3
      vertex 0 3 3
      vertex 1.85194 0.228348 3
    endloop
  endfacet
  facet normal 0 0 1
    outer loop
      vertex 0 141.3 3
      vertex 0.878677 143.421 3
      vertex 0.505585 142.967 3
    endloop
  endfacet
  facet normal 0 0 1
    outer loop
      vertex 1.85194 0.228348 3
      vertex 0 3 3
      vertex 1.33328 0.505585 3
    endloop
  endfacet
  facet normal 0 0 1
    outer loop
      vertex 0 141.3 3
      vertex 0.505585 142.967 3
      vertex 0.228348 142.448 3
    endloop
  endfacet
  facet normal 0 0 1
    outer loop
      vertex 1.33328 0.505585 3
      vertex 0 3 3
      vertex 0.878677 0.878677 3
    endloop
  endfacet
  facet normal 0 0 1
    outer loop
      vertex 0 141.3 3
      vertex 0.228348 142.448 3
      vertex 0.0576324 141.885 3
    endloop
  endfacet
  facet normal 0 0 1
    outer loop
      vertex 0.878677 0.878677 3
      vertex 0 3 3
      vertex 0.505585 1.33328 3
    endloop
  endfacet
  facet normal 0 0 1
    outer loop
      vertex 0.505585 1.33328 3
      vertex 0 3 3
      vertex 0.228348 1.85194 3
    endloop
  endfacet
  facet normal 0 0 1
    outer loop
      vertex 0.228348 1.85194 3
      vertex 0 3 3
      vertex 0.0576324 2.41472 3
    endloop
  endfacet
endsolid OpenSCAD_Model
