solid OpenSCAD_Model
  facet normal 0 0 -1
    outer loop
      vertex 3 15 170
      vertex 6 87 170
      vertex 6 15 170
    endloop
  endfacet
  facet normal -0 0 -1
    outer loop
      vertex 6 87 170
      vertex 3 15 170
      vertex 3 87 170
    endloop
  endfacet
  facet normal -0 0 1
    outer loop
      vertex 3 87 25
      vertex 6 15 25
      vertex 6 87 25
    endloop
  endfacet
  facet normal 0 0 1
    outer loop
      vertex 6 15 25
      vertex 3 87 25
      vertex 3 15 25
    endloop
  endfacet
  facet normal 0 -1 0
    outer loop
      vertex 3 87 25
      vertex 6 87 170
      vertex 3 87 170
    endloop
  endfacet
  facet normal 0 -1 -0
    outer loop
      vertex 6 87 170
      vertex 3 87 25
      vertex 6 87 25
    endloop
  endfacet
  facet normal 0 1 -0
    outer loop
      vertex 6 15 25
      vertex 3 15 170
      vertex 6 15 170
    endloop
  endfacet
  facet normal 0 1 0
    outer loop
      vertex 3 15 170
      vertex 6 15 25
      vertex 3 15 25
    endloop
  endfacet
  facet normal 0 0 -1
    outer loop
      vertex 3 92 170
      vertex 6 140 170
      vertex 6 92 170
    endloop
  endfacet
  facet normal -0 0 -1
    outer loop
      vertex 6 140 170
      vertex 3 92 170
      vertex 3 140 170
    endloop
  endfacet
  facet normal -0 0 1
    outer loop
      vertex 3 140 25
      vertex 6 92 25
      vertex 6 140 25
    endloop
  endfacet
  facet normal 0 0 1
    outer loop
      vertex 6 92 25
      vertex 3 140 25
      vertex 3 92 25
    endloop
  endfacet
  facet normal 0 -1 0
    outer loop
      vertex 3 140 25
      vertex 6 140 170
      vertex 3 140 170
    endloop
  endfacet
  facet normal 0 -1 -0
    outer loop
      vertex 6 140 170
      vertex 3 140 25
      vertex 6 140 25
    endloop
  endfacet
  facet normal 0 1 -0
    outer loop
      vertex 6 92 25
      vertex 3 92 170
      vertex 6 92 170
    endloop
  endfacet
  facet normal 0 1 0
    outer loop
      vertex 3 92 170
      vertex 6 92 25
      vertex 3 92 25
    endloop
  endfacet
  facet normal 0 0.707107 -0.707107
    outer loop
      vertex 6 139 0
      vertex 0 155 16
      vertex 6 155 16
    endloop
  endfacet
  facet normal 0 0.707107 -0.707107
    outer loop
      vertex 0 155 16
      vertex 6 139 0
      vertex 0 139 0
    endloop
  endfacet
  facet normal 1 0 0
    outer loop
      vertex 6 87 25
      vertex 6 33.0876 5.47556
      vertex 6 33.125 5
    endloop
  endfacet
  facet normal 1 0 0
    outer loop
      vertex 6 87 25
      vertex 6 33.0865 5.48886
      vertex 6 33.0876 5.47556
    endloop
  endfacet
  facet normal 1 0 0
    outer loop
      vertex 6 87 25
      vertex 6 33.0834 5.50183
      vertex 6 33.0865 5.48886
    endloop
  endfacet
  facet normal 1 0 0
    outer loop
      vertex 6 87 25
      vertex 6 32.972 5.96568
      vertex 6 33.0834 5.50183
    endloop
  endfacet
  facet normal 1 0 0
    outer loop
      vertex 6 87 25
      vertex 6 32.9669 5.978
      vertex 6 32.972 5.96568
    endloop
  endfacet
  facet normal 1 0 0
    outer loop
      vertex 6 87 25
      vertex 6 32.7844 6.41872
      vertex 6 32.9669 5.978
    endloop
  endfacet
  facet normal 1 0 0
    outer loop
      vertex 6 87 25
      vertex 6 32.5351 6.82546
      vertex 6 32.7844 6.41872
    endloop
  endfacet
  facet normal 1 0 0
    outer loop
      vertex 6 87 25
      vertex 6 32.5282 6.83683
      vertex 6 32.5351 6.82546
    endloop
  endfacet
  facet normal 1 0 0
    outer loop
      vertex 6 87 25
      vertex 6 32.5195 6.84697
      vertex 6 32.5282 6.83683
    endloop
  endfacet
  facet normal 1 0 0
    outer loop
      vertex 6 87 25
      vertex 6 32.2097 7.20971
      vertex 6 32.5195 6.84697
    endloop
  endfacet
  facet normal 1 0 0
    outer loop
      vertex 6 87 25
      vertex 6 31.847 7.51952
      vertex 6 32.2097 7.20971
    endloop
  endfacet
  facet normal 1 0 0
    outer loop
      vertex 6 87 25
      vertex 6 31.8368 7.52818
      vertex 6 31.847 7.51952
    endloop
  endfacet
  facet normal 1 0 0
    outer loop
      vertex 6 87 25
      vertex 6 31.8255 7.53515
      vertex 6 31.8368 7.52818
    endloop
  endfacet
  facet normal 1 0 0
    outer loop
      vertex 6 87 25
      vertex 6 31.4187 7.78439
      vertex 6 31.8255 7.53515
    endloop
  endfacet
  facet normal 1 -0 0
    outer loop
      vertex 6 15 25
      vertex 6 31.4187 7.78439
      vertex 6 87 25
    endloop
  endfacet
  facet normal 1 0 0
    outer loop
      vertex 6 31.4187 7.78439
      vertex 6 15 25
      vertex 6 30.978 7.96695
    endloop
  endfacet
  facet normal 1 0 0
    outer loop
      vertex 6 30.978 7.96695
      vertex 6 15 25
      vertex 6 30.9657 7.97205
    endloop
  endfacet
  facet normal 1 0 0
    outer loop
      vertex 6 30.9657 7.97205
      vertex 6 15 25
      vertex 6 30.5018 8.08341
    endloop
  endfacet
  facet normal 1 0 0
    outer loop
      vertex 6 30.5018 8.08341
      vertex 6 15 25
      vertex 6 30.4889 8.08653
    endloop
  endfacet
  facet normal 1 0 0
    outer loop
      vertex 6 30.4889 8.08653
      vertex 6 15 25
      vertex 6 30.4756 8.08757
    endloop
  endfacet
  facet normal 1 0 0
    outer loop
      vertex 6 30.4756 8.08757
      vertex 6 15 25
      vertex 6 30 8.125
    endloop
  endfacet
  facet normal 1 0 0
    outer loop
      vertex 6 30 8.125
      vertex 6 15 25
      vertex 6 29.5244 8.08757
    endloop
  endfacet
  facet normal 1 0 0
    outer loop
      vertex 6 29.5244 8.08757
      vertex 6 15 25
      vertex 6 29.5111 8.08653
    endloop
  endfacet
  facet normal 1 0 0
    outer loop
      vertex 6 29.5111 8.08653
      vertex 6 15 25
      vertex 6 29.4982 8.08341
    endloop
  endfacet
  facet normal 1 0 0
    outer loop
      vertex 6 16 0
      vertex 6 26.9166 5.50183
      vertex 6 27.0279 5.96568
    endloop
  endfacet
  facet normal 1 0 0
    outer loop
      vertex 6 16 0
      vertex 6 26.9124 5.47556
      vertex 6 26.9135 5.48886
    endloop
  endfacet
  facet normal 1 0 0
    outer loop
      vertex 6 26.9124 5.47556
      vertex 6 16 0
      vertex 6 26.875 5
    endloop
  endfacet
  facet normal 1 0 0
    outer loop
      vertex 6 26.9166 5.50183
      vertex 6 16 0
      vertex 6 26.9135 5.48886
    endloop
  endfacet
  facet normal 1 0 0
    outer loop
      vertex 6 27.0331 5.978
      vertex 6 16 0
      vertex 6 27.0279 5.96568
    endloop
  endfacet
  facet normal 1 0 0
    outer loop
      vertex 6 27.2156 6.41872
      vertex 6 16 0
      vertex 6 27.0331 5.978
    endloop
  endfacet
  facet normal 1 0 0
    outer loop
      vertex 6 15 25
      vertex 6 27.2156 6.41872
      vertex 6 27.4649 6.82546
    endloop
  endfacet
  facet normal 1 0 0
    outer loop
      vertex 6 15 25
      vertex 6 27.4649 6.82546
      vertex 6 27.4718 6.83683
    endloop
  endfacet
  facet normal 1 0 0
    outer loop
      vertex 6 15 25
      vertex 6 27.4718 6.83683
      vertex 6 27.4805 6.84697
    endloop
  endfacet
  facet normal 1 0 0
    outer loop
      vertex 6 15 25
      vertex 6 27.4805 6.84697
      vertex 6 27.7903 7.20971
    endloop
  endfacet
  facet normal 1 0 0
    outer loop
      vertex 6 15 25
      vertex 6 27.7903 7.20971
      vertex 6 28.153 7.51952
    endloop
  endfacet
  facet normal 1 0 0
    outer loop
      vertex 6 15 25
      vertex 6 28.153 7.51952
      vertex 6 28.1632 7.52818
    endloop
  endfacet
  facet normal 1 0 0
    outer loop
      vertex 6 29.4982 8.08341
      vertex 6 15 25
      vertex 6 29.0343 7.97205
    endloop
  endfacet
  facet normal 1 0 0
    outer loop
      vertex 6 15 25
      vertex 6 29.022 7.96695
      vertex 6 29.0343 7.97205
    endloop
  endfacet
  facet normal 1 0 0
    outer loop
      vertex 6 15 25
      vertex 6 28.5813 7.78439
      vertex 6 29.022 7.96695
    endloop
  endfacet
  facet normal 1 0 0
    outer loop
      vertex 6 15 25
      vertex 6 28.1745 7.53515
      vertex 6 28.5813 7.78439
    endloop
  endfacet
  facet normal 1 0 0
    outer loop
      vertex 6 15 25
      vertex 6 28.1632 7.52818
      vertex 6 28.1745 7.53515
    endloop
  endfacet
  facet normal 1 0 0
    outer loop
      vertex 6 27.2156 6.41872
      vertex 6 15 25
      vertex 6 16 0
    endloop
  endfacet
  facet normal 1 0 0
    outer loop
      vertex 6 0 16
      vertex 6 15 25
      vertex 6 0 179
    endloop
  endfacet
  facet normal 1 0 0
    outer loop
      vertex 6 15 25
      vertex 6 0 16
      vertex 6 16 0
    endloop
  endfacet
  facet normal 1 -0 0
    outer loop
      vertex 6 33.0876 189.524
      vertex 6 87 170
      vertex 6 33.125 190
    endloop
  endfacet
  facet normal 1 -0 0
    outer loop
      vertex 6 33.0865 189.511
      vertex 6 87 170
      vertex 6 33.0876 189.524
    endloop
  endfacet
  facet normal 1 -0 0
    outer loop
      vertex 6 33.0834 189.498
      vertex 6 87 170
      vertex 6 33.0865 189.511
    endloop
  endfacet
  facet normal 1 -0 0
    outer loop
      vertex 6 32.972 189.034
      vertex 6 87 170
      vertex 6 33.0834 189.498
    endloop
  endfacet
  facet normal 1 -0 0
    outer loop
      vertex 6 32.9669 189.022
      vertex 6 87 170
      vertex 6 32.972 189.034
    endloop
  endfacet
  facet normal 1 -0 0
    outer loop
      vertex 6 32.7844 188.581
      vertex 6 87 170
      vertex 6 32.9669 189.022
    endloop
  endfacet
  facet normal 1 -0 0
    outer loop
      vertex 6 32.5351 188.175
      vertex 6 87 170
      vertex 6 32.7844 188.581
    endloop
  endfacet
  facet normal 1 -0 0
    outer loop
      vertex 6 32.5282 188.163
      vertex 6 87 170
      vertex 6 32.5351 188.175
    endloop
  endfacet
  facet normal 1 -0 0
    outer loop
      vertex 6 32.5195 188.153
      vertex 6 87 170
      vertex 6 32.5282 188.163
    endloop
  endfacet
  facet normal 1 -0 0
    outer loop
      vertex 6 32.2097 187.79
      vertex 6 87 170
      vertex 6 32.5195 188.153
    endloop
  endfacet
  facet normal 1 -0 0
    outer loop
      vertex 6 31.847 187.48
      vertex 6 87 170
      vertex 6 32.2097 187.79
    endloop
  endfacet
  facet normal 1 -0 0
    outer loop
      vertex 6 31.8368 187.472
      vertex 6 87 170
      vertex 6 31.847 187.48
    endloop
  endfacet
  facet normal 1 -0 0
    outer loop
      vertex 6 31.8255 187.465
      vertex 6 87 170
      vertex 6 31.8368 187.472
    endloop
  endfacet
  facet normal 1 -0 0
    outer loop
      vertex 6 31.4187 187.216
      vertex 6 87 170
      vertex 6 31.8255 187.465
    endloop
  endfacet
  facet normal 1 0 0
    outer loop
      vertex 6 15 170
      vertex 6 31.4187 187.216
      vertex 6 30.978 187.033
    endloop
  endfacet
  facet normal 1 0 0
    outer loop
      vertex 6 15 170
      vertex 6 30.978 187.033
      vertex 6 30.9657 187.028
    endloop
  endfacet
  facet normal 1 0 0
    outer loop
      vertex 6 15 170
      vertex 6 30.9657 187.028
      vertex 6 30.5018 186.917
    endloop
  endfacet
  facet normal 1 0 0
    outer loop
      vertex 6 15 170
      vertex 6 30.5018 186.917
      vertex 6 30.4889 186.913
    endloop
  endfacet
  facet normal 1 0 0
    outer loop
      vertex 6 15 170
      vertex 6 30.4889 186.913
      vertex 6 30.4756 186.912
    endloop
  endfacet
  facet normal 1 0 0
    outer loop
      vertex 6 15 170
      vertex 6 30.4756 186.912
      vertex 6 30 186.875
    endloop
  endfacet
  facet normal 1 0 0
    outer loop
      vertex 6 15 170
      vertex 6 30 186.875
      vertex 6 29.5244 186.912
    endloop
  endfacet
  facet normal 1 0 0
    outer loop
      vertex 6 15 170
      vertex 6 29.5244 186.912
      vertex 6 29.5111 186.913
    endloop
  endfacet
  facet normal 1 0 0
    outer loop
      vertex 6 15 170
      vertex 6 29.5111 186.913
      vertex 6 29.4982 186.917
    endloop
  endfacet
  facet normal 1 0 0
    outer loop
      vertex 6 15 170
      vertex 6 29.4982 186.917
      vertex 6 29.0343 187.028
    endloop
  endfacet
  facet normal 1 0 0
    outer loop
      vertex 6 15 170
      vertex 6 28.1745 187.465
      vertex 6 28.1632 187.472
    endloop
  endfacet
  facet normal 1 0 0
    outer loop
      vertex 6 15 170
      vertex 6 28.153 187.48
      vertex 6 27.7903 187.79
    endloop
  endfacet
  facet normal 1 0 0
    outer loop
      vertex 6 16 195
      vertex 6 27.0331 189.022
      vertex 6 27.0279 189.034
    endloop
  endfacet
  facet normal 1 0 0
    outer loop
      vertex 6 16 195
      vertex 6 26.9166 189.498
      vertex 6 26.9135 189.511
    endloop
  endfacet
  facet normal 1 0 0
    outer loop
      vertex 6 16 195
      vertex 6 26.9124 189.524
      vertex 6 26.875 190
    endloop
  endfacet
  facet normal 1 0 0
    outer loop
      vertex 6 26.9124 189.524
      vertex 6 16 195
      vertex 6 26.9135 189.511
    endloop
  endfacet
  facet normal 1 0 0
    outer loop
      vertex 6 26.9166 189.498
      vertex 6 16 195
      vertex 6 27.0279 189.034
    endloop
  endfacet
  facet normal 1 0 0
    outer loop
      vertex 6 27.0331 189.022
      vertex 6 16 195
      vertex 6 27.2156 188.581
    endloop
  endfacet
  facet normal 1 0 0
    outer loop
      vertex 6 15 170
      vertex 6 27.2156 188.581
      vertex 6 16 195
    endloop
  endfacet
  facet normal 1 0 0
    outer loop
      vertex 6 27.2156 188.581
      vertex 6 15 170
      vertex 6 27.4649 188.175
    endloop
  endfacet
  facet normal 1 0 0
    outer loop
      vertex 6 27.4649 188.175
      vertex 6 15 170
      vertex 6 27.4718 188.163
    endloop
  endfacet
  facet normal 1 0 0
    outer loop
      vertex 6 27.4718 188.163
      vertex 6 15 170
      vertex 6 27.4805 188.153
    endloop
  endfacet
  facet normal 1 0 0
    outer loop
      vertex 6 27.4805 188.153
      vertex 6 15 170
      vertex 6 27.7903 187.79
    endloop
  endfacet
  facet normal 1 0 0
    outer loop
      vertex 6 31.4187 187.216
      vertex 6 15 170
      vertex 6 87 170
    endloop
  endfacet
  facet normal 1 0 0
    outer loop
      vertex 6 29.022 187.033
      vertex 6 15 170
      vertex 6 29.0343 187.028
    endloop
  endfacet
  facet normal 1 0 0
    outer loop
      vertex 6 28.5813 187.216
      vertex 6 15 170
      vertex 6 29.022 187.033
    endloop
  endfacet
  facet normal 1 0 0
    outer loop
      vertex 6 28.1745 187.465
      vertex 6 15 170
      vertex 6 28.5813 187.216
    endloop
  endfacet
  facet normal 1 0 0
    outer loop
      vertex 6 28.153 187.48
      vertex 6 15 170
      vertex 6 28.1632 187.472
    endloop
  endfacet
  facet normal 1 0 0
    outer loop
      vertex 6 15 170
      vertex 6 0 179
      vertex 6 15 25
    endloop
  endfacet
  facet normal 1 -0 0
    outer loop
      vertex 6 0 179
      vertex 6 15 170
      vertex 6 16 195
    endloop
  endfacet
  facet normal 1 0 0
    outer loop
      vertex 6 139 195
      vertex 6 128.088 190.476
      vertex 6 128.125 190
    endloop
  endfacet
  facet normal 1 0 0
    outer loop
      vertex 6 139 195
      vertex 6 128.087 190.489
      vertex 6 128.088 190.476
    endloop
  endfacet
  facet normal 1 0 0
    outer loop
      vertex 6 139 195
      vertex 6 128.083 190.502
      vertex 6 128.087 190.489
    endloop
  endfacet
  facet normal 1 0 0
    outer loop
      vertex 6 139 195
      vertex 6 127.972 190.966
      vertex 6 128.083 190.502
    endloop
  endfacet
  facet normal 1 0 0
    outer loop
      vertex 6 139 195
      vertex 6 127.967 190.978
      vertex 6 127.972 190.966
    endloop
  endfacet
  facet normal 1 0 0
    outer loop
      vertex 6 139 195
      vertex 6 127.784 191.419
      vertex 6 127.967 190.978
    endloop
  endfacet
  facet normal 1 0 0
    outer loop
      vertex 6 139 195
      vertex 6 127.535 191.825
      vertex 6 127.784 191.419
    endloop
  endfacet
  facet normal 1 0 0
    outer loop
      vertex 6 139 195
      vertex 6 127.528 191.837
      vertex 6 127.535 191.825
    endloop
  endfacet
  facet normal 1 0 0
    outer loop
      vertex 6 139 195
      vertex 6 127.52 191.847
      vertex 6 127.528 191.837
    endloop
  endfacet
  facet normal 1 0 0
    outer loop
      vertex 6 139 195
      vertex 6 127.21 192.21
      vertex 6 127.52 191.847
    endloop
  endfacet
  facet normal 1 0 0
    outer loop
      vertex 6 139 195
      vertex 6 126.847 192.52
      vertex 6 127.21 192.21
    endloop
  endfacet
  facet normal 1 0 0
    outer loop
      vertex 6 139 195
      vertex 6 126.837 192.528
      vertex 6 126.847 192.52
    endloop
  endfacet
  facet normal 1 0 0
    outer loop
      vertex 6 139 195
      vertex 6 126.825 192.535
      vertex 6 126.837 192.528
    endloop
  endfacet
  facet normal 1 0 0
    outer loop
      vertex 6 139 195
      vertex 6 126.419 192.784
      vertex 6 126.825 192.535
    endloop
  endfacet
  facet normal 1 0 0
    outer loop
      vertex 6 139 195
      vertex 6 125.978 192.967
      vertex 6 126.419 192.784
    endloop
  endfacet
  facet normal 1 0 0
    outer loop
      vertex 6 139 195
      vertex 6 125.966 192.972
      vertex 6 125.978 192.967
    endloop
  endfacet
  facet normal 1 0 0
    outer loop
      vertex 6 139 195
      vertex 6 125.502 193.083
      vertex 6 125.966 192.972
    endloop
  endfacet
  facet normal 1 0 0
    outer loop
      vertex 6 139 195
      vertex 6 125.489 193.087
      vertex 6 125.502 193.083
    endloop
  endfacet
  facet normal 1 0 0
    outer loop
      vertex 6 139 195
      vertex 6 125.476 193.088
      vertex 6 125.489 193.087
    endloop
  endfacet
  facet normal 1 0 0
    outer loop
      vertex 6 139 195
      vertex 6 125 193.125
      vertex 6 125.476 193.088
    endloop
  endfacet
  facet normal 1 0 0
    outer loop
      vertex 6 139 195
      vertex 6 124.524 193.088
      vertex 6 125 193.125
    endloop
  endfacet
  facet normal 1 0 0
    outer loop
      vertex 6 139 195
      vertex 6 124.511 193.087
      vertex 6 124.524 193.088
    endloop
  endfacet
  facet normal 1 0 0
    outer loop
      vertex 6 123.581 192.784
      vertex 6 123.163 192.528
      vertex 6 123.175 192.535
    endloop
  endfacet
  facet normal -1 0 0
    outer loop
      vertex 6 123.163 192.528
      vertex 6 122.79 192.21
      vertex 6 123.153 192.52
    endloop
  endfacet
  facet normal 1 0 0
    outer loop
      vertex 6 122.216 191.419
      vertex 6 122.028 190.966
      vertex 6 122.033 190.978
    endloop
  endfacet
  facet normal 1 0 0
    outer loop
      vertex 6 92 170
      vertex 6 121.912 190.476
      vertex 6 121.913 190.489
    endloop
  endfacet
  facet normal 1 0 0
    outer loop
      vertex 6 121.912 190.476
      vertex 6 92 170
      vertex 6 121.875 190
    endloop
  endfacet
  facet normal 1 0 0
    outer loop
      vertex 6 121.917 190.502
      vertex 6 92 170
      vertex 6 121.913 190.489
    endloop
  endfacet
  facet normal 1 0 0
    outer loop
      vertex 6 122.028 190.966
      vertex 6 92 170
      vertex 6 121.917 190.502
    endloop
  endfacet
  facet normal 1 0 0
    outer loop
      vertex 6 122.216 191.419
      vertex 6 92 170
      vertex 6 122.028 190.966
    endloop
  endfacet
  facet normal 1 0 0
    outer loop
      vertex 6 87 170
      vertex 6 122.216 191.419
      vertex 6 122.465 191.825
    endloop
  endfacet
  facet normal 1 0 0
    outer loop
      vertex 6 87 170
      vertex 6 122.465 191.825
      vertex 6 122.472 191.837
    endloop
  endfacet
  facet normal 1 0 0
    outer loop
      vertex 6 32.5282 191.837
      vertex 6 122.472 191.837
      vertex 6 122.48 191.847
    endloop
  endfacet
  facet normal 1 0 0
    outer loop
      vertex 6 32.5282 191.837
      vertex 6 122.48 191.847
      vertex 6 122.79 192.21
    endloop
  endfacet
  facet normal 1 0 0
    outer loop
      vertex 6 32.2097 192.21
      vertex 6 122.79 192.21
      vertex 6 123.163 192.528
    endloop
  endfacet
  facet normal 1 0 0
    outer loop
      vertex 6 92 170
      vertex 6 87 170
      vertex 6 92 25
    endloop
  endfacet
  facet normal 1 0 0
    outer loop
      vertex 6 122.216 191.419
      vertex 6 87 170
      vertex 6 92 170
    endloop
  endfacet
  facet normal 1 0 0
    outer loop
      vertex 6 122.472 191.837
      vertex 6 32.5282 191.837
      vertex 6 87 170
    endloop
  endfacet
  facet normal 1 0 0
    outer loop
      vertex 6 31.8368 192.528
      vertex 6 123.163 192.528
      vertex 6 123.581 192.784
    endloop
  endfacet
  facet normal 1 0 0
    outer loop
      vertex 6 31.4187 192.784
      vertex 6 123.581 192.784
      vertex 6 124.022 192.967
    endloop
  endfacet
  facet normal 1 0 0
    outer loop
      vertex 6 31.4187 192.784
      vertex 6 124.022 192.967
      vertex 6 124.034 192.972
    endloop
  endfacet
  facet normal 1 0 0
    outer loop
      vertex 6 30.9657 192.972
      vertex 6 124.034 192.972
      vertex 6 124.498 193.083
    endloop
  endfacet
  facet normal 1 0 0
    outer loop
      vertex 6 30.9657 192.972
      vertex 6 124.498 193.083
      vertex 6 124.511 193.087
    endloop
  endfacet
  facet normal 1 0 0
    outer loop
      vertex 6 30.4889 193.087
      vertex 6 124.511 193.087
      vertex 6 139 195
    endloop
  endfacet
  facet normal 1 0 0
    outer loop
      vertex 6 87 170
      vertex 6 33.0876 190.476
      vertex 6 33.125 190
    endloop
  endfacet
  facet normal 1 0 0
    outer loop
      vertex 6 87 170
      vertex 6 33.0865 190.489
      vertex 6 33.0876 190.476
    endloop
  endfacet
  facet normal 1 0 0
    outer loop
      vertex 6 87 170
      vertex 6 33.0834 190.502
      vertex 6 33.0865 190.489
    endloop
  endfacet
  facet normal 1 0 0
    outer loop
      vertex 6 87 170
      vertex 6 32.972 190.966
      vertex 6 33.0834 190.502
    endloop
  endfacet
  facet normal 1 0 0
    outer loop
      vertex 6 87 170
      vertex 6 32.9669 190.978
      vertex 6 32.972 190.966
    endloop
  endfacet
  facet normal 1 0 0
    outer loop
      vertex 6 87 170
      vertex 6 32.7844 191.419
      vertex 6 32.9669 190.978
    endloop
  endfacet
  facet normal 1 0 0
    outer loop
      vertex 6 87 170
      vertex 6 32.5351 191.825
      vertex 6 32.7844 191.419
    endloop
  endfacet
  facet normal 1 0 0
    outer loop
      vertex 6 87 170
      vertex 6 32.5282 191.837
      vertex 6 32.5351 191.825
    endloop
  endfacet
  facet normal 1 0 0
    outer loop
      vertex 6 122.79 192.21
      vertex 6 32.5195 191.847
      vertex 6 32.5282 191.837
    endloop
  endfacet
  facet normal 1 0 0
    outer loop
      vertex 6 122.79 192.21
      vertex 6 32.2097 192.21
      vertex 6 32.5195 191.847
    endloop
  endfacet
  facet normal 1 0 0
    outer loop
      vertex 6 123.163 192.528
      vertex 6 31.847 192.52
      vertex 6 32.2097 192.21
    endloop
  endfacet
  facet normal 1 0 0
    outer loop
      vertex 6 123.163 192.528
      vertex 6 31.8368 192.528
      vertex 6 31.847 192.52
    endloop
  endfacet
  facet normal 1 0 0
    outer loop
      vertex 6 123.581 192.784
      vertex 6 31.8255 192.535
      vertex 6 31.8368 192.528
    endloop
  endfacet
  facet normal 1 0 0
    outer loop
      vertex 6 123.581 192.784
      vertex 6 31.4187 192.784
      vertex 6 31.8255 192.535
    endloop
  endfacet
  facet normal 1 0 0
    outer loop
      vertex 6 124.034 192.972
      vertex 6 30.978 192.967
      vertex 6 31.4187 192.784
    endloop
  endfacet
  facet normal 1 0 0
    outer loop
      vertex 6 124.034 192.972
      vertex 6 30.9657 192.972
      vertex 6 30.978 192.967
    endloop
  endfacet
  facet normal 1 0 0
    outer loop
      vertex 6 124.511 193.087
      vertex 6 30.5018 193.083
      vertex 6 30.9657 192.972
    endloop
  endfacet
  facet normal 1 0 0
    outer loop
      vertex 6 124.511 193.087
      vertex 6 30.4889 193.087
      vertex 6 30.5018 193.083
    endloop
  endfacet
  facet normal 1 -0 0
    outer loop
      vertex 6 16 195
      vertex 6 30.4889 193.087
      vertex 6 139 195
    endloop
  endfacet
  facet normal 1 0 0
    outer loop
      vertex 6 30.4889 193.087
      vertex 6 16 195
      vertex 6 30.4756 193.088
    endloop
  endfacet
  facet normal 1 0 0
    outer loop
      vertex 6 30 193.125
      vertex 6 29.5111 193.087
      vertex 6 29.5244 193.088
    endloop
  endfacet
  facet normal 1 0 0
    outer loop
      vertex 6 16 195
      vertex 6 28.1745 192.535
      vertex 6 28.5813 192.784
    endloop
  endfacet
  facet normal 1 0 0
    outer loop
      vertex 6 16 195
      vertex 6 28.153 192.52
      vertex 6 28.1632 192.528
    endloop
  endfacet
  facet normal 1 0 0
    outer loop
      vertex 6 16 195
      vertex 6 27.0331 190.978
      vertex 6 27.2156 191.419
    endloop
  endfacet
  facet normal 1 0 0
    outer loop
      vertex 6 16 195
      vertex 6 26.9166 190.502
      vertex 6 27.0279 190.966
    endloop
  endfacet
  facet normal 1 0 0
    outer loop
      vertex 6 16 195
      vertex 6 26.9124 190.476
      vertex 6 26.9135 190.489
    endloop
  endfacet
  facet normal 1 0 0
    outer loop
      vertex 6 26.9124 190.476
      vertex 6 16 195
      vertex 6 26.875 190
    endloop
  endfacet
  facet normal 1 0 0
    outer loop
      vertex 6 26.9166 190.502
      vertex 6 16 195
      vertex 6 26.9135 190.489
    endloop
  endfacet
  facet normal 1 0 0
    outer loop
      vertex 6 27.0331 190.978
      vertex 6 16 195
      vertex 6 27.0279 190.966
    endloop
  endfacet
  facet normal 1 0 0
    outer loop
      vertex 6 27.4649 191.825
      vertex 6 16 195
      vertex 6 27.2156 191.419
    endloop
  endfacet
  facet normal 1 0 0
    outer loop
      vertex 6 27.4718 191.837
      vertex 6 16 195
      vertex 6 27.4649 191.825
    endloop
  endfacet
  facet normal 1 0 0
    outer loop
      vertex 6 27.4805 191.847
      vertex 6 16 195
      vertex 6 27.4718 191.837
    endloop
  endfacet
  facet normal 1 0 0
    outer loop
      vertex 6 27.7903 192.21
      vertex 6 16 195
      vertex 6 27.4805 191.847
    endloop
  endfacet
  facet normal 1 0 0
    outer loop
      vertex 6 28.153 192.52
      vertex 6 16 195
      vertex 6 27.7903 192.21
    endloop
  endfacet
  facet normal 1 0 0
    outer loop
      vertex 6 28.1745 192.535
      vertex 6 16 195
      vertex 6 28.1632 192.528
    endloop
  endfacet
  facet normal 1 0 0
    outer loop
      vertex 6 29.022 192.967
      vertex 6 16 195
      vertex 6 28.5813 192.784
    endloop
  endfacet
  facet normal 1 0 0
    outer loop
      vertex 6 29.0343 192.972
      vertex 6 16 195
      vertex 6 29.022 192.967
    endloop
  endfacet
  facet normal 1 0 0
    outer loop
      vertex 6 29.4982 193.083
      vertex 6 16 195
      vertex 6 29.0343 192.972
    endloop
  endfacet
  facet normal 1 0 0
    outer loop
      vertex 6 29.5111 193.087
      vertex 6 16 195
      vertex 6 29.4982 193.083
    endloop
  endfacet
  facet normal 1 0 0
    outer loop
      vertex 6 30 193.125
      vertex 6 16 195
      vertex 6 29.5111 193.087
    endloop
  endfacet
  facet normal 1 0 0
    outer loop
      vertex 6 30.4756 193.088
      vertex 6 16 195
      vertex 6 30 193.125
    endloop
  endfacet
  facet normal 1 0 0
    outer loop
      vertex 6 155 179
      vertex 6 140 170
      vertex 6 155 16
    endloop
  endfacet
  facet normal 1 0 0
    outer loop
      vertex 6 139 195
      vertex 6 140 170
      vertex 6 155 179
    endloop
  endfacet
  facet normal 1 0 0
    outer loop
      vertex 6 128.088 189.524
      vertex 6 139 195
      vertex 6 128.125 190
    endloop
  endfacet
  facet normal 1 0 0
    outer loop
      vertex 6 128.087 189.511
      vertex 6 139 195
      vertex 6 128.088 189.524
    endloop
  endfacet
  facet normal 1 0 0
    outer loop
      vertex 6 128.083 189.498
      vertex 6 139 195
      vertex 6 128.087 189.511
    endloop
  endfacet
  facet normal 1 0 0
    outer loop
      vertex 6 127.972 189.034
      vertex 6 139 195
      vertex 6 128.083 189.498
    endloop
  endfacet
  facet normal 1 0 0
    outer loop
      vertex 6 127.967 189.022
      vertex 6 139 195
      vertex 6 127.972 189.034
    endloop
  endfacet
  facet normal 1 0 0
    outer loop
      vertex 6 127.784 188.581
      vertex 6 139 195
      vertex 6 127.967 189.022
    endloop
  endfacet
  facet normal 1 0 0
    outer loop
      vertex 6 139 195
      vertex 6 127.784 188.581
      vertex 6 140 170
    endloop
  endfacet
  facet normal 1 -0 0
    outer loop
      vertex 6 127.535 188.175
      vertex 6 140 170
      vertex 6 127.784 188.581
    endloop
  endfacet
  facet normal 1 -0 0
    outer loop
      vertex 6 127.528 188.163
      vertex 6 140 170
      vertex 6 127.535 188.175
    endloop
  endfacet
  facet normal 1 -0 0
    outer loop
      vertex 6 127.52 188.153
      vertex 6 140 170
      vertex 6 127.528 188.163
    endloop
  endfacet
  facet normal 1 -0 0
    outer loop
      vertex 6 127.21 187.79
      vertex 6 140 170
      vertex 6 127.52 188.153
    endloop
  endfacet
  facet normal 1 -0 0
    outer loop
      vertex 6 126.847 187.48
      vertex 6 140 170
      vertex 6 127.21 187.79
    endloop
  endfacet
  facet normal 1 -0 0
    outer loop
      vertex 6 126.837 187.472
      vertex 6 140 170
      vertex 6 126.847 187.48
    endloop
  endfacet
  facet normal 1 -0 0
    outer loop
      vertex 6 126.825 187.465
      vertex 6 140 170
      vertex 6 126.837 187.472
    endloop
  endfacet
  facet normal 1 -0 0
    outer loop
      vertex 6 126.419 187.216
      vertex 6 140 170
      vertex 6 126.825 187.465
    endloop
  endfacet
  facet normal 1 -0 0
    outer loop
      vertex 6 125.978 187.033
      vertex 6 140 170
      vertex 6 126.419 187.216
    endloop
  endfacet
  facet normal 1 -0 0
    outer loop
      vertex 6 125.966 187.028
      vertex 6 140 170
      vertex 6 125.978 187.033
    endloop
  endfacet
  facet normal 1 -0 0
    outer loop
      vertex 6 125.502 186.917
      vertex 6 140 170
      vertex 6 125.966 187.028
    endloop
  endfacet
  facet normal 1 -0 0
    outer loop
      vertex 6 125.489 186.913
      vertex 6 140 170
      vertex 6 125.502 186.917
    endloop
  endfacet
  facet normal 1 -0 0
    outer loop
      vertex 6 125.476 186.912
      vertex 6 140 170
      vertex 6 125.489 186.913
    endloop
  endfacet
  facet normal 1 -0 0
    outer loop
      vertex 6 125 186.875
      vertex 6 140 170
      vertex 6 125.476 186.912
    endloop
  endfacet
  facet normal 1 0 0
    outer loop
      vertex 6 124.524 186.912
      vertex 6 140 170
      vertex 6 125 186.875
    endloop
  endfacet
  facet normal 1 0 0
    outer loop
      vertex 6 124.511 186.913
      vertex 6 140 170
      vertex 6 124.524 186.912
    endloop
  endfacet
  facet normal 1 0 0
    outer loop
      vertex 6 124.498 186.917
      vertex 6 140 170
      vertex 6 124.511 186.913
    endloop
  endfacet
  facet normal 1 0 0
    outer loop
      vertex 6 124.034 187.028
      vertex 6 140 170
      vertex 6 124.498 186.917
    endloop
  endfacet
  facet normal 1 0 0
    outer loop
      vertex 6 92 170
      vertex 6 124.034 187.028
      vertex 6 124.022 187.033
    endloop
  endfacet
  facet normal 1 0 0
    outer loop
      vertex 6 92 170
      vertex 6 124.022 187.033
      vertex 6 123.581 187.216
    endloop
  endfacet
  facet normal 1 0 0
    outer loop
      vertex 6 92 170
      vertex 6 123.581 187.216
      vertex 6 123.175 187.465
    endloop
  endfacet
  facet normal 1 0 0
    outer loop
      vertex 6 92 170
      vertex 6 123.175 187.465
      vertex 6 123.163 187.472
    endloop
  endfacet
  facet normal 1 0 0
    outer loop
      vertex 6 92 170
      vertex 6 123.163 187.472
      vertex 6 123.153 187.48
    endloop
  endfacet
  facet normal 1 0 0
    outer loop
      vertex 6 92 170
      vertex 6 123.153 187.48
      vertex 6 122.79 187.79
    endloop
  endfacet
  facet normal 1 0 0
    outer loop
      vertex 6 92 170
      vertex 6 122.033 189.022
      vertex 6 122.028 189.034
    endloop
  endfacet
  facet normal 1 0 0
    outer loop
      vertex 6 92 170
      vertex 6 121.912 189.524
      vertex 6 121.875 190
    endloop
  endfacet
  facet normal 1 0 0
    outer loop
      vertex 6 124.034 187.028
      vertex 6 92 170
      vertex 6 140 170
    endloop
  endfacet
  facet normal 1 0 0
    outer loop
      vertex 6 122.48 188.153
      vertex 6 92 170
      vertex 6 122.79 187.79
    endloop
  endfacet
  facet normal 1 0 0
    outer loop
      vertex 6 122.472 188.163
      vertex 6 92 170
      vertex 6 122.48 188.153
    endloop
  endfacet
  facet normal 1 0 0
    outer loop
      vertex 6 122.465 188.175
      vertex 6 92 170
      vertex 6 122.472 188.163
    endloop
  endfacet
  facet normal 1 0 0
    outer loop
      vertex 6 122.216 188.581
      vertex 6 92 170
      vertex 6 122.465 188.175
    endloop
  endfacet
  facet normal 1 0 0
    outer loop
      vertex 6 122.033 189.022
      vertex 6 92 170
      vertex 6 122.216 188.581
    endloop
  endfacet
  facet normal 1 0 0
    outer loop
      vertex 6 121.917 189.498
      vertex 6 92 170
      vertex 6 122.028 189.034
    endloop
  endfacet
  facet normal 1 0 0
    outer loop
      vertex 6 121.913 189.511
      vertex 6 92 170
      vertex 6 121.917 189.498
    endloop
  endfacet
  facet normal 1 0 0
    outer loop
      vertex 6 121.912 189.524
      vertex 6 92 170
      vertex 6 121.913 189.511
    endloop
  endfacet
  facet normal 1 -0 0
    outer loop
      vertex 6 140 25
      vertex 6 155 16
      vertex 6 140 170
    endloop
  endfacet
  facet normal 1 0 0
    outer loop
      vertex 6 140 25
      vertex 6 139 0
      vertex 6 155 16
    endloop
  endfacet
  facet normal 1 -0 0
    outer loop
      vertex 6 127.784 6.41872
      vertex 6 139 0
      vertex 6 140 25
    endloop
  endfacet
  facet normal 1 0 0
    outer loop
      vertex 6 139 0
      vertex 6 128.088 5.47556
      vertex 6 128.125 5
    endloop
  endfacet
  facet normal 1 0 0
    outer loop
      vertex 6 139 0
      vertex 6 128.087 5.48886
      vertex 6 128.088 5.47556
    endloop
  endfacet
  facet normal 1 0 0
    outer loop
      vertex 6 139 0
      vertex 6 128.083 5.50183
      vertex 6 128.087 5.48886
    endloop
  endfacet
  facet normal 1 0 0
    outer loop
      vertex 6 139 0
      vertex 6 127.972 5.96568
      vertex 6 128.083 5.50183
    endloop
  endfacet
  facet normal 1 0 0
    outer loop
      vertex 6 139 0
      vertex 6 127.967 5.978
      vertex 6 127.972 5.96568
    endloop
  endfacet
  facet normal 1 0 0
    outer loop
      vertex 6 139 0
      vertex 6 127.784 6.41872
      vertex 6 127.967 5.978
    endloop
  endfacet
  facet normal 1 0 0
    outer loop
      vertex 6 140 25
      vertex 6 127.535 6.82546
      vertex 6 127.784 6.41872
    endloop
  endfacet
  facet normal 1 0 0
    outer loop
      vertex 6 140 25
      vertex 6 127.528 6.83683
      vertex 6 127.535 6.82546
    endloop
  endfacet
  facet normal 1 0 0
    outer loop
      vertex 6 140 25
      vertex 6 127.52 6.84697
      vertex 6 127.528 6.83683
    endloop
  endfacet
  facet normal 1 0 0
    outer loop
      vertex 6 140 25
      vertex 6 127.21 7.20971
      vertex 6 127.52 6.84697
    endloop
  endfacet
  facet normal 1 0 0
    outer loop
      vertex 6 140 25
      vertex 6 126.847 7.51952
      vertex 6 127.21 7.20971
    endloop
  endfacet
  facet normal 1 0 0
    outer loop
      vertex 6 140 25
      vertex 6 126.837 7.52818
      vertex 6 126.847 7.51952
    endloop
  endfacet
  facet normal 1 0 0
    outer loop
      vertex 6 140 25
      vertex 6 126.825 7.53515
      vertex 6 126.837 7.52818
    endloop
  endfacet
  facet normal 1 0 0
    outer loop
      vertex 6 140 25
      vertex 6 126.419 7.78439
      vertex 6 126.825 7.53515
    endloop
  endfacet
  facet normal 1 0 0
    outer loop
      vertex 6 140 25
      vertex 6 125.978 7.96695
      vertex 6 126.419 7.78439
    endloop
  endfacet
  facet normal 1 0 0
    outer loop
      vertex 6 140 25
      vertex 6 125.966 7.97205
      vertex 6 125.978 7.96695
    endloop
  endfacet
  facet normal 1 0 0
    outer loop
      vertex 6 140 25
      vertex 6 125.502 8.08341
      vertex 6 125.966 7.97205
    endloop
  endfacet
  facet normal 1 0 0
    outer loop
      vertex 6 140 25
      vertex 6 125.489 8.08653
      vertex 6 125.502 8.08341
    endloop
  endfacet
  facet normal 1 0 0
    outer loop
      vertex 6 140 25
      vertex 6 125.476 8.08757
      vertex 6 125.489 8.08653
    endloop
  endfacet
  facet normal 1 0 0
    outer loop
      vertex 6 140 25
      vertex 6 125 8.125
      vertex 6 125.476 8.08757
    endloop
  endfacet
  facet normal 1 0 0
    outer loop
      vertex 6 140 25
      vertex 6 124.524 8.08757
      vertex 6 125 8.125
    endloop
  endfacet
  facet normal 1 0 0
    outer loop
      vertex 6 140 25
      vertex 6 124.511 8.08653
      vertex 6 124.524 8.08757
    endloop
  endfacet
  facet normal 1 0 0
    outer loop
      vertex 6 140 25
      vertex 6 124.498 8.08341
      vertex 6 124.511 8.08653
    endloop
  endfacet
  facet normal 1 0 0
    outer loop
      vertex 6 140 25
      vertex 6 124.034 7.97205
      vertex 6 124.498 8.08341
    endloop
  endfacet
  facet normal 1 -0 0
    outer loop
      vertex 6 92 25
      vertex 6 124.034 7.97205
      vertex 6 140 25
    endloop
  endfacet
  facet normal 1 0 0
    outer loop
      vertex 6 124.034 7.97205
      vertex 6 92 25
      vertex 6 124.022 7.96695
    endloop
  endfacet
  facet normal 1 0 0
    outer loop
      vertex 6 124.022 7.96695
      vertex 6 92 25
      vertex 6 123.581 7.78439
    endloop
  endfacet
  facet normal 1 0 0
    outer loop
      vertex 6 123.581 7.78439
      vertex 6 92 25
      vertex 6 123.175 7.53515
    endloop
  endfacet
  facet normal 1 0 0
    outer loop
      vertex 6 123.175 7.53515
      vertex 6 92 25
      vertex 6 123.163 7.52818
    endloop
  endfacet
  facet normal 1 0 0
    outer loop
      vertex 6 123.163 7.52818
      vertex 6 92 25
      vertex 6 123.153 7.51952
    endloop
  endfacet
  facet normal 1 0 0
    outer loop
      vertex 6 92 25
      vertex 6 121.912 5.47556
      vertex 6 121.913 5.48886
    endloop
  endfacet
  facet normal 1 0 0
    outer loop
      vertex 6 121.912 5.47556
      vertex 6 92 25
      vertex 6 121.875 5
    endloop
  endfacet
  facet normal 1 0 0
    outer loop
      vertex 6 121.917 5.50183
      vertex 6 92 25
      vertex 6 121.913 5.48886
    endloop
  endfacet
  facet normal 1 0 0
    outer loop
      vertex 6 122.028 5.96568
      vertex 6 92 25
      vertex 6 121.917 5.50183
    endloop
  endfacet
  facet normal 1 0 0
    outer loop
      vertex 6 122.033 5.978
      vertex 6 92 25
      vertex 6 122.028 5.96568
    endloop
  endfacet
  facet normal 1 0 0
    outer loop
      vertex 6 122.216 6.41872
      vertex 6 92 25
      vertex 6 122.033 5.978
    endloop
  endfacet
  facet normal 1 0 0
    outer loop
      vertex 6 122.465 6.82546
      vertex 6 92 25
      vertex 6 122.216 6.41872
    endloop
  endfacet
  facet normal 1 0 0
    outer loop
      vertex 6 122.472 6.83683
      vertex 6 92 25
      vertex 6 122.465 6.82546
    endloop
  endfacet
  facet normal 1 0 0
    outer loop
      vertex 6 122.48 6.84697
      vertex 6 92 25
      vertex 6 122.472 6.83683
    endloop
  endfacet
  facet normal 1 0 0
    outer loop
      vertex 6 122.79 7.20971
      vertex 6 92 25
      vertex 6 122.48 6.84697
    endloop
  endfacet
  facet normal 1 0 0
    outer loop
      vertex 6 123.153 7.51952
      vertex 6 92 25
      vertex 6 122.79 7.20971
    endloop
  endfacet
  facet normal 1 -0 0
    outer loop
      vertex 6 128.088 4.52444
      vertex 6 139 0
      vertex 6 128.125 5
    endloop
  endfacet
  facet normal 1 -0 0
    outer loop
      vertex 6 128.087 4.51114
      vertex 6 139 0
      vertex 6 128.088 4.52444
    endloop
  endfacet
  facet normal 1 -0 0
    outer loop
      vertex 6 128.083 4.49817
      vertex 6 139 0
      vertex 6 128.087 4.51114
    endloop
  endfacet
  facet normal 1 -0 0
    outer loop
      vertex 6 127.972 4.03432
      vertex 6 139 0
      vertex 6 128.083 4.49817
    endloop
  endfacet
  facet normal 1 -0 0
    outer loop
      vertex 6 127.967 4.022
      vertex 6 139 0
      vertex 6 127.972 4.03432
    endloop
  endfacet
  facet normal 1 -0 0
    outer loop
      vertex 6 127.784 3.58128
      vertex 6 139 0
      vertex 6 127.967 4.022
    endloop
  endfacet
  facet normal 1 -0 0
    outer loop
      vertex 6 127.535 3.17454
      vertex 6 139 0
      vertex 6 127.784 3.58128
    endloop
  endfacet
  facet normal 1 -0 0
    outer loop
      vertex 6 127.528 3.16317
      vertex 6 139 0
      vertex 6 127.535 3.17454
    endloop
  endfacet
  facet normal 1 -0 0
    outer loop
      vertex 6 127.52 3.15303
      vertex 6 139 0
      vertex 6 127.528 3.16317
    endloop
  endfacet
  facet normal 1 -0 0
    outer loop
      vertex 6 127.21 2.79029
      vertex 6 139 0
      vertex 6 127.52 3.15303
    endloop
  endfacet
  facet normal 1 -0 0
    outer loop
      vertex 6 126.847 2.48048
      vertex 6 139 0
      vertex 6 127.21 2.79029
    endloop
  endfacet
  facet normal 1 -0 0
    outer loop
      vertex 6 126.837 2.47182
      vertex 6 139 0
      vertex 6 126.847 2.48048
    endloop
  endfacet
  facet normal 1 -0 0
    outer loop
      vertex 6 126.825 2.46485
      vertex 6 139 0
      vertex 6 126.837 2.47182
    endloop
  endfacet
  facet normal 1 -0 0
    outer loop
      vertex 6 126.419 2.21561
      vertex 6 139 0
      vertex 6 126.825 2.46485
    endloop
  endfacet
  facet normal 1 -0 0
    outer loop
      vertex 6 125.978 2.03305
      vertex 6 139 0
      vertex 6 126.419 2.21561
    endloop
  endfacet
  facet normal 1 -0 0
    outer loop
      vertex 6 125.966 2.02795
      vertex 6 139 0
      vertex 6 125.978 2.03305
    endloop
  endfacet
  facet normal 1 -0 0
    outer loop
      vertex 6 125.502 1.91659
      vertex 6 139 0
      vertex 6 125.966 2.02795
    endloop
  endfacet
  facet normal 1 -0 0
    outer loop
      vertex 6 125.489 1.91347
      vertex 6 139 0
      vertex 6 125.502 1.91659
    endloop
  endfacet
  facet normal 1 -0 0
    outer loop
      vertex 6 125.476 1.91243
      vertex 6 139 0
      vertex 6 125.489 1.91347
    endloop
  endfacet
  facet normal 1 -0 0
    outer loop
      vertex 6 125 1.875
      vertex 6 139 0
      vertex 6 125.476 1.91243
    endloop
  endfacet
  facet normal 1 0 0
    outer loop
      vertex 6 124.524 1.91243
      vertex 6 139 0
      vertex 6 125 1.875
    endloop
  endfacet
  facet normal 1 0 0
    outer loop
      vertex 6 124.511 1.91347
      vertex 6 139 0
      vertex 6 124.524 1.91243
    endloop
  endfacet
  facet normal 1 0 0
    outer loop
      vertex 6 123.581 2.21561
      vertex 6 124.034 2.02795
      vertex 6 124.022 2.03305
    endloop
  endfacet
  facet normal 1 0 0
    outer loop
      vertex 6 123.163 2.47182
      vertex 6 123.581 2.21561
      vertex 6 123.175 2.46485
    endloop
  endfacet
  facet normal 1 0 0
    outer loop
      vertex 6 122.79 2.79029
      vertex 6 123.163 2.47182
      vertex 6 123.153 2.48048
    endloop
  endfacet
  facet normal 1 0 0
    outer loop
      vertex 6 92 25
      vertex 6 121.912 4.52444
      vertex 6 121.875 5
    endloop
  endfacet
  facet normal 1 0 0
    outer loop
      vertex 6 121.912 4.52444
      vertex 6 92 25
      vertex 6 121.913 4.51114
    endloop
  endfacet
  facet normal 1 0 0
    outer loop
      vertex 6 92 25
      vertex 6 121.917 4.49817
      vertex 6 121.913 4.51114
    endloop
  endfacet
  facet normal 1 0 0
    outer loop
      vertex 6 92 25
      vertex 6 122.028 4.03432
      vertex 6 121.917 4.49817
    endloop
  endfacet
  facet normal 1 0 0
    outer loop
      vertex 6 92 25
      vertex 6 122.033 4.022
      vertex 6 122.028 4.03432
    endloop
  endfacet
  facet normal 1 0 0
    outer loop
      vertex 6 92 25
      vertex 6 122.216 3.58128
      vertex 6 122.033 4.022
    endloop
  endfacet
  facet normal 1 -0 0
    outer loop
      vertex 6 87 25
      vertex 6 122.216 3.58128
      vertex 6 92 25
    endloop
  endfacet
  facet normal 1 0 0
    outer loop
      vertex 6 122.216 3.58128
      vertex 6 87 25
      vertex 6 122.465 3.17454
    endloop
  endfacet
  facet normal 1 0 0
    outer loop
      vertex 6 122.465 3.17454
      vertex 6 87 25
      vertex 6 122.472 3.16317
    endloop
  endfacet
  facet normal 1 0 0
    outer loop
      vertex 6 32.5282 3.16317
      vertex 6 122.472 3.16317
      vertex 6 87 25
    endloop
  endfacet
  facet normal 1 0 0
    outer loop
      vertex 6 122.472 3.16317
      vertex 6 32.5282 3.16317
      vertex 6 122.48 3.15303
    endloop
  endfacet
  facet normal 1 0 0
    outer loop
      vertex 6 87 25
      vertex 6 92 25
      vertex 6 87 170
    endloop
  endfacet
  facet normal 1 0 0
    outer loop
      vertex 6 122.48 3.15303
      vertex 6 32.5282 3.16317
      vertex 6 122.79 2.79029
    endloop
  endfacet
  facet normal 1 0 0
    outer loop
      vertex 6 33.0876 4.52444
      vertex 6 87 25
      vertex 6 33.125 5
    endloop
  endfacet
  facet normal 1 0 0
    outer loop
      vertex 6 33.0865 4.51114
      vertex 6 87 25
      vertex 6 33.0876 4.52444
    endloop
  endfacet
  facet normal 1 0 0
    outer loop
      vertex 6 33.0834 4.49817
      vertex 6 87 25
      vertex 6 33.0865 4.51114
    endloop
  endfacet
  facet normal 1 0 0
    outer loop
      vertex 6 32.972 4.03432
      vertex 6 87 25
      vertex 6 33.0834 4.49817
    endloop
  endfacet
  facet normal 1 0 0
    outer loop
      vertex 6 32.9669 4.022
      vertex 6 87 25
      vertex 6 32.972 4.03432
    endloop
  endfacet
  facet normal 1 0 0
    outer loop
      vertex 6 32.7844 3.58128
      vertex 6 87 25
      vertex 6 32.9669 4.022
    endloop
  endfacet
  facet normal 1 0 0
    outer loop
      vertex 6 32.5351 3.17454
      vertex 6 87 25
      vertex 6 32.7844 3.58128
    endloop
  endfacet
  facet normal 1 0 0
    outer loop
      vertex 6 32.5282 3.16317
      vertex 6 87 25
      vertex 6 32.5351 3.17454
    endloop
  endfacet
  facet normal 1 -0 0
    outer loop
      vertex 6 32.5195 3.15303
      vertex 6 122.79 2.79029
      vertex 6 32.5282 3.16317
    endloop
  endfacet
  facet normal 1 0 0
    outer loop
      vertex 6 32.2097 2.79029
      vertex 6 122.79 2.79029
      vertex 6 32.5195 3.15303
    endloop
  endfacet
  facet normal 1 0 0
    outer loop
      vertex 6 122.79 2.79029
      vertex 6 32.2097 2.79029
      vertex 6 123.163 2.47182
    endloop
  endfacet
  facet normal 1 -0 0
    outer loop
      vertex 6 31.847 2.48048
      vertex 6 123.163 2.47182
      vertex 6 32.2097 2.79029
    endloop
  endfacet
  facet normal 1 0 0
    outer loop
      vertex 6 31.8368 2.47182
      vertex 6 123.163 2.47182
      vertex 6 31.847 2.48048
    endloop
  endfacet
  facet normal 1 0 0
    outer loop
      vertex 6 123.163 2.47182
      vertex 6 31.8368 2.47182
      vertex 6 123.581 2.21561
    endloop
  endfacet
  facet normal 1 -0 0
    outer loop
      vertex 6 31.8255 2.46485
      vertex 6 123.581 2.21561
      vertex 6 31.8368 2.47182
    endloop
  endfacet
  facet normal 1 0 0
    outer loop
      vertex 6 31.4187 2.21561
      vertex 6 123.581 2.21561
      vertex 6 31.8255 2.46485
    endloop
  endfacet
  facet normal 1 0 0
    outer loop
      vertex 6 123.581 2.21561
      vertex 6 31.4187 2.21561
      vertex 6 124.034 2.02795
    endloop
  endfacet
  facet normal 1 -0 0
    outer loop
      vertex 6 30.978 2.03305
      vertex 6 124.034 2.02795
      vertex 6 31.4187 2.21561
    endloop
  endfacet
  facet normal 1 0 0
    outer loop
      vertex 6 30.9657 2.02795
      vertex 6 124.034 2.02795
      vertex 6 30.978 2.03305
    endloop
  endfacet
  facet normal 1 0 0
    outer loop
      vertex 6 124.034 2.02795
      vertex 6 30.9657 2.02795
      vertex 6 124.498 1.91659
    endloop
  endfacet
  facet normal 1 0 0
    outer loop
      vertex 6 124.498 1.91659
      vertex 6 30.9657 2.02795
      vertex 6 124.511 1.91347
    endloop
  endfacet
  facet normal 1 -0 0
    outer loop
      vertex 6 30.5018 1.91659
      vertex 6 124.511 1.91347
      vertex 6 30.9657 2.02795
    endloop
  endfacet
  facet normal 1 0 0
    outer loop
      vertex 6 30.4889 1.91347
      vertex 6 124.511 1.91347
      vertex 6 30.5018 1.91659
    endloop
  endfacet
  facet normal 1 0 0
    outer loop
      vertex 6 124.511 1.91347
      vertex 6 30.4889 1.91347
      vertex 6 139 0
    endloop
  endfacet
  facet normal 1 0 0
    outer loop
      vertex 6 16 0
      vertex 6 30.4889 1.91347
      vertex 6 30.4756 1.91243
    endloop
  endfacet
  facet normal 1 0 0
    outer loop
      vertex 6 16 0
      vertex 6 30.4756 1.91243
      vertex 6 30 1.875
    endloop
  endfacet
  facet normal 1 0 0
    outer loop
      vertex 6 29.5111 1.91347
      vertex 6 30 1.875
      vertex 6 29.5244 1.91243
    endloop
  endfacet
  facet normal 1 0 0
    outer loop
      vertex 6 16 0
      vertex 6 26.9166 4.49817
      vertex 6 26.9135 4.51114
    endloop
  endfacet
  facet normal 1 0 0
    outer loop
      vertex 6 16 0
      vertex 6 26.9124 4.52444
      vertex 6 26.875 5
    endloop
  endfacet
  facet normal 1 0 0
    outer loop
      vertex 6 30.4889 1.91347
      vertex 6 16 0
      vertex 6 139 0
    endloop
  endfacet
  facet normal 1 0 0
    outer loop
      vertex 6 29.5111 1.91347
      vertex 6 16 0
      vertex 6 30 1.875
    endloop
  endfacet
  facet normal 1 0 0
    outer loop
      vertex 6 29.4982 1.91659
      vertex 6 16 0
      vertex 6 29.5111 1.91347
    endloop
  endfacet
  facet normal 1 0 0
    outer loop
      vertex 6 29.0343 2.02795
      vertex 6 16 0
      vertex 6 29.4982 1.91659
    endloop
  endfacet
  facet normal 1 0 0
    outer loop
      vertex 6 29.022 2.03305
      vertex 6 16 0
      vertex 6 29.0343 2.02795
    endloop
  endfacet
  facet normal 1 0 0
    outer loop
      vertex 6 28.5813 2.21561
      vertex 6 16 0
      vertex 6 29.022 2.03305
    endloop
  endfacet
  facet normal 1 0 0
    outer loop
      vertex 6 28.1745 2.46485
      vertex 6 16 0
      vertex 6 28.5813 2.21561
    endloop
  endfacet
  facet normal 1 0 0
    outer loop
      vertex 6 28.1632 2.47182
      vertex 6 16 0
      vertex 6 28.1745 2.46485
    endloop
  endfacet
  facet normal 1 0 0
    outer loop
      vertex 6 28.153 2.48048
      vertex 6 16 0
      vertex 6 28.1632 2.47182
    endloop
  endfacet
  facet normal 1 0 0
    outer loop
      vertex 6 27.7903 2.79029
      vertex 6 16 0
      vertex 6 28.153 2.48048
    endloop
  endfacet
  facet normal 1 0 0
    outer loop
      vertex 6 27.4805 3.15303
      vertex 6 16 0
      vertex 6 27.7903 2.79029
    endloop
  endfacet
  facet normal 1 0 0
    outer loop
      vertex 6 27.4718 3.16317
      vertex 6 16 0
      vertex 6 27.4805 3.15303
    endloop
  endfacet
  facet normal 1 0 0
    outer loop
      vertex 6 27.4649 3.17454
      vertex 6 16 0
      vertex 6 27.4718 3.16317
    endloop
  endfacet
  facet normal 1 0 0
    outer loop
      vertex 6 27.2156 3.58128
      vertex 6 16 0
      vertex 6 27.4649 3.17454
    endloop
  endfacet
  facet normal 1 0 0
    outer loop
      vertex 6 27.0331 4.022
      vertex 6 16 0
      vertex 6 27.2156 3.58128
    endloop
  endfacet
  facet normal 1 0 0
    outer loop
      vertex 6 27.0279 4.03432
      vertex 6 16 0
      vertex 6 27.0331 4.022
    endloop
  endfacet
  facet normal 1 0 0
    outer loop
      vertex 6 26.9166 4.49817
      vertex 6 16 0
      vertex 6 27.0279 4.03432
    endloop
  endfacet
  facet normal 1 0 0
    outer loop
      vertex 6 26.9124 4.52444
      vertex 6 16 0
      vertex 6 26.9135 4.51114
    endloop
  endfacet
  facet normal 0 0 -1
    outer loop
      vertex 0 16 0
      vertex 6 139 0
      vertex 6 16 0
    endloop
  endfacet
  facet normal -0 0 -1
    outer loop
      vertex 6 139 0
      vertex 0 16 0
      vertex 0 139 0
    endloop
  endfacet
  facet normal -1 -0 0
    outer loop
      vertex 0 17 165.364
      vertex 0 16.6437 164.504
      vertex 0 17 168
    endloop
  endfacet
  facet normal -1 0 0
    outer loop
      vertex 0 0 16
      vertex 0 17 35.0644
      vertex 0 16.6437 34.2041
    endloop
  endfacet
  facet normal -1 -0 0
    outer loop
      vertex 0 17 35.0644
      vertex 0 0 16
      vertex 0 17 159.936
    endloop
  endfacet
  facet normal -1 0 0
    outer loop
      vertex 0 0 16
      vertex 0 16.6437 34.2041
      vertex 0 16.4239 33.2886
    endloop
  endfacet
  facet normal -1 0 0
    outer loop
      vertex 0 0 179
      vertex 0 17 159.936
      vertex 0 0 16
    endloop
  endfacet
  facet normal -1 0 0
    outer loop
      vertex 0 0 16
      vertex 0 16.4239 33.2886
      vertex 0 16.35 32.35
    endloop
  endfacet
  facet normal -1 0 0
    outer loop
      vertex 0 17 159.936
      vertex 0 0 179
      vertex 0 16.6437 160.796
    endloop
  endfacet
  facet normal -1 0 0
    outer loop
      vertex 0 76.9356 168
      vertex 0 31.6791 189.734
      vertex 0 31.7 190
    endloop
  endfacet
  facet normal -1 0 0
    outer loop
      vertex 0 76.9356 168
      vertex 0 31.6168 189.475
      vertex 0 31.6791 189.734
    endloop
  endfacet
  facet normal -1 0 0
    outer loop
      vertex 0 76.9356 168
      vertex 0 31.5147 189.228
      vertex 0 31.6168 189.475
    endloop
  endfacet
  facet normal -1 0 0
    outer loop
      vertex 0 76.9356 168
      vertex 0 31.3753 189.001
      vertex 0 31.5147 189.228
    endloop
  endfacet
  facet normal -1 0 0
    outer loop
      vertex 0 76.9356 168
      vertex 0 31.2021 188.798
      vertex 0 31.3753 189.001
    endloop
  endfacet
  facet normal -1 0 0
    outer loop
      vertex 0 25.0644 168
      vertex 0 31.2021 188.798
      vertex 0 76.9356 168
    endloop
  endfacet
  facet normal -1 0 0
    outer loop
      vertex 0 31.2021 188.798
      vertex 0 25.0644 168
      vertex 0 30.9992 188.625
    endloop
  endfacet
  facet normal -1 0 0
    outer loop
      vertex 0 30.9992 188.625
      vertex 0 25.0644 168
      vertex 0 30.7718 188.485
    endloop
  endfacet
  facet normal -1 0 0
    outer loop
      vertex 0 30.7718 188.485
      vertex 0 25.0644 168
      vertex 0 30.5253 188.383
    endloop
  endfacet
  facet normal -1 0 0
    outer loop
      vertex 0 30.5253 188.383
      vertex 0 25.0644 168
      vertex 0 30.2659 188.321
    endloop
  endfacet
  facet normal -1 0 0
    outer loop
      vertex 0 30.2659 188.321
      vertex 0 25.0644 168
      vertex 0 30 188.3
    endloop
  endfacet
  facet normal -1 -0 0
    outer loop
      vertex 0 30 188.3
      vertex 0 25.0644 168
      vertex 0 29.7341 188.321
    endloop
  endfacet
  facet normal -1 0 0
    outer loop
      vertex 0 24.2041 168.356
      vertex 0 29.7341 188.321
      vertex 0 25.0644 168
    endloop
  endfacet
  facet normal -1 -0 0
    outer loop
      vertex 0 28.7979 188.798
      vertex 0 21.4114 168.576
      vertex 0 28.6247 189.001
    endloop
  endfacet
  facet normal -1 0 0
    outer loop
      vertex 0 21.4114 168.576
      vertex 0 28.7979 188.798
      vertex 0 22.35 168.65
    endloop
  endfacet
  facet normal -1 -0 0
    outer loop
      vertex 0 29.0008 188.625
      vertex 0 22.35 168.65
      vertex 0 28.7979 188.798
    endloop
  endfacet
  facet normal -1 -0 0
    outer loop
      vertex 0 29.2282 188.485
      vertex 0 22.35 168.65
      vertex 0 29.0008 188.625
    endloop
  endfacet
  facet normal -1 0 0
    outer loop
      vertex 0 22.35 168.65
      vertex 0 29.2282 188.485
      vertex 0 23.2886 168.576
    endloop
  endfacet
  facet normal -1 -0 0
    outer loop
      vertex 0 29.4747 188.383
      vertex 0 23.2886 168.576
      vertex 0 29.2282 188.485
    endloop
  endfacet
  facet normal -1 0 0
    outer loop
      vertex 0 23.2886 168.576
      vertex 0 29.4747 188.383
      vertex 0 24.2041 168.356
    endloop
  endfacet
  facet normal -1 -0 0
    outer loop
      vertex 0 29.7341 188.321
      vertex 0 24.2041 168.356
      vertex 0 29.4747 188.383
    endloop
  endfacet
  facet normal -1 0 0
    outer loop
      vertex 0 85 35.0644
      vertex 0 94 35.0644
      vertex 0 85.3563 34.2041
    endloop
  endfacet
  facet normal -1 0 0
    outer loop
      vertex 0 94 159.936
      vertex 0 85.5761 161.711
      vertex 0 85.65 162.65
    endloop
  endfacet
  facet normal -1 0 0
    outer loop
      vertex 0 94 35.0644
      vertex 0 85 35.0644
      vertex 0 94 159.936
    endloop
  endfacet
  facet normal -1 0 0
    outer loop
      vertex 0 94 159.936
      vertex 0 85.3563 160.796
      vertex 0 85.5761 161.711
    endloop
  endfacet
  facet normal -1 0 0
    outer loop
      vertex 0 85 159.936
      vertex 0 94 159.936
      vertex 0 85 35.0644
    endloop
  endfacet
  facet normal -1 0 0
    outer loop
      vertex 0 94 159.936
      vertex 0 85 159.936
      vertex 0 85.3563 160.796
    endloop
  endfacet
  facet normal -1 -0 0
    outer loop
      vertex 0 94 165.364
      vertex 0 93.6437 164.504
      vertex 0 94 168
    endloop
  endfacet
  facet normal -1 0 0
    outer loop
      vertex 0 93.4239 33.2886
      vertex 0 85.5761 33.2886
      vertex 0 93.6437 34.2041
    endloop
  endfacet
  facet normal -1 0 0
    outer loop
      vertex 0 85.3563 34.2041
      vertex 0 93.6437 34.2041
      vertex 0 85.5761 33.2886
    endloop
  endfacet
  facet normal -1 0 0
    outer loop
      vertex 0 85.5761 33.2886
      vertex 0 93.4239 33.2886
      vertex 0 85.65 32.35
    endloop
  endfacet
  facet normal -1 0 0
    outer loop
      vertex 0 93.6437 34.2041
      vertex 0 85.3563 34.2041
      vertex 0 94 35.0644
    endloop
  endfacet
  facet normal -1 0 0
    outer loop
      vertex 0 85.65 32.35
      vertex 0 93.4239 33.2886
      vertex 0 93.35 32.35
    endloop
  endfacet
  facet normal -1 0 0
    outer loop
      vertex 0 94 159.936
      vertex 0 85.65 162.65
      vertex 0 93.6437 160.796
    endloop
  endfacet
  facet normal -1 0 0
    outer loop
      vertex 0 85.3563 30.4959
      vertex 0 85 27
      vertex 0 85 29.6356
    endloop
  endfacet
  facet normal -1 0 0
    outer loop
      vertex 0 31.6791 5.26594
      vertex 0 76.9356 27
      vertex 0 31.7 5
    endloop
  endfacet
  facet normal -1 0 0
    outer loop
      vertex 0 31.6168 5.52533
      vertex 0 76.9356 27
      vertex 0 31.6791 5.26594
    endloop
  endfacet
  facet normal -1 0 0
    outer loop
      vertex 0 31.5147 5.77178
      vertex 0 76.9356 27
      vertex 0 31.6168 5.52533
    endloop
  endfacet
  facet normal -1 0 0
    outer loop
      vertex 0 31.3753 5.99923
      vertex 0 76.9356 27
      vertex 0 31.5147 5.77178
    endloop
  endfacet
  facet normal -1 0 0
    outer loop
      vertex 0 31.2021 6.20208
      vertex 0 76.9356 27
      vertex 0 31.3753 5.99923
    endloop
  endfacet
  facet normal -1 0 0
    outer loop
      vertex 0 25.0644 27
      vertex 0 31.2021 6.20208
      vertex 0 30.9992 6.37533
    endloop
  endfacet
  facet normal -1 0 0
    outer loop
      vertex 0 25.0644 27
      vertex 0 30.9992 6.37533
      vertex 0 30.7718 6.51471
    endloop
  endfacet
  facet normal -1 0 0
    outer loop
      vertex 0 25.0644 27
      vertex 0 30.7718 6.51471
      vertex 0 30.5253 6.6168
    endloop
  endfacet
  facet normal -1 0 0
    outer loop
      vertex 0 25.0644 27
      vertex 0 30.5253 6.6168
      vertex 0 30.2659 6.67907
    endloop
  endfacet
  facet normal -1 0 0
    outer loop
      vertex 0 25.0644 27
      vertex 0 30.2659 6.67907
      vertex 0 30 6.7
    endloop
  endfacet
  facet normal -1 0 0
    outer loop
      vertex 0 25.0644 27
      vertex 0 30 6.7
      vertex 0 29.7341 6.67907
    endloop
  endfacet
  facet normal -1 0 0
    outer loop
      vertex 0 24.2041 26.6437
      vertex 0 29.7341 6.67907
      vertex 0 29.4747 6.6168
    endloop
  endfacet
  facet normal -1 0 0
    outer loop
      vertex 0 23.2886 26.4239
      vertex 0 29.4747 6.6168
      vertex 0 29.2282 6.51471
    endloop
  endfacet
  facet normal -1 0 0
    outer loop
      vertex 0 31.2021 6.20208
      vertex 0 25.0644 27
      vertex 0 76.9356 27
    endloop
  endfacet
  facet normal -1 0 0
    outer loop
      vertex 0 22.35 26.35
      vertex 0 29.2282 6.51471
      vertex 0 29.0008 6.37533
    endloop
  endfacet
  facet normal -1 0 0
    outer loop
      vertex 0 22.35 26.35
      vertex 0 29.0008 6.37533
      vertex 0 28.7979 6.20208
    endloop
  endfacet
  facet normal -1 0 0
    outer loop
      vertex 0 21.4114 26.4239
      vertex 0 28.7979 6.20208
      vertex 0 28.6247 5.99923
    endloop
  endfacet
  facet normal -1 0 0
    outer loop
      vertex 0 16 0
      vertex 0 28.6247 5.99923
      vertex 0 28.4853 5.77178
    endloop
  endfacet
  facet normal -1 0 0
    outer loop
      vertex 0 16 0
      vertex 0 28.4853 5.77178
      vertex 0 28.3832 5.52533
    endloop
  endfacet
  facet normal -1 0 0
    outer loop
      vertex 0 16 0
      vertex 0 28.3832 5.52533
      vertex 0 28.3209 5.26594
    endloop
  endfacet
  facet normal -1 0 0
    outer loop
      vertex 0 16 0
      vertex 0 28.3209 5.26594
      vertex 0 28.3 5
    endloop
  endfacet
  facet normal -1 0 0
    outer loop
      vertex 0 139 195
      vertex 0 126.679 189.734
      vertex 0 126.7 190
    endloop
  endfacet
  facet normal -1 0 0
    outer loop
      vertex 0 130.796 168.356
      vertex 0 126.617 189.475
      vertex 0 126.679 189.734
    endloop
  endfacet
  facet normal -1 0 0
    outer loop
      vertex 0 130.796 168.356
      vertex 0 126.515 189.228
      vertex 0 126.617 189.475
    endloop
  endfacet
  facet normal -1 0 0
    outer loop
      vertex 0 130.796 168.356
      vertex 0 126.375 189.001
      vertex 0 126.515 189.228
    endloop
  endfacet
  facet normal -1 0 0
    outer loop
      vertex 0 130.796 168.356
      vertex 0 126.202 188.798
      vertex 0 126.375 189.001
    endloop
  endfacet
  facet normal -1 0 0
    outer loop
      vertex 0 130.796 168.356
      vertex 0 125.999 188.625
      vertex 0 126.202 188.798
    endloop
  endfacet
  facet normal -1 0 0
    outer loop
      vertex 0 130.796 168.356
      vertex 0 125.772 188.485
      vertex 0 125.999 188.625
    endloop
  endfacet
  facet normal -1 0 0
    outer loop
      vertex 0 130.796 168.356
      vertex 0 125.525 188.383
      vertex 0 125.772 188.485
    endloop
  endfacet
  facet normal -1 0 0
    outer loop
      vertex 0 130.796 168.356
      vertex 0 125.266 188.321
      vertex 0 125.525 188.383
    endloop
  endfacet
  facet normal -1 0 0
    outer loop
      vertex 0 129.936 168
      vertex 0 125 188.3
      vertex 0 125.266 188.321
    endloop
  endfacet
  facet normal -1 0 0
    outer loop
      vertex 0 129.936 168
      vertex 0 124.734 188.321
      vertex 0 125 188.3
    endloop
  endfacet
  facet normal -1 0 0
    outer loop
      vertex 0 129.936 168
      vertex 0 124.475 188.383
      vertex 0 124.734 188.321
    endloop
  endfacet
  facet normal -1 0 0
    outer loop
      vertex 0 129.936 168
      vertex 0 124.228 188.485
      vertex 0 124.475 188.383
    endloop
  endfacet
  facet normal -1 0 0
    outer loop
      vertex 0 129.936 168
      vertex 0 124.001 188.625
      vertex 0 124.228 188.485
    endloop
  endfacet
  facet normal -1 0 0
    outer loop
      vertex 0 102.064 168
      vertex 0 124.001 188.625
      vertex 0 129.936 168
    endloop
  endfacet
  facet normal -1 -0 0
    outer loop
      vertex 0 124.001 188.625
      vertex 0 102.064 168
      vertex 0 123.798 188.798
    endloop
  endfacet
  facet normal -1 -0 0
    outer loop
      vertex 0 123.798 188.798
      vertex 0 102.064 168
      vertex 0 123.625 189.001
    endloop
  endfacet
  facet normal -1 -0 0
    outer loop
      vertex 0 123.625 189.001
      vertex 0 102.064 168
      vertex 0 123.485 189.228
    endloop
  endfacet
  facet normal -1 -0 0
    outer loop
      vertex 0 123.383 189.475
      vertex 0 101.204 168.356
      vertex 0 123.321 189.734
    endloop
  endfacet
  facet normal -1 0 0
    outer loop
      vertex 0 101.204 168.356
      vertex 0 123.383 189.475
      vertex 0 102.064 168
    endloop
  endfacet
  facet normal -1 -0 0
    outer loop
      vertex 0 123.485 189.228
      vertex 0 102.064 168
      vertex 0 123.383 189.475
    endloop
  endfacet
  facet normal -1 0 0
    outer loop
      vertex 0 138 35.0644
      vertex 0 155 16
      vertex 0 138.356 34.2041
    endloop
  endfacet
  facet normal -1 0 0
    outer loop
      vertex 0 155 179
      vertex 0 138.576 161.711
      vertex 0 138.65 162.65
    endloop
  endfacet
  facet normal -1 0 0
    outer loop
      vertex 0 155 16
      vertex 0 138 35.0644
      vertex 0 155 179
    endloop
  endfacet
  facet normal -1 0 0
    outer loop
      vertex 0 155 179
      vertex 0 138.356 160.796
      vertex 0 138.576 161.711
    endloop
  endfacet
  facet normal -1 0 0
    outer loop
      vertex 0 138 159.936
      vertex 0 155 179
      vertex 0 138 35.0644
    endloop
  endfacet
  facet normal -1 0 0
    outer loop
      vertex 0 155 179
      vertex 0 138 159.936
      vertex 0 138.356 160.796
    endloop
  endfacet
  facet normal -1 0 0
    outer loop
      vertex 0 138 27
      vertex 0 155 16
      vertex 0 139 0
    endloop
  endfacet
  facet normal -1 0 0
    outer loop
      vertex 0 138.576 33.2886
      vertex 0 155 16
      vertex 0 138.65 32.35
    endloop
  endfacet
  facet normal -1 0 0
    outer loop
      vertex 0 138.356 34.2041
      vertex 0 155 16
      vertex 0 138.576 33.2886
    endloop
  endfacet
  facet normal -1 0 0
    outer loop
      vertex 0 155 16
      vertex 0 138.576 31.4114
      vertex 0 138.65 32.35
    endloop
  endfacet
  facet normal -1 0 -0
    outer loop
      vertex 0 138.356 30.4959
      vertex 0 155 16
      vertex 0 138 27
    endloop
  endfacet
  facet normal -1 0 0
    outer loop
      vertex 0 155 16
      vertex 0 138.356 30.4959
      vertex 0 138.576 31.4114
    endloop
  endfacet
  facet normal -1 0 0
    outer loop
      vertex 0 134.504 26.6437
      vertex 0 138 27
      vertex 0 139 0
    endloop
  endfacet
  facet normal -1 -0 0
    outer loop
      vertex 0 138 27
      vertex 0 134.504 26.6437
      vertex 0 135.364 27
    endloop
  endfacet
  facet normal -1 0 0
    outer loop
      vertex 0 126.375 5.99923
      vertex 0 134.504 26.6437
      vertex 0 139 0
    endloop
  endfacet
  facet normal -1 0 0
    outer loop
      vertex 0 134.504 26.6437
      vertex 0 126.375 5.99923
      vertex 0 133.589 26.4239
    endloop
  endfacet
  facet normal -1 0 0
    outer loop
      vertex 0 126.202 6.20208
      vertex 0 133.589 26.4239
      vertex 0 126.375 5.99923
    endloop
  endfacet
  facet normal -1 0 0
    outer loop
      vertex 0 133.589 26.4239
      vertex 0 126.202 6.20208
      vertex 0 132.65 26.35
    endloop
  endfacet
  facet normal -1 0 0
    outer loop
      vertex 0 125.999 6.37533
      vertex 0 132.65 26.35
      vertex 0 126.202 6.20208
    endloop
  endfacet
  facet normal -1 0 0
    outer loop
      vertex 0 126.679 5.26594
      vertex 0 139 0
      vertex 0 126.7 5
    endloop
  endfacet
  facet normal -1 0 0
    outer loop
      vertex 0 139 0
      vertex 0 126.679 4.73406
      vertex 0 126.7 5
    endloop
  endfacet
  facet normal -1 0 0
    outer loop
      vertex 0 139 0
      vertex 0 126.617 4.47467
      vertex 0 126.679 4.73406
    endloop
  endfacet
  facet normal -1 0 0
    outer loop
      vertex 0 139 0
      vertex 0 126.515 4.22822
      vertex 0 126.617 4.47467
    endloop
  endfacet
  facet normal -1 0 0
    outer loop
      vertex 0 139 0
      vertex 0 126.375 4.00077
      vertex 0 126.515 4.22822
    endloop
  endfacet
  facet normal -1 0 0
    outer loop
      vertex 0 139 0
      vertex 0 126.202 3.79792
      vertex 0 126.375 4.00077
    endloop
  endfacet
  facet normal -1 0 0
    outer loop
      vertex 0 139 0
      vertex 0 125.999 3.62467
      vertex 0 126.202 3.79792
    endloop
  endfacet
  facet normal -1 0 0
    outer loop
      vertex 0 139 0
      vertex 0 125.772 3.48529
      vertex 0 125.999 3.62467
    endloop
  endfacet
  facet normal -1 0 0
    outer loop
      vertex 0 139 0
      vertex 0 125.525 3.3832
      vertex 0 125.772 3.48529
    endloop
  endfacet
  facet normal -1 0 0
    outer loop
      vertex 0 139 0
      vertex 0 125.266 3.32093
      vertex 0 125.525 3.3832
    endloop
  endfacet
  facet normal -1 0 0
    outer loop
      vertex 0 139 0
      vertex 0 125 3.3
      vertex 0 125.266 3.32093
    endloop
  endfacet
  facet normal -1 0 0
    outer loop
      vertex 0 139 0
      vertex 0 124.734 3.32093
      vertex 0 125 3.3
    endloop
  endfacet
  facet normal -1 0 0
    outer loop
      vertex 0 99.35 26.35
      vertex 0 123.3 5
      vertex 0 123.321 4.73406
    endloop
  endfacet
  facet normal -1 0 0
    outer loop
      vertex 0 98.4114 26.4239
      vertex 0 123.321 4.73406
      vertex 0 123.383 4.47467
    endloop
  endfacet
  facet normal -1 0 0
    outer loop
      vertex 0 85 27
      vertex 0 123.383 4.47467
      vertex 0 123.485 4.22822
    endloop
  endfacet
  facet normal -1 0 0
    outer loop
      vertex 0 80.5886 26.4239
      vertex 0 123.485 4.22822
      vertex 0 123.625 4.00077
    endloop
  endfacet
  facet normal -1 0 0
    outer loop
      vertex 0 31.3753 4.00077
      vertex 0 123.625 4.00077
      vertex 0 123.798 3.79792
    endloop
  endfacet
  facet normal -1 0 0
    outer loop
      vertex 0 123.3 5
      vertex 0 101.204 26.6437
      vertex 0 102.064 27
    endloop
  endfacet
  facet normal -1 0 0
    outer loop
      vertex 0 123.3 5
      vertex 0 100.289 26.4239
      vertex 0 101.204 26.6437
    endloop
  endfacet
  facet normal -1 0 0
    outer loop
      vertex 0 123.3 5
      vertex 0 99.35 26.35
      vertex 0 100.289 26.4239
    endloop
  endfacet
  facet normal -1 0 0
    outer loop
      vertex 0 123.321 4.73406
      vertex 0 98.4114 26.4239
      vertex 0 99.35 26.35
    endloop
  endfacet
  facet normal -1 0 0
    outer loop
      vertex 0 123.383 4.47467
      vertex 0 94 27
      vertex 0 98.4114 26.4239
    endloop
  endfacet
  facet normal -1 0 0
    outer loop
      vertex 0 98.4114 26.4239
      vertex 0 94 27
      vertex 0 97.4959 26.6437
    endloop
  endfacet
  facet normal -1 0 0
    outer loop
      vertex 0 97.4959 26.6437
      vertex 0 94 27
      vertex 0 96.6356 27
    endloop
  endfacet
  facet normal -1 0 0
    outer loop
      vertex 0 31.2021 3.79792
      vertex 0 123.798 3.79792
      vertex 0 124.001 3.62467
    endloop
  endfacet
  facet normal -1 0 0
    outer loop
      vertex 0 94 27
      vertex 0 93.6437 30.4959
      vertex 0 94 29.6356
    endloop
  endfacet
  facet normal -1 0 0
    outer loop
      vertex 0 85.3563 30.4959
      vertex 0 93.6437 30.4959
      vertex 0 94 27
    endloop
  endfacet
  facet normal -1 0 0
    outer loop
      vertex 0 93.6437 160.796
      vertex 0 85.65 162.65
      vertex 0 93.4239 161.711
    endloop
  endfacet
  facet normal -1 0 0
    outer loop
      vertex 0 93.4239 31.4114
      vertex 0 85.65 32.35
      vertex 0 93.35 32.35
    endloop
  endfacet
  facet normal -1 0 0
    outer loop
      vertex 0 93.6437 30.4959
      vertex 0 85.3563 30.4959
      vertex 0 93.4239 31.4114
    endloop
  endfacet
  facet normal -1 0 0
    outer loop
      vertex 0 123.383 4.47467
      vertex 0 85 27
      vertex 0 94 27
    endloop
  endfacet
  facet normal -1 0 0
    outer loop
      vertex 0 93.4239 31.4114
      vertex 0 85.5761 31.4114
      vertex 0 85.65 32.35
    endloop
  endfacet
  facet normal -1 0 -0
    outer loop
      vertex 0 85.3563 30.4959
      vertex 0 94 27
      vertex 0 85 27
    endloop
  endfacet
  facet normal -1 -0 0
    outer loop
      vertex 0 93.4239 31.4114
      vertex 0 85.3563 30.4959
      vertex 0 85.5761 31.4114
    endloop
  endfacet
  facet normal -1 0 0
    outer loop
      vertex 0 30.9992 3.62467
      vertex 0 124.001 3.62467
      vertex 0 124.228 3.48529
    endloop
  endfacet
  facet normal -1 0 0
    outer loop
      vertex 0 123.485 4.22822
      vertex 0 80.5886 26.4239
      vertex 0 85 27
    endloop
  endfacet
  facet normal -1 -0 0
    outer loop
      vertex 0 85 27
      vertex 0 81.5041 26.6437
      vertex 0 82.3644 27
    endloop
  endfacet
  facet normal -1 0 0
    outer loop
      vertex 0 85 27
      vertex 0 80.5886 26.4239
      vertex 0 81.5041 26.6437
    endloop
  endfacet
  facet normal -1 0 0
    outer loop
      vertex 0 123.625 4.00077
      vertex 0 79.65 26.35
      vertex 0 80.5886 26.4239
    endloop
  endfacet
  facet normal -1 0 0
    outer loop
      vertex 0 123.625 4.00077
      vertex 0 31.3753 4.00077
      vertex 0 79.65 26.35
    endloop
  endfacet
  facet normal -1 -0 0
    outer loop
      vertex 0 79.65 26.35
      vertex 0 31.3753 4.00077
      vertex 0 78.7114 26.4239
    endloop
  endfacet
  facet normal -1 0 -0
    outer loop
      vertex 0 31.5147 4.22822
      vertex 0 78.7114 26.4239
      vertex 0 31.3753 4.00077
    endloop
  endfacet
  facet normal -1 -0 0
    outer loop
      vertex 0 78.7114 26.4239
      vertex 0 31.5147 4.22822
      vertex 0 77.7959 26.6437
    endloop
  endfacet
  facet normal -1 0 0
    outer loop
      vertex 0 30.7718 3.48529
      vertex 0 124.228 3.48529
      vertex 0 124.475 3.3832
    endloop
  endfacet
  facet normal -1 0 0
    outer loop
      vertex 0 30.5253 3.3832
      vertex 0 124.475 3.3832
      vertex 0 124.734 3.32093
    endloop
  endfacet
  facet normal -1 0 0
    outer loop
      vertex 0 30.2659 3.32093
      vertex 0 124.734 3.32093
      vertex 0 139 0
    endloop
  endfacet
  facet normal -1 0 0
    outer loop
      vertex 0 76.9356 27
      vertex 0 31.6791 4.73406
      vertex 0 31.7 5
    endloop
  endfacet
  facet normal -1 0 0
    outer loop
      vertex 0 76.9356 27
      vertex 0 31.6168 4.47467
      vertex 0 31.6791 4.73406
    endloop
  endfacet
  facet normal -1 -0 0
    outer loop
      vertex 0 77.7959 26.6437
      vertex 0 31.6168 4.47467
      vertex 0 76.9356 27
    endloop
  endfacet
  facet normal -1 0 -0
    outer loop
      vertex 0 31.6168 4.47467
      vertex 0 77.7959 26.6437
      vertex 0 31.5147 4.22822
    endloop
  endfacet
  facet normal -1 0 0
    outer loop
      vertex 0 123.798 3.79792
      vertex 0 31.2021 3.79792
      vertex 0 31.3753 4.00077
    endloop
  endfacet
  facet normal -1 0 0
    outer loop
      vertex 0 124.001 3.62467
      vertex 0 30.9992 3.62467
      vertex 0 31.2021 3.79792
    endloop
  endfacet
  facet normal -1 0 0
    outer loop
      vertex 0 124.228 3.48529
      vertex 0 30.7718 3.48529
      vertex 0 30.9992 3.62467
    endloop
  endfacet
  facet normal -1 0 0
    outer loop
      vertex 0 124.475 3.3832
      vertex 0 30.5253 3.3832
      vertex 0 30.7718 3.48529
    endloop
  endfacet
  facet normal -1 0 0
    outer loop
      vertex 0 124.734 3.32093
      vertex 0 30.2659 3.32093
      vertex 0 30.5253 3.3832
    endloop
  endfacet
  facet normal -1 0 0
    outer loop
      vertex 0 16 0
      vertex 0 30.2659 3.32093
      vertex 0 139 0
    endloop
  endfacet
  facet normal -1 0 0
    outer loop
      vertex 0 16 0
      vertex 0 28.3 5
      vertex 0 28.3209 4.73406
    endloop
  endfacet
  facet normal -1 0 0
    outer loop
      vertex 0 29.7341 6.67907
      vertex 0 24.2041 26.6437
      vertex 0 25.0644 27
    endloop
  endfacet
  facet normal -1 0 0
    outer loop
      vertex 0 29.4747 6.6168
      vertex 0 23.2886 26.4239
      vertex 0 24.2041 26.6437
    endloop
  endfacet
  facet normal -1 0 0
    outer loop
      vertex 0 29.2282 6.51471
      vertex 0 22.35 26.35
      vertex 0 23.2886 26.4239
    endloop
  endfacet
  facet normal -1 0 0
    outer loop
      vertex 0 16 0
      vertex 0 28.3209 4.73406
      vertex 0 28.3832 4.47467
    endloop
  endfacet
  facet normal -1 0 0
    outer loop
      vertex 0 28.7979 6.20208
      vertex 0 21.4114 26.4239
      vertex 0 22.35 26.35
    endloop
  endfacet
  facet normal -1 -0 0
    outer loop
      vertex 0 28.6247 5.99923
      vertex 0 16 0
      vertex 0 20.4959 26.6437
    endloop
  endfacet
  facet normal -1 0 0
    outer loop
      vertex 0 28.6247 5.99923
      vertex 0 20.4959 26.6437
      vertex 0 21.4114 26.4239
    endloop
  endfacet
  facet normal -1 0 0
    outer loop
      vertex 0 20.4959 26.6437
      vertex 0 17 27
      vertex 0 19.6356 27
    endloop
  endfacet
  facet normal -1 0 0
    outer loop
      vertex 0 16 0
      vertex 0 28.3832 4.47467
      vertex 0 28.4853 4.22822
    endloop
  endfacet
  facet normal -1 0 0
    outer loop
      vertex 0 17 27
      vertex 0 16.6437 30.4959
      vertex 0 17 29.6356
    endloop
  endfacet
  facet normal -1 0 0
    outer loop
      vertex 0 0 16
      vertex 0 16.6437 30.4959
      vertex 0 17 27
    endloop
  endfacet
  facet normal -1 -0 0
    outer loop
      vertex 0 16.4239 31.4114
      vertex 0 0 16
      vertex 0 16.35 32.35
    endloop
  endfacet
  facet normal -1 -0 0
    outer loop
      vertex 0 16.6437 30.4959
      vertex 0 0 16
      vertex 0 16.4239 31.4114
    endloop
  endfacet
  facet normal -1 0 0
    outer loop
      vertex 0 0 16
      vertex 0 17 27
      vertex 0 16 0
    endloop
  endfacet
  facet normal -1 -0 0
    outer loop
      vertex 0 20.4959 26.6437
      vertex 0 16 0
      vertex 0 17 27
    endloop
  endfacet
  facet normal -1 -0 0
    outer loop
      vertex 0 28.6247 4.00077
      vertex 0 16 0
      vertex 0 28.4853 4.22822
    endloop
  endfacet
  facet normal -1 -0 0
    outer loop
      vertex 0 28.7979 3.79792
      vertex 0 16 0
      vertex 0 28.6247 4.00077
    endloop
  endfacet
  facet normal -1 -0 0
    outer loop
      vertex 0 29.0008 3.62467
      vertex 0 16 0
      vertex 0 28.7979 3.79792
    endloop
  endfacet
  facet normal -1 -0 0
    outer loop
      vertex 0 29.2282 3.48529
      vertex 0 16 0
      vertex 0 29.0008 3.62467
    endloop
  endfacet
  facet normal -1 -0 0
    outer loop
      vertex 0 29.4747 3.3832
      vertex 0 16 0
      vertex 0 29.2282 3.48529
    endloop
  endfacet
  facet normal -1 -0 0
    outer loop
      vertex 0 29.7341 3.32093
      vertex 0 16 0
      vertex 0 29.4747 3.3832
    endloop
  endfacet
  facet normal -1 -0 0
    outer loop
      vertex 0 30 3.3
      vertex 0 16 0
      vertex 0 29.7341 3.32093
    endloop
  endfacet
  facet normal -1 0 0
    outer loop
      vertex 0 30.2659 3.32093
      vertex 0 16 0
      vertex 0 30 3.3
    endloop
  endfacet
  facet normal -1 0 0
    outer loop
      vertex 0 138.576 163.589
      vertex 0 155 179
      vertex 0 138.65 162.65
    endloop
  endfacet
  facet normal -1 0 0
    outer loop
      vertex 0 138.356 164.504
      vertex 0 155 179
      vertex 0 138.576 163.589
    endloop
  endfacet
  facet normal -1 0 0
    outer loop
      vertex 0 155 179
      vertex 0 138.356 164.504
      vertex 0 138 168
    endloop
  endfacet
  facet normal -1 0 0
    outer loop
      vertex 0 138 168
      vertex 0 138.356 164.504
      vertex 0 138 165.364
    endloop
  endfacet
  facet normal -1 -0 0
    outer loop
      vertex 0 155 179
      vertex 0 138 168
      vertex 0 139 195
    endloop
  endfacet
  facet normal -1 0 0
    outer loop
      vertex 0 134.504 168.356
      vertex 0 138 168
      vertex 0 135.364 168
    endloop
  endfacet
  facet normal -1 0 0
    outer loop
      vertex 0 138 168
      vertex 0 134.504 168.356
      vertex 0 139 195
    endloop
  endfacet
  facet normal -1 0 0
    outer loop
      vertex 0 126.679 189.734
      vertex 0 134.504 168.356
      vertex 0 133.589 168.576
    endloop
  endfacet
  facet normal -1 0 0
    outer loop
      vertex 0 126.679 189.734
      vertex 0 133.589 168.576
      vertex 0 132.65 168.65
    endloop
  endfacet
  facet normal -1 0 0
    outer loop
      vertex 0 126.679 189.734
      vertex 0 132.65 168.65
      vertex 0 131.711 168.576
    endloop
  endfacet
  facet normal -1 0 0
    outer loop
      vertex 0 126.679 189.734
      vertex 0 131.711 168.576
      vertex 0 130.796 168.356
    endloop
  endfacet
  facet normal -1 0 0
    outer loop
      vertex 0 125.266 188.321
      vertex 0 130.796 168.356
      vertex 0 129.936 168
    endloop
  endfacet
  facet normal -1 0 0
    outer loop
      vertex 0 134.504 168.356
      vertex 0 126.679 189.734
      vertex 0 139 195
    endloop
  endfacet
  facet normal -1 0 0
    outer loop
      vertex 0 126.679 190.266
      vertex 0 139 195
      vertex 0 126.7 190
    endloop
  endfacet
  facet normal -1 0 0
    outer loop
      vertex 0 126.617 190.525
      vertex 0 139 195
      vertex 0 126.679 190.266
    endloop
  endfacet
  facet normal -1 0 0
    outer loop
      vertex 0 126.515 190.772
      vertex 0 139 195
      vertex 0 126.617 190.525
    endloop
  endfacet
  facet normal -1 0 0
    outer loop
      vertex 0 126.375 190.999
      vertex 0 139 195
      vertex 0 126.515 190.772
    endloop
  endfacet
  facet normal -1 0 0
    outer loop
      vertex 0 126.202 191.202
      vertex 0 139 195
      vertex 0 126.375 190.999
    endloop
  endfacet
  facet normal -1 0 0
    outer loop
      vertex 0 125.999 191.375
      vertex 0 139 195
      vertex 0 126.202 191.202
    endloop
  endfacet
  facet normal -1 0 0
    outer loop
      vertex 0 125.772 191.515
      vertex 0 139 195
      vertex 0 125.999 191.375
    endloop
  endfacet
  facet normal -1 0 0
    outer loop
      vertex 0 125.525 191.617
      vertex 0 139 195
      vertex 0 125.772 191.515
    endloop
  endfacet
  facet normal -1 0 0
    outer loop
      vertex 0 125.266 191.679
      vertex 0 139 195
      vertex 0 125.525 191.617
    endloop
  endfacet
  facet normal -1 0 0
    outer loop
      vertex 0 125 191.7
      vertex 0 139 195
      vertex 0 125.266 191.679
    endloop
  endfacet
  facet normal -1 0 0
    outer loop
      vertex 0 124.734 191.679
      vertex 0 139 195
      vertex 0 125 191.7
    endloop
  endfacet
  facet normal -1 0 0
    outer loop
      vertex 0 100.289 168.576
      vertex 0 123.321 189.734
      vertex 0 101.204 168.356
    endloop
  endfacet
  facet normal -1 -0 0
    outer loop
      vertex 0 123.321 189.734
      vertex 0 100.289 168.576
      vertex 0 123.3 190
    endloop
  endfacet
  facet normal -1 0 0
    outer loop
      vertex 0 99.35 168.65
      vertex 0 123.3 190
      vertex 0 100.289 168.576
    endloop
  endfacet
  facet normal -1 -0 0
    outer loop
      vertex 0 123.3 190
      vertex 0 99.35 168.65
      vertex 0 123.321 190.266
    endloop
  endfacet
  facet normal -1 0 0
    outer loop
      vertex 0 98.4114 168.576
      vertex 0 123.321 190.266
      vertex 0 99.35 168.65
    endloop
  endfacet
  facet normal -1 -0 0
    outer loop
      vertex 0 123.321 190.266
      vertex 0 98.4114 168.576
      vertex 0 123.383 190.525
    endloop
  endfacet
  facet normal -1 0 0
    outer loop
      vertex 0 94 168
      vertex 0 123.383 190.525
      vertex 0 98.4114 168.576
    endloop
  endfacet
  facet normal -1 0 0
    outer loop
      vertex 0 85 168
      vertex 0 123.383 190.525
      vertex 0 94 168
    endloop
  endfacet
  facet normal -1 -0 0
    outer loop
      vertex 0 123.383 190.525
      vertex 0 85 168
      vertex 0 123.485 190.772
    endloop
  endfacet
  facet normal -1 0 0
    outer loop
      vertex 0 94 168
      vertex 0 98.4114 168.576
      vertex 0 97.4959 168.356
    endloop
  endfacet
  facet normal -1 0 0
    outer loop
      vertex 0 94 168
      vertex 0 97.4959 168.356
      vertex 0 96.6356 168
    endloop
  endfacet
  facet normal -1 0 0
    outer loop
      vertex 0 80.5886 168.576
      vertex 0 123.485 190.772
      vertex 0 85 168
    endloop
  endfacet
  facet normal -1 -0 0
    outer loop
      vertex 0 123.485 190.772
      vertex 0 80.5886 168.576
      vertex 0 123.625 190.999
    endloop
  endfacet
  facet normal -1 0 0
    outer loop
      vertex 0 85.3563 164.504
      vertex 0 93.6437 164.504
      vertex 0 93.4239 163.589
    endloop
  endfacet
  facet normal -1 0 0
    outer loop
      vertex 0 93.4239 161.711
      vertex 0 85.65 162.65
      vertex 0 93.35 162.65
    endloop
  endfacet
  facet normal -1 0 0
    outer loop
      vertex 0 85.65 162.65
      vertex 0 93.4239 163.589
      vertex 0 93.35 162.65
    endloop
  endfacet
  facet normal -1 0 0
    outer loop
      vertex 0 85.5761 163.589
      vertex 0 93.4239 163.589
      vertex 0 85.65 162.65
    endloop
  endfacet
  facet normal -1 0 0
    outer loop
      vertex 0 85.3563 164.504
      vertex 0 93.4239 163.589
      vertex 0 85.5761 163.589
    endloop
  endfacet
  facet normal -1 0 0
    outer loop
      vertex 0 93.6437 164.504
      vertex 0 85.3563 164.504
      vertex 0 94 168
    endloop
  endfacet
  facet normal -1 -0 0
    outer loop
      vertex 0 94 168
      vertex 0 85.3563 164.504
      vertex 0 85 168
    endloop
  endfacet
  facet normal -1 0 0
    outer loop
      vertex 0 85 168
      vertex 0 85.3563 164.504
      vertex 0 85 165.364
    endloop
  endfacet
  facet normal -1 0 0
    outer loop
      vertex 0 79.65 168.65
      vertex 0 123.625 190.999
      vertex 0 80.5886 168.576
    endloop
  endfacet
  facet normal -1 0 0
    outer loop
      vertex 0 31.3753 190.999
      vertex 0 123.625 190.999
      vertex 0 79.65 168.65
    endloop
  endfacet
  facet normal -1 0 0
    outer loop
      vertex 0 81.5041 168.356
      vertex 0 85 168
      vertex 0 82.3644 168
    endloop
  endfacet
  facet normal -1 0 0
    outer loop
      vertex 0 80.5886 168.576
      vertex 0 85 168
      vertex 0 81.5041 168.356
    endloop
  endfacet
  facet normal -1 0 0
    outer loop
      vertex 0 123.625 190.999
      vertex 0 31.3753 190.999
      vertex 0 123.798 191.202
    endloop
  endfacet
  facet normal -1 0 0
    outer loop
      vertex 0 31.2021 191.202
      vertex 0 123.798 191.202
      vertex 0 31.3753 190.999
    endloop
  endfacet
  facet normal -1 0 0
    outer loop
      vertex 0 31.3753 190.999
      vertex 0 79.65 168.65
      vertex 0 78.7114 168.576
    endloop
  endfacet
  facet normal -1 0 0
    outer loop
      vertex 0 31.5147 190.772
      vertex 0 78.7114 168.576
      vertex 0 77.7959 168.356
    endloop
  endfacet
  facet normal -1 0 0
    outer loop
      vertex 0 31.6168 190.525
      vertex 0 77.7959 168.356
      vertex 0 76.9356 168
    endloop
  endfacet
  facet normal -1 0 0
    outer loop
      vertex 0 31.6791 190.266
      vertex 0 76.9356 168
      vertex 0 31.7 190
    endloop
  endfacet
  facet normal -1 0 0
    outer loop
      vertex 0 31.6168 190.525
      vertex 0 76.9356 168
      vertex 0 31.6791 190.266
    endloop
  endfacet
  facet normal -1 0 0
    outer loop
      vertex 0 77.7959 168.356
      vertex 0 31.6168 190.525
      vertex 0 31.5147 190.772
    endloop
  endfacet
  facet normal -1 0 0
    outer loop
      vertex 0 78.7114 168.576
      vertex 0 31.5147 190.772
      vertex 0 31.3753 190.999
    endloop
  endfacet
  facet normal -1 0 0
    outer loop
      vertex 0 123.798 191.202
      vertex 0 31.2021 191.202
      vertex 0 124.001 191.375
    endloop
  endfacet
  facet normal -1 0 0
    outer loop
      vertex 0 30.9992 191.375
      vertex 0 124.001 191.375
      vertex 0 31.2021 191.202
    endloop
  endfacet
  facet normal -1 0 0
    outer loop
      vertex 0 124.001 191.375
      vertex 0 30.9992 191.375
      vertex 0 124.228 191.515
    endloop
  endfacet
  facet normal -1 0 0
    outer loop
      vertex 0 30.7718 191.515
      vertex 0 124.228 191.515
      vertex 0 30.9992 191.375
    endloop
  endfacet
  facet normal -1 0 0
    outer loop
      vertex 0 124.228 191.515
      vertex 0 30.7718 191.515
      vertex 0 124.475 191.617
    endloop
  endfacet
  facet normal -1 0 0
    outer loop
      vertex 0 30.5253 191.617
      vertex 0 124.475 191.617
      vertex 0 30.7718 191.515
    endloop
  endfacet
  facet normal -1 0 0
    outer loop
      vertex 0 124.475 191.617
      vertex 0 30.5253 191.617
      vertex 0 124.734 191.679
    endloop
  endfacet
  facet normal -1 0 0
    outer loop
      vertex 0 30.2659 191.679
      vertex 0 124.734 191.679
      vertex 0 30.5253 191.617
    endloop
  endfacet
  facet normal -1 0 0
    outer loop
      vertex 0 124.734 191.679
      vertex 0 30.2659 191.679
      vertex 0 139 195
    endloop
  endfacet
  facet normal -1 0 0
    outer loop
      vertex 0 16 195
      vertex 0 30.2659 191.679
      vertex 0 30 191.7
    endloop
  endfacet
  facet normal -1 0 0
    outer loop
      vertex 0 20.4959 168.356
      vertex 0 28.6247 189.001
      vertex 0 21.4114 168.576
    endloop
  endfacet
  facet normal -1 0 0
    outer loop
      vertex 0 16 195
      vertex 0 28.6247 189.001
      vertex 0 20.4959 168.356
    endloop
  endfacet
  facet normal -1 0 0
    outer loop
      vertex 0 28.6247 189.001
      vertex 0 16 195
      vertex 0 28.4853 189.228
    endloop
  endfacet
  facet normal -1 0 0
    outer loop
      vertex 0 28.4853 189.228
      vertex 0 16 195
      vertex 0 28.3832 189.475
    endloop
  endfacet
  facet normal -1 0 0
    outer loop
      vertex 0 28.3209 189.734
      vertex 0 16 195
      vertex 0 28.3 190
    endloop
  endfacet
  facet normal -1 0 0
    outer loop
      vertex 0 28.3 190
      vertex 0 16 195
      vertex 0 28.3209 190.266
    endloop
  endfacet
  facet normal -1 0 0
    outer loop
      vertex 0 28.3832 189.475
      vertex 0 16 195
      vertex 0 28.3209 189.734
    endloop
  endfacet
  facet normal -1 0 0
    outer loop
      vertex 0 17 168
      vertex 0 20.4959 168.356
      vertex 0 19.6356 168
    endloop
  endfacet
  facet normal -1 0 0
    outer loop
      vertex 0 16 195
      vertex 0 20.4959 168.356
      vertex 0 17 168
    endloop
  endfacet
  facet normal -1 0 0
    outer loop
      vertex 0 28.3209 190.266
      vertex 0 16 195
      vertex 0 28.3832 190.525
    endloop
  endfacet
  facet normal -1 0 0
    outer loop
      vertex 0 0 179
      vertex 0 16.6437 164.504
      vertex 0 16.4239 163.589
    endloop
  endfacet
  facet normal -1 0 0
    outer loop
      vertex 0 30.2659 191.679
      vertex 0 16 195
      vertex 0 139 195
    endloop
  endfacet
  facet normal -1 0 0
    outer loop
      vertex 0 29.7341 191.679
      vertex 0 16 195
      vertex 0 30 191.7
    endloop
  endfacet
  facet normal -1 0 0
    outer loop
      vertex 0 29.4747 191.617
      vertex 0 16 195
      vertex 0 29.7341 191.679
    endloop
  endfacet
  facet normal -1 0 0
    outer loop
      vertex 0 29.2282 191.515
      vertex 0 16 195
      vertex 0 29.4747 191.617
    endloop
  endfacet
  facet normal -1 0 0
    outer loop
      vertex 0 29.0008 191.375
      vertex 0 16 195
      vertex 0 29.2282 191.515
    endloop
  endfacet
  facet normal -1 0 0
    outer loop
      vertex 0 28.7979 191.202
      vertex 0 16 195
      vertex 0 29.0008 191.375
    endloop
  endfacet
  facet normal -1 0 0
    outer loop
      vertex 0 28.6247 190.999
      vertex 0 16 195
      vertex 0 28.7979 191.202
    endloop
  endfacet
  facet normal -1 0 0
    outer loop
      vertex 0 28.4853 190.772
      vertex 0 16 195
      vertex 0 28.6247 190.999
    endloop
  endfacet
  facet normal -1 0 0
    outer loop
      vertex 0 28.3832 190.525
      vertex 0 16 195
      vertex 0 28.4853 190.772
    endloop
  endfacet
  facet normal -1 0 0
    outer loop
      vertex 0 16.6437 164.504
      vertex 0 0 179
      vertex 0 17 168
    endloop
  endfacet
  facet normal -1 0 0
    outer loop
      vertex 0 0 179
      vertex 0 16.4239 163.589
      vertex 0 16.35 162.65
    endloop
  endfacet
  facet normal -1 0 0
    outer loop
      vertex 0 16.6437 160.796
      vertex 0 0 179
      vertex 0 16.4239 161.711
    endloop
  endfacet
  facet normal -1 0 0
    outer loop
      vertex 0 16.4239 161.711
      vertex 0 0 179
      vertex 0 16.35 162.65
    endloop
  endfacet
  facet normal -1 0 0
    outer loop
      vertex 0 17 168
      vertex 0 0 179
      vertex 0 16 195
    endloop
  endfacet
  facet normal -1 0 0
    outer loop
      vertex 0 138.356 30.4959
      vertex 0 138 27
      vertex 0 138 29.6356
    endloop
  endfacet
  facet normal -1 0 0
    outer loop
      vertex 0 126.617 5.52533
      vertex 0 139 0
      vertex 0 126.679 5.26594
    endloop
  endfacet
  facet normal -1 0 0
    outer loop
      vertex 0 126.515 5.77178
      vertex 0 139 0
      vertex 0 126.617 5.52533
    endloop
  endfacet
  facet normal -1 0 0
    outer loop
      vertex 0 126.375 5.99923
      vertex 0 139 0
      vertex 0 126.515 5.77178
    endloop
  endfacet
  facet normal -1 0 0
    outer loop
      vertex 0 125.772 6.51471
      vertex 0 132.65 26.35
      vertex 0 125.999 6.37533
    endloop
  endfacet
  facet normal -1 -0 0
    outer loop
      vertex 0 132.65 26.35
      vertex 0 125.772 6.51471
      vertex 0 131.711 26.4239
    endloop
  endfacet
  facet normal -1 0 0
    outer loop
      vertex 0 125.525 6.6168
      vertex 0 131.711 26.4239
      vertex 0 125.772 6.51471
    endloop
  endfacet
  facet normal -1 -0 0
    outer loop
      vertex 0 131.711 26.4239
      vertex 0 125.525 6.6168
      vertex 0 130.796 26.6437
    endloop
  endfacet
  facet normal -1 0 0
    outer loop
      vertex 0 125.266 6.67907
      vertex 0 130.796 26.6437
      vertex 0 125.525 6.6168
    endloop
  endfacet
  facet normal -1 -0 0
    outer loop
      vertex 0 130.796 26.6437
      vertex 0 125.266 6.67907
      vertex 0 129.936 27
    endloop
  endfacet
  facet normal -1 0 0
    outer loop
      vertex 0 125 6.7
      vertex 0 129.936 27
      vertex 0 125.266 6.67907
    endloop
  endfacet
  facet normal -1 0 0
    outer loop
      vertex 0 124.734 6.67907
      vertex 0 129.936 27
      vertex 0 125 6.7
    endloop
  endfacet
  facet normal -1 0 0
    outer loop
      vertex 0 124.475 6.6168
      vertex 0 129.936 27
      vertex 0 124.734 6.67907
    endloop
  endfacet
  facet normal -1 0 0
    outer loop
      vertex 0 124.228 6.51471
      vertex 0 129.936 27
      vertex 0 124.475 6.6168
    endloop
  endfacet
  facet normal -1 0 0
    outer loop
      vertex 0 124.001 6.37533
      vertex 0 129.936 27
      vertex 0 124.228 6.51471
    endloop
  endfacet
  facet normal -1 0 0
    outer loop
      vertex 0 102.064 27
      vertex 0 124.001 6.37533
      vertex 0 123.798 6.20208
    endloop
  endfacet
  facet normal -1 0 0
    outer loop
      vertex 0 102.064 27
      vertex 0 123.798 6.20208
      vertex 0 123.625 5.99923
    endloop
  endfacet
  facet normal -1 0 0
    outer loop
      vertex 0 102.064 27
      vertex 0 123.625 5.99923
      vertex 0 123.485 5.77178
    endloop
  endfacet
  facet normal -1 0 0
    outer loop
      vertex 0 102.064 27
      vertex 0 123.485 5.77178
      vertex 0 123.383 5.52533
    endloop
  endfacet
  facet normal -1 0 0
    outer loop
      vertex 0 124.001 6.37533
      vertex 0 102.064 27
      vertex 0 129.936 27
    endloop
  endfacet
  facet normal -1 0 0
    outer loop
      vertex 0 123.321 5.26594
      vertex 0 102.064 27
      vertex 0 123.383 5.52533
    endloop
  endfacet
  facet normal -1 0 0
    outer loop
      vertex 0 102.064 27
      vertex 0 123.321 5.26594
      vertex 0 123.3 5
    endloop
  endfacet
  facet normal 0 -0.707107 0.707107
    outer loop
      vertex 0 0 179
      vertex 6 16 195
      vertex 0 16 195
    endloop
  endfacet
  facet normal 0 -0.707107 0.707107
    outer loop
      vertex 6 16 195
      vertex 0 0 179
      vertex 6 0 179
    endloop
  endfacet
  facet normal 0 0.707107 0.707107
    outer loop
      vertex 6 155 179
      vertex 0 139 195
      vertex 6 139 195
    endloop
  endfacet
  facet normal 0 0.707107 0.707107
    outer loop
      vertex 0 139 195
      vertex 6 155 179
      vertex 0 155 179
    endloop
  endfacet
  facet normal 0 1 -0
    outer loop
      vertex 6 155 16
      vertex 0 155 179
      vertex 6 155 179
    endloop
  endfacet
  facet normal 0 1 0
    outer loop
      vertex 0 155 179
      vertex 6 155 16
      vertex 0 155 16
    endloop
  endfacet
  facet normal -0 0 1
    outer loop
      vertex 0 139 195
      vertex 6 16 195
      vertex 6 139 195
    endloop
  endfacet
  facet normal 0 0 1
    outer loop
      vertex 6 16 195
      vertex 0 139 195
      vertex 0 16 195
    endloop
  endfacet
  facet normal 0 -1 0
    outer loop
      vertex 0 0 16
      vertex 6 0 179
      vertex 0 0 179
    endloop
  endfacet
  facet normal 0 -1 -0
    outer loop
      vertex 6 0 179
      vertex 0 0 16
      vertex 6 0 16
    endloop
  endfacet
  facet normal 0 -0.707107 -0.707107
    outer loop
      vertex 0 16 0
      vertex 6 0 16
      vertex 0 0 16
    endloop
  endfacet
  facet normal 0 -0.707107 -0.707107
    outer loop
      vertex 6 0 16
      vertex 0 16 0
      vertex 6 16 0
    endloop
  endfacet
  facet normal 1 0 0
    outer loop
      vertex 3 26.475 32.35
      vertex 3 28.35 32.35
      vertex 3 28.2761 33.2886
    endloop
  endfacet
  facet normal 1 0 0
    outer loop
      vertex 3 26.4242 32.9953
      vertex 3 28.2761 33.2886
      vertex 3 28.0563 34.2041
    endloop
  endfacet
  facet normal 1 0 0
    outer loop
      vertex 3 28.35 32.35
      vertex 3 26.475 32.35
      vertex 3 28.2761 31.4114
    endloop
  endfacet
  facet normal 1 0 0
    outer loop
      vertex 3 26.2731 33.6247
      vertex 3 28.0563 34.2041
      vertex 3 27.696 35.0739
    endloop
  endfacet
  facet normal 1 -0 0
    outer loop
      vertex 3 26.4242 31.7047
      vertex 3 28.2761 31.4114
      vertex 3 26.475 32.35
    endloop
  endfacet
  facet normal 1 0 0
    outer loop
      vertex 3 26.0254 34.2227
      vertex 3 27.696 35.0739
      vertex 3 27.2041 35.8767
    endloop
  endfacet
  facet normal 1 0 0
    outer loop
      vertex 3 28.2761 31.4114
      vertex 3 26.4242 31.7047
      vertex 3 28.0563 30.4959
    endloop
  endfacet
  facet normal 1 0 0
    outer loop
      vertex 3 25.6872 34.7746
      vertex 3 27.2041 35.8767
      vertex 3 26.5926 36.5926
    endloop
  endfacet
  facet normal 1 -0 0
    outer loop
      vertex 3 26.2731 31.0753
      vertex 3 28.0563 30.4959
      vertex 3 26.4242 31.7047
    endloop
  endfacet
  facet normal 1 0 0
    outer loop
      vertex 3 28.0563 30.4959
      vertex 3 26.2731 31.0753
      vertex 3 27.696 29.6261
    endloop
  endfacet
  facet normal 1 0 0
    outer loop
      vertex 3 28.2761 33.2886
      vertex 3 26.4242 32.9953
      vertex 3 26.475 32.35
    endloop
  endfacet
  facet normal 1 0 0
    outer loop
      vertex 3 28.0563 34.2041
      vertex 3 26.2731 33.6247
      vertex 3 26.4242 32.9953
    endloop
  endfacet
  facet normal 1 0 0
    outer loop
      vertex 3 27.696 35.0739
      vertex 3 26.0254 34.2227
      vertex 3 26.2731 33.6247
    endloop
  endfacet
  facet normal 1 0 0
    outer loop
      vertex 3 25.2668 35.2668
      vertex 3 26.5926 36.5926
      vertex 3 25.8767 37.2041
    endloop
  endfacet
  facet normal 1 0 0
    outer loop
      vertex 3 27.2041 35.8767
      vertex 3 25.6872 34.7746
      vertex 3 26.0254 34.2227
    endloop
  endfacet
  facet normal 1 0 0
    outer loop
      vertex 3 26.5926 36.5926
      vertex 3 25.2668 35.2668
      vertex 3 25.6872 34.7746
    endloop
  endfacet
  facet normal 1 0 0
    outer loop
      vertex 3 24.7746 35.6872
      vertex 3 25.8767 37.2041
      vertex 3 25.0739 37.696
    endloop
  endfacet
  facet normal 1 0 0
    outer loop
      vertex 3 25.8767 37.2041
      vertex 3 24.7746 35.6872
      vertex 3 25.2668 35.2668
    endloop
  endfacet
  facet normal 1 0 0
    outer loop
      vertex 3 25.0739 37.696
      vertex 3 24.2227 36.0254
      vertex 3 24.7746 35.6872
    endloop
  endfacet
  facet normal 1 0 0
    outer loop
      vertex 3 24.2041 38.0563
      vertex 3 24.2227 36.0254
      vertex 3 25.0739 37.696
    endloop
  endfacet
  facet normal 1 0 0
    outer loop
      vertex 3 24.2041 38.0563
      vertex 3 23.6247 36.2731
      vertex 3 24.2227 36.0254
    endloop
  endfacet
  facet normal 1 0 0
    outer loop
      vertex 3 23.2886 38.2761
      vertex 3 23.6247 36.2731
      vertex 3 24.2041 38.0563
    endloop
  endfacet
  facet normal 1 0 0
    outer loop
      vertex 3 23.2886 38.2761
      vertex 3 22.9953 36.4242
      vertex 3 23.6247 36.2731
    endloop
  endfacet
  facet normal 1 0 0
    outer loop
      vertex 3 22.35 38.35
      vertex 3 22.9953 36.4242
      vertex 3 23.2886 38.2761
    endloop
  endfacet
  facet normal 1 0 0
    outer loop
      vertex 3 22.35 38.35
      vertex 3 22.35 36.475
      vertex 3 22.9953 36.4242
    endloop
  endfacet
  facet normal 1 0 0
    outer loop
      vertex 3 22.35 38.35
      vertex 3 21.7047 36.4242
      vertex 3 22.35 36.475
    endloop
  endfacet
  facet normal 1 -0 0
    outer loop
      vertex 3 21.4114 38.2761
      vertex 3 21.7047 36.4242
      vertex 3 22.35 38.35
    endloop
  endfacet
  facet normal 1 0 0
    outer loop
      vertex 3 21.4114 38.2761
      vertex 3 21.0753 36.2731
      vertex 3 21.7047 36.4242
    endloop
  endfacet
  facet normal 1 -0 0
    outer loop
      vertex 3 20.4959 38.0563
      vertex 3 21.0753 36.2731
      vertex 3 21.4114 38.2761
    endloop
  endfacet
  facet normal 1 0 0
    outer loop
      vertex 3 20.4959 38.0563
      vertex 3 20.4773 36.0254
      vertex 3 21.0753 36.2731
    endloop
  endfacet
  facet normal 1 -0 0
    outer loop
      vertex 3 19.6261 37.696
      vertex 3 20.4773 36.0254
      vertex 3 20.4959 38.0563
    endloop
  endfacet
  facet normal 1 0 0
    outer loop
      vertex 3 20.4773 36.0254
      vertex 3 19.6261 37.696
      vertex 3 19.9254 35.6872
    endloop
  endfacet
  facet normal 1 -0 0
    outer loop
      vertex 3 18.8233 37.2041
      vertex 3 19.9254 35.6872
      vertex 3 19.6261 37.696
    endloop
  endfacet
  facet normal 1 0 0
    outer loop
      vertex 3 19.9254 35.6872
      vertex 3 18.8233 37.2041
      vertex 3 19.4332 35.2668
    endloop
  endfacet
  facet normal 1 -0 0
    outer loop
      vertex 3 18.1074 36.5926
      vertex 3 19.4332 35.2668
      vertex 3 18.8233 37.2041
    endloop
  endfacet
  facet normal 1 0 0
    outer loop
      vertex 3 19.4332 35.2668
      vertex 3 18.1074 36.5926
      vertex 3 19.0128 34.7746
    endloop
  endfacet
  facet normal 1 -0 0
    outer loop
      vertex 3 17.4959 35.8767
      vertex 3 19.0128 34.7746
      vertex 3 18.1074 36.5926
    endloop
  endfacet
  facet normal 1 0 0
    outer loop
      vertex 3 19.0128 34.7746
      vertex 3 17.4959 35.8767
      vertex 3 18.6746 34.2227
    endloop
  endfacet
  facet normal 1 -0 0
    outer loop
      vertex 3 17 35.0644
      vertex 3 18.6746 34.2227
      vertex 3 17.004 35.0739
    endloop
  endfacet
  facet normal 1 -0 0
    outer loop
      vertex 3 17.004 35.0739
      vertex 3 18.6746 34.2227
      vertex 3 17.4959 35.8767
    endloop
  endfacet
  facet normal 1 -0 0
    outer loop
      vertex 3 26.0254 30.4773
      vertex 3 27.696 29.6261
      vertex 3 26.2731 31.0753
    endloop
  endfacet
  facet normal 1 0 0
    outer loop
      vertex 3 27.696 29.6261
      vertex 3 26.0254 30.4773
      vertex 3 27.2041 28.8233
    endloop
  endfacet
  facet normal 1 -0 0
    outer loop
      vertex 3 25.6872 29.9254
      vertex 3 27.2041 28.8233
      vertex 3 26.0254 30.4773
    endloop
  endfacet
  facet normal 1 0 0
    outer loop
      vertex 3 27.2041 28.8233
      vertex 3 25.6872 29.9254
      vertex 3 26.5926 28.1074
    endloop
  endfacet
  facet normal 1 -0 0
    outer loop
      vertex 3 25.2668 29.4332
      vertex 3 26.5926 28.1074
      vertex 3 25.6872 29.9254
    endloop
  endfacet
  facet normal 1 0 0
    outer loop
      vertex 3 26.5926 28.1074
      vertex 3 25.2668 29.4332
      vertex 3 25.8767 27.4959
    endloop
  endfacet
  facet normal 1 -0 0
    outer loop
      vertex 3 24.7746 29.0128
      vertex 3 25.8767 27.4959
      vertex 3 25.2668 29.4332
    endloop
  endfacet
  facet normal 1 0 0
    outer loop
      vertex 3 25.8767 27.4959
      vertex 3 24.7746 29.0128
      vertex 3 25.0739 27.004
    endloop
  endfacet
  facet normal 1 -0 0
    outer loop
      vertex 3 24.2227 28.6746
      vertex 3 25.0739 27.004
      vertex 3 24.7746 29.0128
    endloop
  endfacet
  facet normal 1 0 0
    outer loop
      vertex 3 26.475 162.65
      vertex 3 28.35 162.65
      vertex 3 28.2761 163.589
    endloop
  endfacet
  facet normal 1 0 0
    outer loop
      vertex 3 26.4242 163.295
      vertex 3 28.2761 163.589
      vertex 3 28.0563 164.504
    endloop
  endfacet
  facet normal 1 0 0
    outer loop
      vertex 3 28.35 162.65
      vertex 3 26.475 162.65
      vertex 3 28.2761 161.711
    endloop
  endfacet
  facet normal 1 0 0
    outer loop
      vertex 3 26.2731 163.925
      vertex 3 28.0563 164.504
      vertex 3 27.696 165.374
    endloop
  endfacet
  facet normal 1 -0 0
    outer loop
      vertex 3 26.4242 162.005
      vertex 3 28.2761 161.711
      vertex 3 26.475 162.65
    endloop
  endfacet
  facet normal 1 0 0
    outer loop
      vertex 3 26.0254 164.523
      vertex 3 27.696 165.374
      vertex 3 27.2041 166.177
    endloop
  endfacet
  facet normal 1 0 0
    outer loop
      vertex 3 28.2761 161.711
      vertex 3 26.4242 162.005
      vertex 3 28.0563 160.796
    endloop
  endfacet
  facet normal 1 0 0
    outer loop
      vertex 3 25.6872 165.075
      vertex 3 27.2041 166.177
      vertex 3 26.5926 166.893
    endloop
  endfacet
  facet normal 1 -0 0
    outer loop
      vertex 3 26.2731 161.375
      vertex 3 28.0563 160.796
      vertex 3 26.4242 162.005
    endloop
  endfacet
  facet normal 1 0 0
    outer loop
      vertex 3 28.0563 160.796
      vertex 3 26.2731 161.375
      vertex 3 27.696 159.926
    endloop
  endfacet
  facet normal 1 0 0
    outer loop
      vertex 3 28.2761 163.589
      vertex 3 26.4242 163.295
      vertex 3 26.475 162.65
    endloop
  endfacet
  facet normal 1 0 0
    outer loop
      vertex 3 28.0563 164.504
      vertex 3 26.2731 163.925
      vertex 3 26.4242 163.295
    endloop
  endfacet
  facet normal 1 0 0
    outer loop
      vertex 3 27.696 165.374
      vertex 3 26.0254 164.523
      vertex 3 26.2731 163.925
    endloop
  endfacet
  facet normal 1 0 0
    outer loop
      vertex 3 25.2668 165.567
      vertex 3 26.5926 166.893
      vertex 3 25.8767 167.504
    endloop
  endfacet
  facet normal 1 0 0
    outer loop
      vertex 3 27.2041 166.177
      vertex 3 25.6872 165.075
      vertex 3 26.0254 164.523
    endloop
  endfacet
  facet normal 1 0 0
    outer loop
      vertex 3 26.5926 166.893
      vertex 3 25.2668 165.567
      vertex 3 25.6872 165.075
    endloop
  endfacet
  facet normal 1 0 0
    outer loop
      vertex 3 24.7746 165.987
      vertex 3 25.8767 167.504
      vertex 3 25.0739 167.996
    endloop
  endfacet
  facet normal 1 0 0
    outer loop
      vertex 3 24.2227 166.325
      vertex 3 25.0739 167.996
      vertex 3 25.0644 168
    endloop
  endfacet
  facet normal 1 0 0
    outer loop
      vertex 3 25.8767 167.504
      vertex 3 24.7746 165.987
      vertex 3 25.2668 165.567
    endloop
  endfacet
  facet normal 1 -0 0
    outer loop
      vertex 3 26.0254 160.777
      vertex 3 27.696 159.926
      vertex 3 26.2731 161.375
    endloop
  endfacet
  facet normal 1 0 0
    outer loop
      vertex 3 27.696 159.926
      vertex 3 26.0254 160.777
      vertex 3 27.2041 159.123
    endloop
  endfacet
  facet normal 1 -0 0
    outer loop
      vertex 3 25.6872 160.225
      vertex 3 27.2041 159.123
      vertex 3 26.0254 160.777
    endloop
  endfacet
  facet normal 1 0 0
    outer loop
      vertex 3 27.2041 159.123
      vertex 3 25.6872 160.225
      vertex 3 26.5926 158.407
    endloop
  endfacet
  facet normal 1 -0 0
    outer loop
      vertex 3 25.2668 159.733
      vertex 3 26.5926 158.407
      vertex 3 25.6872 160.225
    endloop
  endfacet
  facet normal 1 0 0
    outer loop
      vertex 3 26.5926 158.407
      vertex 3 25.2668 159.733
      vertex 3 25.8767 157.796
    endloop
  endfacet
  facet normal 1 -0 0
    outer loop
      vertex 3 24.7746 159.313
      vertex 3 25.8767 157.796
      vertex 3 25.2668 159.733
    endloop
  endfacet
  facet normal 1 0 0
    outer loop
      vertex 3 25.8767 157.796
      vertex 3 24.7746 159.313
      vertex 3 25.0739 157.304
    endloop
  endfacet
  facet normal 1 -0 0
    outer loop
      vertex 3 24.2227 158.975
      vertex 3 25.0739 157.304
      vertex 3 24.7746 159.313
    endloop
  endfacet
  facet normal 1 0 0
    outer loop
      vertex 3 24.2227 158.975
      vertex 3 24.2041 156.944
      vertex 3 25.0739 157.304
    endloop
  endfacet
  facet normal 1 -0 0
    outer loop
      vertex 3 23.6247 158.727
      vertex 3 24.2041 156.944
      vertex 3 24.2227 158.975
    endloop
  endfacet
  facet normal 1 0 0
    outer loop
      vertex 3 23.6247 158.727
      vertex 3 23.2886 156.724
      vertex 3 24.2041 156.944
    endloop
  endfacet
  facet normal 1 -0 0
    outer loop
      vertex 3 22.9953 158.576
      vertex 3 23.2886 156.724
      vertex 3 23.6247 158.727
    endloop
  endfacet
  facet normal 1 -0 0
    outer loop
      vertex 3 22.35 158.525
      vertex 3 23.2886 156.724
      vertex 3 22.9953 158.576
    endloop
  endfacet
  facet normal 1 0 0
    outer loop
      vertex 3 22.35 158.525
      vertex 3 22.35 156.65
      vertex 3 23.2886 156.724
    endloop
  endfacet
  facet normal 1 0 0
    outer loop
      vertex 3 21.7047 158.576
      vertex 3 22.35 156.65
      vertex 3 22.35 158.525
    endloop
  endfacet
  facet normal 1 0 0
    outer loop
      vertex 3 21.7047 158.576
      vertex 3 21.4114 156.724
      vertex 3 22.35 156.65
    endloop
  endfacet
  facet normal 1 0 0
    outer loop
      vertex 3 21.0753 158.727
      vertex 3 21.4114 156.724
      vertex 3 21.7047 158.576
    endloop
  endfacet
  facet normal 1 0 0
    outer loop
      vertex 3 21.0753 158.727
      vertex 3 20.4959 156.944
      vertex 3 21.4114 156.724
    endloop
  endfacet
  facet normal 1 0 0
    outer loop
      vertex 3 20.4773 158.975
      vertex 3 20.4959 156.944
      vertex 3 21.0753 158.727
    endloop
  endfacet
  facet normal 1 0 0
    outer loop
      vertex 3 19.6261 157.304
      vertex 3 20.4773 158.975
      vertex 3 19.9254 159.313
    endloop
  endfacet
  facet normal 1 0 0
    outer loop
      vertex 3 20.4773 158.975
      vertex 3 19.6261 157.304
      vertex 3 20.4959 156.944
    endloop
  endfacet
  facet normal 1 0 0
    outer loop
      vertex 3 18.8233 157.796
      vertex 3 19.9254 159.313
      vertex 3 19.4332 159.733
    endloop
  endfacet
  facet normal 1 0 0
    outer loop
      vertex 3 18.1074 158.407
      vertex 3 19.4332 159.733
      vertex 3 19.0128 160.225
    endloop
  endfacet
  facet normal 1 0 0
    outer loop
      vertex 3 19.9254 159.313
      vertex 3 18.8233 157.796
      vertex 3 19.6261 157.304
    endloop
  endfacet
  facet normal 1 0 0
    outer loop
      vertex 3 17.4959 159.123
      vertex 3 19.0128 160.225
      vertex 3 18.6746 160.777
    endloop
  endfacet
  facet normal 1 0 0
    outer loop
      vertex 3 17 159.936
      vertex 3 18.6746 160.777
      vertex 3 18.4269 161.375
    endloop
  endfacet
  facet normal 1 0 0
    outer loop
      vertex 3 17 159.936
      vertex 3 18.4269 161.375
      vertex 3 18.2758 162.005
    endloop
  endfacet
  facet normal 1 0 0
    outer loop
      vertex 3 19.4332 159.733
      vertex 3 18.1074 158.407
      vertex 3 18.8233 157.796
    endloop
  endfacet
  facet normal 1 0 0
    outer loop
      vertex 3 17 159.936
      vertex 3 18.2758 162.005
      vertex 3 18.225 162.65
    endloop
  endfacet
  facet normal 1 0 0
    outer loop
      vertex 3 18.6746 164.523
      vertex 3 17 165.364
      vertex 3 18.4269 163.925
    endloop
  endfacet
  facet normal 1 0 0
    outer loop
      vertex 3 18.4269 163.925
      vertex 3 17 165.364
      vertex 3 18.2758 163.295
    endloop
  endfacet
  facet normal 1 0 0
    outer loop
      vertex 3 19.0128 160.225
      vertex 3 17.4959 159.123
      vertex 3 18.1074 158.407
    endloop
  endfacet
  facet normal 1 0 0
    outer loop
      vertex 3 18.2758 163.295
      vertex 3 17 165.364
      vertex 3 18.225 162.65
    endloop
  endfacet
  facet normal 1 0 0
    outer loop
      vertex 3 17 159.936
      vertex 3 18.225 162.65
      vertex 3 17 165.364
    endloop
  endfacet
  facet normal 1 0 0
    outer loop
      vertex 3 18.6746 160.777
      vertex 3 17 159.936
      vertex 3 17.004 159.926
    endloop
  endfacet
  facet normal 1 0 0
    outer loop
      vertex 3 18.6746 160.777
      vertex 3 17.004 159.926
      vertex 3 17.4959 159.123
    endloop
  endfacet
  facet normal 1 0 0
    outer loop
      vertex 3 20.4773 28.6746
      vertex 3 19.6261 27.004
      vertex 3 19.6356 27
    endloop
  endfacet
  facet normal 1 0 0
    outer loop
      vertex 3 18.8233 27.4959
      vertex 3 19.9254 29.0128
      vertex 3 19.4332 29.4332
    endloop
  endfacet
  facet normal 1 0 0
    outer loop
      vertex 3 18.1074 28.1074
      vertex 3 19.4332 29.4332
      vertex 3 19.0128 29.9254
    endloop
  endfacet
  facet normal 1 0 0
    outer loop
      vertex 3 19.9254 29.0128
      vertex 3 18.8233 27.4959
      vertex 3 19.6261 27.004
    endloop
  endfacet
  facet normal 1 0 0
    outer loop
      vertex 3 17.4959 28.8233
      vertex 3 19.0128 29.9254
      vertex 3 18.6746 30.4773
    endloop
  endfacet
  facet normal 1 0 0
    outer loop
      vertex 3 17 29.6356
      vertex 3 18.6746 30.4773
      vertex 3 18.4269 31.0753
    endloop
  endfacet
  facet normal 1 0 0
    outer loop
      vertex 3 17 29.6356
      vertex 3 18.4269 31.0753
      vertex 3 18.2758 31.7047
    endloop
  endfacet
  facet normal 1 0 0
    outer loop
      vertex 3 19.4332 29.4332
      vertex 3 18.1074 28.1074
      vertex 3 18.8233 27.4959
    endloop
  endfacet
  facet normal 1 0 0
    outer loop
      vertex 3 17 29.6356
      vertex 3 18.2758 31.7047
      vertex 3 18.225 32.35
    endloop
  endfacet
  facet normal 1 0 0
    outer loop
      vertex 3 18.6746 34.2227
      vertex 3 17 35.0644
      vertex 3 18.4269 33.6247
    endloop
  endfacet
  facet normal 1 0 0
    outer loop
      vertex 3 18.4269 33.6247
      vertex 3 17 35.0644
      vertex 3 18.2758 32.9953
    endloop
  endfacet
  facet normal 1 0 0
    outer loop
      vertex 3 19.0128 29.9254
      vertex 3 17.4959 28.8233
      vertex 3 18.1074 28.1074
    endloop
  endfacet
  facet normal 1 0 0
    outer loop
      vertex 3 18.2758 32.9953
      vertex 3 17 35.0644
      vertex 3 18.225 32.35
    endloop
  endfacet
  facet normal 1 0 0
    outer loop
      vertex 3 17 29.6356
      vertex 3 18.225 32.35
      vertex 3 17 35.0644
    endloop
  endfacet
  facet normal 1 0 0
    outer loop
      vertex 3 18.6746 30.4773
      vertex 3 17 29.6356
      vertex 3 17.004 29.6261
    endloop
  endfacet
  facet normal 1 0 0
    outer loop
      vertex 3 18.6746 30.4773
      vertex 3 17.004 29.6261
      vertex 3 17.4959 28.8233
    endloop
  endfacet
  facet normal 1 0 0
    outer loop
      vertex 3 20.4773 166.325
      vertex 3 19.6261 167.996
      vertex 3 19.9254 165.987
    endloop
  endfacet
  facet normal 1 -0 0
    outer loop
      vertex 3 18.8233 167.504
      vertex 3 19.9254 165.987
      vertex 3 19.6261 167.996
    endloop
  endfacet
  facet normal 1 0 0
    outer loop
      vertex 3 19.9254 165.987
      vertex 3 18.8233 167.504
      vertex 3 19.4332 165.567
    endloop
  endfacet
  facet normal 1 -0 0
    outer loop
      vertex 3 18.1074 166.893
      vertex 3 19.4332 165.567
      vertex 3 18.8233 167.504
    endloop
  endfacet
  facet normal 1 0 0
    outer loop
      vertex 3 19.4332 165.567
      vertex 3 18.1074 166.893
      vertex 3 19.0128 165.075
    endloop
  endfacet
  facet normal 1 -0 0
    outer loop
      vertex 3 17.4959 166.177
      vertex 3 19.0128 165.075
      vertex 3 18.1074 166.893
    endloop
  endfacet
  facet normal 1 0 0
    outer loop
      vertex 3 19.0128 165.075
      vertex 3 17.4959 166.177
      vertex 3 18.6746 164.523
    endloop
  endfacet
  facet normal 1 -0 0
    outer loop
      vertex 3 17 165.364
      vertex 3 18.6746 164.523
      vertex 3 17.004 165.374
    endloop
  endfacet
  facet normal 1 -0 0
    outer loop
      vertex 3 17.004 165.374
      vertex 3 18.6746 164.523
      vertex 3 17.4959 166.177
    endloop
  endfacet
  facet normal 1 0 0
    outer loop
      vertex 3 77.7773 28.6746
      vertex 3 76.9261 27.004
      vertex 3 76.9356 27
    endloop
  endfacet
  facet normal 1 0 0
    outer loop
      vertex 3 76.1233 27.4959
      vertex 3 77.2254 29.0128
      vertex 3 76.7332 29.4332
    endloop
  endfacet
  facet normal 1 0 0
    outer loop
      vertex 3 75.4074 28.1074
      vertex 3 76.7332 29.4332
      vertex 3 76.3128 29.9254
    endloop
  endfacet
  facet normal 1 0 0
    outer loop
      vertex 3 77.2254 29.0128
      vertex 3 76.1233 27.4959
      vertex 3 76.9261 27.004
    endloop
  endfacet
  facet normal 1 0 0
    outer loop
      vertex 3 74.7959 28.8233
      vertex 3 76.3128 29.9254
      vertex 3 75.9746 30.4773
    endloop
  endfacet
  facet normal 1 0 0
    outer loop
      vertex 3 74.304 29.6261
      vertex 3 75.9746 30.4773
      vertex 3 75.7269 31.0753
    endloop
  endfacet
  facet normal 1 0 0
    outer loop
      vertex 3 73.9437 30.4959
      vertex 3 75.7269 31.0753
      vertex 3 75.5758 31.7047
    endloop
  endfacet
  facet normal 1 0 0
    outer loop
      vertex 3 76.7332 29.4332
      vertex 3 75.4074 28.1074
      vertex 3 76.1233 27.4959
    endloop
  endfacet
  facet normal 1 0 0
    outer loop
      vertex 3 73.7239 31.4114
      vertex 3 75.5758 31.7047
      vertex 3 75.525 32.35
    endloop
  endfacet
  facet normal 1 -0 0
    outer loop
      vertex 3 73.9437 34.2041
      vertex 3 75.7269 33.6247
      vertex 3 74.304 35.0739
    endloop
  endfacet
  facet normal 1 0 0
    outer loop
      vertex 3 75.7269 33.6247
      vertex 3 73.9437 34.2041
      vertex 3 75.5758 32.9953
    endloop
  endfacet
  facet normal 1 0 0
    outer loop
      vertex 3 76.3128 29.9254
      vertex 3 74.7959 28.8233
      vertex 3 75.4074 28.1074
    endloop
  endfacet
  facet normal 1 -0 0
    outer loop
      vertex 3 73.7239 33.2886
      vertex 3 75.5758 32.9953
      vertex 3 73.9437 34.2041
    endloop
  endfacet
  facet normal 1 0 0
    outer loop
      vertex 3 75.9746 30.4773
      vertex 3 74.304 29.6261
      vertex 3 74.7959 28.8233
    endloop
  endfacet
  facet normal 1 0 0
    outer loop
      vertex 3 75.5758 32.9953
      vertex 3 73.7239 33.2886
      vertex 3 75.525 32.35
    endloop
  endfacet
  facet normal 1 0 0
    outer loop
      vertex 3 75.7269 31.0753
      vertex 3 73.9437 30.4959
      vertex 3 74.304 29.6261
    endloop
  endfacet
  facet normal 1 0 0
    outer loop
      vertex 3 73.65 32.35
      vertex 3 75.525 32.35
      vertex 3 73.7239 33.2886
    endloop
  endfacet
  facet normal 1 0 0
    outer loop
      vertex 3 75.5758 31.7047
      vertex 3 73.7239 31.4114
      vertex 3 73.9437 30.4959
    endloop
  endfacet
  facet normal 1 0 0
    outer loop
      vertex 3 75.525 32.35
      vertex 3 73.65 32.35
      vertex 3 73.7239 31.4114
    endloop
  endfacet
  facet normal 1 0 0
    outer loop
      vertex 3 77.7773 166.325
      vertex 3 76.9261 167.996
      vertex 3 77.2254 165.987
    endloop
  endfacet
  facet normal 1 -0 0
    outer loop
      vertex 3 76.1233 167.504
      vertex 3 77.2254 165.987
      vertex 3 76.9261 167.996
    endloop
  endfacet
  facet normal 1 0 0
    outer loop
      vertex 3 77.2254 165.987
      vertex 3 76.1233 167.504
      vertex 3 76.7332 165.567
    endloop
  endfacet
  facet normal 1 -0 0
    outer loop
      vertex 3 75.4074 166.893
      vertex 3 76.7332 165.567
      vertex 3 76.1233 167.504
    endloop
  endfacet
  facet normal 1 0 0
    outer loop
      vertex 3 76.7332 165.567
      vertex 3 75.4074 166.893
      vertex 3 76.3128 165.075
    endloop
  endfacet
  facet normal 1 -0 0
    outer loop
      vertex 3 74.7959 166.177
      vertex 3 76.3128 165.075
      vertex 3 75.4074 166.893
    endloop
  endfacet
  facet normal 1 0 0
    outer loop
      vertex 3 76.3128 165.075
      vertex 3 74.7959 166.177
      vertex 3 75.9746 164.523
    endloop
  endfacet
  facet normal 1 0 0
    outer loop
      vertex 3 75.9746 164.523
      vertex 3 74.304 165.374
      vertex 3 75.7269 163.925
    endloop
  endfacet
  facet normal 1 -0 0
    outer loop
      vertex 3 74.304 165.374
      vertex 3 75.9746 164.523
      vertex 3 74.7959 166.177
    endloop
  endfacet
  facet normal 1 0 0
    outer loop
      vertex 3 83.3254 34.2227
      vertex 3 85 35.0644
      vertex 3 84.996 35.0739
    endloop
  endfacet
  facet normal 1 0 0
    outer loop
      vertex 3 85 35.0644
      vertex 3 83.775 32.35
      vertex 3 85 29.6356
    endloop
  endfacet
  facet normal 1 0 0
    outer loop
      vertex 3 83.3254 34.2227
      vertex 3 84.996 35.0739
      vertex 3 84.5041 35.8767
    endloop
  endfacet
  facet normal 1 -0 0
    outer loop
      vertex 3 83.7242 31.7047
      vertex 3 85 29.6356
      vertex 3 83.775 32.35
    endloop
  endfacet
  facet normal 1 0 0
    outer loop
      vertex 3 82.9872 34.7746
      vertex 3 84.5041 35.8767
      vertex 3 83.8926 36.5926
    endloop
  endfacet
  facet normal 1 -0 0
    outer loop
      vertex 3 83.5731 31.0753
      vertex 3 85 29.6356
      vertex 3 83.7242 31.7047
    endloop
  endfacet
  facet normal 1 -0 0
    outer loop
      vertex 3 83.3254 30.4773
      vertex 3 85 29.6356
      vertex 3 83.5731 31.0753
    endloop
  endfacet
  facet normal 1 0 0
    outer loop
      vertex 3 85 35.0644
      vertex 3 83.7242 32.9953
      vertex 3 83.775 32.35
    endloop
  endfacet
  facet normal 1 0 0
    outer loop
      vertex 3 85 35.0644
      vertex 3 83.5731 33.6247
      vertex 3 83.7242 32.9953
    endloop
  endfacet
  facet normal 1 0 0
    outer loop
      vertex 3 85 35.0644
      vertex 3 83.3254 34.2227
      vertex 3 83.5731 33.6247
    endloop
  endfacet
  facet normal 1 0 0
    outer loop
      vertex 3 82.5668 35.2668
      vertex 3 83.8926 36.5926
      vertex 3 83.1767 37.2041
    endloop
  endfacet
  facet normal 1 0 0
    outer loop
      vertex 3 84.5041 35.8767
      vertex 3 82.9872 34.7746
      vertex 3 83.3254 34.2227
    endloop
  endfacet
  facet normal 1 0 0
    outer loop
      vertex 3 83.8926 36.5926
      vertex 3 82.5668 35.2668
      vertex 3 82.9872 34.7746
    endloop
  endfacet
  facet normal 1 0 0
    outer loop
      vertex 3 82.0746 35.6872
      vertex 3 83.1767 37.2041
      vertex 3 82.3739 37.696
    endloop
  endfacet
  facet normal 1 0 0
    outer loop
      vertex 3 83.1767 37.2041
      vertex 3 82.0746 35.6872
      vertex 3 82.5668 35.2668
    endloop
  endfacet
  facet normal 1 0 0
    outer loop
      vertex 3 82.3739 37.696
      vertex 3 81.5227 36.0254
      vertex 3 82.0746 35.6872
    endloop
  endfacet
  facet normal 1 0 0
    outer loop
      vertex 3 81.5041 38.0563
      vertex 3 81.5227 36.0254
      vertex 3 82.3739 37.696
    endloop
  endfacet
  facet normal 1 0 0
    outer loop
      vertex 3 81.5041 38.0563
      vertex 3 80.9247 36.2731
      vertex 3 81.5227 36.0254
    endloop
  endfacet
  facet normal 1 0 0
    outer loop
      vertex 3 80.5886 38.2761
      vertex 3 80.9247 36.2731
      vertex 3 81.5041 38.0563
    endloop
  endfacet
  facet normal 1 0 0
    outer loop
      vertex 3 80.5886 38.2761
      vertex 3 80.2953 36.4242
      vertex 3 80.9247 36.2731
    endloop
  endfacet
  facet normal 1 0 0
    outer loop
      vertex 3 79.65 38.35
      vertex 3 80.2953 36.4242
      vertex 3 80.5886 38.2761
    endloop
  endfacet
  facet normal 1 0 0
    outer loop
      vertex 3 79.65 38.35
      vertex 3 79.65 36.475
      vertex 3 80.2953 36.4242
    endloop
  endfacet
  facet normal 1 0 0
    outer loop
      vertex 3 79.65 38.35
      vertex 3 79.0047 36.4242
      vertex 3 79.65 36.475
    endloop
  endfacet
  facet normal 1 -0 0
    outer loop
      vertex 3 78.7114 38.2761
      vertex 3 79.0047 36.4242
      vertex 3 79.65 38.35
    endloop
  endfacet
  facet normal 1 0 0
    outer loop
      vertex 3 78.7114 38.2761
      vertex 3 78.3753 36.2731
      vertex 3 79.0047 36.4242
    endloop
  endfacet
  facet normal 1 -0 0
    outer loop
      vertex 3 77.7959 38.0563
      vertex 3 78.3753 36.2731
      vertex 3 78.7114 38.2761
    endloop
  endfacet
  facet normal 1 0 0
    outer loop
      vertex 3 77.7959 38.0563
      vertex 3 77.7773 36.0254
      vertex 3 78.3753 36.2731
    endloop
  endfacet
  facet normal 1 -0 0
    outer loop
      vertex 3 76.9261 37.696
      vertex 3 77.7773 36.0254
      vertex 3 77.7959 38.0563
    endloop
  endfacet
  facet normal 1 0 0
    outer loop
      vertex 3 77.7773 36.0254
      vertex 3 76.9261 37.696
      vertex 3 77.2254 35.6872
    endloop
  endfacet
  facet normal 1 -0 0
    outer loop
      vertex 3 76.1233 37.2041
      vertex 3 77.2254 35.6872
      vertex 3 76.9261 37.696
    endloop
  endfacet
  facet normal 1 0 0
    outer loop
      vertex 3 77.2254 35.6872
      vertex 3 76.1233 37.2041
      vertex 3 76.7332 35.2668
    endloop
  endfacet
  facet normal 1 -0 0
    outer loop
      vertex 3 75.4074 36.5926
      vertex 3 76.7332 35.2668
      vertex 3 76.1233 37.2041
    endloop
  endfacet
  facet normal 1 0 0
    outer loop
      vertex 3 76.7332 35.2668
      vertex 3 75.4074 36.5926
      vertex 3 76.3128 34.7746
    endloop
  endfacet
  facet normal 1 -0 0
    outer loop
      vertex 3 74.7959 35.8767
      vertex 3 76.3128 34.7746
      vertex 3 75.4074 36.5926
    endloop
  endfacet
  facet normal 1 0 0
    outer loop
      vertex 3 76.3128 34.7746
      vertex 3 74.7959 35.8767
      vertex 3 75.9746 34.2227
    endloop
  endfacet
  facet normal 1 0 0
    outer loop
      vertex 3 75.9746 34.2227
      vertex 3 74.304 35.0739
      vertex 3 75.7269 33.6247
    endloop
  endfacet
  facet normal 1 -0 0
    outer loop
      vertex 3 74.304 35.0739
      vertex 3 75.9746 34.2227
      vertex 3 74.7959 35.8767
    endloop
  endfacet
  facet normal 1 0 0
    outer loop
      vertex 3 83.3254 164.523
      vertex 3 85 165.364
      vertex 3 84.996 165.374
    endloop
  endfacet
  facet normal 1 0 0
    outer loop
      vertex 3 85 165.364
      vertex 3 83.775 162.65
      vertex 3 85 159.936
    endloop
  endfacet
  facet normal 1 0 0
    outer loop
      vertex 3 83.3254 164.523
      vertex 3 84.996 165.374
      vertex 3 84.5041 166.177
    endloop
  endfacet
  facet normal 1 -0 0
    outer loop
      vertex 3 83.7242 162.005
      vertex 3 85 159.936
      vertex 3 83.775 162.65
    endloop
  endfacet
  facet normal 1 0 0
    outer loop
      vertex 3 82.9872 165.075
      vertex 3 84.5041 166.177
      vertex 3 83.8926 166.893
    endloop
  endfacet
  facet normal 1 -0 0
    outer loop
      vertex 3 83.5731 161.375
      vertex 3 85 159.936
      vertex 3 83.7242 162.005
    endloop
  endfacet
  facet normal 1 -0 0
    outer loop
      vertex 3 83.3254 160.777
      vertex 3 85 159.936
      vertex 3 83.5731 161.375
    endloop
  endfacet
  facet normal 1 0 0
    outer loop
      vertex 3 85 165.364
      vertex 3 83.7242 163.295
      vertex 3 83.775 162.65
    endloop
  endfacet
  facet normal 1 0 0
    outer loop
      vertex 3 85 165.364
      vertex 3 83.5731 163.925
      vertex 3 83.7242 163.295
    endloop
  endfacet
  facet normal 1 0 0
    outer loop
      vertex 3 85 165.364
      vertex 3 83.3254 164.523
      vertex 3 83.5731 163.925
    endloop
  endfacet
  facet normal 1 0 0
    outer loop
      vertex 3 82.5668 165.567
      vertex 3 83.8926 166.893
      vertex 3 83.1767 167.504
    endloop
  endfacet
  facet normal 1 0 0
    outer loop
      vertex 3 84.5041 166.177
      vertex 3 82.9872 165.075
      vertex 3 83.3254 164.523
    endloop
  endfacet
  facet normal 1 0 0
    outer loop
      vertex 3 83.8926 166.893
      vertex 3 82.5668 165.567
      vertex 3 82.9872 165.075
    endloop
  endfacet
  facet normal 1 0 0
    outer loop
      vertex 3 82.0746 165.987
      vertex 3 83.1767 167.504
      vertex 3 82.3739 167.996
    endloop
  endfacet
  facet normal 1 0 0
    outer loop
      vertex 3 81.5227 166.325
      vertex 3 82.3739 167.996
      vertex 3 82.3644 168
    endloop
  endfacet
  facet normal 1 0 0
    outer loop
      vertex 3 83.1767 167.504
      vertex 3 82.0746 165.987
      vertex 3 82.5668 165.567
    endloop
  endfacet
  facet normal 1 0 0
    outer loop
      vertex 3 85 165.364
      vertex 3 87 170
      vertex 3 85 168
    endloop
  endfacet
  facet normal 1 0 0
    outer loop
      vertex 3 87 170
      vertex 3 82.3644 168
      vertex 3 85 168
    endloop
  endfacet
  facet normal 1 0 0
    outer loop
      vertex 3 82.3739 167.996
      vertex 3 81.5227 166.325
      vertex 3 82.0746 165.987
    endloop
  endfacet
  facet normal 1 0 0
    outer loop
      vertex 3 82.3644 168
      vertex 3 80.9247 166.573
      vertex 3 81.5227 166.325
    endloop
  endfacet
  facet normal 1 0 0
    outer loop
      vertex 3 82.3644 168
      vertex 3 80.2953 166.724
      vertex 3 80.9247 166.573
    endloop
  endfacet
  facet normal 1 0 0
    outer loop
      vertex 3 82.3644 168
      vertex 3 79.65 166.775
      vertex 3 80.2953 166.724
    endloop
  endfacet
  facet normal 1 -0 0
    outer loop
      vertex 3 76.9356 168
      vertex 3 79.65 166.775
      vertex 3 82.3644 168
    endloop
  endfacet
  facet normal 1 0 0
    outer loop
      vertex 3 76.9356 168
      vertex 3 82.3644 168
      vertex 3 87 170
    endloop
  endfacet
  facet normal 1 0 0
    outer loop
      vertex 3 79.65 166.775
      vertex 3 76.9356 168
      vertex 3 79.0047 166.724
    endloop
  endfacet
  facet normal 1 -0 0
    outer loop
      vertex 3 76.9261 167.996
      vertex 3 77.7773 166.325
      vertex 3 76.9356 168
    endloop
  endfacet
  facet normal 1 0 0
    outer loop
      vertex 3 78.3753 166.573
      vertex 3 76.9356 168
      vertex 3 77.7773 166.325
    endloop
  endfacet
  facet normal 1 0 0
    outer loop
      vertex 3 79.0047 166.724
      vertex 3 76.9356 168
      vertex 3 78.3753 166.573
    endloop
  endfacet
  facet normal 1 0 0
    outer loop
      vertex 3 87 170
      vertex 3 25.0644 168
      vertex 3 76.9356 168
    endloop
  endfacet
  facet normal 1 0 0
    outer loop
      vertex 3 25.0739 167.996
      vertex 3 24.2227 166.325
      vertex 3 24.7746 165.987
    endloop
  endfacet
  facet normal 1 0 0
    outer loop
      vertex 3 25.0644 168
      vertex 3 23.6247 166.573
      vertex 3 24.2227 166.325
    endloop
  endfacet
  facet normal 1 0 0
    outer loop
      vertex 3 25.0644 168
      vertex 3 22.9953 166.724
      vertex 3 23.6247 166.573
    endloop
  endfacet
  facet normal 1 0 0
    outer loop
      vertex 3 25.0644 168
      vertex 3 22.35 166.775
      vertex 3 22.9953 166.724
    endloop
  endfacet
  facet normal 1 -0 0
    outer loop
      vertex 3 19.6356 168
      vertex 3 22.35 166.775
      vertex 3 25.0644 168
    endloop
  endfacet
  facet normal 1 0 0
    outer loop
      vertex 3 22.35 166.775
      vertex 3 19.6356 168
      vertex 3 21.7047 166.724
    endloop
  endfacet
  facet normal 1 -0 0
    outer loop
      vertex 3 19.6261 167.996
      vertex 3 20.4773 166.325
      vertex 3 19.6356 168
    endloop
  endfacet
  facet normal 1 0 0
    outer loop
      vertex 3 21.0753 166.573
      vertex 3 19.6356 168
      vertex 3 20.4773 166.325
    endloop
  endfacet
  facet normal 1 0 0
    outer loop
      vertex 3 21.7047 166.724
      vertex 3 19.6356 168
      vertex 3 21.0753 166.573
    endloop
  endfacet
  facet normal 1 -0 0
    outer loop
      vertex 3 15 170
      vertex 3 25.0644 168
      vertex 3 87 170
    endloop
  endfacet
  facet normal 1 0 0
    outer loop
      vertex 3 25.0644 168
      vertex 3 15 170
      vertex 3 19.6356 168
    endloop
  endfacet
  facet normal 1 0 0
    outer loop
      vertex 3 15 170
      vertex 3 17 165.364
      vertex 3 17 168
    endloop
  endfacet
  facet normal 1 0 0
    outer loop
      vertex 3 17 165.364
      vertex 3 15 170
      vertex 3 17 159.936
    endloop
  endfacet
  facet normal 1 0 0
    outer loop
      vertex 3 17 159.936
      vertex 3 15 170
      vertex 3 17 35.0644
    endloop
  endfacet
  facet normal 1 0 0
    outer loop
      vertex 3 15 25
      vertex 3 17 35.0644
      vertex 3 15 170
    endloop
  endfacet
  facet normal 1 0 0
    outer loop
      vertex 3 17 35.0644
      vertex 3 15 25
      vertex 3 17 29.6356
    endloop
  endfacet
  facet normal 1 0 0
    outer loop
      vertex 3 19.6356 168
      vertex 3 15 170
      vertex 3 17 168
    endloop
  endfacet
  facet normal 1 0 0
    outer loop
      vertex 3 85 159.936
      vertex 3 87 170
      vertex 3 85 165.364
    endloop
  endfacet
  facet normal 1 0 0
    outer loop
      vertex 3 87 170
      vertex 3 85 159.936
      vertex 3 87 25
    endloop
  endfacet
  facet normal 1 -0 0
    outer loop
      vertex 3 85 35.0644
      vertex 3 87 25
      vertex 3 85 159.936
    endloop
  endfacet
  facet normal 1 -0 0
    outer loop
      vertex 3 85 29.6356
      vertex 3 87 25
      vertex 3 85 35.0644
    endloop
  endfacet
  facet normal 1 -0 0
    outer loop
      vertex 3 85 27
      vertex 3 87 25
      vertex 3 85 29.6356
    endloop
  endfacet
  facet normal 1 -0 0
    outer loop
      vertex 3 82.3644 27
      vertex 3 87 25
      vertex 3 85 27
    endloop
  endfacet
  facet normal 1 0 0
    outer loop
      vertex 3 82.3739 27.004
      vertex 3 81.5227 28.6746
      vertex 3 82.3644 27
    endloop
  endfacet
  facet normal 1 -0 0
    outer loop
      vertex 3 80.9247 28.4269
      vertex 3 82.3644 27
      vertex 3 81.5227 28.6746
    endloop
  endfacet
  facet normal 1 -0 0
    outer loop
      vertex 3 80.2953 28.2758
      vertex 3 82.3644 27
      vertex 3 80.9247 28.4269
    endloop
  endfacet
  facet normal 1 -0 0
    outer loop
      vertex 3 79.65 28.225
      vertex 3 82.3644 27
      vertex 3 80.2953 28.2758
    endloop
  endfacet
  facet normal 1 0 0
    outer loop
      vertex 3 76.9356 27
      vertex 3 79.65 28.225
      vertex 3 79.0047 28.2758
    endloop
  endfacet
  facet normal 1 0 0
    outer loop
      vertex 3 79.65 28.225
      vertex 3 76.9356 27
      vertex 3 82.3644 27
    endloop
  endfacet
  facet normal 1 0 0
    outer loop
      vertex 3 76.9356 27
      vertex 3 79.0047 28.2758
      vertex 3 78.3753 28.4269
    endloop
  endfacet
  facet normal 1 0 0
    outer loop
      vertex 3 76.9261 27.004
      vertex 3 77.7773 28.6746
      vertex 3 77.2254 29.0128
    endloop
  endfacet
  facet normal 1 0 0
    outer loop
      vertex 3 76.9356 27
      vertex 3 78.3753 28.4269
      vertex 3 77.7773 28.6746
    endloop
  endfacet
  facet normal 1 0 0
    outer loop
      vertex 3 82.3644 27
      vertex 3 76.9356 27
      vertex 3 87 25
    endloop
  endfacet
  facet normal 1 -0 0
    outer loop
      vertex 3 25.0644 27
      vertex 3 87 25
      vertex 3 76.9356 27
    endloop
  endfacet
  facet normal 1 0 0
    outer loop
      vertex 3 25.0739 27.004
      vertex 3 24.2227 28.6746
      vertex 3 25.0644 27
    endloop
  endfacet
  facet normal 1 -0 0
    outer loop
      vertex 3 23.6247 28.4269
      vertex 3 25.0644 27
      vertex 3 24.2227 28.6746
    endloop
  endfacet
  facet normal 1 -0 0
    outer loop
      vertex 3 22.9953 28.2758
      vertex 3 25.0644 27
      vertex 3 23.6247 28.4269
    endloop
  endfacet
  facet normal 1 -0 0
    outer loop
      vertex 3 22.35 28.225
      vertex 3 25.0644 27
      vertex 3 22.9953 28.2758
    endloop
  endfacet
  facet normal 1 0 0
    outer loop
      vertex 3 19.6356 27
      vertex 3 22.35 28.225
      vertex 3 21.7047 28.2758
    endloop
  endfacet
  facet normal 1 0 0
    outer loop
      vertex 3 19.6356 27
      vertex 3 21.7047 28.2758
      vertex 3 21.0753 28.4269
    endloop
  endfacet
  facet normal 1 0 0
    outer loop
      vertex 3 19.6261 27.004
      vertex 3 20.4773 28.6746
      vertex 3 19.9254 29.0128
    endloop
  endfacet
  facet normal 1 0 0
    outer loop
      vertex 3 19.6356 27
      vertex 3 21.0753 28.4269
      vertex 3 20.4773 28.6746
    endloop
  endfacet
  facet normal 1 0 0
    outer loop
      vertex 3 22.35 28.225
      vertex 3 19.6356 27
      vertex 3 25.0644 27
    endloop
  endfacet
  facet normal 1 0 0
    outer loop
      vertex 3 15 25
      vertex 3 25.0644 27
      vertex 3 19.6356 27
    endloop
  endfacet
  facet normal 1 0 0
    outer loop
      vertex 3 15 25
      vertex 3 19.6356 27
      vertex 3 17 27
    endloop
  endfacet
  facet normal 1 0 0
    outer loop
      vertex 3 25.0644 27
      vertex 3 15 25
      vertex 3 87 25
    endloop
  endfacet
  facet normal 1 0 0
    outer loop
      vertex 3 17 29.6356
      vertex 3 15 25
      vertex 3 17 27
    endloop
  endfacet
  facet normal 1 0 0
    outer loop
      vertex 3 85 159.936
      vertex 3 83.3254 160.777
      vertex 3 84.996 159.926
    endloop
  endfacet
  facet normal 1 0 0
    outer loop
      vertex 3 84.996 159.926
      vertex 3 83.3254 160.777
      vertex 3 84.5041 159.123
    endloop
  endfacet
  facet normal 1 -0 0
    outer loop
      vertex 3 82.9872 160.225
      vertex 3 84.5041 159.123
      vertex 3 83.3254 160.777
    endloop
  endfacet
  facet normal 1 0 0
    outer loop
      vertex 3 84.5041 159.123
      vertex 3 82.9872 160.225
      vertex 3 83.8926 158.407
    endloop
  endfacet
  facet normal 1 -0 0
    outer loop
      vertex 3 82.5668 159.733
      vertex 3 83.8926 158.407
      vertex 3 82.9872 160.225
    endloop
  endfacet
  facet normal 1 0 0
    outer loop
      vertex 3 83.8926 158.407
      vertex 3 82.5668 159.733
      vertex 3 83.1767 157.796
    endloop
  endfacet
  facet normal 1 -0 0
    outer loop
      vertex 3 82.0746 159.313
      vertex 3 83.1767 157.796
      vertex 3 82.5668 159.733
    endloop
  endfacet
  facet normal 1 0 0
    outer loop
      vertex 3 83.1767 157.796
      vertex 3 82.0746 159.313
      vertex 3 82.3739 157.304
    endloop
  endfacet
  facet normal 1 -0 0
    outer loop
      vertex 3 81.5227 158.975
      vertex 3 82.3739 157.304
      vertex 3 82.0746 159.313
    endloop
  endfacet
  facet normal 1 0 0
    outer loop
      vertex 3 81.5227 158.975
      vertex 3 81.5041 156.944
      vertex 3 82.3739 157.304
    endloop
  endfacet
  facet normal 1 -0 0
    outer loop
      vertex 3 80.9247 158.727
      vertex 3 81.5041 156.944
      vertex 3 81.5227 158.975
    endloop
  endfacet
  facet normal 1 0 0
    outer loop
      vertex 3 80.9247 158.727
      vertex 3 80.5886 156.724
      vertex 3 81.5041 156.944
    endloop
  endfacet
  facet normal 1 -0 0
    outer loop
      vertex 3 80.2953 158.576
      vertex 3 80.5886 156.724
      vertex 3 80.9247 158.727
    endloop
  endfacet
  facet normal 1 -0 0
    outer loop
      vertex 3 79.65 158.525
      vertex 3 80.5886 156.724
      vertex 3 80.2953 158.576
    endloop
  endfacet
  facet normal 1 0 0
    outer loop
      vertex 3 79.65 158.525
      vertex 3 79.65 156.65
      vertex 3 80.5886 156.724
    endloop
  endfacet
  facet normal 1 0 0
    outer loop
      vertex 3 79.0047 158.576
      vertex 3 79.65 156.65
      vertex 3 79.65 158.525
    endloop
  endfacet
  facet normal 1 0 0
    outer loop
      vertex 3 79.0047 158.576
      vertex 3 78.7114 156.724
      vertex 3 79.65 156.65
    endloop
  endfacet
  facet normal 1 0 0
    outer loop
      vertex 3 78.3753 158.727
      vertex 3 78.7114 156.724
      vertex 3 79.0047 158.576
    endloop
  endfacet
  facet normal 1 0 0
    outer loop
      vertex 3 78.3753 158.727
      vertex 3 77.7959 156.944
      vertex 3 78.7114 156.724
    endloop
  endfacet
  facet normal 1 0 0
    outer loop
      vertex 3 77.7773 158.975
      vertex 3 77.7959 156.944
      vertex 3 78.3753 158.727
    endloop
  endfacet
  facet normal 1 0 0
    outer loop
      vertex 3 76.9261 157.304
      vertex 3 77.7773 158.975
      vertex 3 77.2254 159.313
    endloop
  endfacet
  facet normal 1 0 0
    outer loop
      vertex 3 77.7773 158.975
      vertex 3 76.9261 157.304
      vertex 3 77.7959 156.944
    endloop
  endfacet
  facet normal 1 0 0
    outer loop
      vertex 3 76.1233 157.796
      vertex 3 77.2254 159.313
      vertex 3 76.7332 159.733
    endloop
  endfacet
  facet normal 1 0 0
    outer loop
      vertex 3 75.4074 158.407
      vertex 3 76.7332 159.733
      vertex 3 76.3128 160.225
    endloop
  endfacet
  facet normal 1 0 0
    outer loop
      vertex 3 77.2254 159.313
      vertex 3 76.1233 157.796
      vertex 3 76.9261 157.304
    endloop
  endfacet
  facet normal 1 0 0
    outer loop
      vertex 3 74.7959 159.123
      vertex 3 76.3128 160.225
      vertex 3 75.9746 160.777
    endloop
  endfacet
  facet normal 1 0 0
    outer loop
      vertex 3 74.304 159.926
      vertex 3 75.9746 160.777
      vertex 3 75.7269 161.375
    endloop
  endfacet
  facet normal 1 0 0
    outer loop
      vertex 3 73.9437 160.796
      vertex 3 75.7269 161.375
      vertex 3 75.5758 162.005
    endloop
  endfacet
  facet normal 1 0 0
    outer loop
      vertex 3 76.7332 159.733
      vertex 3 75.4074 158.407
      vertex 3 76.1233 157.796
    endloop
  endfacet
  facet normal 1 0 0
    outer loop
      vertex 3 73.7239 161.711
      vertex 3 75.5758 162.005
      vertex 3 75.525 162.65
    endloop
  endfacet
  facet normal 1 -0 0
    outer loop
      vertex 3 73.9437 164.504
      vertex 3 75.7269 163.925
      vertex 3 74.304 165.374
    endloop
  endfacet
  facet normal 1 0 0
    outer loop
      vertex 3 75.7269 163.925
      vertex 3 73.9437 164.504
      vertex 3 75.5758 163.295
    endloop
  endfacet
  facet normal 1 0 0
    outer loop
      vertex 3 76.3128 160.225
      vertex 3 74.7959 159.123
      vertex 3 75.4074 158.407
    endloop
  endfacet
  facet normal 1 -0 0
    outer loop
      vertex 3 73.7239 163.589
      vertex 3 75.5758 163.295
      vertex 3 73.9437 164.504
    endloop
  endfacet
  facet normal 1 0 0
    outer loop
      vertex 3 75.9746 160.777
      vertex 3 74.304 159.926
      vertex 3 74.7959 159.123
    endloop
  endfacet
  facet normal 1 0 0
    outer loop
      vertex 3 75.5758 163.295
      vertex 3 73.7239 163.589
      vertex 3 75.525 162.65
    endloop
  endfacet
  facet normal 1 0 0
    outer loop
      vertex 3 75.7269 161.375
      vertex 3 73.9437 160.796
      vertex 3 74.304 159.926
    endloop
  endfacet
  facet normal 1 0 0
    outer loop
      vertex 3 73.65 162.65
      vertex 3 75.525 162.65
      vertex 3 73.7239 163.589
    endloop
  endfacet
  facet normal 1 0 0
    outer loop
      vertex 3 75.5758 162.005
      vertex 3 73.7239 161.711
      vertex 3 73.9437 160.796
    endloop
  endfacet
  facet normal 1 0 0
    outer loop
      vertex 3 75.525 162.65
      vertex 3 73.65 162.65
      vertex 3 73.7239 161.711
    endloop
  endfacet
  facet normal 1 0 0
    outer loop
      vertex 3 85 29.6356
      vertex 3 83.3254 30.4773
      vertex 3 84.996 29.6261
    endloop
  endfacet
  facet normal 1 0 0
    outer loop
      vertex 3 84.996 29.6261
      vertex 3 83.3254 30.4773
      vertex 3 84.5041 28.8233
    endloop
  endfacet
  facet normal 1 -0 0
    outer loop
      vertex 3 82.9872 29.9254
      vertex 3 84.5041 28.8233
      vertex 3 83.3254 30.4773
    endloop
  endfacet
  facet normal 1 0 0
    outer loop
      vertex 3 84.5041 28.8233
      vertex 3 82.9872 29.9254
      vertex 3 83.8926 28.1074
    endloop
  endfacet
  facet normal 1 -0 0
    outer loop
      vertex 3 82.5668 29.4332
      vertex 3 83.8926 28.1074
      vertex 3 82.9872 29.9254
    endloop
  endfacet
  facet normal 1 0 0
    outer loop
      vertex 3 83.8926 28.1074
      vertex 3 82.5668 29.4332
      vertex 3 83.1767 27.4959
    endloop
  endfacet
  facet normal 1 -0 0
    outer loop
      vertex 3 82.0746 29.0128
      vertex 3 83.1767 27.4959
      vertex 3 82.5668 29.4332
    endloop
  endfacet
  facet normal 1 0 0
    outer loop
      vertex 3 83.1767 27.4959
      vertex 3 82.0746 29.0128
      vertex 3 82.3739 27.004
    endloop
  endfacet
  facet normal 1 -0 0
    outer loop
      vertex 3 81.5227 28.6746
      vertex 3 82.3739 27.004
      vertex 3 82.0746 29.0128
    endloop
  endfacet
  facet normal 0 0 -1
    outer loop
      vertex 0 82.3644 168
      vertex 3 85 168
      vertex 3 82.3644 168
    endloop
  endfacet
  facet normal -0 0 -1
    outer loop
      vertex 3 85 168
      vertex 0 82.3644 168
      vertex 0 85 168
    endloop
  endfacet
  facet normal 0 0 -1
    outer loop
      vertex 0 17 168
      vertex 3 19.6356 168
      vertex 3 17 168
    endloop
  endfacet
  facet normal -0 0 -1
    outer loop
      vertex 3 19.6356 168
      vertex 0 17 168
      vertex 0 19.6356 168
    endloop
  endfacet
  facet normal 0 0 -1
    outer loop
      vertex 0 25.0644 168
      vertex 3 76.9356 168
      vertex 3 25.0644 168
    endloop
  endfacet
  facet normal -0 0 -1
    outer loop
      vertex 3 76.9356 168
      vertex 0 25.0644 168
      vertex 0 76.9356 168
    endloop
  endfacet
  facet normal -0 0 1
    outer loop
      vertex 0 19.6356 27
      vertex 3 17 27
      vertex 3 19.6356 27
    endloop
  endfacet
  facet normal 0 0 1
    outer loop
      vertex 3 17 27
      vertex 0 19.6356 27
      vertex 0 17 27
    endloop
  endfacet
  facet normal -0 0 1
    outer loop
      vertex 0 85 27
      vertex 3 82.3644 27
      vertex 3 85 27
    endloop
  endfacet
  facet normal 0 0 1
    outer loop
      vertex 3 82.3644 27
      vertex 0 85 27
      vertex 0 82.3644 27
    endloop
  endfacet
  facet normal -0 0 1
    outer loop
      vertex 0 76.9356 27
      vertex 3 25.0644 27
      vertex 3 76.9356 27
    endloop
  endfacet
  facet normal 0 0 1
    outer loop
      vertex 3 25.0644 27
      vertex 0 76.9356 27
      vertex 0 25.0644 27
    endloop
  endfacet
  facet normal 0 -1 0
    outer loop
      vertex 0 85 165.364
      vertex 3 85 168
      vertex 0 85 168
    endloop
  endfacet
  facet normal 0 -1 -0
    outer loop
      vertex 3 85 168
      vertex 0 85 165.364
      vertex 3 85 165.364
    endloop
  endfacet
  facet normal 0 -1 0
    outer loop
      vertex 0 85 27
      vertex 3 85 29.6356
      vertex 0 85 29.6356
    endloop
  endfacet
  facet normal 0 -1 -0
    outer loop
      vertex 3 85 29.6356
      vertex 0 85 27
      vertex 3 85 27
    endloop
  endfacet
  facet normal 0 -1 0
    outer loop
      vertex 0 85 35.0644
      vertex 3 85 159.936
      vertex 0 85 159.936
    endloop
  endfacet
  facet normal 0 -1 -0
    outer loop
      vertex 3 85 159.936
      vertex 0 85 35.0644
      vertex 3 85 35.0644
    endloop
  endfacet
  facet normal 0 1 -0
    outer loop
      vertex 3 17 165.364
      vertex 0 17 168
      vertex 3 17 168
    endloop
  endfacet
  facet normal 0 1 0
    outer loop
      vertex 0 17 168
      vertex 3 17 165.364
      vertex 0 17 165.364
    endloop
  endfacet
  facet normal 0 1 -0
    outer loop
      vertex 3 17 27
      vertex 0 17 29.6356
      vertex 3 17 29.6356
    endloop
  endfacet
  facet normal 0 1 0
    outer loop
      vertex 0 17 29.6356
      vertex 3 17 27
      vertex 0 17 27
    endloop
  endfacet
  facet normal 0 1 -0
    outer loop
      vertex 3 17 35.0644
      vertex 0 17 159.936
      vertex 3 17 159.936
    endloop
  endfacet
  facet normal 0 1 0
    outer loop
      vertex 0 17 159.936
      vertex 3 17 35.0644
      vertex 0 17 35.0644
    endloop
  endfacet
  facet normal 0 -0.233453 -0.972368
    outer loop
      vertex -1.5 20.4959 26.6437
      vertex 0 21.4114 26.4239
      vertex 0 20.4959 26.6437
    endloop
  endfacet
  facet normal -0 -0.233453 -0.972368
    outer loop
      vertex 0 21.4114 26.4239
      vertex -1.5 20.4959 26.6437
      vertex -1.5 21.4114 26.4239
    endloop
  endfacet
  facet normal -0 0.233453 0.972368
    outer loop
      vertex -1.5 24.2041 38.0563
      vertex 3 23.2886 38.2761
      vertex 3 24.2041 38.0563
    endloop
  endfacet
  facet normal 0 0.233453 0.972368
    outer loop
      vertex 3 23.2886 38.2761
      vertex -1.5 24.2041 38.0563
      vertex -1.5 23.2886 38.2761
    endloop
  endfacet
  facet normal -0 0.0784914 0.996915
    outer loop
      vertex -1.5 23.2886 38.2761
      vertex 3 22.35 38.35
      vertex 3 23.2886 38.2761
    endloop
  endfacet
  facet normal 0 0.0784914 0.996915
    outer loop
      vertex 3 22.35 38.35
      vertex -1.5 23.2886 38.2761
      vertex -1.5 22.35 38.35
    endloop
  endfacet
  facet normal -0 0.382699 0.923873
    outer loop
      vertex -1.5 25.0739 37.696
      vertex 3 24.2041 38.0563
      vertex 3 25.0739 37.696
    endloop
  endfacet
  facet normal 0 0.382699 0.923873
    outer loop
      vertex 3 24.2041 38.0563
      vertex -1.5 25.0739 37.696
      vertex -1.5 24.2041 38.0563
    endloop
  endfacet
  facet normal 0 -0.921635 0.388057
    outer loop
      vertex -1.5 17.004 35.0739
      vertex 0 17 35.0644
      vertex 3 17.004 35.0739
    endloop
  endfacet
  facet normal -3.99021e-05 -0.923873 0.382699
    outer loop
      vertex -1.5 16.6437 34.2041
      vertex 0 17 35.0644
      vertex -1.5 17.004 35.0739
    endloop
  endfacet
  facet normal 0 -0.923898 0.382639
    outer loop
      vertex 0 17 35.0644
      vertex -1.5 16.6437 34.2041
      vertex 0 16.6437 34.2041
    endloop
  endfacet
  facet normal 0 -0.921635 0.388057
    outer loop
      vertex 3 17.004 35.0739
      vertex 0 17 35.0644
      vertex 3 17 35.0644
    endloop
  endfacet
  facet normal 0 -0.522455 0.852667
    outer loop
      vertex -1.5 19.6261 37.696
      vertex 3 18.8233 37.2041
      vertex 3 19.6261 37.696
    endloop
  endfacet
  facet normal 0 -0.522455 0.852667
    outer loop
      vertex 3 18.8233 37.2041
      vertex -1.5 19.6261 37.696
      vertex -1.5 18.8233 37.2041
    endloop
  endfacet
  facet normal 0 0.760373 -0.649487
    outer loop
      vertex 3 26.5926 28.1074
      vertex -1.5 27.2041 28.8233
      vertex 3 27.2041 28.8233
    endloop
  endfacet
  facet normal 0 0.760373 -0.649487
    outer loop
      vertex -1.5 27.2041 28.8233
      vertex 3 26.5926 28.1074
      vertex -1.5 26.5926 28.1074
    endloop
  endfacet
  facet normal 0 0.923873 -0.382699
    outer loop
      vertex 3 27.696 29.6261
      vertex -1.5 28.0563 30.4959
      vertex 3 28.0563 30.4959
    endloop
  endfacet
  facet normal 0 0.923873 -0.382699
    outer loop
      vertex -1.5 28.0563 30.4959
      vertex 3 27.696 29.6261
      vertex -1.5 27.696 29.6261
    endloop
  endfacet
  facet normal 0 -0.649487 0.760373
    outer loop
      vertex -1.5 18.8233 37.2041
      vertex 3 18.1074 36.5926
      vertex 3 18.8233 37.2041
    endloop
  endfacet
  facet normal 0 -0.649487 0.760373
    outer loop
      vertex 3 18.1074 36.5926
      vertex -1.5 18.8233 37.2041
      vertex -1.5 18.1074 36.5926
    endloop
  endfacet
  facet normal 0 -0.0784914 0.996915
    outer loop
      vertex -1.5 22.35 38.35
      vertex 3 21.4114 38.2761
      vertex 3 22.35 38.35
    endloop
  endfacet
  facet normal 0 -0.0784914 0.996915
    outer loop
      vertex 3 21.4114 38.2761
      vertex -1.5 22.35 38.35
      vertex -1.5 21.4114 38.2761
    endloop
  endfacet
  facet normal 0 -0.382699 0.923873
    outer loop
      vertex -1.5 20.4959 38.0563
      vertex 3 19.6261 37.696
      vertex 3 20.4959 38.0563
    endloop
  endfacet
  facet normal 0 -0.382699 0.923873
    outer loop
      vertex 3 19.6261 37.696
      vertex -1.5 20.4959 38.0563
      vertex -1.5 19.6261 37.696
    endloop
  endfacet
  facet normal 0 -0.388057 -0.921635
    outer loop
      vertex 3 19.6261 27.004
      vertex 0 19.6356 27
      vertex 3 19.6356 27
    endloop
  endfacet
  facet normal 0 -0.388057 -0.921635
    outer loop
      vertex -1.5 19.6261 27.004
      vertex 0 19.6356 27
      vertex 3 19.6261 27.004
    endloop
  endfacet
  facet normal -4.03438e-05 -0.382639 -0.923898
    outer loop
      vertex -1.5 19.6261 27.004
      vertex 0 20.4959 26.6437
      vertex 0 19.6356 27
    endloop
  endfacet
  facet normal -0 -0.382699 -0.923873
    outer loop
      vertex 0 20.4959 26.6437
      vertex -1.5 19.6261 27.004
      vertex -1.5 20.4959 26.6437
    endloop
  endfacet
  facet normal 0 0.0784914 -0.996915
    outer loop
      vertex -1.5 22.35 26.35
      vertex 0 23.2886 26.4239
      vertex 0 22.35 26.35
    endloop
  endfacet
  facet normal 0 0.0784914 -0.996915
    outer loop
      vertex 0 23.2886 26.4239
      vertex -1.5 22.35 26.35
      vertex -1.5 23.2886 26.4239
    endloop
  endfacet
  facet normal 0 0.233453 -0.972368
    outer loop
      vertex -1.5 23.2886 26.4239
      vertex 0 24.2041 26.6437
      vertex 0 23.2886 26.4239
    endloop
  endfacet
  facet normal 0 0.233453 -0.972368
    outer loop
      vertex 0 24.2041 26.6437
      vertex -1.5 23.2886 26.4239
      vertex -1.5 24.2041 26.6437
    endloop
  endfacet
  facet normal 0 0.972368 0.233453
    outer loop
      vertex 3 28.2761 33.2886
      vertex -1.5 28.0563 34.2041
      vertex 3 28.0563 34.2041
    endloop
  endfacet
  facet normal 0 0.972368 0.233453
    outer loop
      vertex -1.5 28.0563 34.2041
      vertex 3 28.2761 33.2886
      vertex -1.5 28.2761 33.2886
    endloop
  endfacet
  facet normal 0 0.996915 -0.0784914
    outer loop
      vertex 3 28.2761 31.4114
      vertex -1.5 28.35 32.35
      vertex 3 28.35 32.35
    endloop
  endfacet
  facet normal 0 0.996915 -0.0784914
    outer loop
      vertex -1.5 28.35 32.35
      vertex 3 28.2761 31.4114
      vertex -1.5 28.2761 31.4114
    endloop
  endfacet
  facet normal 0 -0.649487 -0.760373
    outer loop
      vertex -1.5 18.1074 28.1074
      vertex 3 18.8233 27.4959
      vertex 3 18.1074 28.1074
    endloop
  endfacet
  facet normal -0 -0.649487 -0.760373
    outer loop
      vertex 3 18.8233 27.4959
      vertex -1.5 18.1074 28.1074
      vertex -1.5 18.8233 27.4959
    endloop
  endfacet
  facet normal 0 -0.972368 -0.233453
    outer loop
      vertex -1.5 16.6437 30.4959
      vertex 0 16.4239 31.4114
      vertex -1.5 16.4239 31.4114
    endloop
  endfacet
  facet normal 0 -0.972368 -0.233453
    outer loop
      vertex 0 16.4239 31.4114
      vertex -1.5 16.6437 30.4959
      vertex 0 16.6437 30.4959
    endloop
  endfacet
  facet normal 0 -0.760373 -0.649487
    outer loop
      vertex -1.5 18.1074 28.1074
      vertex 3 17.4959 28.8233
      vertex -1.5 17.4959 28.8233
    endloop
  endfacet
  facet normal 0 -0.760373 -0.649487
    outer loop
      vertex 3 17.4959 28.8233
      vertex -1.5 18.1074 28.1074
      vertex 3 18.1074 28.1074
    endloop
  endfacet
  facet normal -0 0.522455 0.852667
    outer loop
      vertex -1.5 25.8767 37.2041
      vertex 3 25.0739 37.696
      vertex 3 25.8767 37.2041
    endloop
  endfacet
  facet normal 0 0.522455 0.852667
    outer loop
      vertex 3 25.0739 37.696
      vertex -1.5 25.8767 37.2041
      vertex -1.5 25.0739 37.696
    endloop
  endfacet
  facet normal 0 0.382639 -0.923898
    outer loop
      vertex 0 24.2041 26.6437
      vertex -1.5 24.2041 26.6437
      vertex 0 25.0644 27
    endloop
  endfacet
  facet normal 0 0.388057 -0.921635
    outer loop
      vertex 0 25.0644 27
      vertex 3 25.0739 27.004
      vertex 3 25.0644 27
    endloop
  endfacet
  facet normal 0 0.388057 -0.921635
    outer loop
      vertex 0 25.0644 27
      vertex -1.5 25.0739 27.004
      vertex 3 25.0739 27.004
    endloop
  endfacet
  facet normal -3.99021e-05 0.382699 -0.923873
    outer loop
      vertex -1.5 25.0739 27.004
      vertex 0 25.0644 27
      vertex -1.5 24.2041 26.6437
    endloop
  endfacet
  facet normal 0 0.852667 -0.522455
    outer loop
      vertex 3 27.2041 28.8233
      vertex -1.5 27.696 29.6261
      vertex 3 27.696 29.6261
    endloop
  endfacet
  facet normal 0 0.852667 -0.522455
    outer loop
      vertex -1.5 27.696 29.6261
      vertex 3 27.2041 28.8233
      vertex -1.5 27.2041 28.8233
    endloop
  endfacet
  facet normal 0 -0.996915 -0.0784914
    outer loop
      vertex -1.5 16.4239 31.4114
      vertex 0 16.35 32.35
      vertex -1.5 16.35 32.35
    endloop
  endfacet
  facet normal 0 -0.996915 -0.0784914
    outer loop
      vertex 0 16.35 32.35
      vertex -1.5 16.4239 31.4114
      vertex 0 16.4239 31.4114
    endloop
  endfacet
  facet normal 0 0.852667 0.522455
    outer loop
      vertex 3 27.696 35.0739
      vertex -1.5 27.2041 35.8767
      vertex 3 27.2041 35.8767
    endloop
  endfacet
  facet normal 0 0.852667 0.522455
    outer loop
      vertex -1.5 27.2041 35.8767
      vertex 3 27.696 35.0739
      vertex -1.5 27.696 35.0739
    endloop
  endfacet
  facet normal 0 -0.852667 0.522455
    outer loop
      vertex -1.5 17.004 35.0739
      vertex 3 17.4959 35.8767
      vertex -1.5 17.4959 35.8767
    endloop
  endfacet
  facet normal 0 -0.852667 0.522455
    outer loop
      vertex 3 17.4959 35.8767
      vertex -1.5 17.004 35.0739
      vertex 3 17.004 35.0739
    endloop
  endfacet
  facet normal 0 0.649487 -0.760373
    outer loop
      vertex -1.5 25.8767 27.4959
      vertex 3 26.5926 28.1074
      vertex 3 25.8767 27.4959
    endloop
  endfacet
  facet normal 0 0.649487 -0.760373
    outer loop
      vertex 3 26.5926 28.1074
      vertex -1.5 25.8767 27.4959
      vertex -1.5 26.5926 28.1074
    endloop
  endfacet
  facet normal 0 0.972368 -0.233453
    outer loop
      vertex 3 28.0563 30.4959
      vertex -1.5 28.2761 31.4114
      vertex 3 28.2761 31.4114
    endloop
  endfacet
  facet normal 0 0.972368 -0.233453
    outer loop
      vertex -1.5 28.2761 31.4114
      vertex 3 28.0563 30.4959
      vertex -1.5 28.0563 30.4959
    endloop
  endfacet
  facet normal 0 -0.852667 -0.522455
    outer loop
      vertex -1.5 17.4959 28.8233
      vertex 3 17.004 29.6261
      vertex -1.5 17.004 29.6261
    endloop
  endfacet
  facet normal 0 -0.852667 -0.522455
    outer loop
      vertex 3 17.004 29.6261
      vertex -1.5 17.4959 28.8233
      vertex 3 17.4959 28.8233
    endloop
  endfacet
  facet normal -0 0.649487 0.760373
    outer loop
      vertex -1.5 26.5926 36.5926
      vertex 3 25.8767 37.2041
      vertex 3 26.5926 36.5926
    endloop
  endfacet
  facet normal 0 0.649487 0.760373
    outer loop
      vertex 3 25.8767 37.2041
      vertex -1.5 26.5926 36.5926
      vertex -1.5 25.8767 37.2041
    endloop
  endfacet
  facet normal 0 0.760373 0.649487
    outer loop
      vertex 3 27.2041 35.8767
      vertex -1.5 26.5926 36.5926
      vertex 3 26.5926 36.5926
    endloop
  endfacet
  facet normal 0 0.760373 0.649487
    outer loop
      vertex -1.5 26.5926 36.5926
      vertex 3 27.2041 35.8767
      vertex -1.5 27.2041 35.8767
    endloop
  endfacet
  facet normal -1 0 0
    outer loop
      vertex -1.5 28.2761 31.4114
      vertex -1.5 28.2761 33.2886
      vertex -1.5 28.35 32.35
    endloop
  endfacet
  facet normal -1 0 0
    outer loop
      vertex -1.5 28.0563 30.4959
      vertex -1.5 28.2761 33.2886
      vertex -1.5 28.2761 31.4114
    endloop
  endfacet
  facet normal -1 0 0
    outer loop
      vertex -1.5 28.0563 30.4959
      vertex -1.5 28.0563 34.2041
      vertex -1.5 28.2761 33.2886
    endloop
  endfacet
  facet normal -1 0 0
    outer loop
      vertex -1.5 27.696 29.6261
      vertex -1.5 28.0563 34.2041
      vertex -1.5 28.0563 30.4959
    endloop
  endfacet
  facet normal -1 0 0
    outer loop
      vertex -1.5 27.696 29.6261
      vertex -1.5 27.696 35.0739
      vertex -1.5 28.0563 34.2041
    endloop
  endfacet
  facet normal -1 0 0
    outer loop
      vertex -1.5 27.2041 28.8233
      vertex -1.5 27.696 35.0739
      vertex -1.5 27.696 29.6261
    endloop
  endfacet
  facet normal -1 0 0
    outer loop
      vertex -1.5 27.2041 28.8233
      vertex -1.5 27.2041 35.8767
      vertex -1.5 27.696 35.0739
    endloop
  endfacet
  facet normal -1 0 0
    outer loop
      vertex -1.5 26.5926 28.1074
      vertex -1.5 27.2041 35.8767
      vertex -1.5 27.2041 28.8233
    endloop
  endfacet
  facet normal -1 0 0
    outer loop
      vertex -1.5 26.5926 28.1074
      vertex -1.5 26.5926 36.5926
      vertex -1.5 27.2041 35.8767
    endloop
  endfacet
  facet normal -1 0 0
    outer loop
      vertex -1.5 25.8767 27.4959
      vertex -1.5 26.5926 36.5926
      vertex -1.5 26.5926 28.1074
    endloop
  endfacet
  facet normal -1 0 0
    outer loop
      vertex -1.5 25.8767 27.4959
      vertex -1.5 25.8767 37.2041
      vertex -1.5 26.5926 36.5926
    endloop
  endfacet
  facet normal -1 0 0
    outer loop
      vertex -1.5 25.0739 27.004
      vertex -1.5 25.8767 37.2041
      vertex -1.5 25.8767 27.4959
    endloop
  endfacet
  facet normal -1 0 0
    outer loop
      vertex -1.5 25.0739 27.004
      vertex -1.5 25.0739 37.696
      vertex -1.5 25.8767 37.2041
    endloop
  endfacet
  facet normal -1 0 0
    outer loop
      vertex -1.5 24.2041 26.6437
      vertex -1.5 25.0739 37.696
      vertex -1.5 25.0739 27.004
    endloop
  endfacet
  facet normal -1 0 0
    outer loop
      vertex -1.5 24.2041 26.6437
      vertex -1.5 24.2041 38.0563
      vertex -1.5 25.0739 37.696
    endloop
  endfacet
  facet normal -1 0 0
    outer loop
      vertex -1.5 23.2886 26.4239
      vertex -1.5 24.2041 38.0563
      vertex -1.5 24.2041 26.6437
    endloop
  endfacet
  facet normal -1 0 0
    outer loop
      vertex -1.5 23.2886 26.4239
      vertex -1.5 23.2886 38.2761
      vertex -1.5 24.2041 38.0563
    endloop
  endfacet
  facet normal -1 0 0
    outer loop
      vertex -1.5 22.35 26.35
      vertex -1.5 23.2886 38.2761
      vertex -1.5 23.2886 26.4239
    endloop
  endfacet
  facet normal -1 0 0
    outer loop
      vertex -1.5 22.35 26.35
      vertex -1.5 22.35 38.35
      vertex -1.5 23.2886 38.2761
    endloop
  endfacet
  facet normal -1 0 0
    outer loop
      vertex -1.5 21.4114 26.4239
      vertex -1.5 22.35 38.35
      vertex -1.5 22.35 26.35
    endloop
  endfacet
  facet normal -1 0 0
    outer loop
      vertex -1.5 21.4114 26.4239
      vertex -1.5 21.4114 38.2761
      vertex -1.5 22.35 38.35
    endloop
  endfacet
  facet normal -1 0 0
    outer loop
      vertex -1.5 20.4959 26.6437
      vertex -1.5 21.4114 38.2761
      vertex -1.5 21.4114 26.4239
    endloop
  endfacet
  facet normal -1 0 0
    outer loop
      vertex -1.5 20.4959 26.6437
      vertex -1.5 20.4959 38.0563
      vertex -1.5 21.4114 38.2761
    endloop
  endfacet
  facet normal -1 0 0
    outer loop
      vertex -1.5 19.6261 27.004
      vertex -1.5 20.4959 38.0563
      vertex -1.5 20.4959 26.6437
    endloop
  endfacet
  facet normal -1 0 0
    outer loop
      vertex -1.5 19.6261 27.004
      vertex -1.5 19.6261 37.696
      vertex -1.5 20.4959 38.0563
    endloop
  endfacet
  facet normal -1 0 0
    outer loop
      vertex -1.5 18.8233 27.4959
      vertex -1.5 19.6261 37.696
      vertex -1.5 19.6261 27.004
    endloop
  endfacet
  facet normal -1 0 0
    outer loop
      vertex -1.5 18.8233 27.4959
      vertex -1.5 18.8233 37.2041
      vertex -1.5 19.6261 37.696
    endloop
  endfacet
  facet normal -1 0 0
    outer loop
      vertex -1.5 18.1074 28.1074
      vertex -1.5 18.8233 37.2041
      vertex -1.5 18.8233 27.4959
    endloop
  endfacet
  facet normal -1 0 0
    outer loop
      vertex -1.5 18.1074 28.1074
      vertex -1.5 18.1074 36.5926
      vertex -1.5 18.8233 37.2041
    endloop
  endfacet
  facet normal -1 0 0
    outer loop
      vertex -1.5 17.4959 28.8233
      vertex -1.5 18.1074 36.5926
      vertex -1.5 18.1074 28.1074
    endloop
  endfacet
  facet normal -1 0 0
    outer loop
      vertex -1.5 17.4959 28.8233
      vertex -1.5 17.4959 35.8767
      vertex -1.5 18.1074 36.5926
    endloop
  endfacet
  facet normal -1 0 0
    outer loop
      vertex -1.5 17.004 29.6261
      vertex -1.5 17.4959 35.8767
      vertex -1.5 17.4959 28.8233
    endloop
  endfacet
  facet normal -1 0 0
    outer loop
      vertex -1.5 17.004 29.6261
      vertex -1.5 17.004 35.0739
      vertex -1.5 17.4959 35.8767
    endloop
  endfacet
  facet normal -1 0 0
    outer loop
      vertex -1.5 16.6437 30.4959
      vertex -1.5 17.004 35.0739
      vertex -1.5 17.004 29.6261
    endloop
  endfacet
  facet normal -1 0 0
    outer loop
      vertex -1.5 16.6437 30.4959
      vertex -1.5 16.6437 34.2041
      vertex -1.5 17.004 35.0739
    endloop
  endfacet
  facet normal -1 0 0
    outer loop
      vertex -1.5 16.4239 31.4114
      vertex -1.5 16.6437 34.2041
      vertex -1.5 16.6437 30.4959
    endloop
  endfacet
  facet normal -1 0 0
    outer loop
      vertex -1.5 16.4239 31.4114
      vertex -1.5 16.4239 33.2886
      vertex -1.5 16.6437 34.2041
    endloop
  endfacet
  facet normal -1 0 -0
    outer loop
      vertex -1.5 16.4239 33.2886
      vertex -1.5 16.4239 31.4114
      vertex -1.5 16.35 32.35
    endloop
  endfacet
  facet normal 0 -0.996915 0.0784914
    outer loop
      vertex -1.5 16.35 32.35
      vertex 0 16.4239 33.2886
      vertex -1.5 16.4239 33.2886
    endloop
  endfacet
  facet normal 0 -0.996915 0.0784914
    outer loop
      vertex 0 16.4239 33.2886
      vertex -1.5 16.35 32.35
      vertex 0 16.35 32.35
    endloop
  endfacet
  facet normal 0 -0.522455 -0.852667
    outer loop
      vertex -1.5 18.8233 27.4959
      vertex 3 19.6261 27.004
      vertex 3 18.8233 27.4959
    endloop
  endfacet
  facet normal -0 -0.522455 -0.852667
    outer loop
      vertex 3 19.6261 27.004
      vertex -1.5 18.8233 27.4959
      vertex -1.5 19.6261 27.004
    endloop
  endfacet
  facet normal 0 -0.972368 0.233453
    outer loop
      vertex -1.5 16.4239 33.2886
      vertex 0 16.6437 34.2041
      vertex -1.5 16.6437 34.2041
    endloop
  endfacet
  facet normal 0 -0.972368 0.233453
    outer loop
      vertex 0 16.6437 34.2041
      vertex -1.5 16.4239 33.2886
      vertex 0 16.4239 33.2886
    endloop
  endfacet
  facet normal 0 -0.760373 0.649487
    outer loop
      vertex -1.5 17.4959 35.8767
      vertex 3 18.1074 36.5926
      vertex -1.5 18.1074 36.5926
    endloop
  endfacet
  facet normal 0 -0.760373 0.649487
    outer loop
      vertex 3 18.1074 36.5926
      vertex -1.5 17.4959 35.8767
      vertex 3 17.4959 35.8767
    endloop
  endfacet
  facet normal 0 -0.0784914 -0.996915
    outer loop
      vertex -1.5 21.4114 26.4239
      vertex 0 22.35 26.35
      vertex 0 21.4114 26.4239
    endloop
  endfacet
  facet normal -0 -0.0784914 -0.996915
    outer loop
      vertex 0 22.35 26.35
      vertex -1.5 21.4114 26.4239
      vertex -1.5 22.35 26.35
    endloop
  endfacet
  facet normal 0 -0.233453 0.972368
    outer loop
      vertex -1.5 21.4114 38.2761
      vertex 3 20.4959 38.0563
      vertex 3 21.4114 38.2761
    endloop
  endfacet
  facet normal 0 -0.233453 0.972368
    outer loop
      vertex 3 20.4959 38.0563
      vertex -1.5 21.4114 38.2761
      vertex -1.5 20.4959 38.0563
    endloop
  endfacet
  facet normal 0 0.923873 0.382699
    outer loop
      vertex 3 28.0563 34.2041
      vertex -1.5 27.696 35.0739
      vertex 3 27.696 35.0739
    endloop
  endfacet
  facet normal 0 0.923873 0.382699
    outer loop
      vertex -1.5 27.696 35.0739
      vertex 3 28.0563 34.2041
      vertex -1.5 28.0563 34.2041
    endloop
  endfacet
  facet normal 0 -0.923898 -0.382639
    outer loop
      vertex -1.5 16.6437 30.4959
      vertex 0 17 29.6356
      vertex 0 16.6437 30.4959
    endloop
  endfacet
  facet normal -3.99021e-05 -0.923873 -0.382699
    outer loop
      vertex -1.5 17.004 29.6261
      vertex 0 17 29.6356
      vertex -1.5 16.6437 30.4959
    endloop
  endfacet
  facet normal -0 -0.921635 -0.388057
    outer loop
      vertex 3 17.004 29.6261
      vertex 0 17 29.6356
      vertex -1.5 17.004 29.6261
    endloop
  endfacet
  facet normal 0 -0.921635 -0.388057
    outer loop
      vertex 0 17 29.6356
      vertex 3 17.004 29.6261
      vertex 3 17 29.6356
    endloop
  endfacet
  facet normal 0 0.996915 0.0784914
    outer loop
      vertex 3 28.35 32.35
      vertex -1.5 28.2761 33.2886
      vertex 3 28.2761 33.2886
    endloop
  endfacet
  facet normal 0 0.996915 0.0784914
    outer loop
      vertex -1.5 28.2761 33.2886
      vertex 3 28.35 32.35
      vertex -1.5 28.35 32.35
    endloop
  endfacet
  facet normal 0 0.522455 -0.852667
    outer loop
      vertex -1.5 25.0739 27.004
      vertex 3 25.8767 27.4959
      vertex 3 25.0739 27.004
    endloop
  endfacet
  facet normal 0 0.522455 -0.852667
    outer loop
      vertex 3 25.8767 27.4959
      vertex -1.5 25.0739 27.004
      vertex -1.5 25.8767 27.4959
    endloop
  endfacet
  facet normal 0 -0.382684 0.923879
    outer loop
      vertex 0.8 24.2227 28.6746
      vertex 3 23.6247 28.4269
      vertex 3 24.2227 28.6746
    endloop
  endfacet
  facet normal 0 -0.382684 0.923879
    outer loop
      vertex 3 23.6247 28.4269
      vertex 0.8 24.2227 28.6746
      vertex 0.8 23.6247 28.4269
    endloop
  endfacet
  facet normal 0 -0.233437 -0.972372
    outer loop
      vertex 0.8 22.9953 36.4242
      vertex 3 23.6247 36.2731
      vertex 3 22.9953 36.4242
    endloop
  endfacet
  facet normal -0 -0.233437 -0.972372
    outer loop
      vertex 3 23.6247 36.2731
      vertex 0.8 22.9953 36.4242
      vertex 0.8 23.6247 36.2731
    endloop
  endfacet
  facet normal 0 -0.0784803 -0.996916
    outer loop
      vertex 0.8 22.35 36.475
      vertex 3 22.9953 36.4242
      vertex 3 22.35 36.475
    endloop
  endfacet
  facet normal -0 -0.0784803 -0.996916
    outer loop
      vertex 3 22.9953 36.4242
      vertex 0.8 22.35 36.475
      vertex 0.8 22.9953 36.4242
    endloop
  endfacet
  facet normal 0 -0.382684 -0.923879
    outer loop
      vertex 0.8 23.6247 36.2731
      vertex 3 24.2227 36.0254
      vertex 3 23.6247 36.2731
    endloop
  endfacet
  facet normal -0 -0.382684 -0.923879
    outer loop
      vertex 3 24.2227 36.0254
      vertex 0.8 23.6247 36.2731
      vertex 0.8 24.2227 36.0254
    endloop
  endfacet
  facet normal 0 0.852643 -0.522493
    outer loop
      vertex 3 18.6746 34.2227
      vertex 0.8 19.0128 34.7746
      vertex 3 19.0128 34.7746
    endloop
  endfacet
  facet normal 0 0.852643 -0.522493
    outer loop
      vertex 0.8 19.0128 34.7746
      vertex 3 18.6746 34.2227
      vertex 0.8 18.6746 34.2227
    endloop
  endfacet
  facet normal 0 0.233437 -0.972372
    outer loop
      vertex 0.8 21.0753 36.2731
      vertex 3 21.7047 36.4242
      vertex 3 21.0753 36.2731
    endloop
  endfacet
  facet normal 0 0.233437 -0.972372
    outer loop
      vertex 3 21.7047 36.4242
      vertex 0.8 21.0753 36.2731
      vertex 0.8 21.7047 36.4242
    endloop
  endfacet
  facet normal 0 0.923879 -0.382684
    outer loop
      vertex 3 18.4269 33.6247
      vertex 0.8 18.6746 34.2227
      vertex 3 18.6746 34.2227
    endloop
  endfacet
  facet normal 0 0.923879 -0.382684
    outer loop
      vertex 0.8 18.6746 34.2227
      vertex 3 18.4269 33.6247
      vertex 0.8 18.4269 33.6247
    endloop
  endfacet
  facet normal 0 -0.923879 0.382684
    outer loop
      vertex 0.8 26.0254 30.4773
      vertex 3 26.2731 31.0753
      vertex 0.8 26.2731 31.0753
    endloop
  endfacet
  facet normal 0 -0.923879 0.382684
    outer loop
      vertex 3 26.2731 31.0753
      vertex 0.8 26.0254 30.4773
      vertex 3 26.0254 30.4773
    endloop
  endfacet
  facet normal 0 0.923879 0.382684
    outer loop
      vertex 3 18.6746 30.4773
      vertex 0.8 18.4269 31.0753
      vertex 3 18.4269 31.0753
    endloop
  endfacet
  facet normal 0 0.923879 0.382684
    outer loop
      vertex 0.8 18.4269 31.0753
      vertex 3 18.6746 30.4773
      vertex 0.8 18.6746 30.4773
    endloop
  endfacet
  facet normal 0 -0.852643 0.522493
    outer loop
      vertex 0.8 25.6872 29.9254
      vertex 3 26.0254 30.4773
      vertex 0.8 26.0254 30.4773
    endloop
  endfacet
  facet normal 0 -0.852643 0.522493
    outer loop
      vertex 3 26.0254 30.4773
      vertex 0.8 25.6872 29.9254
      vertex 3 25.6872 29.9254
    endloop
  endfacet
  facet normal 0 -0.76039 -0.649467
    outer loop
      vertex 0.8 25.6872 34.7746
      vertex 3 25.2668 35.2668
      vertex 0.8 25.2668 35.2668
    endloop
  endfacet
  facet normal 0 -0.76039 -0.649467
    outer loop
      vertex 3 25.2668 35.2668
      vertex 0.8 25.6872 34.7746
      vertex 3 25.6872 34.7746
    endloop
  endfacet
  facet normal 0 -0.972372 0.233437
    outer loop
      vertex 0.8 26.2731 31.0753
      vertex 3 26.4242 31.7047
      vertex 0.8 26.4242 31.7047
    endloop
  endfacet
  facet normal 0 -0.972372 0.233437
    outer loop
      vertex 3 26.4242 31.7047
      vertex 0.8 26.2731 31.0753
      vertex 3 26.2731 31.0753
    endloop
  endfacet
  facet normal -0 0.382684 0.923879
    outer loop
      vertex 0.8 21.0753 28.4269
      vertex 3 20.4773 28.6746
      vertex 3 21.0753 28.4269
    endloop
  endfacet
  facet normal 0 0.382684 0.923879
    outer loop
      vertex 3 20.4773 28.6746
      vertex 0.8 21.0753 28.4269
      vertex 0.8 20.4773 28.6746
    endloop
  endfacet
  facet normal 0 -0.996916 0.0784803
    outer loop
      vertex 0.8 26.4242 31.7047
      vertex 3 26.475 32.35
      vertex 0.8 26.475 32.35
    endloop
  endfacet
  facet normal 0 -0.996916 0.0784803
    outer loop
      vertex 3 26.475 32.35
      vertex 0.8 26.4242 31.7047
      vertex 3 26.4242 31.7047
    endloop
  endfacet
  facet normal 0 0.972372 0.233437
    outer loop
      vertex 3 18.4269 31.0753
      vertex 0.8 18.2758 31.7047
      vertex 3 18.2758 31.7047
    endloop
  endfacet
  facet normal 0 0.972372 0.233437
    outer loop
      vertex 0.8 18.2758 31.7047
      vertex 3 18.4269 31.0753
      vertex 0.8 18.4269 31.0753
    endloop
  endfacet
  facet normal 0 0.382684 -0.923879
    outer loop
      vertex 0.8 20.4773 36.0254
      vertex 3 21.0753 36.2731
      vertex 3 20.4773 36.0254
    endloop
  endfacet
  facet normal 0 0.382684 -0.923879
    outer loop
      vertex 3 21.0753 36.2731
      vertex 0.8 20.4773 36.0254
      vertex 0.8 21.0753 36.2731
    endloop
  endfacet
  facet normal -0 0.649467 0.76039
    outer loop
      vertex 0.8 19.9254 29.0128
      vertex 3 19.4332 29.4332
      vertex 3 19.9254 29.0128
    endloop
  endfacet
  facet normal 0 0.649467 0.76039
    outer loop
      vertex 3 19.4332 29.4332
      vertex 0.8 19.9254 29.0128
      vertex 0.8 19.4332 29.4332
    endloop
  endfacet
  facet normal 0 -0.76039 0.649467
    outer loop
      vertex 0.8 25.2668 29.4332
      vertex 3 25.6872 29.9254
      vertex 0.8 25.6872 29.9254
    endloop
  endfacet
  facet normal 0 -0.76039 0.649467
    outer loop
      vertex 3 25.6872 29.9254
      vertex 0.8 25.2668 29.4332
      vertex 3 25.2668 29.4332
    endloop
  endfacet
  facet normal 0 0.996916 -0.0784803
    outer loop
      vertex 3 18.225 32.35
      vertex 0.8 18.2758 32.9953
      vertex 3 18.2758 32.9953
    endloop
  endfacet
  facet normal 0 0.996916 -0.0784803
    outer loop
      vertex 0.8 18.2758 32.9953
      vertex 3 18.225 32.35
      vertex 0.8 18.225 32.35
    endloop
  endfacet
  facet normal 0 0.76039 0.649467
    outer loop
      vertex 3 19.4332 29.4332
      vertex 0.8 19.0128 29.9254
      vertex 3 19.0128 29.9254
    endloop
  endfacet
  facet normal 0 0.76039 0.649467
    outer loop
      vertex 0.8 19.0128 29.9254
      vertex 3 19.4332 29.4332
      vertex 0.8 19.4332 29.4332
    endloop
  endfacet
  facet normal 0 0.522493 -0.852643
    outer loop
      vertex 0.8 19.9254 35.6872
      vertex 3 20.4773 36.0254
      vertex 3 19.9254 35.6872
    endloop
  endfacet
  facet normal 0 0.522493 -0.852643
    outer loop
      vertex 3 20.4773 36.0254
      vertex 0.8 19.9254 35.6872
      vertex 0.8 20.4773 36.0254
    endloop
  endfacet
  facet normal 0 -0.522493 -0.852643
    outer loop
      vertex 0.8 24.2227 36.0254
      vertex 3 24.7746 35.6872
      vertex 3 24.2227 36.0254
    endloop
  endfacet
  facet normal -0 -0.522493 -0.852643
    outer loop
      vertex 3 24.7746 35.6872
      vertex 0.8 24.2227 36.0254
      vertex 0.8 24.7746 35.6872
    endloop
  endfacet
  facet normal 0 -0.649467 -0.76039
    outer loop
      vertex 0.8 24.7746 35.6872
      vertex 3 25.2668 35.2668
      vertex 3 24.7746 35.6872
    endloop
  endfacet
  facet normal -0 -0.649467 -0.76039
    outer loop
      vertex 3 25.2668 35.2668
      vertex 0.8 24.7746 35.6872
      vertex 0.8 25.2668 35.2668
    endloop
  endfacet
  facet normal 0 -0.649467 0.76039
    outer loop
      vertex 0.8 25.2668 29.4332
      vertex 3 24.7746 29.0128
      vertex 3 25.2668 29.4332
    endloop
  endfacet
  facet normal 0 -0.649467 0.76039
    outer loop
      vertex 3 24.7746 29.0128
      vertex 0.8 25.2668 29.4332
      vertex 0.8 24.7746 29.0128
    endloop
  endfacet
  facet normal 0 -0.996916 -0.0784803
    outer loop
      vertex 0.8 26.475 32.35
      vertex 3 26.4242 32.9953
      vertex 0.8 26.4242 32.9953
    endloop
  endfacet
  facet normal 0 -0.996916 -0.0784803
    outer loop
      vertex 3 26.4242 32.9953
      vertex 0.8 26.475 32.35
      vertex 3 26.475 32.35
    endloop
  endfacet
  facet normal 0 -0.923879 -0.382684
    outer loop
      vertex 0.8 26.2731 33.6247
      vertex 3 26.0254 34.2227
      vertex 0.8 26.0254 34.2227
    endloop
  endfacet
  facet normal 0 -0.923879 -0.382684
    outer loop
      vertex 3 26.0254 34.2227
      vertex 0.8 26.2731 33.6247
      vertex 3 26.2731 33.6247
    endloop
  endfacet
  facet normal 0 -0.233437 0.972372
    outer loop
      vertex 0.8 23.6247 28.4269
      vertex 3 22.9953 28.2758
      vertex 3 23.6247 28.4269
    endloop
  endfacet
  facet normal 0 -0.233437 0.972372
    outer loop
      vertex 3 22.9953 28.2758
      vertex 0.8 23.6247 28.4269
      vertex 0.8 22.9953 28.2758
    endloop
  endfacet
  facet normal -0 0.233437 0.972372
    outer loop
      vertex 0.8 21.7047 28.2758
      vertex 3 21.0753 28.4269
      vertex 3 21.7047 28.2758
    endloop
  endfacet
  facet normal 0 0.233437 0.972372
    outer loop
      vertex 3 21.0753 28.4269
      vertex 0.8 21.7047 28.2758
      vertex 0.8 21.0753 28.4269
    endloop
  endfacet
  facet normal 0 -0.852643 -0.522493
    outer loop
      vertex 0.8 26.0254 34.2227
      vertex 3 25.6872 34.7746
      vertex 0.8 25.6872 34.7746
    endloop
  endfacet
  facet normal 0 -0.852643 -0.522493
    outer loop
      vertex 3 25.6872 34.7746
      vertex 0.8 26.0254 34.2227
      vertex 3 26.0254 34.2227
    endloop
  endfacet
  facet normal 0 0.972372 -0.233437
    outer loop
      vertex 3 18.2758 32.9953
      vertex 0.8 18.4269 33.6247
      vertex 3 18.4269 33.6247
    endloop
  endfacet
  facet normal 0 0.972372 -0.233437
    outer loop
      vertex 0.8 18.4269 33.6247
      vertex 3 18.2758 32.9953
      vertex 0.8 18.2758 32.9953
    endloop
  endfacet
  facet normal 0 0.0784803 -0.996916
    outer loop
      vertex 0.8 21.7047 36.4242
      vertex 3 22.35 36.475
      vertex 3 21.7047 36.4242
    endloop
  endfacet
  facet normal 0 0.0784803 -0.996916
    outer loop
      vertex 3 22.35 36.475
      vertex 0.8 21.7047 36.4242
      vertex 0.8 22.35 36.475
    endloop
  endfacet
  facet normal 0 0.649467 -0.76039
    outer loop
      vertex 0.8 19.4332 35.2668
      vertex 3 19.9254 35.6872
      vertex 3 19.4332 35.2668
    endloop
  endfacet
  facet normal 0 0.649467 -0.76039
    outer loop
      vertex 3 19.9254 35.6872
      vertex 0.8 19.4332 35.2668
      vertex 0.8 19.9254 35.6872
    endloop
  endfacet
  facet normal -0 0.522493 0.852643
    outer loop
      vertex 0.8 20.4773 28.6746
      vertex 3 19.9254 29.0128
      vertex 3 20.4773 28.6746
    endloop
  endfacet
  facet normal 0 0.522493 0.852643
    outer loop
      vertex 3 19.9254 29.0128
      vertex 0.8 20.4773 28.6746
      vertex 0.8 19.9254 29.0128
    endloop
  endfacet
  facet normal -0 0.0784803 0.996916
    outer loop
      vertex 0.8 22.35 28.225
      vertex 3 21.7047 28.2758
      vertex 3 22.35 28.225
    endloop
  endfacet
  facet normal 0 0.0784803 0.996916
    outer loop
      vertex 3 21.7047 28.2758
      vertex 0.8 22.35 28.225
      vertex 0.8 21.7047 28.2758
    endloop
  endfacet
  facet normal 0 0.996916 0.0784803
    outer loop
      vertex 3 18.2758 31.7047
      vertex 0.8 18.225 32.35
      vertex 3 18.225 32.35
    endloop
  endfacet
  facet normal 0 0.996916 0.0784803
    outer loop
      vertex 0.8 18.225 32.35
      vertex 3 18.2758 31.7047
      vertex 0.8 18.2758 31.7047
    endloop
  endfacet
  facet normal 0 -0.972372 -0.233437
    outer loop
      vertex 0.8 26.4242 32.9953
      vertex 3 26.2731 33.6247
      vertex 0.8 26.2731 33.6247
    endloop
  endfacet
  facet normal 0 -0.972372 -0.233437
    outer loop
      vertex 3 26.2731 33.6247
      vertex 0.8 26.4242 32.9953
      vertex 3 26.4242 32.9953
    endloop
  endfacet
  facet normal 0 0.852643 0.522493
    outer loop
      vertex 3 19.0128 29.9254
      vertex 0.8 18.6746 30.4773
      vertex 3 18.6746 30.4773
    endloop
  endfacet
  facet normal 0 0.852643 0.522493
    outer loop
      vertex 0.8 18.6746 30.4773
      vertex 3 19.0128 29.9254
      vertex 0.8 19.0128 29.9254
    endloop
  endfacet
  facet normal 1 0 0
    outer loop
      vertex 0.8 26.4242 32.9953
      vertex 0.8 26.4242 31.7047
      vertex 0.8 26.475 32.35
    endloop
  endfacet
  facet normal 1 0 0
    outer loop
      vertex 0.8 26.2731 33.6247
      vertex 0.8 26.4242 31.7047
      vertex 0.8 26.4242 32.9953
    endloop
  endfacet
  facet normal 1 0 0
    outer loop
      vertex 0.8 26.2731 33.6247
      vertex 0.8 26.2731 31.0753
      vertex 0.8 26.4242 31.7047
    endloop
  endfacet
  facet normal 1 0 0
    outer loop
      vertex 0.8 26.0254 34.2227
      vertex 0.8 26.2731 31.0753
      vertex 0.8 26.2731 33.6247
    endloop
  endfacet
  facet normal 1 0 0
    outer loop
      vertex 0.8 26.0254 34.2227
      vertex 0.8 26.0254 30.4773
      vertex 0.8 26.2731 31.0753
    endloop
  endfacet
  facet normal 1 0 0
    outer loop
      vertex 0.8 25.6872 34.7746
      vertex 0.8 26.0254 30.4773
      vertex 0.8 26.0254 34.2227
    endloop
  endfacet
  facet normal 1 0 0
    outer loop
      vertex 0.8 25.6872 34.7746
      vertex 0.8 25.6872 29.9254
      vertex 0.8 26.0254 30.4773
    endloop
  endfacet
  facet normal 1 0 0
    outer loop
      vertex 0.8 25.2668 35.2668
      vertex 0.8 25.6872 29.9254
      vertex 0.8 25.6872 34.7746
    endloop
  endfacet
  facet normal 1 0 0
    outer loop
      vertex 0.8 25.2668 35.2668
      vertex 0.8 25.2668 29.4332
      vertex 0.8 25.6872 29.9254
    endloop
  endfacet
  facet normal 1 0 0
    outer loop
      vertex 0.8 24.7746 35.6872
      vertex 0.8 25.2668 29.4332
      vertex 0.8 25.2668 35.2668
    endloop
  endfacet
  facet normal 1 0 0
    outer loop
      vertex 0.8 24.7746 35.6872
      vertex 0.8 24.7746 29.0128
      vertex 0.8 25.2668 29.4332
    endloop
  endfacet
  facet normal 1 0 0
    outer loop
      vertex 0.8 24.2227 36.0254
      vertex 0.8 24.7746 29.0128
      vertex 0.8 24.7746 35.6872
    endloop
  endfacet
  facet normal 1 0 0
    outer loop
      vertex 0.8 24.2227 36.0254
      vertex 0.8 24.2227 28.6746
      vertex 0.8 24.7746 29.0128
    endloop
  endfacet
  facet normal 1 0 0
    outer loop
      vertex 0.8 23.6247 36.2731
      vertex 0.8 24.2227 28.6746
      vertex 0.8 24.2227 36.0254
    endloop
  endfacet
  facet normal 1 0 0
    outer loop
      vertex 0.8 23.6247 36.2731
      vertex 0.8 23.6247 28.4269
      vertex 0.8 24.2227 28.6746
    endloop
  endfacet
  facet normal 1 0 0
    outer loop
      vertex 0.8 22.9953 36.4242
      vertex 0.8 23.6247 28.4269
      vertex 0.8 23.6247 36.2731
    endloop
  endfacet
  facet normal 1 0 0
    outer loop
      vertex 0.8 22.9953 36.4242
      vertex 0.8 22.9953 28.2758
      vertex 0.8 23.6247 28.4269
    endloop
  endfacet
  facet normal 1 0 0
    outer loop
      vertex 0.8 22.35 36.475
      vertex 0.8 22.9953 28.2758
      vertex 0.8 22.9953 36.4242
    endloop
  endfacet
  facet normal 1 0 0
    outer loop
      vertex 0.8 22.35 36.475
      vertex 0.8 22.35 28.225
      vertex 0.8 22.9953 28.2758
    endloop
  endfacet
  facet normal 1 -0 0
    outer loop
      vertex 0.8 21.7047 36.4242
      vertex 0.8 22.35 28.225
      vertex 0.8 22.35 36.475
    endloop
  endfacet
  facet normal 1 0 0
    outer loop
      vertex 0.8 21.7047 36.4242
      vertex 0.8 21.7047 28.2758
      vertex 0.8 22.35 28.225
    endloop
  endfacet
  facet normal 1 -0 0
    outer loop
      vertex 0.8 21.0753 36.2731
      vertex 0.8 21.7047 28.2758
      vertex 0.8 21.7047 36.4242
    endloop
  endfacet
  facet normal 1 0 0
    outer loop
      vertex 0.8 21.0753 36.2731
      vertex 0.8 21.0753 28.4269
      vertex 0.8 21.7047 28.2758
    endloop
  endfacet
  facet normal 1 -0 0
    outer loop
      vertex 0.8 20.4773 36.0254
      vertex 0.8 21.0753 28.4269
      vertex 0.8 21.0753 36.2731
    endloop
  endfacet
  facet normal 1 0 0
    outer loop
      vertex 0.8 20.4773 36.0254
      vertex 0.8 20.4773 28.6746
      vertex 0.8 21.0753 28.4269
    endloop
  endfacet
  facet normal 1 -0 0
    outer loop
      vertex 0.8 19.9254 35.6872
      vertex 0.8 20.4773 28.6746
      vertex 0.8 20.4773 36.0254
    endloop
  endfacet
  facet normal 1 0 0
    outer loop
      vertex 0.8 19.9254 35.6872
      vertex 0.8 19.9254 29.0128
      vertex 0.8 20.4773 28.6746
    endloop
  endfacet
  facet normal 1 -0 0
    outer loop
      vertex 0.8 19.4332 35.2668
      vertex 0.8 19.9254 29.0128
      vertex 0.8 19.9254 35.6872
    endloop
  endfacet
  facet normal 1 0 0
    outer loop
      vertex 0.8 19.4332 35.2668
      vertex 0.8 19.4332 29.4332
      vertex 0.8 19.9254 29.0128
    endloop
  endfacet
  facet normal 1 -0 0
    outer loop
      vertex 0.8 19.0128 34.7746
      vertex 0.8 19.4332 29.4332
      vertex 0.8 19.4332 35.2668
    endloop
  endfacet
  facet normal 1 0 0
    outer loop
      vertex 0.8 19.0128 34.7746
      vertex 0.8 19.0128 29.9254
      vertex 0.8 19.4332 29.4332
    endloop
  endfacet
  facet normal 1 -0 0
    outer loop
      vertex 0.8 18.6746 34.2227
      vertex 0.8 19.0128 29.9254
      vertex 0.8 19.0128 34.7746
    endloop
  endfacet
  facet normal 1 0 0
    outer loop
      vertex 0.8 18.6746 34.2227
      vertex 0.8 18.6746 30.4773
      vertex 0.8 19.0128 29.9254
    endloop
  endfacet
  facet normal 1 -0 0
    outer loop
      vertex 0.8 18.4269 33.6247
      vertex 0.8 18.6746 30.4773
      vertex 0.8 18.6746 34.2227
    endloop
  endfacet
  facet normal 1 0 0
    outer loop
      vertex 0.8 18.4269 33.6247
      vertex 0.8 18.4269 31.0753
      vertex 0.8 18.6746 30.4773
    endloop
  endfacet
  facet normal 1 -0 0
    outer loop
      vertex 0.8 18.2758 32.9953
      vertex 0.8 18.4269 31.0753
      vertex 0.8 18.4269 33.6247
    endloop
  endfacet
  facet normal 1 0 0
    outer loop
      vertex 0.8 18.2758 32.9953
      vertex 0.8 18.2758 31.7047
      vertex 0.8 18.4269 31.0753
    endloop
  endfacet
  facet normal 1 0 -0
    outer loop
      vertex 0.8 18.2758 31.7047
      vertex 0.8 18.2758 32.9953
      vertex 0.8 18.225 32.35
    endloop
  endfacet
  facet normal 0 -0.0784803 0.996916
    outer loop
      vertex 0.8 22.9953 28.2758
      vertex 3 22.35 28.225
      vertex 3 22.9953 28.2758
    endloop
  endfacet
  facet normal 0 -0.0784803 0.996916
    outer loop
      vertex 3 22.35 28.225
      vertex 0.8 22.9953 28.2758
      vertex 0.8 22.35 28.225
    endloop
  endfacet
  facet normal 0 -0.522493 0.852643
    outer loop
      vertex 0.8 24.7746 29.0128
      vertex 3 24.2227 28.6746
      vertex 3 24.7746 29.0128
    endloop
  endfacet
  facet normal 0 -0.522493 0.852643
    outer loop
      vertex 3 24.2227 28.6746
      vertex 0.8 24.7746 29.0128
      vertex 0.8 24.2227 28.6746
    endloop
  endfacet
  facet normal 0 0.76039 -0.649467
    outer loop
      vertex 3 19.0128 34.7746
      vertex 0.8 19.4332 35.2668
      vertex 3 19.4332 35.2668
    endloop
  endfacet
  facet normal 0 0.76039 -0.649467
    outer loop
      vertex 0.8 19.4332 35.2668
      vertex 3 19.0128 34.7746
      vertex 0.8 19.0128 34.7746
    endloop
  endfacet
  facet normal 0 -0.233654 -0.97232
    outer loop
      vertex -1.5 20.4959 156.944
      vertex 3 21.4114 156.724
      vertex 3 20.4959 156.944
    endloop
  endfacet
  facet normal -0 -0.233654 -0.97232
    outer loop
      vertex 3 21.4114 156.724
      vertex -1.5 20.4959 156.944
      vertex -1.5 21.4114 156.724
    endloop
  endfacet
  facet normal -0 0.233654 0.97232
    outer loop
      vertex -1.5 24.2041 168.356
      vertex 0 23.2886 168.576
      vertex 0 24.2041 168.356
    endloop
  endfacet
  facet normal 0 0.233654 0.97232
    outer loop
      vertex 0 23.2886 168.576
      vertex -1.5 24.2041 168.356
      vertex -1.5 23.2886 168.576
    endloop
  endfacet
  facet normal -0 0.0785969 0.996906
    outer loop
      vertex -1.5 23.2886 168.576
      vertex 0 22.35 168.65
      vertex 0 23.2886 168.576
    endloop
  endfacet
  facet normal 0 0.0785969 0.996906
    outer loop
      vertex 0 22.35 168.65
      vertex -1.5 23.2886 168.576
      vertex -1.5 22.35 168.65
    endloop
  endfacet
  facet normal 0 0.388057 0.921635
    outer loop
      vertex 3 25.0739 167.996
      vertex 0 25.0644 168
      vertex 3 25.0644 168
    endloop
  endfacet
  facet normal -0 0.388057 0.921635
    outer loop
      vertex -1.5 25.0739 167.996
      vertex 0 25.0644 168
      vertex 3 25.0739 167.996
    endloop
  endfacet
  facet normal -4.23895e-05 0.382364 0.924012
    outer loop
      vertex -1.5 25.0739 167.996
      vertex 0 24.2041 168.356
      vertex 0 25.0644 168
    endloop
  endfacet
  facet normal 0 0.382427 0.923986
    outer loop
      vertex 0 24.2041 168.356
      vertex -1.5 25.0739 167.996
      vertex -1.5 24.2041 168.356
    endloop
  endfacet
  facet normal 0 -0.928477 0.371391
    outer loop
      vertex -1.5 17.004 165.374
      vertex 0 17 165.364
      vertex 3 17.004 165.374
    endloop
  endfacet
  facet normal 8.70806e-05 -0.923904 0.382624
    outer loop
      vertex -1.5 16.6437 164.504
      vertex 0 17 165.364
      vertex -1.5 17.004 165.374
    endloop
  endfacet
  facet normal 0 -0.923851 0.382753
    outer loop
      vertex 0 17 165.364
      vertex -1.5 16.6437 164.504
      vertex 0 16.6437 164.504
    endloop
  endfacet
  facet normal 0 -0.928477 0.371391
    outer loop
      vertex 3 17.004 165.374
      vertex 0 17 165.364
      vertex 3 17 165.364
    endloop
  endfacet
  facet normal 0 -0.522532 0.85262
    outer loop
      vertex -1.5 19.6261 167.996
      vertex 3 18.8233 167.504
      vertex 3 19.6261 167.996
    endloop
  endfacet
  facet normal 0 -0.522532 0.85262
    outer loop
      vertex 3 18.8233 167.504
      vertex -1.5 19.6261 167.996
      vertex -1.5 18.8233 167.504
    endloop
  endfacet
  facet normal 0 0.760417 -0.649435
    outer loop
      vertex 3 26.5926 158.407
      vertex -1.5 27.2041 159.123
      vertex 3 27.2041 159.123
    endloop
  endfacet
  facet normal 0 0.760417 -0.649435
    outer loop
      vertex -1.5 27.2041 159.123
      vertex 3 26.5926 158.407
      vertex -1.5 26.5926 158.407
    endloop
  endfacet
  facet normal 0 0.923904 -0.382624
    outer loop
      vertex 3 27.696 159.926
      vertex -1.5 28.0563 160.796
      vertex 3 28.0563 160.796
    endloop
  endfacet
  facet normal 0 0.923904 -0.382624
    outer loop
      vertex -1.5 28.0563 160.796
      vertex 3 27.696 159.926
      vertex -1.5 27.696 159.926
    endloop
  endfacet
  facet normal 0 -0.64918 0.760635
    outer loop
      vertex -1.5 18.8233 167.504
      vertex 3 18.1074 166.893
      vertex 3 18.8233 167.504
    endloop
  endfacet
  facet normal 0 -0.64918 0.760635
    outer loop
      vertex 3 18.1074 166.893
      vertex -1.5 18.8233 167.504
      vertex -1.5 18.1074 166.893
    endloop
  endfacet
  facet normal 0 -0.0785969 0.996906
    outer loop
      vertex -1.5 22.35 168.65
      vertex 0 21.4114 168.576
      vertex 0 22.35 168.65
    endloop
  endfacet
  facet normal 0 -0.0785969 0.996906
    outer loop
      vertex 0 21.4114 168.576
      vertex -1.5 22.35 168.65
      vertex -1.5 21.4114 168.576
    endloop
  endfacet
  facet normal 0 -0.382364 0.924012
    outer loop
      vertex 0 20.4959 168.356
      vertex -1.5 20.4959 168.356
      vertex 0 19.6356 168
    endloop
  endfacet
  facet normal 0 -0.388057 0.921635
    outer loop
      vertex 0 19.6356 168
      vertex 3 19.6261 167.996
      vertex 3 19.6356 168
    endloop
  endfacet
  facet normal 0 -0.388057 0.921635
    outer loop
      vertex 0 19.6356 168
      vertex -1.5 19.6261 167.996
      vertex 3 19.6261 167.996
    endloop
  endfacet
  facet normal -4.19253e-05 -0.382427 0.923986
    outer loop
      vertex -1.5 19.6261 167.996
      vertex 0 19.6356 168
      vertex -1.5 20.4959 168.356
    endloop
  endfacet
  facet normal 0 -0.382427 -0.923986
    outer loop
      vertex -1.5 19.6261 157.304
      vertex 3 20.4959 156.944
      vertex 3 19.6261 157.304
    endloop
  endfacet
  facet normal -0 -0.382427 -0.923986
    outer loop
      vertex 3 20.4959 156.944
      vertex -1.5 19.6261 157.304
      vertex -1.5 20.4959 156.944
    endloop
  endfacet
  facet normal 0 0.0785969 -0.996906
    outer loop
      vertex -1.5 22.35 156.65
      vertex 3 23.2886 156.724
      vertex 3 22.35 156.65
    endloop
  endfacet
  facet normal 0 0.0785969 -0.996906
    outer loop
      vertex 3 23.2886 156.724
      vertex -1.5 22.35 156.65
      vertex -1.5 23.2886 156.724
    endloop
  endfacet
  facet normal 0 0.233654 -0.97232
    outer loop
      vertex -1.5 23.2886 156.724
      vertex 3 24.2041 156.944
      vertex 3 23.2886 156.724
    endloop
  endfacet
  facet normal 0 0.233654 -0.97232
    outer loop
      vertex 3 24.2041 156.944
      vertex -1.5 23.2886 156.724
      vertex -1.5 24.2041 156.944
    endloop
  endfacet
  facet normal 0 0.972339 0.233574
    outer loop
      vertex 3 28.2761 163.589
      vertex -1.5 28.0563 164.504
      vertex 3 28.0563 164.504
    endloop
  endfacet
  facet normal 0 0.972339 0.233574
    outer loop
      vertex -1.5 28.0563 164.504
      vertex 3 28.2761 163.589
      vertex -1.5 28.2761 163.589
    endloop
  endfacet
  facet normal 0 0.996917 -0.0784581
    outer loop
      vertex 3 28.2761 161.711
      vertex -1.5 28.35 162.65
      vertex 3 28.35 162.65
    endloop
  endfacet
  facet normal 0 0.996917 -0.0784581
    outer loop
      vertex -1.5 28.35 162.65
      vertex 3 28.2761 161.711
      vertex -1.5 28.2761 161.711
    endloop
  endfacet
  facet normal 0 -0.64918 -0.760635
    outer loop
      vertex -1.5 18.1074 158.407
      vertex 3 18.8233 157.796
      vertex 3 18.1074 158.407
    endloop
  endfacet
  facet normal -0 -0.64918 -0.760635
    outer loop
      vertex 3 18.8233 157.796
      vertex -1.5 18.1074 158.407
      vertex -1.5 18.8233 157.796
    endloop
  endfacet
  facet normal 0 -0.972339 -0.233574
    outer loop
      vertex -1.5 16.6437 160.796
      vertex 0 16.4239 161.711
      vertex -1.5 16.4239 161.711
    endloop
  endfacet
  facet normal 0 -0.972339 -0.233574
    outer loop
      vertex 0 16.4239 161.711
      vertex -1.5 16.6437 160.796
      vertex 0 16.6437 160.796
    endloop
  endfacet
  facet normal 0 -0.760417 -0.649435
    outer loop
      vertex -1.5 18.1074 158.407
      vertex 3 17.4959 159.123
      vertex -1.5 17.4959 159.123
    endloop
  endfacet
  facet normal 0 -0.760417 -0.649435
    outer loop
      vertex 3 17.4959 159.123
      vertex -1.5 18.1074 158.407
      vertex 3 18.1074 158.407
    endloop
  endfacet
  facet normal -0 0.522532 0.85262
    outer loop
      vertex -1.5 25.8767 167.504
      vertex 3 25.0739 167.996
      vertex 3 25.8767 167.504
    endloop
  endfacet
  facet normal 0 0.522532 0.85262
    outer loop
      vertex 3 25.0739 167.996
      vertex -1.5 25.8767 167.504
      vertex -1.5 25.0739 167.996
    endloop
  endfacet
  facet normal 0 0.382427 -0.923986
    outer loop
      vertex -1.5 24.2041 156.944
      vertex 3 25.0739 157.304
      vertex 3 24.2041 156.944
    endloop
  endfacet
  facet normal 0 0.382427 -0.923986
    outer loop
      vertex 3 25.0739 157.304
      vertex -1.5 24.2041 156.944
      vertex -1.5 25.0739 157.304
    endloop
  endfacet
  facet normal 0 0.852725 -0.52236
    outer loop
      vertex 3 27.2041 159.123
      vertex -1.5 27.696 159.926
      vertex 3 27.696 159.926
    endloop
  endfacet
  facet normal 0 0.852725 -0.52236
    outer loop
      vertex -1.5 27.696 159.926
      vertex 3 27.2041 159.123
      vertex -1.5 27.2041 159.123
    endloop
  endfacet
  facet normal 0 -0.996917 -0.0784581
    outer loop
      vertex -1.5 16.4239 161.711
      vertex 0 16.35 162.65
      vertex -1.5 16.35 162.65
    endloop
  endfacet
  facet normal 0 -0.996917 -0.0784581
    outer loop
      vertex 0 16.35 162.65
      vertex -1.5 16.4239 161.711
      vertex 0 16.4239 161.711
    endloop
  endfacet
  facet normal 0 0.852725 0.52236
    outer loop
      vertex 3 27.696 165.374
      vertex -1.5 27.2041 166.177
      vertex 3 27.2041 166.177
    endloop
  endfacet
  facet normal 0 0.852725 0.52236
    outer loop
      vertex -1.5 27.2041 166.177
      vertex 3 27.696 165.374
      vertex -1.5 27.696 165.374
    endloop
  endfacet
  facet normal 0 -0.852725 0.52236
    outer loop
      vertex -1.5 17.004 165.374
      vertex 3 17.4959 166.177
      vertex -1.5 17.4959 166.177
    endloop
  endfacet
  facet normal 0 -0.852725 0.52236
    outer loop
      vertex 3 17.4959 166.177
      vertex -1.5 17.004 165.374
      vertex 3 17.004 165.374
    endloop
  endfacet
  facet normal 0 0.64918 -0.760635
    outer loop
      vertex -1.5 25.8767 157.796
      vertex 3 26.5926 158.407
      vertex 3 25.8767 157.796
    endloop
  endfacet
  facet normal 0 0.64918 -0.760635
    outer loop
      vertex 3 26.5926 158.407
      vertex -1.5 25.8767 157.796
      vertex -1.5 26.5926 158.407
    endloop
  endfacet
  facet normal 0 0.972339 -0.233574
    outer loop
      vertex 3 28.0563 160.796
      vertex -1.5 28.2761 161.711
      vertex 3 28.2761 161.711
    endloop
  endfacet
  facet normal 0 0.972339 -0.233574
    outer loop
      vertex -1.5 28.2761 161.711
      vertex 3 28.0563 160.796
      vertex -1.5 28.0563 160.796
    endloop
  endfacet
  facet normal 0 -0.852725 -0.52236
    outer loop
      vertex -1.5 17.4959 159.123
      vertex 3 17.004 159.926
      vertex -1.5 17.004 159.926
    endloop
  endfacet
  facet normal 0 -0.852725 -0.52236
    outer loop
      vertex 3 17.004 159.926
      vertex -1.5 17.4959 159.123
      vertex 3 17.4959 159.123
    endloop
  endfacet
  facet normal -0 0.64918 0.760635
    outer loop
      vertex -1.5 26.5926 166.893
      vertex 3 25.8767 167.504
      vertex 3 26.5926 166.893
    endloop
  endfacet
  facet normal 0 0.64918 0.760635
    outer loop
      vertex 3 25.8767 167.504
      vertex -1.5 26.5926 166.893
      vertex -1.5 25.8767 167.504
    endloop
  endfacet
  facet normal 0 0.760417 0.649435
    outer loop
      vertex 3 27.2041 166.177
      vertex -1.5 26.5926 166.893
      vertex 3 26.5926 166.893
    endloop
  endfacet
  facet normal 0 0.760417 0.649435
    outer loop
      vertex -1.5 26.5926 166.893
      vertex 3 27.2041 166.177
      vertex -1.5 27.2041 166.177
    endloop
  endfacet
  facet normal -1 0 0
    outer loop
      vertex -1.5 28.2761 161.711
      vertex -1.5 28.2761 163.589
      vertex -1.5 28.35 162.65
    endloop
  endfacet
  facet normal -1 0 0
    outer loop
      vertex -1.5 28.0563 160.796
      vertex -1.5 28.2761 163.589
      vertex -1.5 28.2761 161.711
    endloop
  endfacet
  facet normal -1 0 0
    outer loop
      vertex -1.5 28.0563 160.796
      vertex -1.5 28.0563 164.504
      vertex -1.5 28.2761 163.589
    endloop
  endfacet
  facet normal -1 0 0
    outer loop
      vertex -1.5 27.696 159.926
      vertex -1.5 28.0563 164.504
      vertex -1.5 28.0563 160.796
    endloop
  endfacet
  facet normal -1 0 0
    outer loop
      vertex -1.5 27.696 159.926
      vertex -1.5 27.696 165.374
      vertex -1.5 28.0563 164.504
    endloop
  endfacet
  facet normal -1 0 0
    outer loop
      vertex -1.5 27.2041 159.123
      vertex -1.5 27.696 165.374
      vertex -1.5 27.696 159.926
    endloop
  endfacet
  facet normal -1 0 0
    outer loop
      vertex -1.5 27.2041 159.123
      vertex -1.5 27.2041 166.177
      vertex -1.5 27.696 165.374
    endloop
  endfacet
  facet normal -1 0 0
    outer loop
      vertex -1.5 26.5926 158.407
      vertex -1.5 27.2041 166.177
      vertex -1.5 27.2041 159.123
    endloop
  endfacet
  facet normal -1 0 0
    outer loop
      vertex -1.5 26.5926 158.407
      vertex -1.5 26.5926 166.893
      vertex -1.5 27.2041 166.177
    endloop
  endfacet
  facet normal -1 0 0
    outer loop
      vertex -1.5 25.8767 157.796
      vertex -1.5 26.5926 166.893
      vertex -1.5 26.5926 158.407
    endloop
  endfacet
  facet normal -1 0 0
    outer loop
      vertex -1.5 25.8767 157.796
      vertex -1.5 25.8767 167.504
      vertex -1.5 26.5926 166.893
    endloop
  endfacet
  facet normal -1 0 0
    outer loop
      vertex -1.5 25.0739 157.304
      vertex -1.5 25.8767 167.504
      vertex -1.5 25.8767 157.796
    endloop
  endfacet
  facet normal -1 0 0
    outer loop
      vertex -1.5 25.0739 157.304
      vertex -1.5 25.0739 167.996
      vertex -1.5 25.8767 167.504
    endloop
  endfacet
  facet normal -1 0 0
    outer loop
      vertex -1.5 24.2041 156.944
      vertex -1.5 25.0739 167.996
      vertex -1.5 25.0739 157.304
    endloop
  endfacet
  facet normal -1 0 0
    outer loop
      vertex -1.5 24.2041 156.944
      vertex -1.5 24.2041 168.356
      vertex -1.5 25.0739 167.996
    endloop
  endfacet
  facet normal -1 0 0
    outer loop
      vertex -1.5 23.2886 156.724
      vertex -1.5 24.2041 168.356
      vertex -1.5 24.2041 156.944
    endloop
  endfacet
  facet normal -1 0 0
    outer loop
      vertex -1.5 23.2886 156.724
      vertex -1.5 23.2886 168.576
      vertex -1.5 24.2041 168.356
    endloop
  endfacet
  facet normal -1 0 0
    outer loop
      vertex -1.5 22.35 156.65
      vertex -1.5 23.2886 168.576
      vertex -1.5 23.2886 156.724
    endloop
  endfacet
  facet normal -1 0 0
    outer loop
      vertex -1.5 22.35 156.65
      vertex -1.5 22.35 168.65
      vertex -1.5 23.2886 168.576
    endloop
  endfacet
  facet normal -1 0 0
    outer loop
      vertex -1.5 21.4114 156.724
      vertex -1.5 22.35 168.65
      vertex -1.5 22.35 156.65
    endloop
  endfacet
  facet normal -1 0 0
    outer loop
      vertex -1.5 21.4114 156.724
      vertex -1.5 21.4114 168.576
      vertex -1.5 22.35 168.65
    endloop
  endfacet
  facet normal -1 0 0
    outer loop
      vertex -1.5 20.4959 156.944
      vertex -1.5 21.4114 168.576
      vertex -1.5 21.4114 156.724
    endloop
  endfacet
  facet normal -1 0 0
    outer loop
      vertex -1.5 20.4959 156.944
      vertex -1.5 20.4959 168.356
      vertex -1.5 21.4114 168.576
    endloop
  endfacet
  facet normal -1 0 0
    outer loop
      vertex -1.5 19.6261 157.304
      vertex -1.5 20.4959 168.356
      vertex -1.5 20.4959 156.944
    endloop
  endfacet
  facet normal -1 0 0
    outer loop
      vertex -1.5 19.6261 157.304
      vertex -1.5 19.6261 167.996
      vertex -1.5 20.4959 168.356
    endloop
  endfacet
  facet normal -1 0 0
    outer loop
      vertex -1.5 18.8233 157.796
      vertex -1.5 19.6261 167.996
      vertex -1.5 19.6261 157.304
    endloop
  endfacet
  facet normal -1 0 0
    outer loop
      vertex -1.5 18.8233 157.796
      vertex -1.5 18.8233 167.504
      vertex -1.5 19.6261 167.996
    endloop
  endfacet
  facet normal -1 0 0
    outer loop
      vertex -1.5 18.1074 158.407
      vertex -1.5 18.8233 167.504
      vertex -1.5 18.8233 157.796
    endloop
  endfacet
  facet normal -1 0 0
    outer loop
      vertex -1.5 18.1074 158.407
      vertex -1.5 18.1074 166.893
      vertex -1.5 18.8233 167.504
    endloop
  endfacet
  facet normal -1 0 0
    outer loop
      vertex -1.5 17.4959 159.123
      vertex -1.5 18.1074 166.893
      vertex -1.5 18.1074 158.407
    endloop
  endfacet
  facet normal -1 0 0
    outer loop
      vertex -1.5 17.4959 159.123
      vertex -1.5 17.4959 166.177
      vertex -1.5 18.1074 166.893
    endloop
  endfacet
  facet normal -1 0 0
    outer loop
      vertex -1.5 17.004 159.926
      vertex -1.5 17.4959 166.177
      vertex -1.5 17.4959 159.123
    endloop
  endfacet
  facet normal -1 0 0
    outer loop
      vertex -1.5 17.004 159.926
      vertex -1.5 17.004 165.374
      vertex -1.5 17.4959 166.177
    endloop
  endfacet
  facet normal -1 0 0
    outer loop
      vertex -1.5 16.6437 160.796
      vertex -1.5 17.004 165.374
      vertex -1.5 17.004 159.926
    endloop
  endfacet
  facet normal -1 0 0
    outer loop
      vertex -1.5 16.6437 160.796
      vertex -1.5 16.6437 164.504
      vertex -1.5 17.004 165.374
    endloop
  endfacet
  facet normal -1 0 0
    outer loop
      vertex -1.5 16.4239 161.711
      vertex -1.5 16.6437 164.504
      vertex -1.5 16.6437 160.796
    endloop
  endfacet
  facet normal -1 0 0
    outer loop
      vertex -1.5 16.4239 161.711
      vertex -1.5 16.4239 163.589
      vertex -1.5 16.6437 164.504
    endloop
  endfacet
  facet normal -1 0 -0
    outer loop
      vertex -1.5 16.4239 163.589
      vertex -1.5 16.4239 161.711
      vertex -1.5 16.35 162.65
    endloop
  endfacet
  facet normal 0 -0.996917 0.0784581
    outer loop
      vertex -1.5 16.35 162.65
      vertex 0 16.4239 163.589
      vertex -1.5 16.4239 163.589
    endloop
  endfacet
  facet normal 0 -0.996917 0.0784581
    outer loop
      vertex 0 16.4239 163.589
      vertex -1.5 16.35 162.65
      vertex 0 16.35 162.65
    endloop
  endfacet
  facet normal 0 -0.522532 -0.85262
    outer loop
      vertex -1.5 18.8233 157.796
      vertex 3 19.6261 157.304
      vertex 3 18.8233 157.796
    endloop
  endfacet
  facet normal -0 -0.522532 -0.85262
    outer loop
      vertex 3 19.6261 157.304
      vertex -1.5 18.8233 157.796
      vertex -1.5 19.6261 157.304
    endloop
  endfacet
  facet normal 0 -0.972339 0.233574
    outer loop
      vertex -1.5 16.4239 163.589
      vertex 0 16.6437 164.504
      vertex -1.5 16.6437 164.504
    endloop
  endfacet
  facet normal 0 -0.972339 0.233574
    outer loop
      vertex 0 16.6437 164.504
      vertex -1.5 16.4239 163.589
      vertex 0 16.4239 163.589
    endloop
  endfacet
  facet normal 0 -0.760417 0.649435
    outer loop
      vertex -1.5 17.4959 166.177
      vertex 3 18.1074 166.893
      vertex -1.5 18.1074 166.893
    endloop
  endfacet
  facet normal 0 -0.760417 0.649435
    outer loop
      vertex 3 18.1074 166.893
      vertex -1.5 17.4959 166.177
      vertex 3 17.4959 166.177
    endloop
  endfacet
  facet normal 0 -0.0785969 -0.996906
    outer loop
      vertex -1.5 21.4114 156.724
      vertex 3 22.35 156.65
      vertex 3 21.4114 156.724
    endloop
  endfacet
  facet normal -0 -0.0785969 -0.996906
    outer loop
      vertex 3 22.35 156.65
      vertex -1.5 21.4114 156.724
      vertex -1.5 22.35 156.65
    endloop
  endfacet
  facet normal 0 -0.233654 0.97232
    outer loop
      vertex -1.5 21.4114 168.576
      vertex 0 20.4959 168.356
      vertex 0 21.4114 168.576
    endloop
  endfacet
  facet normal 0 -0.233654 0.97232
    outer loop
      vertex 0 20.4959 168.356
      vertex -1.5 21.4114 168.576
      vertex -1.5 20.4959 168.356
    endloop
  endfacet
  facet normal 0 0.923904 0.382624
    outer loop
      vertex 3 28.0563 164.504
      vertex -1.5 27.696 165.374
      vertex 3 27.696 165.374
    endloop
  endfacet
  facet normal 0 0.923904 0.382624
    outer loop
      vertex -1.5 27.696 165.374
      vertex 3 28.0563 164.504
      vertex -1.5 28.0563 164.504
    endloop
  endfacet
  facet normal 0 -0.923851 -0.382753
    outer loop
      vertex -1.5 16.6437 160.796
      vertex 0 17 159.936
      vertex 0 16.6437 160.796
    endloop
  endfacet
  facet normal 8.70806e-05 -0.923904 -0.382624
    outer loop
      vertex -1.5 17.004 159.926
      vertex 0 17 159.936
      vertex -1.5 16.6437 160.796
    endloop
  endfacet
  facet normal -0 -0.928477 -0.371391
    outer loop
      vertex 3 17.004 159.926
      vertex 0 17 159.936
      vertex -1.5 17.004 159.926
    endloop
  endfacet
  facet normal 0 -0.928477 -0.371391
    outer loop
      vertex 0 17 159.936
      vertex 3 17.004 159.926
      vertex 3 17 159.936
    endloop
  endfacet
  facet normal 0 0.996917 0.0784581
    outer loop
      vertex 3 28.35 162.65
      vertex -1.5 28.2761 163.589
      vertex 3 28.2761 163.589
    endloop
  endfacet
  facet normal 0 0.996917 0.0784581
    outer loop
      vertex -1.5 28.2761 163.589
      vertex 3 28.35 162.65
      vertex -1.5 28.35 162.65
    endloop
  endfacet
  facet normal 0 0.522532 -0.85262
    outer loop
      vertex -1.5 25.0739 157.304
      vertex 3 25.8767 157.796
      vertex 3 25.0739 157.304
    endloop
  endfacet
  facet normal 0 0.522532 -0.85262
    outer loop
      vertex 3 25.8767 157.796
      vertex -1.5 25.0739 157.304
      vertex -1.5 25.8767 157.796
    endloop
  endfacet
  facet normal 0 -0.383079 0.923715
    outer loop
      vertex 0.8 24.2227 158.975
      vertex 3 23.6247 158.727
      vertex 3 24.2227 158.975
    endloop
  endfacet
  facet normal 0 -0.383079 0.923715
    outer loop
      vertex 3 23.6247 158.727
      vertex 0.8 24.2227 158.975
      vertex 0.8 23.6247 158.727
    endloop
  endfacet
  facet normal 0 -0.233291 -0.972407
    outer loop
      vertex 0.8 22.9953 166.724
      vertex 3 23.6247 166.573
      vertex 3 22.9953 166.724
    endloop
  endfacet
  facet normal -0 -0.233291 -0.972407
    outer loop
      vertex 3 23.6247 166.573
      vertex 0.8 22.9953 166.724
      vertex 0.8 23.6247 166.573
    endloop
  endfacet
  facet normal 0 -0.0787873 -0.996891
    outer loop
      vertex 0.8 22.35 166.775
      vertex 3 22.9953 166.724
      vertex 3 22.35 166.775
    endloop
  endfacet
  facet normal -0 -0.0787873 -0.996891
    outer loop
      vertex 3 22.9953 166.724
      vertex 0.8 22.35 166.775
      vertex 0.8 22.9953 166.724
    endloop
  endfacet
  facet normal 0 -0.383079 -0.923715
    outer loop
      vertex 0.8 23.6247 166.573
      vertex 3 24.2227 166.325
      vertex 3 23.6247 166.573
    endloop
  endfacet
  facet normal -0 -0.383079 -0.923715
    outer loop
      vertex 3 24.2227 166.325
      vertex 0.8 23.6247 166.573
      vertex 0.8 24.2227 166.325
    endloop
  endfacet
  facet normal 0 0.852686 -0.522424
    outer loop
      vertex 3 18.6746 164.523
      vertex 0.8 19.0128 165.075
      vertex 3 19.0128 165.075
    endloop
  endfacet
  facet normal 0 0.852686 -0.522424
    outer loop
      vertex 0.8 19.0128 165.075
      vertex 3 18.6746 164.523
      vertex 0.8 18.6746 164.523
    endloop
  endfacet
  facet normal 0 0.233291 -0.972407
    outer loop
      vertex 0.8 21.0753 166.573
      vertex 3 21.7047 166.724
      vertex 3 21.0753 166.573
    endloop
  endfacet
  facet normal 0 0.233291 -0.972407
    outer loop
      vertex 3 21.7047 166.724
      vertex 0.8 21.0753 166.573
      vertex 0.8 21.7047 166.724
    endloop
  endfacet
  facet normal 0 0.923879 -0.382684
    outer loop
      vertex 3 18.4269 163.925
      vertex 0.8 18.6746 164.523
      vertex 3 18.6746 164.523
    endloop
  endfacet
  facet normal 0 0.923879 -0.382684
    outer loop
      vertex 0.8 18.6746 164.523
      vertex 3 18.4269 163.925
      vertex 0.8 18.4269 163.925
    endloop
  endfacet
  facet normal 0 -0.923879 0.382684
    outer loop
      vertex 0.8 26.0254 160.777
      vertex 3 26.2731 161.375
      vertex 0.8 26.2731 161.375
    endloop
  endfacet
  facet normal 0 -0.923879 0.382684
    outer loop
      vertex 3 26.2731 161.375
      vertex 0.8 26.0254 160.777
      vertex 3 26.0254 160.777
    endloop
  endfacet
  facet normal 0 0.923879 0.382684
    outer loop
      vertex 3 18.6746 160.777
      vertex 0.8 18.4269 161.375
      vertex 3 18.4269 161.375
    endloop
  endfacet
  facet normal 0 0.923879 0.382684
    outer loop
      vertex 0.8 18.4269 161.375
      vertex 3 18.6746 160.777
      vertex 0.8 18.6746 160.777
    endloop
  endfacet
  facet normal 0 -0.852686 0.522424
    outer loop
      vertex 0.8 25.6872 160.225
      vertex 3 26.0254 160.777
      vertex 0.8 26.0254 160.777
    endloop
  endfacet
  facet normal 0 -0.852686 0.522424
    outer loop
      vertex 3 26.0254 160.777
      vertex 0.8 25.6872 160.225
      vertex 3 25.6872 160.225
    endloop
  endfacet
  facet normal 0 -0.760259 -0.64962
    outer loop
      vertex 0.8 25.6872 165.075
      vertex 3 25.2668 165.567
      vertex 0.8 25.2668 165.567
    endloop
  endfacet
  facet normal 0 -0.760259 -0.64962
    outer loop
      vertex 3 25.2668 165.567
      vertex 0.8 25.6872 165.075
      vertex 3 25.6872 165.075
    endloop
  endfacet
  facet normal 0 -0.972422 0.233227
    outer loop
      vertex 0.8 26.2731 161.375
      vertex 3 26.4242 162.005
      vertex 0.8 26.4242 162.005
    endloop
  endfacet
  facet normal 0 -0.972422 0.233227
    outer loop
      vertex 3 26.4242 162.005
      vertex 0.8 26.2731 161.375
      vertex 3 26.2731 161.375
    endloop
  endfacet
  facet normal -0 0.383079 0.923715
    outer loop
      vertex 0.8 21.0753 158.727
      vertex 3 20.4773 158.975
      vertex 3 21.0753 158.727
    endloop
  endfacet
  facet normal 0 0.383079 0.923715
    outer loop
      vertex 3 20.4773 158.975
      vertex 0.8 21.0753 158.727
      vertex 0.8 20.4773 158.975
    endloop
  endfacet
  facet normal 0 -0.996913 0.0785165
    outer loop
      vertex 0.8 26.4242 162.005
      vertex 3 26.475 162.65
      vertex 0.8 26.475 162.65
    endloop
  endfacet
  facet normal 0 -0.996913 0.0785165
    outer loop
      vertex 3 26.475 162.65
      vertex 0.8 26.4242 162.005
      vertex 3 26.4242 162.005
    endloop
  endfacet
  facet normal 0 0.972422 0.233227
    outer loop
      vertex 3 18.4269 161.375
      vertex 0.8 18.2758 162.005
      vertex 3 18.2758 162.005
    endloop
  endfacet
  facet normal 0 0.972422 0.233227
    outer loop
      vertex 0.8 18.2758 162.005
      vertex 3 18.4269 161.375
      vertex 0.8 18.4269 161.375
    endloop
  endfacet
  facet normal 0 0.383079 -0.923715
    outer loop
      vertex 0.8 20.4773 166.325
      vertex 3 21.0753 166.573
      vertex 3 20.4773 166.325
    endloop
  endfacet
  facet normal 0 0.383079 -0.923715
    outer loop
      vertex 3 21.0753 166.573
      vertex 0.8 20.4773 166.325
      vertex 0.8 21.0753 166.573
    endloop
  endfacet
  facet normal -0 0.64911 0.760695
    outer loop
      vertex 0.8 19.9254 159.313
      vertex 3 19.4332 159.733
      vertex 3 19.9254 159.313
    endloop
  endfacet
  facet normal 0 0.64911 0.760695
    outer loop
      vertex 3 19.4332 159.733
      vertex 0.8 19.9254 159.313
      vertex 0.8 19.4332 159.733
    endloop
  endfacet
  facet normal 0 -0.760259 0.64962
    outer loop
      vertex 0.8 25.2668 159.733
      vertex 3 25.6872 160.225
      vertex 0.8 25.6872 160.225
    endloop
  endfacet
  facet normal 0 -0.760259 0.64962
    outer loop
      vertex 3 25.6872 160.225
      vertex 0.8 25.2668 159.733
      vertex 3 25.2668 159.733
    endloop
  endfacet
  facet normal 0 0.996913 -0.0785165
    outer loop
      vertex 3 18.225 162.65
      vertex 0.8 18.2758 163.295
      vertex 3 18.2758 163.295
    endloop
  endfacet
  facet normal 0 0.996913 -0.0785165
    outer loop
      vertex 0.8 18.2758 163.295
      vertex 3 18.225 162.65
      vertex 0.8 18.225 162.65
    endloop
  endfacet
  facet normal 0 0.760259 0.64962
    outer loop
      vertex 3 19.4332 159.733
      vertex 0.8 19.0128 160.225
      vertex 3 19.0128 160.225
    endloop
  endfacet
  facet normal 0 0.760259 0.64962
    outer loop
      vertex 0.8 19.0128 160.225
      vertex 3 19.4332 159.733
      vertex 0.8 19.4332 159.733
    endloop
  endfacet
  facet normal 0 0.522269 -0.852781
    outer loop
      vertex 0.8 19.9254 165.987
      vertex 3 20.4773 166.325
      vertex 3 19.9254 165.987
    endloop
  endfacet
  facet normal 0 0.522269 -0.852781
    outer loop
      vertex 3 20.4773 166.325
      vertex 0.8 19.9254 165.987
      vertex 0.8 20.4773 166.325
    endloop
  endfacet
  facet normal 0 -0.522269 -0.852781
    outer loop
      vertex 0.8 24.2227 166.325
      vertex 3 24.7746 165.987
      vertex 3 24.2227 166.325
    endloop
  endfacet
  facet normal -0 -0.522269 -0.852781
    outer loop
      vertex 3 24.7746 165.987
      vertex 0.8 24.2227 166.325
      vertex 0.8 24.7746 165.987
    endloop
  endfacet
  facet normal 0 -0.64911 -0.760695
    outer loop
      vertex 0.8 24.7746 165.987
      vertex 3 25.2668 165.567
      vertex 3 24.7746 165.987
    endloop
  endfacet
  facet normal -0 -0.64911 -0.760695
    outer loop
      vertex 3 25.2668 165.567
      vertex 0.8 24.7746 165.987
      vertex 0.8 25.2668 165.567
    endloop
  endfacet
  facet normal 0 -0.64911 0.760695
    outer loop
      vertex 0.8 25.2668 159.733
      vertex 3 24.7746 159.313
      vertex 3 25.2668 159.733
    endloop
  endfacet
  facet normal 0 -0.64911 0.760695
    outer loop
      vertex 3 24.7746 159.313
      vertex 0.8 25.2668 159.733
      vertex 0.8 24.7746 159.313
    endloop
  endfacet
  facet normal 0 -0.996913 -0.0785165
    outer loop
      vertex 0.8 26.475 162.65
      vertex 3 26.4242 163.295
      vertex 0.8 26.4242 163.295
    endloop
  endfacet
  facet normal 0 -0.996913 -0.0785165
    outer loop
      vertex 3 26.4242 163.295
      vertex 0.8 26.475 162.65
      vertex 3 26.475 162.65
    endloop
  endfacet
  facet normal 0 -0.923879 -0.382684
    outer loop
      vertex 0.8 26.2731 163.925
      vertex 3 26.0254 164.523
      vertex 0.8 26.0254 164.523
    endloop
  endfacet
  facet normal 0 -0.923879 -0.382684
    outer loop
      vertex 3 26.0254 164.523
      vertex 0.8 26.2731 163.925
      vertex 3 26.2731 163.925
    endloop
  endfacet
  facet normal 0 -0.233291 0.972407
    outer loop
      vertex 0.8 23.6247 158.727
      vertex 3 22.9953 158.576
      vertex 3 23.6247 158.727
    endloop
  endfacet
  facet normal 0 -0.233291 0.972407
    outer loop
      vertex 3 22.9953 158.576
      vertex 0.8 23.6247 158.727
      vertex 0.8 22.9953 158.576
    endloop
  endfacet
  facet normal -0 0.233291 0.972407
    outer loop
      vertex 0.8 21.7047 158.576
      vertex 3 21.0753 158.727
      vertex 3 21.7047 158.576
    endloop
  endfacet
  facet normal 0 0.233291 0.972407
    outer loop
      vertex 3 21.0753 158.727
      vertex 0.8 21.7047 158.576
      vertex 0.8 21.0753 158.727
    endloop
  endfacet
  facet normal 0 -0.852686 -0.522424
    outer loop
      vertex 0.8 26.0254 164.523
      vertex 3 25.6872 165.075
      vertex 0.8 25.6872 165.075
    endloop
  endfacet
  facet normal 0 -0.852686 -0.522424
    outer loop
      vertex 3 25.6872 165.075
      vertex 0.8 26.0254 164.523
      vertex 3 26.0254 164.523
    endloop
  endfacet
  facet normal 0 0.972422 -0.233227
    outer loop
      vertex 3 18.2758 163.295
      vertex 0.8 18.4269 163.925
      vertex 3 18.4269 163.925
    endloop
  endfacet
  facet normal 0 0.972422 -0.233227
    outer loop
      vertex 0.8 18.4269 163.925
      vertex 3 18.2758 163.295
      vertex 0.8 18.2758 163.295
    endloop
  endfacet
  facet normal 0 0.0787873 -0.996891
    outer loop
      vertex 0.8 21.7047 166.724
      vertex 3 22.35 166.775
      vertex 3 21.7047 166.724
    endloop
  endfacet
  facet normal 0 0.0787873 -0.996891
    outer loop
      vertex 3 22.35 166.775
      vertex 0.8 21.7047 166.724
      vertex 0.8 22.35 166.775
    endloop
  endfacet
  facet normal 0 0.64911 -0.760695
    outer loop
      vertex 0.8 19.4332 165.567
      vertex 3 19.9254 165.987
      vertex 3 19.4332 165.567
    endloop
  endfacet
  facet normal 0 0.64911 -0.760695
    outer loop
      vertex 3 19.9254 165.987
      vertex 0.8 19.4332 165.567
      vertex 0.8 19.9254 165.987
    endloop
  endfacet
  facet normal -0 0.522269 0.852781
    outer loop
      vertex 0.8 20.4773 158.975
      vertex 3 19.9254 159.313
      vertex 3 20.4773 158.975
    endloop
  endfacet
  facet normal 0 0.522269 0.852781
    outer loop
      vertex 3 19.9254 159.313
      vertex 0.8 20.4773 158.975
      vertex 0.8 19.9254 159.313
    endloop
  endfacet
  facet normal -0 0.0787873 0.996891
    outer loop
      vertex 0.8 22.35 158.525
      vertex 3 21.7047 158.576
      vertex 3 22.35 158.525
    endloop
  endfacet
  facet normal 0 0.0787873 0.996891
    outer loop
      vertex 3 21.7047 158.576
      vertex 0.8 22.35 158.525
      vertex 0.8 21.7047 158.576
    endloop
  endfacet
  facet normal 0 0.996913 0.0785165
    outer loop
      vertex 3 18.2758 162.005
      vertex 0.8 18.225 162.65
      vertex 3 18.225 162.65
    endloop
  endfacet
  facet normal 0 0.996913 0.0785165
    outer loop
      vertex 0.8 18.225 162.65
      vertex 3 18.2758 162.005
      vertex 0.8 18.2758 162.005
    endloop
  endfacet
  facet normal 0 -0.972422 -0.233227
    outer loop
      vertex 0.8 26.4242 163.295
      vertex 3 26.2731 163.925
      vertex 0.8 26.2731 163.925
    endloop
  endfacet
  facet normal 0 -0.972422 -0.233227
    outer loop
      vertex 3 26.2731 163.925
      vertex 0.8 26.4242 163.295
      vertex 3 26.4242 163.295
    endloop
  endfacet
  facet normal 0 0.852686 0.522424
    outer loop
      vertex 3 19.0128 160.225
      vertex 0.8 18.6746 160.777
      vertex 3 18.6746 160.777
    endloop
  endfacet
  facet normal 0 0.852686 0.522424
    outer loop
      vertex 0.8 18.6746 160.777
      vertex 3 19.0128 160.225
      vertex 0.8 19.0128 160.225
    endloop
  endfacet
  facet normal 1 0 0
    outer loop
      vertex 0.8 26.4242 163.295
      vertex 0.8 26.4242 162.005
      vertex 0.8 26.475 162.65
    endloop
  endfacet
  facet normal 1 0 0
    outer loop
      vertex 0.8 26.2731 163.925
      vertex 0.8 26.4242 162.005
      vertex 0.8 26.4242 163.295
    endloop
  endfacet
  facet normal 1 0 0
    outer loop
      vertex 0.8 26.2731 163.925
      vertex 0.8 26.2731 161.375
      vertex 0.8 26.4242 162.005
    endloop
  endfacet
  facet normal 1 0 0
    outer loop
      vertex 0.8 26.0254 164.523
      vertex 0.8 26.2731 161.375
      vertex 0.8 26.2731 163.925
    endloop
  endfacet
  facet normal 1 0 0
    outer loop
      vertex 0.8 26.0254 164.523
      vertex 0.8 26.0254 160.777
      vertex 0.8 26.2731 161.375
    endloop
  endfacet
  facet normal 1 0 0
    outer loop
      vertex 0.8 25.6872 165.075
      vertex 0.8 26.0254 160.777
      vertex 0.8 26.0254 164.523
    endloop
  endfacet
  facet normal 1 0 0
    outer loop
      vertex 0.8 25.6872 165.075
      vertex 0.8 25.6872 160.225
      vertex 0.8 26.0254 160.777
    endloop
  endfacet
  facet normal 1 0 0
    outer loop
      vertex 0.8 25.2668 165.567
      vertex 0.8 25.6872 160.225
      vertex 0.8 25.6872 165.075
    endloop
  endfacet
  facet normal 1 0 0
    outer loop
      vertex 0.8 25.2668 165.567
      vertex 0.8 25.2668 159.733
      vertex 0.8 25.6872 160.225
    endloop
  endfacet
  facet normal 1 0 0
    outer loop
      vertex 0.8 24.7746 165.987
      vertex 0.8 25.2668 159.733
      vertex 0.8 25.2668 165.567
    endloop
  endfacet
  facet normal 1 0 0
    outer loop
      vertex 0.8 24.7746 165.987
      vertex 0.8 24.7746 159.313
      vertex 0.8 25.2668 159.733
    endloop
  endfacet
  facet normal 1 0 0
    outer loop
      vertex 0.8 24.2227 166.325
      vertex 0.8 24.7746 159.313
      vertex 0.8 24.7746 165.987
    endloop
  endfacet
  facet normal 1 0 0
    outer loop
      vertex 0.8 24.2227 166.325
      vertex 0.8 24.2227 158.975
      vertex 0.8 24.7746 159.313
    endloop
  endfacet
  facet normal 1 0 0
    outer loop
      vertex 0.8 23.6247 166.573
      vertex 0.8 24.2227 158.975
      vertex 0.8 24.2227 166.325
    endloop
  endfacet
  facet normal 1 0 0
    outer loop
      vertex 0.8 23.6247 166.573
      vertex 0.8 23.6247 158.727
      vertex 0.8 24.2227 158.975
    endloop
  endfacet
  facet normal 1 0 0
    outer loop
      vertex 0.8 22.9953 166.724
      vertex 0.8 23.6247 158.727
      vertex 0.8 23.6247 166.573
    endloop
  endfacet
  facet normal 1 0 0
    outer loop
      vertex 0.8 22.9953 166.724
      vertex 0.8 22.9953 158.576
      vertex 0.8 23.6247 158.727
    endloop
  endfacet
  facet normal 1 0 0
    outer loop
      vertex 0.8 22.35 166.775
      vertex 0.8 22.9953 158.576
      vertex 0.8 22.9953 166.724
    endloop
  endfacet
  facet normal 1 0 0
    outer loop
      vertex 0.8 22.35 166.775
      vertex 0.8 22.35 158.525
      vertex 0.8 22.9953 158.576
    endloop
  endfacet
  facet normal 1 -0 0
    outer loop
      vertex 0.8 21.7047 166.724
      vertex 0.8 22.35 158.525
      vertex 0.8 22.35 166.775
    endloop
  endfacet
  facet normal 1 0 0
    outer loop
      vertex 0.8 21.7047 166.724
      vertex 0.8 21.7047 158.576
      vertex 0.8 22.35 158.525
    endloop
  endfacet
  facet normal 1 -0 0
    outer loop
      vertex 0.8 21.0753 166.573
      vertex 0.8 21.7047 158.576
      vertex 0.8 21.7047 166.724
    endloop
  endfacet
  facet normal 1 0 0
    outer loop
      vertex 0.8 21.0753 166.573
      vertex 0.8 21.0753 158.727
      vertex 0.8 21.7047 158.576
    endloop
  endfacet
  facet normal 1 -0 0
    outer loop
      vertex 0.8 20.4773 166.325
      vertex 0.8 21.0753 158.727
      vertex 0.8 21.0753 166.573
    endloop
  endfacet
  facet normal 1 0 0
    outer loop
      vertex 0.8 20.4773 166.325
      vertex 0.8 20.4773 158.975
      vertex 0.8 21.0753 158.727
    endloop
  endfacet
  facet normal 1 -0 0
    outer loop
      vertex 0.8 19.9254 165.987
      vertex 0.8 20.4773 158.975
      vertex 0.8 20.4773 166.325
    endloop
  endfacet
  facet normal 1 0 0
    outer loop
      vertex 0.8 19.9254 165.987
      vertex 0.8 19.9254 159.313
      vertex 0.8 20.4773 158.975
    endloop
  endfacet
  facet normal 1 -0 0
    outer loop
      vertex 0.8 19.4332 165.567
      vertex 0.8 19.9254 159.313
      vertex 0.8 19.9254 165.987
    endloop
  endfacet
  facet normal 1 0 0
    outer loop
      vertex 0.8 19.4332 165.567
      vertex 0.8 19.4332 159.733
      vertex 0.8 19.9254 159.313
    endloop
  endfacet
  facet normal 1 -0 0
    outer loop
      vertex 0.8 19.0128 165.075
      vertex 0.8 19.4332 159.733
      vertex 0.8 19.4332 165.567
    endloop
  endfacet
  facet normal 1 0 0
    outer loop
      vertex 0.8 19.0128 165.075
      vertex 0.8 19.0128 160.225
      vertex 0.8 19.4332 159.733
    endloop
  endfacet
  facet normal 1 -0 0
    outer loop
      vertex 0.8 18.6746 164.523
      vertex 0.8 19.0128 160.225
      vertex 0.8 19.0128 165.075
    endloop
  endfacet
  facet normal 1 0 0
    outer loop
      vertex 0.8 18.6746 164.523
      vertex 0.8 18.6746 160.777
      vertex 0.8 19.0128 160.225
    endloop
  endfacet
  facet normal 1 -0 0
    outer loop
      vertex 0.8 18.4269 163.925
      vertex 0.8 18.6746 160.777
      vertex 0.8 18.6746 164.523
    endloop
  endfacet
  facet normal 1 0 0
    outer loop
      vertex 0.8 18.4269 163.925
      vertex 0.8 18.4269 161.375
      vertex 0.8 18.6746 160.777
    endloop
  endfacet
  facet normal 1 -0 0
    outer loop
      vertex 0.8 18.2758 163.295
      vertex 0.8 18.4269 161.375
      vertex 0.8 18.4269 163.925
    endloop
  endfacet
  facet normal 1 0 0
    outer loop
      vertex 0.8 18.2758 163.295
      vertex 0.8 18.2758 162.005
      vertex 0.8 18.4269 161.375
    endloop
  endfacet
  facet normal 1 0 -0
    outer loop
      vertex 0.8 18.2758 162.005
      vertex 0.8 18.2758 163.295
      vertex 0.8 18.225 162.65
    endloop
  endfacet
  facet normal 0 -0.0787873 0.996891
    outer loop
      vertex 0.8 22.9953 158.576
      vertex 3 22.35 158.525
      vertex 3 22.9953 158.576
    endloop
  endfacet
  facet normal 0 -0.0787873 0.996891
    outer loop
      vertex 3 22.35 158.525
      vertex 0.8 22.9953 158.576
      vertex 0.8 22.35 158.525
    endloop
  endfacet
  facet normal 0 -0.522269 0.852781
    outer loop
      vertex 0.8 24.7746 159.313
      vertex 3 24.2227 158.975
      vertex 3 24.7746 159.313
    endloop
  endfacet
  facet normal 0 -0.522269 0.852781
    outer loop
      vertex 3 24.2227 158.975
      vertex 0.8 24.7746 159.313
      vertex 0.8 24.2227 158.975
    endloop
  endfacet
  facet normal 0 0.760259 -0.64962
    outer loop
      vertex 3 19.0128 165.075
      vertex 0.8 19.4332 165.567
      vertex 3 19.4332 165.567
    endloop
  endfacet
  facet normal 0 0.760259 -0.64962
    outer loop
      vertex 0.8 19.4332 165.567
      vertex 3 19.0128 165.075
      vertex 0.8 19.0128 165.075
    endloop
  endfacet
  facet normal 0 -0.233453 -0.972368
    outer loop
      vertex -1.5 77.7959 26.6437
      vertex 0 78.7114 26.4239
      vertex 0 77.7959 26.6437
    endloop
  endfacet
  facet normal -0 -0.233453 -0.972368
    outer loop
      vertex 0 78.7114 26.4239
      vertex -1.5 77.7959 26.6437
      vertex -1.5 78.7114 26.4239
    endloop
  endfacet
  facet normal -0 0.233453 0.972368
    outer loop
      vertex -1.5 81.5041 38.0563
      vertex 3 80.5886 38.2761
      vertex 3 81.5041 38.0563
    endloop
  endfacet
  facet normal 0 0.233453 0.972368
    outer loop
      vertex 3 80.5886 38.2761
      vertex -1.5 81.5041 38.0563
      vertex -1.5 80.5886 38.2761
    endloop
  endfacet
  facet normal -0 0.0784914 0.996915
    outer loop
      vertex -1.5 80.5886 38.2761
      vertex 3 79.65 38.35
      vertex 3 80.5886 38.2761
    endloop
  endfacet
  facet normal 0 0.0784914 0.996915
    outer loop
      vertex 3 79.65 38.35
      vertex -1.5 80.5886 38.2761
      vertex -1.5 79.65 38.35
    endloop
  endfacet
  facet normal -0 0.382699 0.923873
    outer loop
      vertex -1.5 82.3739 37.696
      vertex 3 81.5041 38.0563
      vertex 3 82.3739 37.696
    endloop
  endfacet
  facet normal 0 0.382699 0.923873
    outer loop
      vertex 3 81.5041 38.0563
      vertex -1.5 82.3739 37.696
      vertex -1.5 81.5041 38.0563
    endloop
  endfacet
  facet normal 0 -0.923873 0.382699
    outer loop
      vertex -1.5 73.9437 34.2041
      vertex 3 74.304 35.0739
      vertex -1.5 74.304 35.0739
    endloop
  endfacet
  facet normal 0 -0.923873 0.382699
    outer loop
      vertex 3 74.304 35.0739
      vertex -1.5 73.9437 34.2041
      vertex 3 73.9437 34.2041
    endloop
  endfacet
  facet normal 0 -0.522455 0.852667
    outer loop
      vertex -1.5 76.9261 37.696
      vertex 3 76.1233 37.2041
      vertex 3 76.9261 37.696
    endloop
  endfacet
  facet normal 0 -0.522455 0.852667
    outer loop
      vertex 3 76.1233 37.2041
      vertex -1.5 76.9261 37.696
      vertex -1.5 76.1233 37.2041
    endloop
  endfacet
  facet normal 0 0.760373 -0.649487
    outer loop
      vertex 3 83.8926 28.1074
      vertex -1.5 84.5041 28.8233
      vertex 3 84.5041 28.8233
    endloop
  endfacet
  facet normal 0 0.760373 -0.649487
    outer loop
      vertex -1.5 84.5041 28.8233
      vertex 3 83.8926 28.1074
      vertex -1.5 83.8926 28.1074
    endloop
  endfacet
  facet normal 0 0.921635 -0.388057
    outer loop
      vertex 3 85 29.6356
      vertex 3 84.996 29.6261
      vertex 0 85 29.6356
    endloop
  endfacet
  facet normal 0 0.923898 -0.382639
    outer loop
      vertex 0 85 29.6356
      vertex -1.5 85.3563 30.4959
      vertex 0 85.3563 30.4959
    endloop
  endfacet
  facet normal -3.99021e-05 0.923873 -0.382699
    outer loop
      vertex 0 85 29.6356
      vertex -1.5 84.996 29.6261
      vertex -1.5 85.3563 30.4959
    endloop
  endfacet
  facet normal 0 0.921635 -0.388057
    outer loop
      vertex -1.5 84.996 29.6261
      vertex 0 85 29.6356
      vertex 3 84.996 29.6261
    endloop
  endfacet
  facet normal 0 -0.649487 0.760373
    outer loop
      vertex -1.5 76.1233 37.2041
      vertex 3 75.4074 36.5926
      vertex 3 76.1233 37.2041
    endloop
  endfacet
  facet normal 0 -0.649487 0.760373
    outer loop
      vertex 3 75.4074 36.5926
      vertex -1.5 76.1233 37.2041
      vertex -1.5 75.4074 36.5926
    endloop
  endfacet
  facet normal 0 -0.0784914 0.996915
    outer loop
      vertex -1.5 79.65 38.35
      vertex 3 78.7114 38.2761
      vertex 3 79.65 38.35
    endloop
  endfacet
  facet normal 0 -0.0784914 0.996915
    outer loop
      vertex 3 78.7114 38.2761
      vertex -1.5 79.65 38.35
      vertex -1.5 78.7114 38.2761
    endloop
  endfacet
  facet normal 0 -0.382699 0.923873
    outer loop
      vertex -1.5 77.7959 38.0563
      vertex 3 76.9261 37.696
      vertex 3 77.7959 38.0563
    endloop
  endfacet
  facet normal 0 -0.382699 0.923873
    outer loop
      vertex 3 76.9261 37.696
      vertex -1.5 77.7959 38.0563
      vertex -1.5 76.9261 37.696
    endloop
  endfacet
  facet normal 0 -0.388057 -0.921635
    outer loop
      vertex 3 76.9261 27.004
      vertex 0 76.9356 27
      vertex 3 76.9356 27
    endloop
  endfacet
  facet normal 0 -0.388057 -0.921635
    outer loop
      vertex -1.5 76.9261 27.004
      vertex 0 76.9356 27
      vertex 3 76.9261 27.004
    endloop
  endfacet
  facet normal -4.03438e-05 -0.382639 -0.923898
    outer loop
      vertex -1.5 76.9261 27.004
      vertex 0 77.7959 26.6437
      vertex 0 76.9356 27
    endloop
  endfacet
  facet normal -0 -0.382699 -0.923873
    outer loop
      vertex 0 77.7959 26.6437
      vertex -1.5 76.9261 27.004
      vertex -1.5 77.7959 26.6437
    endloop
  endfacet
  facet normal 0 0.0784914 -0.996915
    outer loop
      vertex -1.5 79.65 26.35
      vertex 0 80.5886 26.4239
      vertex 0 79.65 26.35
    endloop
  endfacet
  facet normal 0 0.0784914 -0.996915
    outer loop
      vertex 0 80.5886 26.4239
      vertex -1.5 79.65 26.35
      vertex -1.5 80.5886 26.4239
    endloop
  endfacet
  facet normal 0 0.233453 -0.972368
    outer loop
      vertex -1.5 80.5886 26.4239
      vertex 0 81.5041 26.6437
      vertex 0 80.5886 26.4239
    endloop
  endfacet
  facet normal 0 0.233453 -0.972368
    outer loop
      vertex 0 81.5041 26.6437
      vertex -1.5 80.5886 26.4239
      vertex -1.5 81.5041 26.6437
    endloop
  endfacet
  facet normal 0 0.972368 0.233453
    outer loop
      vertex 0 85.5761 33.2886
      vertex -1.5 85.3563 34.2041
      vertex 0 85.3563 34.2041
    endloop
  endfacet
  facet normal 0 0.972368 0.233453
    outer loop
      vertex -1.5 85.3563 34.2041
      vertex 0 85.5761 33.2886
      vertex -1.5 85.5761 33.2886
    endloop
  endfacet
  facet normal 0 0.996915 -0.0784914
    outer loop
      vertex 0 85.5761 31.4114
      vertex -1.5 85.65 32.35
      vertex 0 85.65 32.35
    endloop
  endfacet
  facet normal 0 0.996915 -0.0784914
    outer loop
      vertex -1.5 85.65 32.35
      vertex 0 85.5761 31.4114
      vertex -1.5 85.5761 31.4114
    endloop
  endfacet
  facet normal 0 -0.649487 -0.760373
    outer loop
      vertex -1.5 75.4074 28.1074
      vertex 3 76.1233 27.4959
      vertex 3 75.4074 28.1074
    endloop
  endfacet
  facet normal -0 -0.649487 -0.760373
    outer loop
      vertex 3 76.1233 27.4959
      vertex -1.5 75.4074 28.1074
      vertex -1.5 76.1233 27.4959
    endloop
  endfacet
  facet normal 0 -0.972368 -0.233453
    outer loop
      vertex -1.5 73.9437 30.4959
      vertex 3 73.7239 31.4114
      vertex -1.5 73.7239 31.4114
    endloop
  endfacet
  facet normal 0 -0.972368 -0.233453
    outer loop
      vertex 3 73.7239 31.4114
      vertex -1.5 73.9437 30.4959
      vertex 3 73.9437 30.4959
    endloop
  endfacet
  facet normal 0 -0.760373 -0.649487
    outer loop
      vertex -1.5 75.4074 28.1074
      vertex 3 74.7959 28.8233
      vertex -1.5 74.7959 28.8233
    endloop
  endfacet
  facet normal 0 -0.760373 -0.649487
    outer loop
      vertex 3 74.7959 28.8233
      vertex -1.5 75.4074 28.1074
      vertex 3 75.4074 28.1074
    endloop
  endfacet
  facet normal -0 0.522455 0.852667
    outer loop
      vertex -1.5 83.1767 37.2041
      vertex 3 82.3739 37.696
      vertex 3 83.1767 37.2041
    endloop
  endfacet
  facet normal 0 0.522455 0.852667
    outer loop
      vertex 3 82.3739 37.696
      vertex -1.5 83.1767 37.2041
      vertex -1.5 82.3739 37.696
    endloop
  endfacet
  facet normal 0 0.382639 -0.923898
    outer loop
      vertex 0 81.5041 26.6437
      vertex -1.5 81.5041 26.6437
      vertex 0 82.3644 27
    endloop
  endfacet
  facet normal 0 0.388057 -0.921635
    outer loop
      vertex 0 82.3644 27
      vertex 3 82.3739 27.004
      vertex 3 82.3644 27
    endloop
  endfacet
  facet normal 0 0.388057 -0.921635
    outer loop
      vertex 0 82.3644 27
      vertex -1.5 82.3739 27.004
      vertex 3 82.3739 27.004
    endloop
  endfacet
  facet normal -3.99021e-05 0.382699 -0.923873
    outer loop
      vertex -1.5 82.3739 27.004
      vertex 0 82.3644 27
      vertex -1.5 81.5041 26.6437
    endloop
  endfacet
  facet normal 0 0.852667 -0.522455
    outer loop
      vertex 3 84.5041 28.8233
      vertex -1.5 84.996 29.6261
      vertex 3 84.996 29.6261
    endloop
  endfacet
  facet normal 0 0.852667 -0.522455
    outer loop
      vertex -1.5 84.996 29.6261
      vertex 3 84.5041 28.8233
      vertex -1.5 84.5041 28.8233
    endloop
  endfacet
  facet normal 0 -0.996915 -0.0784914
    outer loop
      vertex -1.5 73.7239 31.4114
      vertex 3 73.65 32.35
      vertex -1.5 73.65 32.35
    endloop
  endfacet
  facet normal 0 -0.996915 -0.0784914
    outer loop
      vertex 3 73.65 32.35
      vertex -1.5 73.7239 31.4114
      vertex 3 73.7239 31.4114
    endloop
  endfacet
  facet normal 0 0.852667 0.522455
    outer loop
      vertex 3 84.996 35.0739
      vertex -1.5 84.5041 35.8767
      vertex 3 84.5041 35.8767
    endloop
  endfacet
  facet normal 0 0.852667 0.522455
    outer loop
      vertex -1.5 84.5041 35.8767
      vertex 3 84.996 35.0739
      vertex -1.5 84.996 35.0739
    endloop
  endfacet
  facet normal 0 -0.852667 0.522455
    outer loop
      vertex -1.5 74.304 35.0739
      vertex 3 74.7959 35.8767
      vertex -1.5 74.7959 35.8767
    endloop
  endfacet
  facet normal 0 -0.852667 0.522455
    outer loop
      vertex 3 74.7959 35.8767
      vertex -1.5 74.304 35.0739
      vertex 3 74.304 35.0739
    endloop
  endfacet
  facet normal 0 0.649487 -0.760373
    outer loop
      vertex -1.5 83.1767 27.4959
      vertex 3 83.8926 28.1074
      vertex 3 83.1767 27.4959
    endloop
  endfacet
  facet normal 0 0.649487 -0.760373
    outer loop
      vertex 3 83.8926 28.1074
      vertex -1.5 83.1767 27.4959
      vertex -1.5 83.8926 28.1074
    endloop
  endfacet
  facet normal 0 0.972368 -0.233453
    outer loop
      vertex 0 85.3563 30.4959
      vertex -1.5 85.5761 31.4114
      vertex 0 85.5761 31.4114
    endloop
  endfacet
  facet normal 0 0.972368 -0.233453
    outer loop
      vertex -1.5 85.5761 31.4114
      vertex 0 85.3563 30.4959
      vertex -1.5 85.3563 30.4959
    endloop
  endfacet
  facet normal 0 -0.852667 -0.522455
    outer loop
      vertex -1.5 74.7959 28.8233
      vertex 3 74.304 29.6261
      vertex -1.5 74.304 29.6261
    endloop
  endfacet
  facet normal 0 -0.852667 -0.522455
    outer loop
      vertex 3 74.304 29.6261
      vertex -1.5 74.7959 28.8233
      vertex 3 74.7959 28.8233
    endloop
  endfacet
  facet normal -0 0.649487 0.760373
    outer loop
      vertex -1.5 83.8926 36.5926
      vertex 3 83.1767 37.2041
      vertex 3 83.8926 36.5926
    endloop
  endfacet
  facet normal 0 0.649487 0.760373
    outer loop
      vertex 3 83.1767 37.2041
      vertex -1.5 83.8926 36.5926
      vertex -1.5 83.1767 37.2041
    endloop
  endfacet
  facet normal 0 0.760373 0.649487
    outer loop
      vertex 3 84.5041 35.8767
      vertex -1.5 83.8926 36.5926
      vertex 3 83.8926 36.5926
    endloop
  endfacet
  facet normal 0 0.760373 0.649487
    outer loop
      vertex -1.5 83.8926 36.5926
      vertex 3 84.5041 35.8767
      vertex -1.5 84.5041 35.8767
    endloop
  endfacet
  facet normal -1 0 0
    outer loop
      vertex -1.5 85.5761 31.4114
      vertex -1.5 85.5761 33.2886
      vertex -1.5 85.65 32.35
    endloop
  endfacet
  facet normal -1 0 0
    outer loop
      vertex -1.5 85.3563 30.4959
      vertex -1.5 85.5761 33.2886
      vertex -1.5 85.5761 31.4114
    endloop
  endfacet
  facet normal -1 0 0
    outer loop
      vertex -1.5 85.3563 30.4959
      vertex -1.5 85.3563 34.2041
      vertex -1.5 85.5761 33.2886
    endloop
  endfacet
  facet normal -1 0 0
    outer loop
      vertex -1.5 84.996 29.6261
      vertex -1.5 85.3563 34.2041
      vertex -1.5 85.3563 30.4959
    endloop
  endfacet
  facet normal -1 0 0
    outer loop
      vertex -1.5 84.996 29.6261
      vertex -1.5 84.996 35.0739
      vertex -1.5 85.3563 34.2041
    endloop
  endfacet
  facet normal -1 0 0
    outer loop
      vertex -1.5 84.5041 28.8233
      vertex -1.5 84.996 35.0739
      vertex -1.5 84.996 29.6261
    endloop
  endfacet
  facet normal -1 0 0
    outer loop
      vertex -1.5 84.5041 28.8233
      vertex -1.5 84.5041 35.8767
      vertex -1.5 84.996 35.0739
    endloop
  endfacet
  facet normal -1 0 0
    outer loop
      vertex -1.5 83.8926 28.1074
      vertex -1.5 84.5041 35.8767
      vertex -1.5 84.5041 28.8233
    endloop
  endfacet
  facet normal -1 0 0
    outer loop
      vertex -1.5 83.8926 28.1074
      vertex -1.5 83.8926 36.5926
      vertex -1.5 84.5041 35.8767
    endloop
  endfacet
  facet normal -1 0 0
    outer loop
      vertex -1.5 83.1767 27.4959
      vertex -1.5 83.8926 36.5926
      vertex -1.5 83.8926 28.1074
    endloop
  endfacet
  facet normal -1 0 0
    outer loop
      vertex -1.5 83.1767 27.4959
      vertex -1.5 83.1767 37.2041
      vertex -1.5 83.8926 36.5926
    endloop
  endfacet
  facet normal -1 0 0
    outer loop
      vertex -1.5 82.3739 27.004
      vertex -1.5 83.1767 37.2041
      vertex -1.5 83.1767 27.4959
    endloop
  endfacet
  facet normal -1 0 0
    outer loop
      vertex -1.5 82.3739 27.004
      vertex -1.5 82.3739 37.696
      vertex -1.5 83.1767 37.2041
    endloop
  endfacet
  facet normal -1 0 0
    outer loop
      vertex -1.5 81.5041 26.6437
      vertex -1.5 82.3739 37.696
      vertex -1.5 82.3739 27.004
    endloop
  endfacet
  facet normal -1 0 0
    outer loop
      vertex -1.5 81.5041 26.6437
      vertex -1.5 81.5041 38.0563
      vertex -1.5 82.3739 37.696
    endloop
  endfacet
  facet normal -1 0 0
    outer loop
      vertex -1.5 80.5886 26.4239
      vertex -1.5 81.5041 38.0563
      vertex -1.5 81.5041 26.6437
    endloop
  endfacet
  facet normal -1 0 0
    outer loop
      vertex -1.5 80.5886 26.4239
      vertex -1.5 80.5886 38.2761
      vertex -1.5 81.5041 38.0563
    endloop
  endfacet
  facet normal -1 0 0
    outer loop
      vertex -1.5 79.65 26.35
      vertex -1.5 80.5886 38.2761
      vertex -1.5 80.5886 26.4239
    endloop
  endfacet
  facet normal -1 0 0
    outer loop
      vertex -1.5 79.65 26.35
      vertex -1.5 79.65 38.35
      vertex -1.5 80.5886 38.2761
    endloop
  endfacet
  facet normal -1 0 0
    outer loop
      vertex -1.5 78.7114 26.4239
      vertex -1.5 79.65 38.35
      vertex -1.5 79.65 26.35
    endloop
  endfacet
  facet normal -1 0 0
    outer loop
      vertex -1.5 78.7114 26.4239
      vertex -1.5 78.7114 38.2761
      vertex -1.5 79.65 38.35
    endloop
  endfacet
  facet normal -1 0 0
    outer loop
      vertex -1.5 77.7959 26.6437
      vertex -1.5 78.7114 38.2761
      vertex -1.5 78.7114 26.4239
    endloop
  endfacet
  facet normal -1 0 0
    outer loop
      vertex -1.5 77.7959 26.6437
      vertex -1.5 77.7959 38.0563
      vertex -1.5 78.7114 38.2761
    endloop
  endfacet
  facet normal -1 0 0
    outer loop
      vertex -1.5 76.9261 27.004
      vertex -1.5 77.7959 38.0563
      vertex -1.5 77.7959 26.6437
    endloop
  endfacet
  facet normal -1 0 0
    outer loop
      vertex -1.5 76.9261 27.004
      vertex -1.5 76.9261 37.696
      vertex -1.5 77.7959 38.0563
    endloop
  endfacet
  facet normal -1 0 0
    outer loop
      vertex -1.5 76.1233 27.4959
      vertex -1.5 76.9261 37.696
      vertex -1.5 76.9261 27.004
    endloop
  endfacet
  facet normal -1 0 0
    outer loop
      vertex -1.5 76.1233 27.4959
      vertex -1.5 76.1233 37.2041
      vertex -1.5 76.9261 37.696
    endloop
  endfacet
  facet normal -1 0 0
    outer loop
      vertex -1.5 75.4074 28.1074
      vertex -1.5 76.1233 37.2041
      vertex -1.5 76.1233 27.4959
    endloop
  endfacet
  facet normal -1 0 0
    outer loop
      vertex -1.5 75.4074 28.1074
      vertex -1.5 75.4074 36.5926
      vertex -1.5 76.1233 37.2041
    endloop
  endfacet
  facet normal -1 0 0
    outer loop
      vertex -1.5 74.7959 28.8233
      vertex -1.5 75.4074 36.5926
      vertex -1.5 75.4074 28.1074
    endloop
  endfacet
  facet normal -1 0 0
    outer loop
      vertex -1.5 74.7959 28.8233
      vertex -1.5 74.7959 35.8767
      vertex -1.5 75.4074 36.5926
    endloop
  endfacet
  facet normal -1 0 0
    outer loop
      vertex -1.5 74.304 29.6261
      vertex -1.5 74.7959 35.8767
      vertex -1.5 74.7959 28.8233
    endloop
  endfacet
  facet normal -1 0 0
    outer loop
      vertex -1.5 74.304 29.6261
      vertex -1.5 74.304 35.0739
      vertex -1.5 74.7959 35.8767
    endloop
  endfacet
  facet normal -1 0 0
    outer loop
      vertex -1.5 73.9437 30.4959
      vertex -1.5 74.304 35.0739
      vertex -1.5 74.304 29.6261
    endloop
  endfacet
  facet normal -1 0 0
    outer loop
      vertex -1.5 73.9437 30.4959
      vertex -1.5 73.9437 34.2041
      vertex -1.5 74.304 35.0739
    endloop
  endfacet
  facet normal -1 0 0
    outer loop
      vertex -1.5 73.7239 31.4114
      vertex -1.5 73.9437 34.2041
      vertex -1.5 73.9437 30.4959
    endloop
  endfacet
  facet normal -1 0 0
    outer loop
      vertex -1.5 73.7239 31.4114
      vertex -1.5 73.7239 33.2886
      vertex -1.5 73.9437 34.2041
    endloop
  endfacet
  facet normal -1 0 -0
    outer loop
      vertex -1.5 73.7239 33.2886
      vertex -1.5 73.7239 31.4114
      vertex -1.5 73.65 32.35
    endloop
  endfacet
  facet normal 0 -0.996915 0.0784914
    outer loop
      vertex -1.5 73.65 32.35
      vertex 3 73.7239 33.2886
      vertex -1.5 73.7239 33.2886
    endloop
  endfacet
  facet normal 0 -0.996915 0.0784914
    outer loop
      vertex 3 73.7239 33.2886
      vertex -1.5 73.65 32.35
      vertex 3 73.65 32.35
    endloop
  endfacet
  facet normal 0 -0.522455 -0.852667
    outer loop
      vertex -1.5 76.1233 27.4959
      vertex 3 76.9261 27.004
      vertex 3 76.1233 27.4959
    endloop
  endfacet
  facet normal -0 -0.522455 -0.852667
    outer loop
      vertex 3 76.9261 27.004
      vertex -1.5 76.1233 27.4959
      vertex -1.5 76.9261 27.004
    endloop
  endfacet
  facet normal 0 -0.972368 0.233453
    outer loop
      vertex -1.5 73.7239 33.2886
      vertex 3 73.9437 34.2041
      vertex -1.5 73.9437 34.2041
    endloop
  endfacet
  facet normal 0 -0.972368 0.233453
    outer loop
      vertex 3 73.9437 34.2041
      vertex -1.5 73.7239 33.2886
      vertex 3 73.7239 33.2886
    endloop
  endfacet
  facet normal 0 -0.760373 0.649487
    outer loop
      vertex -1.5 74.7959 35.8767
      vertex 3 75.4074 36.5926
      vertex -1.5 75.4074 36.5926
    endloop
  endfacet
  facet normal 0 -0.760373 0.649487
    outer loop
      vertex 3 75.4074 36.5926
      vertex -1.5 74.7959 35.8767
      vertex 3 74.7959 35.8767
    endloop
  endfacet
  facet normal 0 -0.0784914 -0.996915
    outer loop
      vertex -1.5 78.7114 26.4239
      vertex 0 79.65 26.35
      vertex 0 78.7114 26.4239
    endloop
  endfacet
  facet normal -0 -0.0784914 -0.996915
    outer loop
      vertex 0 79.65 26.35
      vertex -1.5 78.7114 26.4239
      vertex -1.5 79.65 26.35
    endloop
  endfacet
  facet normal 0 -0.233453 0.972368
    outer loop
      vertex -1.5 78.7114 38.2761
      vertex 3 77.7959 38.0563
      vertex 3 78.7114 38.2761
    endloop
  endfacet
  facet normal 0 -0.233453 0.972368
    outer loop
      vertex 3 77.7959 38.0563
      vertex -1.5 78.7114 38.2761
      vertex -1.5 77.7959 38.0563
    endloop
  endfacet
  facet normal -0 0.921635 0.388057
    outer loop
      vertex 0 85 35.0644
      vertex 3 84.996 35.0739
      vertex 3 85 35.0644
    endloop
  endfacet
  facet normal 0 0.921635 0.388057
    outer loop
      vertex 3 84.996 35.0739
      vertex 0 85 35.0644
      vertex -1.5 84.996 35.0739
    endloop
  endfacet
  facet normal -4.03438e-05 0.923898 0.382639
    outer loop
      vertex 0 85.3563 34.2041
      vertex -1.5 84.996 35.0739
      vertex 0 85 35.0644
    endloop
  endfacet
  facet normal 0 0.923873 0.382699
    outer loop
      vertex -1.5 84.996 35.0739
      vertex 0 85.3563 34.2041
      vertex -1.5 85.3563 34.2041
    endloop
  endfacet
  facet normal 0 -0.923873 -0.382699
    outer loop
      vertex -1.5 74.304 29.6261
      vertex 3 73.9437 30.4959
      vertex -1.5 73.9437 30.4959
    endloop
  endfacet
  facet normal 0 -0.923873 -0.382699
    outer loop
      vertex 3 73.9437 30.4959
      vertex -1.5 74.304 29.6261
      vertex 3 74.304 29.6261
    endloop
  endfacet
  facet normal 0 0.996915 0.0784914
    outer loop
      vertex 0 85.65 32.35
      vertex -1.5 85.5761 33.2886
      vertex 0 85.5761 33.2886
    endloop
  endfacet
  facet normal 0 0.996915 0.0784914
    outer loop
      vertex -1.5 85.5761 33.2886
      vertex 0 85.65 32.35
      vertex -1.5 85.65 32.35
    endloop
  endfacet
  facet normal 0 0.522455 -0.852667
    outer loop
      vertex -1.5 82.3739 27.004
      vertex 3 83.1767 27.4959
      vertex 3 82.3739 27.004
    endloop
  endfacet
  facet normal 0 0.522455 -0.852667
    outer loop
      vertex 3 83.1767 27.4959
      vertex -1.5 82.3739 27.004
      vertex -1.5 83.1767 27.4959
    endloop
  endfacet
  facet normal 0 -0.382684 0.923879
    outer loop
      vertex 0.8 81.5227 28.6746
      vertex 3 80.9247 28.4269
      vertex 3 81.5227 28.6746
    endloop
  endfacet
  facet normal 0 -0.382684 0.923879
    outer loop
      vertex 3 80.9247 28.4269
      vertex 0.8 81.5227 28.6746
      vertex 0.8 80.9247 28.4269
    endloop
  endfacet
  facet normal 0 -0.233437 -0.972372
    outer loop
      vertex 0.8 80.2953 36.4242
      vertex 3 80.9247 36.2731
      vertex 3 80.2953 36.4242
    endloop
  endfacet
  facet normal -0 -0.233437 -0.972372
    outer loop
      vertex 3 80.9247 36.2731
      vertex 0.8 80.2953 36.4242
      vertex 0.8 80.9247 36.2731
    endloop
  endfacet
  facet normal 0 -0.0784803 -0.996916
    outer loop
      vertex 0.8 79.65 36.475
      vertex 3 80.2953 36.4242
      vertex 3 79.65 36.475
    endloop
  endfacet
  facet normal -0 -0.0784803 -0.996916
    outer loop
      vertex 3 80.2953 36.4242
      vertex 0.8 79.65 36.475
      vertex 0.8 80.2953 36.4242
    endloop
  endfacet
  facet normal 0 -0.382684 -0.923879
    outer loop
      vertex 0.8 80.9247 36.2731
      vertex 3 81.5227 36.0254
      vertex 3 80.9247 36.2731
    endloop
  endfacet
  facet normal -0 -0.382684 -0.923879
    outer loop
      vertex 3 81.5227 36.0254
      vertex 0.8 80.9247 36.2731
      vertex 0.8 81.5227 36.0254
    endloop
  endfacet
  facet normal 0 0.852643 -0.522493
    outer loop
      vertex 3 75.9746 34.2227
      vertex 0.8 76.3128 34.7746
      vertex 3 76.3128 34.7746
    endloop
  endfacet
  facet normal 0 0.852643 -0.522493
    outer loop
      vertex 0.8 76.3128 34.7746
      vertex 3 75.9746 34.2227
      vertex 0.8 75.9746 34.2227
    endloop
  endfacet
  facet normal 0 0.233437 -0.972372
    outer loop
      vertex 0.8 78.3753 36.2731
      vertex 3 79.0047 36.4242
      vertex 3 78.3753 36.2731
    endloop
  endfacet
  facet normal 0 0.233437 -0.972372
    outer loop
      vertex 3 79.0047 36.4242
      vertex 0.8 78.3753 36.2731
      vertex 0.8 79.0047 36.4242
    endloop
  endfacet
  facet normal 0 0.923879 -0.382684
    outer loop
      vertex 3 75.7269 33.6247
      vertex 0.8 75.9746 34.2227
      vertex 3 75.9746 34.2227
    endloop
  endfacet
  facet normal 0 0.923879 -0.382684
    outer loop
      vertex 0.8 75.9746 34.2227
      vertex 3 75.7269 33.6247
      vertex 0.8 75.7269 33.6247
    endloop
  endfacet
  facet normal 0 -0.923879 0.382684
    outer loop
      vertex 0.8 83.3254 30.4773
      vertex 3 83.5731 31.0753
      vertex 0.8 83.5731 31.0753
    endloop
  endfacet
  facet normal 0 -0.923879 0.382684
    outer loop
      vertex 3 83.5731 31.0753
      vertex 0.8 83.3254 30.4773
      vertex 3 83.3254 30.4773
    endloop
  endfacet
  facet normal 0 0.923879 0.382684
    outer loop
      vertex 3 75.9746 30.4773
      vertex 0.8 75.7269 31.0753
      vertex 3 75.7269 31.0753
    endloop
  endfacet
  facet normal 0 0.923879 0.382684
    outer loop
      vertex 0.8 75.7269 31.0753
      vertex 3 75.9746 30.4773
      vertex 0.8 75.9746 30.4773
    endloop
  endfacet
  facet normal 0 -0.852643 0.522493
    outer loop
      vertex 0.8 82.9872 29.9254
      vertex 3 83.3254 30.4773
      vertex 0.8 83.3254 30.4773
    endloop
  endfacet
  facet normal 0 -0.852643 0.522493
    outer loop
      vertex 3 83.3254 30.4773
      vertex 0.8 82.9872 29.9254
      vertex 3 82.9872 29.9254
    endloop
  endfacet
  facet normal 0 -0.76039 -0.649467
    outer loop
      vertex 0.8 82.9872 34.7746
      vertex 3 82.5668 35.2668
      vertex 0.8 82.5668 35.2668
    endloop
  endfacet
  facet normal 0 -0.76039 -0.649467
    outer loop
      vertex 3 82.5668 35.2668
      vertex 0.8 82.9872 34.7746
      vertex 3 82.9872 34.7746
    endloop
  endfacet
  facet normal 0 -0.972372 0.233437
    outer loop
      vertex 0.8 83.5731 31.0753
      vertex 3 83.7242 31.7047
      vertex 0.8 83.7242 31.7047
    endloop
  endfacet
  facet normal 0 -0.972372 0.233437
    outer loop
      vertex 3 83.7242 31.7047
      vertex 0.8 83.5731 31.0753
      vertex 3 83.5731 31.0753
    endloop
  endfacet
  facet normal -0 0.382684 0.923879
    outer loop
      vertex 0.8 78.3753 28.4269
      vertex 3 77.7773 28.6746
      vertex 3 78.3753 28.4269
    endloop
  endfacet
  facet normal 0 0.382684 0.923879
    outer loop
      vertex 3 77.7773 28.6746
      vertex 0.8 78.3753 28.4269
      vertex 0.8 77.7773 28.6746
    endloop
  endfacet
  facet normal 0 -0.996916 0.0784803
    outer loop
      vertex 0.8 83.7242 31.7047
      vertex 3 83.775 32.35
      vertex 0.8 83.775 32.35
    endloop
  endfacet
  facet normal 0 -0.996916 0.0784803
    outer loop
      vertex 3 83.775 32.35
      vertex 0.8 83.7242 31.7047
      vertex 3 83.7242 31.7047
    endloop
  endfacet
  facet normal 0 0.972372 0.233437
    outer loop
      vertex 3 75.7269 31.0753
      vertex 0.8 75.5758 31.7047
      vertex 3 75.5758 31.7047
    endloop
  endfacet
  facet normal 0 0.972372 0.233437
    outer loop
      vertex 0.8 75.5758 31.7047
      vertex 3 75.7269 31.0753
      vertex 0.8 75.7269 31.0753
    endloop
  endfacet
  facet normal 0 0.382684 -0.923879
    outer loop
      vertex 0.8 77.7773 36.0254
      vertex 3 78.3753 36.2731
      vertex 3 77.7773 36.0254
    endloop
  endfacet
  facet normal 0 0.382684 -0.923879
    outer loop
      vertex 3 78.3753 36.2731
      vertex 0.8 77.7773 36.0254
      vertex 0.8 78.3753 36.2731
    endloop
  endfacet
  facet normal -0 0.649467 0.76039
    outer loop
      vertex 0.8 77.2254 29.0128
      vertex 3 76.7332 29.4332
      vertex 3 77.2254 29.0128
    endloop
  endfacet
  facet normal 0 0.649467 0.76039
    outer loop
      vertex 3 76.7332 29.4332
      vertex 0.8 77.2254 29.0128
      vertex 0.8 76.7332 29.4332
    endloop
  endfacet
  facet normal 0 -0.76039 0.649467
    outer loop
      vertex 0.8 82.5668 29.4332
      vertex 3 82.9872 29.9254
      vertex 0.8 82.9872 29.9254
    endloop
  endfacet
  facet normal 0 -0.76039 0.649467
    outer loop
      vertex 3 82.9872 29.9254
      vertex 0.8 82.5668 29.4332
      vertex 3 82.5668 29.4332
    endloop
  endfacet
  facet normal 0 0.996916 -0.0784803
    outer loop
      vertex 3 75.525 32.35
      vertex 0.8 75.5758 32.9953
      vertex 3 75.5758 32.9953
    endloop
  endfacet
  facet normal 0 0.996916 -0.0784803
    outer loop
      vertex 0.8 75.5758 32.9953
      vertex 3 75.525 32.35
      vertex 0.8 75.525 32.35
    endloop
  endfacet
  facet normal 0 0.76039 0.649467
    outer loop
      vertex 3 76.7332 29.4332
      vertex 0.8 76.3128 29.9254
      vertex 3 76.3128 29.9254
    endloop
  endfacet
  facet normal 0 0.76039 0.649467
    outer loop
      vertex 0.8 76.3128 29.9254
      vertex 3 76.7332 29.4332
      vertex 0.8 76.7332 29.4332
    endloop
  endfacet
  facet normal 0 0.522493 -0.852643
    outer loop
      vertex 0.8 77.2254 35.6872
      vertex 3 77.7773 36.0254
      vertex 3 77.2254 35.6872
    endloop
  endfacet
  facet normal 0 0.522493 -0.852643
    outer loop
      vertex 3 77.7773 36.0254
      vertex 0.8 77.2254 35.6872
      vertex 0.8 77.7773 36.0254
    endloop
  endfacet
  facet normal 0 -0.522493 -0.852643
    outer loop
      vertex 0.8 81.5227 36.0254
      vertex 3 82.0746 35.6872
      vertex 3 81.5227 36.0254
    endloop
  endfacet
  facet normal -0 -0.522493 -0.852643
    outer loop
      vertex 3 82.0746 35.6872
      vertex 0.8 81.5227 36.0254
      vertex 0.8 82.0746 35.6872
    endloop
  endfacet
  facet normal 0 -0.649467 -0.76039
    outer loop
      vertex 0.8 82.0746 35.6872
      vertex 3 82.5668 35.2668
      vertex 3 82.0746 35.6872
    endloop
  endfacet
  facet normal -0 -0.649467 -0.76039
    outer loop
      vertex 3 82.5668 35.2668
      vertex 0.8 82.0746 35.6872
      vertex 0.8 82.5668 35.2668
    endloop
  endfacet
  facet normal 0 -0.649467 0.76039
    outer loop
      vertex 0.8 82.5668 29.4332
      vertex 3 82.0746 29.0128
      vertex 3 82.5668 29.4332
    endloop
  endfacet
  facet normal 0 -0.649467 0.76039
    outer loop
      vertex 3 82.0746 29.0128
      vertex 0.8 82.5668 29.4332
      vertex 0.8 82.0746 29.0128
    endloop
  endfacet
  facet normal 0 -0.996916 -0.0784803
    outer loop
      vertex 0.8 83.775 32.35
      vertex 3 83.7242 32.9953
      vertex 0.8 83.7242 32.9953
    endloop
  endfacet
  facet normal 0 -0.996916 -0.0784803
    outer loop
      vertex 3 83.7242 32.9953
      vertex 0.8 83.775 32.35
      vertex 3 83.775 32.35
    endloop
  endfacet
  facet normal 0 -0.923879 -0.382684
    outer loop
      vertex 0.8 83.5731 33.6247
      vertex 3 83.3254 34.2227
      vertex 0.8 83.3254 34.2227
    endloop
  endfacet
  facet normal 0 -0.923879 -0.382684
    outer loop
      vertex 3 83.3254 34.2227
      vertex 0.8 83.5731 33.6247
      vertex 3 83.5731 33.6247
    endloop
  endfacet
  facet normal 0 -0.233437 0.972372
    outer loop
      vertex 0.8 80.9247 28.4269
      vertex 3 80.2953 28.2758
      vertex 3 80.9247 28.4269
    endloop
  endfacet
  facet normal 0 -0.233437 0.972372
    outer loop
      vertex 3 80.2953 28.2758
      vertex 0.8 80.9247 28.4269
      vertex 0.8 80.2953 28.2758
    endloop
  endfacet
  facet normal -0 0.233437 0.972372
    outer loop
      vertex 0.8 79.0047 28.2758
      vertex 3 78.3753 28.4269
      vertex 3 79.0047 28.2758
    endloop
  endfacet
  facet normal 0 0.233437 0.972372
    outer loop
      vertex 3 78.3753 28.4269
      vertex 0.8 79.0047 28.2758
      vertex 0.8 78.3753 28.4269
    endloop
  endfacet
  facet normal 0 -0.852643 -0.522493
    outer loop
      vertex 0.8 83.3254 34.2227
      vertex 3 82.9872 34.7746
      vertex 0.8 82.9872 34.7746
    endloop
  endfacet
  facet normal 0 -0.852643 -0.522493
    outer loop
      vertex 3 82.9872 34.7746
      vertex 0.8 83.3254 34.2227
      vertex 3 83.3254 34.2227
    endloop
  endfacet
  facet normal 0 0.972372 -0.233437
    outer loop
      vertex 3 75.5758 32.9953
      vertex 0.8 75.7269 33.6247
      vertex 3 75.7269 33.6247
    endloop
  endfacet
  facet normal 0 0.972372 -0.233437
    outer loop
      vertex 0.8 75.7269 33.6247
      vertex 3 75.5758 32.9953
      vertex 0.8 75.5758 32.9953
    endloop
  endfacet
  facet normal 0 0.0784803 -0.996916
    outer loop
      vertex 0.8 79.0047 36.4242
      vertex 3 79.65 36.475
      vertex 3 79.0047 36.4242
    endloop
  endfacet
  facet normal 0 0.0784803 -0.996916
    outer loop
      vertex 3 79.65 36.475
      vertex 0.8 79.0047 36.4242
      vertex 0.8 79.65 36.475
    endloop
  endfacet
  facet normal 0 0.649467 -0.76039
    outer loop
      vertex 0.8 76.7332 35.2668
      vertex 3 77.2254 35.6872
      vertex 3 76.7332 35.2668
    endloop
  endfacet
  facet normal 0 0.649467 -0.76039
    outer loop
      vertex 3 77.2254 35.6872
      vertex 0.8 76.7332 35.2668
      vertex 0.8 77.2254 35.6872
    endloop
  endfacet
  facet normal -0 0.522493 0.852643
    outer loop
      vertex 0.8 77.7773 28.6746
      vertex 3 77.2254 29.0128
      vertex 3 77.7773 28.6746
    endloop
  endfacet
  facet normal 0 0.522493 0.852643
    outer loop
      vertex 3 77.2254 29.0128
      vertex 0.8 77.7773 28.6746
      vertex 0.8 77.2254 29.0128
    endloop
  endfacet
  facet normal -0 0.0784803 0.996916
    outer loop
      vertex 0.8 79.65 28.225
      vertex 3 79.0047 28.2758
      vertex 3 79.65 28.225
    endloop
  endfacet
  facet normal 0 0.0784803 0.996916
    outer loop
      vertex 3 79.0047 28.2758
      vertex 0.8 79.65 28.225
      vertex 0.8 79.0047 28.2758
    endloop
  endfacet
  facet normal 0 0.996916 0.0784803
    outer loop
      vertex 3 75.5758 31.7047
      vertex 0.8 75.525 32.35
      vertex 3 75.525 32.35
    endloop
  endfacet
  facet normal 0 0.996916 0.0784803
    outer loop
      vertex 0.8 75.525 32.35
      vertex 3 75.5758 31.7047
      vertex 0.8 75.5758 31.7047
    endloop
  endfacet
  facet normal 0 -0.972372 -0.233437
    outer loop
      vertex 0.8 83.7242 32.9953
      vertex 3 83.5731 33.6247
      vertex 0.8 83.5731 33.6247
    endloop
  endfacet
  facet normal 0 -0.972372 -0.233437
    outer loop
      vertex 3 83.5731 33.6247
      vertex 0.8 83.7242 32.9953
      vertex 3 83.7242 32.9953
    endloop
  endfacet
  facet normal 0 0.852643 0.522493
    outer loop
      vertex 3 76.3128 29.9254
      vertex 0.8 75.9746 30.4773
      vertex 3 75.9746 30.4773
    endloop
  endfacet
  facet normal 0 0.852643 0.522493
    outer loop
      vertex 0.8 75.9746 30.4773
      vertex 3 76.3128 29.9254
      vertex 0.8 76.3128 29.9254
    endloop
  endfacet
  facet normal 1 0 0
    outer loop
      vertex 0.8 83.7242 32.9953
      vertex 0.8 83.7242 31.7047
      vertex 0.8 83.775 32.35
    endloop
  endfacet
  facet normal 1 0 0
    outer loop
      vertex 0.8 83.5731 33.6247
      vertex 0.8 83.7242 31.7047
      vertex 0.8 83.7242 32.9953
    endloop
  endfacet
  facet normal 1 0 0
    outer loop
      vertex 0.8 83.5731 33.6247
      vertex 0.8 83.5731 31.0753
      vertex 0.8 83.7242 31.7047
    endloop
  endfacet
  facet normal 1 0 0
    outer loop
      vertex 0.8 83.3254 34.2227
      vertex 0.8 83.5731 31.0753
      vertex 0.8 83.5731 33.6247
    endloop
  endfacet
  facet normal 1 0 0
    outer loop
      vertex 0.8 83.3254 34.2227
      vertex 0.8 83.3254 30.4773
      vertex 0.8 83.5731 31.0753
    endloop
  endfacet
  facet normal 1 0 0
    outer loop
      vertex 0.8 82.9872 34.7746
      vertex 0.8 83.3254 30.4773
      vertex 0.8 83.3254 34.2227
    endloop
  endfacet
  facet normal 1 0 0
    outer loop
      vertex 0.8 82.9872 34.7746
      vertex 0.8 82.9872 29.9254
      vertex 0.8 83.3254 30.4773
    endloop
  endfacet
  facet normal 1 0 0
    outer loop
      vertex 0.8 82.5668 35.2668
      vertex 0.8 82.9872 29.9254
      vertex 0.8 82.9872 34.7746
    endloop
  endfacet
  facet normal 1 0 0
    outer loop
      vertex 0.8 82.5668 35.2668
      vertex 0.8 82.5668 29.4332
      vertex 0.8 82.9872 29.9254
    endloop
  endfacet
  facet normal 1 0 0
    outer loop
      vertex 0.8 82.0746 35.6872
      vertex 0.8 82.5668 29.4332
      vertex 0.8 82.5668 35.2668
    endloop
  endfacet
  facet normal 1 0 0
    outer loop
      vertex 0.8 82.0746 35.6872
      vertex 0.8 82.0746 29.0128
      vertex 0.8 82.5668 29.4332
    endloop
  endfacet
  facet normal 1 0 0
    outer loop
      vertex 0.8 81.5227 36.0254
      vertex 0.8 82.0746 29.0128
      vertex 0.8 82.0746 35.6872
    endloop
  endfacet
  facet normal 1 0 0
    outer loop
      vertex 0.8 81.5227 36.0254
      vertex 0.8 81.5227 28.6746
      vertex 0.8 82.0746 29.0128
    endloop
  endfacet
  facet normal 1 0 0
    outer loop
      vertex 0.8 80.9247 36.2731
      vertex 0.8 81.5227 28.6746
      vertex 0.8 81.5227 36.0254
    endloop
  endfacet
  facet normal 1 0 0
    outer loop
      vertex 0.8 80.9247 36.2731
      vertex 0.8 80.9247 28.4269
      vertex 0.8 81.5227 28.6746
    endloop
  endfacet
  facet normal 1 0 0
    outer loop
      vertex 0.8 80.2953 36.4242
      vertex 0.8 80.9247 28.4269
      vertex 0.8 80.9247 36.2731
    endloop
  endfacet
  facet normal 1 0 0
    outer loop
      vertex 0.8 80.2953 36.4242
      vertex 0.8 80.2953 28.2758
      vertex 0.8 80.9247 28.4269
    endloop
  endfacet
  facet normal 1 0 0
    outer loop
      vertex 0.8 79.65 36.475
      vertex 0.8 80.2953 28.2758
      vertex 0.8 80.2953 36.4242
    endloop
  endfacet
  facet normal 1 0 0
    outer loop
      vertex 0.8 79.65 36.475
      vertex 0.8 79.65 28.225
      vertex 0.8 80.2953 28.2758
    endloop
  endfacet
  facet normal 1 -0 0
    outer loop
      vertex 0.8 79.0047 36.4242
      vertex 0.8 79.65 28.225
      vertex 0.8 79.65 36.475
    endloop
  endfacet
  facet normal 1 0 0
    outer loop
      vertex 0.8 79.0047 36.4242
      vertex 0.8 79.0047 28.2758
      vertex 0.8 79.65 28.225
    endloop
  endfacet
  facet normal 1 -0 0
    outer loop
      vertex 0.8 78.3753 36.2731
      vertex 0.8 79.0047 28.2758
      vertex 0.8 79.0047 36.4242
    endloop
  endfacet
  facet normal 1 0 0
    outer loop
      vertex 0.8 78.3753 36.2731
      vertex 0.8 78.3753 28.4269
      vertex 0.8 79.0047 28.2758
    endloop
  endfacet
  facet normal 1 -0 0
    outer loop
      vertex 0.8 77.7773 36.0254
      vertex 0.8 78.3753 28.4269
      vertex 0.8 78.3753 36.2731
    endloop
  endfacet
  facet normal 1 0 0
    outer loop
      vertex 0.8 77.7773 36.0254
      vertex 0.8 77.7773 28.6746
      vertex 0.8 78.3753 28.4269
    endloop
  endfacet
  facet normal 1 -0 0
    outer loop
      vertex 0.8 77.2254 35.6872
      vertex 0.8 77.7773 28.6746
      vertex 0.8 77.7773 36.0254
    endloop
  endfacet
  facet normal 1 0 0
    outer loop
      vertex 0.8 77.2254 35.6872
      vertex 0.8 77.2254 29.0128
      vertex 0.8 77.7773 28.6746
    endloop
  endfacet
  facet normal 1 -0 0
    outer loop
      vertex 0.8 76.7332 35.2668
      vertex 0.8 77.2254 29.0128
      vertex 0.8 77.2254 35.6872
    endloop
  endfacet
  facet normal 1 0 0
    outer loop
      vertex 0.8 76.7332 35.2668
      vertex 0.8 76.7332 29.4332
      vertex 0.8 77.2254 29.0128
    endloop
  endfacet
  facet normal 1 -0 0
    outer loop
      vertex 0.8 76.3128 34.7746
      vertex 0.8 76.7332 29.4332
      vertex 0.8 76.7332 35.2668
    endloop
  endfacet
  facet normal 1 0 0
    outer loop
      vertex 0.8 76.3128 34.7746
      vertex 0.8 76.3128 29.9254
      vertex 0.8 76.7332 29.4332
    endloop
  endfacet
  facet normal 1 -0 0
    outer loop
      vertex 0.8 75.9746 34.2227
      vertex 0.8 76.3128 29.9254
      vertex 0.8 76.3128 34.7746
    endloop
  endfacet
  facet normal 1 0 0
    outer loop
      vertex 0.8 75.9746 34.2227
      vertex 0.8 75.9746 30.4773
      vertex 0.8 76.3128 29.9254
    endloop
  endfacet
  facet normal 1 -0 0
    outer loop
      vertex 0.8 75.7269 33.6247
      vertex 0.8 75.9746 30.4773
      vertex 0.8 75.9746 34.2227
    endloop
  endfacet
  facet normal 1 0 0
    outer loop
      vertex 0.8 75.7269 33.6247
      vertex 0.8 75.7269 31.0753
      vertex 0.8 75.9746 30.4773
    endloop
  endfacet
  facet normal 1 -0 0
    outer loop
      vertex 0.8 75.5758 32.9953
      vertex 0.8 75.7269 31.0753
      vertex 0.8 75.7269 33.6247
    endloop
  endfacet
  facet normal 1 0 0
    outer loop
      vertex 0.8 75.5758 32.9953
      vertex 0.8 75.5758 31.7047
      vertex 0.8 75.7269 31.0753
    endloop
  endfacet
  facet normal 1 0 -0
    outer loop
      vertex 0.8 75.5758 31.7047
      vertex 0.8 75.5758 32.9953
      vertex 0.8 75.525 32.35
    endloop
  endfacet
  facet normal 0 -0.0784803 0.996916
    outer loop
      vertex 0.8 80.2953 28.2758
      vertex 3 79.65 28.225
      vertex 3 80.2953 28.2758
    endloop
  endfacet
  facet normal 0 -0.0784803 0.996916
    outer loop
      vertex 3 79.65 28.225
      vertex 0.8 80.2953 28.2758
      vertex 0.8 79.65 28.225
    endloop
  endfacet
  facet normal 0 -0.522493 0.852643
    outer loop
      vertex 0.8 82.0746 29.0128
      vertex 3 81.5227 28.6746
      vertex 3 82.0746 29.0128
    endloop
  endfacet
  facet normal 0 -0.522493 0.852643
    outer loop
      vertex 3 81.5227 28.6746
      vertex 0.8 82.0746 29.0128
      vertex 0.8 81.5227 28.6746
    endloop
  endfacet
  facet normal 0 0.76039 -0.649467
    outer loop
      vertex 3 76.3128 34.7746
      vertex 0.8 76.7332 35.2668
      vertex 3 76.7332 35.2668
    endloop
  endfacet
  facet normal 0 0.76039 -0.649467
    outer loop
      vertex 0.8 76.7332 35.2668
      vertex 3 76.3128 34.7746
      vertex 0.8 76.3128 34.7746
    endloop
  endfacet
  facet normal 0 -0.233654 -0.97232
    outer loop
      vertex -1.5 77.7959 156.944
      vertex 3 78.7114 156.724
      vertex 3 77.7959 156.944
    endloop
  endfacet
  facet normal -0 -0.233654 -0.97232
    outer loop
      vertex 3 78.7114 156.724
      vertex -1.5 77.7959 156.944
      vertex -1.5 78.7114 156.724
    endloop
  endfacet
  facet normal -0 0.233654 0.97232
    outer loop
      vertex -1.5 81.5041 168.356
      vertex 0 80.5886 168.576
      vertex 0 81.5041 168.356
    endloop
  endfacet
  facet normal 0 0.233654 0.97232
    outer loop
      vertex 0 80.5886 168.576
      vertex -1.5 81.5041 168.356
      vertex -1.5 80.5886 168.576
    endloop
  endfacet
  facet normal -0 0.0785969 0.996906
    outer loop
      vertex -1.5 80.5886 168.576
      vertex 0 79.65 168.65
      vertex 0 80.5886 168.576
    endloop
  endfacet
  facet normal 0 0.0785969 0.996906
    outer loop
      vertex 0 79.65 168.65
      vertex -1.5 80.5886 168.576
      vertex -1.5 79.65 168.65
    endloop
  endfacet
  facet normal 0 0.388057 0.921635
    outer loop
      vertex 3 82.3739 167.996
      vertex 0 82.3644 168
      vertex 3 82.3644 168
    endloop
  endfacet
  facet normal -0 0.388057 0.921635
    outer loop
      vertex -1.5 82.3739 167.996
      vertex 0 82.3644 168
      vertex 3 82.3739 167.996
    endloop
  endfacet
  facet normal -4.23895e-05 0.382364 0.924012
    outer loop
      vertex -1.5 82.3739 167.996
      vertex 0 81.5041 168.356
      vertex 0 82.3644 168
    endloop
  endfacet
  facet normal 0 0.382427 0.923986
    outer loop
      vertex 0 81.5041 168.356
      vertex -1.5 82.3739 167.996
      vertex -1.5 81.5041 168.356
    endloop
  endfacet
  facet normal 0 -0.923904 0.382624
    outer loop
      vertex -1.5 73.9437 164.504
      vertex 3 74.304 165.374
      vertex -1.5 74.304 165.374
    endloop
  endfacet
  facet normal 0 -0.923904 0.382624
    outer loop
      vertex 3 74.304 165.374
      vertex -1.5 73.9437 164.504
      vertex 3 73.9437 164.504
    endloop
  endfacet
  facet normal 0 -0.522532 0.85262
    outer loop
      vertex -1.5 76.9261 167.996
      vertex 3 76.1233 167.504
      vertex 3 76.9261 167.996
    endloop
  endfacet
  facet normal 0 -0.522532 0.85262
    outer loop
      vertex 3 76.1233 167.504
      vertex -1.5 76.9261 167.996
      vertex -1.5 76.1233 167.504
    endloop
  endfacet
  facet normal 0 0.760417 -0.649435
    outer loop
      vertex 3 83.8926 158.407
      vertex -1.5 84.5041 159.123
      vertex 3 84.5041 159.123
    endloop
  endfacet
  facet normal 0 0.760417 -0.649435
    outer loop
      vertex -1.5 84.5041 159.123
      vertex 3 83.8926 158.407
      vertex -1.5 83.8926 158.407
    endloop
  endfacet
  facet normal 0 0.928477 -0.371391
    outer loop
      vertex 3 85 159.936
      vertex 3 84.996 159.926
      vertex 0 85 159.936
    endloop
  endfacet
  facet normal 0 0.923851 -0.382753
    outer loop
      vertex 0 85 159.936
      vertex -1.5 85.3563 160.796
      vertex 0 85.3563 160.796
    endloop
  endfacet
  facet normal 8.70806e-05 0.923904 -0.382624
    outer loop
      vertex 0 85 159.936
      vertex -1.5 84.996 159.926
      vertex -1.5 85.3563 160.796
    endloop
  endfacet
  facet normal 0 0.928477 -0.371391
    outer loop
      vertex -1.5 84.996 159.926
      vertex 0 85 159.936
      vertex 3 84.996 159.926
    endloop
  endfacet
  facet normal 0 -0.64918 0.760635
    outer loop
      vertex -1.5 76.1233 167.504
      vertex 3 75.4074 166.893
      vertex 3 76.1233 167.504
    endloop
  endfacet
  facet normal 0 -0.64918 0.760635
    outer loop
      vertex 3 75.4074 166.893
      vertex -1.5 76.1233 167.504
      vertex -1.5 75.4074 166.893
    endloop
  endfacet
  facet normal 0 -0.0785969 0.996906
    outer loop
      vertex -1.5 79.65 168.65
      vertex 0 78.7114 168.576
      vertex 0 79.65 168.65
    endloop
  endfacet
  facet normal 0 -0.0785969 0.996906
    outer loop
      vertex 0 78.7114 168.576
      vertex -1.5 79.65 168.65
      vertex -1.5 78.7114 168.576
    endloop
  endfacet
  facet normal 0 -0.382364 0.924012
    outer loop
      vertex 0 77.7959 168.356
      vertex -1.5 77.7959 168.356
      vertex 0 76.9356 168
    endloop
  endfacet
  facet normal 0 -0.388057 0.921635
    outer loop
      vertex 0 76.9356 168
      vertex 3 76.9261 167.996
      vertex 3 76.9356 168
    endloop
  endfacet
  facet normal 0 -0.388057 0.921635
    outer loop
      vertex 0 76.9356 168
      vertex -1.5 76.9261 167.996
      vertex 3 76.9261 167.996
    endloop
  endfacet
  facet normal -4.19253e-05 -0.382427 0.923986
    outer loop
      vertex -1.5 76.9261 167.996
      vertex 0 76.9356 168
      vertex -1.5 77.7959 168.356
    endloop
  endfacet
  facet normal 0 -0.382427 -0.923986
    outer loop
      vertex -1.5 76.9261 157.304
      vertex 3 77.7959 156.944
      vertex 3 76.9261 157.304
    endloop
  endfacet
  facet normal -0 -0.382427 -0.923986
    outer loop
      vertex 3 77.7959 156.944
      vertex -1.5 76.9261 157.304
      vertex -1.5 77.7959 156.944
    endloop
  endfacet
  facet normal 0 0.0785969 -0.996906
    outer loop
      vertex -1.5 79.65 156.65
      vertex 3 80.5886 156.724
      vertex 3 79.65 156.65
    endloop
  endfacet
  facet normal 0 0.0785969 -0.996906
    outer loop
      vertex 3 80.5886 156.724
      vertex -1.5 79.65 156.65
      vertex -1.5 80.5886 156.724
    endloop
  endfacet
  facet normal 0 0.233654 -0.97232
    outer loop
      vertex -1.5 80.5886 156.724
      vertex 3 81.5041 156.944
      vertex 3 80.5886 156.724
    endloop
  endfacet
  facet normal 0 0.233654 -0.97232
    outer loop
      vertex 3 81.5041 156.944
      vertex -1.5 80.5886 156.724
      vertex -1.5 81.5041 156.944
    endloop
  endfacet
  facet normal 0 0.972339 0.233574
    outer loop
      vertex 0 85.5761 163.589
      vertex -1.5 85.3563 164.504
      vertex 0 85.3563 164.504
    endloop
  endfacet
  facet normal 0 0.972339 0.233574
    outer loop
      vertex -1.5 85.3563 164.504
      vertex 0 85.5761 163.589
      vertex -1.5 85.5761 163.589
    endloop
  endfacet
  facet normal 0 0.996917 -0.0784581
    outer loop
      vertex 0 85.5761 161.711
      vertex -1.5 85.65 162.65
      vertex 0 85.65 162.65
    endloop
  endfacet
  facet normal 0 0.996917 -0.0784581
    outer loop
      vertex -1.5 85.65 162.65
      vertex 0 85.5761 161.711
      vertex -1.5 85.5761 161.711
    endloop
  endfacet
  facet normal 0 -0.64918 -0.760635
    outer loop
      vertex -1.5 75.4074 158.407
      vertex 3 76.1233 157.796
      vertex 3 75.4074 158.407
    endloop
  endfacet
  facet normal -0 -0.64918 -0.760635
    outer loop
      vertex 3 76.1233 157.796
      vertex -1.5 75.4074 158.407
      vertex -1.5 76.1233 157.796
    endloop
  endfacet
  facet normal 0 -0.972339 -0.233574
    outer loop
      vertex -1.5 73.9437 160.796
      vertex 3 73.7239 161.711
      vertex -1.5 73.7239 161.711
    endloop
  endfacet
  facet normal 0 -0.972339 -0.233574
    outer loop
      vertex 3 73.7239 161.711
      vertex -1.5 73.9437 160.796
      vertex 3 73.9437 160.796
    endloop
  endfacet
  facet normal 0 -0.760417 -0.649435
    outer loop
      vertex -1.5 75.4074 158.407
      vertex 3 74.7959 159.123
      vertex -1.5 74.7959 159.123
    endloop
  endfacet
  facet normal 0 -0.760417 -0.649435
    outer loop
      vertex 3 74.7959 159.123
      vertex -1.5 75.4074 158.407
      vertex 3 75.4074 158.407
    endloop
  endfacet
  facet normal -0 0.522532 0.85262
    outer loop
      vertex -1.5 83.1767 167.504
      vertex 3 82.3739 167.996
      vertex 3 83.1767 167.504
    endloop
  endfacet
  facet normal 0 0.522532 0.85262
    outer loop
      vertex 3 82.3739 167.996
      vertex -1.5 83.1767 167.504
      vertex -1.5 82.3739 167.996
    endloop
  endfacet
  facet normal 0 0.382427 -0.923986
    outer loop
      vertex -1.5 81.5041 156.944
      vertex 3 82.3739 157.304
      vertex 3 81.5041 156.944
    endloop
  endfacet
  facet normal 0 0.382427 -0.923986
    outer loop
      vertex 3 82.3739 157.304
      vertex -1.5 81.5041 156.944
      vertex -1.5 82.3739 157.304
    endloop
  endfacet
  facet normal 0 0.852725 -0.52236
    outer loop
      vertex 3 84.5041 159.123
      vertex -1.5 84.996 159.926
      vertex 3 84.996 159.926
    endloop
  endfacet
  facet normal 0 0.852725 -0.52236
    outer loop
      vertex -1.5 84.996 159.926
      vertex 3 84.5041 159.123
      vertex -1.5 84.5041 159.123
    endloop
  endfacet
  facet normal 0 -0.996917 -0.0784581
    outer loop
      vertex -1.5 73.7239 161.711
      vertex 3 73.65 162.65
      vertex -1.5 73.65 162.65
    endloop
  endfacet
  facet normal 0 -0.996917 -0.0784581
    outer loop
      vertex 3 73.65 162.65
      vertex -1.5 73.7239 161.711
      vertex 3 73.7239 161.711
    endloop
  endfacet
  facet normal 0 0.852725 0.52236
    outer loop
      vertex 3 84.996 165.374
      vertex -1.5 84.5041 166.177
      vertex 3 84.5041 166.177
    endloop
  endfacet
  facet normal 0 0.852725 0.52236
    outer loop
      vertex -1.5 84.5041 166.177
      vertex 3 84.996 165.374
      vertex -1.5 84.996 165.374
    endloop
  endfacet
  facet normal 0 -0.852725 0.52236
    outer loop
      vertex -1.5 74.304 165.374
      vertex 3 74.7959 166.177
      vertex -1.5 74.7959 166.177
    endloop
  endfacet
  facet normal 0 -0.852725 0.52236
    outer loop
      vertex 3 74.7959 166.177
      vertex -1.5 74.304 165.374
      vertex 3 74.304 165.374
    endloop
  endfacet
  facet normal 0 0.64918 -0.760635
    outer loop
      vertex -1.5 83.1767 157.796
      vertex 3 83.8926 158.407
      vertex 3 83.1767 157.796
    endloop
  endfacet
  facet normal 0 0.64918 -0.760635
    outer loop
      vertex 3 83.8926 158.407
      vertex -1.5 83.1767 157.796
      vertex -1.5 83.8926 158.407
    endloop
  endfacet
  facet normal 0 0.972339 -0.233574
    outer loop
      vertex 0 85.3563 160.796
      vertex -1.5 85.5761 161.711
      vertex 0 85.5761 161.711
    endloop
  endfacet
  facet normal 0 0.972339 -0.233574
    outer loop
      vertex -1.5 85.5761 161.711
      vertex 0 85.3563 160.796
      vertex -1.5 85.3563 160.796
    endloop
  endfacet
  facet normal 0 -0.852725 -0.52236
    outer loop
      vertex -1.5 74.7959 159.123
      vertex 3 74.304 159.926
      vertex -1.5 74.304 159.926
    endloop
  endfacet
  facet normal 0 -0.852725 -0.52236
    outer loop
      vertex 3 74.304 159.926
      vertex -1.5 74.7959 159.123
      vertex 3 74.7959 159.123
    endloop
  endfacet
  facet normal -0 0.64918 0.760635
    outer loop
      vertex -1.5 83.8926 166.893
      vertex 3 83.1767 167.504
      vertex 3 83.8926 166.893
    endloop
  endfacet
  facet normal 0 0.64918 0.760635
    outer loop
      vertex 3 83.1767 167.504
      vertex -1.5 83.8926 166.893
      vertex -1.5 83.1767 167.504
    endloop
  endfacet
  facet normal 0 0.760417 0.649435
    outer loop
      vertex 3 84.5041 166.177
      vertex -1.5 83.8926 166.893
      vertex 3 83.8926 166.893
    endloop
  endfacet
  facet normal 0 0.760417 0.649435
    outer loop
      vertex -1.5 83.8926 166.893
      vertex 3 84.5041 166.177
      vertex -1.5 84.5041 166.177
    endloop
  endfacet
  facet normal -1 0 0
    outer loop
      vertex -1.5 85.5761 161.711
      vertex -1.5 85.5761 163.589
      vertex -1.5 85.65 162.65
    endloop
  endfacet
  facet normal -1 0 0
    outer loop
      vertex -1.5 85.3563 160.796
      vertex -1.5 85.5761 163.589
      vertex -1.5 85.5761 161.711
    endloop
  endfacet
  facet normal -1 0 0
    outer loop
      vertex -1.5 85.3563 160.796
      vertex -1.5 85.3563 164.504
      vertex -1.5 85.5761 163.589
    endloop
  endfacet
  facet normal -1 0 0
    outer loop
      vertex -1.5 84.996 159.926
      vertex -1.5 85.3563 164.504
      vertex -1.5 85.3563 160.796
    endloop
  endfacet
  facet normal -1 0 0
    outer loop
      vertex -1.5 84.996 159.926
      vertex -1.5 84.996 165.374
      vertex -1.5 85.3563 164.504
    endloop
  endfacet
  facet normal -1 0 0
    outer loop
      vertex -1.5 84.5041 159.123
      vertex -1.5 84.996 165.374
      vertex -1.5 84.996 159.926
    endloop
  endfacet
  facet normal -1 0 0
    outer loop
      vertex -1.5 84.5041 159.123
      vertex -1.5 84.5041 166.177
      vertex -1.5 84.996 165.374
    endloop
  endfacet
  facet normal -1 0 0
    outer loop
      vertex -1.5 83.8926 158.407
      vertex -1.5 84.5041 166.177
      vertex -1.5 84.5041 159.123
    endloop
  endfacet
  facet normal -1 0 0
    outer loop
      vertex -1.5 83.8926 158.407
      vertex -1.5 83.8926 166.893
      vertex -1.5 84.5041 166.177
    endloop
  endfacet
  facet normal -1 0 0
    outer loop
      vertex -1.5 83.1767 157.796
      vertex -1.5 83.8926 166.893
      vertex -1.5 83.8926 158.407
    endloop
  endfacet
  facet normal -1 0 0
    outer loop
      vertex -1.5 83.1767 157.796
      vertex -1.5 83.1767 167.504
      vertex -1.5 83.8926 166.893
    endloop
  endfacet
  facet normal -1 0 0
    outer loop
      vertex -1.5 82.3739 157.304
      vertex -1.5 83.1767 167.504
      vertex -1.5 83.1767 157.796
    endloop
  endfacet
  facet normal -1 0 0
    outer loop
      vertex -1.5 82.3739 157.304
      vertex -1.5 82.3739 167.996
      vertex -1.5 83.1767 167.504
    endloop
  endfacet
  facet normal -1 0 0
    outer loop
      vertex -1.5 81.5041 156.944
      vertex -1.5 82.3739 167.996
      vertex -1.5 82.3739 157.304
    endloop
  endfacet
  facet normal -1 0 0
    outer loop
      vertex -1.5 81.5041 156.944
      vertex -1.5 81.5041 168.356
      vertex -1.5 82.3739 167.996
    endloop
  endfacet
  facet normal -1 0 0
    outer loop
      vertex -1.5 80.5886 156.724
      vertex -1.5 81.5041 168.356
      vertex -1.5 81.5041 156.944
    endloop
  endfacet
  facet normal -1 0 0
    outer loop
      vertex -1.5 80.5886 156.724
      vertex -1.5 80.5886 168.576
      vertex -1.5 81.5041 168.356
    endloop
  endfacet
  facet normal -1 0 0
    outer loop
      vertex -1.5 79.65 156.65
      vertex -1.5 80.5886 168.576
      vertex -1.5 80.5886 156.724
    endloop
  endfacet
  facet normal -1 0 0
    outer loop
      vertex -1.5 79.65 156.65
      vertex -1.5 79.65 168.65
      vertex -1.5 80.5886 168.576
    endloop
  endfacet
  facet normal -1 0 0
    outer loop
      vertex -1.5 78.7114 156.724
      vertex -1.5 79.65 168.65
      vertex -1.5 79.65 156.65
    endloop
  endfacet
  facet normal -1 0 0
    outer loop
      vertex -1.5 78.7114 156.724
      vertex -1.5 78.7114 168.576
      vertex -1.5 79.65 168.65
    endloop
  endfacet
  facet normal -1 0 0
    outer loop
      vertex -1.5 77.7959 156.944
      vertex -1.5 78.7114 168.576
      vertex -1.5 78.7114 156.724
    endloop
  endfacet
  facet normal -1 0 0
    outer loop
      vertex -1.5 77.7959 156.944
      vertex -1.5 77.7959 168.356
      vertex -1.5 78.7114 168.576
    endloop
  endfacet
  facet normal -1 0 0
    outer loop
      vertex -1.5 76.9261 157.304
      vertex -1.5 77.7959 168.356
      vertex -1.5 77.7959 156.944
    endloop
  endfacet
  facet normal -1 0 0
    outer loop
      vertex -1.5 76.9261 157.304
      vertex -1.5 76.9261 167.996
      vertex -1.5 77.7959 168.356
    endloop
  endfacet
  facet normal -1 0 0
    outer loop
      vertex -1.5 76.1233 157.796
      vertex -1.5 76.9261 167.996
      vertex -1.5 76.9261 157.304
    endloop
  endfacet
  facet normal -1 0 0
    outer loop
      vertex -1.5 76.1233 157.796
      vertex -1.5 76.1233 167.504
      vertex -1.5 76.9261 167.996
    endloop
  endfacet
  facet normal -1 0 0
    outer loop
      vertex -1.5 75.4074 158.407
      vertex -1.5 76.1233 167.504
      vertex -1.5 76.1233 157.796
    endloop
  endfacet
  facet normal -1 0 0
    outer loop
      vertex -1.5 75.4074 158.407
      vertex -1.5 75.4074 166.893
      vertex -1.5 76.1233 167.504
    endloop
  endfacet
  facet normal -1 0 0
    outer loop
      vertex -1.5 74.7959 159.123
      vertex -1.5 75.4074 166.893
      vertex -1.5 75.4074 158.407
    endloop
  endfacet
  facet normal -1 0 0
    outer loop
      vertex -1.5 74.7959 159.123
      vertex -1.5 74.7959 166.177
      vertex -1.5 75.4074 166.893
    endloop
  endfacet
  facet normal -1 0 0
    outer loop
      vertex -1.5 74.304 159.926
      vertex -1.5 74.7959 166.177
      vertex -1.5 74.7959 159.123
    endloop
  endfacet
  facet normal -1 0 0
    outer loop
      vertex -1.5 74.304 159.926
      vertex -1.5 74.304 165.374
      vertex -1.5 74.7959 166.177
    endloop
  endfacet
  facet normal -1 0 0
    outer loop
      vertex -1.5 73.9437 160.796
      vertex -1.5 74.304 165.374
      vertex -1.5 74.304 159.926
    endloop
  endfacet
  facet normal -1 0 0
    outer loop
      vertex -1.5 73.9437 160.796
      vertex -1.5 73.9437 164.504
      vertex -1.5 74.304 165.374
    endloop
  endfacet
  facet normal -1 0 0
    outer loop
      vertex -1.5 73.7239 161.711
      vertex -1.5 73.9437 164.504
      vertex -1.5 73.9437 160.796
    endloop
  endfacet
  facet normal -1 0 0
    outer loop
      vertex -1.5 73.7239 161.711
      vertex -1.5 73.7239 163.589
      vertex -1.5 73.9437 164.504
    endloop
  endfacet
  facet normal -1 0 -0
    outer loop
      vertex -1.5 73.7239 163.589
      vertex -1.5 73.7239 161.711
      vertex -1.5 73.65 162.65
    endloop
  endfacet
  facet normal 0 -0.996917 0.0784581
    outer loop
      vertex -1.5 73.65 162.65
      vertex 3 73.7239 163.589
      vertex -1.5 73.7239 163.589
    endloop
  endfacet
  facet normal 0 -0.996917 0.0784581
    outer loop
      vertex 3 73.7239 163.589
      vertex -1.5 73.65 162.65
      vertex 3 73.65 162.65
    endloop
  endfacet
  facet normal 0 -0.522532 -0.85262
    outer loop
      vertex -1.5 76.1233 157.796
      vertex 3 76.9261 157.304
      vertex 3 76.1233 157.796
    endloop
  endfacet
  facet normal -0 -0.522532 -0.85262
    outer loop
      vertex 3 76.9261 157.304
      vertex -1.5 76.1233 157.796
      vertex -1.5 76.9261 157.304
    endloop
  endfacet
  facet normal 0 -0.972339 0.233574
    outer loop
      vertex -1.5 73.7239 163.589
      vertex 3 73.9437 164.504
      vertex -1.5 73.9437 164.504
    endloop
  endfacet
  facet normal 0 -0.972339 0.233574
    outer loop
      vertex 3 73.9437 164.504
      vertex -1.5 73.7239 163.589
      vertex 3 73.7239 163.589
    endloop
  endfacet
  facet normal 0 -0.760417 0.649435
    outer loop
      vertex -1.5 74.7959 166.177
      vertex 3 75.4074 166.893
      vertex -1.5 75.4074 166.893
    endloop
  endfacet
  facet normal 0 -0.760417 0.649435
    outer loop
      vertex 3 75.4074 166.893
      vertex -1.5 74.7959 166.177
      vertex 3 74.7959 166.177
    endloop
  endfacet
  facet normal 0 -0.0785969 -0.996906
    outer loop
      vertex -1.5 78.7114 156.724
      vertex 3 79.65 156.65
      vertex 3 78.7114 156.724
    endloop
  endfacet
  facet normal -0 -0.0785969 -0.996906
    outer loop
      vertex 3 79.65 156.65
      vertex -1.5 78.7114 156.724
      vertex -1.5 79.65 156.65
    endloop
  endfacet
  facet normal 0 -0.233654 0.97232
    outer loop
      vertex -1.5 78.7114 168.576
      vertex 0 77.7959 168.356
      vertex 0 78.7114 168.576
    endloop
  endfacet
  facet normal 0 -0.233654 0.97232
    outer loop
      vertex 0 77.7959 168.356
      vertex -1.5 78.7114 168.576
      vertex -1.5 77.7959 168.356
    endloop
  endfacet
  facet normal -0 0.928477 0.371391
    outer loop
      vertex 0 85 165.364
      vertex 3 84.996 165.374
      vertex 3 85 165.364
    endloop
  endfacet
  facet normal 0 0.928477 0.371391
    outer loop
      vertex 3 84.996 165.374
      vertex 0 85 165.364
      vertex -1.5 84.996 165.374
    endloop
  endfacet
  facet normal 8.80881e-05 0.923851 0.382753
    outer loop
      vertex 0 85.3563 164.504
      vertex -1.5 84.996 165.374
      vertex 0 85 165.364
    endloop
  endfacet
  facet normal 0 0.923904 0.382624
    outer loop
      vertex -1.5 84.996 165.374
      vertex 0 85.3563 164.504
      vertex -1.5 85.3563 164.504
    endloop
  endfacet
  facet normal 0 -0.923904 -0.382624
    outer loop
      vertex -1.5 74.304 159.926
      vertex 3 73.9437 160.796
      vertex -1.5 73.9437 160.796
    endloop
  endfacet
  facet normal 0 -0.923904 -0.382624
    outer loop
      vertex 3 73.9437 160.796
      vertex -1.5 74.304 159.926
      vertex 3 74.304 159.926
    endloop
  endfacet
  facet normal 0 0.996917 0.0784581
    outer loop
      vertex 0 85.65 162.65
      vertex -1.5 85.5761 163.589
      vertex 0 85.5761 163.589
    endloop
  endfacet
  facet normal 0 0.996917 0.0784581
    outer loop
      vertex -1.5 85.5761 163.589
      vertex 0 85.65 162.65
      vertex -1.5 85.65 162.65
    endloop
  endfacet
  facet normal 0 0.522532 -0.85262
    outer loop
      vertex -1.5 82.3739 157.304
      vertex 3 83.1767 157.796
      vertex 3 82.3739 157.304
    endloop
  endfacet
  facet normal 0 0.522532 -0.85262
    outer loop
      vertex 3 83.1767 157.796
      vertex -1.5 82.3739 157.304
      vertex -1.5 83.1767 157.796
    endloop
  endfacet
  facet normal 0 -0.383079 0.923715
    outer loop
      vertex 0.8 81.5227 158.975
      vertex 3 80.9247 158.727
      vertex 3 81.5227 158.975
    endloop
  endfacet
  facet normal 0 -0.383079 0.923715
    outer loop
      vertex 3 80.9247 158.727
      vertex 0.8 81.5227 158.975
      vertex 0.8 80.9247 158.727
    endloop
  endfacet
  facet normal 0 -0.233291 -0.972407
    outer loop
      vertex 0.8 80.2953 166.724
      vertex 3 80.9247 166.573
      vertex 3 80.2953 166.724
    endloop
  endfacet
  facet normal -0 -0.233291 -0.972407
    outer loop
      vertex 3 80.9247 166.573
      vertex 0.8 80.2953 166.724
      vertex 0.8 80.9247 166.573
    endloop
  endfacet
  facet normal 0 -0.0787873 -0.996891
    outer loop
      vertex 0.8 79.65 166.775
      vertex 3 80.2953 166.724
      vertex 3 79.65 166.775
    endloop
  endfacet
  facet normal -0 -0.0787873 -0.996891
    outer loop
      vertex 3 80.2953 166.724
      vertex 0.8 79.65 166.775
      vertex 0.8 80.2953 166.724
    endloop
  endfacet
  facet normal 0 -0.383079 -0.923715
    outer loop
      vertex 0.8 80.9247 166.573
      vertex 3 81.5227 166.325
      vertex 3 80.9247 166.573
    endloop
  endfacet
  facet normal -0 -0.383079 -0.923715
    outer loop
      vertex 3 81.5227 166.325
      vertex 0.8 80.9247 166.573
      vertex 0.8 81.5227 166.325
    endloop
  endfacet
  facet normal 0 0.852686 -0.522424
    outer loop
      vertex 3 75.9746 164.523
      vertex 0.8 76.3128 165.075
      vertex 3 76.3128 165.075
    endloop
  endfacet
  facet normal 0 0.852686 -0.522424
    outer loop
      vertex 0.8 76.3128 165.075
      vertex 3 75.9746 164.523
      vertex 0.8 75.9746 164.523
    endloop
  endfacet
  facet normal 0 0.233291 -0.972407
    outer loop
      vertex 0.8 78.3753 166.573
      vertex 3 79.0047 166.724
      vertex 3 78.3753 166.573
    endloop
  endfacet
  facet normal 0 0.233291 -0.972407
    outer loop
      vertex 3 79.0047 166.724
      vertex 0.8 78.3753 166.573
      vertex 0.8 79.0047 166.724
    endloop
  endfacet
  facet normal 0 0.923879 -0.382684
    outer loop
      vertex 3 75.7269 163.925
      vertex 0.8 75.9746 164.523
      vertex 3 75.9746 164.523
    endloop
  endfacet
  facet normal 0 0.923879 -0.382684
    outer loop
      vertex 0.8 75.9746 164.523
      vertex 3 75.7269 163.925
      vertex 0.8 75.7269 163.925
    endloop
  endfacet
  facet normal 0 -0.923879 0.382684
    outer loop
      vertex 0.8 83.3254 160.777
      vertex 3 83.5731 161.375
      vertex 0.8 83.5731 161.375
    endloop
  endfacet
  facet normal 0 -0.923879 0.382684
    outer loop
      vertex 3 83.5731 161.375
      vertex 0.8 83.3254 160.777
      vertex 3 83.3254 160.777
    endloop
  endfacet
  facet normal 0 0.923879 0.382684
    outer loop
      vertex 3 75.9746 160.777
      vertex 0.8 75.7269 161.375
      vertex 3 75.7269 161.375
    endloop
  endfacet
  facet normal 0 0.923879 0.382684
    outer loop
      vertex 0.8 75.7269 161.375
      vertex 3 75.9746 160.777
      vertex 0.8 75.9746 160.777
    endloop
  endfacet
  facet normal 0 -0.852686 0.522424
    outer loop
      vertex 0.8 82.9872 160.225
      vertex 3 83.3254 160.777
      vertex 0.8 83.3254 160.777
    endloop
  endfacet
  facet normal 0 -0.852686 0.522424
    outer loop
      vertex 3 83.3254 160.777
      vertex 0.8 82.9872 160.225
      vertex 3 82.9872 160.225
    endloop
  endfacet
  facet normal 0 -0.760259 -0.64962
    outer loop
      vertex 0.8 82.9872 165.075
      vertex 3 82.5668 165.567
      vertex 0.8 82.5668 165.567
    endloop
  endfacet
  facet normal 0 -0.760259 -0.64962
    outer loop
      vertex 3 82.5668 165.567
      vertex 0.8 82.9872 165.075
      vertex 3 82.9872 165.075
    endloop
  endfacet
  facet normal 0 -0.972422 0.233227
    outer loop
      vertex 0.8 83.5731 161.375
      vertex 3 83.7242 162.005
      vertex 0.8 83.7242 162.005
    endloop
  endfacet
  facet normal 0 -0.972422 0.233227
    outer loop
      vertex 3 83.7242 162.005
      vertex 0.8 83.5731 161.375
      vertex 3 83.5731 161.375
    endloop
  endfacet
  facet normal -0 0.383079 0.923715
    outer loop
      vertex 0.8 78.3753 158.727
      vertex 3 77.7773 158.975
      vertex 3 78.3753 158.727
    endloop
  endfacet
  facet normal 0 0.383079 0.923715
    outer loop
      vertex 3 77.7773 158.975
      vertex 0.8 78.3753 158.727
      vertex 0.8 77.7773 158.975
    endloop
  endfacet
  facet normal 0 -0.996913 0.0785165
    outer loop
      vertex 0.8 83.7242 162.005
      vertex 3 83.775 162.65
      vertex 0.8 83.775 162.65
    endloop
  endfacet
  facet normal 0 -0.996913 0.0785165
    outer loop
      vertex 3 83.775 162.65
      vertex 0.8 83.7242 162.005
      vertex 3 83.7242 162.005
    endloop
  endfacet
  facet normal 0 0.972422 0.233227
    outer loop
      vertex 3 75.7269 161.375
      vertex 0.8 75.5758 162.005
      vertex 3 75.5758 162.005
    endloop
  endfacet
  facet normal 0 0.972422 0.233227
    outer loop
      vertex 0.8 75.5758 162.005
      vertex 3 75.7269 161.375
      vertex 0.8 75.7269 161.375
    endloop
  endfacet
  facet normal 0 0.383079 -0.923715
    outer loop
      vertex 0.8 77.7773 166.325
      vertex 3 78.3753 166.573
      vertex 3 77.7773 166.325
    endloop
  endfacet
  facet normal 0 0.383079 -0.923715
    outer loop
      vertex 3 78.3753 166.573
      vertex 0.8 77.7773 166.325
      vertex 0.8 78.3753 166.573
    endloop
  endfacet
  facet normal -0 0.64911 0.760695
    outer loop
      vertex 0.8 77.2254 159.313
      vertex 3 76.7332 159.733
      vertex 3 77.2254 159.313
    endloop
  endfacet
  facet normal 0 0.64911 0.760695
    outer loop
      vertex 3 76.7332 159.733
      vertex 0.8 77.2254 159.313
      vertex 0.8 76.7332 159.733
    endloop
  endfacet
  facet normal 0 -0.760259 0.64962
    outer loop
      vertex 0.8 82.5668 159.733
      vertex 3 82.9872 160.225
      vertex 0.8 82.9872 160.225
    endloop
  endfacet
  facet normal 0 -0.760259 0.64962
    outer loop
      vertex 3 82.9872 160.225
      vertex 0.8 82.5668 159.733
      vertex 3 82.5668 159.733
    endloop
  endfacet
  facet normal 0 0.996913 -0.0785165
    outer loop
      vertex 3 75.525 162.65
      vertex 0.8 75.5758 163.295
      vertex 3 75.5758 163.295
    endloop
  endfacet
  facet normal 0 0.996913 -0.0785165
    outer loop
      vertex 0.8 75.5758 163.295
      vertex 3 75.525 162.65
      vertex 0.8 75.525 162.65
    endloop
  endfacet
  facet normal 0 0.760259 0.64962
    outer loop
      vertex 3 76.7332 159.733
      vertex 0.8 76.3128 160.225
      vertex 3 76.3128 160.225
    endloop
  endfacet
  facet normal 0 0.760259 0.64962
    outer loop
      vertex 0.8 76.3128 160.225
      vertex 3 76.7332 159.733
      vertex 0.8 76.7332 159.733
    endloop
  endfacet
  facet normal 0 0.522269 -0.852781
    outer loop
      vertex 0.8 77.2254 165.987
      vertex 3 77.7773 166.325
      vertex 3 77.2254 165.987
    endloop
  endfacet
  facet normal 0 0.522269 -0.852781
    outer loop
      vertex 3 77.7773 166.325
      vertex 0.8 77.2254 165.987
      vertex 0.8 77.7773 166.325
    endloop
  endfacet
  facet normal 0 -0.522269 -0.852781
    outer loop
      vertex 0.8 81.5227 166.325
      vertex 3 82.0746 165.987
      vertex 3 81.5227 166.325
    endloop
  endfacet
  facet normal -0 -0.522269 -0.852781
    outer loop
      vertex 3 82.0746 165.987
      vertex 0.8 81.5227 166.325
      vertex 0.8 82.0746 165.987
    endloop
  endfacet
  facet normal 0 -0.64911 -0.760695
    outer loop
      vertex 0.8 82.0746 165.987
      vertex 3 82.5668 165.567
      vertex 3 82.0746 165.987
    endloop
  endfacet
  facet normal -0 -0.64911 -0.760695
    outer loop
      vertex 3 82.5668 165.567
      vertex 0.8 82.0746 165.987
      vertex 0.8 82.5668 165.567
    endloop
  endfacet
  facet normal 0 -0.64911 0.760695
    outer loop
      vertex 0.8 82.5668 159.733
      vertex 3 82.0746 159.313
      vertex 3 82.5668 159.733
    endloop
  endfacet
  facet normal 0 -0.64911 0.760695
    outer loop
      vertex 3 82.0746 159.313
      vertex 0.8 82.5668 159.733
      vertex 0.8 82.0746 159.313
    endloop
  endfacet
  facet normal 0 -0.996913 -0.0785165
    outer loop
      vertex 0.8 83.775 162.65
      vertex 3 83.7242 163.295
      vertex 0.8 83.7242 163.295
    endloop
  endfacet
  facet normal 0 -0.996913 -0.0785165
    outer loop
      vertex 3 83.7242 163.295
      vertex 0.8 83.775 162.65
      vertex 3 83.775 162.65
    endloop
  endfacet
  facet normal 0 -0.923879 -0.382684
    outer loop
      vertex 0.8 83.5731 163.925
      vertex 3 83.3254 164.523
      vertex 0.8 83.3254 164.523
    endloop
  endfacet
  facet normal 0 -0.923879 -0.382684
    outer loop
      vertex 3 83.3254 164.523
      vertex 0.8 83.5731 163.925
      vertex 3 83.5731 163.925
    endloop
  endfacet
  facet normal 0 -0.233291 0.972407
    outer loop
      vertex 0.8 80.9247 158.727
      vertex 3 80.2953 158.576
      vertex 3 80.9247 158.727
    endloop
  endfacet
  facet normal 0 -0.233291 0.972407
    outer loop
      vertex 3 80.2953 158.576
      vertex 0.8 80.9247 158.727
      vertex 0.8 80.2953 158.576
    endloop
  endfacet
  facet normal -0 0.233291 0.972407
    outer loop
      vertex 0.8 79.0047 158.576
      vertex 3 78.3753 158.727
      vertex 3 79.0047 158.576
    endloop
  endfacet
  facet normal 0 0.233291 0.972407
    outer loop
      vertex 3 78.3753 158.727
      vertex 0.8 79.0047 158.576
      vertex 0.8 78.3753 158.727
    endloop
  endfacet
  facet normal 0 -0.852686 -0.522424
    outer loop
      vertex 0.8 83.3254 164.523
      vertex 3 82.9872 165.075
      vertex 0.8 82.9872 165.075
    endloop
  endfacet
  facet normal 0 -0.852686 -0.522424
    outer loop
      vertex 3 82.9872 165.075
      vertex 0.8 83.3254 164.523
      vertex 3 83.3254 164.523
    endloop
  endfacet
  facet normal 0 0.972422 -0.233227
    outer loop
      vertex 3 75.5758 163.295
      vertex 0.8 75.7269 163.925
      vertex 3 75.7269 163.925
    endloop
  endfacet
  facet normal 0 0.972422 -0.233227
    outer loop
      vertex 0.8 75.7269 163.925
      vertex 3 75.5758 163.295
      vertex 0.8 75.5758 163.295
    endloop
  endfacet
  facet normal 0 0.0787873 -0.996891
    outer loop
      vertex 0.8 79.0047 166.724
      vertex 3 79.65 166.775
      vertex 3 79.0047 166.724
    endloop
  endfacet
  facet normal 0 0.0787873 -0.996891
    outer loop
      vertex 3 79.65 166.775
      vertex 0.8 79.0047 166.724
      vertex 0.8 79.65 166.775
    endloop
  endfacet
  facet normal 0 0.64911 -0.760695
    outer loop
      vertex 0.8 76.7332 165.567
      vertex 3 77.2254 165.987
      vertex 3 76.7332 165.567
    endloop
  endfacet
  facet normal 0 0.64911 -0.760695
    outer loop
      vertex 3 77.2254 165.987
      vertex 0.8 76.7332 165.567
      vertex 0.8 77.2254 165.987
    endloop
  endfacet
  facet normal -0 0.522269 0.852781
    outer loop
      vertex 0.8 77.7773 158.975
      vertex 3 77.2254 159.313
      vertex 3 77.7773 158.975
    endloop
  endfacet
  facet normal 0 0.522269 0.852781
    outer loop
      vertex 3 77.2254 159.313
      vertex 0.8 77.7773 158.975
      vertex 0.8 77.2254 159.313
    endloop
  endfacet
  facet normal -0 0.0787873 0.996891
    outer loop
      vertex 0.8 79.65 158.525
      vertex 3 79.0047 158.576
      vertex 3 79.65 158.525
    endloop
  endfacet
  facet normal 0 0.0787873 0.996891
    outer loop
      vertex 3 79.0047 158.576
      vertex 0.8 79.65 158.525
      vertex 0.8 79.0047 158.576
    endloop
  endfacet
  facet normal 0 0.996913 0.0785165
    outer loop
      vertex 3 75.5758 162.005
      vertex 0.8 75.525 162.65
      vertex 3 75.525 162.65
    endloop
  endfacet
  facet normal 0 0.996913 0.0785165
    outer loop
      vertex 0.8 75.525 162.65
      vertex 3 75.5758 162.005
      vertex 0.8 75.5758 162.005
    endloop
  endfacet
  facet normal 0 -0.972422 -0.233227
    outer loop
      vertex 0.8 83.7242 163.295
      vertex 3 83.5731 163.925
      vertex 0.8 83.5731 163.925
    endloop
  endfacet
  facet normal 0 -0.972422 -0.233227
    outer loop
      vertex 3 83.5731 163.925
      vertex 0.8 83.7242 163.295
      vertex 3 83.7242 163.295
    endloop
  endfacet
  facet normal 0 0.852686 0.522424
    outer loop
      vertex 3 76.3128 160.225
      vertex 0.8 75.9746 160.777
      vertex 3 75.9746 160.777
    endloop
  endfacet
  facet normal 0 0.852686 0.522424
    outer loop
      vertex 0.8 75.9746 160.777
      vertex 3 76.3128 160.225
      vertex 0.8 76.3128 160.225
    endloop
  endfacet
  facet normal 1 0 0
    outer loop
      vertex 0.8 83.7242 163.295
      vertex 0.8 83.7242 162.005
      vertex 0.8 83.775 162.65
    endloop
  endfacet
  facet normal 1 0 0
    outer loop
      vertex 0.8 83.5731 163.925
      vertex 0.8 83.7242 162.005
      vertex 0.8 83.7242 163.295
    endloop
  endfacet
  facet normal 1 0 0
    outer loop
      vertex 0.8 83.5731 163.925
      vertex 0.8 83.5731 161.375
      vertex 0.8 83.7242 162.005
    endloop
  endfacet
  facet normal 1 0 0
    outer loop
      vertex 0.8 83.3254 164.523
      vertex 0.8 83.5731 161.375
      vertex 0.8 83.5731 163.925
    endloop
  endfacet
  facet normal 1 0 0
    outer loop
      vertex 0.8 83.3254 164.523
      vertex 0.8 83.3254 160.777
      vertex 0.8 83.5731 161.375
    endloop
  endfacet
  facet normal 1 0 0
    outer loop
      vertex 0.8 82.9872 165.075
      vertex 0.8 83.3254 160.777
      vertex 0.8 83.3254 164.523
    endloop
  endfacet
  facet normal 1 0 0
    outer loop
      vertex 0.8 82.9872 165.075
      vertex 0.8 82.9872 160.225
      vertex 0.8 83.3254 160.777
    endloop
  endfacet
  facet normal 1 0 0
    outer loop
      vertex 0.8 82.5668 165.567
      vertex 0.8 82.9872 160.225
      vertex 0.8 82.9872 165.075
    endloop
  endfacet
  facet normal 1 0 0
    outer loop
      vertex 0.8 82.5668 165.567
      vertex 0.8 82.5668 159.733
      vertex 0.8 82.9872 160.225
    endloop
  endfacet
  facet normal 1 0 0
    outer loop
      vertex 0.8 82.0746 165.987
      vertex 0.8 82.5668 159.733
      vertex 0.8 82.5668 165.567
    endloop
  endfacet
  facet normal 1 0 0
    outer loop
      vertex 0.8 82.0746 165.987
      vertex 0.8 82.0746 159.313
      vertex 0.8 82.5668 159.733
    endloop
  endfacet
  facet normal 1 0 0
    outer loop
      vertex 0.8 81.5227 166.325
      vertex 0.8 82.0746 159.313
      vertex 0.8 82.0746 165.987
    endloop
  endfacet
  facet normal 1 0 0
    outer loop
      vertex 0.8 81.5227 166.325
      vertex 0.8 81.5227 158.975
      vertex 0.8 82.0746 159.313
    endloop
  endfacet
  facet normal 1 0 0
    outer loop
      vertex 0.8 80.9247 166.573
      vertex 0.8 81.5227 158.975
      vertex 0.8 81.5227 166.325
    endloop
  endfacet
  facet normal 1 0 0
    outer loop
      vertex 0.8 80.9247 166.573
      vertex 0.8 80.9247 158.727
      vertex 0.8 81.5227 158.975
    endloop
  endfacet
  facet normal 1 0 0
    outer loop
      vertex 0.8 80.2953 166.724
      vertex 0.8 80.9247 158.727
      vertex 0.8 80.9247 166.573
    endloop
  endfacet
  facet normal 1 0 0
    outer loop
      vertex 0.8 80.2953 166.724
      vertex 0.8 80.2953 158.576
      vertex 0.8 80.9247 158.727
    endloop
  endfacet
  facet normal 1 0 0
    outer loop
      vertex 0.8 79.65 166.775
      vertex 0.8 80.2953 158.576
      vertex 0.8 80.2953 166.724
    endloop
  endfacet
  facet normal 1 0 0
    outer loop
      vertex 0.8 79.65 166.775
      vertex 0.8 79.65 158.525
      vertex 0.8 80.2953 158.576
    endloop
  endfacet
  facet normal 1 -0 0
    outer loop
      vertex 0.8 79.0047 166.724
      vertex 0.8 79.65 158.525
      vertex 0.8 79.65 166.775
    endloop
  endfacet
  facet normal 1 0 0
    outer loop
      vertex 0.8 79.0047 166.724
      vertex 0.8 79.0047 158.576
      vertex 0.8 79.65 158.525
    endloop
  endfacet
  facet normal 1 -0 0
    outer loop
      vertex 0.8 78.3753 166.573
      vertex 0.8 79.0047 158.576
      vertex 0.8 79.0047 166.724
    endloop
  endfacet
  facet normal 1 0 0
    outer loop
      vertex 0.8 78.3753 166.573
      vertex 0.8 78.3753 158.727
      vertex 0.8 79.0047 158.576
    endloop
  endfacet
  facet normal 1 -0 0
    outer loop
      vertex 0.8 77.7773 166.325
      vertex 0.8 78.3753 158.727
      vertex 0.8 78.3753 166.573
    endloop
  endfacet
  facet normal 1 0 0
    outer loop
      vertex 0.8 77.7773 166.325
      vertex 0.8 77.7773 158.975
      vertex 0.8 78.3753 158.727
    endloop
  endfacet
  facet normal 1 -0 0
    outer loop
      vertex 0.8 77.2254 165.987
      vertex 0.8 77.7773 158.975
      vertex 0.8 77.7773 166.325
    endloop
  endfacet
  facet normal 1 0 0
    outer loop
      vertex 0.8 77.2254 165.987
      vertex 0.8 77.2254 159.313
      vertex 0.8 77.7773 158.975
    endloop
  endfacet
  facet normal 1 -0 0
    outer loop
      vertex 0.8 76.7332 165.567
      vertex 0.8 77.2254 159.313
      vertex 0.8 77.2254 165.987
    endloop
  endfacet
  facet normal 1 0 0
    outer loop
      vertex 0.8 76.7332 165.567
      vertex 0.8 76.7332 159.733
      vertex 0.8 77.2254 159.313
    endloop
  endfacet
  facet normal 1 -0 0
    outer loop
      vertex 0.8 76.3128 165.075
      vertex 0.8 76.7332 159.733
      vertex 0.8 76.7332 165.567
    endloop
  endfacet
  facet normal 1 0 0
    outer loop
      vertex 0.8 76.3128 165.075
      vertex 0.8 76.3128 160.225
      vertex 0.8 76.7332 159.733
    endloop
  endfacet
  facet normal 1 -0 0
    outer loop
      vertex 0.8 75.9746 164.523
      vertex 0.8 76.3128 160.225
      vertex 0.8 76.3128 165.075
    endloop
  endfacet
  facet normal 1 0 0
    outer loop
      vertex 0.8 75.9746 164.523
      vertex 0.8 75.9746 160.777
      vertex 0.8 76.3128 160.225
    endloop
  endfacet
  facet normal 1 -0 0
    outer loop
      vertex 0.8 75.7269 163.925
      vertex 0.8 75.9746 160.777
      vertex 0.8 75.9746 164.523
    endloop
  endfacet
  facet normal 1 0 0
    outer loop
      vertex 0.8 75.7269 163.925
      vertex 0.8 75.7269 161.375
      vertex 0.8 75.9746 160.777
    endloop
  endfacet
  facet normal 1 -0 0
    outer loop
      vertex 0.8 75.5758 163.295
      vertex 0.8 75.7269 161.375
      vertex 0.8 75.7269 163.925
    endloop
  endfacet
  facet normal 1 0 0
    outer loop
      vertex 0.8 75.5758 163.295
      vertex 0.8 75.5758 162.005
      vertex 0.8 75.7269 161.375
    endloop
  endfacet
  facet normal 1 0 -0
    outer loop
      vertex 0.8 75.5758 162.005
      vertex 0.8 75.5758 163.295
      vertex 0.8 75.525 162.65
    endloop
  endfacet
  facet normal 0 -0.0787873 0.996891
    outer loop
      vertex 0.8 80.2953 158.576
      vertex 3 79.65 158.525
      vertex 3 80.2953 158.576
    endloop
  endfacet
  facet normal 0 -0.0787873 0.996891
    outer loop
      vertex 3 79.65 158.525
      vertex 0.8 80.2953 158.576
      vertex 0.8 79.65 158.525
    endloop
  endfacet
  facet normal 0 -0.522269 0.852781
    outer loop
      vertex 0.8 82.0746 159.313
      vertex 3 81.5227 158.975
      vertex 3 82.0746 159.313
    endloop
  endfacet
  facet normal 0 -0.522269 0.852781
    outer loop
      vertex 3 81.5227 158.975
      vertex 0.8 82.0746 159.313
      vertex 0.8 81.5227 158.975
    endloop
  endfacet
  facet normal 0 0.760259 -0.64962
    outer loop
      vertex 3 76.3128 165.075
      vertex 0.8 76.7332 165.567
      vertex 3 76.7332 165.567
    endloop
  endfacet
  facet normal 0 0.760259 -0.64962
    outer loop
      vertex 0.8 76.7332 165.567
      vertex 3 76.3128 165.075
      vertex 0.8 76.3128 165.075
    endloop
  endfacet
  facet normal 1 0 0
    outer loop
      vertex 3 103.475 32.35
      vertex 3 105.35 32.35
      vertex 3 105.276 33.2886
    endloop
  endfacet
  facet normal 1 0 0
    outer loop
      vertex 3 103.424 32.9953
      vertex 3 105.276 33.2886
      vertex 3 105.056 34.2041
    endloop
  endfacet
  facet normal 1 0 0
    outer loop
      vertex 3 105.35 32.35
      vertex 3 103.475 32.35
      vertex 3 105.276 31.4114
    endloop
  endfacet
  facet normal 1 0 0
    outer loop
      vertex 3 103.273 33.6247
      vertex 3 105.056 34.2041
      vertex 3 104.696 35.0739
    endloop
  endfacet
  facet normal 1 -0 0
    outer loop
      vertex 3 103.424 31.7047
      vertex 3 105.276 31.4114
      vertex 3 103.475 32.35
    endloop
  endfacet
  facet normal 1 0 0
    outer loop
      vertex 3 103.025 34.2227
      vertex 3 104.696 35.0739
      vertex 3 104.204 35.8767
    endloop
  endfacet
  facet normal 1 0 0
    outer loop
      vertex 3 105.276 31.4114
      vertex 3 103.424 31.7047
      vertex 3 105.056 30.4959
    endloop
  endfacet
  facet normal 1 0 0
    outer loop
      vertex 3 102.687 34.7746
      vertex 3 104.204 35.8767
      vertex 3 103.593 36.5926
    endloop
  endfacet
  facet normal 1 -0 0
    outer loop
      vertex 3 103.273 31.0753
      vertex 3 105.056 30.4959
      vertex 3 103.424 31.7047
    endloop
  endfacet
  facet normal 1 0 0
    outer loop
      vertex 3 105.056 30.4959
      vertex 3 103.273 31.0753
      vertex 3 104.696 29.6261
    endloop
  endfacet
  facet normal 1 0 0
    outer loop
      vertex 3 105.276 33.2886
      vertex 3 103.424 32.9953
      vertex 3 103.475 32.35
    endloop
  endfacet
  facet normal 1 0 0
    outer loop
      vertex 3 105.056 34.2041
      vertex 3 103.273 33.6247
      vertex 3 103.424 32.9953
    endloop
  endfacet
  facet normal 1 0 0
    outer loop
      vertex 3 104.696 35.0739
      vertex 3 103.025 34.2227
      vertex 3 103.273 33.6247
    endloop
  endfacet
  facet normal 1 0 0
    outer loop
      vertex 3 102.267 35.2668
      vertex 3 103.593 36.5926
      vertex 3 102.877 37.2041
    endloop
  endfacet
  facet normal 1 0 0
    outer loop
      vertex 3 104.204 35.8767
      vertex 3 102.687 34.7746
      vertex 3 103.025 34.2227
    endloop
  endfacet
  facet normal 1 0 0
    outer loop
      vertex 3 103.593 36.5926
      vertex 3 102.267 35.2668
      vertex 3 102.687 34.7746
    endloop
  endfacet
  facet normal 1 0 0
    outer loop
      vertex 3 101.775 35.6872
      vertex 3 102.877 37.2041
      vertex 3 102.074 37.696
    endloop
  endfacet
  facet normal 1 0 0
    outer loop
      vertex 3 102.877 37.2041
      vertex 3 101.775 35.6872
      vertex 3 102.267 35.2668
    endloop
  endfacet
  facet normal 1 0 0
    outer loop
      vertex 3 102.074 37.696
      vertex 3 101.223 36.0254
      vertex 3 101.775 35.6872
    endloop
  endfacet
  facet normal 1 0 0
    outer loop
      vertex 3 101.204 38.0563
      vertex 3 101.223 36.0254
      vertex 3 102.074 37.696
    endloop
  endfacet
  facet normal 1 0 0
    outer loop
      vertex 3 101.204 38.0563
      vertex 3 100.625 36.2731
      vertex 3 101.223 36.0254
    endloop
  endfacet
  facet normal 1 0 0
    outer loop
      vertex 3 100.289 38.2761
      vertex 3 100.625 36.2731
      vertex 3 101.204 38.0563
    endloop
  endfacet
  facet normal 1 0 0
    outer loop
      vertex 3 100.289 38.2761
      vertex 3 99.9953 36.4242
      vertex 3 100.625 36.2731
    endloop
  endfacet
  facet normal 1 0 0
    outer loop
      vertex 3 99.35 38.35
      vertex 3 99.9953 36.4242
      vertex 3 100.289 38.2761
    endloop
  endfacet
  facet normal 1 0 0
    outer loop
      vertex 3 99.35 38.35
      vertex 3 99.35 36.475
      vertex 3 99.9953 36.4242
    endloop
  endfacet
  facet normal 1 0 0
    outer loop
      vertex 3 99.35 38.35
      vertex 3 98.7047 36.4242
      vertex 3 99.35 36.475
    endloop
  endfacet
  facet normal 1 -0 0
    outer loop
      vertex 3 98.4114 38.2761
      vertex 3 98.7047 36.4242
      vertex 3 99.35 38.35
    endloop
  endfacet
  facet normal 1 0 0
    outer loop
      vertex 3 98.4114 38.2761
      vertex 3 98.0753 36.2731
      vertex 3 98.7047 36.4242
    endloop
  endfacet
  facet normal 1 -0 0
    outer loop
      vertex 3 97.4959 38.0563
      vertex 3 98.0753 36.2731
      vertex 3 98.4114 38.2761
    endloop
  endfacet
  facet normal 1 0 0
    outer loop
      vertex 3 97.4959 38.0563
      vertex 3 97.4773 36.0254
      vertex 3 98.0753 36.2731
    endloop
  endfacet
  facet normal 1 -0 0
    outer loop
      vertex 3 96.6261 37.696
      vertex 3 97.4773 36.0254
      vertex 3 97.4959 38.0563
    endloop
  endfacet
  facet normal 1 0 0
    outer loop
      vertex 3 97.4773 36.0254
      vertex 3 96.6261 37.696
      vertex 3 96.9254 35.6872
    endloop
  endfacet
  facet normal 1 -0 0
    outer loop
      vertex 3 95.8233 37.2041
      vertex 3 96.9254 35.6872
      vertex 3 96.6261 37.696
    endloop
  endfacet
  facet normal 1 0 0
    outer loop
      vertex 3 96.9254 35.6872
      vertex 3 95.8233 37.2041
      vertex 3 96.4332 35.2668
    endloop
  endfacet
  facet normal 1 -0 0
    outer loop
      vertex 3 95.1074 36.5926
      vertex 3 96.4332 35.2668
      vertex 3 95.8233 37.2041
    endloop
  endfacet
  facet normal 1 0 0
    outer loop
      vertex 3 96.4332 35.2668
      vertex 3 95.1074 36.5926
      vertex 3 96.0128 34.7746
    endloop
  endfacet
  facet normal 1 -0 0
    outer loop
      vertex 3 94.4959 35.8767
      vertex 3 96.0128 34.7746
      vertex 3 95.1074 36.5926
    endloop
  endfacet
  facet normal 1 0 0
    outer loop
      vertex 3 96.0128 34.7746
      vertex 3 94.4959 35.8767
      vertex 3 95.6746 34.2227
    endloop
  endfacet
  facet normal 1 -0 0
    outer loop
      vertex 3 94 35.0644
      vertex 3 95.6746 34.2227
      vertex 3 94.004 35.0739
    endloop
  endfacet
  facet normal 1 -0 0
    outer loop
      vertex 3 94.004 35.0739
      vertex 3 95.6746 34.2227
      vertex 3 94.4959 35.8767
    endloop
  endfacet
  facet normal 1 -0 0
    outer loop
      vertex 3 103.025 30.4773
      vertex 3 104.696 29.6261
      vertex 3 103.273 31.0753
    endloop
  endfacet
  facet normal 1 0 0
    outer loop
      vertex 3 104.696 29.6261
      vertex 3 103.025 30.4773
      vertex 3 104.204 28.8233
    endloop
  endfacet
  facet normal 1 -0 0
    outer loop
      vertex 3 102.687 29.9254
      vertex 3 104.204 28.8233
      vertex 3 103.025 30.4773
    endloop
  endfacet
  facet normal 1 0 0
    outer loop
      vertex 3 104.204 28.8233
      vertex 3 102.687 29.9254
      vertex 3 103.593 28.1074
    endloop
  endfacet
  facet normal 1 -0 0
    outer loop
      vertex 3 102.267 29.4332
      vertex 3 103.593 28.1074
      vertex 3 102.687 29.9254
    endloop
  endfacet
  facet normal 1 0 0
    outer loop
      vertex 3 103.593 28.1074
      vertex 3 102.267 29.4332
      vertex 3 102.877 27.4959
    endloop
  endfacet
  facet normal 1 -0 0
    outer loop
      vertex 3 101.775 29.0128
      vertex 3 102.877 27.4959
      vertex 3 102.267 29.4332
    endloop
  endfacet
  facet normal 1 0 0
    outer loop
      vertex 3 102.877 27.4959
      vertex 3 101.775 29.0128
      vertex 3 102.074 27.004
    endloop
  endfacet
  facet normal 1 -0 0
    outer loop
      vertex 3 101.223 28.6746
      vertex 3 102.074 27.004
      vertex 3 101.775 29.0128
    endloop
  endfacet
  facet normal 1 0 0
    outer loop
      vertex 3 103.475 162.65
      vertex 3 105.35 162.65
      vertex 3 105.276 163.589
    endloop
  endfacet
  facet normal 1 0 0
    outer loop
      vertex 3 103.424 163.295
      vertex 3 105.276 163.589
      vertex 3 105.056 164.504
    endloop
  endfacet
  facet normal 1 0 0
    outer loop
      vertex 3 105.35 162.65
      vertex 3 103.475 162.65
      vertex 3 105.276 161.711
    endloop
  endfacet
  facet normal 1 0 0
    outer loop
      vertex 3 103.273 163.925
      vertex 3 105.056 164.504
      vertex 3 104.696 165.374
    endloop
  endfacet
  facet normal 1 -0 0
    outer loop
      vertex 3 103.424 162.005
      vertex 3 105.276 161.711
      vertex 3 103.475 162.65
    endloop
  endfacet
  facet normal 1 0 0
    outer loop
      vertex 3 103.025 164.523
      vertex 3 104.696 165.374
      vertex 3 104.204 166.177
    endloop
  endfacet
  facet normal 1 0 0
    outer loop
      vertex 3 105.276 161.711
      vertex 3 103.424 162.005
      vertex 3 105.056 160.796
    endloop
  endfacet
  facet normal 1 0 0
    outer loop
      vertex 3 102.687 165.075
      vertex 3 104.204 166.177
      vertex 3 103.593 166.893
    endloop
  endfacet
  facet normal 1 -0 0
    outer loop
      vertex 3 103.273 161.375
      vertex 3 105.056 160.796
      vertex 3 103.424 162.005
    endloop
  endfacet
  facet normal 1 0 0
    outer loop
      vertex 3 105.056 160.796
      vertex 3 103.273 161.375
      vertex 3 104.696 159.926
    endloop
  endfacet
  facet normal 1 0 0
    outer loop
      vertex 3 105.276 163.589
      vertex 3 103.424 163.295
      vertex 3 103.475 162.65
    endloop
  endfacet
  facet normal 1 0 0
    outer loop
      vertex 3 105.056 164.504
      vertex 3 103.273 163.925
      vertex 3 103.424 163.295
    endloop
  endfacet
  facet normal 1 0 0
    outer loop
      vertex 3 104.696 165.374
      vertex 3 103.025 164.523
      vertex 3 103.273 163.925
    endloop
  endfacet
  facet normal 1 0 0
    outer loop
      vertex 3 102.267 165.567
      vertex 3 103.593 166.893
      vertex 3 102.877 167.504
    endloop
  endfacet
  facet normal 1 0 0
    outer loop
      vertex 3 104.204 166.177
      vertex 3 102.687 165.075
      vertex 3 103.025 164.523
    endloop
  endfacet
  facet normal 1 0 0
    outer loop
      vertex 3 103.593 166.893
      vertex 3 102.267 165.567
      vertex 3 102.687 165.075
    endloop
  endfacet
  facet normal 1 0 0
    outer loop
      vertex 3 101.775 165.987
      vertex 3 102.877 167.504
      vertex 3 102.074 167.996
    endloop
  endfacet
  facet normal 1 0 0
    outer loop
      vertex 3 101.223 166.325
      vertex 3 102.074 167.996
      vertex 3 102.064 168
    endloop
  endfacet
  facet normal 1 0 0
    outer loop
      vertex 3 102.877 167.504
      vertex 3 101.775 165.987
      vertex 3 102.267 165.567
    endloop
  endfacet
  facet normal 1 -0 0
    outer loop
      vertex 3 103.025 160.777
      vertex 3 104.696 159.926
      vertex 3 103.273 161.375
    endloop
  endfacet
  facet normal 1 0 0
    outer loop
      vertex 3 104.696 159.926
      vertex 3 103.025 160.777
      vertex 3 104.204 159.123
    endloop
  endfacet
  facet normal 1 -0 0
    outer loop
      vertex 3 102.687 160.225
      vertex 3 104.204 159.123
      vertex 3 103.025 160.777
    endloop
  endfacet
  facet normal 1 0 0
    outer loop
      vertex 3 104.204 159.123
      vertex 3 102.687 160.225
      vertex 3 103.593 158.407
    endloop
  endfacet
  facet normal 1 -0 0
    outer loop
      vertex 3 102.267 159.733
      vertex 3 103.593 158.407
      vertex 3 102.687 160.225
    endloop
  endfacet
  facet normal 1 0 0
    outer loop
      vertex 3 103.593 158.407
      vertex 3 102.267 159.733
      vertex 3 102.877 157.796
    endloop
  endfacet
  facet normal 1 -0 0
    outer loop
      vertex 3 101.775 159.313
      vertex 3 102.877 157.796
      vertex 3 102.267 159.733
    endloop
  endfacet
  facet normal 1 0 0
    outer loop
      vertex 3 102.877 157.796
      vertex 3 101.775 159.313
      vertex 3 102.074 157.304
    endloop
  endfacet
  facet normal 1 -0 0
    outer loop
      vertex 3 101.223 158.975
      vertex 3 102.074 157.304
      vertex 3 101.775 159.313
    endloop
  endfacet
  facet normal 1 0 0
    outer loop
      vertex 3 101.223 158.975
      vertex 3 101.204 156.944
      vertex 3 102.074 157.304
    endloop
  endfacet
  facet normal 1 -0 0
    outer loop
      vertex 3 100.625 158.727
      vertex 3 101.204 156.944
      vertex 3 101.223 158.975
    endloop
  endfacet
  facet normal 1 0 0
    outer loop
      vertex 3 100.625 158.727
      vertex 3 100.289 156.724
      vertex 3 101.204 156.944
    endloop
  endfacet
  facet normal 1 -0 0
    outer loop
      vertex 3 99.9953 158.576
      vertex 3 100.289 156.724
      vertex 3 100.625 158.727
    endloop
  endfacet
  facet normal 1 -0 0
    outer loop
      vertex 3 99.35 158.525
      vertex 3 100.289 156.724
      vertex 3 99.9953 158.576
    endloop
  endfacet
  facet normal 1 0 0
    outer loop
      vertex 3 99.35 158.525
      vertex 3 99.35 156.65
      vertex 3 100.289 156.724
    endloop
  endfacet
  facet normal 1 0 0
    outer loop
      vertex 3 98.7047 158.576
      vertex 3 99.35 156.65
      vertex 3 99.35 158.525
    endloop
  endfacet
  facet normal 1 0 0
    outer loop
      vertex 3 98.7047 158.576
      vertex 3 98.4114 156.724
      vertex 3 99.35 156.65
    endloop
  endfacet
  facet normal 1 0 0
    outer loop
      vertex 3 98.0753 158.727
      vertex 3 98.4114 156.724
      vertex 3 98.7047 158.576
    endloop
  endfacet
  facet normal 1 0 0
    outer loop
      vertex 3 98.0753 158.727
      vertex 3 97.4959 156.944
      vertex 3 98.4114 156.724
    endloop
  endfacet
  facet normal 1 0 0
    outer loop
      vertex 3 97.4773 158.975
      vertex 3 97.4959 156.944
      vertex 3 98.0753 158.727
    endloop
  endfacet
  facet normal 1 0 0
    outer loop
      vertex 3 96.6261 157.304
      vertex 3 97.4773 158.975
      vertex 3 96.9254 159.313
    endloop
  endfacet
  facet normal 1 0 0
    outer loop
      vertex 3 97.4773 158.975
      vertex 3 96.6261 157.304
      vertex 3 97.4959 156.944
    endloop
  endfacet
  facet normal 1 0 0
    outer loop
      vertex 3 95.8233 157.796
      vertex 3 96.9254 159.313
      vertex 3 96.4332 159.733
    endloop
  endfacet
  facet normal 1 0 0
    outer loop
      vertex 3 95.1074 158.407
      vertex 3 96.4332 159.733
      vertex 3 96.0128 160.225
    endloop
  endfacet
  facet normal 1 0 0
    outer loop
      vertex 3 96.9254 159.313
      vertex 3 95.8233 157.796
      vertex 3 96.6261 157.304
    endloop
  endfacet
  facet normal 1 0 0
    outer loop
      vertex 3 94.4959 159.123
      vertex 3 96.0128 160.225
      vertex 3 95.6746 160.777
    endloop
  endfacet
  facet normal 1 0 0
    outer loop
      vertex 3 94 159.936
      vertex 3 95.6746 160.777
      vertex 3 95.4269 161.375
    endloop
  endfacet
  facet normal 1 0 0
    outer loop
      vertex 3 94 159.936
      vertex 3 95.4269 161.375
      vertex 3 95.2758 162.005
    endloop
  endfacet
  facet normal 1 0 0
    outer loop
      vertex 3 96.4332 159.733
      vertex 3 95.1074 158.407
      vertex 3 95.8233 157.796
    endloop
  endfacet
  facet normal 1 0 0
    outer loop
      vertex 3 94 159.936
      vertex 3 95.2758 162.005
      vertex 3 95.225 162.65
    endloop
  endfacet
  facet normal 1 0 0
    outer loop
      vertex 3 95.6746 164.523
      vertex 3 94 165.364
      vertex 3 95.4269 163.925
    endloop
  endfacet
  facet normal 1 0 0
    outer loop
      vertex 3 95.4269 163.925
      vertex 3 94 165.364
      vertex 3 95.2758 163.295
    endloop
  endfacet
  facet normal 1 0 0
    outer loop
      vertex 3 96.0128 160.225
      vertex 3 94.4959 159.123
      vertex 3 95.1074 158.407
    endloop
  endfacet
  facet normal 1 0 0
    outer loop
      vertex 3 95.2758 163.295
      vertex 3 94 165.364
      vertex 3 95.225 162.65
    endloop
  endfacet
  facet normal 1 0 0
    outer loop
      vertex 3 94 159.936
      vertex 3 95.225 162.65
      vertex 3 94 165.364
    endloop
  endfacet
  facet normal 1 0 0
    outer loop
      vertex 3 95.6746 160.777
      vertex 3 94 159.936
      vertex 3 94.004 159.926
    endloop
  endfacet
  facet normal 1 0 0
    outer loop
      vertex 3 95.6746 160.777
      vertex 3 94.004 159.926
      vertex 3 94.4959 159.123
    endloop
  endfacet
  facet normal 1 0 0
    outer loop
      vertex 3 97.4773 28.6746
      vertex 3 96.6261 27.004
      vertex 3 96.6356 27
    endloop
  endfacet
  facet normal 1 0 0
    outer loop
      vertex 3 95.8233 27.4959
      vertex 3 96.9254 29.0128
      vertex 3 96.4332 29.4332
    endloop
  endfacet
  facet normal 1 0 0
    outer loop
      vertex 3 95.1074 28.1074
      vertex 3 96.4332 29.4332
      vertex 3 96.0128 29.9254
    endloop
  endfacet
  facet normal 1 0 0
    outer loop
      vertex 3 96.9254 29.0128
      vertex 3 95.8233 27.4959
      vertex 3 96.6261 27.004
    endloop
  endfacet
  facet normal 1 0 0
    outer loop
      vertex 3 94.4959 28.8233
      vertex 3 96.0128 29.9254
      vertex 3 95.6746 30.4773
    endloop
  endfacet
  facet normal 1 0 0
    outer loop
      vertex 3 94 29.6356
      vertex 3 95.6746 30.4773
      vertex 3 95.4269 31.0753
    endloop
  endfacet
  facet normal 1 0 0
    outer loop
      vertex 3 94 29.6356
      vertex 3 95.4269 31.0753
      vertex 3 95.2758 31.7047
    endloop
  endfacet
  facet normal 1 0 0
    outer loop
      vertex 3 96.4332 29.4332
      vertex 3 95.1074 28.1074
      vertex 3 95.8233 27.4959
    endloop
  endfacet
  facet normal 1 0 0
    outer loop
      vertex 3 94 29.6356
      vertex 3 95.2758 31.7047
      vertex 3 95.225 32.35
    endloop
  endfacet
  facet normal 1 0 0
    outer loop
      vertex 3 95.6746 34.2227
      vertex 3 94 35.0644
      vertex 3 95.4269 33.6247
    endloop
  endfacet
  facet normal 1 0 0
    outer loop
      vertex 3 95.4269 33.6247
      vertex 3 94 35.0644
      vertex 3 95.2758 32.9953
    endloop
  endfacet
  facet normal 1 0 0
    outer loop
      vertex 3 96.0128 29.9254
      vertex 3 94.4959 28.8233
      vertex 3 95.1074 28.1074
    endloop
  endfacet
  facet normal 1 0 0
    outer loop
      vertex 3 95.2758 32.9953
      vertex 3 94 35.0644
      vertex 3 95.225 32.35
    endloop
  endfacet
  facet normal 1 0 0
    outer loop
      vertex 3 94 29.6356
      vertex 3 95.225 32.35
      vertex 3 94 35.0644
    endloop
  endfacet
  facet normal 1 0 0
    outer loop
      vertex 3 95.6746 30.4773
      vertex 3 94 29.6356
      vertex 3 94.004 29.6261
    endloop
  endfacet
  facet normal 1 0 0
    outer loop
      vertex 3 95.6746 30.4773
      vertex 3 94.004 29.6261
      vertex 3 94.4959 28.8233
    endloop
  endfacet
  facet normal 1 0 0
    outer loop
      vertex 3 97.4773 166.325
      vertex 3 96.6261 167.996
      vertex 3 96.9254 165.987
    endloop
  endfacet
  facet normal 1 -0 0
    outer loop
      vertex 3 95.8233 167.504
      vertex 3 96.9254 165.987
      vertex 3 96.6261 167.996
    endloop
  endfacet
  facet normal 1 0 0
    outer loop
      vertex 3 96.9254 165.987
      vertex 3 95.8233 167.504
      vertex 3 96.4332 165.567
    endloop
  endfacet
  facet normal 1 -0 0
    outer loop
      vertex 3 95.1074 166.893
      vertex 3 96.4332 165.567
      vertex 3 95.8233 167.504
    endloop
  endfacet
  facet normal 1 0 0
    outer loop
      vertex 3 96.4332 165.567
      vertex 3 95.1074 166.893
      vertex 3 96.0128 165.075
    endloop
  endfacet
  facet normal 1 -0 0
    outer loop
      vertex 3 94.4959 166.177
      vertex 3 96.0128 165.075
      vertex 3 95.1074 166.893
    endloop
  endfacet
  facet normal 1 0 0
    outer loop
      vertex 3 96.0128 165.075
      vertex 3 94.4959 166.177
      vertex 3 95.6746 164.523
    endloop
  endfacet
  facet normal 1 -0 0
    outer loop
      vertex 3 94 165.364
      vertex 3 95.6746 164.523
      vertex 3 94.004 165.374
    endloop
  endfacet
  facet normal 1 -0 0
    outer loop
      vertex 3 94.004 165.374
      vertex 3 95.6746 164.523
      vertex 3 94.4959 166.177
    endloop
  endfacet
  facet normal 1 0 0
    outer loop
      vertex 3 130.777 28.6746
      vertex 3 129.926 27.004
      vertex 3 129.936 27
    endloop
  endfacet
  facet normal 1 0 0
    outer loop
      vertex 3 129.123 27.4959
      vertex 3 130.225 29.0128
      vertex 3 129.733 29.4332
    endloop
  endfacet
  facet normal 1 0 0
    outer loop
      vertex 3 128.407 28.1074
      vertex 3 129.733 29.4332
      vertex 3 129.313 29.9254
    endloop
  endfacet
  facet normal 1 0 0
    outer loop
      vertex 3 130.225 29.0128
      vertex 3 129.123 27.4959
      vertex 3 129.926 27.004
    endloop
  endfacet
  facet normal 1 0 0
    outer loop
      vertex 3 127.796 28.8233
      vertex 3 129.313 29.9254
      vertex 3 128.975 30.4773
    endloop
  endfacet
  facet normal 1 0 0
    outer loop
      vertex 3 127.304 29.6261
      vertex 3 128.975 30.4773
      vertex 3 128.727 31.0753
    endloop
  endfacet
  facet normal 1 0 0
    outer loop
      vertex 3 126.944 30.4959
      vertex 3 128.727 31.0753
      vertex 3 128.576 31.7047
    endloop
  endfacet
  facet normal 1 0 0
    outer loop
      vertex 3 129.733 29.4332
      vertex 3 128.407 28.1074
      vertex 3 129.123 27.4959
    endloop
  endfacet
  facet normal 1 0 0
    outer loop
      vertex 3 126.724 31.4114
      vertex 3 128.576 31.7047
      vertex 3 128.525 32.35
    endloop
  endfacet
  facet normal 1 -0 0
    outer loop
      vertex 3 126.944 34.2041
      vertex 3 128.727 33.6247
      vertex 3 127.304 35.0739
    endloop
  endfacet
  facet normal 1 0 0
    outer loop
      vertex 3 128.727 33.6247
      vertex 3 126.944 34.2041
      vertex 3 128.576 32.9953
    endloop
  endfacet
  facet normal 1 0 0
    outer loop
      vertex 3 129.313 29.9254
      vertex 3 127.796 28.8233
      vertex 3 128.407 28.1074
    endloop
  endfacet
  facet normal 1 -0 0
    outer loop
      vertex 3 126.724 33.2886
      vertex 3 128.576 32.9953
      vertex 3 126.944 34.2041
    endloop
  endfacet
  facet normal 1 0 0
    outer loop
      vertex 3 128.975 30.4773
      vertex 3 127.304 29.6261
      vertex 3 127.796 28.8233
    endloop
  endfacet
  facet normal 1 0 0
    outer loop
      vertex 3 128.576 32.9953
      vertex 3 126.724 33.2886
      vertex 3 128.525 32.35
    endloop
  endfacet
  facet normal 1 0 0
    outer loop
      vertex 3 128.727 31.0753
      vertex 3 126.944 30.4959
      vertex 3 127.304 29.6261
    endloop
  endfacet
  facet normal 1 0 0
    outer loop
      vertex 3 126.65 32.35
      vertex 3 128.525 32.35
      vertex 3 126.724 33.2886
    endloop
  endfacet
  facet normal 1 0 0
    outer loop
      vertex 3 128.576 31.7047
      vertex 3 126.724 31.4114
      vertex 3 126.944 30.4959
    endloop
  endfacet
  facet normal 1 0 0
    outer loop
      vertex 3 128.525 32.35
      vertex 3 126.65 32.35
      vertex 3 126.724 31.4114
    endloop
  endfacet
  facet normal 1 0 0
    outer loop
      vertex 3 130.777 166.325
      vertex 3 129.926 167.996
      vertex 3 130.225 165.987
    endloop
  endfacet
  facet normal 1 -0 0
    outer loop
      vertex 3 129.123 167.504
      vertex 3 130.225 165.987
      vertex 3 129.926 167.996
    endloop
  endfacet
  facet normal 1 0 0
    outer loop
      vertex 3 130.225 165.987
      vertex 3 129.123 167.504
      vertex 3 129.733 165.567
    endloop
  endfacet
  facet normal 1 -0 0
    outer loop
      vertex 3 128.407 166.893
      vertex 3 129.733 165.567
      vertex 3 129.123 167.504
    endloop
  endfacet
  facet normal 1 0 0
    outer loop
      vertex 3 129.733 165.567
      vertex 3 128.407 166.893
      vertex 3 129.313 165.075
    endloop
  endfacet
  facet normal 1 -0 0
    outer loop
      vertex 3 127.796 166.177
      vertex 3 129.313 165.075
      vertex 3 128.407 166.893
    endloop
  endfacet
  facet normal 1 0 0
    outer loop
      vertex 3 129.313 165.075
      vertex 3 127.796 166.177
      vertex 3 128.975 164.523
    endloop
  endfacet
  facet normal 1 0 0
    outer loop
      vertex 3 128.975 164.523
      vertex 3 127.304 165.374
      vertex 3 128.727 163.925
    endloop
  endfacet
  facet normal 1 -0 0
    outer loop
      vertex 3 127.304 165.374
      vertex 3 128.975 164.523
      vertex 3 127.796 166.177
    endloop
  endfacet
  facet normal 1 0 0
    outer loop
      vertex 3 136.325 34.2227
      vertex 3 138 35.0644
      vertex 3 137.996 35.0739
    endloop
  endfacet
  facet normal 1 0 0
    outer loop
      vertex 3 138 35.0644
      vertex 3 136.775 32.35
      vertex 3 138 29.6356
    endloop
  endfacet
  facet normal 1 0 0
    outer loop
      vertex 3 136.325 34.2227
      vertex 3 137.996 35.0739
      vertex 3 137.504 35.8767
    endloop
  endfacet
  facet normal 1 -0 0
    outer loop
      vertex 3 136.724 31.7047
      vertex 3 138 29.6356
      vertex 3 136.775 32.35
    endloop
  endfacet
  facet normal 1 0 0
    outer loop
      vertex 3 135.987 34.7746
      vertex 3 137.504 35.8767
      vertex 3 136.893 36.5926
    endloop
  endfacet
  facet normal 1 -0 0
    outer loop
      vertex 3 136.573 31.0753
      vertex 3 138 29.6356
      vertex 3 136.724 31.7047
    endloop
  endfacet
  facet normal 1 -0 0
    outer loop
      vertex 3 136.325 30.4773
      vertex 3 138 29.6356
      vertex 3 136.573 31.0753
    endloop
  endfacet
  facet normal 1 0 0
    outer loop
      vertex 3 138 35.0644
      vertex 3 136.724 32.9953
      vertex 3 136.775 32.35
    endloop
  endfacet
  facet normal 1 0 0
    outer loop
      vertex 3 138 35.0644
      vertex 3 136.573 33.6247
      vertex 3 136.724 32.9953
    endloop
  endfacet
  facet normal 1 0 0
    outer loop
      vertex 3 138 35.0644
      vertex 3 136.325 34.2227
      vertex 3 136.573 33.6247
    endloop
  endfacet
  facet normal 1 0 0
    outer loop
      vertex 3 135.567 35.2668
      vertex 3 136.893 36.5926
      vertex 3 136.177 37.2041
    endloop
  endfacet
  facet normal 1 0 0
    outer loop
      vertex 3 137.504 35.8767
      vertex 3 135.987 34.7746
      vertex 3 136.325 34.2227
    endloop
  endfacet
  facet normal 1 0 0
    outer loop
      vertex 3 136.893 36.5926
      vertex 3 135.567 35.2668
      vertex 3 135.987 34.7746
    endloop
  endfacet
  facet normal 1 0 0
    outer loop
      vertex 3 135.075 35.6872
      vertex 3 136.177 37.2041
      vertex 3 135.374 37.696
    endloop
  endfacet
  facet normal 1 0 0
    outer loop
      vertex 3 136.177 37.2041
      vertex 3 135.075 35.6872
      vertex 3 135.567 35.2668
    endloop
  endfacet
  facet normal 1 0 0
    outer loop
      vertex 3 135.374 37.696
      vertex 3 134.523 36.0254
      vertex 3 135.075 35.6872
    endloop
  endfacet
  facet normal 1 0 0
    outer loop
      vertex 3 134.504 38.0563
      vertex 3 134.523 36.0254
      vertex 3 135.374 37.696
    endloop
  endfacet
  facet normal 1 0 0
    outer loop
      vertex 3 134.504 38.0563
      vertex 3 133.925 36.2731
      vertex 3 134.523 36.0254
    endloop
  endfacet
  facet normal 1 0 0
    outer loop
      vertex 3 133.589 38.2761
      vertex 3 133.925 36.2731
      vertex 3 134.504 38.0563
    endloop
  endfacet
  facet normal 1 0 0
    outer loop
      vertex 3 133.589 38.2761
      vertex 3 133.295 36.4242
      vertex 3 133.925 36.2731
    endloop
  endfacet
  facet normal 1 0 0
    outer loop
      vertex 3 132.65 38.35
      vertex 3 133.295 36.4242
      vertex 3 133.589 38.2761
    endloop
  endfacet
  facet normal 1 0 0
    outer loop
      vertex 3 132.65 38.35
      vertex 3 132.65 36.475
      vertex 3 133.295 36.4242
    endloop
  endfacet
  facet normal 1 0 0
    outer loop
      vertex 3 132.65 38.35
      vertex 3 132.005 36.4242
      vertex 3 132.65 36.475
    endloop
  endfacet
  facet normal 1 -0 0
    outer loop
      vertex 3 131.711 38.2761
      vertex 3 132.005 36.4242
      vertex 3 132.65 38.35
    endloop
  endfacet
  facet normal 1 0 0
    outer loop
      vertex 3 131.711 38.2761
      vertex 3 131.375 36.2731
      vertex 3 132.005 36.4242
    endloop
  endfacet
  facet normal 1 -0 0
    outer loop
      vertex 3 130.796 38.0563
      vertex 3 131.375 36.2731
      vertex 3 131.711 38.2761
    endloop
  endfacet
  facet normal 1 0 0
    outer loop
      vertex 3 130.796 38.0563
      vertex 3 130.777 36.0254
      vertex 3 131.375 36.2731
    endloop
  endfacet
  facet normal 1 -0 0
    outer loop
      vertex 3 129.926 37.696
      vertex 3 130.777 36.0254
      vertex 3 130.796 38.0563
    endloop
  endfacet
  facet normal 1 0 0
    outer loop
      vertex 3 130.777 36.0254
      vertex 3 129.926 37.696
      vertex 3 130.225 35.6872
    endloop
  endfacet
  facet normal 1 -0 0
    outer loop
      vertex 3 129.123 37.2041
      vertex 3 130.225 35.6872
      vertex 3 129.926 37.696
    endloop
  endfacet
  facet normal 1 0 0
    outer loop
      vertex 3 130.225 35.6872
      vertex 3 129.123 37.2041
      vertex 3 129.733 35.2668
    endloop
  endfacet
  facet normal 1 -0 0
    outer loop
      vertex 3 128.407 36.5926
      vertex 3 129.733 35.2668
      vertex 3 129.123 37.2041
    endloop
  endfacet
  facet normal 1 0 0
    outer loop
      vertex 3 129.733 35.2668
      vertex 3 128.407 36.5926
      vertex 3 129.313 34.7746
    endloop
  endfacet
  facet normal 1 -0 0
    outer loop
      vertex 3 127.796 35.8767
      vertex 3 129.313 34.7746
      vertex 3 128.407 36.5926
    endloop
  endfacet
  facet normal 1 0 0
    outer loop
      vertex 3 129.313 34.7746
      vertex 3 127.796 35.8767
      vertex 3 128.975 34.2227
    endloop
  endfacet
  facet normal 1 0 0
    outer loop
      vertex 3 128.975 34.2227
      vertex 3 127.304 35.0739
      vertex 3 128.727 33.6247
    endloop
  endfacet
  facet normal 1 -0 0
    outer loop
      vertex 3 127.304 35.0739
      vertex 3 128.975 34.2227
      vertex 3 127.796 35.8767
    endloop
  endfacet
  facet normal 1 0 0
    outer loop
      vertex 3 136.325 164.523
      vertex 3 138 165.364
      vertex 3 137.996 165.374
    endloop
  endfacet
  facet normal 1 0 0
    outer loop
      vertex 3 138 165.364
      vertex 3 136.775 162.65
      vertex 3 138 159.936
    endloop
  endfacet
  facet normal 1 0 0
    outer loop
      vertex 3 136.325 164.523
      vertex 3 137.996 165.374
      vertex 3 137.504 166.177
    endloop
  endfacet
  facet normal 1 -0 0
    outer loop
      vertex 3 136.724 162.005
      vertex 3 138 159.936
      vertex 3 136.775 162.65
    endloop
  endfacet
  facet normal 1 0 0
    outer loop
      vertex 3 135.987 165.075
      vertex 3 137.504 166.177
      vertex 3 136.893 166.893
    endloop
  endfacet
  facet normal 1 -0 0
    outer loop
      vertex 3 136.573 161.375
      vertex 3 138 159.936
      vertex 3 136.724 162.005
    endloop
  endfacet
  facet normal 1 -0 0
    outer loop
      vertex 3 136.325 160.777
      vertex 3 138 159.936
      vertex 3 136.573 161.375
    endloop
  endfacet
  facet normal 1 0 0
    outer loop
      vertex 3 138 165.364
      vertex 3 136.724 163.295
      vertex 3 136.775 162.65
    endloop
  endfacet
  facet normal 1 0 0
    outer loop
      vertex 3 138 165.364
      vertex 3 136.573 163.925
      vertex 3 136.724 163.295
    endloop
  endfacet
  facet normal 1 0 0
    outer loop
      vertex 3 138 165.364
      vertex 3 136.325 164.523
      vertex 3 136.573 163.925
    endloop
  endfacet
  facet normal 1 0 0
    outer loop
      vertex 3 135.567 165.567
      vertex 3 136.893 166.893
      vertex 3 136.177 167.504
    endloop
  endfacet
  facet normal 1 0 0
    outer loop
      vertex 3 137.504 166.177
      vertex 3 135.987 165.075
      vertex 3 136.325 164.523
    endloop
  endfacet
  facet normal 1 0 0
    outer loop
      vertex 3 136.893 166.893
      vertex 3 135.567 165.567
      vertex 3 135.987 165.075
    endloop
  endfacet
  facet normal 1 0 0
    outer loop
      vertex 3 135.075 165.987
      vertex 3 136.177 167.504
      vertex 3 135.374 167.996
    endloop
  endfacet
  facet normal 1 0 0
    outer loop
      vertex 3 134.523 166.325
      vertex 3 135.374 167.996
      vertex 3 135.364 168
    endloop
  endfacet
  facet normal 1 0 0
    outer loop
      vertex 3 136.177 167.504
      vertex 3 135.075 165.987
      vertex 3 135.567 165.567
    endloop
  endfacet
  facet normal 1 0 0
    outer loop
      vertex 3 138 165.364
      vertex 3 140 170
      vertex 3 138 168
    endloop
  endfacet
  facet normal 1 0 0
    outer loop
      vertex 3 140 170
      vertex 3 135.364 168
      vertex 3 138 168
    endloop
  endfacet
  facet normal 1 0 0
    outer loop
      vertex 3 135.374 167.996
      vertex 3 134.523 166.325
      vertex 3 135.075 165.987
    endloop
  endfacet
  facet normal 1 0 0
    outer loop
      vertex 3 135.364 168
      vertex 3 133.925 166.573
      vertex 3 134.523 166.325
    endloop
  endfacet
  facet normal 1 0 0
    outer loop
      vertex 3 135.364 168
      vertex 3 133.295 166.724
      vertex 3 133.925 166.573
    endloop
  endfacet
  facet normal 1 0 0
    outer loop
      vertex 3 135.364 168
      vertex 3 132.65 166.775
      vertex 3 133.295 166.724
    endloop
  endfacet
  facet normal 1 -0 0
    outer loop
      vertex 3 129.936 168
      vertex 3 132.65 166.775
      vertex 3 135.364 168
    endloop
  endfacet
  facet normal 1 0 0
    outer loop
      vertex 3 129.936 168
      vertex 3 135.364 168
      vertex 3 140 170
    endloop
  endfacet
  facet normal 1 0 0
    outer loop
      vertex 3 132.65 166.775
      vertex 3 129.936 168
      vertex 3 132.005 166.724
    endloop
  endfacet
  facet normal 1 -0 0
    outer loop
      vertex 3 129.926 167.996
      vertex 3 130.777 166.325
      vertex 3 129.936 168
    endloop
  endfacet
  facet normal 1 0 0
    outer loop
      vertex 3 131.375 166.573
      vertex 3 129.936 168
      vertex 3 130.777 166.325
    endloop
  endfacet
  facet normal 1 0 0
    outer loop
      vertex 3 132.005 166.724
      vertex 3 129.936 168
      vertex 3 131.375 166.573
    endloop
  endfacet
  facet normal 1 0 0
    outer loop
      vertex 3 140 170
      vertex 3 102.064 168
      vertex 3 129.936 168
    endloop
  endfacet
  facet normal 1 0 0
    outer loop
      vertex 3 102.074 167.996
      vertex 3 101.223 166.325
      vertex 3 101.775 165.987
    endloop
  endfacet
  facet normal 1 0 0
    outer loop
      vertex 3 102.064 168
      vertex 3 100.625 166.573
      vertex 3 101.223 166.325
    endloop
  endfacet
  facet normal 1 0 0
    outer loop
      vertex 3 102.064 168
      vertex 3 99.9953 166.724
      vertex 3 100.625 166.573
    endloop
  endfacet
  facet normal 1 0 0
    outer loop
      vertex 3 102.064 168
      vertex 3 99.35 166.775
      vertex 3 99.9953 166.724
    endloop
  endfacet
  facet normal 1 -0 0
    outer loop
      vertex 3 96.6356 168
      vertex 3 99.35 166.775
      vertex 3 102.064 168
    endloop
  endfacet
  facet normal 1 0 0
    outer loop
      vertex 3 99.35 166.775
      vertex 3 96.6356 168
      vertex 3 98.7047 166.724
    endloop
  endfacet
  facet normal 1 -0 0
    outer loop
      vertex 3 96.6261 167.996
      vertex 3 97.4773 166.325
      vertex 3 96.6356 168
    endloop
  endfacet
  facet normal 1 0 0
    outer loop
      vertex 3 98.0753 166.573
      vertex 3 96.6356 168
      vertex 3 97.4773 166.325
    endloop
  endfacet
  facet normal 1 0 0
    outer loop
      vertex 3 98.7047 166.724
      vertex 3 96.6356 168
      vertex 3 98.0753 166.573
    endloop
  endfacet
  facet normal 1 -0 0
    outer loop
      vertex 3 92 170
      vertex 3 102.064 168
      vertex 3 140 170
    endloop
  endfacet
  facet normal 1 0 0
    outer loop
      vertex 3 102.064 168
      vertex 3 92 170
      vertex 3 96.6356 168
    endloop
  endfacet
  facet normal 1 0 0
    outer loop
      vertex 3 92 170
      vertex 3 94 165.364
      vertex 3 94 168
    endloop
  endfacet
  facet normal 1 0 0
    outer loop
      vertex 3 94 165.364
      vertex 3 92 170
      vertex 3 94 159.936
    endloop
  endfacet
  facet normal 1 0 0
    outer loop
      vertex 3 94 159.936
      vertex 3 92 170
      vertex 3 94 35.0644
    endloop
  endfacet
  facet normal 1 0 0
    outer loop
      vertex 3 92 25
      vertex 3 94 35.0644
      vertex 3 92 170
    endloop
  endfacet
  facet normal 1 0 0
    outer loop
      vertex 3 94 35.0644
      vertex 3 92 25
      vertex 3 94 29.6356
    endloop
  endfacet
  facet normal 1 0 0
    outer loop
      vertex 3 96.6356 168
      vertex 3 92 170
      vertex 3 94 168
    endloop
  endfacet
  facet normal 1 0 0
    outer loop
      vertex 3 138 159.936
      vertex 3 140 170
      vertex 3 138 165.364
    endloop
  endfacet
  facet normal 1 0 0
    outer loop
      vertex 3 140 170
      vertex 3 138 159.936
      vertex 3 140 25
    endloop
  endfacet
  facet normal 1 -0 0
    outer loop
      vertex 3 138 35.0644
      vertex 3 140 25
      vertex 3 138 159.936
    endloop
  endfacet
  facet normal 1 -0 0
    outer loop
      vertex 3 138 29.6356
      vertex 3 140 25
      vertex 3 138 35.0644
    endloop
  endfacet
  facet normal 1 -0 0
    outer loop
      vertex 3 138 27
      vertex 3 140 25
      vertex 3 138 29.6356
    endloop
  endfacet
  facet normal 1 -0 0
    outer loop
      vertex 3 135.364 27
      vertex 3 140 25
      vertex 3 138 27
    endloop
  endfacet
  facet normal 1 0 0
    outer loop
      vertex 3 135.374 27.004
      vertex 3 134.523 28.6746
      vertex 3 135.364 27
    endloop
  endfacet
  facet normal 1 -0 0
    outer loop
      vertex 3 133.925 28.4269
      vertex 3 135.364 27
      vertex 3 134.523 28.6746
    endloop
  endfacet
  facet normal 1 -0 0
    outer loop
      vertex 3 133.295 28.2758
      vertex 3 135.364 27
      vertex 3 133.925 28.4269
    endloop
  endfacet
  facet normal 1 -0 0
    outer loop
      vertex 3 132.65 28.225
      vertex 3 135.364 27
      vertex 3 133.295 28.2758
    endloop
  endfacet
  facet normal 1 0 0
    outer loop
      vertex 3 129.936 27
      vertex 3 132.65 28.225
      vertex 3 132.005 28.2758
    endloop
  endfacet
  facet normal 1 0 0
    outer loop
      vertex 3 132.65 28.225
      vertex 3 129.936 27
      vertex 3 135.364 27
    endloop
  endfacet
  facet normal 1 0 0
    outer loop
      vertex 3 129.936 27
      vertex 3 132.005 28.2758
      vertex 3 131.375 28.4269
    endloop
  endfacet
  facet normal 1 0 0
    outer loop
      vertex 3 129.926 27.004
      vertex 3 130.777 28.6746
      vertex 3 130.225 29.0128
    endloop
  endfacet
  facet normal 1 0 0
    outer loop
      vertex 3 129.936 27
      vertex 3 131.375 28.4269
      vertex 3 130.777 28.6746
    endloop
  endfacet
  facet normal 1 0 0
    outer loop
      vertex 3 135.364 27
      vertex 3 129.936 27
      vertex 3 140 25
    endloop
  endfacet
  facet normal 1 -0 0
    outer loop
      vertex 3 102.064 27
      vertex 3 140 25
      vertex 3 129.936 27
    endloop
  endfacet
  facet normal 1 0 0
    outer loop
      vertex 3 102.074 27.004
      vertex 3 101.223 28.6746
      vertex 3 102.064 27
    endloop
  endfacet
  facet normal 1 -0 0
    outer loop
      vertex 3 100.625 28.4269
      vertex 3 102.064 27
      vertex 3 101.223 28.6746
    endloop
  endfacet
  facet normal 1 -0 0
    outer loop
      vertex 3 99.9953 28.2758
      vertex 3 102.064 27
      vertex 3 100.625 28.4269
    endloop
  endfacet
  facet normal 1 -0 0
    outer loop
      vertex 3 99.35 28.225
      vertex 3 102.064 27
      vertex 3 99.9953 28.2758
    endloop
  endfacet
  facet normal 1 0 0
    outer loop
      vertex 3 96.6356 27
      vertex 3 99.35 28.225
      vertex 3 98.7047 28.2758
    endloop
  endfacet
  facet normal 1 0 0
    outer loop
      vertex 3 96.6356 27
      vertex 3 98.7047 28.2758
      vertex 3 98.0753 28.4269
    endloop
  endfacet
  facet normal 1 0 0
    outer loop
      vertex 3 96.6261 27.004
      vertex 3 97.4773 28.6746
      vertex 3 96.9254 29.0128
    endloop
  endfacet
  facet normal 1 0 0
    outer loop
      vertex 3 96.6356 27
      vertex 3 98.0753 28.4269
      vertex 3 97.4773 28.6746
    endloop
  endfacet
  facet normal 1 0 0
    outer loop
      vertex 3 99.35 28.225
      vertex 3 96.6356 27
      vertex 3 102.064 27
    endloop
  endfacet
  facet normal 1 0 0
    outer loop
      vertex 3 92 25
      vertex 3 102.064 27
      vertex 3 96.6356 27
    endloop
  endfacet
  facet normal 1 0 0
    outer loop
      vertex 3 92 25
      vertex 3 96.6356 27
      vertex 3 94 27
    endloop
  endfacet
  facet normal 1 0 0
    outer loop
      vertex 3 102.064 27
      vertex 3 92 25
      vertex 3 140 25
    endloop
  endfacet
  facet normal 1 0 0
    outer loop
      vertex 3 94 29.6356
      vertex 3 92 25
      vertex 3 94 27
    endloop
  endfacet
  facet normal 1 0 0
    outer loop
      vertex 3 138 159.936
      vertex 3 136.325 160.777
      vertex 3 137.996 159.926
    endloop
  endfacet
  facet normal 1 0 0
    outer loop
      vertex 3 137.996 159.926
      vertex 3 136.325 160.777
      vertex 3 137.504 159.123
    endloop
  endfacet
  facet normal 1 -0 0
    outer loop
      vertex 3 135.987 160.225
      vertex 3 137.504 159.123
      vertex 3 136.325 160.777
    endloop
  endfacet
  facet normal 1 0 0
    outer loop
      vertex 3 137.504 159.123
      vertex 3 135.987 160.225
      vertex 3 136.893 158.407
    endloop
  endfacet
  facet normal 1 -0 0
    outer loop
      vertex 3 135.567 159.733
      vertex 3 136.893 158.407
      vertex 3 135.987 160.225
    endloop
  endfacet
  facet normal 1 0 0
    outer loop
      vertex 3 136.893 158.407
      vertex 3 135.567 159.733
      vertex 3 136.177 157.796
    endloop
  endfacet
  facet normal 1 -0 0
    outer loop
      vertex 3 135.075 159.313
      vertex 3 136.177 157.796
      vertex 3 135.567 159.733
    endloop
  endfacet
  facet normal 1 0 0
    outer loop
      vertex 3 136.177 157.796
      vertex 3 135.075 159.313
      vertex 3 135.374 157.304
    endloop
  endfacet
  facet normal 1 -0 0
    outer loop
      vertex 3 134.523 158.975
      vertex 3 135.374 157.304
      vertex 3 135.075 159.313
    endloop
  endfacet
  facet normal 1 0 0
    outer loop
      vertex 3 134.523 158.975
      vertex 3 134.504 156.944
      vertex 3 135.374 157.304
    endloop
  endfacet
  facet normal 1 -0 0
    outer loop
      vertex 3 133.925 158.727
      vertex 3 134.504 156.944
      vertex 3 134.523 158.975
    endloop
  endfacet
  facet normal 1 0 0
    outer loop
      vertex 3 133.925 158.727
      vertex 3 133.589 156.724
      vertex 3 134.504 156.944
    endloop
  endfacet
  facet normal 1 -0 0
    outer loop
      vertex 3 133.295 158.576
      vertex 3 133.589 156.724
      vertex 3 133.925 158.727
    endloop
  endfacet
  facet normal 1 -0 0
    outer loop
      vertex 3 132.65 158.525
      vertex 3 133.589 156.724
      vertex 3 133.295 158.576
    endloop
  endfacet
  facet normal 1 0 0
    outer loop
      vertex 3 132.65 158.525
      vertex 3 132.65 156.65
      vertex 3 133.589 156.724
    endloop
  endfacet
  facet normal 1 0 0
    outer loop
      vertex 3 132.005 158.576
      vertex 3 132.65 156.65
      vertex 3 132.65 158.525
    endloop
  endfacet
  facet normal 1 0 0
    outer loop
      vertex 3 132.005 158.576
      vertex 3 131.711 156.724
      vertex 3 132.65 156.65
    endloop
  endfacet
  facet normal 1 0 0
    outer loop
      vertex 3 131.375 158.727
      vertex 3 131.711 156.724
      vertex 3 132.005 158.576
    endloop
  endfacet
  facet normal 1 0 0
    outer loop
      vertex 3 131.375 158.727
      vertex 3 130.796 156.944
      vertex 3 131.711 156.724
    endloop
  endfacet
  facet normal 1 0 0
    outer loop
      vertex 3 130.777 158.975
      vertex 3 130.796 156.944
      vertex 3 131.375 158.727
    endloop
  endfacet
  facet normal 1 0 0
    outer loop
      vertex 3 129.926 157.304
      vertex 3 130.777 158.975
      vertex 3 130.225 159.313
    endloop
  endfacet
  facet normal 1 0 0
    outer loop
      vertex 3 130.777 158.975
      vertex 3 129.926 157.304
      vertex 3 130.796 156.944
    endloop
  endfacet
  facet normal 1 0 0
    outer loop
      vertex 3 129.123 157.796
      vertex 3 130.225 159.313
      vertex 3 129.733 159.733
    endloop
  endfacet
  facet normal 1 0 0
    outer loop
      vertex 3 128.407 158.407
      vertex 3 129.733 159.733
      vertex 3 129.313 160.225
    endloop
  endfacet
  facet normal 1 0 0
    outer loop
      vertex 3 130.225 159.313
      vertex 3 129.123 157.796
      vertex 3 129.926 157.304
    endloop
  endfacet
  facet normal 1 0 0
    outer loop
      vertex 3 127.796 159.123
      vertex 3 129.313 160.225
      vertex 3 128.975 160.777
    endloop
  endfacet
  facet normal 1 0 0
    outer loop
      vertex 3 127.304 159.926
      vertex 3 128.975 160.777
      vertex 3 128.727 161.375
    endloop
  endfacet
  facet normal 1 0 0
    outer loop
      vertex 3 126.944 160.796
      vertex 3 128.727 161.375
      vertex 3 128.576 162.005
    endloop
  endfacet
  facet normal 1 0 0
    outer loop
      vertex 3 129.733 159.733
      vertex 3 128.407 158.407
      vertex 3 129.123 157.796
    endloop
  endfacet
  facet normal 1 0 0
    outer loop
      vertex 3 126.724 161.711
      vertex 3 128.576 162.005
      vertex 3 128.525 162.65
    endloop
  endfacet
  facet normal 1 -0 0
    outer loop
      vertex 3 126.944 164.504
      vertex 3 128.727 163.925
      vertex 3 127.304 165.374
    endloop
  endfacet
  facet normal 1 0 0
    outer loop
      vertex 3 128.727 163.925
      vertex 3 126.944 164.504
      vertex 3 128.576 163.295
    endloop
  endfacet
  facet normal 1 0 0
    outer loop
      vertex 3 129.313 160.225
      vertex 3 127.796 159.123
      vertex 3 128.407 158.407
    endloop
  endfacet
  facet normal 1 -0 0
    outer loop
      vertex 3 126.724 163.589
      vertex 3 128.576 163.295
      vertex 3 126.944 164.504
    endloop
  endfacet
  facet normal 1 0 0
    outer loop
      vertex 3 128.975 160.777
      vertex 3 127.304 159.926
      vertex 3 127.796 159.123
    endloop
  endfacet
  facet normal 1 0 0
    outer loop
      vertex 3 128.576 163.295
      vertex 3 126.724 163.589
      vertex 3 128.525 162.65
    endloop
  endfacet
  facet normal 1 0 0
    outer loop
      vertex 3 128.727 161.375
      vertex 3 126.944 160.796
      vertex 3 127.304 159.926
    endloop
  endfacet
  facet normal 1 0 0
    outer loop
      vertex 3 126.65 162.65
      vertex 3 128.525 162.65
      vertex 3 126.724 163.589
    endloop
  endfacet
  facet normal 1 0 0
    outer loop
      vertex 3 128.576 162.005
      vertex 3 126.724 161.711
      vertex 3 126.944 160.796
    endloop
  endfacet
  facet normal 1 0 0
    outer loop
      vertex 3 128.525 162.65
      vertex 3 126.65 162.65
      vertex 3 126.724 161.711
    endloop
  endfacet
  facet normal 1 0 0
    outer loop
      vertex 3 138 29.6356
      vertex 3 136.325 30.4773
      vertex 3 137.996 29.6261
    endloop
  endfacet
  facet normal 1 0 0
    outer loop
      vertex 3 137.996 29.6261
      vertex 3 136.325 30.4773
      vertex 3 137.504 28.8233
    endloop
  endfacet
  facet normal 1 -0 0
    outer loop
      vertex 3 135.987 29.9254
      vertex 3 137.504 28.8233
      vertex 3 136.325 30.4773
    endloop
  endfacet
  facet normal 1 0 0
    outer loop
      vertex 3 137.504 28.8233
      vertex 3 135.987 29.9254
      vertex 3 136.893 28.1074
    endloop
  endfacet
  facet normal 1 -0 0
    outer loop
      vertex 3 135.567 29.4332
      vertex 3 136.893 28.1074
      vertex 3 135.987 29.9254
    endloop
  endfacet
  facet normal 1 0 0
    outer loop
      vertex 3 136.893 28.1074
      vertex 3 135.567 29.4332
      vertex 3 136.177 27.4959
    endloop
  endfacet
  facet normal 1 -0 0
    outer loop
      vertex 3 135.075 29.0128
      vertex 3 136.177 27.4959
      vertex 3 135.567 29.4332
    endloop
  endfacet
  facet normal 1 0 0
    outer loop
      vertex 3 136.177 27.4959
      vertex 3 135.075 29.0128
      vertex 3 135.374 27.004
    endloop
  endfacet
  facet normal 1 -0 0
    outer loop
      vertex 3 134.523 28.6746
      vertex 3 135.374 27.004
      vertex 3 135.075 29.0128
    endloop
  endfacet
  facet normal 0 0 -1
    outer loop
      vertex 0 135.364 168
      vertex 3 138 168
      vertex 3 135.364 168
    endloop
  endfacet
  facet normal -0 0 -1
    outer loop
      vertex 3 138 168
      vertex 0 135.364 168
      vertex 0 138 168
    endloop
  endfacet
  facet normal 0 0 -1
    outer loop
      vertex 0 94 168
      vertex 3 96.6356 168
      vertex 3 94 168
    endloop
  endfacet
  facet normal -0 0 -1
    outer loop
      vertex 3 96.6356 168
      vertex 0 94 168
      vertex 0 96.6356 168
    endloop
  endfacet
  facet normal 0 0 -1
    outer loop
      vertex 0 102.064 168
      vertex 3 129.936 168
      vertex 3 102.064 168
    endloop
  endfacet
  facet normal -0 0 -1
    outer loop
      vertex 3 129.936 168
      vertex 0 102.064 168
      vertex 0 129.936 168
    endloop
  endfacet
  facet normal -0 0 1
    outer loop
      vertex 0 138 27
      vertex 3 135.364 27
      vertex 3 138 27
    endloop
  endfacet
  facet normal 0 0 1
    outer loop
      vertex 3 135.364 27
      vertex 0 138 27
      vertex 0 135.364 27
    endloop
  endfacet
  facet normal -0 0 1
    outer loop
      vertex 0 96.6356 27
      vertex 3 94 27
      vertex 3 96.6356 27
    endloop
  endfacet
  facet normal 0 0 1
    outer loop
      vertex 3 94 27
      vertex 0 96.6356 27
      vertex 0 94 27
    endloop
  endfacet
  facet normal -0 0 1
    outer loop
      vertex 0 129.936 27
      vertex 3 102.064 27
      vertex 3 129.936 27
    endloop
  endfacet
  facet normal 0 0 1
    outer loop
      vertex 3 102.064 27
      vertex 0 129.936 27
      vertex 0 102.064 27
    endloop
  endfacet
  facet normal 0 -1 0
    outer loop
      vertex 0 138 165.364
      vertex 3 138 168
      vertex 0 138 168
    endloop
  endfacet
  facet normal 0 -1 -0
    outer loop
      vertex 3 138 168
      vertex 0 138 165.364
      vertex 3 138 165.364
    endloop
  endfacet
  facet normal 0 -1 0
    outer loop
      vertex 0 138 27
      vertex 3 138 29.6356
      vertex 0 138 29.6356
    endloop
  endfacet
  facet normal 0 -1 -0
    outer loop
      vertex 3 138 29.6356
      vertex 0 138 27
      vertex 3 138 27
    endloop
  endfacet
  facet normal 0 -1 0
    outer loop
      vertex 0 138 35.0644
      vertex 3 138 159.936
      vertex 0 138 159.936
    endloop
  endfacet
  facet normal 0 -1 -0
    outer loop
      vertex 3 138 159.936
      vertex 0 138 35.0644
      vertex 3 138 35.0644
    endloop
  endfacet
  facet normal 0 1 -0
    outer loop
      vertex 3 94 165.364
      vertex 0 94 168
      vertex 3 94 168
    endloop
  endfacet
  facet normal 0 1 0
    outer loop
      vertex 0 94 168
      vertex 3 94 165.364
      vertex 0 94 165.364
    endloop
  endfacet
  facet normal 0 1 -0
    outer loop
      vertex 3 94 27
      vertex 0 94 29.6356
      vertex 3 94 29.6356
    endloop
  endfacet
  facet normal 0 1 0
    outer loop
      vertex 0 94 29.6356
      vertex 3 94 27
      vertex 0 94 27
    endloop
  endfacet
  facet normal 0 1 -0
    outer loop
      vertex 3 94 35.0644
      vertex 0 94 159.936
      vertex 3 94 159.936
    endloop
  endfacet
  facet normal 0 1 0
    outer loop
      vertex 0 94 159.936
      vertex 3 94 35.0644
      vertex 0 94 35.0644
    endloop
  endfacet
  facet normal 0 -0.233453 -0.972368
    outer loop
      vertex -1.5 97.4959 26.6437
      vertex 0 98.4114 26.4239
      vertex 0 97.4959 26.6437
    endloop
  endfacet
  facet normal -0 -0.233453 -0.972368
    outer loop
      vertex 0 98.4114 26.4239
      vertex -1.5 97.4959 26.6437
      vertex -1.5 98.4114 26.4239
    endloop
  endfacet
  facet normal -0 0.233574 0.972339
    outer loop
      vertex -1.5 101.204 38.0563
      vertex 3 100.289 38.2761
      vertex 3 101.204 38.0563
    endloop
  endfacet
  facet normal 0 0.233574 0.972339
    outer loop
      vertex 3 100.289 38.2761
      vertex -1.5 101.204 38.0563
      vertex -1.5 100.289 38.2761
    endloop
  endfacet
  facet normal -0 0.0784581 0.996917
    outer loop
      vertex -1.5 100.289 38.2761
      vertex 3 99.35 38.35
      vertex 3 100.289 38.2761
    endloop
  endfacet
  facet normal 0 0.0784581 0.996917
    outer loop
      vertex 3 99.35 38.35
      vertex -1.5 100.289 38.2761
      vertex -1.5 99.35 38.35
    endloop
  endfacet
  facet normal -0 0.382624 0.923904
    outer loop
      vertex -1.5 102.074 37.696
      vertex 3 101.204 38.0563
      vertex 3 102.074 37.696
    endloop
  endfacet
  facet normal 0 0.382624 0.923904
    outer loop
      vertex 3 101.204 38.0563
      vertex -1.5 102.074 37.696
      vertex -1.5 101.204 38.0563
    endloop
  endfacet
  facet normal 0 -0.921635 0.388057
    outer loop
      vertex -1.5 94.004 35.0739
      vertex 0 94 35.0644
      vertex 3 94.004 35.0739
    endloop
  endfacet
  facet normal -3.99021e-05 -0.923873 0.382699
    outer loop
      vertex -1.5 93.6437 34.2041
      vertex 0 94 35.0644
      vertex -1.5 94.004 35.0739
    endloop
  endfacet
  facet normal 0 -0.923898 0.382639
    outer loop
      vertex 0 94 35.0644
      vertex -1.5 93.6437 34.2041
      vertex 0 93.6437 34.2041
    endloop
  endfacet
  facet normal 0 -0.921635 0.388057
    outer loop
      vertex 3 94.004 35.0739
      vertex 0 94 35.0644
      vertex 3 94 35.0644
    endloop
  endfacet
  facet normal 0 -0.522455 0.852667
    outer loop
      vertex -1.5 96.6261 37.696
      vertex 3 95.8233 37.2041
      vertex 3 96.6261 37.696
    endloop
  endfacet
  facet normal 0 -0.522455 0.852667
    outer loop
      vertex 3 95.8233 37.2041
      vertex -1.5 96.6261 37.696
      vertex -1.5 95.8233 37.2041
    endloop
  endfacet
  facet normal 0 0.760635 -0.64918
    outer loop
      vertex 3 103.593 28.1074
      vertex -1.5 104.204 28.8233
      vertex 3 104.204 28.8233
    endloop
  endfacet
  facet normal 0 0.760635 -0.64918
    outer loop
      vertex -1.5 104.204 28.8233
      vertex 3 103.593 28.1074
      vertex -1.5 103.593 28.1074
    endloop
  endfacet
  facet normal 0 0.923986 -0.382427
    outer loop
      vertex 3 104.696 29.6261
      vertex -1.5 105.056 30.4959
      vertex 3 105.056 30.4959
    endloop
  endfacet
  facet normal 0 0.923986 -0.382427
    outer loop
      vertex -1.5 105.056 30.4959
      vertex 3 104.696 29.6261
      vertex -1.5 104.696 29.6261
    endloop
  endfacet
  facet normal 0 -0.649487 0.760373
    outer loop
      vertex -1.5 95.8233 37.2041
      vertex 3 95.1074 36.5926
      vertex 3 95.8233 37.2041
    endloop
  endfacet
  facet normal 0 -0.649487 0.760373
    outer loop
      vertex 3 95.1074 36.5926
      vertex -1.5 95.8233 37.2041
      vertex -1.5 95.1074 36.5926
    endloop
  endfacet
  facet normal 0 -0.0784914 0.996915
    outer loop
      vertex -1.5 99.35 38.35
      vertex 3 98.4114 38.2761
      vertex 3 99.35 38.35
    endloop
  endfacet
  facet normal 0 -0.0784914 0.996915
    outer loop
      vertex 3 98.4114 38.2761
      vertex -1.5 99.35 38.35
      vertex -1.5 98.4114 38.2761
    endloop
  endfacet
  facet normal 0 -0.382699 0.923873
    outer loop
      vertex -1.5 97.4959 38.0563
      vertex 3 96.6261 37.696
      vertex 3 97.4959 38.0563
    endloop
  endfacet
  facet normal 0 -0.382699 0.923873
    outer loop
      vertex 3 96.6261 37.696
      vertex -1.5 97.4959 38.0563
      vertex -1.5 96.6261 37.696
    endloop
  endfacet
  facet normal 0 -0.388057 -0.921635
    outer loop
      vertex 3 96.6261 27.004
      vertex 0 96.6356 27
      vertex 3 96.6356 27
    endloop
  endfacet
  facet normal 0 -0.388057 -0.921635
    outer loop
      vertex -1.5 96.6261 27.004
      vertex 0 96.6356 27
      vertex 3 96.6261 27.004
    endloop
  endfacet
  facet normal -4.03438e-05 -0.382639 -0.923898
    outer loop
      vertex -1.5 96.6261 27.004
      vertex 0 97.4959 26.6437
      vertex 0 96.6356 27
    endloop
  endfacet
  facet normal -0 -0.382699 -0.923873
    outer loop
      vertex 0 97.4959 26.6437
      vertex -1.5 96.6261 27.004
      vertex -1.5 97.4959 26.6437
    endloop
  endfacet
  facet normal 0 0.0784581 -0.996917
    outer loop
      vertex -1.5 99.35 26.35
      vertex 0 100.289 26.4239
      vertex 0 99.35 26.35
    endloop
  endfacet
  facet normal 0 0.0784581 -0.996917
    outer loop
      vertex 0 100.289 26.4239
      vertex -1.5 99.35 26.35
      vertex -1.5 100.289 26.4239
    endloop
  endfacet
  facet normal 0 0.233574 -0.972339
    outer loop
      vertex -1.5 100.289 26.4239
      vertex 0 101.204 26.6437
      vertex 0 100.289 26.4239
    endloop
  endfacet
  facet normal 0 0.233574 -0.972339
    outer loop
      vertex 0 101.204 26.6437
      vertex -1.5 100.289 26.4239
      vertex -1.5 101.204 26.6437
    endloop
  endfacet
  facet normal 0 0.97232 0.233654
    outer loop
      vertex 3 105.276 33.2886
      vertex -1.5 105.056 34.2041
      vertex 3 105.056 34.2041
    endloop
  endfacet
  facet normal 0 0.97232 0.233654
    outer loop
      vertex -1.5 105.056 34.2041
      vertex 3 105.276 33.2886
      vertex -1.5 105.276 33.2886
    endloop
  endfacet
  facet normal 0 0.996906 -0.0785969
    outer loop
      vertex 3 105.276 31.4114
      vertex -1.5 105.35 32.35
      vertex 3 105.35 32.35
    endloop
  endfacet
  facet normal 0 0.996906 -0.0785969
    outer loop
      vertex -1.5 105.35 32.35
      vertex 3 105.276 31.4114
      vertex -1.5 105.276 31.4114
    endloop
  endfacet
  facet normal 0 -0.649487 -0.760373
    outer loop
      vertex -1.5 95.1074 28.1074
      vertex 3 95.8233 27.4959
      vertex 3 95.1074 28.1074
    endloop
  endfacet
  facet normal -0 -0.649487 -0.760373
    outer loop
      vertex 3 95.8233 27.4959
      vertex -1.5 95.1074 28.1074
      vertex -1.5 95.8233 27.4959
    endloop
  endfacet
  facet normal 0 -0.972368 -0.233453
    outer loop
      vertex -1.5 93.6437 30.4959
      vertex 0 93.4239 31.4114
      vertex -1.5 93.4239 31.4114
    endloop
  endfacet
  facet normal 0 -0.972368 -0.233453
    outer loop
      vertex 0 93.4239 31.4114
      vertex -1.5 93.6437 30.4959
      vertex 0 93.6437 30.4959
    endloop
  endfacet
  facet normal 0 -0.760373 -0.649487
    outer loop
      vertex -1.5 95.1074 28.1074
      vertex 3 94.4959 28.8233
      vertex -1.5 94.4959 28.8233
    endloop
  endfacet
  facet normal 0 -0.760373 -0.649487
    outer loop
      vertex 3 94.4959 28.8233
      vertex -1.5 95.1074 28.1074
      vertex 3 95.1074 28.1074
    endloop
  endfacet
  facet normal -0 0.52236 0.852725
    outer loop
      vertex -1.5 102.877 37.2041
      vertex 3 102.074 37.696
      vertex 3 102.877 37.2041
    endloop
  endfacet
  facet normal 0 0.52236 0.852725
    outer loop
      vertex 3 102.074 37.696
      vertex -1.5 102.877 37.2041
      vertex -1.5 102.074 37.696
    endloop
  endfacet
  facet normal 0 0.382753 -0.923851
    outer loop
      vertex 0 101.204 26.6437
      vertex -1.5 101.204 26.6437
      vertex 0 102.064 27
    endloop
  endfacet
  facet normal 0 0.371391 -0.928477
    outer loop
      vertex 0 102.064 27
      vertex 3 102.074 27.004
      vertex 3 102.064 27
    endloop
  endfacet
  facet normal 0 0.371391 -0.928477
    outer loop
      vertex 0 102.064 27
      vertex -1.5 102.074 27.004
      vertex 3 102.074 27.004
    endloop
  endfacet
  facet normal 8.70806e-05 0.382624 -0.923904
    outer loop
      vertex -1.5 102.074 27.004
      vertex 0 102.064 27
      vertex -1.5 101.204 26.6437
    endloop
  endfacet
  facet normal 0 0.85262 -0.522532
    outer loop
      vertex 3 104.204 28.8233
      vertex -1.5 104.696 29.6261
      vertex 3 104.696 29.6261
    endloop
  endfacet
  facet normal 0 0.85262 -0.522532
    outer loop
      vertex -1.5 104.696 29.6261
      vertex 3 104.204 28.8233
      vertex -1.5 104.204 28.8233
    endloop
  endfacet
  facet normal 0 -0.996915 -0.0784914
    outer loop
      vertex -1.5 93.4239 31.4114
      vertex 0 93.35 32.35
      vertex -1.5 93.35 32.35
    endloop
  endfacet
  facet normal 0 -0.996915 -0.0784914
    outer loop
      vertex 0 93.35 32.35
      vertex -1.5 93.4239 31.4114
      vertex 0 93.4239 31.4114
    endloop
  endfacet
  facet normal 0 0.85262 0.522532
    outer loop
      vertex 3 104.696 35.0739
      vertex -1.5 104.204 35.8767
      vertex 3 104.204 35.8767
    endloop
  endfacet
  facet normal 0 0.85262 0.522532
    outer loop
      vertex -1.5 104.204 35.8767
      vertex 3 104.696 35.0739
      vertex -1.5 104.696 35.0739
    endloop
  endfacet
  facet normal 0 -0.852667 0.522455
    outer loop
      vertex -1.5 94.004 35.0739
      vertex 3 94.4959 35.8767
      vertex -1.5 94.4959 35.8767
    endloop
  endfacet
  facet normal 0 -0.852667 0.522455
    outer loop
      vertex 3 94.4959 35.8767
      vertex -1.5 94.004 35.0739
      vertex 3 94.004 35.0739
    endloop
  endfacet
  facet normal 0 0.649435 -0.760417
    outer loop
      vertex -1.5 102.877 27.4959
      vertex 3 103.593 28.1074
      vertex 3 102.877 27.4959
    endloop
  endfacet
  facet normal 0 0.649435 -0.760417
    outer loop
      vertex 3 103.593 28.1074
      vertex -1.5 102.877 27.4959
      vertex -1.5 103.593 28.1074
    endloop
  endfacet
  facet normal 0 0.97232 -0.233654
    outer loop
      vertex 3 105.056 30.4959
      vertex -1.5 105.276 31.4114
      vertex 3 105.276 31.4114
    endloop
  endfacet
  facet normal 0 0.97232 -0.233654
    outer loop
      vertex -1.5 105.276 31.4114
      vertex 3 105.056 30.4959
      vertex -1.5 105.056 30.4959
    endloop
  endfacet
  facet normal 0 -0.852667 -0.522455
    outer loop
      vertex -1.5 94.4959 28.8233
      vertex 3 94.004 29.6261
      vertex -1.5 94.004 29.6261
    endloop
  endfacet
  facet normal 0 -0.852667 -0.522455
    outer loop
      vertex 3 94.004 29.6261
      vertex -1.5 94.4959 28.8233
      vertex 3 94.4959 28.8233
    endloop
  endfacet
  facet normal -0 0.649435 0.760417
    outer loop
      vertex -1.5 103.593 36.5926
      vertex 3 102.877 37.2041
      vertex 3 103.593 36.5926
    endloop
  endfacet
  facet normal 0 0.649435 0.760417
    outer loop
      vertex 3 102.877 37.2041
      vertex -1.5 103.593 36.5926
      vertex -1.5 102.877 37.2041
    endloop
  endfacet
  facet normal 0 0.760635 0.64918
    outer loop
      vertex 3 104.204 35.8767
      vertex -1.5 103.593 36.5926
      vertex 3 103.593 36.5926
    endloop
  endfacet
  facet normal 0 0.760635 0.64918
    outer loop
      vertex -1.5 103.593 36.5926
      vertex 3 104.204 35.8767
      vertex -1.5 104.204 35.8767
    endloop
  endfacet
  facet normal -1 0 0
    outer loop
      vertex -1.5 105.276 31.4114
      vertex -1.5 105.276 33.2886
      vertex -1.5 105.35 32.35
    endloop
  endfacet
  facet normal -1 0 0
    outer loop
      vertex -1.5 105.056 30.4959
      vertex -1.5 105.276 33.2886
      vertex -1.5 105.276 31.4114
    endloop
  endfacet
  facet normal -1 0 0
    outer loop
      vertex -1.5 105.056 30.4959
      vertex -1.5 105.056 34.2041
      vertex -1.5 105.276 33.2886
    endloop
  endfacet
  facet normal -1 0 0
    outer loop
      vertex -1.5 104.696 29.6261
      vertex -1.5 105.056 34.2041
      vertex -1.5 105.056 30.4959
    endloop
  endfacet
  facet normal -1 0 0
    outer loop
      vertex -1.5 104.696 29.6261
      vertex -1.5 104.696 35.0739
      vertex -1.5 105.056 34.2041
    endloop
  endfacet
  facet normal -1 0 0
    outer loop
      vertex -1.5 104.204 28.8233
      vertex -1.5 104.696 35.0739
      vertex -1.5 104.696 29.6261
    endloop
  endfacet
  facet normal -1 0 0
    outer loop
      vertex -1.5 104.204 28.8233
      vertex -1.5 104.204 35.8767
      vertex -1.5 104.696 35.0739
    endloop
  endfacet
  facet normal -1 0 0
    outer loop
      vertex -1.5 103.593 28.1074
      vertex -1.5 104.204 35.8767
      vertex -1.5 104.204 28.8233
    endloop
  endfacet
  facet normal -1 0 0
    outer loop
      vertex -1.5 103.593 28.1074
      vertex -1.5 103.593 36.5926
      vertex -1.5 104.204 35.8767
    endloop
  endfacet
  facet normal -1 0 0
    outer loop
      vertex -1.5 102.877 27.4959
      vertex -1.5 103.593 36.5926
      vertex -1.5 103.593 28.1074
    endloop
  endfacet
  facet normal -1 0 0
    outer loop
      vertex -1.5 102.877 27.4959
      vertex -1.5 102.877 37.2041
      vertex -1.5 103.593 36.5926
    endloop
  endfacet
  facet normal -1 0 0
    outer loop
      vertex -1.5 102.074 27.004
      vertex -1.5 102.877 37.2041
      vertex -1.5 102.877 27.4959
    endloop
  endfacet
  facet normal -1 0 0
    outer loop
      vertex -1.5 102.074 27.004
      vertex -1.5 102.074 37.696
      vertex -1.5 102.877 37.2041
    endloop
  endfacet
  facet normal -1 0 0
    outer loop
      vertex -1.5 101.204 26.6437
      vertex -1.5 102.074 37.696
      vertex -1.5 102.074 27.004
    endloop
  endfacet
  facet normal -1 0 0
    outer loop
      vertex -1.5 101.204 26.6437
      vertex -1.5 101.204 38.0563
      vertex -1.5 102.074 37.696
    endloop
  endfacet
  facet normal -1 0 0
    outer loop
      vertex -1.5 100.289 26.4239
      vertex -1.5 101.204 38.0563
      vertex -1.5 101.204 26.6437
    endloop
  endfacet
  facet normal -1 0 0
    outer loop
      vertex -1.5 100.289 26.4239
      vertex -1.5 100.289 38.2761
      vertex -1.5 101.204 38.0563
    endloop
  endfacet
  facet normal -1 0 0
    outer loop
      vertex -1.5 99.35 26.35
      vertex -1.5 100.289 38.2761
      vertex -1.5 100.289 26.4239
    endloop
  endfacet
  facet normal -1 0 0
    outer loop
      vertex -1.5 99.35 26.35
      vertex -1.5 99.35 38.35
      vertex -1.5 100.289 38.2761
    endloop
  endfacet
  facet normal -1 0 0
    outer loop
      vertex -1.5 98.4114 26.4239
      vertex -1.5 99.35 38.35
      vertex -1.5 99.35 26.35
    endloop
  endfacet
  facet normal -1 0 0
    outer loop
      vertex -1.5 98.4114 26.4239
      vertex -1.5 98.4114 38.2761
      vertex -1.5 99.35 38.35
    endloop
  endfacet
  facet normal -1 0 0
    outer loop
      vertex -1.5 97.4959 26.6437
      vertex -1.5 98.4114 38.2761
      vertex -1.5 98.4114 26.4239
    endloop
  endfacet
  facet normal -1 0 0
    outer loop
      vertex -1.5 97.4959 26.6437
      vertex -1.5 97.4959 38.0563
      vertex -1.5 98.4114 38.2761
    endloop
  endfacet
  facet normal -1 0 0
    outer loop
      vertex -1.5 96.6261 27.004
      vertex -1.5 97.4959 38.0563
      vertex -1.5 97.4959 26.6437
    endloop
  endfacet
  facet normal -1 0 0
    outer loop
      vertex -1.5 96.6261 27.004
      vertex -1.5 96.6261 37.696
      vertex -1.5 97.4959 38.0563
    endloop
  endfacet
  facet normal -1 0 0
    outer loop
      vertex -1.5 95.8233 27.4959
      vertex -1.5 96.6261 37.696
      vertex -1.5 96.6261 27.004
    endloop
  endfacet
  facet normal -1 0 0
    outer loop
      vertex -1.5 95.8233 27.4959
      vertex -1.5 95.8233 37.2041
      vertex -1.5 96.6261 37.696
    endloop
  endfacet
  facet normal -1 0 0
    outer loop
      vertex -1.5 95.1074 28.1074
      vertex -1.5 95.8233 37.2041
      vertex -1.5 95.8233 27.4959
    endloop
  endfacet
  facet normal -1 0 0
    outer loop
      vertex -1.5 95.1074 28.1074
      vertex -1.5 95.1074 36.5926
      vertex -1.5 95.8233 37.2041
    endloop
  endfacet
  facet normal -1 0 0
    outer loop
      vertex -1.5 94.4959 28.8233
      vertex -1.5 95.1074 36.5926
      vertex -1.5 95.1074 28.1074
    endloop
  endfacet
  facet normal -1 0 0
    outer loop
      vertex -1.5 94.4959 28.8233
      vertex -1.5 94.4959 35.8767
      vertex -1.5 95.1074 36.5926
    endloop
  endfacet
  facet normal -1 0 0
    outer loop
      vertex -1.5 94.004 29.6261
      vertex -1.5 94.4959 35.8767
      vertex -1.5 94.4959 28.8233
    endloop
  endfacet
  facet normal -1 0 0
    outer loop
      vertex -1.5 94.004 29.6261
      vertex -1.5 94.004 35.0739
      vertex -1.5 94.4959 35.8767
    endloop
  endfacet
  facet normal -1 0 0
    outer loop
      vertex -1.5 93.6437 30.4959
      vertex -1.5 94.004 35.0739
      vertex -1.5 94.004 29.6261
    endloop
  endfacet
  facet normal -1 0 0
    outer loop
      vertex -1.5 93.6437 30.4959
      vertex -1.5 93.6437 34.2041
      vertex -1.5 94.004 35.0739
    endloop
  endfacet
  facet normal -1 0 0
    outer loop
      vertex -1.5 93.4239 31.4114
      vertex -1.5 93.6437 34.2041
      vertex -1.5 93.6437 30.4959
    endloop
  endfacet
  facet normal -1 0 0
    outer loop
      vertex -1.5 93.4239 31.4114
      vertex -1.5 93.4239 33.2886
      vertex -1.5 93.6437 34.2041
    endloop
  endfacet
  facet normal -1 0 -0
    outer loop
      vertex -1.5 93.4239 33.2886
      vertex -1.5 93.4239 31.4114
      vertex -1.5 93.35 32.35
    endloop
  endfacet
  facet normal 0 -0.996915 0.0784914
    outer loop
      vertex -1.5 93.35 32.35
      vertex 0 93.4239 33.2886
      vertex -1.5 93.4239 33.2886
    endloop
  endfacet
  facet normal 0 -0.996915 0.0784914
    outer loop
      vertex 0 93.4239 33.2886
      vertex -1.5 93.35 32.35
      vertex 0 93.35 32.35
    endloop
  endfacet
  facet normal 0 -0.522455 -0.852667
    outer loop
      vertex -1.5 95.8233 27.4959
      vertex 3 96.6261 27.004
      vertex 3 95.8233 27.4959
    endloop
  endfacet
  facet normal -0 -0.522455 -0.852667
    outer loop
      vertex 3 96.6261 27.004
      vertex -1.5 95.8233 27.4959
      vertex -1.5 96.6261 27.004
    endloop
  endfacet
  facet normal 0 -0.972368 0.233453
    outer loop
      vertex -1.5 93.4239 33.2886
      vertex 0 93.6437 34.2041
      vertex -1.5 93.6437 34.2041
    endloop
  endfacet
  facet normal 0 -0.972368 0.233453
    outer loop
      vertex 0 93.6437 34.2041
      vertex -1.5 93.4239 33.2886
      vertex 0 93.4239 33.2886
    endloop
  endfacet
  facet normal 0 -0.760373 0.649487
    outer loop
      vertex -1.5 94.4959 35.8767
      vertex 3 95.1074 36.5926
      vertex -1.5 95.1074 36.5926
    endloop
  endfacet
  facet normal 0 -0.760373 0.649487
    outer loop
      vertex 3 95.1074 36.5926
      vertex -1.5 94.4959 35.8767
      vertex 3 94.4959 35.8767
    endloop
  endfacet
  facet normal 0 -0.0784914 -0.996915
    outer loop
      vertex -1.5 98.4114 26.4239
      vertex 0 99.35 26.35
      vertex 0 98.4114 26.4239
    endloop
  endfacet
  facet normal -0 -0.0784914 -0.996915
    outer loop
      vertex 0 99.35 26.35
      vertex -1.5 98.4114 26.4239
      vertex -1.5 99.35 26.35
    endloop
  endfacet
  facet normal 0 -0.233453 0.972368
    outer loop
      vertex -1.5 98.4114 38.2761
      vertex 3 97.4959 38.0563
      vertex 3 98.4114 38.2761
    endloop
  endfacet
  facet normal 0 -0.233453 0.972368
    outer loop
      vertex 3 97.4959 38.0563
      vertex -1.5 98.4114 38.2761
      vertex -1.5 97.4959 38.0563
    endloop
  endfacet
  facet normal 0 0.923986 0.382427
    outer loop
      vertex 3 105.056 34.2041
      vertex -1.5 104.696 35.0739
      vertex 3 104.696 35.0739
    endloop
  endfacet
  facet normal 0 0.923986 0.382427
    outer loop
      vertex -1.5 104.696 35.0739
      vertex 3 105.056 34.2041
      vertex -1.5 105.056 34.2041
    endloop
  endfacet
  facet normal 0 -0.923898 -0.382639
    outer loop
      vertex -1.5 93.6437 30.4959
      vertex 0 94 29.6356
      vertex 0 93.6437 30.4959
    endloop
  endfacet
  facet normal -3.99021e-05 -0.923873 -0.382699
    outer loop
      vertex -1.5 94.004 29.6261
      vertex 0 94 29.6356
      vertex -1.5 93.6437 30.4959
    endloop
  endfacet
  facet normal -0 -0.921635 -0.388057
    outer loop
      vertex 3 94.004 29.6261
      vertex 0 94 29.6356
      vertex -1.5 94.004 29.6261
    endloop
  endfacet
  facet normal 0 -0.921635 -0.388057
    outer loop
      vertex 0 94 29.6356
      vertex 3 94.004 29.6261
      vertex 3 94 29.6356
    endloop
  endfacet
  facet normal 0 0.996906 0.0785969
    outer loop
      vertex 3 105.35 32.35
      vertex -1.5 105.276 33.2886
      vertex 3 105.276 33.2886
    endloop
  endfacet
  facet normal 0 0.996906 0.0785969
    outer loop
      vertex -1.5 105.276 33.2886
      vertex 3 105.35 32.35
      vertex -1.5 105.35 32.35
    endloop
  endfacet
  facet normal 0 0.52236 -0.852725
    outer loop
      vertex -1.5 102.074 27.004
      vertex 3 102.877 27.4959
      vertex 3 102.074 27.004
    endloop
  endfacet
  facet normal 0 0.52236 -0.852725
    outer loop
      vertex 3 102.877 27.4959
      vertex -1.5 102.074 27.004
      vertex -1.5 102.877 27.4959
    endloop
  endfacet
  facet normal 0 -0.382684 0.923879
    outer loop
      vertex 0.8 101.223 28.6746
      vertex 3 100.625 28.4269
      vertex 3 101.223 28.6746
    endloop
  endfacet
  facet normal 0 -0.382684 0.923879
    outer loop
      vertex 3 100.625 28.4269
      vertex 0.8 101.223 28.6746
      vertex 0.8 100.625 28.4269
    endloop
  endfacet
  facet normal 0 -0.233332 -0.972397
    outer loop
      vertex 0.8 99.9953 36.4242
      vertex 3 100.625 36.2731
      vertex 3 99.9953 36.4242
    endloop
  endfacet
  facet normal -0 -0.233332 -0.972397
    outer loop
      vertex 3 100.625 36.2731
      vertex 0.8 99.9953 36.4242
      vertex 0.8 100.625 36.2731
    endloop
  endfacet
  facet normal 0 -0.0784803 -0.996916
    outer loop
      vertex 0.8 99.35 36.475
      vertex 3 99.9953 36.4242
      vertex 3 99.35 36.475
    endloop
  endfacet
  facet normal -0 -0.0784803 -0.996916
    outer loop
      vertex 3 99.9953 36.4242
      vertex 0.8 99.35 36.475
      vertex 0.8 99.9953 36.4242
    endloop
  endfacet
  facet normal 0 -0.382684 -0.923879
    outer loop
      vertex 0.8 100.625 36.2731
      vertex 3 101.223 36.0254
      vertex 3 100.625 36.2731
    endloop
  endfacet
  facet normal -0 -0.382684 -0.923879
    outer loop
      vertex 3 101.223 36.0254
      vertex 0.8 100.625 36.2731
      vertex 0.8 101.223 36.0254
    endloop
  endfacet
  facet normal 0 0.852643 -0.522493
    outer loop
      vertex 3 95.6746 34.2227
      vertex 0.8 96.0128 34.7746
      vertex 3 96.0128 34.7746
    endloop
  endfacet
  facet normal 0 0.852643 -0.522493
    outer loop
      vertex 0.8 96.0128 34.7746
      vertex 3 95.6746 34.2227
      vertex 0.8 95.6746 34.2227
    endloop
  endfacet
  facet normal 0 0.233437 -0.972372
    outer loop
      vertex 0.8 98.0753 36.2731
      vertex 3 98.7047 36.4242
      vertex 3 98.0753 36.2731
    endloop
  endfacet
  facet normal 0 0.233437 -0.972372
    outer loop
      vertex 3 98.7047 36.4242
      vertex 0.8 98.0753 36.2731
      vertex 0.8 98.7047 36.4242
    endloop
  endfacet
  facet normal 0 0.923879 -0.382684
    outer loop
      vertex 3 95.4269 33.6247
      vertex 0.8 95.6746 34.2227
      vertex 3 95.6746 34.2227
    endloop
  endfacet
  facet normal 0 0.923879 -0.382684
    outer loop
      vertex 0.8 95.6746 34.2227
      vertex 3 95.4269 33.6247
      vertex 0.8 95.4269 33.6247
    endloop
  endfacet
  facet normal 0 -0.923715 0.383079
    outer loop
      vertex 0.8 103.025 30.4773
      vertex 3 103.273 31.0753
      vertex 0.8 103.273 31.0753
    endloop
  endfacet
  facet normal 0 -0.923715 0.383079
    outer loop
      vertex 3 103.273 31.0753
      vertex 0.8 103.025 30.4773
      vertex 3 103.025 30.4773
    endloop
  endfacet
  facet normal 0 0.923879 0.382684
    outer loop
      vertex 3 95.6746 30.4773
      vertex 0.8 95.4269 31.0753
      vertex 3 95.4269 31.0753
    endloop
  endfacet
  facet normal 0 0.923879 0.382684
    outer loop
      vertex 0.8 95.4269 31.0753
      vertex 3 95.6746 30.4773
      vertex 0.8 95.6746 30.4773
    endloop
  endfacet
  facet normal 0 -0.852781 0.522269
    outer loop
      vertex 0.8 102.687 29.9254
      vertex 3 103.025 30.4773
      vertex 0.8 103.025 30.4773
    endloop
  endfacet
  facet normal 0 -0.852781 0.522269
    outer loop
      vertex 3 103.025 30.4773
      vertex 0.8 102.687 29.9254
      vertex 3 102.687 29.9254
    endloop
  endfacet
  facet normal 0 -0.760695 -0.64911
    outer loop
      vertex 0.8 102.687 34.7746
      vertex 3 102.267 35.2668
      vertex 0.8 102.267 35.2668
    endloop
  endfacet
  facet normal 0 -0.760695 -0.64911
    outer loop
      vertex 3 102.267 35.2668
      vertex 0.8 102.687 34.7746
      vertex 3 102.687 34.7746
    endloop
  endfacet
  facet normal 0 -0.972407 0.233291
    outer loop
      vertex 0.8 103.273 31.0753
      vertex 3 103.424 31.7047
      vertex 0.8 103.424 31.7047
    endloop
  endfacet
  facet normal 0 -0.972407 0.233291
    outer loop
      vertex 3 103.424 31.7047
      vertex 0.8 103.273 31.0753
      vertex 3 103.273 31.0753
    endloop
  endfacet
  facet normal -0 0.382684 0.923879
    outer loop
      vertex 0.8 98.0753 28.4269
      vertex 3 97.4773 28.6746
      vertex 3 98.0753 28.4269
    endloop
  endfacet
  facet normal 0 0.382684 0.923879
    outer loop
      vertex 3 97.4773 28.6746
      vertex 0.8 98.0753 28.4269
      vertex 0.8 97.4773 28.6746
    endloop
  endfacet
  facet normal 0 -0.996891 0.0787873
    outer loop
      vertex 0.8 103.424 31.7047
      vertex 3 103.475 32.35
      vertex 0.8 103.475 32.35
    endloop
  endfacet
  facet normal 0 -0.996891 0.0787873
    outer loop
      vertex 3 103.475 32.35
      vertex 0.8 103.424 31.7047
      vertex 3 103.424 31.7047
    endloop
  endfacet
  facet normal 0 0.972372 0.233437
    outer loop
      vertex 3 95.4269 31.0753
      vertex 0.8 95.2758 31.7047
      vertex 3 95.2758 31.7047
    endloop
  endfacet
  facet normal 0 0.972372 0.233437
    outer loop
      vertex 0.8 95.2758 31.7047
      vertex 3 95.4269 31.0753
      vertex 0.8 95.4269 31.0753
    endloop
  endfacet
  facet normal 0 0.382684 -0.923879
    outer loop
      vertex 0.8 97.4773 36.0254
      vertex 3 98.0753 36.2731
      vertex 3 97.4773 36.0254
    endloop
  endfacet
  facet normal 0 0.382684 -0.923879
    outer loop
      vertex 3 98.0753 36.2731
      vertex 0.8 97.4773 36.0254
      vertex 0.8 98.0753 36.2731
    endloop
  endfacet
  facet normal -0 0.649467 0.76039
    outer loop
      vertex 0.8 96.9254 29.0128
      vertex 3 96.4332 29.4332
      vertex 3 96.9254 29.0128
    endloop
  endfacet
  facet normal 0 0.649467 0.76039
    outer loop
      vertex 3 96.4332 29.4332
      vertex 0.8 96.9254 29.0128
      vertex 0.8 96.4332 29.4332
    endloop
  endfacet
  facet normal 0 -0.760695 0.64911
    outer loop
      vertex 0.8 102.267 29.4332
      vertex 3 102.687 29.9254
      vertex 0.8 102.687 29.9254
    endloop
  endfacet
  facet normal 0 -0.760695 0.64911
    outer loop
      vertex 3 102.687 29.9254
      vertex 0.8 102.267 29.4332
      vertex 3 102.267 29.4332
    endloop
  endfacet
  facet normal 0 0.996916 -0.0784803
    outer loop
      vertex 3 95.225 32.35
      vertex 0.8 95.2758 32.9953
      vertex 3 95.2758 32.9953
    endloop
  endfacet
  facet normal 0 0.996916 -0.0784803
    outer loop
      vertex 0.8 95.2758 32.9953
      vertex 3 95.225 32.35
      vertex 0.8 95.225 32.35
    endloop
  endfacet
  facet normal 0 0.76039 0.649467
    outer loop
      vertex 3 96.4332 29.4332
      vertex 0.8 96.0128 29.9254
      vertex 3 96.0128 29.9254
    endloop
  endfacet
  facet normal 0 0.76039 0.649467
    outer loop
      vertex 0.8 96.0128 29.9254
      vertex 3 96.4332 29.4332
      vertex 0.8 96.4332 29.4332
    endloop
  endfacet
  facet normal 0 0.522493 -0.852643
    outer loop
      vertex 0.8 96.9254 35.6872
      vertex 3 97.4773 36.0254
      vertex 3 96.9254 35.6872
    endloop
  endfacet
  facet normal 0 0.522493 -0.852643
    outer loop
      vertex 3 97.4773 36.0254
      vertex 0.8 96.9254 35.6872
      vertex 0.8 97.4773 36.0254
    endloop
  endfacet
  facet normal 0 -0.522424 -0.852686
    outer loop
      vertex 0.8 101.223 36.0254
      vertex 3 101.775 35.6872
      vertex 3 101.223 36.0254
    endloop
  endfacet
  facet normal -0 -0.522424 -0.852686
    outer loop
      vertex 3 101.775 35.6872
      vertex 0.8 101.223 36.0254
      vertex 0.8 101.775 35.6872
    endloop
  endfacet
  facet normal 0 -0.64962 -0.760259
    outer loop
      vertex 0.8 101.775 35.6872
      vertex 3 102.267 35.2668
      vertex 3 101.775 35.6872
    endloop
  endfacet
  facet normal -0 -0.64962 -0.760259
    outer loop
      vertex 3 102.267 35.2668
      vertex 0.8 101.775 35.6872
      vertex 0.8 102.267 35.2668
    endloop
  endfacet
  facet normal 0 -0.64962 0.760259
    outer loop
      vertex 0.8 102.267 29.4332
      vertex 3 101.775 29.0128
      vertex 3 102.267 29.4332
    endloop
  endfacet
  facet normal 0 -0.64962 0.760259
    outer loop
      vertex 3 101.775 29.0128
      vertex 0.8 102.267 29.4332
      vertex 0.8 101.775 29.0128
    endloop
  endfacet
  facet normal 0 -0.996891 -0.0787873
    outer loop
      vertex 0.8 103.475 32.35
      vertex 3 103.424 32.9953
      vertex 0.8 103.424 32.9953
    endloop
  endfacet
  facet normal 0 -0.996891 -0.0787873
    outer loop
      vertex 3 103.424 32.9953
      vertex 0.8 103.475 32.35
      vertex 3 103.475 32.35
    endloop
  endfacet
  facet normal 0 -0.923715 -0.383079
    outer loop
      vertex 0.8 103.273 33.6247
      vertex 3 103.025 34.2227
      vertex 0.8 103.025 34.2227
    endloop
  endfacet
  facet normal 0 -0.923715 -0.383079
    outer loop
      vertex 3 103.025 34.2227
      vertex 0.8 103.273 33.6247
      vertex 3 103.273 33.6247
    endloop
  endfacet
  facet normal 0 -0.233332 0.972397
    outer loop
      vertex 0.8 100.625 28.4269
      vertex 3 99.9953 28.2758
      vertex 3 100.625 28.4269
    endloop
  endfacet
  facet normal 0 -0.233332 0.972397
    outer loop
      vertex 3 99.9953 28.2758
      vertex 0.8 100.625 28.4269
      vertex 0.8 99.9953 28.2758
    endloop
  endfacet
  facet normal -0 0.233437 0.972372
    outer loop
      vertex 0.8 98.7047 28.2758
      vertex 3 98.0753 28.4269
      vertex 3 98.7047 28.2758
    endloop
  endfacet
  facet normal 0 0.233437 0.972372
    outer loop
      vertex 3 98.0753 28.4269
      vertex 0.8 98.7047 28.2758
      vertex 0.8 98.0753 28.4269
    endloop
  endfacet
  facet normal 0 -0.852781 -0.522269
    outer loop
      vertex 0.8 103.025 34.2227
      vertex 3 102.687 34.7746
      vertex 0.8 102.687 34.7746
    endloop
  endfacet
  facet normal 0 -0.852781 -0.522269
    outer loop
      vertex 3 102.687 34.7746
      vertex 0.8 103.025 34.2227
      vertex 3 103.025 34.2227
    endloop
  endfacet
  facet normal 0 0.972372 -0.233437
    outer loop
      vertex 3 95.2758 32.9953
      vertex 0.8 95.4269 33.6247
      vertex 3 95.4269 33.6247
    endloop
  endfacet
  facet normal 0 0.972372 -0.233437
    outer loop
      vertex 0.8 95.4269 33.6247
      vertex 3 95.2758 32.9953
      vertex 0.8 95.2758 32.9953
    endloop
  endfacet
  facet normal 0 0.0784803 -0.996916
    outer loop
      vertex 0.8 98.7047 36.4242
      vertex 3 99.35 36.475
      vertex 3 98.7047 36.4242
    endloop
  endfacet
  facet normal 0 0.0784803 -0.996916
    outer loop
      vertex 3 99.35 36.475
      vertex 0.8 98.7047 36.4242
      vertex 0.8 99.35 36.475
    endloop
  endfacet
  facet normal 0 0.649467 -0.76039
    outer loop
      vertex 0.8 96.4332 35.2668
      vertex 3 96.9254 35.6872
      vertex 3 96.4332 35.2668
    endloop
  endfacet
  facet normal 0 0.649467 -0.76039
    outer loop
      vertex 3 96.9254 35.6872
      vertex 0.8 96.4332 35.2668
      vertex 0.8 96.9254 35.6872
    endloop
  endfacet
  facet normal -0 0.522493 0.852643
    outer loop
      vertex 0.8 97.4773 28.6746
      vertex 3 96.9254 29.0128
      vertex 3 97.4773 28.6746
    endloop
  endfacet
  facet normal 0 0.522493 0.852643
    outer loop
      vertex 3 96.9254 29.0128
      vertex 0.8 97.4773 28.6746
      vertex 0.8 96.9254 29.0128
    endloop
  endfacet
  facet normal -0 0.0784803 0.996916
    outer loop
      vertex 0.8 99.35 28.225
      vertex 3 98.7047 28.2758
      vertex 3 99.35 28.225
    endloop
  endfacet
  facet normal 0 0.0784803 0.996916
    outer loop
      vertex 3 98.7047 28.2758
      vertex 0.8 99.35 28.225
      vertex 0.8 98.7047 28.2758
    endloop
  endfacet
  facet normal 0 0.996916 0.0784803
    outer loop
      vertex 3 95.2758 31.7047
      vertex 0.8 95.225 32.35
      vertex 3 95.225 32.35
    endloop
  endfacet
  facet normal 0 0.996916 0.0784803
    outer loop
      vertex 0.8 95.225 32.35
      vertex 3 95.2758 31.7047
      vertex 0.8 95.2758 31.7047
    endloop
  endfacet
  facet normal 0 -0.972407 -0.233291
    outer loop
      vertex 0.8 103.424 32.9953
      vertex 3 103.273 33.6247
      vertex 0.8 103.273 33.6247
    endloop
  endfacet
  facet normal 0 -0.972407 -0.233291
    outer loop
      vertex 3 103.273 33.6247
      vertex 0.8 103.424 32.9953
      vertex 3 103.424 32.9953
    endloop
  endfacet
  facet normal 0 0.852643 0.522493
    outer loop
      vertex 3 96.0128 29.9254
      vertex 0.8 95.6746 30.4773
      vertex 3 95.6746 30.4773
    endloop
  endfacet
  facet normal 0 0.852643 0.522493
    outer loop
      vertex 0.8 95.6746 30.4773
      vertex 3 96.0128 29.9254
      vertex 0.8 96.0128 29.9254
    endloop
  endfacet
  facet normal 1 0 0
    outer loop
      vertex 0.8 103.424 32.9953
      vertex 0.8 103.424 31.7047
      vertex 0.8 103.475 32.35
    endloop
  endfacet
  facet normal 1 0 0
    outer loop
      vertex 0.8 103.273 33.6247
      vertex 0.8 103.424 31.7047
      vertex 0.8 103.424 32.9953
    endloop
  endfacet
  facet normal 1 0 0
    outer loop
      vertex 0.8 103.273 33.6247
      vertex 0.8 103.273 31.0753
      vertex 0.8 103.424 31.7047
    endloop
  endfacet
  facet normal 1 0 0
    outer loop
      vertex 0.8 103.025 34.2227
      vertex 0.8 103.273 31.0753
      vertex 0.8 103.273 33.6247
    endloop
  endfacet
  facet normal 1 0 0
    outer loop
      vertex 0.8 103.025 34.2227
      vertex 0.8 103.025 30.4773
      vertex 0.8 103.273 31.0753
    endloop
  endfacet
  facet normal 1 0 0
    outer loop
      vertex 0.8 102.687 34.7746
      vertex 0.8 103.025 30.4773
      vertex 0.8 103.025 34.2227
    endloop
  endfacet
  facet normal 1 0 0
    outer loop
      vertex 0.8 102.687 34.7746
      vertex 0.8 102.687 29.9254
      vertex 0.8 103.025 30.4773
    endloop
  endfacet
  facet normal 1 0 0
    outer loop
      vertex 0.8 102.267 35.2668
      vertex 0.8 102.687 29.9254
      vertex 0.8 102.687 34.7746
    endloop
  endfacet
  facet normal 1 0 0
    outer loop
      vertex 0.8 102.267 35.2668
      vertex 0.8 102.267 29.4332
      vertex 0.8 102.687 29.9254
    endloop
  endfacet
  facet normal 1 0 0
    outer loop
      vertex 0.8 101.775 35.6872
      vertex 0.8 102.267 29.4332
      vertex 0.8 102.267 35.2668
    endloop
  endfacet
  facet normal 1 0 0
    outer loop
      vertex 0.8 101.775 35.6872
      vertex 0.8 101.775 29.0128
      vertex 0.8 102.267 29.4332
    endloop
  endfacet
  facet normal 1 0 0
    outer loop
      vertex 0.8 101.223 36.0254
      vertex 0.8 101.775 29.0128
      vertex 0.8 101.775 35.6872
    endloop
  endfacet
  facet normal 1 0 0
    outer loop
      vertex 0.8 101.223 36.0254
      vertex 0.8 101.223 28.6746
      vertex 0.8 101.775 29.0128
    endloop
  endfacet
  facet normal 1 0 0
    outer loop
      vertex 0.8 100.625 36.2731
      vertex 0.8 101.223 28.6746
      vertex 0.8 101.223 36.0254
    endloop
  endfacet
  facet normal 1 0 0
    outer loop
      vertex 0.8 100.625 36.2731
      vertex 0.8 100.625 28.4269
      vertex 0.8 101.223 28.6746
    endloop
  endfacet
  facet normal 1 0 0
    outer loop
      vertex 0.8 99.9953 36.4242
      vertex 0.8 100.625 28.4269
      vertex 0.8 100.625 36.2731
    endloop
  endfacet
  facet normal 1 0 0
    outer loop
      vertex 0.8 99.9953 36.4242
      vertex 0.8 99.9953 28.2758
      vertex 0.8 100.625 28.4269
    endloop
  endfacet
  facet normal 1 0 0
    outer loop
      vertex 0.8 99.35 36.475
      vertex 0.8 99.9953 28.2758
      vertex 0.8 99.9953 36.4242
    endloop
  endfacet
  facet normal 1 0 0
    outer loop
      vertex 0.8 99.35 36.475
      vertex 0.8 99.35 28.225
      vertex 0.8 99.9953 28.2758
    endloop
  endfacet
  facet normal 1 -0 0
    outer loop
      vertex 0.8 98.7047 36.4242
      vertex 0.8 99.35 28.225
      vertex 0.8 99.35 36.475
    endloop
  endfacet
  facet normal 1 0 0
    outer loop
      vertex 0.8 98.7047 36.4242
      vertex 0.8 98.7047 28.2758
      vertex 0.8 99.35 28.225
    endloop
  endfacet
  facet normal 1 -0 0
    outer loop
      vertex 0.8 98.0753 36.2731
      vertex 0.8 98.7047 28.2758
      vertex 0.8 98.7047 36.4242
    endloop
  endfacet
  facet normal 1 0 0
    outer loop
      vertex 0.8 98.0753 36.2731
      vertex 0.8 98.0753 28.4269
      vertex 0.8 98.7047 28.2758
    endloop
  endfacet
  facet normal 1 -0 0
    outer loop
      vertex 0.8 97.4773 36.0254
      vertex 0.8 98.0753 28.4269
      vertex 0.8 98.0753 36.2731
    endloop
  endfacet
  facet normal 1 0 0
    outer loop
      vertex 0.8 97.4773 36.0254
      vertex 0.8 97.4773 28.6746
      vertex 0.8 98.0753 28.4269
    endloop
  endfacet
  facet normal 1 -0 0
    outer loop
      vertex 0.8 96.9254 35.6872
      vertex 0.8 97.4773 28.6746
      vertex 0.8 97.4773 36.0254
    endloop
  endfacet
  facet normal 1 0 0
    outer loop
      vertex 0.8 96.9254 35.6872
      vertex 0.8 96.9254 29.0128
      vertex 0.8 97.4773 28.6746
    endloop
  endfacet
  facet normal 1 -0 0
    outer loop
      vertex 0.8 96.4332 35.2668
      vertex 0.8 96.9254 29.0128
      vertex 0.8 96.9254 35.6872
    endloop
  endfacet
  facet normal 1 0 0
    outer loop
      vertex 0.8 96.4332 35.2668
      vertex 0.8 96.4332 29.4332
      vertex 0.8 96.9254 29.0128
    endloop
  endfacet
  facet normal 1 -0 0
    outer loop
      vertex 0.8 96.0128 34.7746
      vertex 0.8 96.4332 29.4332
      vertex 0.8 96.4332 35.2668
    endloop
  endfacet
  facet normal 1 0 0
    outer loop
      vertex 0.8 96.0128 34.7746
      vertex 0.8 96.0128 29.9254
      vertex 0.8 96.4332 29.4332
    endloop
  endfacet
  facet normal 1 -0 0
    outer loop
      vertex 0.8 95.6746 34.2227
      vertex 0.8 96.0128 29.9254
      vertex 0.8 96.0128 34.7746
    endloop
  endfacet
  facet normal 1 0 0
    outer loop
      vertex 0.8 95.6746 34.2227
      vertex 0.8 95.6746 30.4773
      vertex 0.8 96.0128 29.9254
    endloop
  endfacet
  facet normal 1 -0 0
    outer loop
      vertex 0.8 95.4269 33.6247
      vertex 0.8 95.6746 30.4773
      vertex 0.8 95.6746 34.2227
    endloop
  endfacet
  facet normal 1 0 0
    outer loop
      vertex 0.8 95.4269 33.6247
      vertex 0.8 95.4269 31.0753
      vertex 0.8 95.6746 30.4773
    endloop
  endfacet
  facet normal 1 -0 0
    outer loop
      vertex 0.8 95.2758 32.9953
      vertex 0.8 95.4269 31.0753
      vertex 0.8 95.4269 33.6247
    endloop
  endfacet
  facet normal 1 0 0
    outer loop
      vertex 0.8 95.2758 32.9953
      vertex 0.8 95.2758 31.7047
      vertex 0.8 95.4269 31.0753
    endloop
  endfacet
  facet normal 1 0 -0
    outer loop
      vertex 0.8 95.2758 31.7047
      vertex 0.8 95.2758 32.9953
      vertex 0.8 95.225 32.35
    endloop
  endfacet
  facet normal 0 -0.0784803 0.996916
    outer loop
      vertex 0.8 99.9953 28.2758
      vertex 3 99.35 28.225
      vertex 3 99.9953 28.2758
    endloop
  endfacet
  facet normal 0 -0.0784803 0.996916
    outer loop
      vertex 3 99.35 28.225
      vertex 0.8 99.9953 28.2758
      vertex 0.8 99.35 28.225
    endloop
  endfacet
  facet normal 0 -0.522424 0.852686
    outer loop
      vertex 0.8 101.775 29.0128
      vertex 3 101.223 28.6746
      vertex 3 101.775 29.0128
    endloop
  endfacet
  facet normal 0 -0.522424 0.852686
    outer loop
      vertex 3 101.223 28.6746
      vertex 0.8 101.775 29.0128
      vertex 0.8 101.223 28.6746
    endloop
  endfacet
  facet normal 0 0.76039 -0.649467
    outer loop
      vertex 3 96.0128 34.7746
      vertex 0.8 96.4332 35.2668
      vertex 3 96.4332 35.2668
    endloop
  endfacet
  facet normal 0 0.76039 -0.649467
    outer loop
      vertex 0.8 96.4332 35.2668
      vertex 3 96.0128 34.7746
      vertex 0.8 96.0128 34.7746
    endloop
  endfacet
  facet normal 0 -0.233654 -0.97232
    outer loop
      vertex -1.5 97.4959 156.944
      vertex 3 98.4114 156.724
      vertex 3 97.4959 156.944
    endloop
  endfacet
  facet normal -0 -0.233654 -0.97232
    outer loop
      vertex 3 98.4114 156.724
      vertex -1.5 97.4959 156.944
      vertex -1.5 98.4114 156.724
    endloop
  endfacet
  facet normal -0 0.233775 0.972291
    outer loop
      vertex -1.5 101.204 168.356
      vertex 0 100.289 168.576
      vertex 0 101.204 168.356
    endloop
  endfacet
  facet normal 0 0.233775 0.972291
    outer loop
      vertex 0 100.289 168.576
      vertex -1.5 101.204 168.356
      vertex -1.5 100.289 168.576
    endloop
  endfacet
  facet normal -0 0.0785637 0.996909
    outer loop
      vertex -1.5 100.289 168.576
      vertex 0 99.35 168.65
      vertex 0 100.289 168.576
    endloop
  endfacet
  facet normal 0 0.0785637 0.996909
    outer loop
      vertex 0 99.35 168.65
      vertex -1.5 100.289 168.576
      vertex -1.5 99.35 168.65
    endloop
  endfacet
  facet normal 0 0.371391 0.928477
    outer loop
      vertex 3 102.074 167.996
      vertex 0 102.064 168
      vertex 3 102.064 168
    endloop
  endfacet
  facet normal -0 0.371391 0.928477
    outer loop
      vertex -1.5 102.074 167.996
      vertex 0 102.064 168
      vertex 3 102.074 167.996
    endloop
  endfacet
  facet normal 8.59502e-05 0.382478 0.923964
    outer loop
      vertex -1.5 102.074 167.996
      vertex 0 101.204 168.356
      vertex 0 102.064 168
    endloop
  endfacet
  facet normal 0 0.382352 0.924017
    outer loop
      vertex 0 101.204 168.356
      vertex -1.5 102.074 167.996
      vertex -1.5 101.204 168.356
    endloop
  endfacet
  facet normal 0 -0.928477 0.371391
    outer loop
      vertex -1.5 94.004 165.374
      vertex 0 94 165.364
      vertex 3 94.004 165.374
    endloop
  endfacet
  facet normal 8.70806e-05 -0.923904 0.382624
    outer loop
      vertex -1.5 93.6437 164.504
      vertex 0 94 165.364
      vertex -1.5 94.004 165.374
    endloop
  endfacet
  facet normal 0 -0.923851 0.382753
    outer loop
      vertex 0 94 165.364
      vertex -1.5 93.6437 164.504
      vertex 0 93.6437 164.504
    endloop
  endfacet
  facet normal 0 -0.928477 0.371391
    outer loop
      vertex 3 94.004 165.374
      vertex 0 94 165.364
      vertex 3 94 165.364
    endloop
  endfacet
  facet normal 0 -0.522532 0.85262
    outer loop
      vertex -1.5 96.6261 167.996
      vertex 3 95.8233 167.504
      vertex 3 96.6261 167.996
    endloop
  endfacet
  facet normal 0 -0.522532 0.85262
    outer loop
      vertex 3 95.8233 167.504
      vertex -1.5 96.6261 167.996
      vertex -1.5 95.8233 167.504
    endloop
  endfacet
  facet normal 0 0.76068 -0.649127
    outer loop
      vertex 3 103.593 158.407
      vertex -1.5 104.204 159.123
      vertex 3 104.204 159.123
    endloop
  endfacet
  facet normal 0 0.76068 -0.649127
    outer loop
      vertex -1.5 104.204 159.123
      vertex 3 103.593 158.407
      vertex -1.5 103.593 158.407
    endloop
  endfacet
  facet normal 0 0.924017 -0.382352
    outer loop
      vertex 3 104.696 159.926
      vertex -1.5 105.056 160.796
      vertex 3 105.056 160.796
    endloop
  endfacet
  facet normal 0 0.924017 -0.382352
    outer loop
      vertex -1.5 105.056 160.796
      vertex 3 104.696 159.926
      vertex -1.5 104.696 159.926
    endloop
  endfacet
  facet normal 0 -0.64918 0.760635
    outer loop
      vertex -1.5 95.8233 167.504
      vertex 3 95.1074 166.893
      vertex 3 95.8233 167.504
    endloop
  endfacet
  facet normal 0 -0.64918 0.760635
    outer loop
      vertex 3 95.1074 166.893
      vertex -1.5 95.8233 167.504
      vertex -1.5 95.1074 166.893
    endloop
  endfacet
  facet normal 0 -0.0785969 0.996906
    outer loop
      vertex -1.5 99.35 168.65
      vertex 0 98.4114 168.576
      vertex 0 99.35 168.65
    endloop
  endfacet
  facet normal 0 -0.0785969 0.996906
    outer loop
      vertex 0 98.4114 168.576
      vertex -1.5 99.35 168.65
      vertex -1.5 98.4114 168.576
    endloop
  endfacet
  facet normal 0 -0.382364 0.924012
    outer loop
      vertex 0 97.4959 168.356
      vertex -1.5 97.4959 168.356
      vertex 0 96.6356 168
    endloop
  endfacet
  facet normal 0 -0.388057 0.921635
    outer loop
      vertex 0 96.6356 168
      vertex 3 96.6261 167.996
      vertex 3 96.6356 168
    endloop
  endfacet
  facet normal 0 -0.388057 0.921635
    outer loop
      vertex 0 96.6356 168
      vertex -1.5 96.6261 167.996
      vertex 3 96.6261 167.996
    endloop
  endfacet
  facet normal -4.19253e-05 -0.382427 0.923986
    outer loop
      vertex -1.5 96.6261 167.996
      vertex 0 96.6356 168
      vertex -1.5 97.4959 168.356
    endloop
  endfacet
  facet normal 0 -0.382427 -0.923986
    outer loop
      vertex -1.5 96.6261 157.304
      vertex 3 97.4959 156.944
      vertex 3 96.6261 157.304
    endloop
  endfacet
  facet normal -0 -0.382427 -0.923986
    outer loop
      vertex 3 97.4959 156.944
      vertex -1.5 96.6261 157.304
      vertex -1.5 97.4959 156.944
    endloop
  endfacet
  facet normal 0 0.0785637 -0.996909
    outer loop
      vertex -1.5 99.35 156.65
      vertex 3 100.289 156.724
      vertex 3 99.35 156.65
    endloop
  endfacet
  facet normal 0 0.0785637 -0.996909
    outer loop
      vertex 3 100.289 156.724
      vertex -1.5 99.35 156.65
      vertex -1.5 100.289 156.724
    endloop
  endfacet
  facet normal 0 0.233775 -0.972291
    outer loop
      vertex -1.5 100.289 156.724
      vertex 3 101.204 156.944
      vertex 3 100.289 156.724
    endloop
  endfacet
  facet normal 0 0.233775 -0.972291
    outer loop
      vertex 3 101.204 156.944
      vertex -1.5 100.289 156.724
      vertex -1.5 101.204 156.944
    endloop
  endfacet
  facet normal 0 0.972291 0.233775
    outer loop
      vertex 3 105.276 163.589
      vertex -1.5 105.056 164.504
      vertex 3 105.056 164.504
    endloop
  endfacet
  facet normal 0 0.972291 0.233775
    outer loop
      vertex -1.5 105.056 164.504
      vertex 3 105.276 163.589
      vertex -1.5 105.276 163.589
    endloop
  endfacet
  facet normal 0 0.996909 -0.0785637
    outer loop
      vertex 3 105.276 161.711
      vertex -1.5 105.35 162.65
      vertex 3 105.35 162.65
    endloop
  endfacet
  facet normal 0 0.996909 -0.0785637
    outer loop
      vertex -1.5 105.35 162.65
      vertex 3 105.276 161.711
      vertex -1.5 105.276 161.711
    endloop
  endfacet
  facet normal 0 -0.64918 -0.760635
    outer loop
      vertex -1.5 95.1074 158.407
      vertex 3 95.8233 157.796
      vertex 3 95.1074 158.407
    endloop
  endfacet
  facet normal -0 -0.64918 -0.760635
    outer loop
      vertex 3 95.8233 157.796
      vertex -1.5 95.1074 158.407
      vertex -1.5 95.8233 157.796
    endloop
  endfacet
  facet normal 0 -0.972339 -0.233574
    outer loop
      vertex -1.5 93.6437 160.796
      vertex 0 93.4239 161.711
      vertex -1.5 93.4239 161.711
    endloop
  endfacet
  facet normal 0 -0.972339 -0.233574
    outer loop
      vertex 0 93.4239 161.711
      vertex -1.5 93.6437 160.796
      vertex 0 93.6437 160.796
    endloop
  endfacet
  facet normal 0 -0.760417 -0.649435
    outer loop
      vertex -1.5 95.1074 158.407
      vertex 3 94.4959 159.123
      vertex -1.5 94.4959 159.123
    endloop
  endfacet
  facet normal 0 -0.760417 -0.649435
    outer loop
      vertex 3 94.4959 159.123
      vertex -1.5 95.1074 158.407
      vertex 3 95.1074 158.407
    endloop
  endfacet
  facet normal -0 0.522438 0.852678
    outer loop
      vertex -1.5 102.877 167.504
      vertex 3 102.074 167.996
      vertex 3 102.877 167.504
    endloop
  endfacet
  facet normal 0 0.522438 0.852678
    outer loop
      vertex 3 102.074 167.996
      vertex -1.5 102.877 167.504
      vertex -1.5 102.074 167.996
    endloop
  endfacet
  facet normal 0 0.382352 -0.924017
    outer loop
      vertex -1.5 101.204 156.944
      vertex 3 102.074 157.304
      vertex 3 101.204 156.944
    endloop
  endfacet
  facet normal 0 0.382352 -0.924017
    outer loop
      vertex 3 102.074 157.304
      vertex -1.5 101.204 156.944
      vertex -1.5 102.074 157.304
    endloop
  endfacet
  facet normal 0 0.852678 -0.522438
    outer loop
      vertex 3 104.204 159.123
      vertex -1.5 104.696 159.926
      vertex 3 104.696 159.926
    endloop
  endfacet
  facet normal 0 0.852678 -0.522438
    outer loop
      vertex -1.5 104.696 159.926
      vertex 3 104.204 159.123
      vertex -1.5 104.204 159.123
    endloop
  endfacet
  facet normal 0 -0.996917 -0.0784581
    outer loop
      vertex -1.5 93.4239 161.711
      vertex 0 93.35 162.65
      vertex -1.5 93.35 162.65
    endloop
  endfacet
  facet normal 0 -0.996917 -0.0784581
    outer loop
      vertex 0 93.35 162.65
      vertex -1.5 93.4239 161.711
      vertex 0 93.4239 161.711
    endloop
  endfacet
  facet normal 0 0.852678 0.522438
    outer loop
      vertex 3 104.696 165.374
      vertex -1.5 104.204 166.177
      vertex 3 104.204 166.177
    endloop
  endfacet
  facet normal 0 0.852678 0.522438
    outer loop
      vertex -1.5 104.204 166.177
      vertex 3 104.696 165.374
      vertex -1.5 104.696 165.374
    endloop
  endfacet
  facet normal 0 -0.852725 0.52236
    outer loop
      vertex -1.5 94.004 165.374
      vertex 3 94.4959 166.177
      vertex -1.5 94.4959 166.177
    endloop
  endfacet
  facet normal 0 -0.852725 0.52236
    outer loop
      vertex 3 94.4959 166.177
      vertex -1.5 94.004 165.374
      vertex 3 94.004 165.374
    endloop
  endfacet
  facet normal 0 0.649127 -0.76068
    outer loop
      vertex -1.5 102.877 157.796
      vertex 3 103.593 158.407
      vertex 3 102.877 157.796
    endloop
  endfacet
  facet normal 0 0.649127 -0.76068
    outer loop
      vertex 3 103.593 158.407
      vertex -1.5 102.877 157.796
      vertex -1.5 103.593 158.407
    endloop
  endfacet
  facet normal 0 0.972291 -0.233775
    outer loop
      vertex 3 105.056 160.796
      vertex -1.5 105.276 161.711
      vertex 3 105.276 161.711
    endloop
  endfacet
  facet normal 0 0.972291 -0.233775
    outer loop
      vertex -1.5 105.276 161.711
      vertex 3 105.056 160.796
      vertex -1.5 105.056 160.796
    endloop
  endfacet
  facet normal 0 -0.852725 -0.52236
    outer loop
      vertex -1.5 94.4959 159.123
      vertex 3 94.004 159.926
      vertex -1.5 94.004 159.926
    endloop
  endfacet
  facet normal 0 -0.852725 -0.52236
    outer loop
      vertex 3 94.004 159.926
      vertex -1.5 94.4959 159.123
      vertex 3 94.4959 159.123
    endloop
  endfacet
  facet normal -0 0.649127 0.76068
    outer loop
      vertex -1.5 103.593 166.893
      vertex 3 102.877 167.504
      vertex 3 103.593 166.893
    endloop
  endfacet
  facet normal 0 0.649127 0.76068
    outer loop
      vertex 3 102.877 167.504
      vertex -1.5 103.593 166.893
      vertex -1.5 102.877 167.504
    endloop
  endfacet
  facet normal 0 0.76068 0.649127
    outer loop
      vertex 3 104.204 166.177
      vertex -1.5 103.593 166.893
      vertex 3 103.593 166.893
    endloop
  endfacet
  facet normal 0 0.76068 0.649127
    outer loop
      vertex -1.5 103.593 166.893
      vertex 3 104.204 166.177
      vertex -1.5 104.204 166.177
    endloop
  endfacet
  facet normal -1 0 0
    outer loop
      vertex -1.5 105.276 161.711
      vertex -1.5 105.276 163.589
      vertex -1.5 105.35 162.65
    endloop
  endfacet
  facet normal -1 0 0
    outer loop
      vertex -1.5 105.056 160.796
      vertex -1.5 105.276 163.589
      vertex -1.5 105.276 161.711
    endloop
  endfacet
  facet normal -1 0 0
    outer loop
      vertex -1.5 105.056 160.796
      vertex -1.5 105.056 164.504
      vertex -1.5 105.276 163.589
    endloop
  endfacet
  facet normal -1 0 0
    outer loop
      vertex -1.5 104.696 159.926
      vertex -1.5 105.056 164.504
      vertex -1.5 105.056 160.796
    endloop
  endfacet
  facet normal -1 0 0
    outer loop
      vertex -1.5 104.696 159.926
      vertex -1.5 104.696 165.374
      vertex -1.5 105.056 164.504
    endloop
  endfacet
  facet normal -1 0 0
    outer loop
      vertex -1.5 104.204 159.123
      vertex -1.5 104.696 165.374
      vertex -1.5 104.696 159.926
    endloop
  endfacet
  facet normal -1 0 0
    outer loop
      vertex -1.5 104.204 159.123
      vertex -1.5 104.204 166.177
      vertex -1.5 104.696 165.374
    endloop
  endfacet
  facet normal -1 0 0
    outer loop
      vertex -1.5 103.593 158.407
      vertex -1.5 104.204 166.177
      vertex -1.5 104.204 159.123
    endloop
  endfacet
  facet normal -1 0 0
    outer loop
      vertex -1.5 103.593 158.407
      vertex -1.5 103.593 166.893
      vertex -1.5 104.204 166.177
    endloop
  endfacet
  facet normal -1 0 0
    outer loop
      vertex -1.5 102.877 157.796
      vertex -1.5 103.593 166.893
      vertex -1.5 103.593 158.407
    endloop
  endfacet
  facet normal -1 0 0
    outer loop
      vertex -1.5 102.877 157.796
      vertex -1.5 102.877 167.504
      vertex -1.5 103.593 166.893
    endloop
  endfacet
  facet normal -1 0 0
    outer loop
      vertex -1.5 102.074 157.304
      vertex -1.5 102.877 167.504
      vertex -1.5 102.877 157.796
    endloop
  endfacet
  facet normal -1 0 0
    outer loop
      vertex -1.5 102.074 157.304
      vertex -1.5 102.074 167.996
      vertex -1.5 102.877 167.504
    endloop
  endfacet
  facet normal -1 0 0
    outer loop
      vertex -1.5 101.204 156.944
      vertex -1.5 102.074 167.996
      vertex -1.5 102.074 157.304
    endloop
  endfacet
  facet normal -1 0 0
    outer loop
      vertex -1.5 101.204 156.944
      vertex -1.5 101.204 168.356
      vertex -1.5 102.074 167.996
    endloop
  endfacet
  facet normal -1 0 0
    outer loop
      vertex -1.5 100.289 156.724
      vertex -1.5 101.204 168.356
      vertex -1.5 101.204 156.944
    endloop
  endfacet
  facet normal -1 0 0
    outer loop
      vertex -1.5 100.289 156.724
      vertex -1.5 100.289 168.576
      vertex -1.5 101.204 168.356
    endloop
  endfacet
  facet normal -1 0 0
    outer loop
      vertex -1.5 99.35 156.65
      vertex -1.5 100.289 168.576
      vertex -1.5 100.289 156.724
    endloop
  endfacet
  facet normal -1 0 0
    outer loop
      vertex -1.5 99.35 156.65
      vertex -1.5 99.35 168.65
      vertex -1.5 100.289 168.576
    endloop
  endfacet
  facet normal -1 0 0
    outer loop
      vertex -1.5 98.4114 156.724
      vertex -1.5 99.35 168.65
      vertex -1.5 99.35 156.65
    endloop
  endfacet
  facet normal -1 0 0
    outer loop
      vertex -1.5 98.4114 156.724
      vertex -1.5 98.4114 168.576
      vertex -1.5 99.35 168.65
    endloop
  endfacet
  facet normal -1 0 0
    outer loop
      vertex -1.5 97.4959 156.944
      vertex -1.5 98.4114 168.576
      vertex -1.5 98.4114 156.724
    endloop
  endfacet
  facet normal -1 0 0
    outer loop
      vertex -1.5 97.4959 156.944
      vertex -1.5 97.4959 168.356
      vertex -1.5 98.4114 168.576
    endloop
  endfacet
  facet normal -1 0 0
    outer loop
      vertex -1.5 96.6261 157.304
      vertex -1.5 97.4959 168.356
      vertex -1.5 97.4959 156.944
    endloop
  endfacet
  facet normal -1 0 0
    outer loop
      vertex -1.5 96.6261 157.304
      vertex -1.5 96.6261 167.996
      vertex -1.5 97.4959 168.356
    endloop
  endfacet
  facet normal -1 0 0
    outer loop
      vertex -1.5 95.8233 157.796
      vertex -1.5 96.6261 167.996
      vertex -1.5 96.6261 157.304
    endloop
  endfacet
  facet normal -1 0 0
    outer loop
      vertex -1.5 95.8233 157.796
      vertex -1.5 95.8233 167.504
      vertex -1.5 96.6261 167.996
    endloop
  endfacet
  facet normal -1 0 0
    outer loop
      vertex -1.5 95.1074 158.407
      vertex -1.5 95.8233 167.504
      vertex -1.5 95.8233 157.796
    endloop
  endfacet
  facet normal -1 0 0
    outer loop
      vertex -1.5 95.1074 158.407
      vertex -1.5 95.1074 166.893
      vertex -1.5 95.8233 167.504
    endloop
  endfacet
  facet normal -1 0 0
    outer loop
      vertex -1.5 94.4959 159.123
      vertex -1.5 95.1074 166.893
      vertex -1.5 95.1074 158.407
    endloop
  endfacet
  facet normal -1 0 0
    outer loop
      vertex -1.5 94.4959 159.123
      vertex -1.5 94.4959 166.177
      vertex -1.5 95.1074 166.893
    endloop
  endfacet
  facet normal -1 0 0
    outer loop
      vertex -1.5 94.004 159.926
      vertex -1.5 94.4959 166.177
      vertex -1.5 94.4959 159.123
    endloop
  endfacet
  facet normal -1 0 0
    outer loop
      vertex -1.5 94.004 159.926
      vertex -1.5 94.004 165.374
      vertex -1.5 94.4959 166.177
    endloop
  endfacet
  facet normal -1 0 0
    outer loop
      vertex -1.5 93.6437 160.796
      vertex -1.5 94.004 165.374
      vertex -1.5 94.004 159.926
    endloop
  endfacet
  facet normal -1 0 0
    outer loop
      vertex -1.5 93.6437 160.796
      vertex -1.5 93.6437 164.504
      vertex -1.5 94.004 165.374
    endloop
  endfacet
  facet normal -1 0 0
    outer loop
      vertex -1.5 93.4239 161.711
      vertex -1.5 93.6437 164.504
      vertex -1.5 93.6437 160.796
    endloop
  endfacet
  facet normal -1 0 0
    outer loop
      vertex -1.5 93.4239 161.711
      vertex -1.5 93.4239 163.589
      vertex -1.5 93.6437 164.504
    endloop
  endfacet
  facet normal -1 0 -0
    outer loop
      vertex -1.5 93.4239 163.589
      vertex -1.5 93.4239 161.711
      vertex -1.5 93.35 162.65
    endloop
  endfacet
  facet normal 0 -0.996917 0.0784581
    outer loop
      vertex -1.5 93.35 162.65
      vertex 0 93.4239 163.589
      vertex -1.5 93.4239 163.589
    endloop
  endfacet
  facet normal 0 -0.996917 0.0784581
    outer loop
      vertex 0 93.4239 163.589
      vertex -1.5 93.35 162.65
      vertex 0 93.35 162.65
    endloop
  endfacet
  facet normal 0 -0.522532 -0.85262
    outer loop
      vertex -1.5 95.8233 157.796
      vertex 3 96.6261 157.304
      vertex 3 95.8233 157.796
    endloop
  endfacet
  facet normal -0 -0.522532 -0.85262
    outer loop
      vertex 3 96.6261 157.304
      vertex -1.5 95.8233 157.796
      vertex -1.5 96.6261 157.304
    endloop
  endfacet
  facet normal 0 -0.972339 0.233574
    outer loop
      vertex -1.5 93.4239 163.589
      vertex 0 93.6437 164.504
      vertex -1.5 93.6437 164.504
    endloop
  endfacet
  facet normal 0 -0.972339 0.233574
    outer loop
      vertex 0 93.6437 164.504
      vertex -1.5 93.4239 163.589
      vertex 0 93.4239 163.589
    endloop
  endfacet
  facet normal 0 -0.760417 0.649435
    outer loop
      vertex -1.5 94.4959 166.177
      vertex 3 95.1074 166.893
      vertex -1.5 95.1074 166.893
    endloop
  endfacet
  facet normal 0 -0.760417 0.649435
    outer loop
      vertex 3 95.1074 166.893
      vertex -1.5 94.4959 166.177
      vertex 3 94.4959 166.177
    endloop
  endfacet
  facet normal 0 -0.0785969 -0.996906
    outer loop
      vertex -1.5 98.4114 156.724
      vertex 3 99.35 156.65
      vertex 3 98.4114 156.724
    endloop
  endfacet
  facet normal -0 -0.0785969 -0.996906
    outer loop
      vertex 3 99.35 156.65
      vertex -1.5 98.4114 156.724
      vertex -1.5 99.35 156.65
    endloop
  endfacet
  facet normal 0 -0.233654 0.97232
    outer loop
      vertex -1.5 98.4114 168.576
      vertex 0 97.4959 168.356
      vertex 0 98.4114 168.576
    endloop
  endfacet
  facet normal 0 -0.233654 0.97232
    outer loop
      vertex 0 97.4959 168.356
      vertex -1.5 98.4114 168.576
      vertex -1.5 97.4959 168.356
    endloop
  endfacet
  facet normal 0 0.924017 0.382352
    outer loop
      vertex 3 105.056 164.504
      vertex -1.5 104.696 165.374
      vertex 3 104.696 165.374
    endloop
  endfacet
  facet normal 0 0.924017 0.382352
    outer loop
      vertex -1.5 104.696 165.374
      vertex 3 105.056 164.504
      vertex -1.5 105.056 164.504
    endloop
  endfacet
  facet normal 0 -0.923851 -0.382753
    outer loop
      vertex -1.5 93.6437 160.796
      vertex 0 94 159.936
      vertex 0 93.6437 160.796
    endloop
  endfacet
  facet normal 8.70806e-05 -0.923904 -0.382624
    outer loop
      vertex -1.5 94.004 159.926
      vertex 0 94 159.936
      vertex -1.5 93.6437 160.796
    endloop
  endfacet
  facet normal -0 -0.928477 -0.371391
    outer loop
      vertex 3 94.004 159.926
      vertex 0 94 159.936
      vertex -1.5 94.004 159.926
    endloop
  endfacet
  facet normal 0 -0.928477 -0.371391
    outer loop
      vertex 0 94 159.936
      vertex 3 94.004 159.926
      vertex 3 94 159.936
    endloop
  endfacet
  facet normal 0 0.996909 0.0785637
    outer loop
      vertex 3 105.35 162.65
      vertex -1.5 105.276 163.589
      vertex 3 105.276 163.589
    endloop
  endfacet
  facet normal 0 0.996909 0.0785637
    outer loop
      vertex -1.5 105.276 163.589
      vertex 3 105.35 162.65
      vertex -1.5 105.35 162.65
    endloop
  endfacet
  facet normal 0 0.522438 -0.852678
    outer loop
      vertex -1.5 102.074 157.304
      vertex 3 102.877 157.796
      vertex 3 102.074 157.304
    endloop
  endfacet
  facet normal 0 0.522438 -0.852678
    outer loop
      vertex 3 102.877 157.796
      vertex -1.5 102.074 157.304
      vertex -1.5 102.877 157.796
    endloop
  endfacet
  facet normal 0 -0.383079 0.923715
    outer loop
      vertex 0.8 101.223 158.975
      vertex 3 100.625 158.727
      vertex 3 101.223 158.975
    endloop
  endfacet
  facet normal 0 -0.383079 0.923715
    outer loop
      vertex 3 100.625 158.727
      vertex 0.8 101.223 158.975
      vertex 0.8 100.625 158.727
    endloop
  endfacet
  facet normal 0 -0.233186 -0.972432
    outer loop
      vertex 0.8 99.9953 166.724
      vertex 3 100.625 166.573
      vertex 3 99.9953 166.724
    endloop
  endfacet
  facet normal -0 -0.233186 -0.972432
    outer loop
      vertex 3 100.625 166.573
      vertex 0.8 99.9953 166.724
      vertex 0.8 100.625 166.573
    endloop
  endfacet
  facet normal 0 -0.0787873 -0.996891
    outer loop
      vertex 0.8 99.35 166.775
      vertex 3 99.9953 166.724
      vertex 3 99.35 166.775
    endloop
  endfacet
  facet normal -0 -0.0787873 -0.996891
    outer loop
      vertex 3 99.9953 166.724
      vertex 0.8 99.35 166.775
      vertex 0.8 99.9953 166.724
    endloop
  endfacet
  facet normal 0 -0.383079 -0.923715
    outer loop
      vertex 0.8 100.625 166.573
      vertex 3 101.223 166.325
      vertex 3 100.625 166.573
    endloop
  endfacet
  facet normal -0 -0.383079 -0.923715
    outer loop
      vertex 3 101.223 166.325
      vertex 0.8 100.625 166.573
      vertex 0.8 101.223 166.325
    endloop
  endfacet
  facet normal 0 0.852686 -0.522424
    outer loop
      vertex 3 95.6746 164.523
      vertex 0.8 96.0128 165.075
      vertex 3 96.0128 165.075
    endloop
  endfacet
  facet normal 0 0.852686 -0.522424
    outer loop
      vertex 0.8 96.0128 165.075
      vertex 3 95.6746 164.523
      vertex 0.8 95.6746 164.523
    endloop
  endfacet
  facet normal 0 0.233291 -0.972407
    outer loop
      vertex 0.8 98.0753 166.573
      vertex 3 98.7047 166.724
      vertex 3 98.0753 166.573
    endloop
  endfacet
  facet normal 0 0.233291 -0.972407
    outer loop
      vertex 3 98.7047 166.724
      vertex 0.8 98.0753 166.573
      vertex 0.8 98.7047 166.724
    endloop
  endfacet
  facet normal 0 0.923879 -0.382684
    outer loop
      vertex 3 95.4269 163.925
      vertex 0.8 95.6746 164.523
      vertex 3 95.6746 164.523
    endloop
  endfacet
  facet normal 0 0.923879 -0.382684
    outer loop
      vertex 0.8 95.6746 164.523
      vertex 3 95.4269 163.925
      vertex 0.8 95.4269 163.925
    endloop
  endfacet
  facet normal 0 -0.923715 0.383079
    outer loop
      vertex 0.8 103.025 160.777
      vertex 3 103.273 161.375
      vertex 0.8 103.273 161.375
    endloop
  endfacet
  facet normal 0 -0.923715 0.383079
    outer loop
      vertex 3 103.273 161.375
      vertex 0.8 103.025 160.777
      vertex 3 103.025 160.777
    endloop
  endfacet
  facet normal 0 0.923879 0.382684
    outer loop
      vertex 3 95.6746 160.777
      vertex 0.8 95.4269 161.375
      vertex 3 95.4269 161.375
    endloop
  endfacet
  facet normal 0 0.923879 0.382684
    outer loop
      vertex 0.8 95.4269 161.375
      vertex 3 95.6746 160.777
      vertex 0.8 95.6746 160.777
    endloop
  endfacet
  facet normal 0 -0.852823 0.5222
    outer loop
      vertex 0.8 102.687 160.225
      vertex 3 103.025 160.777
      vertex 0.8 103.025 160.777
    endloop
  endfacet
  facet normal 0 -0.852823 0.5222
    outer loop
      vertex 3 103.025 160.777
      vertex 0.8 102.687 160.225
      vertex 3 102.687 160.225
    endloop
  endfacet
  facet normal 0 -0.760565 -0.649262
    outer loop
      vertex 0.8 102.687 165.075
      vertex 3 102.267 165.567
      vertex 0.8 102.267 165.567
    endloop
  endfacet
  facet normal 0 -0.760565 -0.649262
    outer loop
      vertex 3 102.267 165.567
      vertex 0.8 102.687 165.075
      vertex 3 102.687 165.075
    endloop
  endfacet
  facet normal 0 -0.972457 0.233081
    outer loop
      vertex 0.8 103.273 161.375
      vertex 3 103.424 162.005
      vertex 0.8 103.424 162.005
    endloop
  endfacet
  facet normal 0 -0.972457 0.233081
    outer loop
      vertex 3 103.424 162.005
      vertex 0.8 103.273 161.375
      vertex 3 103.273 161.375
    endloop
  endfacet
  facet normal -0 0.383079 0.923715
    outer loop
      vertex 0.8 98.0753 158.727
      vertex 3 97.4773 158.975
      vertex 3 98.0753 158.727
    endloop
  endfacet
  facet normal 0 0.383079 0.923715
    outer loop
      vertex 3 97.4773 158.975
      vertex 0.8 98.0753 158.727
      vertex 0.8 97.4773 158.975
    endloop
  endfacet
  facet normal 0 -0.996889 0.0788237
    outer loop
      vertex 0.8 103.424 162.005
      vertex 3 103.475 162.65
      vertex 0.8 103.475 162.65
    endloop
  endfacet
  facet normal 0 -0.996889 0.0788237
    outer loop
      vertex 3 103.475 162.65
      vertex 0.8 103.424 162.005
      vertex 3 103.424 162.005
    endloop
  endfacet
  facet normal 0 0.972422 0.233227
    outer loop
      vertex 3 95.4269 161.375
      vertex 0.8 95.2758 162.005
      vertex 3 95.2758 162.005
    endloop
  endfacet
  facet normal 0 0.972422 0.233227
    outer loop
      vertex 0.8 95.2758 162.005
      vertex 3 95.4269 161.375
      vertex 0.8 95.4269 161.375
    endloop
  endfacet
  facet normal 0 0.383079 -0.923715
    outer loop
      vertex 0.8 97.4773 166.325
      vertex 3 98.0753 166.573
      vertex 3 97.4773 166.325
    endloop
  endfacet
  facet normal 0 0.383079 -0.923715
    outer loop
      vertex 3 98.0753 166.573
      vertex 0.8 97.4773 166.325
      vertex 0.8 98.0753 166.573
    endloop
  endfacet
  facet normal -0 0.64911 0.760695
    outer loop
      vertex 0.8 96.9254 159.313
      vertex 3 96.4332 159.733
      vertex 3 96.9254 159.313
    endloop
  endfacet
  facet normal 0 0.64911 0.760695
    outer loop
      vertex 3 96.4332 159.733
      vertex 0.8 96.9254 159.313
      vertex 0.8 96.4332 159.733
    endloop
  endfacet
  facet normal 0 -0.760565 0.649262
    outer loop
      vertex 0.8 102.267 159.733
      vertex 3 102.687 160.225
      vertex 0.8 102.687 160.225
    endloop
  endfacet
  facet normal 0 -0.760565 0.649262
    outer loop
      vertex 3 102.687 160.225
      vertex 0.8 102.267 159.733
      vertex 3 102.267 159.733
    endloop
  endfacet
  facet normal 0 0.996913 -0.0785165
    outer loop
      vertex 3 95.225 162.65
      vertex 0.8 95.2758 163.295
      vertex 3 95.2758 163.295
    endloop
  endfacet
  facet normal 0 0.996913 -0.0785165
    outer loop
      vertex 0.8 95.2758 163.295
      vertex 3 95.225 162.65
      vertex 0.8 95.225 162.65
    endloop
  endfacet
  facet normal 0 0.760259 0.64962
    outer loop
      vertex 3 96.4332 159.733
      vertex 0.8 96.0128 160.225
      vertex 3 96.0128 160.225
    endloop
  endfacet
  facet normal 0 0.760259 0.64962
    outer loop
      vertex 0.8 96.0128 160.225
      vertex 3 96.4332 159.733
      vertex 0.8 96.4332 159.733
    endloop
  endfacet
  facet normal 0 0.522269 -0.852781
    outer loop
      vertex 0.8 96.9254 165.987
      vertex 3 97.4773 166.325
      vertex 3 96.9254 165.987
    endloop
  endfacet
  facet normal 0 0.522269 -0.852781
    outer loop
      vertex 3 97.4773 166.325
      vertex 0.8 96.9254 165.987
      vertex 0.8 97.4773 166.325
    endloop
  endfacet
  facet normal 0 -0.5222 -0.852823
    outer loop
      vertex 0.8 101.223 166.325
      vertex 3 101.775 165.987
      vertex 3 101.223 166.325
    endloop
  endfacet
  facet normal -0 -0.5222 -0.852823
    outer loop
      vertex 3 101.775 165.987
      vertex 0.8 101.223 166.325
      vertex 0.8 101.775 165.987
    endloop
  endfacet
  facet normal 0 -0.649262 -0.760565
    outer loop
      vertex 0.8 101.775 165.987
      vertex 3 102.267 165.567
      vertex 3 101.775 165.987
    endloop
  endfacet
  facet normal -0 -0.649262 -0.760565
    outer loop
      vertex 3 102.267 165.567
      vertex 0.8 101.775 165.987
      vertex 0.8 102.267 165.567
    endloop
  endfacet
  facet normal 0 -0.649262 0.760565
    outer loop
      vertex 0.8 102.267 159.733
      vertex 3 101.775 159.313
      vertex 3 102.267 159.733
    endloop
  endfacet
  facet normal 0 -0.649262 0.760565
    outer loop
      vertex 3 101.775 159.313
      vertex 0.8 102.267 159.733
      vertex 0.8 101.775 159.313
    endloop
  endfacet
  facet normal 0 -0.996889 -0.0788237
    outer loop
      vertex 0.8 103.475 162.65
      vertex 3 103.424 163.295
      vertex 0.8 103.424 163.295
    endloop
  endfacet
  facet normal 0 -0.996889 -0.0788237
    outer loop
      vertex 3 103.424 163.295
      vertex 0.8 103.475 162.65
      vertex 3 103.475 162.65
    endloop
  endfacet
  facet normal 0 -0.923715 -0.383079
    outer loop
      vertex 0.8 103.273 163.925
      vertex 3 103.025 164.523
      vertex 0.8 103.025 164.523
    endloop
  endfacet
  facet normal 0 -0.923715 -0.383079
    outer loop
      vertex 3 103.025 164.523
      vertex 0.8 103.273 163.925
      vertex 3 103.273 163.925
    endloop
  endfacet
  facet normal 0 -0.233186 0.972432
    outer loop
      vertex 0.8 100.625 158.727
      vertex 3 99.9953 158.576
      vertex 3 100.625 158.727
    endloop
  endfacet
  facet normal 0 -0.233186 0.972432
    outer loop
      vertex 3 99.9953 158.576
      vertex 0.8 100.625 158.727
      vertex 0.8 99.9953 158.576
    endloop
  endfacet
  facet normal -0 0.233291 0.972407
    outer loop
      vertex 0.8 98.7047 158.576
      vertex 3 98.0753 158.727
      vertex 3 98.7047 158.576
    endloop
  endfacet
  facet normal 0 0.233291 0.972407
    outer loop
      vertex 3 98.0753 158.727
      vertex 0.8 98.7047 158.576
      vertex 0.8 98.0753 158.727
    endloop
  endfacet
  facet normal 0 -0.852823 -0.5222
    outer loop
      vertex 0.8 103.025 164.523
      vertex 3 102.687 165.075
      vertex 0.8 102.687 165.075
    endloop
  endfacet
  facet normal 0 -0.852823 -0.5222
    outer loop
      vertex 3 102.687 165.075
      vertex 0.8 103.025 164.523
      vertex 3 103.025 164.523
    endloop
  endfacet
  facet normal 0 0.972422 -0.233227
    outer loop
      vertex 3 95.2758 163.295
      vertex 0.8 95.4269 163.925
      vertex 3 95.4269 163.925
    endloop
  endfacet
  facet normal 0 0.972422 -0.233227
    outer loop
      vertex 0.8 95.4269 163.925
      vertex 3 95.2758 163.295
      vertex 0.8 95.2758 163.295
    endloop
  endfacet
  facet normal 0 0.0787873 -0.996891
    outer loop
      vertex 0.8 98.7047 166.724
      vertex 3 99.35 166.775
      vertex 3 98.7047 166.724
    endloop
  endfacet
  facet normal 0 0.0787873 -0.996891
    outer loop
      vertex 3 99.35 166.775
      vertex 0.8 98.7047 166.724
      vertex 0.8 99.35 166.775
    endloop
  endfacet
  facet normal 0 0.64911 -0.760695
    outer loop
      vertex 0.8 96.4332 165.567
      vertex 3 96.9254 165.987
      vertex 3 96.4332 165.567
    endloop
  endfacet
  facet normal 0 0.64911 -0.760695
    outer loop
      vertex 3 96.9254 165.987
      vertex 0.8 96.4332 165.567
      vertex 0.8 96.9254 165.987
    endloop
  endfacet
  facet normal -0 0.522269 0.852781
    outer loop
      vertex 0.8 97.4773 158.975
      vertex 3 96.9254 159.313
      vertex 3 97.4773 158.975
    endloop
  endfacet
  facet normal 0 0.522269 0.852781
    outer loop
      vertex 3 96.9254 159.313
      vertex 0.8 97.4773 158.975
      vertex 0.8 96.9254 159.313
    endloop
  endfacet
  facet normal -0 0.0787873 0.996891
    outer loop
      vertex 0.8 99.35 158.525
      vertex 3 98.7047 158.576
      vertex 3 99.35 158.525
    endloop
  endfacet
  facet normal 0 0.0787873 0.996891
    outer loop
      vertex 3 98.7047 158.576
      vertex 0.8 99.35 158.525
      vertex 0.8 98.7047 158.576
    endloop
  endfacet
  facet normal 0 0.996913 0.0785165
    outer loop
      vertex 3 95.2758 162.005
      vertex 0.8 95.225 162.65
      vertex 3 95.225 162.65
    endloop
  endfacet
  facet normal 0 0.996913 0.0785165
    outer loop
      vertex 0.8 95.225 162.65
      vertex 3 95.2758 162.005
      vertex 0.8 95.2758 162.005
    endloop
  endfacet
  facet normal 0 -0.972457 -0.233081
    outer loop
      vertex 0.8 103.424 163.295
      vertex 3 103.273 163.925
      vertex 0.8 103.273 163.925
    endloop
  endfacet
  facet normal 0 -0.972457 -0.233081
    outer loop
      vertex 3 103.273 163.925
      vertex 0.8 103.424 163.295
      vertex 3 103.424 163.295
    endloop
  endfacet
  facet normal 0 0.852686 0.522424
    outer loop
      vertex 3 96.0128 160.225
      vertex 0.8 95.6746 160.777
      vertex 3 95.6746 160.777
    endloop
  endfacet
  facet normal 0 0.852686 0.522424
    outer loop
      vertex 0.8 95.6746 160.777
      vertex 3 96.0128 160.225
      vertex 0.8 96.0128 160.225
    endloop
  endfacet
  facet normal 1 0 0
    outer loop
      vertex 0.8 103.424 163.295
      vertex 0.8 103.424 162.005
      vertex 0.8 103.475 162.65
    endloop
  endfacet
  facet normal 1 0 0
    outer loop
      vertex 0.8 103.273 163.925
      vertex 0.8 103.424 162.005
      vertex 0.8 103.424 163.295
    endloop
  endfacet
  facet normal 1 0 0
    outer loop
      vertex 0.8 103.273 163.925
      vertex 0.8 103.273 161.375
      vertex 0.8 103.424 162.005
    endloop
  endfacet
  facet normal 1 0 0
    outer loop
      vertex 0.8 103.025 164.523
      vertex 0.8 103.273 161.375
      vertex 0.8 103.273 163.925
    endloop
  endfacet
  facet normal 1 0 0
    outer loop
      vertex 0.8 103.025 164.523
      vertex 0.8 103.025 160.777
      vertex 0.8 103.273 161.375
    endloop
  endfacet
  facet normal 1 0 0
    outer loop
      vertex 0.8 102.687 165.075
      vertex 0.8 103.025 160.777
      vertex 0.8 103.025 164.523
    endloop
  endfacet
  facet normal 1 0 0
    outer loop
      vertex 0.8 102.687 165.075
      vertex 0.8 102.687 160.225
      vertex 0.8 103.025 160.777
    endloop
  endfacet
  facet normal 1 0 0
    outer loop
      vertex 0.8 102.267 165.567
      vertex 0.8 102.687 160.225
      vertex 0.8 102.687 165.075
    endloop
  endfacet
  facet normal 1 0 0
    outer loop
      vertex 0.8 102.267 165.567
      vertex 0.8 102.267 159.733
      vertex 0.8 102.687 160.225
    endloop
  endfacet
  facet normal 1 0 0
    outer loop
      vertex 0.8 101.775 165.987
      vertex 0.8 102.267 159.733
      vertex 0.8 102.267 165.567
    endloop
  endfacet
  facet normal 1 0 0
    outer loop
      vertex 0.8 101.775 165.987
      vertex 0.8 101.775 159.313
      vertex 0.8 102.267 159.733
    endloop
  endfacet
  facet normal 1 0 0
    outer loop
      vertex 0.8 101.223 166.325
      vertex 0.8 101.775 159.313
      vertex 0.8 101.775 165.987
    endloop
  endfacet
  facet normal 1 0 0
    outer loop
      vertex 0.8 101.223 166.325
      vertex 0.8 101.223 158.975
      vertex 0.8 101.775 159.313
    endloop
  endfacet
  facet normal 1 0 0
    outer loop
      vertex 0.8 100.625 166.573
      vertex 0.8 101.223 158.975
      vertex 0.8 101.223 166.325
    endloop
  endfacet
  facet normal 1 0 0
    outer loop
      vertex 0.8 100.625 166.573
      vertex 0.8 100.625 158.727
      vertex 0.8 101.223 158.975
    endloop
  endfacet
  facet normal 1 0 0
    outer loop
      vertex 0.8 99.9953 166.724
      vertex 0.8 100.625 158.727
      vertex 0.8 100.625 166.573
    endloop
  endfacet
  facet normal 1 0 0
    outer loop
      vertex 0.8 99.9953 166.724
      vertex 0.8 99.9953 158.576
      vertex 0.8 100.625 158.727
    endloop
  endfacet
  facet normal 1 0 0
    outer loop
      vertex 0.8 99.35 166.775
      vertex 0.8 99.9953 158.576
      vertex 0.8 99.9953 166.724
    endloop
  endfacet
  facet normal 1 0 0
    outer loop
      vertex 0.8 99.35 166.775
      vertex 0.8 99.35 158.525
      vertex 0.8 99.9953 158.576
    endloop
  endfacet
  facet normal 1 -0 0
    outer loop
      vertex 0.8 98.7047 166.724
      vertex 0.8 99.35 158.525
      vertex 0.8 99.35 166.775
    endloop
  endfacet
  facet normal 1 0 0
    outer loop
      vertex 0.8 98.7047 166.724
      vertex 0.8 98.7047 158.576
      vertex 0.8 99.35 158.525
    endloop
  endfacet
  facet normal 1 -0 0
    outer loop
      vertex 0.8 98.0753 166.573
      vertex 0.8 98.7047 158.576
      vertex 0.8 98.7047 166.724
    endloop
  endfacet
  facet normal 1 0 0
    outer loop
      vertex 0.8 98.0753 166.573
      vertex 0.8 98.0753 158.727
      vertex 0.8 98.7047 158.576
    endloop
  endfacet
  facet normal 1 -0 0
    outer loop
      vertex 0.8 97.4773 166.325
      vertex 0.8 98.0753 158.727
      vertex 0.8 98.0753 166.573
    endloop
  endfacet
  facet normal 1 0 0
    outer loop
      vertex 0.8 97.4773 166.325
      vertex 0.8 97.4773 158.975
      vertex 0.8 98.0753 158.727
    endloop
  endfacet
  facet normal 1 -0 0
    outer loop
      vertex 0.8 96.9254 165.987
      vertex 0.8 97.4773 158.975
      vertex 0.8 97.4773 166.325
    endloop
  endfacet
  facet normal 1 0 0
    outer loop
      vertex 0.8 96.9254 165.987
      vertex 0.8 96.9254 159.313
      vertex 0.8 97.4773 158.975
    endloop
  endfacet
  facet normal 1 -0 0
    outer loop
      vertex 0.8 96.4332 165.567
      vertex 0.8 96.9254 159.313
      vertex 0.8 96.9254 165.987
    endloop
  endfacet
  facet normal 1 0 0
    outer loop
      vertex 0.8 96.4332 165.567
      vertex 0.8 96.4332 159.733
      vertex 0.8 96.9254 159.313
    endloop
  endfacet
  facet normal 1 -0 0
    outer loop
      vertex 0.8 96.0128 165.075
      vertex 0.8 96.4332 159.733
      vertex 0.8 96.4332 165.567
    endloop
  endfacet
  facet normal 1 0 0
    outer loop
      vertex 0.8 96.0128 165.075
      vertex 0.8 96.0128 160.225
      vertex 0.8 96.4332 159.733
    endloop
  endfacet
  facet normal 1 -0 0
    outer loop
      vertex 0.8 95.6746 164.523
      vertex 0.8 96.0128 160.225
      vertex 0.8 96.0128 165.075
    endloop
  endfacet
  facet normal 1 0 0
    outer loop
      vertex 0.8 95.6746 164.523
      vertex 0.8 95.6746 160.777
      vertex 0.8 96.0128 160.225
    endloop
  endfacet
  facet normal 1 -0 0
    outer loop
      vertex 0.8 95.4269 163.925
      vertex 0.8 95.6746 160.777
      vertex 0.8 95.6746 164.523
    endloop
  endfacet
  facet normal 1 0 0
    outer loop
      vertex 0.8 95.4269 163.925
      vertex 0.8 95.4269 161.375
      vertex 0.8 95.6746 160.777
    endloop
  endfacet
  facet normal 1 -0 0
    outer loop
      vertex 0.8 95.2758 163.295
      vertex 0.8 95.4269 161.375
      vertex 0.8 95.4269 163.925
    endloop
  endfacet
  facet normal 1 0 0
    outer loop
      vertex 0.8 95.2758 163.295
      vertex 0.8 95.2758 162.005
      vertex 0.8 95.4269 161.375
    endloop
  endfacet
  facet normal 1 0 -0
    outer loop
      vertex 0.8 95.2758 162.005
      vertex 0.8 95.2758 163.295
      vertex 0.8 95.225 162.65
    endloop
  endfacet
  facet normal 0 -0.0787873 0.996891
    outer loop
      vertex 0.8 99.9953 158.576
      vertex 3 99.35 158.525
      vertex 3 99.9953 158.576
    endloop
  endfacet
  facet normal 0 -0.0787873 0.996891
    outer loop
      vertex 3 99.35 158.525
      vertex 0.8 99.9953 158.576
      vertex 0.8 99.35 158.525
    endloop
  endfacet
  facet normal 0 -0.5222 0.852823
    outer loop
      vertex 0.8 101.775 159.313
      vertex 3 101.223 158.975
      vertex 3 101.775 159.313
    endloop
  endfacet
  facet normal 0 -0.5222 0.852823
    outer loop
      vertex 3 101.223 158.975
      vertex 0.8 101.775 159.313
      vertex 0.8 101.223 158.975
    endloop
  endfacet
  facet normal 0 0.760259 -0.64962
    outer loop
      vertex 3 96.0128 165.075
      vertex 0.8 96.4332 165.567
      vertex 3 96.4332 165.567
    endloop
  endfacet
  facet normal 0 0.760259 -0.64962
    outer loop
      vertex 0.8 96.4332 165.567
      vertex 3 96.0128 165.075
      vertex 0.8 96.0128 165.075
    endloop
  endfacet
  facet normal 0 -0.233574 -0.972339
    outer loop
      vertex -1.5 130.796 26.6437
      vertex 0 131.711 26.4239
      vertex 0 130.796 26.6437
    endloop
  endfacet
  facet normal -0 -0.233574 -0.972339
    outer loop
      vertex 0 131.711 26.4239
      vertex -1.5 130.796 26.6437
      vertex -1.5 131.711 26.4239
    endloop
  endfacet
  facet normal -0 0.233574 0.972339
    outer loop
      vertex -1.5 134.504 38.0563
      vertex 3 133.589 38.2761
      vertex 3 134.504 38.0563
    endloop
  endfacet
  facet normal 0 0.233574 0.972339
    outer loop
      vertex 3 133.589 38.2761
      vertex -1.5 134.504 38.0563
      vertex -1.5 133.589 38.2761
    endloop
  endfacet
  facet normal -0 0.0784581 0.996917
    outer loop
      vertex -1.5 133.589 38.2761
      vertex 3 132.65 38.35
      vertex 3 133.589 38.2761
    endloop
  endfacet
  facet normal 0 0.0784581 0.996917
    outer loop
      vertex 3 132.65 38.35
      vertex -1.5 133.589 38.2761
      vertex -1.5 132.65 38.35
    endloop
  endfacet
  facet normal -0 0.382624 0.923904
    outer loop
      vertex -1.5 135.374 37.696
      vertex 3 134.504 38.0563
      vertex 3 135.374 37.696
    endloop
  endfacet
  facet normal 0 0.382624 0.923904
    outer loop
      vertex 3 134.504 38.0563
      vertex -1.5 135.374 37.696
      vertex -1.5 134.504 38.0563
    endloop
  endfacet
  facet normal 0 -0.923986 0.382427
    outer loop
      vertex -1.5 126.944 34.2041
      vertex 3 127.304 35.0739
      vertex -1.5 127.304 35.0739
    endloop
  endfacet
  facet normal 0 -0.923986 0.382427
    outer loop
      vertex 3 127.304 35.0739
      vertex -1.5 126.944 34.2041
      vertex 3 126.944 34.2041
    endloop
  endfacet
  facet normal 0 -0.52236 0.852725
    outer loop
      vertex -1.5 129.926 37.696
      vertex 3 129.123 37.2041
      vertex 3 129.926 37.696
    endloop
  endfacet
  facet normal 0 -0.52236 0.852725
    outer loop
      vertex 3 129.123 37.2041
      vertex -1.5 129.926 37.696
      vertex -1.5 129.123 37.2041
    endloop
  endfacet
  facet normal 0 0.760635 -0.64918
    outer loop
      vertex 3 136.893 28.1074
      vertex -1.5 137.504 28.8233
      vertex 3 137.504 28.8233
    endloop
  endfacet
  facet normal 0 0.760635 -0.64918
    outer loop
      vertex -1.5 137.504 28.8233
      vertex 3 136.893 28.1074
      vertex -1.5 136.893 28.1074
    endloop
  endfacet
  facet normal 0 0.921635 -0.388057
    outer loop
      vertex 3 138 29.6356
      vertex 3 137.996 29.6261
      vertex 0 138 29.6356
    endloop
  endfacet
  facet normal 0 0.924012 -0.382364
    outer loop
      vertex 0 138 29.6356
      vertex -1.5 138.356 30.4959
      vertex 0 138.356 30.4959
    endloop
  endfacet
  facet normal -4.19253e-05 0.923986 -0.382427
    outer loop
      vertex 0 138 29.6356
      vertex -1.5 137.996 29.6261
      vertex -1.5 138.356 30.4959
    endloop
  endfacet
  facet normal 0 0.921635 -0.388057
    outer loop
      vertex -1.5 137.996 29.6261
      vertex 0 138 29.6356
      vertex 3 137.996 29.6261
    endloop
  endfacet
  facet normal 0 -0.649435 0.760417
    outer loop
      vertex -1.5 129.123 37.2041
      vertex 3 128.407 36.5926
      vertex 3 129.123 37.2041
    endloop
  endfacet
  facet normal 0 -0.649435 0.760417
    outer loop
      vertex 3 128.407 36.5926
      vertex -1.5 129.123 37.2041
      vertex -1.5 128.407 36.5926
    endloop
  endfacet
  facet normal 0 -0.0784581 0.996917
    outer loop
      vertex -1.5 132.65 38.35
      vertex 3 131.711 38.2761
      vertex 3 132.65 38.35
    endloop
  endfacet
  facet normal 0 -0.0784581 0.996917
    outer loop
      vertex 3 131.711 38.2761
      vertex -1.5 132.65 38.35
      vertex -1.5 131.711 38.2761
    endloop
  endfacet
  facet normal 0 -0.382624 0.923904
    outer loop
      vertex -1.5 130.796 38.0563
      vertex 3 129.926 37.696
      vertex 3 130.796 38.0563
    endloop
  endfacet
  facet normal 0 -0.382624 0.923904
    outer loop
      vertex 3 129.926 37.696
      vertex -1.5 130.796 38.0563
      vertex -1.5 129.926 37.696
    endloop
  endfacet
  facet normal 0 -0.371391 -0.928477
    outer loop
      vertex 3 129.926 27.004
      vertex 0 129.936 27
      vertex 3 129.936 27
    endloop
  endfacet
  facet normal 0 -0.371391 -0.928477
    outer loop
      vertex -1.5 129.926 27.004
      vertex 0 129.936 27
      vertex 3 129.926 27.004
    endloop
  endfacet
  facet normal 8.80881e-05 -0.382753 -0.923851
    outer loop
      vertex -1.5 129.926 27.004
      vertex 0 130.796 26.6437
      vertex 0 129.936 27
    endloop
  endfacet
  facet normal -0 -0.382624 -0.923904
    outer loop
      vertex 0 130.796 26.6437
      vertex -1.5 129.926 27.004
      vertex -1.5 130.796 26.6437
    endloop
  endfacet
  facet normal 0 0.0784581 -0.996917
    outer loop
      vertex -1.5 132.65 26.35
      vertex 0 133.589 26.4239
      vertex 0 132.65 26.35
    endloop
  endfacet
  facet normal 0 0.0784581 -0.996917
    outer loop
      vertex 0 133.589 26.4239
      vertex -1.5 132.65 26.35
      vertex -1.5 133.589 26.4239
    endloop
  endfacet
  facet normal 0 0.233574 -0.972339
    outer loop
      vertex -1.5 133.589 26.4239
      vertex 0 134.504 26.6437
      vertex 0 133.589 26.4239
    endloop
  endfacet
  facet normal 0 0.233574 -0.972339
    outer loop
      vertex 0 134.504 26.6437
      vertex -1.5 133.589 26.4239
      vertex -1.5 134.504 26.6437
    endloop
  endfacet
  facet normal 0 0.97232 0.233654
    outer loop
      vertex 0 138.576 33.2886
      vertex -1.5 138.356 34.2041
      vertex 0 138.356 34.2041
    endloop
  endfacet
  facet normal 0 0.97232 0.233654
    outer loop
      vertex -1.5 138.356 34.2041
      vertex 0 138.576 33.2886
      vertex -1.5 138.576 33.2886
    endloop
  endfacet
  facet normal 0 0.996906 -0.0785969
    outer loop
      vertex 0 138.576 31.4114
      vertex -1.5 138.65 32.35
      vertex 0 138.65 32.35
    endloop
  endfacet
  facet normal 0 0.996906 -0.0785969
    outer loop
      vertex -1.5 138.65 32.35
      vertex 0 138.576 31.4114
      vertex -1.5 138.576 31.4114
    endloop
  endfacet
  facet normal 0 -0.649435 -0.760417
    outer loop
      vertex -1.5 128.407 28.1074
      vertex 3 129.123 27.4959
      vertex 3 128.407 28.1074
    endloop
  endfacet
  facet normal -0 -0.649435 -0.760417
    outer loop
      vertex 3 129.123 27.4959
      vertex -1.5 128.407 28.1074
      vertex -1.5 129.123 27.4959
    endloop
  endfacet
  facet normal 0 -0.97232 -0.233654
    outer loop
      vertex -1.5 126.944 30.4959
      vertex 3 126.724 31.4114
      vertex -1.5 126.724 31.4114
    endloop
  endfacet
  facet normal 0 -0.97232 -0.233654
    outer loop
      vertex 3 126.724 31.4114
      vertex -1.5 126.944 30.4959
      vertex 3 126.944 30.4959
    endloop
  endfacet
  facet normal 0 -0.760635 -0.64918
    outer loop
      vertex -1.5 128.407 28.1074
      vertex 3 127.796 28.8233
      vertex -1.5 127.796 28.8233
    endloop
  endfacet
  facet normal 0 -0.760635 -0.64918
    outer loop
      vertex 3 127.796 28.8233
      vertex -1.5 128.407 28.1074
      vertex 3 128.407 28.1074
    endloop
  endfacet
  facet normal -0 0.52236 0.852725
    outer loop
      vertex -1.5 136.177 37.2041
      vertex 3 135.374 37.696
      vertex 3 136.177 37.2041
    endloop
  endfacet
  facet normal 0 0.52236 0.852725
    outer loop
      vertex 3 135.374 37.696
      vertex -1.5 136.177 37.2041
      vertex -1.5 135.374 37.696
    endloop
  endfacet
  facet normal 0 0.382753 -0.923851
    outer loop
      vertex 0 134.504 26.6437
      vertex -1.5 134.504 26.6437
      vertex 0 135.364 27
    endloop
  endfacet
  facet normal 0 0.371391 -0.928477
    outer loop
      vertex 0 135.364 27
      vertex 3 135.374 27.004
      vertex 3 135.364 27
    endloop
  endfacet
  facet normal 0 0.371391 -0.928477
    outer loop
      vertex 0 135.364 27
      vertex -1.5 135.374 27.004
      vertex 3 135.374 27.004
    endloop
  endfacet
  facet normal 8.70806e-05 0.382624 -0.923904
    outer loop
      vertex -1.5 135.374 27.004
      vertex 0 135.364 27
      vertex -1.5 134.504 26.6437
    endloop
  endfacet
  facet normal 0 0.85262 -0.522532
    outer loop
      vertex 3 137.504 28.8233
      vertex -1.5 137.996 29.6261
      vertex 3 137.996 29.6261
    endloop
  endfacet
  facet normal 0 0.85262 -0.522532
    outer loop
      vertex -1.5 137.996 29.6261
      vertex 3 137.504 28.8233
      vertex -1.5 137.504 28.8233
    endloop
  endfacet
  facet normal 0 -0.996906 -0.0785969
    outer loop
      vertex -1.5 126.724 31.4114
      vertex 3 126.65 32.35
      vertex -1.5 126.65 32.35
    endloop
  endfacet
  facet normal 0 -0.996906 -0.0785969
    outer loop
      vertex 3 126.65 32.35
      vertex -1.5 126.724 31.4114
      vertex 3 126.724 31.4114
    endloop
  endfacet
  facet normal 0 0.85262 0.522532
    outer loop
      vertex 3 137.996 35.0739
      vertex -1.5 137.504 35.8767
      vertex 3 137.504 35.8767
    endloop
  endfacet
  facet normal 0 0.85262 0.522532
    outer loop
      vertex -1.5 137.504 35.8767
      vertex 3 137.996 35.0739
      vertex -1.5 137.996 35.0739
    endloop
  endfacet
  facet normal 0 -0.85262 0.522532
    outer loop
      vertex -1.5 127.304 35.0739
      vertex 3 127.796 35.8767
      vertex -1.5 127.796 35.8767
    endloop
  endfacet
  facet normal 0 -0.85262 0.522532
    outer loop
      vertex 3 127.796 35.8767
      vertex -1.5 127.304 35.0739
      vertex 3 127.304 35.0739
    endloop
  endfacet
  facet normal 0 0.649435 -0.760417
    outer loop
      vertex -1.5 136.177 27.4959
      vertex 3 136.893 28.1074
      vertex 3 136.177 27.4959
    endloop
  endfacet
  facet normal 0 0.649435 -0.760417
    outer loop
      vertex 3 136.893 28.1074
      vertex -1.5 136.177 27.4959
      vertex -1.5 136.893 28.1074
    endloop
  endfacet
  facet normal 0 0.97232 -0.233654
    outer loop
      vertex 0 138.356 30.4959
      vertex -1.5 138.576 31.4114
      vertex 0 138.576 31.4114
    endloop
  endfacet
  facet normal 0 0.97232 -0.233654
    outer loop
      vertex -1.5 138.576 31.4114
      vertex 0 138.356 30.4959
      vertex -1.5 138.356 30.4959
    endloop
  endfacet
  facet normal 0 -0.85262 -0.522532
    outer loop
      vertex -1.5 127.796 28.8233
      vertex 3 127.304 29.6261
      vertex -1.5 127.304 29.6261
    endloop
  endfacet
  facet normal 0 -0.85262 -0.522532
    outer loop
      vertex 3 127.304 29.6261
      vertex -1.5 127.796 28.8233
      vertex 3 127.796 28.8233
    endloop
  endfacet
  facet normal -0 0.649435 0.760417
    outer loop
      vertex -1.5 136.893 36.5926
      vertex 3 136.177 37.2041
      vertex 3 136.893 36.5926
    endloop
  endfacet
  facet normal 0 0.649435 0.760417
    outer loop
      vertex 3 136.177 37.2041
      vertex -1.5 136.893 36.5926
      vertex -1.5 136.177 37.2041
    endloop
  endfacet
  facet normal 0 0.760635 0.64918
    outer loop
      vertex 3 137.504 35.8767
      vertex -1.5 136.893 36.5926
      vertex 3 136.893 36.5926
    endloop
  endfacet
  facet normal 0 0.760635 0.64918
    outer loop
      vertex -1.5 136.893 36.5926
      vertex 3 137.504 35.8767
      vertex -1.5 137.504 35.8767
    endloop
  endfacet
  facet normal -1 0 0
    outer loop
      vertex -1.5 138.576 31.4114
      vertex -1.5 138.576 33.2886
      vertex -1.5 138.65 32.35
    endloop
  endfacet
  facet normal -1 0 0
    outer loop
      vertex -1.5 138.356 30.4959
      vertex -1.5 138.576 33.2886
      vertex -1.5 138.576 31.4114
    endloop
  endfacet
  facet normal -1 0 0
    outer loop
      vertex -1.5 138.356 30.4959
      vertex -1.5 138.356 34.2041
      vertex -1.5 138.576 33.2886
    endloop
  endfacet
  facet normal -1 0 0
    outer loop
      vertex -1.5 137.996 29.6261
      vertex -1.5 138.356 34.2041
      vertex -1.5 138.356 30.4959
    endloop
  endfacet
  facet normal -1 0 0
    outer loop
      vertex -1.5 137.996 29.6261
      vertex -1.5 137.996 35.0739
      vertex -1.5 138.356 34.2041
    endloop
  endfacet
  facet normal -1 0 0
    outer loop
      vertex -1.5 137.504 28.8233
      vertex -1.5 137.996 35.0739
      vertex -1.5 137.996 29.6261
    endloop
  endfacet
  facet normal -1 0 0
    outer loop
      vertex -1.5 137.504 28.8233
      vertex -1.5 137.504 35.8767
      vertex -1.5 137.996 35.0739
    endloop
  endfacet
  facet normal -1 0 0
    outer loop
      vertex -1.5 136.893 28.1074
      vertex -1.5 137.504 35.8767
      vertex -1.5 137.504 28.8233
    endloop
  endfacet
  facet normal -1 0 0
    outer loop
      vertex -1.5 136.893 28.1074
      vertex -1.5 136.893 36.5926
      vertex -1.5 137.504 35.8767
    endloop
  endfacet
  facet normal -1 0 0
    outer loop
      vertex -1.5 136.177 27.4959
      vertex -1.5 136.893 36.5926
      vertex -1.5 136.893 28.1074
    endloop
  endfacet
  facet normal -1 0 0
    outer loop
      vertex -1.5 136.177 27.4959
      vertex -1.5 136.177 37.2041
      vertex -1.5 136.893 36.5926
    endloop
  endfacet
  facet normal -1 0 0
    outer loop
      vertex -1.5 135.374 27.004
      vertex -1.5 136.177 37.2041
      vertex -1.5 136.177 27.4959
    endloop
  endfacet
  facet normal -1 0 0
    outer loop
      vertex -1.5 135.374 27.004
      vertex -1.5 135.374 37.696
      vertex -1.5 136.177 37.2041
    endloop
  endfacet
  facet normal -1 0 0
    outer loop
      vertex -1.5 134.504 26.6437
      vertex -1.5 135.374 37.696
      vertex -1.5 135.374 27.004
    endloop
  endfacet
  facet normal -1 0 0
    outer loop
      vertex -1.5 134.504 26.6437
      vertex -1.5 134.504 38.0563
      vertex -1.5 135.374 37.696
    endloop
  endfacet
  facet normal -1 0 0
    outer loop
      vertex -1.5 133.589 26.4239
      vertex -1.5 134.504 38.0563
      vertex -1.5 134.504 26.6437
    endloop
  endfacet
  facet normal -1 0 0
    outer loop
      vertex -1.5 133.589 26.4239
      vertex -1.5 133.589 38.2761
      vertex -1.5 134.504 38.0563
    endloop
  endfacet
  facet normal -1 0 0
    outer loop
      vertex -1.5 132.65 26.35
      vertex -1.5 133.589 38.2761
      vertex -1.5 133.589 26.4239
    endloop
  endfacet
  facet normal -1 0 0
    outer loop
      vertex -1.5 132.65 26.35
      vertex -1.5 132.65 38.35
      vertex -1.5 133.589 38.2761
    endloop
  endfacet
  facet normal -1 0 0
    outer loop
      vertex -1.5 131.711 26.4239
      vertex -1.5 132.65 38.35
      vertex -1.5 132.65 26.35
    endloop
  endfacet
  facet normal -1 0 0
    outer loop
      vertex -1.5 131.711 26.4239
      vertex -1.5 131.711 38.2761
      vertex -1.5 132.65 38.35
    endloop
  endfacet
  facet normal -1 0 0
    outer loop
      vertex -1.5 130.796 26.6437
      vertex -1.5 131.711 38.2761
      vertex -1.5 131.711 26.4239
    endloop
  endfacet
  facet normal -1 0 0
    outer loop
      vertex -1.5 130.796 26.6437
      vertex -1.5 130.796 38.0563
      vertex -1.5 131.711 38.2761
    endloop
  endfacet
  facet normal -1 0 0
    outer loop
      vertex -1.5 129.926 27.004
      vertex -1.5 130.796 38.0563
      vertex -1.5 130.796 26.6437
    endloop
  endfacet
  facet normal -1 0 0
    outer loop
      vertex -1.5 129.926 27.004
      vertex -1.5 129.926 37.696
      vertex -1.5 130.796 38.0563
    endloop
  endfacet
  facet normal -1 0 0
    outer loop
      vertex -1.5 129.123 27.4959
      vertex -1.5 129.926 37.696
      vertex -1.5 129.926 27.004
    endloop
  endfacet
  facet normal -1 0 0
    outer loop
      vertex -1.5 129.123 27.4959
      vertex -1.5 129.123 37.2041
      vertex -1.5 129.926 37.696
    endloop
  endfacet
  facet normal -1 0 0
    outer loop
      vertex -1.5 128.407 28.1074
      vertex -1.5 129.123 37.2041
      vertex -1.5 129.123 27.4959
    endloop
  endfacet
  facet normal -1 0 0
    outer loop
      vertex -1.5 128.407 28.1074
      vertex -1.5 128.407 36.5926
      vertex -1.5 129.123 37.2041
    endloop
  endfacet
  facet normal -1 0 0
    outer loop
      vertex -1.5 127.796 28.8233
      vertex -1.5 128.407 36.5926
      vertex -1.5 128.407 28.1074
    endloop
  endfacet
  facet normal -1 0 0
    outer loop
      vertex -1.5 127.796 28.8233
      vertex -1.5 127.796 35.8767
      vertex -1.5 128.407 36.5926
    endloop
  endfacet
  facet normal -1 0 0
    outer loop
      vertex -1.5 127.304 29.6261
      vertex -1.5 127.796 35.8767
      vertex -1.5 127.796 28.8233
    endloop
  endfacet
  facet normal -1 0 0
    outer loop
      vertex -1.5 127.304 29.6261
      vertex -1.5 127.304 35.0739
      vertex -1.5 127.796 35.8767
    endloop
  endfacet
  facet normal -1 0 0
    outer loop
      vertex -1.5 126.944 30.4959
      vertex -1.5 127.304 35.0739
      vertex -1.5 127.304 29.6261
    endloop
  endfacet
  facet normal -1 0 0
    outer loop
      vertex -1.5 126.944 30.4959
      vertex -1.5 126.944 34.2041
      vertex -1.5 127.304 35.0739
    endloop
  endfacet
  facet normal -1 0 0
    outer loop
      vertex -1.5 126.724 31.4114
      vertex -1.5 126.944 34.2041
      vertex -1.5 126.944 30.4959
    endloop
  endfacet
  facet normal -1 0 0
    outer loop
      vertex -1.5 126.724 31.4114
      vertex -1.5 126.724 33.2886
      vertex -1.5 126.944 34.2041
    endloop
  endfacet
  facet normal -1 0 -0
    outer loop
      vertex -1.5 126.724 33.2886
      vertex -1.5 126.724 31.4114
      vertex -1.5 126.65 32.35
    endloop
  endfacet
  facet normal 0 -0.996906 0.0785969
    outer loop
      vertex -1.5 126.65 32.35
      vertex 3 126.724 33.2886
      vertex -1.5 126.724 33.2886
    endloop
  endfacet
  facet normal 0 -0.996906 0.0785969
    outer loop
      vertex 3 126.724 33.2886
      vertex -1.5 126.65 32.35
      vertex 3 126.65 32.35
    endloop
  endfacet
  facet normal 0 -0.52236 -0.852725
    outer loop
      vertex -1.5 129.123 27.4959
      vertex 3 129.926 27.004
      vertex 3 129.123 27.4959
    endloop
  endfacet
  facet normal -0 -0.52236 -0.852725
    outer loop
      vertex 3 129.926 27.004
      vertex -1.5 129.123 27.4959
      vertex -1.5 129.926 27.004
    endloop
  endfacet
  facet normal 0 -0.97232 0.233654
    outer loop
      vertex -1.5 126.724 33.2886
      vertex 3 126.944 34.2041
      vertex -1.5 126.944 34.2041
    endloop
  endfacet
  facet normal 0 -0.97232 0.233654
    outer loop
      vertex 3 126.944 34.2041
      vertex -1.5 126.724 33.2886
      vertex 3 126.724 33.2886
    endloop
  endfacet
  facet normal 0 -0.760635 0.64918
    outer loop
      vertex -1.5 127.796 35.8767
      vertex 3 128.407 36.5926
      vertex -1.5 128.407 36.5926
    endloop
  endfacet
  facet normal 0 -0.760635 0.64918
    outer loop
      vertex 3 128.407 36.5926
      vertex -1.5 127.796 35.8767
      vertex 3 127.796 35.8767
    endloop
  endfacet
  facet normal 0 -0.0784581 -0.996917
    outer loop
      vertex -1.5 131.711 26.4239
      vertex 0 132.65 26.35
      vertex 0 131.711 26.4239
    endloop
  endfacet
  facet normal -0 -0.0784581 -0.996917
    outer loop
      vertex 0 132.65 26.35
      vertex -1.5 131.711 26.4239
      vertex -1.5 132.65 26.35
    endloop
  endfacet
  facet normal 0 -0.233574 0.972339
    outer loop
      vertex -1.5 131.711 38.2761
      vertex 3 130.796 38.0563
      vertex 3 131.711 38.2761
    endloop
  endfacet
  facet normal 0 -0.233574 0.972339
    outer loop
      vertex 3 130.796 38.0563
      vertex -1.5 131.711 38.2761
      vertex -1.5 130.796 38.0563
    endloop
  endfacet
  facet normal -0 0.921635 0.388057
    outer loop
      vertex 0 138 35.0644
      vertex 3 137.996 35.0739
      vertex 3 138 35.0644
    endloop
  endfacet
  facet normal 0 0.921635 0.388057
    outer loop
      vertex 3 137.996 35.0739
      vertex 0 138 35.0644
      vertex -1.5 137.996 35.0739
    endloop
  endfacet
  facet normal -4.23895e-05 0.924012 0.382364
    outer loop
      vertex 0 138.356 34.2041
      vertex -1.5 137.996 35.0739
      vertex 0 138 35.0644
    endloop
  endfacet
  facet normal 0 0.923986 0.382427
    outer loop
      vertex -1.5 137.996 35.0739
      vertex 0 138.356 34.2041
      vertex -1.5 138.356 34.2041
    endloop
  endfacet
  facet normal 0 -0.923986 -0.382427
    outer loop
      vertex -1.5 127.304 29.6261
      vertex 3 126.944 30.4959
      vertex -1.5 126.944 30.4959
    endloop
  endfacet
  facet normal 0 -0.923986 -0.382427
    outer loop
      vertex 3 126.944 30.4959
      vertex -1.5 127.304 29.6261
      vertex 3 127.304 29.6261
    endloop
  endfacet
  facet normal 0 0.996906 0.0785969
    outer loop
      vertex 0 138.65 32.35
      vertex -1.5 138.576 33.2886
      vertex 0 138.576 33.2886
    endloop
  endfacet
  facet normal 0 0.996906 0.0785969
    outer loop
      vertex -1.5 138.576 33.2886
      vertex 0 138.65 32.35
      vertex -1.5 138.65 32.35
    endloop
  endfacet
  facet normal 0 0.52236 -0.852725
    outer loop
      vertex -1.5 135.374 27.004
      vertex 3 136.177 27.4959
      vertex 3 135.374 27.004
    endloop
  endfacet
  facet normal 0 0.52236 -0.852725
    outer loop
      vertex 3 136.177 27.4959
      vertex -1.5 135.374 27.004
      vertex -1.5 136.177 27.4959
    endloop
  endfacet
  facet normal 0 -0.382684 0.923879
    outer loop
      vertex 0.8 134.523 28.6746
      vertex 3 133.925 28.4269
      vertex 3 134.523 28.6746
    endloop
  endfacet
  facet normal 0 -0.382684 0.923879
    outer loop
      vertex 3 133.925 28.4269
      vertex 0.8 134.523 28.6746
      vertex 0.8 133.925 28.4269
    endloop
  endfacet
  facet normal 0 -0.233227 -0.972422
    outer loop
      vertex 0.8 133.295 36.4242
      vertex 3 133.925 36.2731
      vertex 3 133.295 36.4242
    endloop
  endfacet
  facet normal -0 -0.233227 -0.972422
    outer loop
      vertex 3 133.925 36.2731
      vertex 0.8 133.295 36.4242
      vertex 0.8 133.925 36.2731
    endloop
  endfacet
  facet normal 0 -0.0785165 -0.996913
    outer loop
      vertex 0.8 132.65 36.475
      vertex 3 133.295 36.4242
      vertex 3 132.65 36.475
    endloop
  endfacet
  facet normal -0 -0.0785165 -0.996913
    outer loop
      vertex 3 133.295 36.4242
      vertex 0.8 132.65 36.475
      vertex 0.8 133.295 36.4242
    endloop
  endfacet
  facet normal 0 -0.382684 -0.923879
    outer loop
      vertex 0.8 133.925 36.2731
      vertex 3 134.523 36.0254
      vertex 3 133.925 36.2731
    endloop
  endfacet
  facet normal -0 -0.382684 -0.923879
    outer loop
      vertex 3 134.523 36.0254
      vertex 0.8 133.925 36.2731
      vertex 0.8 134.523 36.0254
    endloop
  endfacet
  facet normal 0 0.852781 -0.522269
    outer loop
      vertex 3 128.975 34.2227
      vertex 0.8 129.313 34.7746
      vertex 3 129.313 34.7746
    endloop
  endfacet
  facet normal 0 0.852781 -0.522269
    outer loop
      vertex 0.8 129.313 34.7746
      vertex 3 128.975 34.2227
      vertex 0.8 128.975 34.2227
    endloop
  endfacet
  facet normal 0 0.233227 -0.972422
    outer loop
      vertex 0.8 131.375 36.2731
      vertex 3 132.005 36.4242
      vertex 3 131.375 36.2731
    endloop
  endfacet
  facet normal 0 0.233227 -0.972422
    outer loop
      vertex 3 132.005 36.4242
      vertex 0.8 131.375 36.2731
      vertex 0.8 132.005 36.4242
    endloop
  endfacet
  facet normal 0 0.923715 -0.383079
    outer loop
      vertex 3 128.727 33.6247
      vertex 0.8 128.975 34.2227
      vertex 3 128.975 34.2227
    endloop
  endfacet
  facet normal 0 0.923715 -0.383079
    outer loop
      vertex 0.8 128.975 34.2227
      vertex 3 128.727 33.6247
      vertex 0.8 128.727 33.6247
    endloop
  endfacet
  facet normal 0 -0.923715 0.383079
    outer loop
      vertex 0.8 136.325 30.4773
      vertex 3 136.573 31.0753
      vertex 0.8 136.573 31.0753
    endloop
  endfacet
  facet normal 0 -0.923715 0.383079
    outer loop
      vertex 3 136.573 31.0753
      vertex 0.8 136.325 30.4773
      vertex 3 136.325 30.4773
    endloop
  endfacet
  facet normal 0 0.923715 0.383079
    outer loop
      vertex 3 128.975 30.4773
      vertex 0.8 128.727 31.0753
      vertex 3 128.727 31.0753
    endloop
  endfacet
  facet normal 0 0.923715 0.383079
    outer loop
      vertex 0.8 128.727 31.0753
      vertex 3 128.975 30.4773
      vertex 0.8 128.975 30.4773
    endloop
  endfacet
  facet normal 0 -0.852781 0.522269
    outer loop
      vertex 0.8 135.987 29.9254
      vertex 3 136.325 30.4773
      vertex 0.8 136.325 30.4773
    endloop
  endfacet
  facet normal 0 -0.852781 0.522269
    outer loop
      vertex 3 136.325 30.4773
      vertex 0.8 135.987 29.9254
      vertex 3 135.987 29.9254
    endloop
  endfacet
  facet normal 0 -0.760695 -0.64911
    outer loop
      vertex 0.8 135.987 34.7746
      vertex 3 135.567 35.2668
      vertex 0.8 135.567 35.2668
    endloop
  endfacet
  facet normal 0 -0.760695 -0.64911
    outer loop
      vertex 3 135.567 35.2668
      vertex 0.8 135.987 34.7746
      vertex 3 135.987 34.7746
    endloop
  endfacet
  facet normal 0 -0.972407 0.233291
    outer loop
      vertex 0.8 136.573 31.0753
      vertex 3 136.724 31.7047
      vertex 0.8 136.724 31.7047
    endloop
  endfacet
  facet normal 0 -0.972407 0.233291
    outer loop
      vertex 3 136.724 31.7047
      vertex 0.8 136.573 31.0753
      vertex 3 136.573 31.0753
    endloop
  endfacet
  facet normal -0 0.382684 0.923879
    outer loop
      vertex 0.8 131.375 28.4269
      vertex 3 130.777 28.6746
      vertex 3 131.375 28.4269
    endloop
  endfacet
  facet normal 0 0.382684 0.923879
    outer loop
      vertex 3 130.777 28.6746
      vertex 0.8 131.375 28.4269
      vertex 0.8 130.777 28.6746
    endloop
  endfacet
  facet normal 0 -0.996891 0.0787873
    outer loop
      vertex 0.8 136.724 31.7047
      vertex 3 136.775 32.35
      vertex 0.8 136.775 32.35
    endloop
  endfacet
  facet normal 0 -0.996891 0.0787873
    outer loop
      vertex 3 136.775 32.35
      vertex 0.8 136.724 31.7047
      vertex 3 136.724 31.7047
    endloop
  endfacet
  facet normal 0 0.972407 0.233291
    outer loop
      vertex 3 128.727 31.0753
      vertex 0.8 128.576 31.7047
      vertex 3 128.576 31.7047
    endloop
  endfacet
  facet normal 0 0.972407 0.233291
    outer loop
      vertex 0.8 128.576 31.7047
      vertex 3 128.727 31.0753
      vertex 0.8 128.727 31.0753
    endloop
  endfacet
  facet normal 0 0.382684 -0.923879
    outer loop
      vertex 0.8 130.777 36.0254
      vertex 3 131.375 36.2731
      vertex 3 130.777 36.0254
    endloop
  endfacet
  facet normal 0 0.382684 -0.923879
    outer loop
      vertex 3 131.375 36.2731
      vertex 0.8 130.777 36.0254
      vertex 0.8 131.375 36.2731
    endloop
  endfacet
  facet normal -0 0.64962 0.760259
    outer loop
      vertex 0.8 130.225 29.0128
      vertex 3 129.733 29.4332
      vertex 3 130.225 29.0128
    endloop
  endfacet
  facet normal 0 0.64962 0.760259
    outer loop
      vertex 3 129.733 29.4332
      vertex 0.8 130.225 29.0128
      vertex 0.8 129.733 29.4332
    endloop
  endfacet
  facet normal 0 -0.760695 0.64911
    outer loop
      vertex 0.8 135.567 29.4332
      vertex 3 135.987 29.9254
      vertex 0.8 135.987 29.9254
    endloop
  endfacet
  facet normal 0 -0.760695 0.64911
    outer loop
      vertex 3 135.987 29.9254
      vertex 0.8 135.567 29.4332
      vertex 3 135.567 29.4332
    endloop
  endfacet
  facet normal 0 0.996891 -0.0787873
    outer loop
      vertex 3 128.525 32.35
      vertex 0.8 128.576 32.9953
      vertex 3 128.576 32.9953
    endloop
  endfacet
  facet normal 0 0.996891 -0.0787873
    outer loop
      vertex 0.8 128.576 32.9953
      vertex 3 128.525 32.35
      vertex 0.8 128.525 32.35
    endloop
  endfacet
  facet normal 0 0.760695 0.64911
    outer loop
      vertex 3 129.733 29.4332
      vertex 0.8 129.313 29.9254
      vertex 3 129.313 29.9254
    endloop
  endfacet
  facet normal 0 0.760695 0.64911
    outer loop
      vertex 0.8 129.313 29.9254
      vertex 3 129.733 29.4332
      vertex 0.8 129.733 29.4332
    endloop
  endfacet
  facet normal 0 0.522424 -0.852686
    outer loop
      vertex 0.8 130.225 35.6872
      vertex 3 130.777 36.0254
      vertex 3 130.225 35.6872
    endloop
  endfacet
  facet normal 0 0.522424 -0.852686
    outer loop
      vertex 3 130.777 36.0254
      vertex 0.8 130.225 35.6872
      vertex 0.8 130.777 36.0254
    endloop
  endfacet
  facet normal 0 -0.522424 -0.852686
    outer loop
      vertex 0.8 134.523 36.0254
      vertex 3 135.075 35.6872
      vertex 3 134.523 36.0254
    endloop
  endfacet
  facet normal -0 -0.522424 -0.852686
    outer loop
      vertex 3 135.075 35.6872
      vertex 0.8 134.523 36.0254
      vertex 0.8 135.075 35.6872
    endloop
  endfacet
  facet normal 0 -0.64962 -0.760259
    outer loop
      vertex 0.8 135.075 35.6872
      vertex 3 135.567 35.2668
      vertex 3 135.075 35.6872
    endloop
  endfacet
  facet normal -0 -0.64962 -0.760259
    outer loop
      vertex 3 135.567 35.2668
      vertex 0.8 135.075 35.6872
      vertex 0.8 135.567 35.2668
    endloop
  endfacet
  facet normal 0 -0.64962 0.760259
    outer loop
      vertex 0.8 135.567 29.4332
      vertex 3 135.075 29.0128
      vertex 3 135.567 29.4332
    endloop
  endfacet
  facet normal 0 -0.64962 0.760259
    outer loop
      vertex 3 135.075 29.0128
      vertex 0.8 135.567 29.4332
      vertex 0.8 135.075 29.0128
    endloop
  endfacet
  facet normal 0 -0.996891 -0.0787873
    outer loop
      vertex 0.8 136.775 32.35
      vertex 3 136.724 32.9953
      vertex 0.8 136.724 32.9953
    endloop
  endfacet
  facet normal 0 -0.996891 -0.0787873
    outer loop
      vertex 3 136.724 32.9953
      vertex 0.8 136.775 32.35
      vertex 3 136.775 32.35
    endloop
  endfacet
  facet normal 0 -0.923715 -0.383079
    outer loop
      vertex 0.8 136.573 33.6247
      vertex 3 136.325 34.2227
      vertex 0.8 136.325 34.2227
    endloop
  endfacet
  facet normal 0 -0.923715 -0.383079
    outer loop
      vertex 3 136.325 34.2227
      vertex 0.8 136.573 33.6247
      vertex 3 136.573 33.6247
    endloop
  endfacet
  facet normal 0 -0.233227 0.972422
    outer loop
      vertex 0.8 133.925 28.4269
      vertex 3 133.295 28.2758
      vertex 3 133.925 28.4269
    endloop
  endfacet
  facet normal 0 -0.233227 0.972422
    outer loop
      vertex 3 133.295 28.2758
      vertex 0.8 133.925 28.4269
      vertex 0.8 133.295 28.2758
    endloop
  endfacet
  facet normal -0 0.233227 0.972422
    outer loop
      vertex 0.8 132.005 28.2758
      vertex 3 131.375 28.4269
      vertex 3 132.005 28.2758
    endloop
  endfacet
  facet normal 0 0.233227 0.972422
    outer loop
      vertex 3 131.375 28.4269
      vertex 0.8 132.005 28.2758
      vertex 0.8 131.375 28.4269
    endloop
  endfacet
  facet normal 0 -0.852781 -0.522269
    outer loop
      vertex 0.8 136.325 34.2227
      vertex 3 135.987 34.7746
      vertex 0.8 135.987 34.7746
    endloop
  endfacet
  facet normal 0 -0.852781 -0.522269
    outer loop
      vertex 3 135.987 34.7746
      vertex 0.8 136.325 34.2227
      vertex 3 136.325 34.2227
    endloop
  endfacet
  facet normal 0 0.972407 -0.233291
    outer loop
      vertex 3 128.576 32.9953
      vertex 0.8 128.727 33.6247
      vertex 3 128.727 33.6247
    endloop
  endfacet
  facet normal 0 0.972407 -0.233291
    outer loop
      vertex 0.8 128.727 33.6247
      vertex 3 128.576 32.9953
      vertex 0.8 128.576 32.9953
    endloop
  endfacet
  facet normal 0 0.0785165 -0.996913
    outer loop
      vertex 0.8 132.005 36.4242
      vertex 3 132.65 36.475
      vertex 3 132.005 36.4242
    endloop
  endfacet
  facet normal 0 0.0785165 -0.996913
    outer loop
      vertex 3 132.65 36.475
      vertex 0.8 132.005 36.4242
      vertex 0.8 132.65 36.475
    endloop
  endfacet
  facet normal 0 0.64962 -0.760259
    outer loop
      vertex 0.8 129.733 35.2668
      vertex 3 130.225 35.6872
      vertex 3 129.733 35.2668
    endloop
  endfacet
  facet normal 0 0.64962 -0.760259
    outer loop
      vertex 3 130.225 35.6872
      vertex 0.8 129.733 35.2668
      vertex 0.8 130.225 35.6872
    endloop
  endfacet
  facet normal -0 0.522424 0.852686
    outer loop
      vertex 0.8 130.777 28.6746
      vertex 3 130.225 29.0128
      vertex 3 130.777 28.6746
    endloop
  endfacet
  facet normal 0 0.522424 0.852686
    outer loop
      vertex 3 130.225 29.0128
      vertex 0.8 130.777 28.6746
      vertex 0.8 130.225 29.0128
    endloop
  endfacet
  facet normal -0 0.0785165 0.996913
    outer loop
      vertex 0.8 132.65 28.225
      vertex 3 132.005 28.2758
      vertex 3 132.65 28.225
    endloop
  endfacet
  facet normal 0 0.0785165 0.996913
    outer loop
      vertex 3 132.005 28.2758
      vertex 0.8 132.65 28.225
      vertex 0.8 132.005 28.2758
    endloop
  endfacet
  facet normal 0 0.996891 0.0787873
    outer loop
      vertex 3 128.576 31.7047
      vertex 0.8 128.525 32.35
      vertex 3 128.525 32.35
    endloop
  endfacet
  facet normal 0 0.996891 0.0787873
    outer loop
      vertex 0.8 128.525 32.35
      vertex 3 128.576 31.7047
      vertex 0.8 128.576 31.7047
    endloop
  endfacet
  facet normal 0 -0.972407 -0.233291
    outer loop
      vertex 0.8 136.724 32.9953
      vertex 3 136.573 33.6247
      vertex 0.8 136.573 33.6247
    endloop
  endfacet
  facet normal 0 -0.972407 -0.233291
    outer loop
      vertex 3 136.573 33.6247
      vertex 0.8 136.724 32.9953
      vertex 3 136.724 32.9953
    endloop
  endfacet
  facet normal 0 0.852781 0.522269
    outer loop
      vertex 3 129.313 29.9254
      vertex 0.8 128.975 30.4773
      vertex 3 128.975 30.4773
    endloop
  endfacet
  facet normal 0 0.852781 0.522269
    outer loop
      vertex 0.8 128.975 30.4773
      vertex 3 129.313 29.9254
      vertex 0.8 129.313 29.9254
    endloop
  endfacet
  facet normal 1 0 0
    outer loop
      vertex 0.8 136.724 32.9953
      vertex 0.8 136.724 31.7047
      vertex 0.8 136.775 32.35
    endloop
  endfacet
  facet normal 1 0 0
    outer loop
      vertex 0.8 136.573 33.6247
      vertex 0.8 136.724 31.7047
      vertex 0.8 136.724 32.9953
    endloop
  endfacet
  facet normal 1 0 0
    outer loop
      vertex 0.8 136.573 33.6247
      vertex 0.8 136.573 31.0753
      vertex 0.8 136.724 31.7047
    endloop
  endfacet
  facet normal 1 0 0
    outer loop
      vertex 0.8 136.325 34.2227
      vertex 0.8 136.573 31.0753
      vertex 0.8 136.573 33.6247
    endloop
  endfacet
  facet normal 1 0 0
    outer loop
      vertex 0.8 136.325 34.2227
      vertex 0.8 136.325 30.4773
      vertex 0.8 136.573 31.0753
    endloop
  endfacet
  facet normal 1 0 0
    outer loop
      vertex 0.8 135.987 34.7746
      vertex 0.8 136.325 30.4773
      vertex 0.8 136.325 34.2227
    endloop
  endfacet
  facet normal 1 0 0
    outer loop
      vertex 0.8 135.987 34.7746
      vertex 0.8 135.987 29.9254
      vertex 0.8 136.325 30.4773
    endloop
  endfacet
  facet normal 1 0 0
    outer loop
      vertex 0.8 135.567 35.2668
      vertex 0.8 135.987 29.9254
      vertex 0.8 135.987 34.7746
    endloop
  endfacet
  facet normal 1 0 0
    outer loop
      vertex 0.8 135.567 35.2668
      vertex 0.8 135.567 29.4332
      vertex 0.8 135.987 29.9254
    endloop
  endfacet
  facet normal 1 0 0
    outer loop
      vertex 0.8 135.075 35.6872
      vertex 0.8 135.567 29.4332
      vertex 0.8 135.567 35.2668
    endloop
  endfacet
  facet normal 1 0 0
    outer loop
      vertex 0.8 135.075 35.6872
      vertex 0.8 135.075 29.0128
      vertex 0.8 135.567 29.4332
    endloop
  endfacet
  facet normal 1 0 0
    outer loop
      vertex 0.8 134.523 36.0254
      vertex 0.8 135.075 29.0128
      vertex 0.8 135.075 35.6872
    endloop
  endfacet
  facet normal 1 0 0
    outer loop
      vertex 0.8 134.523 36.0254
      vertex 0.8 134.523 28.6746
      vertex 0.8 135.075 29.0128
    endloop
  endfacet
  facet normal 1 0 0
    outer loop
      vertex 0.8 133.925 36.2731
      vertex 0.8 134.523 28.6746
      vertex 0.8 134.523 36.0254
    endloop
  endfacet
  facet normal 1 0 0
    outer loop
      vertex 0.8 133.925 36.2731
      vertex 0.8 133.925 28.4269
      vertex 0.8 134.523 28.6746
    endloop
  endfacet
  facet normal 1 0 0
    outer loop
      vertex 0.8 133.295 36.4242
      vertex 0.8 133.925 28.4269
      vertex 0.8 133.925 36.2731
    endloop
  endfacet
  facet normal 1 0 0
    outer loop
      vertex 0.8 133.295 36.4242
      vertex 0.8 133.295 28.2758
      vertex 0.8 133.925 28.4269
    endloop
  endfacet
  facet normal 1 0 0
    outer loop
      vertex 0.8 132.65 36.475
      vertex 0.8 133.295 28.2758
      vertex 0.8 133.295 36.4242
    endloop
  endfacet
  facet normal 1 0 0
    outer loop
      vertex 0.8 132.65 36.475
      vertex 0.8 132.65 28.225
      vertex 0.8 133.295 28.2758
    endloop
  endfacet
  facet normal 1 -0 0
    outer loop
      vertex 0.8 132.005 36.4242
      vertex 0.8 132.65 28.225
      vertex 0.8 132.65 36.475
    endloop
  endfacet
  facet normal 1 0 0
    outer loop
      vertex 0.8 132.005 36.4242
      vertex 0.8 132.005 28.2758
      vertex 0.8 132.65 28.225
    endloop
  endfacet
  facet normal 1 -0 0
    outer loop
      vertex 0.8 131.375 36.2731
      vertex 0.8 132.005 28.2758
      vertex 0.8 132.005 36.4242
    endloop
  endfacet
  facet normal 1 0 0
    outer loop
      vertex 0.8 131.375 36.2731
      vertex 0.8 131.375 28.4269
      vertex 0.8 132.005 28.2758
    endloop
  endfacet
  facet normal 1 -0 0
    outer loop
      vertex 0.8 130.777 36.0254
      vertex 0.8 131.375 28.4269
      vertex 0.8 131.375 36.2731
    endloop
  endfacet
  facet normal 1 0 0
    outer loop
      vertex 0.8 130.777 36.0254
      vertex 0.8 130.777 28.6746
      vertex 0.8 131.375 28.4269
    endloop
  endfacet
  facet normal 1 -0 0
    outer loop
      vertex 0.8 130.225 35.6872
      vertex 0.8 130.777 28.6746
      vertex 0.8 130.777 36.0254
    endloop
  endfacet
  facet normal 1 0 0
    outer loop
      vertex 0.8 130.225 35.6872
      vertex 0.8 130.225 29.0128
      vertex 0.8 130.777 28.6746
    endloop
  endfacet
  facet normal 1 -0 0
    outer loop
      vertex 0.8 129.733 35.2668
      vertex 0.8 130.225 29.0128
      vertex 0.8 130.225 35.6872
    endloop
  endfacet
  facet normal 1 0 0
    outer loop
      vertex 0.8 129.733 35.2668
      vertex 0.8 129.733 29.4332
      vertex 0.8 130.225 29.0128
    endloop
  endfacet
  facet normal 1 -0 0
    outer loop
      vertex 0.8 129.313 34.7746
      vertex 0.8 129.733 29.4332
      vertex 0.8 129.733 35.2668
    endloop
  endfacet
  facet normal 1 0 0
    outer loop
      vertex 0.8 129.313 34.7746
      vertex 0.8 129.313 29.9254
      vertex 0.8 129.733 29.4332
    endloop
  endfacet
  facet normal 1 -0 0
    outer loop
      vertex 0.8 128.975 34.2227
      vertex 0.8 129.313 29.9254
      vertex 0.8 129.313 34.7746
    endloop
  endfacet
  facet normal 1 0 0
    outer loop
      vertex 0.8 128.975 34.2227
      vertex 0.8 128.975 30.4773
      vertex 0.8 129.313 29.9254
    endloop
  endfacet
  facet normal 1 -0 0
    outer loop
      vertex 0.8 128.727 33.6247
      vertex 0.8 128.975 30.4773
      vertex 0.8 128.975 34.2227
    endloop
  endfacet
  facet normal 1 0 0
    outer loop
      vertex 0.8 128.727 33.6247
      vertex 0.8 128.727 31.0753
      vertex 0.8 128.975 30.4773
    endloop
  endfacet
  facet normal 1 -0 0
    outer loop
      vertex 0.8 128.576 32.9953
      vertex 0.8 128.727 31.0753
      vertex 0.8 128.727 33.6247
    endloop
  endfacet
  facet normal 1 0 0
    outer loop
      vertex 0.8 128.576 32.9953
      vertex 0.8 128.576 31.7047
      vertex 0.8 128.727 31.0753
    endloop
  endfacet
  facet normal 1 0 -0
    outer loop
      vertex 0.8 128.576 31.7047
      vertex 0.8 128.576 32.9953
      vertex 0.8 128.525 32.35
    endloop
  endfacet
  facet normal 0 -0.0785165 0.996913
    outer loop
      vertex 0.8 133.295 28.2758
      vertex 3 132.65 28.225
      vertex 3 133.295 28.2758
    endloop
  endfacet
  facet normal 0 -0.0785165 0.996913
    outer loop
      vertex 3 132.65 28.225
      vertex 0.8 133.295 28.2758
      vertex 0.8 132.65 28.225
    endloop
  endfacet
  facet normal 0 -0.522424 0.852686
    outer loop
      vertex 0.8 135.075 29.0128
      vertex 3 134.523 28.6746
      vertex 3 135.075 29.0128
    endloop
  endfacet
  facet normal 0 -0.522424 0.852686
    outer loop
      vertex 3 134.523 28.6746
      vertex 0.8 135.075 29.0128
      vertex 0.8 134.523 28.6746
    endloop
  endfacet
  facet normal 0 0.760695 -0.64911
    outer loop
      vertex 3 129.313 34.7746
      vertex 0.8 129.733 35.2668
      vertex 3 129.733 35.2668
    endloop
  endfacet
  facet normal 0 0.760695 -0.64911
    outer loop
      vertex 0.8 129.733 35.2668
      vertex 3 129.313 34.7746
      vertex 0.8 129.313 34.7746
    endloop
  endfacet
  facet normal 0 -0.233775 -0.972291
    outer loop
      vertex -1.5 130.796 156.944
      vertex 3 131.711 156.724
      vertex 3 130.796 156.944
    endloop
  endfacet
  facet normal -0 -0.233775 -0.972291
    outer loop
      vertex 3 131.711 156.724
      vertex -1.5 130.796 156.944
      vertex -1.5 131.711 156.724
    endloop
  endfacet
  facet normal -0 0.233775 0.972291
    outer loop
      vertex -1.5 134.504 168.356
      vertex 0 133.589 168.576
      vertex 0 134.504 168.356
    endloop
  endfacet
  facet normal 0 0.233775 0.972291
    outer loop
      vertex 0 133.589 168.576
      vertex -1.5 134.504 168.356
      vertex -1.5 133.589 168.576
    endloop
  endfacet
  facet normal -0 0.0785637 0.996909
    outer loop
      vertex -1.5 133.589 168.576
      vertex 0 132.65 168.65
      vertex 0 133.589 168.576
    endloop
  endfacet
  facet normal 0 0.0785637 0.996909
    outer loop
      vertex 0 132.65 168.65
      vertex -1.5 133.589 168.576
      vertex -1.5 132.65 168.65
    endloop
  endfacet
  facet normal 0 0.371391 0.928477
    outer loop
      vertex 3 135.374 167.996
      vertex 0 135.364 168
      vertex 3 135.364 168
    endloop
  endfacet
  facet normal -0 0.371391 0.928477
    outer loop
      vertex -1.5 135.374 167.996
      vertex 0 135.364 168
      vertex 3 135.374 167.996
    endloop
  endfacet
  facet normal 8.59502e-05 0.382478 0.923964
    outer loop
      vertex -1.5 135.374 167.996
      vertex 0 134.504 168.356
      vertex 0 135.364 168
    endloop
  endfacet
  facet normal 0 0.382352 0.924017
    outer loop
      vertex 0 134.504 168.356
      vertex -1.5 135.374 167.996
      vertex -1.5 134.504 168.356
    endloop
  endfacet
  facet normal 0 -0.924017 0.382352
    outer loop
      vertex -1.5 126.944 164.504
      vertex 3 127.304 165.374
      vertex -1.5 127.304 165.374
    endloop
  endfacet
  facet normal 0 -0.924017 0.382352
    outer loop
      vertex 3 127.304 165.374
      vertex -1.5 126.944 164.504
      vertex 3 126.944 164.504
    endloop
  endfacet
  facet normal 0 -0.522438 0.852678
    outer loop
      vertex -1.5 129.926 167.996
      vertex 3 129.123 167.504
      vertex 3 129.926 167.996
    endloop
  endfacet
  facet normal 0 -0.522438 0.852678
    outer loop
      vertex 3 129.123 167.504
      vertex -1.5 129.926 167.996
      vertex -1.5 129.123 167.504
    endloop
  endfacet
  facet normal 0 0.76068 -0.649127
    outer loop
      vertex 3 136.893 158.407
      vertex -1.5 137.504 159.123
      vertex 3 137.504 159.123
    endloop
  endfacet
  facet normal 0 0.76068 -0.649127
    outer loop
      vertex -1.5 137.504 159.123
      vertex 3 136.893 158.407
      vertex -1.5 136.893 158.407
    endloop
  endfacet
  facet normal 0 0.928477 -0.371391
    outer loop
      vertex 3 138 159.936
      vertex 3 137.996 159.926
      vertex 0 138 159.936
    endloop
  endfacet
  facet normal 0 0.923964 -0.382478
    outer loop
      vertex 0 138 159.936
      vertex -1.5 138.356 160.796
      vertex 0 138.356 160.796
    endloop
  endfacet
  facet normal 8.49671e-05 0.924017 -0.382352
    outer loop
      vertex 0 138 159.936
      vertex -1.5 137.996 159.926
      vertex -1.5 138.356 160.796
    endloop
  endfacet
  facet normal 0 0.928477 -0.371391
    outer loop
      vertex -1.5 137.996 159.926
      vertex 0 138 159.936
      vertex 3 137.996 159.926
    endloop
  endfacet
  facet normal 0 -0.649127 0.76068
    outer loop
      vertex -1.5 129.123 167.504
      vertex 3 128.407 166.893
      vertex 3 129.123 167.504
    endloop
  endfacet
  facet normal 0 -0.649127 0.76068
    outer loop
      vertex 3 128.407 166.893
      vertex -1.5 129.123 167.504
      vertex -1.5 128.407 166.893
    endloop
  endfacet
  facet normal 0 -0.0785637 0.996909
    outer loop
      vertex -1.5 132.65 168.65
      vertex 0 131.711 168.576
      vertex 0 132.65 168.65
    endloop
  endfacet
  facet normal 0 -0.0785637 0.996909
    outer loop
      vertex 0 131.711 168.576
      vertex -1.5 132.65 168.65
      vertex -1.5 131.711 168.576
    endloop
  endfacet
  facet normal 0 -0.382478 0.923964
    outer loop
      vertex 0 130.796 168.356
      vertex -1.5 130.796 168.356
      vertex 0 129.936 168
    endloop
  endfacet
  facet normal 0 -0.371391 0.928477
    outer loop
      vertex 0 129.936 168
      vertex 3 129.926 167.996
      vertex 3 129.936 168
    endloop
  endfacet
  facet normal 0 -0.371391 0.928477
    outer loop
      vertex 0 129.936 168
      vertex -1.5 129.926 167.996
      vertex 3 129.926 167.996
    endloop
  endfacet
  facet normal 8.49671e-05 -0.382352 0.924017
    outer loop
      vertex -1.5 129.926 167.996
      vertex 0 129.936 168
      vertex -1.5 130.796 168.356
    endloop
  endfacet
  facet normal 0 -0.382352 -0.924017
    outer loop
      vertex -1.5 129.926 157.304
      vertex 3 130.796 156.944
      vertex 3 129.926 157.304
    endloop
  endfacet
  facet normal -0 -0.382352 -0.924017
    outer loop
      vertex 3 130.796 156.944
      vertex -1.5 129.926 157.304
      vertex -1.5 130.796 156.944
    endloop
  endfacet
  facet normal 0 0.0785637 -0.996909
    outer loop
      vertex -1.5 132.65 156.65
      vertex 3 133.589 156.724
      vertex 3 132.65 156.65
    endloop
  endfacet
  facet normal 0 0.0785637 -0.996909
    outer loop
      vertex 3 133.589 156.724
      vertex -1.5 132.65 156.65
      vertex -1.5 133.589 156.724
    endloop
  endfacet
  facet normal 0 0.233775 -0.972291
    outer loop
      vertex -1.5 133.589 156.724
      vertex 3 134.504 156.944
      vertex 3 133.589 156.724
    endloop
  endfacet
  facet normal 0 0.233775 -0.972291
    outer loop
      vertex 3 134.504 156.944
      vertex -1.5 133.589 156.724
      vertex -1.5 134.504 156.944
    endloop
  endfacet
  facet normal 0 0.972291 0.233775
    outer loop
      vertex 0 138.576 163.589
      vertex -1.5 138.356 164.504
      vertex 0 138.356 164.504
    endloop
  endfacet
  facet normal 0 0.972291 0.233775
    outer loop
      vertex -1.5 138.356 164.504
      vertex 0 138.576 163.589
      vertex -1.5 138.576 163.589
    endloop
  endfacet
  facet normal 0 0.996909 -0.0785637
    outer loop
      vertex 0 138.576 161.711
      vertex -1.5 138.65 162.65
      vertex 0 138.65 162.65
    endloop
  endfacet
  facet normal 0 0.996909 -0.0785637
    outer loop
      vertex -1.5 138.65 162.65
      vertex 0 138.576 161.711
      vertex -1.5 138.576 161.711
    endloop
  endfacet
  facet normal 0 -0.649127 -0.76068
    outer loop
      vertex -1.5 128.407 158.407
      vertex 3 129.123 157.796
      vertex 3 128.407 158.407
    endloop
  endfacet
  facet normal -0 -0.649127 -0.76068
    outer loop
      vertex 3 129.123 157.796
      vertex -1.5 128.407 158.407
      vertex -1.5 129.123 157.796
    endloop
  endfacet
  facet normal 0 -0.972291 -0.233775
    outer loop
      vertex -1.5 126.944 160.796
      vertex 3 126.724 161.711
      vertex -1.5 126.724 161.711
    endloop
  endfacet
  facet normal 0 -0.972291 -0.233775
    outer loop
      vertex 3 126.724 161.711
      vertex -1.5 126.944 160.796
      vertex 3 126.944 160.796
    endloop
  endfacet
  facet normal 0 -0.76068 -0.649127
    outer loop
      vertex -1.5 128.407 158.407
      vertex 3 127.796 159.123
      vertex -1.5 127.796 159.123
    endloop
  endfacet
  facet normal 0 -0.76068 -0.649127
    outer loop
      vertex 3 127.796 159.123
      vertex -1.5 128.407 158.407
      vertex 3 128.407 158.407
    endloop
  endfacet
  facet normal -0 0.522438 0.852678
    outer loop
      vertex -1.5 136.177 167.504
      vertex 3 135.374 167.996
      vertex 3 136.177 167.504
    endloop
  endfacet
  facet normal 0 0.522438 0.852678
    outer loop
      vertex 3 135.374 167.996
      vertex -1.5 136.177 167.504
      vertex -1.5 135.374 167.996
    endloop
  endfacet
  facet normal 0 0.382352 -0.924017
    outer loop
      vertex -1.5 134.504 156.944
      vertex 3 135.374 157.304
      vertex 3 134.504 156.944
    endloop
  endfacet
  facet normal 0 0.382352 -0.924017
    outer loop
      vertex 3 135.374 157.304
      vertex -1.5 134.504 156.944
      vertex -1.5 135.374 157.304
    endloop
  endfacet
  facet normal 0 0.852678 -0.522438
    outer loop
      vertex 3 137.504 159.123
      vertex -1.5 137.996 159.926
      vertex 3 137.996 159.926
    endloop
  endfacet
  facet normal 0 0.852678 -0.522438
    outer loop
      vertex -1.5 137.996 159.926
      vertex 3 137.504 159.123
      vertex -1.5 137.504 159.123
    endloop
  endfacet
  facet normal 0 -0.996909 -0.0785637
    outer loop
      vertex -1.5 126.724 161.711
      vertex 3 126.65 162.65
      vertex -1.5 126.65 162.65
    endloop
  endfacet
  facet normal 0 -0.996909 -0.0785637
    outer loop
      vertex 3 126.65 162.65
      vertex -1.5 126.724 161.711
      vertex 3 126.724 161.711
    endloop
  endfacet
  facet normal 0 0.852678 0.522438
    outer loop
      vertex 3 137.996 165.374
      vertex -1.5 137.504 166.177
      vertex 3 137.504 166.177
    endloop
  endfacet
  facet normal 0 0.852678 0.522438
    outer loop
      vertex -1.5 137.504 166.177
      vertex 3 137.996 165.374
      vertex -1.5 137.996 165.374
    endloop
  endfacet
  facet normal 0 -0.852678 0.522438
    outer loop
      vertex -1.5 127.304 165.374
      vertex 3 127.796 166.177
      vertex -1.5 127.796 166.177
    endloop
  endfacet
  facet normal 0 -0.852678 0.522438
    outer loop
      vertex 3 127.796 166.177
      vertex -1.5 127.304 165.374
      vertex 3 127.304 165.374
    endloop
  endfacet
  facet normal 0 0.649127 -0.76068
    outer loop
      vertex -1.5 136.177 157.796
      vertex 3 136.893 158.407
      vertex 3 136.177 157.796
    endloop
  endfacet
  facet normal 0 0.649127 -0.76068
    outer loop
      vertex 3 136.893 158.407
      vertex -1.5 136.177 157.796
      vertex -1.5 136.893 158.407
    endloop
  endfacet
  facet normal 0 0.972291 -0.233775
    outer loop
      vertex 0 138.356 160.796
      vertex -1.5 138.576 161.711
      vertex 0 138.576 161.711
    endloop
  endfacet
  facet normal 0 0.972291 -0.233775
    outer loop
      vertex -1.5 138.576 161.711
      vertex 0 138.356 160.796
      vertex -1.5 138.356 160.796
    endloop
  endfacet
  facet normal 0 -0.852678 -0.522438
    outer loop
      vertex -1.5 127.796 159.123
      vertex 3 127.304 159.926
      vertex -1.5 127.304 159.926
    endloop
  endfacet
  facet normal 0 -0.852678 -0.522438
    outer loop
      vertex 3 127.304 159.926
      vertex -1.5 127.796 159.123
      vertex 3 127.796 159.123
    endloop
  endfacet
  facet normal -0 0.649127 0.76068
    outer loop
      vertex -1.5 136.893 166.893
      vertex 3 136.177 167.504
      vertex 3 136.893 166.893
    endloop
  endfacet
  facet normal 0 0.649127 0.76068
    outer loop
      vertex 3 136.177 167.504
      vertex -1.5 136.893 166.893
      vertex -1.5 136.177 167.504
    endloop
  endfacet
  facet normal 0 0.76068 0.649127
    outer loop
      vertex 3 137.504 166.177
      vertex -1.5 136.893 166.893
      vertex 3 136.893 166.893
    endloop
  endfacet
  facet normal 0 0.76068 0.649127
    outer loop
      vertex -1.5 136.893 166.893
      vertex 3 137.504 166.177
      vertex -1.5 137.504 166.177
    endloop
  endfacet
  facet normal -1 0 0
    outer loop
      vertex -1.5 138.576 161.711
      vertex -1.5 138.576 163.589
      vertex -1.5 138.65 162.65
    endloop
  endfacet
  facet normal -1 0 0
    outer loop
      vertex -1.5 138.356 160.796
      vertex -1.5 138.576 163.589
      vertex -1.5 138.576 161.711
    endloop
  endfacet
  facet normal -1 0 0
    outer loop
      vertex -1.5 138.356 160.796
      vertex -1.5 138.356 164.504
      vertex -1.5 138.576 163.589
    endloop
  endfacet
  facet normal -1 0 0
    outer loop
      vertex -1.5 137.996 159.926
      vertex -1.5 138.356 164.504
      vertex -1.5 138.356 160.796
    endloop
  endfacet
  facet normal -1 0 0
    outer loop
      vertex -1.5 137.996 159.926
      vertex -1.5 137.996 165.374
      vertex -1.5 138.356 164.504
    endloop
  endfacet
  facet normal -1 0 0
    outer loop
      vertex -1.5 137.504 159.123
      vertex -1.5 137.996 165.374
      vertex -1.5 137.996 159.926
    endloop
  endfacet
  facet normal -1 0 0
    outer loop
      vertex -1.5 137.504 159.123
      vertex -1.5 137.504 166.177
      vertex -1.5 137.996 165.374
    endloop
  endfacet
  facet normal -1 0 0
    outer loop
      vertex -1.5 136.893 158.407
      vertex -1.5 137.504 166.177
      vertex -1.5 137.504 159.123
    endloop
  endfacet
  facet normal -1 0 0
    outer loop
      vertex -1.5 136.893 158.407
      vertex -1.5 136.893 166.893
      vertex -1.5 137.504 166.177
    endloop
  endfacet
  facet normal -1 0 0
    outer loop
      vertex -1.5 136.177 157.796
      vertex -1.5 136.893 166.893
      vertex -1.5 136.893 158.407
    endloop
  endfacet
  facet normal -1 0 0
    outer loop
      vertex -1.5 136.177 157.796
      vertex -1.5 136.177 167.504
      vertex -1.5 136.893 166.893
    endloop
  endfacet
  facet normal -1 0 0
    outer loop
      vertex -1.5 135.374 157.304
      vertex -1.5 136.177 167.504
      vertex -1.5 136.177 157.796
    endloop
  endfacet
  facet normal -1 0 0
    outer loop
      vertex -1.5 135.374 157.304
      vertex -1.5 135.374 167.996
      vertex -1.5 136.177 167.504
    endloop
  endfacet
  facet normal -1 0 0
    outer loop
      vertex -1.5 134.504 156.944
      vertex -1.5 135.374 167.996
      vertex -1.5 135.374 157.304
    endloop
  endfacet
  facet normal -1 0 0
    outer loop
      vertex -1.5 134.504 156.944
      vertex -1.5 134.504 168.356
      vertex -1.5 135.374 167.996
    endloop
  endfacet
  facet normal -1 0 0
    outer loop
      vertex -1.5 133.589 156.724
      vertex -1.5 134.504 168.356
      vertex -1.5 134.504 156.944
    endloop
  endfacet
  facet normal -1 0 0
    outer loop
      vertex -1.5 133.589 156.724
      vertex -1.5 133.589 168.576
      vertex -1.5 134.504 168.356
    endloop
  endfacet
  facet normal -1 0 0
    outer loop
      vertex -1.5 132.65 156.65
      vertex -1.5 133.589 168.576
      vertex -1.5 133.589 156.724
    endloop
  endfacet
  facet normal -1 0 0
    outer loop
      vertex -1.5 132.65 156.65
      vertex -1.5 132.65 168.65
      vertex -1.5 133.589 168.576
    endloop
  endfacet
  facet normal -1 0 0
    outer loop
      vertex -1.5 131.711 156.724
      vertex -1.5 132.65 168.65
      vertex -1.5 132.65 156.65
    endloop
  endfacet
  facet normal -1 0 0
    outer loop
      vertex -1.5 131.711 156.724
      vertex -1.5 131.711 168.576
      vertex -1.5 132.65 168.65
    endloop
  endfacet
  facet normal -1 0 0
    outer loop
      vertex -1.5 130.796 156.944
      vertex -1.5 131.711 168.576
      vertex -1.5 131.711 156.724
    endloop
  endfacet
  facet normal -1 0 0
    outer loop
      vertex -1.5 130.796 156.944
      vertex -1.5 130.796 168.356
      vertex -1.5 131.711 168.576
    endloop
  endfacet
  facet normal -1 0 0
    outer loop
      vertex -1.5 129.926 157.304
      vertex -1.5 130.796 168.356
      vertex -1.5 130.796 156.944
    endloop
  endfacet
  facet normal -1 0 0
    outer loop
      vertex -1.5 129.926 157.304
      vertex -1.5 129.926 167.996
      vertex -1.5 130.796 168.356
    endloop
  endfacet
  facet normal -1 0 0
    outer loop
      vertex -1.5 129.123 157.796
      vertex -1.5 129.926 167.996
      vertex -1.5 129.926 157.304
    endloop
  endfacet
  facet normal -1 0 0
    outer loop
      vertex -1.5 129.123 157.796
      vertex -1.5 129.123 167.504
      vertex -1.5 129.926 167.996
    endloop
  endfacet
  facet normal -1 0 0
    outer loop
      vertex -1.5 128.407 158.407
      vertex -1.5 129.123 167.504
      vertex -1.5 129.123 157.796
    endloop
  endfacet
  facet normal -1 0 0
    outer loop
      vertex -1.5 128.407 158.407
      vertex -1.5 128.407 166.893
      vertex -1.5 129.123 167.504
    endloop
  endfacet
  facet normal -1 0 0
    outer loop
      vertex -1.5 127.796 159.123
      vertex -1.5 128.407 166.893
      vertex -1.5 128.407 158.407
    endloop
  endfacet
  facet normal -1 0 0
    outer loop
      vertex -1.5 127.796 159.123
      vertex -1.5 127.796 166.177
      vertex -1.5 128.407 166.893
    endloop
  endfacet
  facet normal -1 0 0
    outer loop
      vertex -1.5 127.304 159.926
      vertex -1.5 127.796 166.177
      vertex -1.5 127.796 159.123
    endloop
  endfacet
  facet normal -1 0 0
    outer loop
      vertex -1.5 127.304 159.926
      vertex -1.5 127.304 165.374
      vertex -1.5 127.796 166.177
    endloop
  endfacet
  facet normal -1 0 0
    outer loop
      vertex -1.5 126.944 160.796
      vertex -1.5 127.304 165.374
      vertex -1.5 127.304 159.926
    endloop
  endfacet
  facet normal -1 0 0
    outer loop
      vertex -1.5 126.944 160.796
      vertex -1.5 126.944 164.504
      vertex -1.5 127.304 165.374
    endloop
  endfacet
  facet normal -1 0 0
    outer loop
      vertex -1.5 126.724 161.711
      vertex -1.5 126.944 164.504
      vertex -1.5 126.944 160.796
    endloop
  endfacet
  facet normal -1 0 0
    outer loop
      vertex -1.5 126.724 161.711
      vertex -1.5 126.724 163.589
      vertex -1.5 126.944 164.504
    endloop
  endfacet
  facet normal -1 0 -0
    outer loop
      vertex -1.5 126.724 163.589
      vertex -1.5 126.724 161.711
      vertex -1.5 126.65 162.65
    endloop
  endfacet
  facet normal 0 -0.996909 0.0785637
    outer loop
      vertex -1.5 126.65 162.65
      vertex 3 126.724 163.589
      vertex -1.5 126.724 163.589
    endloop
  endfacet
  facet normal 0 -0.996909 0.0785637
    outer loop
      vertex 3 126.724 163.589
      vertex -1.5 126.65 162.65
      vertex 3 126.65 162.65
    endloop
  endfacet
  facet normal 0 -0.522438 -0.852678
    outer loop
      vertex -1.5 129.123 157.796
      vertex 3 129.926 157.304
      vertex 3 129.123 157.796
    endloop
  endfacet
  facet normal -0 -0.522438 -0.852678
    outer loop
      vertex 3 129.926 157.304
      vertex -1.5 129.123 157.796
      vertex -1.5 129.926 157.304
    endloop
  endfacet
  facet normal 0 -0.972291 0.233775
    outer loop
      vertex -1.5 126.724 163.589
      vertex 3 126.944 164.504
      vertex -1.5 126.944 164.504
    endloop
  endfacet
  facet normal 0 -0.972291 0.233775
    outer loop
      vertex 3 126.944 164.504
      vertex -1.5 126.724 163.589
      vertex 3 126.724 163.589
    endloop
  endfacet
  facet normal 0 -0.76068 0.649127
    outer loop
      vertex -1.5 127.796 166.177
      vertex 3 128.407 166.893
      vertex -1.5 128.407 166.893
    endloop
  endfacet
  facet normal 0 -0.76068 0.649127
    outer loop
      vertex 3 128.407 166.893
      vertex -1.5 127.796 166.177
      vertex 3 127.796 166.177
    endloop
  endfacet
  facet normal 0 -0.0785637 -0.996909
    outer loop
      vertex -1.5 131.711 156.724
      vertex 3 132.65 156.65
      vertex 3 131.711 156.724
    endloop
  endfacet
  facet normal -0 -0.0785637 -0.996909
    outer loop
      vertex 3 132.65 156.65
      vertex -1.5 131.711 156.724
      vertex -1.5 132.65 156.65
    endloop
  endfacet
  facet normal 0 -0.233775 0.972291
    outer loop
      vertex -1.5 131.711 168.576
      vertex 0 130.796 168.356
      vertex 0 131.711 168.576
    endloop
  endfacet
  facet normal 0 -0.233775 0.972291
    outer loop
      vertex 0 130.796 168.356
      vertex -1.5 131.711 168.576
      vertex -1.5 130.796 168.356
    endloop
  endfacet
  facet normal -0 0.928477 0.371391
    outer loop
      vertex 0 138 165.364
      vertex 3 137.996 165.374
      vertex 3 138 165.364
    endloop
  endfacet
  facet normal 0 0.928477 0.371391
    outer loop
      vertex 3 137.996 165.374
      vertex 0 138 165.364
      vertex -1.5 137.996 165.374
    endloop
  endfacet
  facet normal 8.59502e-05 0.923964 0.382478
    outer loop
      vertex 0 138.356 164.504
      vertex -1.5 137.996 165.374
      vertex 0 138 165.364
    endloop
  endfacet
  facet normal 0 0.924017 0.382352
    outer loop
      vertex -1.5 137.996 165.374
      vertex 0 138.356 164.504
      vertex -1.5 138.356 164.504
    endloop
  endfacet
  facet normal 0 -0.924017 -0.382352
    outer loop
      vertex -1.5 127.304 159.926
      vertex 3 126.944 160.796
      vertex -1.5 126.944 160.796
    endloop
  endfacet
  facet normal 0 -0.924017 -0.382352
    outer loop
      vertex 3 126.944 160.796
      vertex -1.5 127.304 159.926
      vertex 3 127.304 159.926
    endloop
  endfacet
  facet normal 0 0.996909 0.0785637
    outer loop
      vertex 0 138.65 162.65
      vertex -1.5 138.576 163.589
      vertex 0 138.576 163.589
    endloop
  endfacet
  facet normal 0 0.996909 0.0785637
    outer loop
      vertex -1.5 138.576 163.589
      vertex 0 138.65 162.65
      vertex -1.5 138.65 162.65
    endloop
  endfacet
  facet normal 0 0.522438 -0.852678
    outer loop
      vertex -1.5 135.374 157.304
      vertex 3 136.177 157.796
      vertex 3 135.374 157.304
    endloop
  endfacet
  facet normal 0 0.522438 -0.852678
    outer loop
      vertex 3 136.177 157.796
      vertex -1.5 135.374 157.304
      vertex -1.5 136.177 157.796
    endloop
  endfacet
  facet normal 0 -0.383079 0.923715
    outer loop
      vertex 0.8 134.523 158.975
      vertex 3 133.925 158.727
      vertex 3 134.523 158.975
    endloop
  endfacet
  facet normal 0 -0.383079 0.923715
    outer loop
      vertex 3 133.925 158.727
      vertex 0.8 134.523 158.975
      vertex 0.8 133.925 158.727
    endloop
  endfacet
  facet normal 0 -0.233081 -0.972457
    outer loop
      vertex 0.8 133.295 166.724
      vertex 3 133.925 166.573
      vertex 3 133.295 166.724
    endloop
  endfacet
  facet normal -0 -0.233081 -0.972457
    outer loop
      vertex 3 133.925 166.573
      vertex 0.8 133.295 166.724
      vertex 0.8 133.925 166.573
    endloop
  endfacet
  facet normal 0 -0.0788237 -0.996889
    outer loop
      vertex 0.8 132.65 166.775
      vertex 3 133.295 166.724
      vertex 3 132.65 166.775
    endloop
  endfacet
  facet normal -0 -0.0788237 -0.996889
    outer loop
      vertex 3 133.295 166.724
      vertex 0.8 132.65 166.775
      vertex 0.8 133.295 166.724
    endloop
  endfacet
  facet normal 0 -0.383079 -0.923715
    outer loop
      vertex 0.8 133.925 166.573
      vertex 3 134.523 166.325
      vertex 3 133.925 166.573
    endloop
  endfacet
  facet normal -0 -0.383079 -0.923715
    outer loop
      vertex 3 134.523 166.325
      vertex 0.8 133.925 166.573
      vertex 0.8 134.523 166.325
    endloop
  endfacet
  facet normal 0 0.852823 -0.5222
    outer loop
      vertex 3 128.975 164.523
      vertex 0.8 129.313 165.075
      vertex 3 129.313 165.075
    endloop
  endfacet
  facet normal 0 0.852823 -0.5222
    outer loop
      vertex 0.8 129.313 165.075
      vertex 3 128.975 164.523
      vertex 0.8 128.975 164.523
    endloop
  endfacet
  facet normal 0 0.233081 -0.972457
    outer loop
      vertex 0.8 131.375 166.573
      vertex 3 132.005 166.724
      vertex 3 131.375 166.573
    endloop
  endfacet
  facet normal 0 0.233081 -0.972457
    outer loop
      vertex 3 132.005 166.724
      vertex 0.8 131.375 166.573
      vertex 0.8 132.005 166.724
    endloop
  endfacet
  facet normal 0 0.923715 -0.383079
    outer loop
      vertex 3 128.727 163.925
      vertex 0.8 128.975 164.523
      vertex 3 128.975 164.523
    endloop
  endfacet
  facet normal 0 0.923715 -0.383079
    outer loop
      vertex 0.8 128.975 164.523
      vertex 3 128.727 163.925
      vertex 0.8 128.727 163.925
    endloop
  endfacet
  facet normal 0 -0.923715 0.383079
    outer loop
      vertex 0.8 136.325 160.777
      vertex 3 136.573 161.375
      vertex 0.8 136.573 161.375
    endloop
  endfacet
  facet normal 0 -0.923715 0.383079
    outer loop
      vertex 3 136.573 161.375
      vertex 0.8 136.325 160.777
      vertex 3 136.325 160.777
    endloop
  endfacet
  facet normal 0 0.923715 0.383079
    outer loop
      vertex 3 128.975 160.777
      vertex 0.8 128.727 161.375
      vertex 3 128.727 161.375
    endloop
  endfacet
  facet normal 0 0.923715 0.383079
    outer loop
      vertex 0.8 128.727 161.375
      vertex 3 128.975 160.777
      vertex 0.8 128.975 160.777
    endloop
  endfacet
  facet normal 0 -0.852823 0.5222
    outer loop
      vertex 0.8 135.987 160.225
      vertex 3 136.325 160.777
      vertex 0.8 136.325 160.777
    endloop
  endfacet
  facet normal 0 -0.852823 0.5222
    outer loop
      vertex 3 136.325 160.777
      vertex 0.8 135.987 160.225
      vertex 3 135.987 160.225
    endloop
  endfacet
  facet normal 0 -0.760565 -0.649262
    outer loop
      vertex 0.8 135.987 165.075
      vertex 3 135.567 165.567
      vertex 0.8 135.567 165.567
    endloop
  endfacet
  facet normal 0 -0.760565 -0.649262
    outer loop
      vertex 3 135.567 165.567
      vertex 0.8 135.987 165.075
      vertex 3 135.987 165.075
    endloop
  endfacet
  facet normal 0 -0.972457 0.233081
    outer loop
      vertex 0.8 136.573 161.375
      vertex 3 136.724 162.005
      vertex 0.8 136.724 162.005
    endloop
  endfacet
  facet normal 0 -0.972457 0.233081
    outer loop
      vertex 3 136.724 162.005
      vertex 0.8 136.573 161.375
      vertex 3 136.573 161.375
    endloop
  endfacet
  facet normal -0 0.383079 0.923715
    outer loop
      vertex 0.8 131.375 158.727
      vertex 3 130.777 158.975
      vertex 3 131.375 158.727
    endloop
  endfacet
  facet normal 0 0.383079 0.923715
    outer loop
      vertex 3 130.777 158.975
      vertex 0.8 131.375 158.727
      vertex 0.8 130.777 158.975
    endloop
  endfacet
  facet normal 0 -0.996889 0.0788237
    outer loop
      vertex 0.8 136.724 162.005
      vertex 3 136.775 162.65
      vertex 0.8 136.775 162.65
    endloop
  endfacet
  facet normal 0 -0.996889 0.0788237
    outer loop
      vertex 3 136.775 162.65
      vertex 0.8 136.724 162.005
      vertex 3 136.724 162.005
    endloop
  endfacet
  facet normal 0 0.972457 0.233081
    outer loop
      vertex 3 128.727 161.375
      vertex 0.8 128.576 162.005
      vertex 3 128.576 162.005
    endloop
  endfacet
  facet normal 0 0.972457 0.233081
    outer loop
      vertex 0.8 128.576 162.005
      vertex 3 128.727 161.375
      vertex 0.8 128.727 161.375
    endloop
  endfacet
  facet normal 0 0.383079 -0.923715
    outer loop
      vertex 0.8 130.777 166.325
      vertex 3 131.375 166.573
      vertex 3 130.777 166.325
    endloop
  endfacet
  facet normal 0 0.383079 -0.923715
    outer loop
      vertex 3 131.375 166.573
      vertex 0.8 130.777 166.325
      vertex 0.8 131.375 166.573
    endloop
  endfacet
  facet normal -0 0.649262 0.760565
    outer loop
      vertex 0.8 130.225 159.313
      vertex 3 129.733 159.733
      vertex 3 130.225 159.313
    endloop
  endfacet
  facet normal 0 0.649262 0.760565
    outer loop
      vertex 3 129.733 159.733
      vertex 0.8 130.225 159.313
      vertex 0.8 129.733 159.733
    endloop
  endfacet
  facet normal 0 -0.760565 0.649262
    outer loop
      vertex 0.8 135.567 159.733
      vertex 3 135.987 160.225
      vertex 0.8 135.987 160.225
    endloop
  endfacet
  facet normal 0 -0.760565 0.649262
    outer loop
      vertex 3 135.987 160.225
      vertex 0.8 135.567 159.733
      vertex 3 135.567 159.733
    endloop
  endfacet
  facet normal 0 0.996889 -0.0788237
    outer loop
      vertex 3 128.525 162.65
      vertex 0.8 128.576 163.295
      vertex 3 128.576 163.295
    endloop
  endfacet
  facet normal 0 0.996889 -0.0788237
    outer loop
      vertex 0.8 128.576 163.295
      vertex 3 128.525 162.65
      vertex 0.8 128.525 162.65
    endloop
  endfacet
  facet normal 0 0.760565 0.649262
    outer loop
      vertex 3 129.733 159.733
      vertex 0.8 129.313 160.225
      vertex 3 129.313 160.225
    endloop
  endfacet
  facet normal 0 0.760565 0.649262
    outer loop
      vertex 0.8 129.313 160.225
      vertex 3 129.733 159.733
      vertex 0.8 129.733 159.733
    endloop
  endfacet
  facet normal 0 0.5222 -0.852823
    outer loop
      vertex 0.8 130.225 165.987
      vertex 3 130.777 166.325
      vertex 3 130.225 165.987
    endloop
  endfacet
  facet normal 0 0.5222 -0.852823
    outer loop
      vertex 3 130.777 166.325
      vertex 0.8 130.225 165.987
      vertex 0.8 130.777 166.325
    endloop
  endfacet
  facet normal 0 -0.5222 -0.852823
    outer loop
      vertex 0.8 134.523 166.325
      vertex 3 135.075 165.987
      vertex 3 134.523 166.325
    endloop
  endfacet
  facet normal -0 -0.5222 -0.852823
    outer loop
      vertex 3 135.075 165.987
      vertex 0.8 134.523 166.325
      vertex 0.8 135.075 165.987
    endloop
  endfacet
  facet normal 0 -0.649262 -0.760565
    outer loop
      vertex 0.8 135.075 165.987
      vertex 3 135.567 165.567
      vertex 3 135.075 165.987
    endloop
  endfacet
  facet normal -0 -0.649262 -0.760565
    outer loop
      vertex 3 135.567 165.567
      vertex 0.8 135.075 165.987
      vertex 0.8 135.567 165.567
    endloop
  endfacet
  facet normal 0 -0.649262 0.760565
    outer loop
      vertex 0.8 135.567 159.733
      vertex 3 135.075 159.313
      vertex 3 135.567 159.733
    endloop
  endfacet
  facet normal 0 -0.649262 0.760565
    outer loop
      vertex 3 135.075 159.313
      vertex 0.8 135.567 159.733
      vertex 0.8 135.075 159.313
    endloop
  endfacet
  facet normal 0 -0.996889 -0.0788237
    outer loop
      vertex 0.8 136.775 162.65
      vertex 3 136.724 163.295
      vertex 0.8 136.724 163.295
    endloop
  endfacet
  facet normal 0 -0.996889 -0.0788237
    outer loop
      vertex 3 136.724 163.295
      vertex 0.8 136.775 162.65
      vertex 3 136.775 162.65
    endloop
  endfacet
  facet normal 0 -0.923715 -0.383079
    outer loop
      vertex 0.8 136.573 163.925
      vertex 3 136.325 164.523
      vertex 0.8 136.325 164.523
    endloop
  endfacet
  facet normal 0 -0.923715 -0.383079
    outer loop
      vertex 3 136.325 164.523
      vertex 0.8 136.573 163.925
      vertex 3 136.573 163.925
    endloop
  endfacet
  facet normal 0 -0.233081 0.972457
    outer loop
      vertex 0.8 133.925 158.727
      vertex 3 133.295 158.576
      vertex 3 133.925 158.727
    endloop
  endfacet
  facet normal 0 -0.233081 0.972457
    outer loop
      vertex 3 133.295 158.576
      vertex 0.8 133.925 158.727
      vertex 0.8 133.295 158.576
    endloop
  endfacet
  facet normal -0 0.233081 0.972457
    outer loop
      vertex 0.8 132.005 158.576
      vertex 3 131.375 158.727
      vertex 3 132.005 158.576
    endloop
  endfacet
  facet normal 0 0.233081 0.972457
    outer loop
      vertex 3 131.375 158.727
      vertex 0.8 132.005 158.576
      vertex 0.8 131.375 158.727
    endloop
  endfacet
  facet normal 0 -0.852823 -0.5222
    outer loop
      vertex 0.8 136.325 164.523
      vertex 3 135.987 165.075
      vertex 0.8 135.987 165.075
    endloop
  endfacet
  facet normal 0 -0.852823 -0.5222
    outer loop
      vertex 3 135.987 165.075
      vertex 0.8 136.325 164.523
      vertex 3 136.325 164.523
    endloop
  endfacet
  facet normal 0 0.972457 -0.233081
    outer loop
      vertex 3 128.576 163.295
      vertex 0.8 128.727 163.925
      vertex 3 128.727 163.925
    endloop
  endfacet
  facet normal 0 0.972457 -0.233081
    outer loop
      vertex 0.8 128.727 163.925
      vertex 3 128.576 163.295
      vertex 0.8 128.576 163.295
    endloop
  endfacet
  facet normal 0 0.0788237 -0.996889
    outer loop
      vertex 0.8 132.005 166.724
      vertex 3 132.65 166.775
      vertex 3 132.005 166.724
    endloop
  endfacet
  facet normal 0 0.0788237 -0.996889
    outer loop
      vertex 3 132.65 166.775
      vertex 0.8 132.005 166.724
      vertex 0.8 132.65 166.775
    endloop
  endfacet
  facet normal 0 0.649262 -0.760565
    outer loop
      vertex 0.8 129.733 165.567
      vertex 3 130.225 165.987
      vertex 3 129.733 165.567
    endloop
  endfacet
  facet normal 0 0.649262 -0.760565
    outer loop
      vertex 3 130.225 165.987
      vertex 0.8 129.733 165.567
      vertex 0.8 130.225 165.987
    endloop
  endfacet
  facet normal -0 0.5222 0.852823
    outer loop
      vertex 0.8 130.777 158.975
      vertex 3 130.225 159.313
      vertex 3 130.777 158.975
    endloop
  endfacet
  facet normal 0 0.5222 0.852823
    outer loop
      vertex 3 130.225 159.313
      vertex 0.8 130.777 158.975
      vertex 0.8 130.225 159.313
    endloop
  endfacet
  facet normal -0 0.0788237 0.996889
    outer loop
      vertex 0.8 132.65 158.525
      vertex 3 132.005 158.576
      vertex 3 132.65 158.525
    endloop
  endfacet
  facet normal 0 0.0788237 0.996889
    outer loop
      vertex 3 132.005 158.576
      vertex 0.8 132.65 158.525
      vertex 0.8 132.005 158.576
    endloop
  endfacet
  facet normal 0 0.996889 0.0788237
    outer loop
      vertex 3 128.576 162.005
      vertex 0.8 128.525 162.65
      vertex 3 128.525 162.65
    endloop
  endfacet
  facet normal 0 0.996889 0.0788237
    outer loop
      vertex 0.8 128.525 162.65
      vertex 3 128.576 162.005
      vertex 0.8 128.576 162.005
    endloop
  endfacet
  facet normal 0 -0.972457 -0.233081
    outer loop
      vertex 0.8 136.724 163.295
      vertex 3 136.573 163.925
      vertex 0.8 136.573 163.925
    endloop
  endfacet
  facet normal 0 -0.972457 -0.233081
    outer loop
      vertex 3 136.573 163.925
      vertex 0.8 136.724 163.295
      vertex 3 136.724 163.295
    endloop
  endfacet
  facet normal 0 0.852823 0.5222
    outer loop
      vertex 3 129.313 160.225
      vertex 0.8 128.975 160.777
      vertex 3 128.975 160.777
    endloop
  endfacet
  facet normal 0 0.852823 0.5222
    outer loop
      vertex 0.8 128.975 160.777
      vertex 3 129.313 160.225
      vertex 0.8 129.313 160.225
    endloop
  endfacet
  facet normal 1 0 0
    outer loop
      vertex 0.8 136.724 163.295
      vertex 0.8 136.724 162.005
      vertex 0.8 136.775 162.65
    endloop
  endfacet
  facet normal 1 0 0
    outer loop
      vertex 0.8 136.573 163.925
      vertex 0.8 136.724 162.005
      vertex 0.8 136.724 163.295
    endloop
  endfacet
  facet normal 1 0 0
    outer loop
      vertex 0.8 136.573 163.925
      vertex 0.8 136.573 161.375
      vertex 0.8 136.724 162.005
    endloop
  endfacet
  facet normal 1 0 0
    outer loop
      vertex 0.8 136.325 164.523
      vertex 0.8 136.573 161.375
      vertex 0.8 136.573 163.925
    endloop
  endfacet
  facet normal 1 0 0
    outer loop
      vertex 0.8 136.325 164.523
      vertex 0.8 136.325 160.777
      vertex 0.8 136.573 161.375
    endloop
  endfacet
  facet normal 1 0 0
    outer loop
      vertex 0.8 135.987 165.075
      vertex 0.8 136.325 160.777
      vertex 0.8 136.325 164.523
    endloop
  endfacet
  facet normal 1 0 0
    outer loop
      vertex 0.8 135.987 165.075
      vertex 0.8 135.987 160.225
      vertex 0.8 136.325 160.777
    endloop
  endfacet
  facet normal 1 0 0
    outer loop
      vertex 0.8 135.567 165.567
      vertex 0.8 135.987 160.225
      vertex 0.8 135.987 165.075
    endloop
  endfacet
  facet normal 1 0 0
    outer loop
      vertex 0.8 135.567 165.567
      vertex 0.8 135.567 159.733
      vertex 0.8 135.987 160.225
    endloop
  endfacet
  facet normal 1 0 0
    outer loop
      vertex 0.8 135.075 165.987
      vertex 0.8 135.567 159.733
      vertex 0.8 135.567 165.567
    endloop
  endfacet
  facet normal 1 0 0
    outer loop
      vertex 0.8 135.075 165.987
      vertex 0.8 135.075 159.313
      vertex 0.8 135.567 159.733
    endloop
  endfacet
  facet normal 1 0 0
    outer loop
      vertex 0.8 134.523 166.325
      vertex 0.8 135.075 159.313
      vertex 0.8 135.075 165.987
    endloop
  endfacet
  facet normal 1 0 0
    outer loop
      vertex 0.8 134.523 166.325
      vertex 0.8 134.523 158.975
      vertex 0.8 135.075 159.313
    endloop
  endfacet
  facet normal 1 0 0
    outer loop
      vertex 0.8 133.925 166.573
      vertex 0.8 134.523 158.975
      vertex 0.8 134.523 166.325
    endloop
  endfacet
  facet normal 1 0 0
    outer loop
      vertex 0.8 133.925 166.573
      vertex 0.8 133.925 158.727
      vertex 0.8 134.523 158.975
    endloop
  endfacet
  facet normal 1 0 0
    outer loop
      vertex 0.8 133.295 166.724
      vertex 0.8 133.925 158.727
      vertex 0.8 133.925 166.573
    endloop
  endfacet
  facet normal 1 0 0
    outer loop
      vertex 0.8 133.295 166.724
      vertex 0.8 133.295 158.576
      vertex 0.8 133.925 158.727
    endloop
  endfacet
  facet normal 1 0 0
    outer loop
      vertex 0.8 132.65 166.775
      vertex 0.8 133.295 158.576
      vertex 0.8 133.295 166.724
    endloop
  endfacet
  facet normal 1 0 0
    outer loop
      vertex 0.8 132.65 166.775
      vertex 0.8 132.65 158.525
      vertex 0.8 133.295 158.576
    endloop
  endfacet
  facet normal 1 -0 0
    outer loop
      vertex 0.8 132.005 166.724
      vertex 0.8 132.65 158.525
      vertex 0.8 132.65 166.775
    endloop
  endfacet
  facet normal 1 0 0
    outer loop
      vertex 0.8 132.005 166.724
      vertex 0.8 132.005 158.576
      vertex 0.8 132.65 158.525
    endloop
  endfacet
  facet normal 1 -0 0
    outer loop
      vertex 0.8 131.375 166.573
      vertex 0.8 132.005 158.576
      vertex 0.8 132.005 166.724
    endloop
  endfacet
  facet normal 1 0 0
    outer loop
      vertex 0.8 131.375 166.573
      vertex 0.8 131.375 158.727
      vertex 0.8 132.005 158.576
    endloop
  endfacet
  facet normal 1 -0 0
    outer loop
      vertex 0.8 130.777 166.325
      vertex 0.8 131.375 158.727
      vertex 0.8 131.375 166.573
    endloop
  endfacet
  facet normal 1 0 0
    outer loop
      vertex 0.8 130.777 166.325
      vertex 0.8 130.777 158.975
      vertex 0.8 131.375 158.727
    endloop
  endfacet
  facet normal 1 -0 0
    outer loop
      vertex 0.8 130.225 165.987
      vertex 0.8 130.777 158.975
      vertex 0.8 130.777 166.325
    endloop
  endfacet
  facet normal 1 0 0
    outer loop
      vertex 0.8 130.225 165.987
      vertex 0.8 130.225 159.313
      vertex 0.8 130.777 158.975
    endloop
  endfacet
  facet normal 1 -0 0
    outer loop
      vertex 0.8 129.733 165.567
      vertex 0.8 130.225 159.313
      vertex 0.8 130.225 165.987
    endloop
  endfacet
  facet normal 1 0 0
    outer loop
      vertex 0.8 129.733 165.567
      vertex 0.8 129.733 159.733
      vertex 0.8 130.225 159.313
    endloop
  endfacet
  facet normal 1 -0 0
    outer loop
      vertex 0.8 129.313 165.075
      vertex 0.8 129.733 159.733
      vertex 0.8 129.733 165.567
    endloop
  endfacet
  facet normal 1 0 0
    outer loop
      vertex 0.8 129.313 165.075
      vertex 0.8 129.313 160.225
      vertex 0.8 129.733 159.733
    endloop
  endfacet
  facet normal 1 -0 0
    outer loop
      vertex 0.8 128.975 164.523
      vertex 0.8 129.313 160.225
      vertex 0.8 129.313 165.075
    endloop
  endfacet
  facet normal 1 0 0
    outer loop
      vertex 0.8 128.975 164.523
      vertex 0.8 128.975 160.777
      vertex 0.8 129.313 160.225
    endloop
  endfacet
  facet normal 1 -0 0
    outer loop
      vertex 0.8 128.727 163.925
      vertex 0.8 128.975 160.777
      vertex 0.8 128.975 164.523
    endloop
  endfacet
  facet normal 1 0 0
    outer loop
      vertex 0.8 128.727 163.925
      vertex 0.8 128.727 161.375
      vertex 0.8 128.975 160.777
    endloop
  endfacet
  facet normal 1 -0 0
    outer loop
      vertex 0.8 128.576 163.295
      vertex 0.8 128.727 161.375
      vertex 0.8 128.727 163.925
    endloop
  endfacet
  facet normal 1 0 0
    outer loop
      vertex 0.8 128.576 163.295
      vertex 0.8 128.576 162.005
      vertex 0.8 128.727 161.375
    endloop
  endfacet
  facet normal 1 0 -0
    outer loop
      vertex 0.8 128.576 162.005
      vertex 0.8 128.576 163.295
      vertex 0.8 128.525 162.65
    endloop
  endfacet
  facet normal 0 -0.0788237 0.996889
    outer loop
      vertex 0.8 133.295 158.576
      vertex 3 132.65 158.525
      vertex 3 133.295 158.576
    endloop
  endfacet
  facet normal 0 -0.0788237 0.996889
    outer loop
      vertex 3 132.65 158.525
      vertex 0.8 133.295 158.576
      vertex 0.8 132.65 158.525
    endloop
  endfacet
  facet normal 0 -0.5222 0.852823
    outer loop
      vertex 0.8 135.075 159.313
      vertex 3 134.523 158.975
      vertex 3 135.075 159.313
    endloop
  endfacet
  facet normal 0 -0.5222 0.852823
    outer loop
      vertex 3 134.523 158.975
      vertex 0.8 135.075 159.313
      vertex 0.8 134.523 158.975
    endloop
  endfacet
  facet normal 0 0.760565 -0.649262
    outer loop
      vertex 3 129.313 165.075
      vertex 0.8 129.733 165.567
      vertex 3 129.733 165.567
    endloop
  endfacet
  facet normal 0 0.760565 -0.649262
    outer loop
      vertex 0.8 129.733 165.567
      vertex 3 129.313 165.075
      vertex 0.8 129.313 165.075
    endloop
  endfacet
  facet normal 0 -0.233423 0.972375
    outer loop
      vertex 0 30.5253 3.3832
      vertex 4.1 30.2659 3.32093
      vertex 4.1 30.5253 3.3832
    endloop
  endfacet
  facet normal 0 -0.233423 0.972375
    outer loop
      vertex 4.1 30.2659 3.32093
      vertex 0 30.5253 3.3832
      vertex 0 30.2659 3.32093
    endloop
  endfacet
  facet normal 0 -0.0784711 0.996916
    outer loop
      vertex 0 30.2659 3.32093
      vertex 4.1 30 3.3
      vertex 4.1 30.2659 3.32093
    endloop
  endfacet
  facet normal 0 -0.0784711 0.996916
    outer loop
      vertex 4.1 30 3.3
      vertex 0 30.2659 3.32093
      vertex 0 30 3.3
    endloop
  endfacet
  facet normal 0 -0.38264 0.923898
    outer loop
      vertex 0 30.7718 3.48529
      vertex 4.1 30.5253 3.3832
      vertex 4.1 30.7718 3.48529
    endloop
  endfacet
  facet normal 0 -0.38264 0.923898
    outer loop
      vertex 4.1 30.5253 3.3832
      vertex 0 30.7718 3.48529
      vertex 0 30.5253 3.3832
    endloop
  endfacet
  facet normal 0 0.852609 0.522549
    outer loop
      vertex 4.1 28.6247 4.00077
      vertex 0 28.4853 4.22822
      vertex 4.1 28.4853 4.22822
    endloop
  endfacet
  facet normal 0 0.852609 0.522549
    outer loop
      vertex 0 28.4853 4.22822
      vertex 4.1 28.6247 4.00077
      vertex 0 28.6247 4.00077
    endloop
  endfacet
  facet normal 0 -0.38264 -0.923898
    outer loop
      vertex 0 30.5253 6.6168
      vertex 4.1 30.7718 6.51471
      vertex 4.1 30.5253 6.6168
    endloop
  endfacet
  facet normal -0 -0.38264 -0.923898
    outer loop
      vertex 4.1 30.7718 6.51471
      vertex 0 30.5253 6.6168
      vertex 0 30.7718 6.51471
    endloop
  endfacet
  facet normal 0 0.852609 -0.522549
    outer loop
      vertex 4.1 28.4853 5.77178
      vertex 0 28.6247 5.99923
      vertex 4.1 28.6247 5.99923
    endloop
  endfacet
  facet normal 0 0.852609 -0.522549
    outer loop
      vertex 0 28.6247 5.99923
      vertex 4.1 28.4853 5.77178
      vertex 0 28.4853 5.77178
    endloop
  endfacet
  facet normal -0 0.233423 0.972375
    outer loop
      vertex 0 29.7341 3.32093
      vertex 4.1 29.4747 3.3832
      vertex 4.1 29.7341 3.32093
    endloop
  endfacet
  facet normal 0 0.233423 0.972375
    outer loop
      vertex 4.1 29.4747 3.3832
      vertex 0 29.7341 3.32093
      vertex 0 29.4747 3.3832
    endloop
  endfacet
  facet normal 0 0.923857 0.382738
    outer loop
      vertex 4.1 28.4853 4.22822
      vertex 0 28.3832 4.47467
      vertex 4.1 28.3832 4.47467
    endloop
  endfacet
  facet normal 0 0.923857 0.382738
    outer loop
      vertex 0 28.3832 4.47467
      vertex 4.1 28.4853 4.22822
      vertex 0 28.4853 4.22822
    endloop
  endfacet
  facet normal 0 -0.923857 -0.382738
    outer loop
      vertex 0 31.6168 5.52533
      vertex 4.1 31.5147 5.77178
      vertex 0 31.5147 5.77178
    endloop
  endfacet
  facet normal 0 -0.923857 -0.382738
    outer loop
      vertex 4.1 31.5147 5.77178
      vertex 0 31.6168 5.52533
      vertex 4.1 31.6168 5.52533
    endloop
  endfacet
  facet normal 0 -0.852609 -0.522549
    outer loop
      vertex 0 31.5147 5.77178
      vertex 4.1 31.3753 5.99923
      vertex 0 31.3753 5.99923
    endloop
  endfacet
  facet normal 0 -0.852609 -0.522549
    outer loop
      vertex 4.1 31.3753 5.99923
      vertex 0 31.5147 5.77178
      vertex 4.1 31.5147 5.77178
    endloop
  endfacet
  facet normal 0 -0.972348 -0.233537
    outer loop
      vertex 0 31.6791 5.26594
      vertex 4.1 31.6168 5.52533
      vertex 0 31.6168 5.52533
    endloop
  endfacet
  facet normal 0 -0.972348 -0.233537
    outer loop
      vertex 4.1 31.6168 5.52533
      vertex 0 31.6791 5.26594
      vertex 4.1 31.6791 5.26594
    endloop
  endfacet
  facet normal 0 0.760499 0.649339
    outer loop
      vertex 4.1 28.7979 3.79792
      vertex 0 28.6247 4.00077
      vertex 4.1 28.6247 4.00077
    endloop
  endfacet
  facet normal 0 0.760499 0.649339
    outer loop
      vertex 0 28.6247 4.00077
      vertex 4.1 28.7979 3.79792
      vertex 0 28.7979 3.79792
    endloop
  endfacet
  facet normal 0 -0.996926 -0.0783476
    outer loop
      vertex 0 31.7 5
      vertex 4.1 31.6791 5.26594
      vertex 0 31.6791 5.26594
    endloop
  endfacet
  facet normal 0 -0.996926 -0.0783476
    outer loop
      vertex 4.1 31.6791 5.26594
      vertex 0 31.7 5
      vertex 4.1 31.7 5
    endloop
  endfacet
  facet normal 0 0.38264 -0.923898
    outer loop
      vertex 0 29.2282 6.51471
      vertex 4.1 29.4747 6.6168
      vertex 4.1 29.2282 6.51471
    endloop
  endfacet
  facet normal 0 0.38264 -0.923898
    outer loop
      vertex 4.1 29.4747 6.6168
      vertex 0 29.2282 6.51471
      vertex 0 29.4747 6.6168
    endloop
  endfacet
  facet normal 0 -0.649355 -0.760485
    outer loop
      vertex 0 30.9992 6.37533
      vertex 4.1 31.2021 6.20208
      vertex 4.1 30.9992 6.37533
    endloop
  endfacet
  facet normal -0 -0.649355 -0.760485
    outer loop
      vertex 4.1 31.2021 6.20208
      vertex 0 30.9992 6.37533
      vertex 0 31.2021 6.20208
    endloop
  endfacet
  facet normal 0 0.972348 -0.233537
    outer loop
      vertex 4.1 28.3209 5.26594
      vertex 0 28.3832 5.52533
      vertex 4.1 28.3832 5.52533
    endloop
  endfacet
  facet normal 0 0.972348 -0.233537
    outer loop
      vertex 0 28.3832 5.52533
      vertex 4.1 28.3209 5.26594
      vertex 0 28.3209 5.26594
    endloop
  endfacet
  facet normal -0 0.38264 0.923898
    outer loop
      vertex 0 29.4747 3.3832
      vertex 4.1 29.2282 3.48529
      vertex 4.1 29.4747 3.3832
    endloop
  endfacet
  facet normal 0 0.38264 0.923898
    outer loop
      vertex 4.1 29.2282 3.48529
      vertex 0 29.4747 3.3832
      vertex 0 29.2282 3.48529
    endloop
  endfacet
  facet normal 0 0.649355 -0.760485
    outer loop
      vertex 0 28.7979 6.20208
      vertex 4.1 29.0008 6.37533
      vertex 4.1 28.7979 6.20208
    endloop
  endfacet
  facet normal 0 0.649355 -0.760485
    outer loop
      vertex 4.1 29.0008 6.37533
      vertex 0 28.7979 6.20208
      vertex 0 29.0008 6.37533
    endloop
  endfacet
  facet normal 0 -0.760499 -0.649339
    outer loop
      vertex 0 31.3753 5.99923
      vertex 4.1 31.2021 6.20208
      vertex 0 31.2021 6.20208
    endloop
  endfacet
  facet normal 0 -0.760499 -0.649339
    outer loop
      vertex 4.1 31.2021 6.20208
      vertex 0 31.3753 5.99923
      vertex 4.1 31.3753 5.99923
    endloop
  endfacet
  facet normal 0 0.996926 0.0783476
    outer loop
      vertex 4.1 28.3209 4.73406
      vertex 0 28.3 5
      vertex 4.1 28.3 5
    endloop
  endfacet
  facet normal 0 0.996926 0.0783476
    outer loop
      vertex 0 28.3 5
      vertex 4.1 28.3209 4.73406
      vertex 0 28.3209 4.73406
    endloop
  endfacet
  facet normal -0 0.522578 0.852592
    outer loop
      vertex 0 29.2282 3.48529
      vertex 4.1 29.0008 3.62467
      vertex 4.1 29.2282 3.48529
    endloop
  endfacet
  facet normal 0 0.522578 0.852592
    outer loop
      vertex 4.1 29.0008 3.62467
      vertex 0 29.2282 3.48529
      vertex 0 29.0008 3.62467
    endloop
  endfacet
  facet normal 0 -0.522578 0.852592
    outer loop
      vertex 0 30.9992 3.62467
      vertex 4.1 30.7718 3.48529
      vertex 4.1 30.9992 3.62467
    endloop
  endfacet
  facet normal 0 -0.522578 0.852592
    outer loop
      vertex 4.1 30.7718 3.48529
      vertex 0 30.9992 3.62467
      vertex 0 30.7718 3.48529
    endloop
  endfacet
  facet normal -0 0.0784711 0.996916
    outer loop
      vertex 0 30 3.3
      vertex 4.1 29.7341 3.32093
      vertex 4.1 30 3.3
    endloop
  endfacet
  facet normal 0 0.0784711 0.996916
    outer loop
      vertex 4.1 29.7341 3.32093
      vertex 0 30 3.3
      vertex 0 29.7341 3.32093
    endloop
  endfacet
  facet normal 0 0.233423 -0.972375
    outer loop
      vertex 0 29.4747 6.6168
      vertex 4.1 29.7341 6.67907
      vertex 4.1 29.4747 6.6168
    endloop
  endfacet
  facet normal 0 0.233423 -0.972375
    outer loop
      vertex 4.1 29.7341 6.67907
      vertex 0 29.4747 6.6168
      vertex 0 29.7341 6.67907
    endloop
  endfacet
  facet normal 0 -0.852609 0.522549
    outer loop
      vertex 0 31.3753 4.00077
      vertex 4.1 31.5147 4.22822
      vertex 0 31.5147 4.22822
    endloop
  endfacet
  facet normal 0 -0.852609 0.522549
    outer loop
      vertex 4.1 31.5147 4.22822
      vertex 0 31.3753 4.00077
      vertex 4.1 31.3753 4.00077
    endloop
  endfacet
  facet normal 0 -0.649355 0.760485
    outer loop
      vertex 0 31.2021 3.79792
      vertex 4.1 30.9992 3.62467
      vertex 4.1 31.2021 3.79792
    endloop
  endfacet
  facet normal 0 -0.649355 0.760485
    outer loop
      vertex 4.1 30.9992 3.62467
      vertex 0 31.2021 3.79792
      vertex 0 30.9992 3.62467
    endloop
  endfacet
  facet normal 0 -0.0784711 -0.996916
    outer loop
      vertex 0 30 6.7
      vertex 4.1 30.2659 6.67907
      vertex 4.1 30 6.7
    endloop
  endfacet
  facet normal -0 -0.0784711 -0.996916
    outer loop
      vertex 4.1 30.2659 6.67907
      vertex 0 30 6.7
      vertex 0 30.2659 6.67907
    endloop
  endfacet
  facet normal 0 -0.760499 0.649339
    outer loop
      vertex 0 31.2021 3.79792
      vertex 4.1 31.3753 4.00077
      vertex 0 31.3753 4.00077
    endloop
  endfacet
  facet normal 0 -0.760499 0.649339
    outer loop
      vertex 4.1 31.3753 4.00077
      vertex 0 31.2021 3.79792
      vertex 4.1 31.2021 3.79792
    endloop
  endfacet
  facet normal 0 0.972348 0.233537
    outer loop
      vertex 4.1 28.3832 4.47467
      vertex 0 28.3209 4.73406
      vertex 4.1 28.3209 4.73406
    endloop
  endfacet
  facet normal 0 0.972348 0.233537
    outer loop
      vertex 0 28.3209 4.73406
      vertex 4.1 28.3832 4.47467
      vertex 0 28.3832 4.47467
    endloop
  endfacet
  facet normal 0 0.522578 -0.852592
    outer loop
      vertex 0 29.0008 6.37533
      vertex 4.1 29.2282 6.51471
      vertex 4.1 29.0008 6.37533
    endloop
  endfacet
  facet normal 0 0.522578 -0.852592
    outer loop
      vertex 4.1 29.2282 6.51471
      vertex 0 29.0008 6.37533
      vertex 0 29.2282 6.51471
    endloop
  endfacet
  facet normal 0 0.760499 -0.649339
    outer loop
      vertex 4.1 28.6247 5.99923
      vertex 0 28.7979 6.20208
      vertex 4.1 28.7979 6.20208
    endloop
  endfacet
  facet normal 0 0.760499 -0.649339
    outer loop
      vertex 0 28.7979 6.20208
      vertex 4.1 28.6247 5.99923
      vertex 0 28.6247 5.99923
    endloop
  endfacet
  facet normal -0 0.649355 0.760485
    outer loop
      vertex 0 29.0008 3.62467
      vertex 4.1 28.7979 3.79792
      vertex 4.1 29.0008 3.62467
    endloop
  endfacet
  facet normal 0 0.649355 0.760485
    outer loop
      vertex 4.1 28.7979 3.79792
      vertex 0 29.0008 3.62467
      vertex 0 28.7979 3.79792
    endloop
  endfacet
  facet normal 0 -0.522578 -0.852592
    outer loop
      vertex 0 30.7718 6.51471
      vertex 4.1 30.9992 6.37533
      vertex 4.1 30.7718 6.51471
    endloop
  endfacet
  facet normal -0 -0.522578 -0.852592
    outer loop
      vertex 4.1 30.9992 6.37533
      vertex 0 30.7718 6.51471
      vertex 0 30.9992 6.37533
    endloop
  endfacet
  facet normal 0 0.0784711 -0.996916
    outer loop
      vertex 0 29.7341 6.67907
      vertex 4.1 30 6.7
      vertex 4.1 29.7341 6.67907
    endloop
  endfacet
  facet normal 0 0.0784711 -0.996916
    outer loop
      vertex 4.1 30 6.7
      vertex 0 29.7341 6.67907
      vertex 0 30 6.7
    endloop
  endfacet
  facet normal 0 0.923857 -0.382738
    outer loop
      vertex 4.1 28.3832 5.52533
      vertex 0 28.4853 5.77178
      vertex 4.1 28.4853 5.77178
    endloop
  endfacet
  facet normal 0 0.923857 -0.382738
    outer loop
      vertex 0 28.4853 5.77178
      vertex 4.1 28.3832 5.52533
      vertex 0 28.3832 5.52533
    endloop
  endfacet
  facet normal 0 -0.923857 0.382738
    outer loop
      vertex 0 31.5147 4.22822
      vertex 4.1 31.6168 4.47467
      vertex 0 31.6168 4.47467
    endloop
  endfacet
  facet normal 0 -0.923857 0.382738
    outer loop
      vertex 4.1 31.6168 4.47467
      vertex 0 31.5147 4.22822
      vertex 4.1 31.5147 4.22822
    endloop
  endfacet
  facet normal 0 -0.972348 0.233537
    outer loop
      vertex 0 31.6168 4.47467
      vertex 4.1 31.6791 4.73406
      vertex 0 31.6791 4.73406
    endloop
  endfacet
  facet normal 0 -0.972348 0.233537
    outer loop
      vertex 4.1 31.6791 4.73406
      vertex 0 31.6168 4.47467
      vertex 4.1 31.6168 4.47467
    endloop
  endfacet
  facet normal 0 -0.996926 0.0783476
    outer loop
      vertex 0 31.6791 4.73406
      vertex 4.1 31.7 5
      vertex 0 31.7 5
    endloop
  endfacet
  facet normal 0 -0.996926 0.0783476
    outer loop
      vertex 4.1 31.7 5
      vertex 0 31.6791 4.73406
      vertex 4.1 31.6791 4.73406
    endloop
  endfacet
  facet normal 0 -0.233423 -0.972375
    outer loop
      vertex 0 30.2659 6.67907
      vertex 4.1 30.5253 6.6168
      vertex 4.1 30.2659 6.67907
    endloop
  endfacet
  facet normal -0 -0.233423 -0.972375
    outer loop
      vertex 4.1 30.5253 6.6168
      vertex 0 30.2659 6.67907
      vertex 0 30.5253 6.6168
    endloop
  endfacet
  facet normal 0 0.996926 -0.0783476
    outer loop
      vertex 4.1 28.3 5
      vertex 0 28.3209 5.26594
      vertex 4.1 28.3209 5.26594
    endloop
  endfacet
  facet normal 0 0.996926 -0.0783476
    outer loop
      vertex 0 28.3209 5.26594
      vertex 4.1 28.3 5
      vertex 0 28.3 5
    endloop
  endfacet
  facet normal 0.598816 0.0628465 0.798417
    outer loop
      vertex 4.1 29.7341 3.32093
      vertex 6 29.5244 1.91243
      vertex 4.1 30 3.3
    endloop
  endfacet
  facet normal 0.598802 0.062436 0.79846
    outer loop
      vertex 6 29.5244 1.91243
      vertex 4.1 29.7341 3.32093
      vertex 6 29.5111 1.91347
    endloop
  endfacet
  facet normal 0.598812 0.52017 0.608972
    outer loop
      vertex 6 27.7903 2.79029
      vertex 6 28.153 2.48048
      vertex 4.1 28.7979 3.79792
    endloop
  endfacet
  facet normal 0.59881 0.306511 0.739917
    outer loop
      vertex 6 28.5813 2.21561
      vertex 6 29.022 2.03305
      vertex 4.1 29.2282 3.48529
    endloop
  endfacet
  facet normal 0.598814 -0.0628361 0.798419
    outer loop
      vertex 6 30 1.875
      vertex 6 30.4756 1.91243
      vertex 4.1 30 3.3
    endloop
  endfacet
  facet normal 0.598802 -0.062436 0.79846
    outer loop
      vertex 4.1 30.2659 3.32093
      vertex 6 30.4756 1.91243
      vertex 6 30.4889 1.91347
    endloop
  endfacet
  facet normal 0.598816 -0.0628465 0.798417
    outer loop
      vertex 6 30.4756 1.91243
      vertex 4.1 30.2659 3.32093
      vertex 4.1 30 3.3
    endloop
  endfacet
  facet normal 0.598811 0.798429 0.0627478
    outer loop
      vertex 6 26.9124 4.52444
      vertex 4.1 28.3209 4.73406
      vertex 4.1 28.3 5
    endloop
  endfacet
  facet normal 0.598916 0.798087 0.0660072
    outer loop
      vertex 4.1 28.3209 4.73406
      vertex 6 26.9124 4.52444
      vertex 6 26.9135 4.51114
    endloop
  endfacet
  facet normal 0.598802 0.062436 -0.79846
    outer loop
      vertex 4.1 29.7341 6.67907
      vertex 6 29.5244 8.08757
      vertex 6 29.5111 8.08653
    endloop
  endfacet
  facet normal 0.598816 0.0628465 -0.798417
    outer loop
      vertex 6 29.5244 8.08757
      vertex 4.1 29.7341 6.67907
      vertex 4.1 30 6.7
    endloop
  endfacet
  facet normal 0.598692 0.684753 -0.415549
    outer loop
      vertex 6 27.4649 6.82546
      vertex 4.1 28.6247 5.99923
      vertex 6 27.4718 6.83683
    endloop
  endfacet
  facet normal 0.598813 0.682845 -0.418504
    outer loop
      vertex 4.1 28.6247 5.99923
      vertex 6 27.4649 6.82546
      vertex 4.1 28.4853 5.77178
    endloop
  endfacet
  facet normal 0.598916 0.798087 -0.0660072
    outer loop
      vertex 6 26.9124 5.47556
      vertex 4.1 28.3209 5.26594
      vertex 6 26.9135 5.48886
    endloop
  endfacet
  facet normal 0.598811 0.798429 -0.0627478
    outer loop
      vertex 4.1 28.3209 5.26594
      vertex 6 26.9124 5.47556
      vertex 4.1 28.3 5
    endloop
  endfacet
  facet normal 0.598813 -0.682845 0.418504
    outer loop
      vertex 4.1 31.3753 4.00077
      vertex 6 32.5351 3.17454
      vertex 4.1 31.5147 4.22822
    endloop
  endfacet
  facet normal 0.598692 -0.684753 0.415549
    outer loop
      vertex 6 32.5351 3.17454
      vertex 4.1 31.3753 4.00077
      vertex 6 32.5282 3.16317
    endloop
  endfacet
  facet normal 0.59883 0.609065 0.52004
    outer loop
      vertex 6 27.4718 3.16317
      vertex 4.1 28.7979 3.79792
      vertex 4.1 28.6247 4.00077
    endloop
  endfacet
  facet normal 0.598584 0.607956 0.521619
    outer loop
      vertex 4.1 28.7979 3.79792
      vertex 6 27.4718 3.16317
      vertex 6 27.4805 3.15303
    endloop
  endfacet
  facet normal 0.598812 0.52017 -0.608972
    outer loop
      vertex 6 28.153 7.51952
      vertex 6 27.7903 7.20971
      vertex 4.1 28.7979 6.20208
    endloop
  endfacet
  facet normal 0.598809 0.609011 0.520129
    outer loop
      vertex 6 27.4805 3.15303
      vertex 6 27.7903 2.79029
      vertex 4.1 28.7979 3.79792
    endloop
  endfacet
  facet normal 0.598822 0.778777 0.186866
    outer loop
      vertex 6 26.9166 4.49817
      vertex 6 27.0279 4.03432
      vertex 4.1 28.3832 4.47467
    endloop
  endfacet
  facet normal 0.598778 0.306762 -0.739839
    outer loop
      vertex 4.1 29.2282 6.51471
      vertex 6 29.0343 7.97205
      vertex 6 29.022 7.96695
    endloop
  endfacet
  facet normal 0.59882 0.30645 -0.739935
    outer loop
      vertex 6 29.0343 7.97205
      vertex 4.1 29.2282 6.51471
      vertex 4.1 29.4747 6.6168
    endloop
  endfacet
  facet normal 0.598815 0.186944 -0.778763
    outer loop
      vertex 6 29.4982 8.08341
      vertex 6 29.0343 7.97205
      vertex 4.1 29.4747 6.6168
    endloop
  endfacet
  facet normal 0.598813 0.682845 0.418504
    outer loop
      vertex 6 27.4649 3.17454
      vertex 4.1 28.6247 4.00077
      vertex 4.1 28.4853 4.22822
    endloop
  endfacet
  facet normal 0.598692 0.684753 0.415549
    outer loop
      vertex 4.1 28.6247 4.00077
      vertex 6 27.4649 3.17454
      vertex 6 27.4718 3.16317
    endloop
  endfacet
  facet normal 0.598584 -0.607956 -0.521619
    outer loop
      vertex 4.1 31.2021 6.20208
      vertex 6 32.5282 6.83683
      vertex 6 32.5195 6.84697
    endloop
  endfacet
  facet normal 0.59883 -0.609065 -0.52004
    outer loop
      vertex 6 32.5282 6.83683
      vertex 4.1 31.2021 6.20208
      vertex 4.1 31.3753 5.99923
    endloop
  endfacet
  facet normal 0.598809 -0.609011 -0.520129
    outer loop
      vertex 6 32.5195 6.84697
      vertex 6 32.2097 7.20971
      vertex 4.1 31.2021 6.20208
    endloop
  endfacet
  facet normal 0.598816 0.798421 0.0627911
    outer loop
      vertex 6 26.875 5
      vertex 6 26.9124 4.52444
      vertex 4.1 28.3 5
    endloop
  endfacet
  facet normal 0.598815 0.186944 0.778763
    outer loop
      vertex 6 29.0343 2.02795
      vertex 6 29.4982 1.91659
      vertex 4.1 29.4747 3.3832
    endloop
  endfacet
  facet normal 0.598814 0.0628361 0.798419
    outer loop
      vertex 6 29.5244 1.91243
      vertex 6 30 1.875
      vertex 4.1 30 3.3
    endloop
  endfacet
  facet normal 0.598816 0.682831 -0.418523
    outer loop
      vertex 6 27.4649 6.82546
      vertex 6 27.2156 6.41872
      vertex 4.1 28.4853 5.77178
    endloop
  endfacet
  facet normal 0.598909 0.778878 0.186162
    outer loop
      vertex 4.1 28.3832 4.47467
      vertex 6 26.9135 4.51114
      vertex 6 26.9166 4.49817
    endloop
  endfacet
  facet normal 0.598797 0.778754 0.18704
    outer loop
      vertex 6 26.9135 4.51114
      vertex 4.1 28.3832 4.47467
      vertex 4.1 28.3209 4.73406
    endloop
  endfacet
  facet normal 0.598909 0.778878 -0.186162
    outer loop
      vertex 6 26.9135 5.48886
      vertex 4.1 28.3832 5.52533
      vertex 6 26.9166 5.50183
    endloop
  endfacet
  facet normal 0.598797 0.778754 -0.18704
    outer loop
      vertex 4.1 28.3832 5.52533
      vertex 6 26.9135 5.48886
      vertex 4.1 28.3209 5.26594
    endloop
  endfacet
  facet normal 0.599105 0.518205 -0.610357
    outer loop
      vertex 4.1 28.7979 6.20208
      vertex 6 28.1632 7.52818
      vertex 6 28.153 7.51952
    endloop
  endfacet
  facet normal 0.598819 0.520058 -0.609061
    outer loop
      vertex 6 28.1632 7.52818
      vertex 4.1 28.7979 6.20208
      vertex 4.1 29.0008 6.37533
    endloop
  endfacet
  facet normal 0.598816 -0.682831 -0.418523
    outer loop
      vertex 6 32.7844 6.41872
      vertex 6 32.5351 6.82546
      vertex 4.1 31.5147 5.77178
    endloop
  endfacet
  facet normal 0.598811 -0.418406 -0.682907
    outer loop
      vertex 6 31.8255 7.53515
      vertex 6 31.4187 7.78439
      vertex 4.1 30.7718 6.51471
    endloop
  endfacet
  facet normal 0.598821 0.186944 0.778759
    outer loop
      vertex 4.1 29.4747 3.3832
      vertex 6 29.5111 1.91347
      vertex 4.1 29.7341 3.32093
    endloop
  endfacet
  facet normal 0.598646 0.188304 0.778566
    outer loop
      vertex 6 29.5111 1.91347
      vertex 4.1 29.4747 3.3832
      vertex 6 29.4982 1.91659
    endloop
  endfacet
  facet normal 0.59882 0.30645 0.739935
    outer loop
      vertex 4.1 29.2282 3.48529
      vertex 6 29.0343 2.02795
      vertex 4.1 29.4747 3.3832
    endloop
  endfacet
  facet normal 0.598778 0.306762 0.739839
    outer loop
      vertex 6 29.0343 2.02795
      vertex 4.1 29.2282 3.48529
      vertex 6 29.022 2.03305
    endloop
  endfacet
  facet normal 0.598811 -0.798429 0.0627478
    outer loop
      vertex 4.1 31.6791 4.73406
      vertex 6 33.0876 4.52444
      vertex 4.1 31.7 5
    endloop
  endfacet
  facet normal 0.598916 -0.798087 0.0660072
    outer loop
      vertex 6 33.0876 4.52444
      vertex 4.1 31.6791 4.73406
      vertex 6 33.0865 4.51114
    endloop
  endfacet
  facet normal 0.59883 -0.609065 0.52004
    outer loop
      vertex 4.1 31.2021 3.79792
      vertex 6 32.5282 3.16317
      vertex 4.1 31.3753 4.00077
    endloop
  endfacet
  facet normal 0.598584 -0.607956 0.521619
    outer loop
      vertex 6 32.5282 3.16317
      vertex 4.1 31.2021 3.79792
      vertex 6 32.5195 3.15303
    endloop
  endfacet
  facet normal 0.598802 -0.778753 0.187028
    outer loop
      vertex 6 32.972 4.03432
      vertex 6 33.0834 4.49817
      vertex 4.1 31.6168 4.47467
    endloop
  endfacet
  facet normal 0.598802 -0.778753 -0.187028
    outer loop
      vertex 6 33.0834 5.50183
      vertex 6 32.972 5.96568
      vertex 4.1 31.6168 5.52533
    endloop
  endfacet
  facet normal 0.598584 0.607956 -0.521619
    outer loop
      vertex 6 27.4718 6.83683
      vertex 4.1 28.7979 6.20208
      vertex 6 27.4805 6.84697
    endloop
  endfacet
  facet normal 0.59883 0.609065 -0.52004
    outer loop
      vertex 4.1 28.7979 6.20208
      vertex 6 27.4718 6.83683
      vertex 4.1 28.6247 5.99923
    endloop
  endfacet
  facet normal 0.598824 0.739899 0.306528
    outer loop
      vertex 6 27.0279 4.03432
      vertex 4.1 28.4853 4.22822
      vertex 4.1 28.3832 4.47467
    endloop
  endfacet
  facet normal 0.598135 0.738323 0.31163
    outer loop
      vertex 4.1 28.4853 4.22822
      vertex 6 27.0279 4.03432
      vertex 6 27.0331 4.022
    endloop
  endfacet
  facet normal 0.598821 -0.186944 -0.778759
    outer loop
      vertex 4.1 30.5253 6.6168
      vertex 6 30.4889 8.08653
      vertex 4.1 30.2659 6.67907
    endloop
  endfacet
  facet normal 0.598646 -0.188304 -0.778566
    outer loop
      vertex 6 30.4889 8.08653
      vertex 4.1 30.5253 6.6168
      vertex 6 30.5018 8.08341
    endloop
  endfacet
  facet normal 0.598816 -0.0628465 -0.798417
    outer loop
      vertex 4.1 30.2659 6.67907
      vertex 6 30.4756 8.08757
      vertex 4.1 30 6.7
    endloop
  endfacet
  facet normal 0.598802 -0.062436 -0.79846
    outer loop
      vertex 6 30.4756 8.08757
      vertex 4.1 30.2659 6.67907
      vertex 6 30.4889 8.08653
    endloop
  endfacet
  facet normal 0.598828 0.418521 0.682821
    outer loop
      vertex 4.1 29.0008 3.62467
      vertex 6 28.1745 2.46485
      vertex 4.1 29.2282 3.48529
    endloop
  endfacet
  facet normal 0.598902 0.420416 0.681592
    outer loop
      vertex 6 28.1745 2.46485
      vertex 4.1 29.0008 3.62467
      vertex 6 28.1632 2.47182
    endloop
  endfacet
  facet normal 0.598799 -0.739917 0.306535
    outer loop
      vertex 4.1 31.5147 4.22822
      vertex 6 32.972 4.03432
      vertex 4.1 31.6168 4.47467
    endloop
  endfacet
  facet normal 0.598827 -0.739981 0.306323
    outer loop
      vertex 6 32.972 4.03432
      vertex 4.1 31.5147 4.22822
      vertex 6 32.9669 4.022
    endloop
  endfacet
  facet normal 0.598816 0.739954 0.306411
    outer loop
      vertex 6 27.0331 4.022
      vertex 6 27.2156 3.58128
      vertex 4.1 28.4853 4.22822
    endloop
  endfacet
  facet normal 0.598646 0.188304 -0.778566
    outer loop
      vertex 4.1 29.4747 6.6168
      vertex 6 29.5111 8.08653
      vertex 6 29.4982 8.08341
    endloop
  endfacet
  facet normal 0.598821 0.186944 -0.778759
    outer loop
      vertex 6 29.5111 8.08653
      vertex 4.1 29.4747 6.6168
      vertex 4.1 29.7341 6.67907
    endloop
  endfacet
  facet normal 0.598828 -0.418521 -0.682821
    outer loop
      vertex 4.1 30.9992 6.37533
      vertex 6 31.8255 7.53515
      vertex 4.1 30.7718 6.51471
    endloop
  endfacet
  facet normal 0.598902 -0.420416 -0.681592
    outer loop
      vertex 6 31.8255 7.53515
      vertex 4.1 30.9992 6.37533
      vertex 6 31.8368 7.52818
    endloop
  endfacet
  facet normal 0.598819 -0.520058 -0.609061
    outer loop
      vertex 4.1 31.2021 6.20208
      vertex 6 31.8368 7.52818
      vertex 4.1 30.9992 6.37533
    endloop
  endfacet
  facet normal 0.599105 -0.518205 -0.610357
    outer loop
      vertex 6 31.8368 7.52818
      vertex 4.1 31.2021 6.20208
      vertex 6 31.847 7.51952
    endloop
  endfacet
  facet normal 0.598811 0.418406 0.682907
    outer loop
      vertex 6 28.1745 2.46485
      vertex 6 28.5813 2.21561
      vertex 4.1 29.2282 3.48529
    endloop
  endfacet
  facet normal 0.598816 0.798421 -0.0627911
    outer loop
      vertex 6 26.9124 5.47556
      vertex 6 26.875 5
      vertex 4.1 28.3 5
    endloop
  endfacet
  facet normal 0.598816 -0.739954 0.306411
    outer loop
      vertex 6 32.7844 3.58128
      vertex 6 32.9669 4.022
      vertex 4.1 31.5147 4.22822
    endloop
  endfacet
  facet normal 0.598816 0.682831 0.418523
    outer loop
      vertex 6 27.2156 3.58128
      vertex 6 27.4649 3.17454
      vertex 4.1 28.4853 4.22822
    endloop
  endfacet
  facet normal 0.598819 0.520058 0.609061
    outer loop
      vertex 4.1 28.7979 3.79792
      vertex 6 28.1632 2.47182
      vertex 4.1 29.0008 3.62467
    endloop
  endfacet
  facet normal 0.599105 0.518205 0.610357
    outer loop
      vertex 6 28.1632 2.47182
      vertex 4.1 28.7979 3.79792
      vertex 6 28.153 2.48048
    endloop
  endfacet
  facet normal 0.598816 -0.682831 0.418523
    outer loop
      vertex 6 32.5351 3.17454
      vertex 6 32.7844 3.58128
      vertex 4.1 31.5147 4.22822
    endloop
  endfacet
  facet normal 0.598916 -0.798087 -0.0660072
    outer loop
      vertex 4.1 31.6791 5.26594
      vertex 6 33.0876 5.47556
      vertex 6 33.0865 5.48886
    endloop
  endfacet
  facet normal 0.598811 -0.798429 -0.0627478
    outer loop
      vertex 6 33.0876 5.47556
      vertex 4.1 31.6791 5.26594
      vertex 4.1 31.7 5
    endloop
  endfacet
  facet normal 0.598809 -0.609011 0.520129
    outer loop
      vertex 6 32.2097 2.79029
      vertex 6 32.5195 3.15303
      vertex 4.1 31.2021 3.79792
    endloop
  endfacet
  facet normal 0.598814 0.0628361 -0.798419
    outer loop
      vertex 6 30 8.125
      vertex 6 29.5244 8.08757
      vertex 4.1 30 6.7
    endloop
  endfacet
  facet normal 0.598809 0.609011 -0.520129
    outer loop
      vertex 6 27.7903 7.20971
      vertex 6 27.4805 6.84697
      vertex 4.1 28.7979 6.20208
    endloop
  endfacet
  facet normal 0.598811 -0.418406 0.682907
    outer loop
      vertex 6 31.4187 2.21561
      vertex 6 31.8255 2.46485
      vertex 4.1 30.7718 3.48529
    endloop
  endfacet
  facet normal 0.598816 0.739954 -0.306411
    outer loop
      vertex 6 27.2156 6.41872
      vertex 6 27.0331 5.978
      vertex 4.1 28.4853 5.77178
    endloop
  endfacet
  facet normal 0.598797 -0.778754 0.18704
    outer loop
      vertex 4.1 31.6168 4.47467
      vertex 6 33.0865 4.51114
      vertex 4.1 31.6791 4.73406
    endloop
  endfacet
  facet normal 0.598909 -0.778878 0.186162
    outer loop
      vertex 6 33.0865 4.51114
      vertex 4.1 31.6168 4.47467
      vertex 6 33.0834 4.49817
    endloop
  endfacet
  facet normal 0.59881 0.306511 -0.739917
    outer loop
      vertex 6 29.022 7.96695
      vertex 6 28.5813 7.78439
      vertex 4.1 29.2282 6.51471
    endloop
  endfacet
  facet normal 0.598812 -0.52017 0.608972
    outer loop
      vertex 6 31.847 2.48048
      vertex 6 32.2097 2.79029
      vertex 4.1 31.2021 3.79792
    endloop
  endfacet
  facet normal 0.598822 0.778777 -0.186866
    outer loop
      vertex 6 27.0279 5.96568
      vertex 6 26.9166 5.50183
      vertex 4.1 28.3832 5.52533
    endloop
  endfacet
  facet normal 0.598135 0.738323 -0.31163
    outer loop
      vertex 6 27.0279 5.96568
      vertex 4.1 28.4853 5.77178
      vertex 6 27.0331 5.978
    endloop
  endfacet
  facet normal 0.598824 0.739899 -0.306528
    outer loop
      vertex 4.1 28.4853 5.77178
      vertex 6 27.0279 5.96568
      vertex 4.1 28.3832 5.52533
    endloop
  endfacet
  facet normal 0.598812 -0.52017 -0.608972
    outer loop
      vertex 6 32.2097 7.20971
      vertex 6 31.847 7.51952
      vertex 4.1 31.2021 6.20208
    endloop
  endfacet
  facet normal 0.59881 -0.306511 -0.739917
    outer loop
      vertex 6 31.4187 7.78439
      vertex 6 30.978 7.96695
      vertex 4.1 30.7718 6.51471
    endloop
  endfacet
  facet normal 0.598827 -0.739981 -0.306323
    outer loop
      vertex 4.1 31.5147 5.77178
      vertex 6 32.972 5.96568
      vertex 6 32.9669 5.978
    endloop
  endfacet
  facet normal 0.598799 -0.739917 -0.306535
    outer loop
      vertex 6 32.972 5.96568
      vertex 4.1 31.5147 5.77178
      vertex 4.1 31.6168 5.52533
    endloop
  endfacet
  facet normal 0.59881 -0.306511 0.739917
    outer loop
      vertex 6 30.978 2.03305
      vertex 6 31.4187 2.21561
      vertex 4.1 30.7718 3.48529
    endloop
  endfacet
  facet normal 0.598909 -0.778878 -0.186162
    outer loop
      vertex 4.1 31.6168 5.52533
      vertex 6 33.0865 5.48886
      vertex 6 33.0834 5.50183
    endloop
  endfacet
  facet normal 0.598797 -0.778754 -0.18704
    outer loop
      vertex 6 33.0865 5.48886
      vertex 4.1 31.6168 5.52533
      vertex 4.1 31.6791 5.26594
    endloop
  endfacet
  facet normal 0.598811 0.418406 -0.682907
    outer loop
      vertex 6 28.5813 7.78439
      vertex 6 28.1745 7.53515
      vertex 4.1 29.2282 6.51471
    endloop
  endfacet
  facet normal 0.59882 -0.30645 -0.739935
    outer loop
      vertex 4.1 30.7718 6.51471
      vertex 6 30.9657 7.97205
      vertex 4.1 30.5253 6.6168
    endloop
  endfacet
  facet normal 0.598778 -0.306762 -0.739839
    outer loop
      vertex 6 30.9657 7.97205
      vertex 4.1 30.7718 6.51471
      vertex 6 30.978 7.96695
    endloop
  endfacet
  facet normal 0.598814 -0.0628361 -0.798419
    outer loop
      vertex 6 30.4756 8.08757
      vertex 6 30 8.125
      vertex 4.1 30 6.7
    endloop
  endfacet
  facet normal 0.598815 -0.186944 -0.778763
    outer loop
      vertex 6 30.9657 7.97205
      vertex 6 30.5018 8.08341
      vertex 4.1 30.5253 6.6168
    endloop
  endfacet
  facet normal 0.598902 0.420416 -0.681592
    outer loop
      vertex 4.1 29.0008 6.37533
      vertex 6 28.1745 7.53515
      vertex 6 28.1632 7.52818
    endloop
  endfacet
  facet normal 0.598828 0.418521 -0.682821
    outer loop
      vertex 6 28.1745 7.53515
      vertex 4.1 29.0008 6.37533
      vertex 4.1 29.2282 6.51471
    endloop
  endfacet
  facet normal 0.598778 -0.306762 0.739839
    outer loop
      vertex 4.1 30.7718 3.48529
      vertex 6 30.9657 2.02795
      vertex 6 30.978 2.03305
    endloop
  endfacet
  facet normal 0.59882 -0.30645 0.739935
    outer loop
      vertex 6 30.9657 2.02795
      vertex 4.1 30.7718 3.48529
      vertex 4.1 30.5253 3.3832
    endloop
  endfacet
  facet normal 0.598816 -0.798421 0.0627911
    outer loop
      vertex 6 33.0876 4.52444
      vertex 6 33.125 5
      vertex 4.1 31.7 5
    endloop
  endfacet
  facet normal 0.598816 -0.798421 -0.0627911
    outer loop
      vertex 6 33.125 5
      vertex 6 33.0876 5.47556
      vertex 4.1 31.7 5
    endloop
  endfacet
  facet normal 0.599105 -0.518205 0.610357
    outer loop
      vertex 4.1 31.2021 3.79792
      vertex 6 31.8368 2.47182
      vertex 6 31.847 2.48048
    endloop
  endfacet
  facet normal 0.598819 -0.520058 0.609061
    outer loop
      vertex 6 31.8368 2.47182
      vertex 4.1 31.2021 3.79792
      vertex 4.1 30.9992 3.62467
    endloop
  endfacet
  facet normal 0.598816 -0.739954 -0.306411
    outer loop
      vertex 6 32.9669 5.978
      vertex 6 32.7844 6.41872
      vertex 4.1 31.5147 5.77178
    endloop
  endfacet
  facet normal 0.598692 -0.684753 -0.415549
    outer loop
      vertex 4.1 31.3753 5.99923
      vertex 6 32.5351 6.82546
      vertex 6 32.5282 6.83683
    endloop
  endfacet
  facet normal 0.598813 -0.682845 -0.418504
    outer loop
      vertex 6 32.5351 6.82546
      vertex 4.1 31.3753 5.99923
      vertex 4.1 31.5147 5.77178
    endloop
  endfacet
  facet normal 0.598902 -0.420416 0.681592
    outer loop
      vertex 4.1 30.9992 3.62467
      vertex 6 31.8255 2.46485
      vertex 6 31.8368 2.47182
    endloop
  endfacet
  facet normal 0.598828 -0.418521 0.682821
    outer loop
      vertex 6 31.8255 2.46485
      vertex 4.1 30.9992 3.62467
      vertex 4.1 30.7718 3.48529
    endloop
  endfacet
  facet normal 0.598815 -0.186944 0.778763
    outer loop
      vertex 6 30.5018 1.91659
      vertex 6 30.9657 2.02795
      vertex 4.1 30.5253 3.3832
    endloop
  endfacet
  facet normal 0.598646 -0.188304 0.778566
    outer loop
      vertex 4.1 30.5253 3.3832
      vertex 6 30.4889 1.91347
      vertex 6 30.5018 1.91659
    endloop
  endfacet
  facet normal 0.598821 -0.186944 0.778759
    outer loop
      vertex 6 30.4889 1.91347
      vertex 4.1 30.5253 3.3832
      vertex 4.1 30.2659 3.32093
    endloop
  endfacet
  facet normal 0 -0.232465 0.972605
    outer loop
      vertex 0 30.5253 188.383
      vertex 4.1 30.2659 188.321
      vertex 4.1 30.5253 188.383
    endloop
  endfacet
  facet normal 0 -0.232465 0.972605
    outer loop
      vertex 4.1 30.2659 188.321
      vertex 0 30.5253 188.383
      vertex 0 30.2659 188.321
    endloop
  endfacet
  facet normal 0 -0.0787319 0.996896
    outer loop
      vertex 0 30.2659 188.321
      vertex 4.1 30 188.3
      vertex 4.1 30.2659 188.321
    endloop
  endfacet
  facet normal 0 -0.0787319 0.996896
    outer loop
      vertex 4.1 30 188.3
      vertex 0 30.2659 188.321
      vertex 0 30 188.3
    endloop
  endfacet
  facet normal 0 -0.382352 0.924017
    outer loop
      vertex 0 30.7718 188.485
      vertex 4.1 30.5253 188.383
      vertex 4.1 30.7718 188.485
    endloop
  endfacet
  facet normal 0 -0.382352 0.924017
    outer loop
      vertex 4.1 30.5253 188.383
      vertex 0 30.7718 188.485
      vertex 0 30.5253 188.383
    endloop
  endfacet
  facet normal 0 0.852148 0.523301
    outer loop
      vertex 4.1 28.6247 189.001
      vertex 0 28.4853 189.228
      vertex 4.1 28.4853 189.228
    endloop
  endfacet
  facet normal 0 0.852148 0.523301
    outer loop
      vertex 0 28.4853 189.228
      vertex 4.1 28.6247 189.001
      vertex 0 28.6247 189.001
    endloop
  endfacet
  facet normal 0 -0.382352 -0.924017
    outer loop
      vertex 0 30.5253 191.617
      vertex 4.1 30.7718 191.515
      vertex 4.1 30.5253 191.617
    endloop
  endfacet
  facet normal -0 -0.382352 -0.924017
    outer loop
      vertex 4.1 30.7718 191.515
      vertex 0 30.5253 191.617
      vertex 0 30.7718 191.515
    endloop
  endfacet
  facet normal 0 0.852148 -0.523301
    outer loop
      vertex 4.1 28.4853 190.772
      vertex 0 28.6247 190.999
      vertex 4.1 28.6247 190.999
    endloop
  endfacet
  facet normal 0 0.852148 -0.523301
    outer loop
      vertex 0 28.6247 190.999
      vertex 4.1 28.4853 190.772
      vertex 0 28.4853 190.772
    endloop
  endfacet
  facet normal -0 0.232465 0.972605
    outer loop
      vertex 0 29.7341 188.321
      vertex 4.1 29.4747 188.383
      vertex 4.1 29.7341 188.321
    endloop
  endfacet
  facet normal 0 0.232465 0.972605
    outer loop
      vertex 4.1 29.4747 188.383
      vertex 0 29.7341 188.321
      vertex 0 29.4747 188.383
    endloop
  endfacet
  facet normal 0 0.924158 0.38201
    outer loop
      vertex 4.1 28.4853 189.228
      vertex 0 28.3832 189.475
      vertex 4.1 28.3832 189.475
    endloop
  endfacet
  facet normal 0 0.924158 0.38201
    outer loop
      vertex 0 28.3832 189.475
      vertex 4.1 28.4853 189.228
      vertex 0 28.4853 189.228
    endloop
  endfacet
  facet normal 0 -0.924158 -0.38201
    outer loop
      vertex 0 31.6168 190.525
      vertex 4.1 31.5147 190.772
      vertex 0 31.5147 190.772
    endloop
  endfacet
  facet normal 0 -0.924158 -0.38201
    outer loop
      vertex 4.1 31.5147 190.772
      vertex 0 31.6168 190.525
      vertex 4.1 31.6168 190.525
    endloop
  endfacet
  facet normal 0 -0.852148 -0.523301
    outer loop
      vertex 0 31.5147 190.772
      vertex 4.1 31.3753 190.999
      vertex 0 31.3753 190.999
    endloop
  endfacet
  facet normal 0 -0.852148 -0.523301
    outer loop
      vertex 4.1 31.3753 190.999
      vertex 0 31.5147 190.772
      vertex 4.1 31.5147 190.772
    endloop
  endfacet
  facet normal 0 -0.972268 -0.23387
    outer loop
      vertex 0 31.6791 190.266
      vertex 4.1 31.6168 190.525
      vertex 0 31.6168 190.525
    endloop
  endfacet
  facet normal 0 -0.972268 -0.23387
    outer loop
      vertex 4.1 31.6168 190.525
      vertex 0 31.6791 190.266
      vertex 4.1 31.6791 190.266
    endloop
  endfacet
  facet normal 0 0.760736 0.649061
    outer loop
      vertex 4.1 28.7979 188.798
      vertex 0 28.6247 189.001
      vertex 4.1 28.6247 189.001
    endloop
  endfacet
  facet normal 0 0.760736 0.649061
    outer loop
      vertex 0 28.6247 189.001
      vertex 4.1 28.7979 188.798
      vertex 0 28.7979 188.798
    endloop
  endfacet
  facet normal 0 -0.996927 -0.07833
    outer loop
      vertex 0 31.7 190
      vertex 4.1 31.6791 190.266
      vertex 0 31.6791 190.266
    endloop
  endfacet
  facet normal 0 -0.996927 -0.07833
    outer loop
      vertex 4.1 31.6791 190.266
      vertex 0 31.7 190
      vertex 4.1 31.7 190
    endloop
  endfacet
  facet normal 0 0.382352 -0.924017
    outer loop
      vertex 0 29.2282 191.515
      vertex 4.1 29.4747 191.617
      vertex 4.1 29.2282 191.515
    endloop
  endfacet
  facet normal 0 0.382352 -0.924017
    outer loop
      vertex 4.1 29.4747 191.617
      vertex 0 29.2282 191.515
      vertex 0 29.4747 191.617
    endloop
  endfacet
  facet normal 0 -0.648813 -0.760948
    outer loop
      vertex 0 30.9992 191.375
      vertex 4.1 31.2021 191.202
      vertex 4.1 30.9992 191.375
    endloop
  endfacet
  facet normal -0 -0.648813 -0.760948
    outer loop
      vertex 4.1 31.2021 191.202
      vertex 0 30.9992 191.375
      vertex 0 31.2021 191.202
    endloop
  endfacet
  facet normal 0 0.972268 -0.23387
    outer loop
      vertex 4.1 28.3209 190.266
      vertex 0 28.3832 190.525
      vertex 4.1 28.3832 190.525
    endloop
  endfacet
  facet normal 0 0.972268 -0.23387
    outer loop
      vertex 0 28.3832 190.525
      vertex 4.1 28.3209 190.266
      vertex 0 28.3209 190.266
    endloop
  endfacet
  facet normal -0 0.382352 0.924017
    outer loop
      vertex 0 29.4747 188.383
      vertex 4.1 29.2282 188.485
      vertex 4.1 29.4747 188.383
    endloop
  endfacet
  facet normal 0 0.382352 0.924017
    outer loop
      vertex 4.1 29.2282 188.485
      vertex 0 29.4747 188.383
      vertex 0 29.2282 188.485
    endloop
  endfacet
  facet normal 0 0.648813 -0.760948
    outer loop
      vertex 0 28.7979 191.202
      vertex 4.1 29.0008 191.375
      vertex 4.1 28.7979 191.202
    endloop
  endfacet
  facet normal 0 0.648813 -0.760948
    outer loop
      vertex 4.1 29.0008 191.375
      vertex 0 28.7979 191.202
      vertex 0 29.0008 191.375
    endloop
  endfacet
  facet normal 0 -0.760736 -0.649061
    outer loop
      vertex 0 31.3753 190.999
      vertex 4.1 31.2021 191.202
      vertex 0 31.2021 191.202
    endloop
  endfacet
  facet normal 0 -0.760736 -0.649061
    outer loop
      vertex 4.1 31.2021 191.202
      vertex 0 31.3753 190.999
      vertex 4.1 31.3753 190.999
    endloop
  endfacet
  facet normal 0 0.996927 0.07833
    outer loop
      vertex 4.1 28.3209 189.734
      vertex 0 28.3 190
      vertex 4.1 28.3 190
    endloop
  endfacet
  facet normal 0 0.996927 0.07833
    outer loop
      vertex 0 28.3 190
      vertex 4.1 28.3209 189.734
      vertex 0 28.3209 189.734
    endloop
  endfacet
  facet normal -0 0.524265 0.851555
    outer loop
      vertex 0 29.2282 188.485
      vertex 4.1 29.0008 188.625
      vertex 4.1 29.2282 188.485
    endloop
  endfacet
  facet normal 0 0.524265 0.851555
    outer loop
      vertex 4.1 29.0008 188.625
      vertex 0 29.2282 188.485
      vertex 0 29.0008 188.625
    endloop
  endfacet
  facet normal 0 -0.524265 0.851555
    outer loop
      vertex 0 30.9992 188.625
      vertex 4.1 30.7718 188.485
      vertex 4.1 30.9992 188.625
    endloop
  endfacet
  facet normal 0 -0.524265 0.851555
    outer loop
      vertex 4.1 30.7718 188.485
      vertex 0 30.9992 188.625
      vertex 0 30.7718 188.485
    endloop
  endfacet
  facet normal -0 0.0787319 0.996896
    outer loop
      vertex 0 30 188.3
      vertex 4.1 29.7341 188.321
      vertex 4.1 30 188.3
    endloop
  endfacet
  facet normal 0 0.0787319 0.996896
    outer loop
      vertex 4.1 29.7341 188.321
      vertex 0 30 188.3
      vertex 0 29.7341 188.321
    endloop
  endfacet
  facet normal 0 0.232465 -0.972605
    outer loop
      vertex 0 29.4747 191.617
      vertex 4.1 29.7341 191.679
      vertex 4.1 29.4747 191.617
    endloop
  endfacet
  facet normal 0 0.232465 -0.972605
    outer loop
      vertex 4.1 29.7341 191.679
      vertex 0 29.4747 191.617
      vertex 0 29.7341 191.679
    endloop
  endfacet
  facet normal 0 -0.852148 0.523301
    outer loop
      vertex 0 31.3753 189.001
      vertex 4.1 31.5147 189.228
      vertex 0 31.5147 189.228
    endloop
  endfacet
  facet normal 0 -0.852148 0.523301
    outer loop
      vertex 4.1 31.5147 189.228
      vertex 0 31.3753 189.001
      vertex 4.1 31.3753 189.001
    endloop
  endfacet
  facet normal 0 -0.648813 0.760948
    outer loop
      vertex 0 31.2021 188.798
      vertex 4.1 30.9992 188.625
      vertex 4.1 31.2021 188.798
    endloop
  endfacet
  facet normal 0 -0.648813 0.760948
    outer loop
      vertex 4.1 30.9992 188.625
      vertex 0 31.2021 188.798
      vertex 0 30.9992 188.625
    endloop
  endfacet
  facet normal 0 -0.0787319 -0.996896
    outer loop
      vertex 0 30 191.7
      vertex 4.1 30.2659 191.679
      vertex 4.1 30 191.7
    endloop
  endfacet
  facet normal -0 -0.0787319 -0.996896
    outer loop
      vertex 4.1 30.2659 191.679
      vertex 0 30 191.7
      vertex 0 30.2659 191.679
    endloop
  endfacet
  facet normal 0 -0.760736 0.649061
    outer loop
      vertex 0 31.2021 188.798
      vertex 4.1 31.3753 189.001
      vertex 0 31.3753 189.001
    endloop
  endfacet
  facet normal 0 -0.760736 0.649061
    outer loop
      vertex 4.1 31.3753 189.001
      vertex 0 31.2021 188.798
      vertex 4.1 31.2021 188.798
    endloop
  endfacet
  facet normal 0 0.972268 0.23387
    outer loop
      vertex 4.1 28.3832 189.475
      vertex 0 28.3209 189.734
      vertex 4.1 28.3209 189.734
    endloop
  endfacet
  facet normal 0 0.972268 0.23387
    outer loop
      vertex 0 28.3209 189.734
      vertex 4.1 28.3832 189.475
      vertex 0 28.3832 189.475
    endloop
  endfacet
  facet normal 0 0.524265 -0.851555
    outer loop
      vertex 0 29.0008 191.375
      vertex 4.1 29.2282 191.515
      vertex 4.1 29.0008 191.375
    endloop
  endfacet
  facet normal 0 0.524265 -0.851555
    outer loop
      vertex 4.1 29.2282 191.515
      vertex 0 29.0008 191.375
      vertex 0 29.2282 191.515
    endloop
  endfacet
  facet normal 0 0.760736 -0.649061
    outer loop
      vertex 4.1 28.6247 190.999
      vertex 0 28.7979 191.202
      vertex 4.1 28.7979 191.202
    endloop
  endfacet
  facet normal 0 0.760736 -0.649061
    outer loop
      vertex 0 28.7979 191.202
      vertex 4.1 28.6247 190.999
      vertex 0 28.6247 190.999
    endloop
  endfacet
  facet normal -0 0.648813 0.760948
    outer loop
      vertex 0 29.0008 188.625
      vertex 4.1 28.7979 188.798
      vertex 4.1 29.0008 188.625
    endloop
  endfacet
  facet normal 0 0.648813 0.760948
    outer loop
      vertex 4.1 28.7979 188.798
      vertex 0 29.0008 188.625
      vertex 0 28.7979 188.798
    endloop
  endfacet
  facet normal 0 -0.524265 -0.851555
    outer loop
      vertex 0 30.7718 191.515
      vertex 4.1 30.9992 191.375
      vertex 4.1 30.7718 191.515
    endloop
  endfacet
  facet normal -0 -0.524265 -0.851555
    outer loop
      vertex 4.1 30.9992 191.375
      vertex 0 30.7718 191.515
      vertex 0 30.9992 191.375
    endloop
  endfacet
  facet normal 0 0.0787319 -0.996896
    outer loop
      vertex 0 29.7341 191.679
      vertex 4.1 30 191.7
      vertex 4.1 29.7341 191.679
    endloop
  endfacet
  facet normal 0 0.0787319 -0.996896
    outer loop
      vertex 4.1 30 191.7
      vertex 0 29.7341 191.679
      vertex 0 30 191.7
    endloop
  endfacet
  facet normal 0 0.924158 -0.38201
    outer loop
      vertex 4.1 28.3832 190.525
      vertex 0 28.4853 190.772
      vertex 4.1 28.4853 190.772
    endloop
  endfacet
  facet normal 0 0.924158 -0.38201
    outer loop
      vertex 0 28.4853 190.772
      vertex 4.1 28.3832 190.525
      vertex 0 28.3832 190.525
    endloop
  endfacet
  facet normal 0 -0.924158 0.38201
    outer loop
      vertex 0 31.5147 189.228
      vertex 4.1 31.6168 189.475
      vertex 0 31.6168 189.475
    endloop
  endfacet
  facet normal 0 -0.924158 0.38201
    outer loop
      vertex 4.1 31.6168 189.475
      vertex 0 31.5147 189.228
      vertex 4.1 31.5147 189.228
    endloop
  endfacet
  facet normal 0 -0.972268 0.23387
    outer loop
      vertex 0 31.6168 189.475
      vertex 4.1 31.6791 189.734
      vertex 0 31.6791 189.734
    endloop
  endfacet
  facet normal 0 -0.972268 0.23387
    outer loop
      vertex 4.1 31.6791 189.734
      vertex 0 31.6168 189.475
      vertex 4.1 31.6168 189.475
    endloop
  endfacet
  facet normal 0 -0.996927 0.07833
    outer loop
      vertex 0 31.6791 189.734
      vertex 4.1 31.7 190
      vertex 0 31.7 190
    endloop
  endfacet
  facet normal 0 -0.996927 0.07833
    outer loop
      vertex 4.1 31.7 190
      vertex 0 31.6791 189.734
      vertex 4.1 31.6791 189.734
    endloop
  endfacet
  facet normal 0 -0.232465 -0.972605
    outer loop
      vertex 0 30.2659 191.679
      vertex 4.1 30.5253 191.617
      vertex 4.1 30.2659 191.679
    endloop
  endfacet
  facet normal -0 -0.232465 -0.972605
    outer loop
      vertex 4.1 30.5253 191.617
      vertex 0 30.2659 191.679
      vertex 0 30.5253 191.617
    endloop
  endfacet
  facet normal 0 0.996927 -0.07833
    outer loop
      vertex 4.1 28.3 190
      vertex 0 28.3209 190.266
      vertex 4.1 28.3209 190.266
    endloop
  endfacet
  facet normal 0 0.996927 -0.07833
    outer loop
      vertex 0 28.3209 190.266
      vertex 4.1 28.3 190
      vertex 0 28.3 190
    endloop
  endfacet
  facet normal 0.598957 0.063047 0.798295
    outer loop
      vertex 4.1 29.7341 188.321
      vertex 6 29.5244 186.912
      vertex 4.1 30 188.3
    endloop
  endfacet
  facet normal 0.598855 0.0600454 0.798604
    outer loop
      vertex 6 29.5244 186.912
      vertex 4.1 29.7341 188.321
      vertex 6 29.5111 186.913
    endloop
  endfacet
  facet normal 0.598897 0.520313 0.608766
    outer loop
      vertex 6 27.7903 187.79
      vertex 6 28.153 187.48
      vertex 4.1 28.7979 188.798
    endloop
  endfacet
  facet normal 0.598666 0.307182 0.739755
    outer loop
      vertex 6 28.5813 187.216
      vertex 6 29.022 187.033
      vertex 4.1 29.2282 188.485
    endloop
  endfacet
  facet normal 0.598841 -0.062117 0.798455
    outer loop
      vertex 6 30 186.875
      vertex 6 30.4756 186.912
      vertex 4.1 30 188.3
    endloop
  endfacet
  facet normal 0.598855 -0.0600454 0.798604
    outer loop
      vertex 4.1 30.2659 188.321
      vertex 6 30.4756 186.912
      vertex 6 30.4889 186.913
    endloop
  endfacet
  facet normal 0.598957 -0.063047 0.798295
    outer loop
      vertex 6 30.4756 186.912
      vertex 4.1 30.2659 188.321
      vertex 4.1 30 188.3
    endloop
  endfacet
  facet normal 0.598818 0.798424 0.0627333
    outer loop
      vertex 6 26.9124 189.524
      vertex 4.1 28.3209 189.734
      vertex 4.1 28.3 190
    endloop
  endfacet
  facet normal 0.598972 0.797919 0.0675162
    outer loop
      vertex 4.1 28.3209 189.734
      vertex 6 26.9124 189.524
      vertex 6 26.9135 189.511
    endloop
  endfacet
  facet normal 0.598855 0.0600454 -0.798604
    outer loop
      vertex 4.1 29.7341 191.679
      vertex 6 29.5244 193.088
      vertex 6 29.5111 193.087
    endloop
  endfacet
  facet normal 0.598957 0.063047 -0.798295
    outer loop
      vertex 6 29.5244 193.088
      vertex 4.1 29.7341 191.679
      vertex 4.1 30 191.7
    endloop
  endfacet
  facet normal 0.597885 0.694896 -0.399565
    outer loop
      vertex 6 27.4649 191.825
      vertex 4.1 28.6247 190.999
      vertex 6 27.4718 191.837
    endloop
  endfacet
  facet normal 0.598804 0.682482 -0.41911
    outer loop
      vertex 4.1 28.6247 190.999
      vertex 6 27.4649 191.825
      vertex 4.1 28.4853 190.772
    endloop
  endfacet
  facet normal 0.598972 0.797919 -0.0675162
    outer loop
      vertex 6 26.9124 190.476
      vertex 4.1 28.3209 190.266
      vertex 6 26.9135 190.489
    endloop
  endfacet
  facet normal 0.598818 0.798424 -0.0627333
    outer loop
      vertex 4.1 28.3209 190.266
      vertex 6 26.9124 190.476
      vertex 4.1 28.3 190
    endloop
  endfacet
  facet normal 0.598804 -0.682482 0.41911
    outer loop
      vertex 4.1 31.3753 189.001
      vertex 6 32.5351 188.175
      vertex 4.1 31.5147 189.228
    endloop
  endfacet
  facet normal 0.597885 -0.694896 0.399565
    outer loop
      vertex 6 32.5351 188.175
      vertex 4.1 31.3753 189.001
      vertex 6 32.5282 188.163
    endloop
  endfacet
  facet normal 0.598911 0.609209 0.519778
    outer loop
      vertex 6 27.4718 188.163
      vertex 4.1 28.7979 188.798
      vertex 4.1 28.6247 189.001
    endloop
  endfacet
  facet normal 0.597908 0.604735 0.526119
    outer loop
      vertex 4.1 28.7979 188.798
      vertex 6 27.4718 188.163
      vertex 6 27.4805 188.153
    endloop
  endfacet
  facet normal 0.598897 0.520313 -0.608766
    outer loop
      vertex 6 28.153 192.52
      vertex 6 27.7903 192.21
      vertex 4.1 28.7979 191.202
    endloop
  endfacet
  facet normal 0.598863 0.609164 0.519887
    outer loop
      vertex 6 27.4805 188.153
      vertex 6 27.7903 187.79
      vertex 4.1 28.7979 188.798
    endloop
  endfacet
  facet normal 0.598861 0.778762 0.186802
    outer loop
      vertex 6 26.9166 189.498
      vertex 6 27.0279 189.034
      vertex 4.1 28.3832 189.475
    endloop
  endfacet
  facet normal 0.599396 0.301434 -0.741527
    outer loop
      vertex 4.1 29.2282 191.515
      vertex 6 29.0343 192.972
      vertex 6 29.022 192.967
    endloop
  endfacet
  facet normal 0.598767 0.306235 -0.740067
    outer loop
      vertex 6 29.0343 192.972
      vertex 4.1 29.2282 191.515
      vertex 4.1 29.4747 191.617
    endloop
  endfacet
  facet normal 0.598727 0.186387 -0.778964
    outer loop
      vertex 6 29.4982 193.083
      vertex 6 29.0343 192.972
      vertex 4.1 29.4747 191.617
    endloop
  endfacet
  facet normal 0.598804 0.682482 0.41911
    outer loop
      vertex 6 27.4649 188.175
      vertex 4.1 28.6247 189.001
      vertex 4.1 28.4853 189.228
    endloop
  endfacet
  facet normal 0.597885 0.694896 0.399565
    outer loop
      vertex 4.1 28.6247 189.001
      vertex 6 27.4649 188.175
      vertex 6 27.4718 188.163
    endloop
  endfacet
  facet normal 0.597908 -0.604735 -0.526119
    outer loop
      vertex 4.1 31.2021 191.202
      vertex 6 32.5282 191.837
      vertex 6 32.5195 191.847
    endloop
  endfacet
  facet normal 0.598911 -0.609209 -0.519778
    outer loop
      vertex 6 32.5282 191.837
      vertex 4.1 31.2021 191.202
      vertex 4.1 31.3753 190.999
    endloop
  endfacet
  facet normal 0.598863 -0.609164 -0.519887
    outer loop
      vertex 6 32.5195 191.847
      vertex 6 32.2097 192.21
      vertex 4.1 31.2021 191.202
    endloop
  endfacet
  facet normal 0.598818 0.798424 0.0627333
    outer loop
      vertex 6 26.875 190
      vertex 6 26.9124 189.524
      vertex 4.1 28.3 190
    endloop
  endfacet
  facet normal 0.598727 0.186387 0.778964
    outer loop
      vertex 6 29.0343 187.028
      vertex 6 29.4982 186.917
      vertex 4.1 29.4747 188.383
    endloop
  endfacet
  facet normal 0.598841 0.062117 0.798455
    outer loop
      vertex 6 29.5244 186.912
      vertex 6 30 186.875
      vertex 4.1 30 188.3
    endloop
  endfacet
  facet normal 0.5988 0.682502 -0.419083
    outer loop
      vertex 6 27.4649 191.825
      vertex 6 27.2156 191.419
      vertex 4.1 28.4853 190.772
    endloop
  endfacet
  facet normal 0.598992 0.778915 0.185741
    outer loop
      vertex 4.1 28.3832 189.475
      vertex 6 26.9135 189.511
      vertex 6 26.9166 189.498
    endloop
  endfacet
  facet normal 0.598791 0.778694 0.187308
    outer loop
      vertex 6 26.9135 189.511
      vertex 4.1 28.3832 189.475
      vertex 4.1 28.3209 189.734
    endloop
  endfacet
  facet normal 0.598992 0.778915 -0.185741
    outer loop
      vertex 6 26.9135 190.489
      vertex 4.1 28.3832 190.525
      vertex 6 26.9166 190.502
    endloop
  endfacet
  facet normal 0.598791 0.778694 -0.187308
    outer loop
      vertex 4.1 28.3832 190.525
      vertex 6 26.9135 190.489
      vertex 4.1 28.3209 190.266
    endloop
  endfacet
  facet normal 0.602702 0.492457 -0.627882
    outer loop
      vertex 4.1 28.7979 191.202
      vertex 6 28.1632 192.528
      vertex 6 28.153 192.52
    endloop
  endfacet
  facet normal 0.598871 0.519598 -0.609402
    outer loop
      vertex 6 28.1632 192.528
      vertex 4.1 28.7979 191.202
      vertex 4.1 29.0008 191.375
    endloop
  endfacet
  facet normal 0.5988 -0.682502 -0.419083
    outer loop
      vertex 6 32.7844 191.419
      vertex 6 32.5351 191.825
      vertex 4.1 31.5147 190.772
    endloop
  endfacet
  facet normal 0.598667 -0.41817 -0.683178
    outer loop
      vertex 6 31.8255 192.535
      vertex 6 31.4187 192.784
      vertex 4.1 30.7718 191.515
    endloop
  endfacet
  facet normal 0.598993 0.186148 0.778818
    outer loop
      vertex 4.1 29.4747 188.383
      vertex 6 29.5111 186.913
      vertex 4.1 29.7341 188.321
    endloop
  endfacet
  facet normal 0.591346 0.238834 0.770239
    outer loop
      vertex 6 29.5111 186.913
      vertex 4.1 29.4747 188.383
      vertex 6 29.4982 186.917
    endloop
  endfacet
  facet normal 0.598767 0.306235 0.740067
    outer loop
      vertex 4.1 29.2282 188.485
      vertex 6 29.0343 187.028
      vertex 4.1 29.4747 188.383
    endloop
  endfacet
  facet normal 0.599396 0.301434 0.741527
    outer loop
      vertex 6 29.0343 187.028
      vertex 4.1 29.2282 188.485
      vertex 6 29.022 187.033
    endloop
  endfacet
  facet normal 0.598818 -0.798424 0.0627333
    outer loop
      vertex 4.1 31.6791 189.734
      vertex 6 33.0876 189.524
      vertex 4.1 31.7 190
    endloop
  endfacet
  facet normal 0.598972 -0.797919 0.0675162
    outer loop
      vertex 6 33.0876 189.524
      vertex 4.1 31.6791 189.734
      vertex 6 33.0865 189.511
    endloop
  endfacet
  facet normal 0.598911 -0.609209 0.519778
    outer loop
      vertex 4.1 31.2021 188.798
      vertex 6 32.5282 188.163
      vertex 4.1 31.3753 189.001
    endloop
  endfacet
  facet normal 0.597908 -0.604735 0.526119
    outer loop
      vertex 6 32.5282 188.163
      vertex 4.1 31.2021 188.798
      vertex 6 32.5195 188.153
    endloop
  endfacet
  facet normal 0.598841 -0.778739 0.186964
    outer loop
      vertex 6 32.972 189.034
      vertex 6 33.0834 189.498
      vertex 4.1 31.6168 189.475
    endloop
  endfacet
  facet normal 0.598841 -0.778739 -0.186964
    outer loop
      vertex 6 33.0834 190.502
      vertex 6 32.972 190.966
      vertex 4.1 31.6168 190.525
    endloop
  endfacet
  facet normal 0.597908 0.604735 -0.526119
    outer loop
      vertex 6 27.4718 191.837
      vertex 4.1 28.7979 191.202
      vertex 6 27.4805 191.847
    endloop
  endfacet
  facet normal 0.598911 0.609209 -0.519778
    outer loop
      vertex 4.1 28.7979 191.202
      vertex 6 27.4718 191.837
      vertex 4.1 28.6247 190.999
    endloop
  endfacet
  facet normal 0.598915 0.740078 0.305919
    outer loop
      vertex 6 27.0279 189.034
      vertex 4.1 28.4853 189.228
      vertex 4.1 28.3832 189.475
    endloop
  endfacet
  facet normal 0.597127 0.736014 0.318939
    outer loop
      vertex 4.1 28.4853 189.228
      vertex 6 27.0279 189.034
      vertex 6 27.0331 189.022
    endloop
  endfacet
  facet normal 0.598993 -0.186148 -0.778818
    outer loop
      vertex 4.1 30.5253 191.617
      vertex 6 30.4889 193.087
      vertex 4.1 30.2659 191.679
    endloop
  endfacet
  facet normal 0.591346 -0.238834 -0.770239
    outer loop
      vertex 6 30.4889 193.087
      vertex 4.1 30.5253 191.617
      vertex 6 30.5018 193.083
    endloop
  endfacet
  facet normal 0.598957 -0.063047 -0.798295
    outer loop
      vertex 4.1 30.2659 191.679
      vertex 6 30.4756 193.088
      vertex 4.1 30 191.7
    endloop
  endfacet
  facet normal 0.598855 -0.0600454 -0.798604
    outer loop
      vertex 6 30.4756 193.088
      vertex 4.1 30.2659 191.679
      vertex 6 30.4889 193.087
    endloop
  endfacet
  facet normal 0.598922 0.419835 0.681932
    outer loop
      vertex 4.1 29.0008 188.625
      vertex 6 28.1745 187.465
      vertex 4.1 29.2282 188.485
    endloop
  endfacet
  facet normal 0.598991 0.421689 0.680726
    outer loop
      vertex 6 28.1745 187.465
      vertex 4.1 29.0008 188.625
      vertex 6 28.1632 187.472
    endloop
  endfacet
  facet normal 0.59889 -0.740095 0.305926
    outer loop
      vertex 4.1 31.5147 189.228
      vertex 6 32.972 189.034
      vertex 4.1 31.6168 189.475
    endloop
  endfacet
  facet normal 0.597859 -0.737738 0.313539
    outer loop
      vertex 6 32.972 189.034
      vertex 4.1 31.5147 189.228
      vertex 6 32.9669 189.022
    endloop
  endfacet
  facet normal 0.598815 0.740023 0.306245
    outer loop
      vertex 6 27.0331 189.022
      vertex 6 27.2156 188.581
      vertex 4.1 28.4853 189.228
    endloop
  endfacet
  facet normal 0.591346 0.238834 -0.770239
    outer loop
      vertex 4.1 29.4747 191.617
      vertex 6 29.5111 193.087
      vertex 6 29.4982 193.083
    endloop
  endfacet
  facet normal 0.598993 0.186148 -0.778818
    outer loop
      vertex 6 29.5111 193.087
      vertex 4.1 29.4747 191.617
      vertex 4.1 29.7341 191.679
    endloop
  endfacet
  facet normal 0.598922 -0.419835 -0.681932
    outer loop
      vertex 4.1 30.9992 191.375
      vertex 6 31.8255 192.535
      vertex 4.1 30.7718 191.515
    endloop
  endfacet
  facet normal 0.598991 -0.421689 -0.680726
    outer loop
      vertex 6 31.8255 192.535
      vertex 4.1 30.9992 191.375
      vertex 6 31.8368 192.528
    endloop
  endfacet
  facet normal 0.598871 -0.519598 -0.609402
    outer loop
      vertex 4.1 31.2021 191.202
      vertex 6 31.8368 192.528
      vertex 4.1 30.9992 191.375
    endloop
  endfacet
  facet normal 0.602702 -0.492457 -0.627882
    outer loop
      vertex 6 31.8368 192.528
      vertex 4.1 31.2021 191.202
      vertex 6 31.847 192.52
    endloop
  endfacet
  facet normal 0.598667 0.41817 0.683178
    outer loop
      vertex 6 28.1745 187.465
      vertex 6 28.5813 187.216
      vertex 4.1 29.2282 188.485
    endloop
  endfacet
  facet normal 0.598818 0.798424 -0.0627333
    outer loop
      vertex 6 26.9124 190.476
      vertex 6 26.875 190
      vertex 4.1 28.3 190
    endloop
  endfacet
  facet normal 0.598815 -0.740023 0.306245
    outer loop
      vertex 6 32.7844 188.581
      vertex 6 32.9669 189.022
      vertex 4.1 31.5147 189.228
    endloop
  endfacet
  facet normal 0.5988 0.682502 0.419083
    outer loop
      vertex 6 27.2156 188.581
      vertex 6 27.4649 188.175
      vertex 4.1 28.4853 189.228
    endloop
  endfacet
  facet normal 0.598871 0.519598 0.609402
    outer loop
      vertex 4.1 28.7979 188.798
      vertex 6 28.1632 187.472
      vertex 4.1 29.0008 188.625
    endloop
  endfacet
  facet normal 0.602702 0.492457 0.627882
    outer loop
      vertex 6 28.1632 187.472
      vertex 4.1 28.7979 188.798
      vertex 6 28.153 187.48
    endloop
  endfacet
  facet normal 0.5988 -0.682502 0.419083
    outer loop
      vertex 6 32.5351 188.175
      vertex 6 32.7844 188.581
      vertex 4.1 31.5147 189.228
    endloop
  endfacet
  facet normal 0.598972 -0.797919 -0.0675162
    outer loop
      vertex 4.1 31.6791 190.266
      vertex 6 33.0876 190.476
      vertex 6 33.0865 190.489
    endloop
  endfacet
  facet normal 0.598818 -0.798424 -0.0627333
    outer loop
      vertex 6 33.0876 190.476
      vertex 4.1 31.6791 190.266
      vertex 4.1 31.7 190
    endloop
  endfacet
  facet normal 0.598863 -0.609164 0.519887
    outer loop
      vertex 6 32.2097 187.79
      vertex 6 32.5195 188.153
      vertex 4.1 31.2021 188.798
    endloop
  endfacet
  facet normal 0.598841 0.062117 -0.798455
    outer loop
      vertex 6 30 193.125
      vertex 6 29.5244 193.088
      vertex 4.1 30 191.7
    endloop
  endfacet
  facet normal 0.598863 0.609164 -0.519887
    outer loop
      vertex 6 27.7903 192.21
      vertex 6 27.4805 191.847
      vertex 4.1 28.7979 191.202
    endloop
  endfacet
  facet normal 0.598667 -0.41817 0.683178
    outer loop
      vertex 6 31.4187 187.216
      vertex 6 31.8255 187.465
      vertex 4.1 30.7718 188.485
    endloop
  endfacet
  facet normal 0.598815 0.740023 -0.306245
    outer loop
      vertex 6 27.2156 191.419
      vertex 6 27.0331 190.978
      vertex 4.1 28.4853 190.772
    endloop
  endfacet
  facet normal 0.598791 -0.778694 0.187308
    outer loop
      vertex 4.1 31.6168 189.475
      vertex 6 33.0865 189.511
      vertex 4.1 31.6791 189.734
    endloop
  endfacet
  facet normal 0.598992 -0.778915 0.185741
    outer loop
      vertex 6 33.0865 189.511
      vertex 4.1 31.6168 189.475
      vertex 6 33.0834 189.498
    endloop
  endfacet
  facet normal 0.598666 0.307182 -0.739755
    outer loop
      vertex 6 29.022 192.967
      vertex 6 28.5813 192.784
      vertex 4.1 29.2282 191.515
    endloop
  endfacet
  facet normal 0.598897 -0.520313 0.608766
    outer loop
      vertex 6 31.847 187.48
      vertex 6 32.2097 187.79
      vertex 4.1 31.2021 188.798
    endloop
  endfacet
  facet normal 0.598861 0.778762 -0.186802
    outer loop
      vertex 6 27.0279 190.966
      vertex 6 26.9166 190.502
      vertex 4.1 28.3832 190.525
    endloop
  endfacet
  facet normal 0.597127 0.736014 -0.318939
    outer loop
      vertex 6 27.0279 190.966
      vertex 4.1 28.4853 190.772
      vertex 6 27.0331 190.978
    endloop
  endfacet
  facet normal 0.598915 0.740078 -0.305919
    outer loop
      vertex 4.1 28.4853 190.772
      vertex 6 27.0279 190.966
      vertex 4.1 28.3832 190.525
    endloop
  endfacet
  facet normal 0.598897 -0.520313 -0.608766
    outer loop
      vertex 6 32.2097 192.21
      vertex 6 31.847 192.52
      vertex 4.1 31.2021 191.202
    endloop
  endfacet
  facet normal 0.598666 -0.307182 -0.739755
    outer loop
      vertex 6 31.4187 192.784
      vertex 6 30.978 192.967
      vertex 4.1 30.7718 191.515
    endloop
  endfacet
  facet normal 0.597859 -0.737738 -0.313539
    outer loop
      vertex 4.1 31.5147 190.772
      vertex 6 32.972 190.966
      vertex 6 32.9669 190.978
    endloop
  endfacet
  facet normal 0.59889 -0.740095 -0.305926
    outer loop
      vertex 6 32.972 190.966
      vertex 4.1 31.5147 190.772
      vertex 4.1 31.6168 190.525
    endloop
  endfacet
  facet normal 0.598666 -0.307182 0.739755
    outer loop
      vertex 6 30.978 187.033
      vertex 6 31.4187 187.216
      vertex 4.1 30.7718 188.485
    endloop
  endfacet
  facet normal 0.598992 -0.778915 -0.185741
    outer loop
      vertex 4.1 31.6168 190.525
      vertex 6 33.0865 190.489
      vertex 6 33.0834 190.502
    endloop
  endfacet
  facet normal 0.598791 -0.778694 -0.187308
    outer loop
      vertex 6 33.0865 190.489
      vertex 4.1 31.6168 190.525
      vertex 4.1 31.6791 190.266
    endloop
  endfacet
  facet normal 0.598667 0.41817 -0.683178
    outer loop
      vertex 6 28.5813 192.784
      vertex 6 28.1745 192.535
      vertex 4.1 29.2282 191.515
    endloop
  endfacet
  facet normal 0.598767 -0.306235 -0.740067
    outer loop
      vertex 4.1 30.7718 191.515
      vertex 6 30.9657 192.972
      vertex 4.1 30.5253 191.617
    endloop
  endfacet
  facet normal 0.599396 -0.301434 -0.741527
    outer loop
      vertex 6 30.9657 192.972
      vertex 4.1 30.7718 191.515
      vertex 6 30.978 192.967
    endloop
  endfacet
  facet normal 0.598841 -0.062117 -0.798455
    outer loop
      vertex 6 30.4756 193.088
      vertex 6 30 193.125
      vertex 4.1 30 191.7
    endloop
  endfacet
  facet normal 0.598727 -0.186387 -0.778964
    outer loop
      vertex 6 30.9657 192.972
      vertex 6 30.5018 193.083
      vertex 4.1 30.5253 191.617
    endloop
  endfacet
  facet normal 0.598991 0.421689 -0.680726
    outer loop
      vertex 4.1 29.0008 191.375
      vertex 6 28.1745 192.535
      vertex 6 28.1632 192.528
    endloop
  endfacet
  facet normal 0.598922 0.419835 -0.681932
    outer loop
      vertex 6 28.1745 192.535
      vertex 4.1 29.0008 191.375
      vertex 4.1 29.2282 191.515
    endloop
  endfacet
  facet normal 0.599396 -0.301434 0.741527
    outer loop
      vertex 4.1 30.7718 188.485
      vertex 6 30.9657 187.028
      vertex 6 30.978 187.033
    endloop
  endfacet
  facet normal 0.598767 -0.306235 0.740067
    outer loop
      vertex 6 30.9657 187.028
      vertex 4.1 30.7718 188.485
      vertex 4.1 30.5253 188.383
    endloop
  endfacet
  facet normal 0.598818 -0.798424 0.0627333
    outer loop
      vertex 6 33.0876 189.524
      vertex 6 33.125 190
      vertex 4.1 31.7 190
    endloop
  endfacet
  facet normal 0.598818 -0.798424 -0.0627333
    outer loop
      vertex 6 33.125 190
      vertex 6 33.0876 190.476
      vertex 4.1 31.7 190
    endloop
  endfacet
  facet normal 0.602702 -0.492457 0.627882
    outer loop
      vertex 4.1 31.2021 188.798
      vertex 6 31.8368 187.472
      vertex 6 31.847 187.48
    endloop
  endfacet
  facet normal 0.598871 -0.519598 0.609402
    outer loop
      vertex 6 31.8368 187.472
      vertex 4.1 31.2021 188.798
      vertex 4.1 30.9992 188.625
    endloop
  endfacet
  facet normal 0.598815 -0.740023 -0.306245
    outer loop
      vertex 6 32.9669 190.978
      vertex 6 32.7844 191.419
      vertex 4.1 31.5147 190.772
    endloop
  endfacet
  facet normal 0.597885 -0.694896 -0.399565
    outer loop
      vertex 4.1 31.3753 190.999
      vertex 6 32.5351 191.825
      vertex 6 32.5282 191.837
    endloop
  endfacet
  facet normal 0.598804 -0.682482 -0.41911
    outer loop
      vertex 6 32.5351 191.825
      vertex 4.1 31.3753 190.999
      vertex 4.1 31.5147 190.772
    endloop
  endfacet
  facet normal 0.598991 -0.421689 0.680726
    outer loop
      vertex 4.1 30.9992 188.625
      vertex 6 31.8255 187.465
      vertex 6 31.8368 187.472
    endloop
  endfacet
  facet normal 0.598922 -0.419835 0.681932
    outer loop
      vertex 6 31.8255 187.465
      vertex 4.1 30.9992 188.625
      vertex 4.1 30.7718 188.485
    endloop
  endfacet
  facet normal 0.598727 -0.186387 0.778964
    outer loop
      vertex 6 30.5018 186.917
      vertex 6 30.9657 187.028
      vertex 4.1 30.5253 188.383
    endloop
  endfacet
  facet normal 0.591346 -0.238834 0.770239
    outer loop
      vertex 4.1 30.5253 188.383
      vertex 6 30.4889 186.913
      vertex 6 30.5018 186.917
    endloop
  endfacet
  facet normal 0.598993 -0.186148 0.778818
    outer loop
      vertex 6 30.4889 186.913
      vertex 4.1 30.5253 188.383
      vertex 4.1 30.2659 188.321
    endloop
  endfacet
  facet normal 0 -0.233763 0.972294
    outer loop
      vertex 0 125.525 3.3832
      vertex 4.1 125.266 3.32093
      vertex 4.1 125.525 3.3832
    endloop
  endfacet
  facet normal 0 -0.233763 0.972294
    outer loop
      vertex 4.1 125.266 3.32093
      vertex 0 125.525 3.3832
      vertex 0 125.266 3.32093
    endloop
  endfacet
  facet normal 0 -0.0784418 0.996919
    outer loop
      vertex 0 125.266 3.32093
      vertex 4.1 125 3.3
      vertex 4.1 125.266 3.32093
    endloop
  endfacet
  facet normal 0 -0.0784418 0.996919
    outer loop
      vertex 4.1 125 3.3
      vertex 0 125.266 3.32093
      vertex 0 125 3.3
    endloop
  endfacet
  facet normal 0 -0.381978 0.924171
    outer loop
      vertex 0 125.772 3.48529
      vertex 4.1 125.525 3.3832
      vertex 4.1 125.772 3.48529
    endloop
  endfacet
  facet normal 0 -0.381978 0.924171
    outer loop
      vertex 4.1 125.525 3.3832
      vertex 0 125.772 3.48529
      vertex 0 125.525 3.3832
    endloop
  endfacet
  facet normal 0 0.851607 0.524181
    outer loop
      vertex 4.1 123.625 4.00077
      vertex 0 123.485 4.22822
      vertex 4.1 123.485 4.22822
    endloop
  endfacet
  facet normal 0 0.851607 0.524181
    outer loop
      vertex 0 123.485 4.22822
      vertex 4.1 123.625 4.00077
      vertex 0 123.625 4.00077
    endloop
  endfacet
  facet normal 0 -0.381978 -0.924171
    outer loop
      vertex 0 125.525 6.6168
      vertex 4.1 125.772 6.51471
      vertex 4.1 125.525 6.6168
    endloop
  endfacet
  facet normal -0 -0.381978 -0.924171
    outer loop
      vertex 4.1 125.772 6.51471
      vertex 0 125.525 6.6168
      vertex 0 125.772 6.51471
    endloop
  endfacet
  facet normal 0 0.851607 -0.524181
    outer loop
      vertex 4.1 123.485 5.77178
      vertex 0 123.625 5.99923
      vertex 4.1 123.625 5.99923
    endloop
  endfacet
  facet normal 0 0.851607 -0.524181
    outer loop
      vertex 0 123.625 5.99923
      vertex 4.1 123.485 5.77178
      vertex 0 123.485 5.77178
    endloop
  endfacet
  facet normal -0 0.233763 0.972294
    outer loop
      vertex 0 124.734 3.32093
      vertex 4.1 124.475 3.3832
      vertex 4.1 124.734 3.32093
    endloop
  endfacet
  facet normal 0 0.233763 0.972294
    outer loop
      vertex 4.1 124.475 3.3832
      vertex 0 124.734 3.32093
      vertex 0 124.475 3.3832
    endloop
  endfacet
  facet normal 0 0.923989 0.382418
    outer loop
      vertex 4.1 123.485 4.22822
      vertex 0 123.383 4.47467
      vertex 4.1 123.383 4.47467
    endloop
  endfacet
  facet normal 0 0.923989 0.382418
    outer loop
      vertex 0 123.383 4.47467
      vertex 4.1 123.485 4.22822
      vertex 0 123.485 4.22822
    endloop
  endfacet
  facet normal 0 -0.923989 -0.382418
    outer loop
      vertex 0 126.617 5.52533
      vertex 4.1 126.515 5.77178
      vertex 0 126.515 5.77178
    endloop
  endfacet
  facet normal 0 -0.923989 -0.382418
    outer loop
      vertex 4.1 126.515 5.77178
      vertex 0 126.617 5.52533
      vertex 4.1 126.617 5.52533
    endloop
  endfacet
  facet normal 0 -0.851607 -0.524181
    outer loop
      vertex 0 126.515 5.77178
      vertex 4.1 126.375 5.99923
      vertex 0 126.375 5.99923
    endloop
  endfacet
  facet normal 0 -0.851607 -0.524181
    outer loop
      vertex 4.1 126.375 5.99923
      vertex 0 126.515 5.77178
      vertex 4.1 126.515 5.77178
    endloop
  endfacet
  facet normal 0 -0.972603 -0.232474
    outer loop
      vertex 0 126.679 5.26594
      vertex 4.1 126.617 5.52533
      vertex 0 126.617 5.52533
    endloop
  endfacet
  facet normal 0 -0.972603 -0.232474
    outer loop
      vertex 4.1 126.617 5.52533
      vertex 0 126.679 5.26594
      vertex 4.1 126.679 5.26594
    endloop
  endfacet
  facet normal 0 0.760869 0.648905
    outer loop
      vertex 4.1 123.798 3.79792
      vertex 0 123.625 4.00077
      vertex 4.1 123.625 4.00077
    endloop
  endfacet
  facet normal 0 0.760869 0.648905
    outer loop
      vertex 0 123.625 4.00077
      vertex 4.1 123.798 3.79792
      vertex 0 123.798 3.79792
    endloop
  endfacet
  facet normal 0 -0.996897 -0.0787201
    outer loop
      vertex 0 126.7 5
      vertex 4.1 126.679 5.26594
      vertex 0 126.679 5.26594
    endloop
  endfacet
  facet normal 0 -0.996897 -0.0787201
    outer loop
      vertex 4.1 126.679 5.26594
      vertex 0 126.7 5
      vertex 4.1 126.7 5
    endloop
  endfacet
  facet normal 0 0.381978 -0.924171
    outer loop
      vertex 0 124.228 6.51471
      vertex 4.1 124.475 6.6168
      vertex 4.1 124.228 6.51471
    endloop
  endfacet
  facet normal 0 0.381978 -0.924171
    outer loop
      vertex 4.1 124.475 6.6168
      vertex 0 124.228 6.51471
      vertex 0 124.475 6.6168
    endloop
  endfacet
  facet normal 0 -0.64917 -0.760643
    outer loop
      vertex 0 125.999 6.37533
      vertex 4.1 126.202 6.20208
      vertex 4.1 125.999 6.37533
    endloop
  endfacet
  facet normal -0 -0.64917 -0.760643
    outer loop
      vertex 4.1 126.202 6.20208
      vertex 0 125.999 6.37533
      vertex 0 126.202 6.20208
    endloop
  endfacet
  facet normal 0 0.972603 -0.232474
    outer loop
      vertex 4.1 123.321 5.26594
      vertex 0 123.383 5.52533
      vertex 4.1 123.383 5.52533
    endloop
  endfacet
  facet normal 0 0.972603 -0.232474
    outer loop
      vertex 0 123.383 5.52533
      vertex 4.1 123.321 5.26594
      vertex 0 123.321 5.26594
    endloop
  endfacet
  facet normal -0 0.381978 0.924171
    outer loop
      vertex 0 124.475 3.3832
      vertex 4.1 124.228 3.48529
      vertex 4.1 124.475 3.3832
    endloop
  endfacet
  facet normal 0 0.381978 0.924171
    outer loop
      vertex 4.1 124.228 3.48529
      vertex 0 124.475 3.3832
      vertex 0 124.228 3.48529
    endloop
  endfacet
  facet normal 0 0.64917 -0.760643
    outer loop
      vertex 0 123.798 6.20208
      vertex 4.1 124.001 6.37533
      vertex 4.1 123.798 6.20208
    endloop
  endfacet
  facet normal 0 0.64917 -0.760643
    outer loop
      vertex 4.1 124.001 6.37533
      vertex 0 123.798 6.20208
      vertex 0 124.001 6.37533
    endloop
  endfacet
  facet normal 0 -0.760869 -0.648905
    outer loop
      vertex 0 126.375 5.99923
      vertex 4.1 126.202 6.20208
      vertex 0 126.202 6.20208
    endloop
  endfacet
  facet normal 0 -0.760869 -0.648905
    outer loop
      vertex 4.1 126.202 6.20208
      vertex 0 126.375 5.99923
      vertex 4.1 126.375 5.99923
    endloop
  endfacet
  facet normal 0 0.996897 0.0787201
    outer loop
      vertex 4.1 123.321 4.73406
      vertex 0 123.3 5
      vertex 4.1 123.3 5
    endloop
  endfacet
  facet normal 0 0.996897 0.0787201
    outer loop
      vertex 0 123.3 5
      vertex 4.1 123.321 4.73406
      vertex 0 123.321 4.73406
    endloop
  endfacet
  facet normal -0 0.523247 0.852181
    outer loop
      vertex 0 124.228 3.48529
      vertex 4.1 124.001 3.62467
      vertex 4.1 124.228 3.48529
    endloop
  endfacet
  facet normal 0 0.523247 0.852181
    outer loop
      vertex 4.1 124.001 3.62467
      vertex 0 124.228 3.48529
      vertex 0 124.001 3.62467
    endloop
  endfacet
  facet normal 0 -0.523247 0.852181
    outer loop
      vertex 0 125.999 3.62467
      vertex 4.1 125.772 3.48529
      vertex 4.1 125.999 3.62467
    endloop
  endfacet
  facet normal 0 -0.523247 0.852181
    outer loop
      vertex 4.1 125.772 3.48529
      vertex 0 125.999 3.62467
      vertex 0 125.772 3.48529
    endloop
  endfacet
  facet normal -0 0.0784418 0.996919
    outer loop
      vertex 0 125 3.3
      vertex 4.1 124.734 3.32093
      vertex 4.1 125 3.3
    endloop
  endfacet
  facet normal 0 0.0784418 0.996919
    outer loop
      vertex 4.1 124.734 3.32093
      vertex 0 125 3.3
      vertex 0 124.734 3.32093
    endloop
  endfacet
  facet normal 0 0.233763 -0.972294
    outer loop
      vertex 0 124.475 6.6168
      vertex 4.1 124.734 6.67907
      vertex 4.1 124.475 6.6168
    endloop
  endfacet
  facet normal 0 0.233763 -0.972294
    outer loop
      vertex 4.1 124.734 6.67907
      vertex 0 124.475 6.6168
      vertex 0 124.734 6.67907
    endloop
  endfacet
  facet normal 0 -0.851607 0.524181
    outer loop
      vertex 0 126.375 4.00077
      vertex 4.1 126.515 4.22822
      vertex 0 126.515 4.22822
    endloop
  endfacet
  facet normal 0 -0.851607 0.524181
    outer loop
      vertex 4.1 126.515 4.22822
      vertex 0 126.375 4.00077
      vertex 4.1 126.375 4.00077
    endloop
  endfacet
  facet normal 0 -0.64917 0.760643
    outer loop
      vertex 0 126.202 3.79792
      vertex 4.1 125.999 3.62467
      vertex 4.1 126.202 3.79792
    endloop
  endfacet
  facet normal 0 -0.64917 0.760643
    outer loop
      vertex 4.1 125.999 3.62467
      vertex 0 126.202 3.79792
      vertex 0 125.999 3.62467
    endloop
  endfacet
  facet normal 0 -0.0784418 -0.996919
    outer loop
      vertex 0 125 6.7
      vertex 4.1 125.266 6.67907
      vertex 4.1 125 6.7
    endloop
  endfacet
  facet normal -0 -0.0784418 -0.996919
    outer loop
      vertex 4.1 125.266 6.67907
      vertex 0 125 6.7
      vertex 0 125.266 6.67907
    endloop
  endfacet
  facet normal 0 -0.760869 0.648905
    outer loop
      vertex 0 126.202 3.79792
      vertex 4.1 126.375 4.00077
      vertex 0 126.375 4.00077
    endloop
  endfacet
  facet normal 0 -0.760869 0.648905
    outer loop
      vertex 4.1 126.375 4.00077
      vertex 0 126.202 3.79792
      vertex 4.1 126.202 3.79792
    endloop
  endfacet
  facet normal 0 0.972603 0.232474
    outer loop
      vertex 4.1 123.383 4.47467
      vertex 0 123.321 4.73406
      vertex 4.1 123.321 4.73406
    endloop
  endfacet
  facet normal 0 0.972603 0.232474
    outer loop
      vertex 0 123.321 4.73406
      vertex 4.1 123.383 4.47467
      vertex 0 123.383 4.47467
    endloop
  endfacet
  facet normal 0 0.523247 -0.852181
    outer loop
      vertex 0 124.001 6.37533
      vertex 4.1 124.228 6.51471
      vertex 4.1 124.001 6.37533
    endloop
  endfacet
  facet normal 0 0.523247 -0.852181
    outer loop
      vertex 4.1 124.228 6.51471
      vertex 0 124.001 6.37533
      vertex 0 124.228 6.51471
    endloop
  endfacet
  facet normal 0 0.760869 -0.648905
    outer loop
      vertex 4.1 123.625 5.99923
      vertex 0 123.798 6.20208
      vertex 4.1 123.798 6.20208
    endloop
  endfacet
  facet normal 0 0.760869 -0.648905
    outer loop
      vertex 0 123.798 6.20208
      vertex 4.1 123.625 5.99923
      vertex 0 123.625 5.99923
    endloop
  endfacet
  facet normal -0 0.64917 0.760643
    outer loop
      vertex 0 124.001 3.62467
      vertex 4.1 123.798 3.79792
      vertex 4.1 124.001 3.62467
    endloop
  endfacet
  facet normal 0 0.64917 0.760643
    outer loop
      vertex 4.1 123.798 3.79792
      vertex 0 124.001 3.62467
      vertex 0 123.798 3.79792
    endloop
  endfacet
  facet normal 0 -0.523247 -0.852181
    outer loop
      vertex 0 125.772 6.51471
      vertex 4.1 125.999 6.37533
      vertex 4.1 125.772 6.51471
    endloop
  endfacet
  facet normal -0 -0.523247 -0.852181
    outer loop
      vertex 4.1 125.999 6.37533
      vertex 0 125.772 6.51471
      vertex 0 125.999 6.37533
    endloop
  endfacet
  facet normal 0 0.0784418 -0.996919
    outer loop
      vertex 0 124.734 6.67907
      vertex 4.1 125 6.7
      vertex 4.1 124.734 6.67907
    endloop
  endfacet
  facet normal 0 0.0784418 -0.996919
    outer loop
      vertex 4.1 125 6.7
      vertex 0 124.734 6.67907
      vertex 0 125 6.7
    endloop
  endfacet
  facet normal 0 0.923989 -0.382418
    outer loop
      vertex 4.1 123.383 5.52533
      vertex 0 123.485 5.77178
      vertex 4.1 123.485 5.77178
    endloop
  endfacet
  facet normal 0 0.923989 -0.382418
    outer loop
      vertex 0 123.485 5.77178
      vertex 4.1 123.383 5.52533
      vertex 0 123.383 5.52533
    endloop
  endfacet
  facet normal 0 -0.923989 0.382418
    outer loop
      vertex 0 126.515 4.22822
      vertex 4.1 126.617 4.47467
      vertex 0 126.617 4.47467
    endloop
  endfacet
  facet normal 0 -0.923989 0.382418
    outer loop
      vertex 4.1 126.617 4.47467
      vertex 0 126.515 4.22822
      vertex 4.1 126.515 4.22822
    endloop
  endfacet
  facet normal 0 -0.972603 0.232474
    outer loop
      vertex 0 126.617 4.47467
      vertex 4.1 126.679 4.73406
      vertex 0 126.679 4.73406
    endloop
  endfacet
  facet normal 0 -0.972603 0.232474
    outer loop
      vertex 4.1 126.679 4.73406
      vertex 0 126.617 4.47467
      vertex 4.1 126.617 4.47467
    endloop
  endfacet
  facet normal 0 -0.996897 0.0787201
    outer loop
      vertex 0 126.679 4.73406
      vertex 4.1 126.7 5
      vertex 0 126.7 5
    endloop
  endfacet
  facet normal 0 -0.996897 0.0787201
    outer loop
      vertex 4.1 126.7 5
      vertex 0 126.679 4.73406
      vertex 4.1 126.679 4.73406
    endloop
  endfacet
  facet normal 0 -0.233763 -0.972294
    outer loop
      vertex 0 125.266 6.67907
      vertex 4.1 125.525 6.6168
      vertex 4.1 125.266 6.67907
    endloop
  endfacet
  facet normal -0 -0.233763 -0.972294
    outer loop
      vertex 4.1 125.525 6.6168
      vertex 0 125.266 6.67907
      vertex 0 125.525 6.6168
    endloop
  endfacet
  facet normal 0 0.996897 -0.0787201
    outer loop
      vertex 4.1 123.3 5
      vertex 0 123.321 5.26594
      vertex 4.1 123.321 5.26594
    endloop
  endfacet
  facet normal 0 0.996897 -0.0787201
    outer loop
      vertex 0 123.321 5.26594
      vertex 4.1 123.3 5
      vertex 0 123.3 5
    endloop
  endfacet
  facet normal 0.598821 0.0628227 0.798415
    outer loop
      vertex 4.1 124.734 3.32093
      vertex 6 124.524 1.91243
      vertex 4.1 125 3.3
    endloop
  endfacet
  facet normal 0.598856 0.0638645 0.798306
    outer loop
      vertex 6 124.524 1.91243
      vertex 4.1 124.734 3.32093
      vertex 6 124.511 1.91347
    endloop
  endfacet
  facet normal 0.59887 0.519893 0.609152
    outer loop
      vertex 6 122.79 2.79029
      vertex 6 123.153 2.48048
      vertex 4.1 123.798 3.79792
    endloop
  endfacet
  facet normal 0.598813 0.306332 0.739989
    outer loop
      vertex 6 123.581 2.21561
      vertex 6 124.022 2.03305
      vertex 4.1 124.228 3.48529
    endloop
  endfacet
  facet normal 0.598816 -0.0627835 0.798422
    outer loop
      vertex 6 125 1.875
      vertex 6 125.476 1.91243
      vertex 4.1 125 3.3
    endloop
  endfacet
  facet normal 0.598856 -0.0638645 0.798306
    outer loop
      vertex 4.1 125.266 3.32093
      vertex 6 125.476 1.91243
      vertex 6 125.489 1.91347
    endloop
  endfacet
  facet normal 0.598821 -0.0628227 0.798415
    outer loop
      vertex 6 125.476 1.91243
      vertex 4.1 125.266 3.32093
      vertex 4.1 125 3.3
    endloop
  endfacet
  facet normal 0.598955 0.798297 0.0630377
    outer loop
      vertex 6 121.912 4.52444
      vertex 4.1 123.321 4.73406
      vertex 4.1 123.3 5
    endloop
  endfacet
  facet normal 0.598853 0.798605 0.0600455
    outer loop
      vertex 4.1 123.321 4.73406
      vertex 6 121.912 4.52444
      vertex 6 121.913 4.51114
    endloop
  endfacet
  facet normal 0.598856 0.0638645 -0.798306
    outer loop
      vertex 4.1 124.734 6.67907
      vertex 6 124.524 8.08757
      vertex 6 124.511 8.08653
    endloop
  endfacet
  facet normal 0.598821 0.0628227 -0.798415
    outer loop
      vertex 6 124.524 8.08757
      vertex 4.1 124.734 6.67907
      vertex 4.1 125 6.7
    endloop
  endfacet
  facet normal 0.598912 0.681938 -0.419839
    outer loop
      vertex 6 122.465 6.82546
      vertex 4.1 123.625 5.99923
      vertex 6 122.472 6.83683
    endloop
  endfacet
  facet normal 0.598909 0.681981 -0.419773
    outer loop
      vertex 4.1 123.625 5.99923
      vertex 6 122.465 6.82546
      vertex 4.1 123.485 5.77178
    endloop
  endfacet
  facet normal 0.598853 0.798605 -0.0600455
    outer loop
      vertex 6 121.912 5.47556
      vertex 4.1 123.321 5.26594
      vertex 6 121.913 5.48886
    endloop
  endfacet
  facet normal 0.598955 0.798297 -0.0630377
    outer loop
      vertex 4.1 123.321 5.26594
      vertex 6 121.912 5.47556
      vertex 4.1 123.3 5
    endloop
  endfacet
  facet normal 0.598909 -0.681981 0.419773
    outer loop
      vertex 4.1 126.375 4.00077
      vertex 6 127.535 3.17454
      vertex 4.1 126.515 4.22822
    endloop
  endfacet
  facet normal 0.598912 -0.681938 0.419839
    outer loop
      vertex 6 127.535 3.17454
      vertex 4.1 126.375 4.00077
      vertex 6 127.528 3.16317
    endloop
  endfacet
  facet normal 0.598868 0.609341 0.519674
    outer loop
      vertex 6 122.472 3.16317
      vertex 4.1 123.798 3.79792
      vertex 4.1 123.625 4.00077
    endloop
  endfacet
  facet normal 0.602464 0.626609 0.494366
    outer loop
      vertex 4.1 123.798 3.79792
      vertex 6 122.472 3.16317
      vertex 6 122.48 3.15303
    endloop
  endfacet
  facet normal 0.59887 0.519893 -0.609152
    outer loop
      vertex 6 123.153 7.51952
      vertex 6 122.79 7.20971
      vertex 4.1 123.798 6.20208
    endloop
  endfacet
  facet normal 0.598901 0.608793 0.520278
    outer loop
      vertex 6 122.48 3.15303
      vertex 6 122.79 2.79029
      vertex 4.1 123.798 3.79792
    endloop
  endfacet
  facet normal 0.598725 0.778962 0.186407
    outer loop
      vertex 6 121.917 4.49817
      vertex 6 122.028 4.03432
      vertex 4.1 123.383 4.47467
    endloop
  endfacet
  facet normal 0.597869 0.313536 -0.737731
    outer loop
      vertex 4.1 124.228 6.51471
      vertex 6 124.034 7.97205
      vertex 6 124.022 7.96695
    endloop
  endfacet
  facet normal 0.598903 0.305896 -0.740096
    outer loop
      vertex 6 124.034 7.97205
      vertex 4.1 124.228 6.51471
      vertex 4.1 124.475 6.6168
    endloop
  endfacet
  facet normal 0.598852 0.186899 -0.778746
    outer loop
      vertex 6 124.498 8.08341
      vertex 6 124.034 7.97205
      vertex 4.1 124.475 6.6168
    endloop
  endfacet
  facet normal 0.598909 0.681981 0.419773
    outer loop
      vertex 6 122.465 3.17454
      vertex 4.1 123.625 4.00077
      vertex 4.1 123.485 4.22822
    endloop
  endfacet
  facet normal 0.598912 0.681938 0.419839
    outer loop
      vertex 4.1 123.625 4.00077
      vertex 6 122.465 3.17454
      vertex 6 122.472 3.16317
    endloop
  endfacet
  facet normal 0.602464 -0.626609 -0.494366
    outer loop
      vertex 4.1 126.202 6.20208
      vertex 6 127.528 6.83683
      vertex 6 127.52 6.84697
    endloop
  endfacet
  facet normal 0.598868 -0.609341 -0.519674
    outer loop
      vertex 6 127.528 6.83683
      vertex 4.1 126.202 6.20208
      vertex 4.1 126.375 5.99923
    endloop
  endfacet
  facet normal 0.598901 -0.608793 -0.520278
    outer loop
      vertex 6 127.52 6.84697
      vertex 6 127.21 7.20971
      vertex 4.1 126.202 6.20208
    endloop
  endfacet
  facet normal 0.598841 0.798455 0.0621222
    outer loop
      vertex 6 121.875 5
      vertex 6 121.912 4.52444
      vertex 4.1 123.3 5
    endloop
  endfacet
  facet normal 0.598852 0.186899 0.778746
    outer loop
      vertex 6 124.034 2.02795
      vertex 6 124.498 1.91659
      vertex 4.1 124.475 3.3832
    endloop
  endfacet
  facet normal 0.598816 0.0627835 0.798422
    outer loop
      vertex 6 124.524 1.91243
      vertex 6 125 1.875
      vertex 4.1 125 3.3
    endloop
  endfacet
  facet normal 0.59867 0.683148 -0.418213
    outer loop
      vertex 6 122.465 6.82546
      vertex 6 122.216 6.41872
      vertex 4.1 123.485 5.77178
    endloop
  endfacet
  facet normal 0.591538 0.770468 0.237616
    outer loop
      vertex 4.1 123.383 4.47467
      vertex 6 121.913 4.51114
      vertex 6 121.917 4.49817
    endloop
  endfacet
  facet normal 0.598987 0.77882 0.186155
    outer loop
      vertex 6 121.913 4.51114
      vertex 4.1 123.383 4.47467
      vertex 4.1 123.321 4.73406
    endloop
  endfacet
  facet normal 0.591538 0.770468 -0.237616
    outer loop
      vertex 6 121.913 5.48886
      vertex 4.1 123.383 5.52533
      vertex 6 121.917 5.50183
    endloop
  endfacet
  facet normal 0.598987 0.77882 -0.186155
    outer loop
      vertex 4.1 123.383 5.52533
      vertex 6 121.913 5.48886
      vertex 4.1 123.321 5.26594
    endloop
  endfacet
  facet normal 0.598149 0.524621 -0.605798
    outer loop
      vertex 4.1 123.798 6.20208
      vertex 6 123.163 7.52818
      vertex 6 123.153 7.51952
    endloop
  endfacet
  facet normal 0.598897 0.519872 -0.609143
    outer loop
      vertex 6 123.163 7.52818
      vertex 4.1 123.798 6.20208
      vertex 4.1 124.001 6.37533
    endloop
  endfacet
  facet normal 0.59867 -0.683148 -0.418213
    outer loop
      vertex 6 127.784 6.41872
      vertex 6 127.535 6.82546
      vertex 4.1 126.515 5.77178
    endloop
  endfacet
  facet normal 0.598798 -0.41901 -0.682548
    outer loop
      vertex 6 126.825 7.53515
      vertex 6 126.419 7.78439
      vertex 4.1 125.772 6.51471
    endloop
  endfacet
  facet normal 0.598811 0.187219 0.778701
    outer loop
      vertex 4.1 124.475 3.3832
      vertex 6 124.511 1.91347
      vertex 4.1 124.734 3.32093
    endloop
  endfacet
  facet normal 0.598852 0.186899 0.778746
    outer loop
      vertex 6 124.511 1.91347
      vertex 4.1 124.475 3.3832
      vertex 6 124.498 1.91659
    endloop
  endfacet
  facet normal 0.598903 0.305896 0.740096
    outer loop
      vertex 4.1 124.228 3.48529
      vertex 6 124.034 2.02795
      vertex 4.1 124.475 3.3832
    endloop
  endfacet
  facet normal 0.597869 0.313536 0.737731
    outer loop
      vertex 6 124.034 2.02795
      vertex 4.1 124.228 3.48529
      vertex 6 124.022 2.03305
    endloop
  endfacet
  facet normal 0.598955 -0.798297 0.0630377
    outer loop
      vertex 4.1 126.679 4.73406
      vertex 6 128.088 4.52444
      vertex 4.1 126.7 5
    endloop
  endfacet
  facet normal 0.598853 -0.798605 0.0600455
    outer loop
      vertex 6 128.088 4.52444
      vertex 4.1 126.679 4.73406
      vertex 6 128.087 4.51114
    endloop
  endfacet
  facet normal 0.598868 -0.609341 0.519674
    outer loop
      vertex 4.1 126.202 3.79792
      vertex 6 127.528 3.16317
      vertex 4.1 126.375 4.00077
    endloop
  endfacet
  facet normal 0.602464 -0.626609 0.494366
    outer loop
      vertex 6 127.528 3.16317
      vertex 4.1 126.202 3.79792
      vertex 6 127.52 3.15303
    endloop
  endfacet
  facet normal 0.598725 -0.778962 0.186407
    outer loop
      vertex 6 127.972 4.03432
      vertex 6 128.083 4.49817
      vertex 4.1 126.617 4.47467
    endloop
  endfacet
  facet normal 0.598725 -0.778962 -0.186407
    outer loop
      vertex 6 128.083 5.50183
      vertex 6 127.972 5.96568
      vertex 4.1 126.617 5.52533
    endloop
  endfacet
  facet normal 0.602464 0.626609 -0.494366
    outer loop
      vertex 6 122.472 6.83683
      vertex 4.1 123.798 6.20208
      vertex 6 122.48 6.84697
    endloop
  endfacet
  facet normal 0.598868 0.609341 -0.519674
    outer loop
      vertex 4.1 123.798 6.20208
      vertex 6 122.472 6.83683
      vertex 4.1 123.625 5.99923
    endloop
  endfacet
  facet normal 0.598759 0.74005 0.30629
    outer loop
      vertex 6 122.028 4.03432
      vertex 4.1 123.485 4.22822
      vertex 4.1 123.383 4.47467
    endloop
  endfacet
  facet normal 0.599452 0.741658 0.300998
    outer loop
      vertex 4.1 123.485 4.22822
      vertex 6 122.028 4.03432
      vertex 6 122.033 4.022
    endloop
  endfacet
  facet normal 0.598811 -0.187219 -0.778701
    outer loop
      vertex 4.1 125.525 6.6168
      vertex 6 125.489 8.08653
      vertex 4.1 125.266 6.67907
    endloop
  endfacet
  facet normal 0.598852 -0.186899 -0.778746
    outer loop
      vertex 6 125.489 8.08653
      vertex 4.1 125.525 6.6168
      vertex 6 125.502 8.08341
    endloop
  endfacet
  facet normal 0.598821 -0.0628227 -0.798415
    outer loop
      vertex 4.1 125.266 6.67907
      vertex 6 125.476 8.08757
      vertex 4.1 125 6.7
    endloop
  endfacet
  facet normal 0.598856 -0.0638645 -0.798306
    outer loop
      vertex 6 125.476 8.08757
      vertex 4.1 125.266 6.67907
      vertex 6 125.489 8.08653
    endloop
  endfacet
  facet normal 0.598807 0.419065 0.682507
    outer loop
      vertex 4.1 124.001 3.62467
      vertex 6 123.175 2.46485
      vertex 4.1 124.228 3.48529
    endloop
  endfacet
  facet normal 0.59805 0.402539 0.693036
    outer loop
      vertex 6 123.175 2.46485
      vertex 4.1 124.001 3.62467
      vertex 6 123.163 2.47182
    endloop
  endfacet
  facet normal 0.598759 -0.74005 0.30629
    outer loop
      vertex 4.1 126.515 4.22822
      vertex 6 127.972 4.03432
      vertex 4.1 126.617 4.47467
    endloop
  endfacet
  facet normal 0.599452 -0.741658 0.300998
    outer loop
      vertex 6 127.972 4.03432
      vertex 4.1 126.515 4.22822
      vertex 6 127.967 4.022
    endloop
  endfacet
  facet normal 0.59867 0.739758 0.307169
    outer loop
      vertex 6 122.033 4.022
      vertex 6 122.216 3.58128
      vertex 4.1 123.485 4.22822
    endloop
  endfacet
  facet normal 0.598852 0.186899 -0.778746
    outer loop
      vertex 4.1 124.475 6.6168
      vertex 6 124.511 8.08653
      vertex 6 124.498 8.08341
    endloop
  endfacet
  facet normal 0.598811 0.187219 -0.778701
    outer loop
      vertex 6 124.511 8.08653
      vertex 4.1 124.475 6.6168
      vertex 4.1 124.734 6.67907
    endloop
  endfacet
  facet normal 0.598807 -0.419065 -0.682507
    outer loop
      vertex 4.1 125.999 6.37533
      vertex 6 126.825 7.53515
      vertex 4.1 125.772 6.51471
    endloop
  endfacet
  facet normal 0.59805 -0.402539 -0.693036
    outer loop
      vertex 6 126.825 7.53515
      vertex 4.1 125.999 6.37533
      vertex 6 126.837 7.52818
    endloop
  endfacet
  facet normal 0.598897 -0.519872 -0.609143
    outer loop
      vertex 4.1 126.202 6.20208
      vertex 6 126.837 7.52818
      vertex 4.1 125.999 6.37533
    endloop
  endfacet
  facet normal 0.598149 -0.524621 -0.605798
    outer loop
      vertex 6 126.837 7.52818
      vertex 4.1 126.202 6.20208
      vertex 6 126.847 7.51952
    endloop
  endfacet
  facet normal 0.598798 0.41901 0.682548
    outer loop
      vertex 6 123.175 2.46485
      vertex 6 123.581 2.21561
      vertex 4.1 124.228 3.48529
    endloop
  endfacet
  facet normal 0.598841 0.798455 -0.0621222
    outer loop
      vertex 6 121.912 5.47556
      vertex 6 121.875 5
      vertex 4.1 123.3 5
    endloop
  endfacet
  facet normal 0.59867 -0.739758 0.307169
    outer loop
      vertex 6 127.784 3.58128
      vertex 6 127.967 4.022
      vertex 4.1 126.515 4.22822
    endloop
  endfacet
  facet normal 0.59867 0.683148 0.418213
    outer loop
      vertex 6 122.216 3.58128
      vertex 6 122.465 3.17454
      vertex 4.1 123.485 4.22822
    endloop
  endfacet
  facet normal 0.598897 0.519872 0.609143
    outer loop
      vertex 4.1 123.798 3.79792
      vertex 6 123.163 2.47182
      vertex 4.1 124.001 3.62467
    endloop
  endfacet
  facet normal 0.598149 0.524621 0.605798
    outer loop
      vertex 6 123.163 2.47182
      vertex 4.1 123.798 3.79792
      vertex 6 123.153 2.48048
    endloop
  endfacet
  facet normal 0.59867 -0.683148 0.418213
    outer loop
      vertex 6 127.535 3.17454
      vertex 6 127.784 3.58128
      vertex 4.1 126.515 4.22822
    endloop
  endfacet
  facet normal 0.598853 -0.798605 -0.0600455
    outer loop
      vertex 4.1 126.679 5.26594
      vertex 6 128.088 5.47556
      vertex 6 128.087 5.48886
    endloop
  endfacet
  facet normal 0.598955 -0.798297 -0.0630377
    outer loop
      vertex 6 128.088 5.47556
      vertex 4.1 126.679 5.26594
      vertex 4.1 126.7 5
    endloop
  endfacet
  facet normal 0.598901 -0.608793 0.520278
    outer loop
      vertex 6 127.21 2.79029
      vertex 6 127.52 3.15303
      vertex 4.1 126.202 3.79792
    endloop
  endfacet
  facet normal 0.598816 0.0627835 -0.798422
    outer loop
      vertex 6 125 8.125
      vertex 6 124.524 8.08757
      vertex 4.1 125 6.7
    endloop
  endfacet
  facet normal 0.598901 0.608793 -0.520278
    outer loop
      vertex 6 122.79 7.20971
      vertex 6 122.48 6.84697
      vertex 4.1 123.798 6.20208
    endloop
  endfacet
  facet normal 0.598798 -0.41901 0.682548
    outer loop
      vertex 6 126.419 2.21561
      vertex 6 126.825 2.46485
      vertex 4.1 125.772 3.48529
    endloop
  endfacet
  facet normal 0.59867 0.739758 -0.307169
    outer loop
      vertex 6 122.216 6.41872
      vertex 6 122.033 5.978
      vertex 4.1 123.485 5.77178
    endloop
  endfacet
  facet normal 0.598987 -0.77882 0.186155
    outer loop
      vertex 4.1 126.617 4.47467
      vertex 6 128.087 4.51114
      vertex 4.1 126.679 4.73406
    endloop
  endfacet
  facet normal 0.591538 -0.770468 0.237616
    outer loop
      vertex 6 128.087 4.51114
      vertex 4.1 126.617 4.47467
      vertex 6 128.083 4.49817
    endloop
  endfacet
  facet normal 0.598813 0.306332 -0.739989
    outer loop
      vertex 6 124.022 7.96695
      vertex 6 123.581 7.78439
      vertex 4.1 124.228 6.51471
    endloop
  endfacet
  facet normal 0.59887 -0.519893 0.609152
    outer loop
      vertex 6 126.847 2.48048
      vertex 6 127.21 2.79029
      vertex 4.1 126.202 3.79792
    endloop
  endfacet
  facet normal 0.598725 0.778962 -0.186407
    outer loop
      vertex 6 122.028 5.96568
      vertex 6 121.917 5.50183
      vertex 4.1 123.383 5.52533
    endloop
  endfacet
  facet normal 0.599452 0.741658 -0.300998
    outer loop
      vertex 6 122.028 5.96568
      vertex 4.1 123.485 5.77178
      vertex 6 122.033 5.978
    endloop
  endfacet
  facet normal 0.598759 0.74005 -0.30629
    outer loop
      vertex 4.1 123.485 5.77178
      vertex 6 122.028 5.96568
      vertex 4.1 123.383 5.52533
    endloop
  endfacet
  facet normal 0.59887 -0.519893 -0.609152
    outer loop
      vertex 6 127.21 7.20971
      vertex 6 126.847 7.51952
      vertex 4.1 126.202 6.20208
    endloop
  endfacet
  facet normal 0.598813 -0.306332 -0.739989
    outer loop
      vertex 6 126.419 7.78439
      vertex 6 125.978 7.96695
      vertex 4.1 125.772 6.51471
    endloop
  endfacet
  facet normal 0.599452 -0.741658 -0.300998
    outer loop
      vertex 4.1 126.515 5.77178
      vertex 6 127.972 5.96568
      vertex 6 127.967 5.978
    endloop
  endfacet
  facet normal 0.598759 -0.74005 -0.30629
    outer loop
      vertex 6 127.972 5.96568
      vertex 4.1 126.515 5.77178
      vertex 4.1 126.617 5.52533
    endloop
  endfacet
  facet normal 0.598813 -0.306332 0.739989
    outer loop
      vertex 6 125.978 2.03305
      vertex 6 126.419 2.21561
      vertex 4.1 125.772 3.48529
    endloop
  endfacet
  facet normal 0.591538 -0.770468 -0.237616
    outer loop
      vertex 4.1 126.617 5.52533
      vertex 6 128.087 5.48886
      vertex 6 128.083 5.50183
    endloop
  endfacet
  facet normal 0.598987 -0.77882 -0.186155
    outer loop
      vertex 6 128.087 5.48886
      vertex 4.1 126.617 5.52533
      vertex 4.1 126.679 5.26594
    endloop
  endfacet
  facet normal 0.598798 0.41901 -0.682548
    outer loop
      vertex 6 123.581 7.78439
      vertex 6 123.175 7.53515
      vertex 4.1 124.228 6.51471
    endloop
  endfacet
  facet normal 0.598903 -0.305896 -0.740096
    outer loop
      vertex 4.1 125.772 6.51471
      vertex 6 125.966 7.97205
      vertex 4.1 125.525 6.6168
    endloop
  endfacet
  facet normal 0.597869 -0.313536 -0.737731
    outer loop
      vertex 6 125.966 7.97205
      vertex 4.1 125.772 6.51471
      vertex 6 125.978 7.96695
    endloop
  endfacet
  facet normal 0.598816 -0.0627835 -0.798422
    outer loop
      vertex 6 125.476 8.08757
      vertex 6 125 8.125
      vertex 4.1 125 6.7
    endloop
  endfacet
  facet normal 0.598852 -0.186899 -0.778746
    outer loop
      vertex 6 125.966 7.97205
      vertex 6 125.502 8.08341
      vertex 4.1 125.525 6.6168
    endloop
  endfacet
  facet normal 0.59805 0.402539 -0.693036
    outer loop
      vertex 4.1 124.001 6.37533
      vertex 6 123.175 7.53515
      vertex 6 123.163 7.52818
    endloop
  endfacet
  facet normal 0.598807 0.419065 -0.682507
    outer loop
      vertex 6 123.175 7.53515
      vertex 4.1 124.001 6.37533
      vertex 4.1 124.228 6.51471
    endloop
  endfacet
  facet normal 0.597869 -0.313536 0.737731
    outer loop
      vertex 4.1 125.772 3.48529
      vertex 6 125.966 2.02795
      vertex 6 125.978 2.03305
    endloop
  endfacet
  facet normal 0.598903 -0.305896 0.740096
    outer loop
      vertex 6 125.966 2.02795
      vertex 4.1 125.772 3.48529
      vertex 4.1 125.525 3.3832
    endloop
  endfacet
  facet normal 0.598841 -0.798455 0.0621222
    outer loop
      vertex 6 128.088 4.52444
      vertex 6 128.125 5
      vertex 4.1 126.7 5
    endloop
  endfacet
  facet normal 0.598841 -0.798455 -0.0621222
    outer loop
      vertex 6 128.125 5
      vertex 6 128.088 5.47556
      vertex 4.1 126.7 5
    endloop
  endfacet
  facet normal 0.598149 -0.524621 0.605798
    outer loop
      vertex 4.1 126.202 3.79792
      vertex 6 126.837 2.47182
      vertex 6 126.847 2.48048
    endloop
  endfacet
  facet normal 0.598897 -0.519872 0.609143
    outer loop
      vertex 6 126.837 2.47182
      vertex 4.1 126.202 3.79792
      vertex 4.1 125.999 3.62467
    endloop
  endfacet
  facet normal 0.59867 -0.739758 -0.307169
    outer loop
      vertex 6 127.967 5.978
      vertex 6 127.784 6.41872
      vertex 4.1 126.515 5.77178
    endloop
  endfacet
  facet normal 0.598912 -0.681938 -0.419839
    outer loop
      vertex 4.1 126.375 5.99923
      vertex 6 127.535 6.82546
      vertex 6 127.528 6.83683
    endloop
  endfacet
  facet normal 0.598909 -0.681981 -0.419773
    outer loop
      vertex 6 127.535 6.82546
      vertex 4.1 126.375 5.99923
      vertex 4.1 126.515 5.77178
    endloop
  endfacet
  facet normal 0.59805 -0.402539 0.693036
    outer loop
      vertex 4.1 125.999 3.62467
      vertex 6 126.825 2.46485
      vertex 6 126.837 2.47182
    endloop
  endfacet
  facet normal 0.598807 -0.419065 0.682507
    outer loop
      vertex 6 126.825 2.46485
      vertex 4.1 125.999 3.62467
      vertex 4.1 125.772 3.48529
    endloop
  endfacet
  facet normal 0.598852 -0.186899 0.778746
    outer loop
      vertex 6 125.502 1.91659
      vertex 6 125.966 2.02795
      vertex 4.1 125.525 3.3832
    endloop
  endfacet
  facet normal 0.598852 -0.186899 0.778746
    outer loop
      vertex 4.1 125.525 3.3832
      vertex 6 125.489 1.91347
      vertex 6 125.502 1.91659
    endloop
  endfacet
  facet normal 0.598811 -0.187219 0.778701
    outer loop
      vertex 6 125.489 1.91347
      vertex 4.1 125.525 3.3832
      vertex 4.1 125.266 3.32093
    endloop
  endfacet
  facet normal 0 -0.232805 0.972523
    outer loop
      vertex 0 125.525 188.383
      vertex 4.1 125.266 188.321
      vertex 4.1 125.525 188.383
    endloop
  endfacet
  facet normal 0 -0.232805 0.972523
    outer loop
      vertex 4.1 125.266 188.321
      vertex 0 125.525 188.383
      vertex 0 125.266 188.321
    endloop
  endfacet
  facet normal 0 -0.0787025 0.996898
    outer loop
      vertex 0 125.266 188.321
      vertex 4.1 125 188.3
      vertex 4.1 125.266 188.321
    endloop
  endfacet
  facet normal 0 -0.0787025 0.996898
    outer loop
      vertex 4.1 125 188.3
      vertex 0 125.266 188.321
      vertex 0 125 188.3
    endloop
  endfacet
  facet normal 0 -0.381691 0.92429
    outer loop
      vertex 0 125.772 188.485
      vertex 4.1 125.525 188.383
      vertex 4.1 125.772 188.485
    endloop
  endfacet
  facet normal 0 -0.381691 0.92429
    outer loop
      vertex 4.1 125.525 188.383
      vertex 0 125.772 188.485
      vertex 0 125.525 188.383
    endloop
  endfacet
  facet normal 0 0.851143 0.524934
    outer loop
      vertex 4.1 123.625 189.001
      vertex 0 123.485 189.228
      vertex 4.1 123.485 189.228
    endloop
  endfacet
  facet normal 0 0.851143 0.524934
    outer loop
      vertex 0 123.485 189.228
      vertex 4.1 123.625 189.001
      vertex 0 123.625 189.001
    endloop
  endfacet
  facet normal 0 -0.381691 -0.92429
    outer loop
      vertex 0 125.525 191.617
      vertex 4.1 125.772 191.515
      vertex 4.1 125.525 191.617
    endloop
  endfacet
  facet normal -0 -0.381691 -0.92429
    outer loop
      vertex 4.1 125.772 191.515
      vertex 0 125.525 191.617
      vertex 0 125.772 191.515
    endloop
  endfacet
  facet normal 0 0.851143 -0.524934
    outer loop
      vertex 4.1 123.485 190.772
      vertex 0 123.625 190.999
      vertex 4.1 123.625 190.999
    endloop
  endfacet
  facet normal 0 0.851143 -0.524934
    outer loop
      vertex 0 123.625 190.999
      vertex 4.1 123.485 190.772
      vertex 0 123.485 190.772
    endloop
  endfacet
  facet normal -0 0.232805 0.972523
    outer loop
      vertex 0 124.734 188.321
      vertex 4.1 124.475 188.383
      vertex 4.1 124.734 188.321
    endloop
  endfacet
  facet normal 0 0.232805 0.972523
    outer loop
      vertex 4.1 124.475 188.383
      vertex 0 124.734 188.321
      vertex 0 124.475 188.383
    endloop
  endfacet
  facet normal 0 0.92429 0.381691
    outer loop
      vertex 4.1 123.485 189.228
      vertex 0 123.383 189.475
      vertex 4.1 123.383 189.475
    endloop
  endfacet
  facet normal 0 0.92429 0.381691
    outer loop
      vertex 0 123.383 189.475
      vertex 4.1 123.485 189.228
      vertex 0 123.485 189.228
    endloop
  endfacet
  facet normal 0 -0.92429 -0.381691
    outer loop
      vertex 0 126.617 190.525
      vertex 4.1 126.515 190.772
      vertex 0 126.515 190.772
    endloop
  endfacet
  facet normal 0 -0.92429 -0.381691
    outer loop
      vertex 4.1 126.515 190.772
      vertex 0 126.617 190.525
      vertex 4.1 126.617 190.525
    endloop
  endfacet
  facet normal 0 -0.851143 -0.524934
    outer loop
      vertex 0 126.515 190.772
      vertex 4.1 126.375 190.999
      vertex 0 126.375 190.999
    endloop
  endfacet
  facet normal 0 -0.851143 -0.524934
    outer loop
      vertex 4.1 126.375 190.999
      vertex 0 126.515 190.772
      vertex 4.1 126.515 190.772
    endloop
  endfacet
  facet normal 0 -0.972523 -0.232805
    outer loop
      vertex 0 126.679 190.266
      vertex 4.1 126.617 190.525
      vertex 0 126.617 190.525
    endloop
  endfacet
  facet normal 0 -0.972523 -0.232805
    outer loop
      vertex 4.1 126.617 190.525
      vertex 0 126.679 190.266
      vertex 4.1 126.679 190.266
    endloop
  endfacet
  facet normal 0 0.761106 0.648627
    outer loop
      vertex 4.1 123.798 188.798
      vertex 0 123.625 189.001
      vertex 4.1 123.625 189.001
    endloop
  endfacet
  facet normal 0 0.761106 0.648627
    outer loop
      vertex 0 123.625 189.001
      vertex 4.1 123.798 188.798
      vertex 0 123.798 188.798
    endloop
  endfacet
  facet normal 0 -0.996898 -0.0787025
    outer loop
      vertex 0 126.7 190
      vertex 4.1 126.679 190.266
      vertex 0 126.679 190.266
    endloop
  endfacet
  facet normal 0 -0.996898 -0.0787025
    outer loop
      vertex 4.1 126.679 190.266
      vertex 0 126.7 190
      vertex 4.1 126.7 190
    endloop
  endfacet
  facet normal 0 0.381691 -0.92429
    outer loop
      vertex 0 124.228 191.515
      vertex 4.1 124.475 191.617
      vertex 4.1 124.228 191.515
    endloop
  endfacet
  facet normal 0 0.381691 -0.92429
    outer loop
      vertex 4.1 124.475 191.617
      vertex 0 124.228 191.515
      vertex 0 124.475 191.617
    endloop
  endfacet
  facet normal 0 -0.648627 -0.761106
    outer loop
      vertex 0 125.999 191.375
      vertex 4.1 126.202 191.202
      vertex 4.1 125.999 191.375
    endloop
  endfacet
  facet normal -0 -0.648627 -0.761106
    outer loop
      vertex 4.1 126.202 191.202
      vertex 0 125.999 191.375
      vertex 0 126.202 191.202
    endloop
  endfacet
  facet normal 0 0.972523 -0.232805
    outer loop
      vertex 4.1 123.321 190.266
      vertex 0 123.383 190.525
      vertex 4.1 123.383 190.525
    endloop
  endfacet
  facet normal 0 0.972523 -0.232805
    outer loop
      vertex 0 123.383 190.525
      vertex 4.1 123.321 190.266
      vertex 0 123.321 190.266
    endloop
  endfacet
  facet normal -0 0.381691 0.92429
    outer loop
      vertex 0 124.475 188.383
      vertex 4.1 124.228 188.485
      vertex 4.1 124.475 188.383
    endloop
  endfacet
  facet normal 0 0.381691 0.92429
    outer loop
      vertex 4.1 124.228 188.485
      vertex 0 124.475 188.383
      vertex 0 124.228 188.485
    endloop
  endfacet
  facet normal 0 0.648627 -0.761106
    outer loop
      vertex 0 123.798 191.202
      vertex 4.1 124.001 191.375
      vertex 4.1 123.798 191.202
    endloop
  endfacet
  facet normal 0 0.648627 -0.761106
    outer loop
      vertex 4.1 124.001 191.375
      vertex 0 123.798 191.202
      vertex 0 124.001 191.375
    endloop
  endfacet
  facet normal 0 -0.761106 -0.648627
    outer loop
      vertex 0 126.375 190.999
      vertex 4.1 126.202 191.202
      vertex 0 126.202 191.202
    endloop
  endfacet
  facet normal 0 -0.761106 -0.648627
    outer loop
      vertex 4.1 126.202 191.202
      vertex 0 126.375 190.999
      vertex 4.1 126.375 190.999
    endloop
  endfacet
  facet normal 0 0.996898 0.0787025
    outer loop
      vertex 4.1 123.321 189.734
      vertex 0 123.3 190
      vertex 4.1 123.3 190
    endloop
  endfacet
  facet normal 0 0.996898 0.0787025
    outer loop
      vertex 0 123.3 190
      vertex 4.1 123.321 189.734
      vertex 0 123.321 189.734
    endloop
  endfacet
  facet normal -0 0.524934 0.851143
    outer loop
      vertex 0 124.228 188.485
      vertex 4.1 124.001 188.625
      vertex 4.1 124.228 188.485
    endloop
  endfacet
  facet normal 0 0.524934 0.851143
    outer loop
      vertex 4.1 124.001 188.625
      vertex 0 124.228 188.485
      vertex 0 124.001 188.625
    endloop
  endfacet
  facet normal 0 -0.524934 0.851143
    outer loop
      vertex 0 125.999 188.625
      vertex 4.1 125.772 188.485
      vertex 4.1 125.999 188.625
    endloop
  endfacet
  facet normal 0 -0.524934 0.851143
    outer loop
      vertex 4.1 125.772 188.485
      vertex 0 125.999 188.625
      vertex 0 125.772 188.485
    endloop
  endfacet
  facet normal -0 0.0787025 0.996898
    outer loop
      vertex 0 125 188.3
      vertex 4.1 124.734 188.321
      vertex 4.1 125 188.3
    endloop
  endfacet
  facet normal 0 0.0787025 0.996898
    outer loop
      vertex 4.1 124.734 188.321
      vertex 0 125 188.3
      vertex 0 124.734 188.321
    endloop
  endfacet
  facet normal 0 0.232805 -0.972523
    outer loop
      vertex 0 124.475 191.617
      vertex 4.1 124.734 191.679
      vertex 4.1 124.475 191.617
    endloop
  endfacet
  facet normal 0 0.232805 -0.972523
    outer loop
      vertex 4.1 124.734 191.679
      vertex 0 124.475 191.617
      vertex 0 124.734 191.679
    endloop
  endfacet
  facet normal 0 -0.851143 0.524934
    outer loop
      vertex 0 126.375 189.001
      vertex 4.1 126.515 189.228
      vertex 0 126.515 189.228
    endloop
  endfacet
  facet normal 0 -0.851143 0.524934
    outer loop
      vertex 4.1 126.515 189.228
      vertex 0 126.375 189.001
      vertex 4.1 126.375 189.001
    endloop
  endfacet
  facet normal 0 -0.648627 0.761106
    outer loop
      vertex 0 126.202 188.798
      vertex 4.1 125.999 188.625
      vertex 4.1 126.202 188.798
    endloop
  endfacet
  facet normal 0 -0.648627 0.761106
    outer loop
      vertex 4.1 125.999 188.625
      vertex 0 126.202 188.798
      vertex 0 125.999 188.625
    endloop
  endfacet
  facet normal 0 -0.0787025 -0.996898
    outer loop
      vertex 0 125 191.7
      vertex 4.1 125.266 191.679
      vertex 4.1 125 191.7
    endloop
  endfacet
  facet normal -0 -0.0787025 -0.996898
    outer loop
      vertex 4.1 125.266 191.679
      vertex 0 125 191.7
      vertex 0 125.266 191.679
    endloop
  endfacet
  facet normal 0 -0.761106 0.648627
    outer loop
      vertex 0 126.202 188.798
      vertex 4.1 126.375 189.001
      vertex 0 126.375 189.001
    endloop
  endfacet
  facet normal 0 -0.761106 0.648627
    outer loop
      vertex 4.1 126.375 189.001
      vertex 0 126.202 188.798
      vertex 4.1 126.202 188.798
    endloop
  endfacet
  facet normal 0 0.972523 0.232805
    outer loop
      vertex 4.1 123.383 189.475
      vertex 0 123.321 189.734
      vertex 4.1 123.321 189.734
    endloop
  endfacet
  facet normal 0 0.972523 0.232805
    outer loop
      vertex 0 123.321 189.734
      vertex 4.1 123.383 189.475
      vertex 0 123.383 189.475
    endloop
  endfacet
  facet normal 0 0.524934 -0.851143
    outer loop
      vertex 0 124.001 191.375
      vertex 4.1 124.228 191.515
      vertex 4.1 124.001 191.375
    endloop
  endfacet
  facet normal 0 0.524934 -0.851143
    outer loop
      vertex 4.1 124.228 191.515
      vertex 0 124.001 191.375
      vertex 0 124.228 191.515
    endloop
  endfacet
  facet normal 0 0.761106 -0.648627
    outer loop
      vertex 4.1 123.625 190.999
      vertex 0 123.798 191.202
      vertex 4.1 123.798 191.202
    endloop
  endfacet
  facet normal 0 0.761106 -0.648627
    outer loop
      vertex 0 123.798 191.202
      vertex 4.1 123.625 190.999
      vertex 0 123.625 190.999
    endloop
  endfacet
  facet normal -0 0.648627 0.761106
    outer loop
      vertex 0 124.001 188.625
      vertex 4.1 123.798 188.798
      vertex 4.1 124.001 188.625
    endloop
  endfacet
  facet normal 0 0.648627 0.761106
    outer loop
      vertex 4.1 123.798 188.798
      vertex 0 124.001 188.625
      vertex 0 123.798 188.798
    endloop
  endfacet
  facet normal 0 -0.524934 -0.851143
    outer loop
      vertex 0 125.772 191.515
      vertex 4.1 125.999 191.375
      vertex 4.1 125.772 191.515
    endloop
  endfacet
  facet normal -0 -0.524934 -0.851143
    outer loop
      vertex 4.1 125.999 191.375
      vertex 0 125.772 191.515
      vertex 0 125.999 191.375
    endloop
  endfacet
  facet normal 0 0.0787025 -0.996898
    outer loop
      vertex 0 124.734 191.679
      vertex 4.1 125 191.7
      vertex 4.1 124.734 191.679
    endloop
  endfacet
  facet normal 0 0.0787025 -0.996898
    outer loop
      vertex 4.1 125 191.7
      vertex 0 124.734 191.679
      vertex 0 125 191.7
    endloop
  endfacet
  facet normal 0 0.92429 -0.381691
    outer loop
      vertex 4.1 123.383 190.525
      vertex 0 123.485 190.772
      vertex 4.1 123.485 190.772
    endloop
  endfacet
  facet normal 0 0.92429 -0.381691
    outer loop
      vertex 0 123.485 190.772
      vertex 4.1 123.383 190.525
      vertex 0 123.383 190.525
    endloop
  endfacet
  facet normal 0 -0.92429 0.381691
    outer loop
      vertex 0 126.515 189.228
      vertex 4.1 126.617 189.475
      vertex 0 126.617 189.475
    endloop
  endfacet
  facet normal 0 -0.92429 0.381691
    outer loop
      vertex 4.1 126.617 189.475
      vertex 0 126.515 189.228
      vertex 4.1 126.515 189.228
    endloop
  endfacet
  facet normal 0 -0.972523 0.232805
    outer loop
      vertex 0 126.617 189.475
      vertex 4.1 126.679 189.734
      vertex 0 126.679 189.734
    endloop
  endfacet
  facet normal 0 -0.972523 0.232805
    outer loop
      vertex 4.1 126.679 189.734
      vertex 0 126.617 189.475
      vertex 4.1 126.617 189.475
    endloop
  endfacet
  facet normal 0 -0.996898 0.0787025
    outer loop
      vertex 0 126.679 189.734
      vertex 4.1 126.7 190
      vertex 0 126.7 190
    endloop
  endfacet
  facet normal 0 -0.996898 0.0787025
    outer loop
      vertex 4.1 126.7 190
      vertex 0 126.679 189.734
      vertex 4.1 126.679 189.734
    endloop
  endfacet
  facet normal 0 -0.232805 -0.972523
    outer loop
      vertex 0 125.266 191.679
      vertex 4.1 125.525 191.617
      vertex 4.1 125.266 191.679
    endloop
  endfacet
  facet normal -0 -0.232805 -0.972523
    outer loop
      vertex 4.1 125.525 191.617
      vertex 0 125.266 191.679
      vertex 0 125.525 191.617
    endloop
  endfacet
  facet normal 0 0.996898 -0.0787025
    outer loop
      vertex 4.1 123.3 190
      vertex 0 123.321 190.266
      vertex 4.1 123.321 190.266
    endloop
  endfacet
  facet normal 0 0.996898 -0.0787025
    outer loop
      vertex 0 123.321 190.266
      vertex 4.1 123.3 190
      vertex 0 123.3 190
    endloop
  endfacet
  facet normal 0.598963 0.0630231 0.798293
    outer loop
      vertex 4.1 124.734 188.321
      vertex 6 124.524 186.912
      vertex 4.1 125 188.3
    endloop
  endfacet
  facet normal 0.598909 0.0614199 0.798459
    outer loop
      vertex 6 124.524 186.912
      vertex 4.1 124.734 188.321
      vertex 6 124.511 186.913
    endloop
  endfacet
  facet normal 0.598955 0.520036 0.608946
    outer loop
      vertex 6 122.79 187.79
      vertex 6 123.153 187.48
      vertex 4.1 123.798 188.798
    endloop
  endfacet
  facet normal 0.598669 0.307003 0.739827
    outer loop
      vertex 6 123.581 187.216
      vertex 6 124.022 187.033
      vertex 4.1 124.228 188.485
    endloop
  endfacet
  facet normal 0.598843 -0.062065 0.798458
    outer loop
      vertex 6 125 186.875
      vertex 6 125.476 186.912
      vertex 4.1 125 188.3
    endloop
  endfacet
  facet normal 0.598909 -0.0614199 0.798459
    outer loop
      vertex 4.1 125.266 188.321
      vertex 6 125.476 186.912
      vertex 6 125.489 186.913
    endloop
  endfacet
  facet normal 0.598963 -0.0630231 0.798293
    outer loop
      vertex 6 125.476 186.912
      vertex 4.1 125.266 188.321
      vertex 4.1 125 188.3
    endloop
  endfacet
  facet normal 0.598963 0.798293 0.0630231
    outer loop
      vertex 6 121.912 189.524
      vertex 4.1 123.321 189.734
      vertex 4.1 123.3 190
    endloop
  endfacet
  facet normal 0.598909 0.798459 0.0614199
    outer loop
      vertex 4.1 123.321 189.734
      vertex 6 121.912 189.524
      vertex 6 121.913 189.511
    endloop
  endfacet
  facet normal 0.598909 0.0614199 -0.798459
    outer loop
      vertex 4.1 124.734 191.679
      vertex 6 124.524 193.088
      vertex 6 124.511 193.087
    endloop
  endfacet
  facet normal 0.598963 0.0630231 -0.798293
    outer loop
      vertex 6 124.524 193.088
      vertex 4.1 124.734 191.679
      vertex 4.1 125 191.7
    endloop
  endfacet
  facet normal 0.598158 0.692214 -0.403791
    outer loop
      vertex 6 122.465 191.825
      vertex 4.1 123.625 190.999
      vertex 6 122.472 191.837
    endloop
  endfacet
  facet normal 0.598899 0.681616 -0.42038
    outer loop
      vertex 4.1 123.625 190.999
      vertex 6 122.465 191.825
      vertex 4.1 123.485 190.772
    endloop
  endfacet
  facet normal 0.598909 0.798459 -0.0614199
    outer loop
      vertex 6 121.912 190.476
      vertex 4.1 123.321 190.266
      vertex 6 121.913 190.489
    endloop
  endfacet
  facet normal 0.598963 0.798293 -0.0630231
    outer loop
      vertex 4.1 123.321 190.266
      vertex 6 121.912 190.476
      vertex 4.1 123.3 190
    endloop
  endfacet
  facet normal 0.598899 -0.681616 0.42038
    outer loop
      vertex 4.1 126.375 189.001
      vertex 6 127.535 188.175
      vertex 4.1 126.515 189.228
    endloop
  endfacet
  facet normal 0.598158 -0.692214 0.403791
    outer loop
      vertex 6 127.535 188.175
      vertex 4.1 126.375 189.001
      vertex 6 127.528 188.163
    endloop
  endfacet
  facet normal 0.598949 0.609484 0.519413
    outer loop
      vertex 6 122.472 188.163
      vertex 4.1 123.798 188.798
      vertex 4.1 123.625 189.001
    endloop
  endfacet
  facet normal 0.601912 0.623573 0.498858
    outer loop
      vertex 4.1 123.798 188.798
      vertex 6 122.472 188.163
      vertex 6 122.48 188.153
    endloop
  endfacet
  facet normal 0.598955 0.520036 -0.608946
    outer loop
      vertex 6 123.153 192.52
      vertex 6 122.79 192.21
      vertex 4.1 123.798 191.202
    endloop
  endfacet
  facet normal 0.598955 0.608946 0.520036
    outer loop
      vertex 6 122.48 188.153
      vertex 6 122.79 187.79
      vertex 4.1 123.798 188.798
    endloop
  endfacet
  facet normal 0.598763 0.778947 0.186343
    outer loop
      vertex 6 121.917 189.498
      vertex 6 122.028 189.034
      vertex 4.1 123.383 189.475
    endloop
  endfacet
  facet normal 0.598525 0.308117 -0.739481
    outer loop
      vertex 4.1 124.228 191.515
      vertex 6 124.034 192.972
      vertex 6 124.022 192.967
    endloop
  endfacet
  facet normal 0.59885 0.305681 -0.740228
    outer loop
      vertex 6 124.034 192.972
      vertex 4.1 124.228 191.515
      vertex 4.1 124.475 191.617
    endloop
  endfacet
  facet normal 0.598763 0.186343 -0.778947
    outer loop
      vertex 6 124.498 193.083
      vertex 6 124.034 192.972
      vertex 4.1 124.475 191.617
    endloop
  endfacet
  facet normal 0.598899 0.681616 0.42038
    outer loop
      vertex 6 122.465 188.175
      vertex 4.1 123.625 189.001
      vertex 4.1 123.485 189.228
    endloop
  endfacet
  facet normal 0.598158 0.692214 0.403791
    outer loop
      vertex 4.1 123.625 189.001
      vertex 6 122.465 188.175
      vertex 6 122.472 188.163
    endloop
  endfacet
  facet normal 0.601912 -0.623573 -0.498858
    outer loop
      vertex 4.1 126.202 191.202
      vertex 6 127.528 191.837
      vertex 6 127.52 191.847
    endloop
  endfacet
  facet normal 0.598949 -0.609484 -0.519413
    outer loop
      vertex 6 127.528 191.837
      vertex 4.1 126.202 191.202
      vertex 4.1 126.375 190.999
    endloop
  endfacet
  facet normal 0.598955 -0.608946 -0.520036
    outer loop
      vertex 6 127.52 191.847
      vertex 6 127.21 192.21
      vertex 4.1 126.202 191.202
    endloop
  endfacet
  facet normal 0.598843 0.798458 0.062065
    outer loop
      vertex 6 121.875 190
      vertex 6 121.912 189.524
      vertex 4.1 123.3 190
    endloop
  endfacet
  facet normal 0.598763 0.186343 0.778947
    outer loop
      vertex 6 124.034 187.028
      vertex 6 124.498 186.917
      vertex 4.1 124.475 188.383
    endloop
  endfacet
  facet normal 0.598843 0.062065 0.798458
    outer loop
      vertex 6 124.524 186.912
      vertex 6 125 186.875
      vertex 4.1 125 188.3
    endloop
  endfacet
  facet normal 0.598655 0.682819 -0.418773
    outer loop
      vertex 6 122.465 191.825
      vertex 6 122.216 191.419
      vertex 4.1 123.485 190.772
    endloop
  endfacet
  facet normal 0.59166 0.770537 0.237088
    outer loop
      vertex 4.1 123.383 189.475
      vertex 6 121.913 189.511
      vertex 6 121.917 189.498
    endloop
  endfacet
  facet normal 0.598982 0.77876 0.186421
    outer loop
      vertex 6 121.913 189.511
      vertex 4.1 123.383 189.475
      vertex 4.1 123.321 189.734
    endloop
  endfacet
  facet normal 0.59166 0.770537 -0.237088
    outer loop
      vertex 6 121.913 190.489
      vertex 4.1 123.383 190.525
      vertex 6 121.917 190.502
    endloop
  endfacet
  facet normal 0.598982 0.77876 -0.186421
    outer loop
      vertex 4.1 123.383 190.525
      vertex 6 121.913 190.489
      vertex 4.1 123.321 190.266
    endloop
  endfacet
  facet normal 0.601912 0.498858 -0.623573
    outer loop
      vertex 4.1 123.798 191.202
      vertex 6 123.163 192.528
      vertex 6 123.153 192.52
    endloop
  endfacet
  facet normal 0.598949 0.519413 -0.609484
    outer loop
      vertex 6 123.163 192.528
      vertex 4.1 123.798 191.202
      vertex 4.1 124.001 191.375
    endloop
  endfacet
  facet normal 0.598655 -0.682819 -0.418773
    outer loop
      vertex 6 127.784 191.419
      vertex 6 127.535 191.825
      vertex 4.1 126.515 190.772
    endloop
  endfacet
  facet normal 0.598655 -0.418773 -0.682819
    outer loop
      vertex 6 126.825 192.535
      vertex 6 126.419 192.784
      vertex 4.1 125.772 191.515
    endloop
  endfacet
  facet normal 0.598982 0.186421 0.77876
    outer loop
      vertex 4.1 124.475 188.383
      vertex 6 124.511 186.913
      vertex 4.1 124.734 188.321
    endloop
  endfacet
  facet normal 0.59166 0.237088 0.770537
    outer loop
      vertex 6 124.511 186.913
      vertex 4.1 124.475 188.383
      vertex 6 124.498 186.917
    endloop
  endfacet
  facet normal 0.59885 0.305681 0.740228
    outer loop
      vertex 4.1 124.228 188.485
      vertex 6 124.034 187.028
      vertex 4.1 124.475 188.383
    endloop
  endfacet
  facet normal 0.598525 0.308117 0.739481
    outer loop
      vertex 6 124.034 187.028
      vertex 4.1 124.228 188.485
      vertex 6 124.022 187.033
    endloop
  endfacet
  facet normal 0.598963 -0.798293 0.0630231
    outer loop
      vertex 4.1 126.679 189.734
      vertex 6 128.088 189.524
      vertex 4.1 126.7 190
    endloop
  endfacet
  facet normal 0.598909 -0.798459 0.0614199
    outer loop
      vertex 6 128.088 189.524
      vertex 4.1 126.679 189.734
      vertex 6 128.087 189.511
    endloop
  endfacet
  facet normal 0.598949 -0.609484 0.519413
    outer loop
      vertex 4.1 126.202 188.798
      vertex 6 127.528 188.163
      vertex 4.1 126.375 189.001
    endloop
  endfacet
  facet normal 0.601912 -0.623573 0.498858
    outer loop
      vertex 6 127.528 188.163
      vertex 4.1 126.202 188.798
      vertex 6 127.52 188.153
    endloop
  endfacet
  facet normal 0.598763 -0.778947 0.186343
    outer loop
      vertex 6 127.972 189.034
      vertex 6 128.083 189.498
      vertex 4.1 126.617 189.475
    endloop
  endfacet
  facet normal 0.598763 -0.778947 -0.186343
    outer loop
      vertex 6 128.083 190.502
      vertex 6 127.972 190.966
      vertex 4.1 126.617 190.525
    endloop
  endfacet
  facet normal 0.601912 0.623573 -0.498858
    outer loop
      vertex 6 122.472 191.837
      vertex 4.1 123.798 191.202
      vertex 6 122.48 191.847
    endloop
  endfacet
  facet normal 0.598949 0.609484 -0.519413
    outer loop
      vertex 4.1 123.798 191.202
      vertex 6 122.472 191.837
      vertex 4.1 123.625 190.999
    endloop
  endfacet
  facet normal 0.59885 0.740228 0.305681
    outer loop
      vertex 6 122.028 189.034
      vertex 4.1 123.485 189.228
      vertex 4.1 123.383 189.475
    endloop
  endfacet
  facet normal 0.598525 0.739481 0.308117
    outer loop
      vertex 4.1 123.485 189.228
      vertex 6 122.028 189.034
      vertex 6 122.033 189.022
    endloop
  endfacet
  facet normal 0.598982 -0.186421 -0.77876
    outer loop
      vertex 4.1 125.525 191.617
      vertex 6 125.489 193.087
      vertex 4.1 125.266 191.679
    endloop
  endfacet
  facet normal 0.59166 -0.237088 -0.770537
    outer loop
      vertex 6 125.489 193.087
      vertex 4.1 125.525 191.617
      vertex 6 125.502 193.083
    endloop
  endfacet
  facet normal 0.598963 -0.0630231 -0.798293
    outer loop
      vertex 4.1 125.266 191.679
      vertex 6 125.476 193.088
      vertex 4.1 125 191.7
    endloop
  endfacet
  facet normal 0.598909 -0.0614199 -0.798459
    outer loop
      vertex 6 125.476 193.088
      vertex 4.1 125.266 191.679
      vertex 6 125.489 193.087
    endloop
  endfacet
  facet normal 0.598899 0.42038 0.681616
    outer loop
      vertex 4.1 124.001 188.625
      vertex 6 123.175 187.465
      vertex 4.1 124.228 188.485
    endloop
  endfacet
  facet normal 0.598158 0.403791 0.692214
    outer loop
      vertex 6 123.175 187.465
      vertex 4.1 124.001 188.625
      vertex 6 123.163 187.472
    endloop
  endfacet
  facet normal 0.59885 -0.740228 0.305681
    outer loop
      vertex 4.1 126.515 189.228
      vertex 6 127.972 189.034
      vertex 4.1 126.617 189.475
    endloop
  endfacet
  facet normal 0.598525 -0.739481 0.308117
    outer loop
      vertex 6 127.972 189.034
      vertex 4.1 126.515 189.228
      vertex 6 127.967 189.022
    endloop
  endfacet
  facet normal 0.598669 0.739827 0.307003
    outer loop
      vertex 6 122.033 189.022
      vertex 6 122.216 188.581
      vertex 4.1 123.485 189.228
    endloop
  endfacet
  facet normal 0.59166 0.237088 -0.770537
    outer loop
      vertex 4.1 124.475 191.617
      vertex 6 124.511 193.087
      vertex 6 124.498 193.083
    endloop
  endfacet
  facet normal 0.598982 0.186421 -0.77876
    outer loop
      vertex 6 124.511 193.087
      vertex 4.1 124.475 191.617
      vertex 4.1 124.734 191.679
    endloop
  endfacet
  facet normal 0.598899 -0.42038 -0.681616
    outer loop
      vertex 4.1 125.999 191.375
      vertex 6 126.825 192.535
      vertex 4.1 125.772 191.515
    endloop
  endfacet
  facet normal 0.598158 -0.403791 -0.692214
    outer loop
      vertex 6 126.825 192.535
      vertex 4.1 125.999 191.375
      vertex 6 126.837 192.528
    endloop
  endfacet
  facet normal 0.598949 -0.519413 -0.609484
    outer loop
      vertex 4.1 126.202 191.202
      vertex 6 126.837 192.528
      vertex 4.1 125.999 191.375
    endloop
  endfacet
  facet normal 0.601912 -0.498858 -0.623573
    outer loop
      vertex 6 126.837 192.528
      vertex 4.1 126.202 191.202
      vertex 6 126.847 192.52
    endloop
  endfacet
  facet normal 0.598655 0.418773 0.682819
    outer loop
      vertex 6 123.175 187.465
      vertex 6 123.581 187.216
      vertex 4.1 124.228 188.485
    endloop
  endfacet
  facet normal 0.598843 0.798458 -0.062065
    outer loop
      vertex 6 121.912 190.476
      vertex 6 121.875 190
      vertex 4.1 123.3 190
    endloop
  endfacet
  facet normal 0.598669 -0.739827 0.307003
    outer loop
      vertex 6 127.784 188.581
      vertex 6 127.967 189.022
      vertex 4.1 126.515 189.228
    endloop
  endfacet
  facet normal 0.598655 0.682819 0.418773
    outer loop
      vertex 6 122.216 188.581
      vertex 6 122.465 188.175
      vertex 4.1 123.485 189.228
    endloop
  endfacet
  facet normal 0.598949 0.519413 0.609484
    outer loop
      vertex 4.1 123.798 188.798
      vertex 6 123.163 187.472
      vertex 4.1 124.001 188.625
    endloop
  endfacet
  facet normal 0.601912 0.498858 0.623573
    outer loop
      vertex 6 123.163 187.472
      vertex 4.1 123.798 188.798
      vertex 6 123.153 187.48
    endloop
  endfacet
  facet normal 0.598655 -0.682819 0.418773
    outer loop
      vertex 6 127.535 188.175
      vertex 6 127.784 188.581
      vertex 4.1 126.515 189.228
    endloop
  endfacet
  facet normal 0.598909 -0.798459 -0.0614199
    outer loop
      vertex 4.1 126.679 190.266
      vertex 6 128.088 190.476
      vertex 6 128.087 190.489
    endloop
  endfacet
  facet normal 0.598963 -0.798293 -0.0630231
    outer loop
      vertex 6 128.088 190.476
      vertex 4.1 126.679 190.266
      vertex 4.1 126.7 190
    endloop
  endfacet
  facet normal 0.598955 -0.608946 0.520036
    outer loop
      vertex 6 127.21 187.79
      vertex 6 127.52 188.153
      vertex 4.1 126.202 188.798
    endloop
  endfacet
  facet normal 0.598843 0.062065 -0.798458
    outer loop
      vertex 6 125 193.125
      vertex 6 124.524 193.088
      vertex 4.1 125 191.7
    endloop
  endfacet
  facet normal 0.598955 0.608946 -0.520036
    outer loop
      vertex 6 122.79 192.21
      vertex 6 122.48 191.847
      vertex 4.1 123.798 191.202
    endloop
  endfacet
  facet normal 0.598655 -0.418773 0.682819
    outer loop
      vertex 6 126.419 187.216
      vertex 6 126.825 187.465
      vertex 4.1 125.772 188.485
    endloop
  endfacet
  facet normal 0.598669 0.739827 -0.307003
    outer loop
      vertex 6 122.216 191.419
      vertex 6 122.033 190.978
      vertex 4.1 123.485 190.772
    endloop
  endfacet
  facet normal 0.598982 -0.77876 0.186421
    outer loop
      vertex 4.1 126.617 189.475
      vertex 6 128.087 189.511
      vertex 4.1 126.679 189.734
    endloop
  endfacet
  facet normal 0.59166 -0.770537 0.237088
    outer loop
      vertex 6 128.087 189.511
      vertex 4.1 126.617 189.475
      vertex 6 128.083 189.498
    endloop
  endfacet
  facet normal 0.598669 0.307003 -0.739827
    outer loop
      vertex 6 124.022 192.967
      vertex 6 123.581 192.784
      vertex 4.1 124.228 191.515
    endloop
  endfacet
  facet normal 0.598955 -0.520036 0.608946
    outer loop
      vertex 6 126.847 187.48
      vertex 6 127.21 187.79
      vertex 4.1 126.202 188.798
    endloop
  endfacet
  facet normal 0.598763 0.778947 -0.186343
    outer loop
      vertex 6 122.028 190.966
      vertex 6 121.917 190.502
      vertex 4.1 123.383 190.525
    endloop
  endfacet
  facet normal 0.598525 0.739481 -0.308117
    outer loop
      vertex 6 122.028 190.966
      vertex 4.1 123.485 190.772
      vertex 6 122.033 190.978
    endloop
  endfacet
  facet normal 0.59885 0.740228 -0.305681
    outer loop
      vertex 4.1 123.485 190.772
      vertex 6 122.028 190.966
      vertex 4.1 123.383 190.525
    endloop
  endfacet
  facet normal 0.598955 -0.520036 -0.608946
    outer loop
      vertex 6 127.21 192.21
      vertex 6 126.847 192.52
      vertex 4.1 126.202 191.202
    endloop
  endfacet
  facet normal 0.598669 -0.307003 -0.739827
    outer loop
      vertex 6 126.419 192.784
      vertex 6 125.978 192.967
      vertex 4.1 125.772 191.515
    endloop
  endfacet
  facet normal 0.598525 -0.739481 -0.308117
    outer loop
      vertex 4.1 126.515 190.772
      vertex 6 127.972 190.966
      vertex 6 127.967 190.978
    endloop
  endfacet
  facet normal 0.59885 -0.740228 -0.305681
    outer loop
      vertex 6 127.972 190.966
      vertex 4.1 126.515 190.772
      vertex 4.1 126.617 190.525
    endloop
  endfacet
  facet normal 0.598669 -0.307003 0.739827
    outer loop
      vertex 6 125.978 187.033
      vertex 6 126.419 187.216
      vertex 4.1 125.772 188.485
    endloop
  endfacet
  facet normal 0.59166 -0.770537 -0.237088
    outer loop
      vertex 4.1 126.617 190.525
      vertex 6 128.087 190.489
      vertex 6 128.083 190.502
    endloop
  endfacet
  facet normal 0.598982 -0.77876 -0.186421
    outer loop
      vertex 6 128.087 190.489
      vertex 4.1 126.617 190.525
      vertex 4.1 126.679 190.266
    endloop
  endfacet
  facet normal 0.598655 0.418773 -0.682819
    outer loop
      vertex 6 123.581 192.784
      vertex 6 123.175 192.535
      vertex 4.1 124.228 191.515
    endloop
  endfacet
  facet normal 0.59885 -0.305681 -0.740228
    outer loop
      vertex 4.1 125.772 191.515
      vertex 6 125.966 192.972
      vertex 4.1 125.525 191.617
    endloop
  endfacet
  facet normal 0.598525 -0.308117 -0.739481
    outer loop
      vertex 6 125.966 192.972
      vertex 4.1 125.772 191.515
      vertex 6 125.978 192.967
    endloop
  endfacet
  facet normal 0.598843 -0.062065 -0.798458
    outer loop
      vertex 6 125.476 193.088
      vertex 6 125 193.125
      vertex 4.1 125 191.7
    endloop
  endfacet
  facet normal 0.598763 -0.186343 -0.778947
    outer loop
      vertex 6 125.966 192.972
      vertex 6 125.502 193.083
      vertex 4.1 125.525 191.617
    endloop
  endfacet
  facet normal 0.598158 0.403791 -0.692214
    outer loop
      vertex 4.1 124.001 191.375
      vertex 6 123.175 192.535
      vertex 6 123.163 192.528
    endloop
  endfacet
  facet normal 0.598899 0.42038 -0.681616
    outer loop
      vertex 6 123.175 192.535
      vertex 4.1 124.001 191.375
      vertex 4.1 124.228 191.515
    endloop
  endfacet
  facet normal 0.598525 -0.308117 0.739481
    outer loop
      vertex 4.1 125.772 188.485
      vertex 6 125.966 187.028
      vertex 6 125.978 187.033
    endloop
  endfacet
  facet normal 0.59885 -0.305681 0.740228
    outer loop
      vertex 6 125.966 187.028
      vertex 4.1 125.772 188.485
      vertex 4.1 125.525 188.383
    endloop
  endfacet
  facet normal 0.598843 -0.798458 0.062065
    outer loop
      vertex 6 128.088 189.524
      vertex 6 128.125 190
      vertex 4.1 126.7 190
    endloop
  endfacet
  facet normal 0.598843 -0.798458 -0.062065
    outer loop
      vertex 6 128.125 190
      vertex 6 128.088 190.476
      vertex 4.1 126.7 190
    endloop
  endfacet
  facet normal 0.601912 -0.498858 0.623573
    outer loop
      vertex 4.1 126.202 188.798
      vertex 6 126.837 187.472
      vertex 6 126.847 187.48
    endloop
  endfacet
  facet normal 0.598949 -0.519413 0.609484
    outer loop
      vertex 6 126.837 187.472
      vertex 4.1 126.202 188.798
      vertex 4.1 125.999 188.625
    endloop
  endfacet
  facet normal 0.598669 -0.739827 -0.307003
    outer loop
      vertex 6 127.967 190.978
      vertex 6 127.784 191.419
      vertex 4.1 126.515 190.772
    endloop
  endfacet
  facet normal 0.598158 -0.692214 -0.403791
    outer loop
      vertex 4.1 126.375 190.999
      vertex 6 127.535 191.825
      vertex 6 127.528 191.837
    endloop
  endfacet
  facet normal 0.598899 -0.681616 -0.42038
    outer loop
      vertex 6 127.535 191.825
      vertex 4.1 126.375 190.999
      vertex 4.1 126.515 190.772
    endloop
  endfacet
  facet normal 0.598158 -0.403791 0.692214
    outer loop
      vertex 4.1 125.999 188.625
      vertex 6 126.825 187.465
      vertex 6 126.837 187.472
    endloop
  endfacet
  facet normal 0.598899 -0.42038 0.681616
    outer loop
      vertex 6 126.825 187.465
      vertex 4.1 125.999 188.625
      vertex 4.1 125.772 188.485
    endloop
  endfacet
  facet normal 0.598763 -0.186343 0.778947
    outer loop
      vertex 6 125.502 186.917
      vertex 6 125.966 187.028
      vertex 4.1 125.525 188.383
    endloop
  endfacet
  facet normal 0.59166 -0.237088 0.770537
    outer loop
      vertex 4.1 125.525 188.383
      vertex 6 125.489 186.913
      vertex 6 125.502 186.917
    endloop
  endfacet
  facet normal 0.598982 -0.186421 0.77876
    outer loop
      vertex 6 125.489 186.913
      vertex 4.1 125.525 188.383
      vertex 4.1 125.266 188.321
    endloop
  endfacet
endsolid OpenSCAD_Model
