ISO-10303-21;
HEADER;
/* Generated by software containing ST-Developer
 * from STEP Tools, Inc. (www.steptools.com) 
 */

FILE_DESCRIPTION(
/* description */ (''),
/* implementation_level */ '2;1');

FILE_NAME(
/* name */ 'Blank Face Plate.step',
/* time_stamp */ '2026-08-09T08:20:37+08:00',
/* author */ (''),
/* organization */ (''),
/* preprocessor_version */ 'ST-DEVELOPER v20.1',
/* originating_system */ 'Autodesk Translation Framework v15.8.0.0',
/* authorisation */ '');

FILE_SCHEMA (('AUTOMOTIVE_DESIGN { 1 0 10303 214 3 1 1 }'));
ENDSEC;

DATA;
#10=MECHANICAL_DESIGN_GEOMETRIC_PRESENTATION_REPRESENTATION('',(#13),#14036);
#11=SHAPE_REPRESENTATION_RELATIONSHIP('SRR','None',#14043,#12);
#12=ADVANCED_BREP_SHAPE_REPRESENTATION('',(#14),#14035);
#13=STYLED_ITEM('',(#14053),#14);
#14=MANIFOLD_SOLID_BREP('Faceplate',#7552);
#15=ELLIPSE('',#8229,43.089760687161,25.199964235854);
#16=ELLIPSE('',#8234,12.9402106408714,10.6);
#17=ELLIPSE('',#8235,12.9402106408714,10.6);
#18=ELLIPSE('',#8237,43.0897606871421,25.1999642358434);
#19=ELLIPSE('',#8242,12.9402106408714,10.6);
#20=ELLIPSE('',#8243,12.9402106408714,10.6);
#21=ELLIPSE('',#8244,12.9402106408714,10.6);
#22=ELLIPSE('',#8245,12.9402106408715,10.6);
#23=ELLIPSE('',#8247,43.0897606877829,25.1999642360678);
#24=ELLIPSE('',#8252,12.9402106408714,10.6);
#25=ELLIPSE('',#8253,12.9402106408714,10.6);
#26=ELLIPSE('',#8255,43.0897606877836,25.1999642360683);
#27=ELLIPSE('',#8260,12.9402106408715,10.6);
#28=ELLIPSE('',#8261,12.9402106408714,10.6);
#29=ELLIPSE('',#8262,12.9402106408714,10.6);
#30=ELLIPSE('',#8263,12.9402106408714,10.6);
#31=ELLIPSE('',#8265,32.5515831408411,19.0369757892921);
#32=ELLIPSE('',#8266,32.5515831408411,19.0369757892921);
#33=ELLIPSE('',#8267,46.0585200797873,26.9361685991068);
#34=ELLIPSE('',#8268,47.4556272967802,27.7532316632863);
#35=ELLIPSE('',#8270,32.5515831408422,19.0369757892929);
#36=ELLIPSE('',#8271,35.336673042558,20.6657656641373);
#37=ELLIPSE('',#8273,32.5515831409508,19.0369757893229);
#38=ELLIPSE('',#8274,35.3366730427753,20.6657656642274);
#39=ELLIPSE('',#8276,32.5515831409689,19.0369757893335);
#40=ELLIPSE('',#8277,32.5515831409689,19.0369757893335);
#41=B_SPLINE_SURFACE_WITH_KNOTS('',3,1,((#13282,#13283),(#13284,#13285),
(#13286,#13287),(#13288,#13289),(#13290,#13291)),.UNSPECIFIED.,.F.,.F.,
 .F.,(4,1,4),(2,2),(-0.116099429106338,-0.0569309381192936,0.),(0.,0.279999999999994),
 .UNSPECIFIED.);
#42=B_SPLINE_SURFACE_WITH_KNOTS('',3,1,((#13301,#13302),(#13303,#13304),
(#13305,#13306),(#13307,#13308),(#13309,#13310)),.UNSPECIFIED.,.F.,.F.,
 .F.,(4,1,4),(2,2),(-0.0967085436606883,-0.0447029163459712,0.),(0.,0.279999999999994),
 .UNSPECIFIED.);
#43=B_SPLINE_SURFACE_WITH_KNOTS('',3,1,((#13320,#13321),(#13322,#13323),
(#13324,#13325),(#13326,#13327),(#13328,#13329)),.UNSPECIFIED.,.F.,.F.,
 .F.,(4,1,4),(2,2),(-0.0822238360907862,-0.0413034032297396,0.),(0.,0.279999999999994),
 .UNSPECIFIED.);
#44=B_SPLINE_SURFACE_WITH_KNOTS('',3,1,((#13339,#13340),(#13341,#13342),
(#13343,#13344),(#13345,#13346),(#13347,#13348)),.UNSPECIFIED.,.F.,.F.,
 .F.,(4,1,4),(2,2),(-0.0940603530150042,-0.0499893007113476,0.),(0.,0.279999999999994),
 .UNSPECIFIED.);
#45=B_SPLINE_SURFACE_WITH_KNOTS('',3,1,((#13358,#13359),(#13360,#13361),
(#13362,#13363),(#13364,#13365),(#13366,#13367)),.UNSPECIFIED.,.F.,.F.,
 .F.,(4,1,4),(2,2),(-0.134486555914918,-0.0677358734594169,0.),(0.,0.279999999999994),
 .UNSPECIFIED.);
#46=B_SPLINE_SURFACE_WITH_KNOTS('',3,1,((#13377,#13378),(#13379,#13380),
(#13381,#13382),(#13383,#13384),(#13385,#13386)),.UNSPECIFIED.,.F.,.F.,
 .F.,(4,1,4),(2,2),(-0.131374280611785,-0.0644468077149508,0.),(0.,0.279999999999994),
 .UNSPECIFIED.);
#47=B_SPLINE_SURFACE_WITH_KNOTS('',3,1,((#13396,#13397),(#13398,#13399),
(#13400,#13401),(#13402,#13403),(#13404,#13405)),.UNSPECIFIED.,.F.,.F.,
 .F.,(4,1,4),(2,2),(-0.153694886691986,-0.0863505834128276,0.),(0.,0.279999999999994),
 .UNSPECIFIED.);
#48=B_SPLINE_SURFACE_WITH_KNOTS('',3,1,((#13419,#13420),(#13421,#13422),
(#13423,#13424),(#13425,#13426),(#13427,#13428)),.UNSPECIFIED.,.F.,.F.,
 .F.,(4,1,4),(2,2),(-0.180076421269161,-0.0811633879467288,0.),(0.,0.279999999999994),
 .UNSPECIFIED.);
#49=B_SPLINE_SURFACE_WITH_KNOTS('',3,1,((#13438,#13439),(#13440,#13441),
(#13442,#13443),(#13444,#13445),(#13446,#13447)),.UNSPECIFIED.,.F.,.F.,
 .F.,(4,1,4),(2,2),(-0.151253439245961,-0.0775084367056549,0.),(0.,0.279999999999994),
 .UNSPECIFIED.);
#50=B_SPLINE_SURFACE_WITH_KNOTS('',3,1,((#13457,#13458),(#13459,#13460),
(#13461,#13462),(#13463,#13464),(#13465,#13466)),.UNSPECIFIED.,.F.,.F.,
 .F.,(4,1,4),(2,2),(-0.149549128148645,-0.0737187567488139,0.),(0.,0.279999999999994),
 .UNSPECIFIED.);
#51=B_SPLINE_SURFACE_WITH_KNOTS('',3,1,((#13476,#13477),(#13478,#13479),
(#13480,#13481),(#13482,#13483),(#13484,#13485)),.UNSPECIFIED.,.F.,.F.,
 .F.,(4,1,4),(2,2),(-0.181282866891068,-0.0997877816862145,0.),(0.,0.279999999999994),
 .UNSPECIFIED.);
#52=B_SPLINE_SURFACE_WITH_KNOTS('',3,1,((#13507,#13508),(#13509,#13510),
(#13511,#13512),(#13513,#13514),(#13515,#13516)),.UNSPECIFIED.,.F.,.F.,
 .F.,(4,1,4),(2,2),(-0.112199326769448,-0.0556876159652245,0.),(0.,0.279999999999994),
 .UNSPECIFIED.);
#53=B_SPLINE_SURFACE_WITH_KNOTS('',3,1,((#13526,#13527),(#13528,#13529),
(#13530,#13531),(#13532,#13533),(#13534,#13535)),.UNSPECIFIED.,.F.,.F.,
 .F.,(4,1,4),(2,2),(-0.10515018834471,-0.0513378642743406,0.),(0.,0.279999999999994),
 .UNSPECIFIED.);
#54=B_SPLINE_SURFACE_WITH_KNOTS('',3,1,((#13545,#13546),(#13547,#13548),
(#13549,#13550),(#13551,#13552),(#13553,#13554)),.UNSPECIFIED.,.F.,.F.,
 .F.,(4,1,4),(2,2),(-0.0946469420148486,-0.0461223772887656,0.),(0.,0.279999999999994),
 .UNSPECIFIED.);
#55=B_SPLINE_SURFACE_WITH_KNOTS('',3,1,((#13564,#13565),(#13566,#13567),
(#13568,#13569),(#13570,#13571),(#13572,#13573)),.UNSPECIFIED.,.F.,.F.,
 .F.,(4,1,4),(2,2),(-0.0981695785181786,-0.051118136028287,0.),(0.,0.279999999999994),
 .UNSPECIFIED.);
#56=B_SPLINE_SURFACE_WITH_KNOTS('',3,1,((#13583,#13584),(#13585,#13586),
(#13587,#13588),(#13589,#13590),(#13591,#13592)),.UNSPECIFIED.,.F.,.F.,
 .F.,(4,1,4),(2,2),(-0.374932474160651,-0.201442097725383,0.),(0.,0.279999999999994),
 .UNSPECIFIED.);
#57=B_SPLINE_SURFACE_WITH_KNOTS('',3,1,((#13606,#13607),(#13608,#13609),
(#13610,#13611),(#13612,#13613),(#13614,#13615)),.UNSPECIFIED.,.F.,.F.,
 .F.,(4,1,4),(2,2),(-0.180931036354119,-0.0803971205306061,0.),(0.,0.279999999999994),
 .UNSPECIFIED.);
#58=B_SPLINE_SURFACE_WITH_KNOTS('',3,1,((#13625,#13626),(#13627,#13628),
(#13629,#13630),(#13631,#13632),(#13633,#13634)),.UNSPECIFIED.,.F.,.F.,
 .F.,(4,1,4),(2,2),(-0.150714817129807,-0.0781054792548568,0.),(0.,0.279999999999994),
 .UNSPECIFIED.);
#59=B_SPLINE_SURFACE_WITH_KNOTS('',3,1,((#13644,#13645),(#13646,#13647),
(#13648,#13649),(#13650,#13651),(#13652,#13653)),.UNSPECIFIED.,.F.,.F.,
 .F.,(4,1,4),(2,2),(-0.147627081807027,-0.0716638239841519,0.),(0.,0.279999999999994),
 .UNSPECIFIED.);
#60=B_SPLINE_SURFACE_WITH_KNOTS('',3,1,((#13663,#13664),(#13665,#13666),
(#13667,#13668),(#13669,#13670),(#13671,#13672)),.UNSPECIFIED.,.F.,.F.,
 .F.,(4,1,4),(2,2),(-0.180678922292008,-0.100513367422353,0.),(0.,0.279999999999994),
 .UNSPECIFIED.);
#61=FACE_BOUND('',#2145,.T.);
#62=FACE_BOUND('',#2146,.T.);
#63=FACE_BOUND('',#2147,.T.);
#64=FACE_BOUND('',#2148,.T.);
#65=FACE_BOUND('',#2149,.T.);
#66=FACE_BOUND('',#2150,.T.);
#67=FACE_BOUND('',#2158,.T.);
#68=FACE_BOUND('',#2159,.T.);
#69=FACE_BOUND('',#2160,.T.);
#70=FACE_BOUND('',#2161,.T.);
#71=FACE_BOUND('',#2162,.T.);
#72=FACE_BOUND('',#2163,.T.);
#73=FACE_BOUND('',#2171,.T.);
#74=FACE_BOUND('',#2172,.T.);
#75=FACE_BOUND('',#2173,.T.);
#76=FACE_BOUND('',#2174,.T.);
#77=FACE_BOUND('',#2175,.T.);
#78=FACE_BOUND('',#2176,.T.);
#79=FACE_BOUND('',#2184,.T.);
#80=FACE_BOUND('',#2185,.T.);
#81=FACE_BOUND('',#2186,.T.);
#82=FACE_BOUND('',#2187,.T.);
#83=FACE_BOUND('',#2188,.T.);
#84=FACE_BOUND('',#2189,.T.);
#85=FACE_BOUND('',#2202,.T.);
#86=FACE_BOUND('',#2203,.T.);
#87=FACE_BOUND('',#2204,.T.);
#88=FACE_BOUND('',#2402,.T.);
#89=FACE_BOUND('',#2419,.T.);
#90=FACE_BOUND('',#2421,.T.);
#91=FACE_BOUND('',#2423,.T.);
#92=FACE_BOUND('',#2425,.T.);
#93=FACE_BOUND('',#2427,.T.);
#94=FACE_BOUND('',#2461,.T.);
#95=CYLINDRICAL_SURFACE('',#7580,6.10000000000001);
#96=CYLINDRICAL_SURFACE('',#7590,6.10000000000001);
#97=CYLINDRICAL_SURFACE('',#7601,6.10000000000001);
#98=CYLINDRICAL_SURFACE('',#7619,6.10000000000001);
#99=CYLINDRICAL_SURFACE('',#7630,6.10000000000001);
#100=CYLINDRICAL_SURFACE('',#7648,6.10000000000001);
#101=CYLINDRICAL_SURFACE('',#7669,6.10000000000001);
#102=CYLINDRICAL_SURFACE('',#7679,6.10000000000001);
#103=CYLINDRICAL_SURFACE('',#7689,6.10000000000001);
#104=CYLINDRICAL_SURFACE('',#7699,6.10000000000001);
#105=CYLINDRICAL_SURFACE('',#7732,6.10000000000001);
#106=CYLINDRICAL_SURFACE('',#7776,6.10000000000001);
#107=CYLINDRICAL_SURFACE('',#7786,6.10000000000001);
#108=CYLINDRICAL_SURFACE('',#7796,6.10000000000001);
#109=CYLINDRICAL_SURFACE('',#7926,3.4);
#110=CYLINDRICAL_SURFACE('',#7947,1.);
#111=CYLINDRICAL_SURFACE('',#7952,1.);
#112=CYLINDRICAL_SURFACE('',#7954,3.4);
#113=CYLINDRICAL_SURFACE('',#7962,3.4);
#114=CYLINDRICAL_SURFACE('',#7965,1.);
#115=CYLINDRICAL_SURFACE('',#7971,1.);
#116=CYLINDRICAL_SURFACE('',#7978,3.4);
#117=CYLINDRICAL_SURFACE('',#8008,3.29999999999999);
#118=CYLINDRICAL_SURFACE('',#8011,6.10000000000001);
#119=CYLINDRICAL_SURFACE('',#8012,3.29999999999999);
#120=CYLINDRICAL_SURFACE('',#8017,3.29999999999999);
#121=CYLINDRICAL_SURFACE('',#8020,6.10000000000001);
#122=CYLINDRICAL_SURFACE('',#8021,3.29999999999999);
#123=CYLINDRICAL_SURFACE('',#8024,6.10000000000001);
#124=CYLINDRICAL_SURFACE('',#8025,3.29999999999999);
#125=CYLINDRICAL_SURFACE('',#8030,3.29999999999999);
#126=CYLINDRICAL_SURFACE('',#8035,3.29999999999999);
#127=CYLINDRICAL_SURFACE('',#8040,3.29999999999999);
#128=CYLINDRICAL_SURFACE('',#8043,6.10000000000001);
#129=CYLINDRICAL_SURFACE('',#8044,3.29999999999999);
#130=CYLINDRICAL_SURFACE('',#8047,6.10000000000001);
#131=CYLINDRICAL_SURFACE('',#8048,3.29999999999999);
#132=CYLINDRICAL_SURFACE('',#8053,3.29999999999999);
#133=CYLINDRICAL_SURFACE('',#8056,6.10000000000001);
#134=CYLINDRICAL_SURFACE('',#8057,3.29999999999999);
#135=CYLINDRICAL_SURFACE('',#8062,3.29999999999999);
#136=CYLINDRICAL_SURFACE('',#8067,3.29999999999999);
#137=CYLINDRICAL_SURFACE('',#8070,6.10000000000001);
#138=CYLINDRICAL_SURFACE('',#8071,3.29999999999999);
#139=CYLINDRICAL_SURFACE('',#8078,3.29999999999999);
#140=CYLINDRICAL_SURFACE('',#8083,3.29999999999999);
#141=CYLINDRICAL_SURFACE('',#8086,6.10000000000001);
#142=CYLINDRICAL_SURFACE('',#8087,3.29999999999999);
#143=CYLINDRICAL_SURFACE('',#8092,3.29999999999999);
#144=CYLINDRICAL_SURFACE('',#8097,3.29999999999999);
#145=CYLINDRICAL_SURFACE('',#8100,6.10000000000001);
#146=CYLINDRICAL_SURFACE('',#8101,3.29999999999999);
#147=CYLINDRICAL_SURFACE('',#8108,3.29999999999999);
#148=CYLINDRICAL_SURFACE('',#8113,3.29999999999999);
#149=CYLINDRICAL_SURFACE('',#8116,6.10000000000001);
#150=CYLINDRICAL_SURFACE('',#8117,3.29999999999999);
#151=CYLINDRICAL_SURFACE('',#8118,5.60000000000001);
#152=CYLINDRICAL_SURFACE('',#8120,5.60000000000001);
#153=CYLINDRICAL_SURFACE('',#8121,5.60000000000001);
#154=CYLINDRICAL_SURFACE('',#8123,5.60000000000001);
#155=CYLINDRICAL_SURFACE('',#8125,5.60000000000001);
#156=CYLINDRICAL_SURFACE('',#8127,5.60000000000001);
#157=CYLINDRICAL_SURFACE('',#8129,5.60000000000001);
#158=CYLINDRICAL_SURFACE('',#8131,5.60000000000001);
#159=CYLINDRICAL_SURFACE('',#8133,5.60000000000001);
#160=CYLINDRICAL_SURFACE('',#8135,5.60000000000001);
#161=CYLINDRICAL_SURFACE('',#8136,5.60000000000001);
#162=CYLINDRICAL_SURFACE('',#8138,5.60000000000001);
#163=CYLINDRICAL_SURFACE('',#8140,5.60000000000001);
#164=CYLINDRICAL_SURFACE('',#8142,5.60000000000001);
#165=CYLINDRICAL_SURFACE('',#8144,5.60000000000001);
#166=CYLINDRICAL_SURFACE('',#8146,5.60000000000001);
#167=CYLINDRICAL_SURFACE('',#8147,5.60000000000001);
#168=CYLINDRICAL_SURFACE('',#8149,5.60000000000001);
#169=CYLINDRICAL_SURFACE('',#8151,5.60000000000001);
#170=CYLINDRICAL_SURFACE('',#8153,5.60000000000001);
#171=CYLINDRICAL_SURFACE('',#8155,5.60000000000001);
#172=CYLINDRICAL_SURFACE('',#8157,5.60000000000001);
#173=CYLINDRICAL_SURFACE('',#8158,5.60000000000001);
#174=CYLINDRICAL_SURFACE('',#8160,5.60000000000001);
#175=CYLINDRICAL_SURFACE('',#8168,0.6);
#176=CYLINDRICAL_SURFACE('',#8173,0.6);
#177=CYLINDRICAL_SURFACE('',#8175,7.);
#178=CYLINDRICAL_SURFACE('',#8177,7.);
#179=CYLINDRICAL_SURFACE('',#8179,7.);
#180=CYLINDRICAL_SURFACE('',#8181,7.00000000000001);
#181=CYLINDRICAL_SURFACE('',#8197,1.5);
#182=CYLINDRICAL_SURFACE('',#8200,1.5);
#183=CYLINDRICAL_SURFACE('',#8204,1.5);
#184=CYLINDRICAL_SURFACE('',#8207,1.5);
#185=CYLINDRICAL_SURFACE('',#8210,1.5);
#186=CYLINDRICAL_SURFACE('',#8232,10.6);
#187=CYLINDRICAL_SURFACE('',#8240,10.6);
#188=CYLINDRICAL_SURFACE('',#8250,10.6);
#189=CYLINDRICAL_SURFACE('',#8258,10.6);
#190=CYLINDRICAL_SURFACE('',#8278,3.);
#191=CYLINDRICAL_SURFACE('',#8280,3.);
#192=CYLINDRICAL_SURFACE('',#8282,3.);
#193=CYLINDRICAL_SURFACE('',#8284,3.);
#194=CYLINDRICAL_SURFACE('',#8286,3.);
#195=CYLINDRICAL_SURFACE('',#8288,3.);
#196=LINE('',#10366,#699);
#197=LINE('',#10381,#700);
#198=LINE('',#10383,#701);
#199=LINE('',#10390,#702);
#200=LINE('',#10391,#703);
#201=LINE('',#10436,#704);
#202=LINE('',#10439,#705);
#203=LINE('',#10446,#706);
#204=LINE('',#10448,#707);
#205=LINE('',#10454,#708);
#206=LINE('',#10456,#709);
#207=LINE('',#10511,#710);
#208=LINE('',#10514,#711);
#209=LINE('',#10521,#712);
#210=LINE('',#10523,#713);
#211=LINE('',#10529,#714);
#212=LINE('',#10531,#715);
#213=LINE('',#10586,#716);
#214=LINE('',#10601,#717);
#215=LINE('',#10603,#718);
#216=LINE('',#10610,#719);
#217=LINE('',#10612,#720);
#218=LINE('',#10618,#721);
#219=LINE('',#10666,#722);
#220=LINE('',#10681,#723);
#221=LINE('',#10683,#724);
#222=LINE('',#10690,#725);
#223=LINE('',#10691,#726);
#224=LINE('',#10736,#727);
#225=LINE('',#10739,#728);
#226=LINE('',#10746,#729);
#227=LINE('',#10748,#730);
#228=LINE('',#10754,#731);
#229=LINE('',#10756,#732);
#230=LINE('',#10811,#733);
#231=LINE('',#10826,#734);
#232=LINE('',#10828,#735);
#233=LINE('',#10835,#736);
#234=LINE('',#10837,#737);
#235=LINE('',#10843,#738);
#236=LINE('',#10891,#739);
#237=LINE('',#10906,#740);
#238=LINE('',#10908,#741);
#239=LINE('',#10915,#742);
#240=LINE('',#10916,#743);
#241=LINE('',#10961,#744);
#242=LINE('',#10964,#745);
#243=LINE('',#10971,#746);
#244=LINE('',#10973,#747);
#245=LINE('',#10979,#748);
#246=LINE('',#10981,#749);
#247=LINE('',#11046,#750);
#248=LINE('',#11061,#751);
#249=LINE('',#11063,#752);
#250=LINE('',#11070,#753);
#251=LINE('',#11071,#754);
#252=LINE('',#11116,#755);
#253=LINE('',#11119,#756);
#254=LINE('',#11126,#757);
#255=LINE('',#11128,#758);
#256=LINE('',#11134,#759);
#257=LINE('',#11136,#760);
#258=LINE('',#11191,#761);
#259=LINE('',#11194,#762);
#260=LINE('',#11201,#763);
#261=LINE('',#11203,#764);
#262=LINE('',#11209,#765);
#263=LINE('',#11211,#766);
#264=LINE('',#11266,#767);
#265=LINE('',#11269,#768);
#266=LINE('',#11276,#769);
#267=LINE('',#11278,#770);
#268=LINE('',#11284,#771);
#269=LINE('',#11286,#772);
#270=LINE('',#11341,#773);
#271=LINE('',#11344,#774);
#272=LINE('',#11351,#775);
#273=LINE('',#11353,#776);
#274=LINE('',#11359,#777);
#275=LINE('',#11361,#778);
#276=LINE('',#11426,#779);
#277=LINE('',#11441,#780);
#278=LINE('',#11443,#781);
#279=LINE('',#11450,#782);
#280=LINE('',#11451,#783);
#281=LINE('',#11473,#784);
#282=LINE('',#11475,#785);
#283=LINE('',#11481,#786);
#284=LINE('',#11482,#787);
#285=LINE('',#11483,#788);
#286=LINE('',#11519,#789);
#287=LINE('',#11534,#790);
#288=LINE('',#11536,#791);
#289=LINE('',#11543,#792);
#290=LINE('',#11544,#793);
#291=LINE('',#11589,#794);
#292=LINE('',#11592,#795);
#293=LINE('',#11599,#796);
#294=LINE('',#11601,#797);
#295=LINE('',#11607,#798);
#296=LINE('',#11609,#799);
#297=LINE('',#11674,#800);
#298=LINE('',#11689,#801);
#299=LINE('',#11691,#802);
#300=LINE('',#11698,#803);
#301=LINE('',#11699,#804);
#302=LINE('',#11754,#805);
#303=LINE('',#11769,#806);
#304=LINE('',#11771,#807);
#305=LINE('',#11778,#808);
#306=LINE('',#11779,#809);
#307=LINE('',#11801,#810);
#308=LINE('',#11803,#811);
#309=LINE('',#11809,#812);
#310=LINE('',#11810,#813);
#311=LINE('',#11811,#814);
#312=LINE('',#11847,#815);
#313=LINE('',#11862,#816);
#314=LINE('',#11864,#817);
#315=LINE('',#11871,#818);
#316=LINE('',#11872,#819);
#317=LINE('',#11917,#820);
#318=LINE('',#11920,#821);
#319=LINE('',#11927,#822);
#320=LINE('',#11929,#823);
#321=LINE('',#11935,#824);
#322=LINE('',#11937,#825);
#323=LINE('',#11992,#826);
#324=LINE('',#11995,#827);
#325=LINE('',#12002,#828);
#326=LINE('',#12004,#829);
#327=LINE('',#12010,#830);
#328=LINE('',#12012,#831);
#329=LINE('',#12067,#832);
#330=LINE('',#12070,#833);
#331=LINE('',#12077,#834);
#332=LINE('',#12079,#835);
#333=LINE('',#12085,#836);
#334=LINE('',#12087,#837);
#335=LINE('',#12152,#838);
#336=LINE('',#12167,#839);
#337=LINE('',#12169,#840);
#338=LINE('',#12176,#841);
#339=LINE('',#12177,#842);
#340=LINE('',#12209,#843);
#341=LINE('',#12213,#844);
#342=LINE('',#12219,#845);
#343=LINE('',#12224,#846);
#344=LINE('',#12228,#847);
#345=LINE('',#12234,#848);
#346=LINE('',#12282,#849);
#347=LINE('',#12287,#850);
#348=LINE('',#12293,#851);
#349=LINE('',#12298,#852);
#350=LINE('',#12301,#853);
#351=LINE('',#12306,#854);
#352=LINE('',#12355,#855);
#353=LINE('',#12362,#856);
#354=LINE('',#12365,#857);
#355=LINE('',#12370,#858);
#356=LINE('',#12374,#859);
#357=LINE('',#12420,#860);
#358=LINE('',#12427,#861);
#359=LINE('',#12431,#862);
#360=LINE('',#12437,#863);
#361=LINE('',#12440,#864);
#362=LINE('',#12474,#865);
#363=LINE('',#12476,#866);
#364=LINE('',#12478,#867);
#365=LINE('',#12479,#868);
#366=LINE('',#12484,#869);
#367=LINE('',#12489,#870);
#368=LINE('',#12490,#871);
#369=LINE('',#12491,#872);
#370=LINE('',#12497,#873);
#371=LINE('',#12500,#874);
#372=LINE('',#12503,#875);
#373=LINE('',#12504,#876);
#374=LINE('',#12508,#877);
#375=LINE('',#12510,#878);
#376=LINE('',#12514,#879);
#377=LINE('',#12518,#880);
#378=LINE('',#12522,#881);
#379=LINE('',#12525,#882);
#380=LINE('',#12528,#883);
#381=LINE('',#12532,#884);
#382=LINE('',#12536,#885);
#383=LINE('',#12540,#886);
#384=LINE('',#12544,#887);
#385=LINE('',#12548,#888);
#386=LINE('',#12552,#889);
#387=LINE('',#12556,#890);
#388=LINE('',#12569,#891);
#389=LINE('',#12570,#892);
#390=LINE('',#12576,#893);
#391=LINE('',#12578,#894);
#392=LINE('',#12583,#895);
#393=LINE('',#12585,#896);
#394=LINE('',#12586,#897);
#395=LINE('',#12589,#898);
#396=LINE('',#12593,#899);
#397=LINE('',#12594,#900);
#398=LINE('',#12599,#901);
#399=LINE('',#12602,#902);
#400=LINE('',#12605,#903);
#401=LINE('',#12606,#904);
#402=LINE('',#12611,#905);
#403=LINE('',#12614,#906);
#404=LINE('',#12622,#907);
#405=LINE('',#12627,#908);
#406=LINE('',#12636,#909);
#407=LINE('',#12637,#910);
#408=LINE('',#12639,#911);
#409=LINE('',#12649,#912);
#410=LINE('',#12650,#913);
#411=LINE('',#12652,#914);
#412=LINE('',#12659,#915);
#413=LINE('',#12661,#916);
#414=LINE('',#12663,#917);
#415=LINE('',#12665,#918);
#416=LINE('',#12667,#919);
#417=LINE('',#12669,#920);
#418=LINE('',#12671,#921);
#419=LINE('',#12673,#922);
#420=LINE('',#12675,#923);
#421=LINE('',#12677,#924);
#422=LINE('',#12679,#925);
#423=LINE('',#12681,#926);
#424=LINE('',#12683,#927);
#425=LINE('',#12685,#928);
#426=LINE('',#12687,#929);
#427=LINE('',#12689,#930);
#428=LINE('',#12691,#931);
#429=LINE('',#12693,#932);
#430=LINE('',#12695,#933);
#431=LINE('',#12697,#934);
#432=LINE('',#12699,#935);
#433=LINE('',#12701,#936);
#434=LINE('',#12703,#937);
#435=LINE('',#12705,#938);
#436=LINE('',#12707,#939);
#437=LINE('',#12709,#940);
#438=LINE('',#12711,#941);
#439=LINE('',#12713,#942);
#440=LINE('',#12715,#943);
#441=LINE('',#12717,#944);
#442=LINE('',#12719,#945);
#443=LINE('',#12720,#946);
#444=LINE('',#12724,#947);
#445=LINE('',#12725,#948);
#446=LINE('',#12727,#949);
#447=LINE('',#12729,#950);
#448=LINE('',#12730,#951);
#449=LINE('',#12731,#952);
#450=LINE('',#12733,#953);
#451=LINE('',#12734,#954);
#452=LINE('',#12738,#955);
#453=LINE('',#12739,#956);
#454=LINE('',#12741,#957);
#455=LINE('',#12743,#958);
#456=LINE('',#12744,#959);
#457=LINE('',#12745,#960);
#458=LINE('',#12747,#961);
#459=LINE('',#12748,#962);
#460=LINE('',#12751,#963);
#461=LINE('',#12753,#964);
#462=LINE('',#12755,#965);
#463=LINE('',#12756,#966);
#464=LINE('',#12758,#967);
#465=LINE('',#12760,#968);
#466=LINE('',#12761,#969);
#467=LINE('',#12763,#970);
#468=LINE('',#12764,#971);
#469=LINE('',#12768,#972);
#470=LINE('',#12770,#973);
#471=LINE('',#12773,#974);
#472=LINE('',#12775,#975);
#473=LINE('',#12781,#976);
#474=LINE('',#12783,#977);
#475=LINE('',#12785,#978);
#476=LINE('',#12786,#979);
#477=LINE('',#12788,#980);
#478=LINE('',#12790,#981);
#479=LINE('',#12791,#982);
#480=LINE('',#12793,#983);
#481=LINE('',#12794,#984);
#482=LINE('',#12796,#985);
#483=LINE('',#12797,#986);
#484=LINE('',#12801,#987);
#485=LINE('',#12803,#988);
#486=LINE('',#12809,#989);
#487=LINE('',#12816,#990);
#488=LINE('',#12825,#991);
#489=LINE('',#12832,#992);
#490=LINE('',#12836,#993);
#491=LINE('',#12838,#994);
#492=LINE('',#12840,#995);
#493=LINE('',#12844,#996);
#494=LINE('',#12846,#997);
#495=LINE('',#12848,#998);
#496=LINE('',#12853,#999);
#497=LINE('',#12860,#1000);
#498=LINE('',#12865,#1001);
#499=LINE('',#12872,#1002);
#500=LINE('',#12877,#1003);
#501=LINE('',#12884,#1004);
#502=LINE('',#12888,#1005);
#503=LINE('',#12890,#1006);
#504=LINE('',#12892,#1007);
#505=LINE('',#12901,#1008);
#506=LINE('',#12908,#1009);
#507=LINE('',#12912,#1010);
#508=LINE('',#12914,#1011);
#509=LINE('',#12916,#1012);
#510=LINE('',#12921,#1013);
#511=LINE('',#12928,#1014);
#512=LINE('',#12933,#1015);
#513=LINE('',#12940,#1016);
#514=LINE('',#12944,#1017);
#515=LINE('',#12946,#1018);
#516=LINE('',#12948,#1019);
#517=LINE('',#12960,#1020);
#518=LINE('',#12967,#1021);
#519=LINE('',#12971,#1022);
#520=LINE('',#12973,#1023);
#521=LINE('',#12975,#1024);
#522=LINE('',#12980,#1025);
#523=LINE('',#12987,#1026);
#524=LINE('',#12992,#1027);
#525=LINE('',#12999,#1028);
#526=LINE('',#13003,#1029);
#527=LINE('',#13005,#1030);
#528=LINE('',#13007,#1031);
#529=LINE('',#13019,#1032);
#530=LINE('',#13026,#1033);
#531=LINE('',#13030,#1034);
#532=LINE('',#13032,#1035);
#533=LINE('',#13034,#1036);
#534=LINE('',#13036,#1037);
#535=LINE('',#13040,#1038);
#536=LINE('',#13043,#1039);
#537=LINE('',#13046,#1040);
#538=LINE('',#13049,#1041);
#539=LINE('',#13052,#1042);
#540=LINE('',#13055,#1043);
#541=LINE('',#13058,#1044);
#542=LINE('',#13062,#1045);
#543=LINE('',#13065,#1046);
#544=LINE('',#13068,#1047);
#545=LINE('',#13071,#1048);
#546=LINE('',#13074,#1049);
#547=LINE('',#13078,#1050);
#548=LINE('',#13081,#1051);
#549=LINE('',#13084,#1052);
#550=LINE('',#13087,#1053);
#551=LINE('',#13090,#1054);
#552=LINE('',#13094,#1055);
#553=LINE('',#13097,#1056);
#554=LINE('',#13158,#1057);
#555=LINE('',#13192,#1058);
#556=LINE('',#13196,#1059);
#557=LINE('',#13238,#1060);
#558=LINE('',#13272,#1061);
#559=LINE('',#13275,#1062);
#560=LINE('',#13278,#1063);
#561=LINE('',#13280,#1064);
#562=LINE('',#13281,#1065);
#563=LINE('',#13300,#1066);
#564=LINE('',#13319,#1067);
#565=LINE('',#13338,#1068);
#566=LINE('',#13357,#1069);
#567=LINE('',#13376,#1070);
#568=LINE('',#13395,#1071);
#569=LINE('',#13414,#1072);
#570=LINE('',#13417,#1073);
#571=LINE('',#13418,#1074);
#572=LINE('',#13437,#1075);
#573=LINE('',#13456,#1076);
#574=LINE('',#13475,#1077);
#575=LINE('',#13494,#1078);
#576=LINE('',#13497,#1079);
#577=LINE('',#13498,#1080);
#578=LINE('',#13502,#1081);
#579=LINE('',#13505,#1082);
#580=LINE('',#13506,#1083);
#581=LINE('',#13525,#1084);
#582=LINE('',#13544,#1085);
#583=LINE('',#13563,#1086);
#584=LINE('',#13582,#1087);
#585=LINE('',#13601,#1088);
#586=LINE('',#13604,#1089);
#587=LINE('',#13605,#1090);
#588=LINE('',#13624,#1091);
#589=LINE('',#13643,#1092);
#590=LINE('',#13662,#1093);
#591=LINE('',#13681,#1094);
#592=LINE('',#13684,#1095);
#593=LINE('',#13685,#1096);
#594=LINE('',#13691,#1097);
#595=LINE('',#13695,#1098);
#596=LINE('',#13699,#1099);
#597=LINE('',#13703,#1100);
#598=LINE('',#13709,#1101);
#599=LINE('',#13713,#1102);
#600=LINE('',#13717,#1103);
#601=LINE('',#13721,#1104);
#602=LINE('',#13725,#1105);
#603=LINE('',#13726,#1106);
#604=LINE('',#13729,#1107);
#605=LINE('',#13733,#1108);
#606=LINE('',#13737,#1109);
#607=LINE('',#13741,#1110);
#608=LINE('',#13745,#1111);
#609=LINE('',#13748,#1112);
#610=LINE('',#13751,#1113);
#611=LINE('',#13752,#1114);
#612=LINE('',#13756,#1115);
#613=LINE('',#13759,#1116);
#614=LINE('',#13760,#1117);
#615=LINE('',#13763,#1118);
#616=LINE('',#13764,#1119);
#617=LINE('',#13768,#1120);
#618=LINE('',#13771,#1121);
#619=LINE('',#13772,#1122);
#620=LINE('',#13776,#1123);
#621=LINE('',#13779,#1124);
#622=LINE('',#13780,#1125);
#623=LINE('',#13784,#1126);
#624=LINE('',#13786,#1127);
#625=LINE('',#13804,#1128);
#626=LINE('',#13808,#1129);
#627=LINE('',#13812,#1130);
#628=LINE('',#13816,#1131);
#629=LINE('',#13820,#1132);
#630=LINE('',#13823,#1133);
#631=LINE('',#13830,#1134);
#632=LINE('',#13844,#1135);
#633=LINE('',#13862,#1136);
#634=LINE('',#13876,#1137);
#635=LINE('',#13905,#1138);
#636=LINE('',#13906,#1139);
#637=LINE('',#13908,#1140);
#638=LINE('',#13910,#1141);
#639=LINE('',#13912,#1142);
#640=LINE('',#13914,#1143);
#641=LINE('',#13916,#1144);
#642=LINE('',#13918,#1145);
#643=LINE('',#13920,#1146);
#644=LINE('',#13922,#1147);
#645=LINE('',#13924,#1148);
#646=LINE('',#13926,#1149);
#647=LINE('',#13930,#1150);
#648=LINE('',#13932,#1151);
#649=LINE('',#13933,#1152);
#650=LINE('',#13936,#1153);
#651=LINE('',#13937,#1154);
#652=LINE('',#13940,#1155);
#653=LINE('',#13941,#1156);
#654=LINE('',#13944,#1157);
#655=LINE('',#13945,#1158);
#656=LINE('',#13948,#1159);
#657=LINE('',#13949,#1160);
#658=LINE('',#13952,#1161);
#659=LINE('',#13953,#1162);
#660=LINE('',#13956,#1163);
#661=LINE('',#13957,#1164);
#662=LINE('',#13959,#1165);
#663=LINE('',#13963,#1166);
#664=LINE('',#13965,#1167);
#665=LINE('',#13967,#1168);
#666=LINE('',#13969,#1169);
#667=LINE('',#13971,#1170);
#668=LINE('',#13973,#1171);
#669=LINE('',#13975,#1172);
#670=LINE('',#13976,#1173);
#671=LINE('',#13979,#1174);
#672=LINE('',#13981,#1175);
#673=LINE('',#13982,#1176);
#674=LINE('',#13985,#1177);
#675=LINE('',#13986,#1178);
#676=LINE('',#13989,#1179);
#677=LINE('',#13990,#1180);
#678=LINE('',#13993,#1181);
#679=LINE('',#13994,#1182);
#680=LINE('',#13997,#1183);
#681=LINE('',#13998,#1184);
#682=LINE('',#14001,#1185);
#683=LINE('',#14002,#1186);
#684=LINE('',#14005,#1187);
#685=LINE('',#14006,#1188);
#686=LINE('',#14008,#1189);
#687=LINE('',#14010,#1190);
#688=LINE('',#14011,#1191);
#689=LINE('',#14012,#1192);
#690=LINE('',#14014,#1193);
#691=LINE('',#14016,#1194);
#692=LINE('',#14017,#1195);
#693=LINE('',#14019,#1196);
#694=LINE('',#14021,#1197);
#695=LINE('',#14022,#1198);
#696=LINE('',#14024,#1199);
#697=LINE('',#14026,#1200);
#698=LINE('',#14027,#1201);
#699=VECTOR('',#8333,10.);
#700=VECTOR('',#8334,10.);
#701=VECTOR('',#8335,10.);
#702=VECTOR('',#8336,10.);
#703=VECTOR('',#8337,10.);
#704=VECTOR('',#8356,10.);
#705=VECTOR('',#8359,10.);
#706=VECTOR('',#8362,10.);
#707=VECTOR('',#8363,10.);
#708=VECTOR('',#8364,10.);
#709=VECTOR('',#8365,10.);
#710=VECTOR('',#8382,10.);
#711=VECTOR('',#8385,10.);
#712=VECTOR('',#8388,10.);
#713=VECTOR('',#8389,10.);
#714=VECTOR('',#8390,10.);
#715=VECTOR('',#8391,10.);
#716=VECTOR('',#8408,10.);
#717=VECTOR('',#8409,10.);
#718=VECTOR('',#8410,10.);
#719=VECTOR('',#8411,10.);
#720=VECTOR('',#8412,10.);
#721=VECTOR('',#8415,10.);
#722=VECTOR('',#8434,10.);
#723=VECTOR('',#8435,10.);
#724=VECTOR('',#8436,10.);
#725=VECTOR('',#8437,10.);
#726=VECTOR('',#8438,10.);
#727=VECTOR('',#8457,10.);
#728=VECTOR('',#8460,10.);
#729=VECTOR('',#8463,10.);
#730=VECTOR('',#8464,10.);
#731=VECTOR('',#8465,10.);
#732=VECTOR('',#8466,10.);
#733=VECTOR('',#8483,10.);
#734=VECTOR('',#8484,10.);
#735=VECTOR('',#8485,10.);
#736=VECTOR('',#8486,10.);
#737=VECTOR('',#8487,10.);
#738=VECTOR('',#8490,10.);
#739=VECTOR('',#8509,10.);
#740=VECTOR('',#8510,10.);
#741=VECTOR('',#8511,10.);
#742=VECTOR('',#8512,10.);
#743=VECTOR('',#8513,10.);
#744=VECTOR('',#8532,10.);
#745=VECTOR('',#8535,10.);
#746=VECTOR('',#8538,10.);
#747=VECTOR('',#8539,10.);
#748=VECTOR('',#8540,10.);
#749=VECTOR('',#8541,10.);
#750=VECTOR('',#8562,10.);
#751=VECTOR('',#8563,10.);
#752=VECTOR('',#8564,10.);
#753=VECTOR('',#8565,10.);
#754=VECTOR('',#8566,10.);
#755=VECTOR('',#8585,10.);
#756=VECTOR('',#8588,10.);
#757=VECTOR('',#8591,10.);
#758=VECTOR('',#8592,10.);
#759=VECTOR('',#8593,10.);
#760=VECTOR('',#8594,10.);
#761=VECTOR('',#8611,10.);
#762=VECTOR('',#8614,10.);
#763=VECTOR('',#8617,10.);
#764=VECTOR('',#8618,10.);
#765=VECTOR('',#8619,10.);
#766=VECTOR('',#8620,10.);
#767=VECTOR('',#8637,10.);
#768=VECTOR('',#8640,10.);
#769=VECTOR('',#8643,10.);
#770=VECTOR('',#8644,10.);
#771=VECTOR('',#8645,10.);
#772=VECTOR('',#8646,10.);
#773=VECTOR('',#8663,10.);
#774=VECTOR('',#8666,10.);
#775=VECTOR('',#8669,10.);
#776=VECTOR('',#8670,10.);
#777=VECTOR('',#8671,10.);
#778=VECTOR('',#8672,10.);
#779=VECTOR('',#8693,10.);
#780=VECTOR('',#8694,10.);
#781=VECTOR('',#8695,10.);
#782=VECTOR('',#8696,10.);
#783=VECTOR('',#8697,10.);
#784=VECTOR('',#8710,10.);
#785=VECTOR('',#8711,10.);
#786=VECTOR('',#8712,10.);
#787=VECTOR('',#8713,10.);
#788=VECTOR('',#8714,10.);
#789=VECTOR('',#8727,10.);
#790=VECTOR('',#8728,10.);
#791=VECTOR('',#8729,10.);
#792=VECTOR('',#8730,10.);
#793=VECTOR('',#8731,10.);
#794=VECTOR('',#8750,10.);
#795=VECTOR('',#8753,10.);
#796=VECTOR('',#8756,10.);
#797=VECTOR('',#8757,10.);
#798=VECTOR('',#8758,10.);
#799=VECTOR('',#8759,10.);
#800=VECTOR('',#8780,10.);
#801=VECTOR('',#8781,10.);
#802=VECTOR('',#8782,10.);
#803=VECTOR('',#8783,10.);
#804=VECTOR('',#8784,10.);
#805=VECTOR('',#8807,10.);
#806=VECTOR('',#8808,10.);
#807=VECTOR('',#8809,10.);
#808=VECTOR('',#8810,10.);
#809=VECTOR('',#8811,10.);
#810=VECTOR('',#8824,10.);
#811=VECTOR('',#8825,10.);
#812=VECTOR('',#8826,10.);
#813=VECTOR('',#8827,10.);
#814=VECTOR('',#8828,10.);
#815=VECTOR('',#8841,10.);
#816=VECTOR('',#8842,10.);
#817=VECTOR('',#8843,10.);
#818=VECTOR('',#8844,10.);
#819=VECTOR('',#8845,10.);
#820=VECTOR('',#8864,10.);
#821=VECTOR('',#8867,10.);
#822=VECTOR('',#8870,10.);
#823=VECTOR('',#8871,10.);
#824=VECTOR('',#8872,10.);
#825=VECTOR('',#8873,10.);
#826=VECTOR('',#8890,10.);
#827=VECTOR('',#8893,10.);
#828=VECTOR('',#8896,10.);
#829=VECTOR('',#8897,10.);
#830=VECTOR('',#8898,10.);
#831=VECTOR('',#8899,10.);
#832=VECTOR('',#8916,10.);
#833=VECTOR('',#8919,10.);
#834=VECTOR('',#8922,10.);
#835=VECTOR('',#8923,10.);
#836=VECTOR('',#8924,10.);
#837=VECTOR('',#8925,10.);
#838=VECTOR('',#8946,10.);
#839=VECTOR('',#8947,10.);
#840=VECTOR('',#8948,10.);
#841=VECTOR('',#8949,10.);
#842=VECTOR('',#8950,10.);
#843=VECTOR('',#8971,10.);
#844=VECTOR('',#8974,10.);
#845=VECTOR('',#8981,10.);
#846=VECTOR('',#8986,10.);
#847=VECTOR('',#8989,10.);
#848=VECTOR('',#8996,10.);
#849=VECTOR('',#9029,10.);
#850=VECTOR('',#9034,10.);
#851=VECTOR('',#9041,10.);
#852=VECTOR('',#9046,10.);
#853=VECTOR('',#9049,10.);
#854=VECTOR('',#9054,10.);
#855=VECTOR('',#9089,10.);
#856=VECTOR('',#9098,10.);
#857=VECTOR('',#9101,10.);
#858=VECTOR('',#9106,10.);
#859=VECTOR('',#9109,10.);
#860=VECTOR('',#9146,10.);
#861=VECTOR('',#9155,10.);
#862=VECTOR('',#9158,10.);
#863=VECTOR('',#9165,10.);
#864=VECTOR('',#9168,10.);
#865=VECTOR('',#9193,10.);
#866=VECTOR('',#9194,10.);
#867=VECTOR('',#9195,10.);
#868=VECTOR('',#9196,10.);
#869=VECTOR('',#9201,10.);
#870=VECTOR('',#9206,10.);
#871=VECTOR('',#9207,10.);
#872=VECTOR('',#9208,10.);
#873=VECTOR('',#9217,10.);
#874=VECTOR('',#9220,3.5);
#875=VECTOR('',#9223,3.5);
#876=VECTOR('',#9224,10.);
#877=VECTOR('',#9227,10.);
#878=VECTOR('',#9228,10.);
#879=VECTOR('',#9231,10.);
#880=VECTOR('',#9234,10.);
#881=VECTOR('',#9237,10.);
#882=VECTOR('',#9240,10.);
#883=VECTOR('',#9241,10.);
#884=VECTOR('',#9244,10.);
#885=VECTOR('',#9247,10.);
#886=VECTOR('',#9250,10.);
#887=VECTOR('',#9253,10.);
#888=VECTOR('',#9256,10.);
#889=VECTOR('',#9259,10.);
#890=VECTOR('',#9262,10.);
#891=VECTOR('',#9279,10.);
#892=VECTOR('',#9280,10.);
#893=VECTOR('',#9289,10.);
#894=VECTOR('',#9292,10.);
#895=VECTOR('',#9299,10.);
#896=VECTOR('',#9300,10.);
#897=VECTOR('',#9301,10.);
#898=VECTOR('',#9304,10.);
#899=VECTOR('',#9309,10.);
#900=VECTOR('',#9310,10.);
#901=VECTOR('',#9317,10.);
#902=VECTOR('',#9320,10.);
#903=VECTOR('',#9323,10.);
#904=VECTOR('',#9324,10.);
#905=VECTOR('',#9329,10.);
#906=VECTOR('',#9332,10.);
#907=VECTOR('',#9343,10.);
#908=VECTOR('',#9352,3.5);
#909=VECTOR('',#9359,10.);
#910=VECTOR('',#9360,10.);
#911=VECTOR('',#9361,10.);
#912=VECTOR('',#9364,10.);
#913=VECTOR('',#9365,10.);
#914=VECTOR('',#9366,10.);
#915=VECTOR('',#9369,10.);
#916=VECTOR('',#9370,10.);
#917=VECTOR('',#9371,10.);
#918=VECTOR('',#9372,10.);
#919=VECTOR('',#9373,10.);
#920=VECTOR('',#9374,10.);
#921=VECTOR('',#9375,10.);
#922=VECTOR('',#9376,10.);
#923=VECTOR('',#9377,10.);
#924=VECTOR('',#9378,10.);
#925=VECTOR('',#9379,10.);
#926=VECTOR('',#9380,10.);
#927=VECTOR('',#9381,10.);
#928=VECTOR('',#9382,10.);
#929=VECTOR('',#9383,10.);
#930=VECTOR('',#9384,10.);
#931=VECTOR('',#9385,10.);
#932=VECTOR('',#9386,10.);
#933=VECTOR('',#9387,10.);
#934=VECTOR('',#9388,10.);
#935=VECTOR('',#9389,10.);
#936=VECTOR('',#9390,10.);
#937=VECTOR('',#9391,10.);
#938=VECTOR('',#9392,10.);
#939=VECTOR('',#9393,10.);
#940=VECTOR('',#9394,10.);
#941=VECTOR('',#9395,10.);
#942=VECTOR('',#9396,10.);
#943=VECTOR('',#9397,10.);
#944=VECTOR('',#9398,10.);
#945=VECTOR('',#9399,10.);
#946=VECTOR('',#9400,10.);
#947=VECTOR('',#9403,10.);
#948=VECTOR('',#9404,10.);
#949=VECTOR('',#9405,10.);
#950=VECTOR('',#9406,10.);
#951=VECTOR('',#9407,10.);
#952=VECTOR('',#9408,10.);
#953=VECTOR('',#9411,10.);
#954=VECTOR('',#9412,10.);
#955=VECTOR('',#9415,10.);
#956=VECTOR('',#9416,10.);
#957=VECTOR('',#9417,10.);
#958=VECTOR('',#9418,10.);
#959=VECTOR('',#9419,10.);
#960=VECTOR('',#9420,10.);
#961=VECTOR('',#9423,10.);
#962=VECTOR('',#9424,10.);
#963=VECTOR('',#9427,10.);
#964=VECTOR('',#9428,10.);
#965=VECTOR('',#9429,10.);
#966=VECTOR('',#9430,10.);
#967=VECTOR('',#9431,10.);
#968=VECTOR('',#9432,10.);
#969=VECTOR('',#9433,10.);
#970=VECTOR('',#9434,10.);
#971=VECTOR('',#9435,10.);
#972=VECTOR('',#9442,10.);
#973=VECTOR('',#9445,10.);
#974=VECTOR('',#9450,10.);
#975=VECTOR('',#9453,10.);
#976=VECTOR('',#9462,10.);
#977=VECTOR('',#9463,10.);
#978=VECTOR('',#9464,10.);
#979=VECTOR('',#9465,10.);
#980=VECTOR('',#9466,10.);
#981=VECTOR('',#9467,10.);
#982=VECTOR('',#9468,10.);
#983=VECTOR('',#9469,10.);
#984=VECTOR('',#9470,10.);
#985=VECTOR('',#9473,10.);
#986=VECTOR('',#9474,10.);
#987=VECTOR('',#9481,10.);
#988=VECTOR('',#9484,10.);
#989=VECTOR('',#9491,10.);
#990=VECTOR('',#9498,10.);
#991=VECTOR('',#9511,10.);
#992=VECTOR('',#9518,10.);
#993=VECTOR('',#9523,10.);
#994=VECTOR('',#9526,10.);
#995=VECTOR('',#9529,10.);
#996=VECTOR('',#9534,10.);
#997=VECTOR('',#9537,10.);
#998=VECTOR('',#9540,10.);
#999=VECTOR('',#9545,10.);
#1000=VECTOR('',#9552,10.);
#1001=VECTOR('',#9557,10.);
#1002=VECTOR('',#9564,10.);
#1003=VECTOR('',#9569,10.);
#1004=VECTOR('',#9576,10.);
#1005=VECTOR('',#9581,10.);
#1006=VECTOR('',#9584,10.);
#1007=VECTOR('',#9587,10.);
#1008=VECTOR('',#9600,10.);
#1009=VECTOR('',#9607,10.);
#1010=VECTOR('',#9612,10.);
#1011=VECTOR('',#9615,10.);
#1012=VECTOR('',#9618,10.);
#1013=VECTOR('',#9623,10.);
#1014=VECTOR('',#9630,10.);
#1015=VECTOR('',#9635,10.);
#1016=VECTOR('',#9642,10.);
#1017=VECTOR('',#9647,10.);
#1018=VECTOR('',#9650,10.);
#1019=VECTOR('',#9653,10.);
#1020=VECTOR('',#9672,10.);
#1021=VECTOR('',#9679,10.);
#1022=VECTOR('',#9684,10.);
#1023=VECTOR('',#9687,10.);
#1024=VECTOR('',#9690,10.);
#1025=VECTOR('',#9695,10.);
#1026=VECTOR('',#9702,10.);
#1027=VECTOR('',#9707,10.);
#1028=VECTOR('',#9714,10.);
#1029=VECTOR('',#9719,10.);
#1030=VECTOR('',#9722,10.);
#1031=VECTOR('',#9725,10.);
#1032=VECTOR('',#9744,10.);
#1033=VECTOR('',#9751,10.);
#1034=VECTOR('',#9756,10.);
#1035=VECTOR('',#9759,10.);
#1036=VECTOR('',#9762,10.);
#1037=VECTOR('',#9765,10.);
#1038=VECTOR('',#9772,10.);
#1039=VECTOR('',#9777,10.);
#1040=VECTOR('',#9782,10.);
#1041=VECTOR('',#9787,10.);
#1042=VECTOR('',#9792,10.);
#1043=VECTOR('',#9797,10.);
#1044=VECTOR('',#9802,10.);
#1045=VECTOR('',#9809,10.);
#1046=VECTOR('',#9814,10.);
#1047=VECTOR('',#9819,10.);
#1048=VECTOR('',#9824,10.);
#1049=VECTOR('',#9829,10.);
#1050=VECTOR('',#9836,10.);
#1051=VECTOR('',#9841,10.);
#1052=VECTOR('',#9846,10.);
#1053=VECTOR('',#9851,10.);
#1054=VECTOR('',#9856,10.);
#1055=VECTOR('',#9863,10.);
#1056=VECTOR('',#9868,10.);
#1057=VECTOR('',#9873,10.);
#1058=VECTOR('',#9874,10.);
#1059=VECTOR('',#9877,10.);
#1060=VECTOR('',#9878,10.);
#1061=VECTOR('',#9879,10.);
#1062=VECTOR('',#9882,10.);
#1063=VECTOR('',#9885,10.);
#1064=VECTOR('',#9886,10.);
#1065=VECTOR('',#9887,10.);
#1066=VECTOR('',#9888,10.);
#1067=VECTOR('',#9889,10.);
#1068=VECTOR('',#9890,10.);
#1069=VECTOR('',#9891,10.);
#1070=VECTOR('',#9892,10.);
#1071=VECTOR('',#9893,10.);
#1072=VECTOR('',#9894,10.);
#1073=VECTOR('',#9897,10.);
#1074=VECTOR('',#9898,10.);
#1075=VECTOR('',#9899,10.);
#1076=VECTOR('',#9900,10.);
#1077=VECTOR('',#9901,10.);
#1078=VECTOR('',#9902,10.);
#1079=VECTOR('',#9905,10.);
#1080=VECTOR('',#9906,10.);
#1081=VECTOR('',#9911,10.);
#1082=VECTOR('',#9914,10.);
#1083=VECTOR('',#9915,10.);
#1084=VECTOR('',#9916,10.);
#1085=VECTOR('',#9917,10.);
#1086=VECTOR('',#9918,10.);
#1087=VECTOR('',#9919,10.);
#1088=VECTOR('',#9920,10.);
#1089=VECTOR('',#9923,10.);
#1090=VECTOR('',#9924,10.);
#1091=VECTOR('',#9925,10.);
#1092=VECTOR('',#9926,10.);
#1093=VECTOR('',#9927,10.);
#1094=VECTOR('',#9928,10.);
#1095=VECTOR('',#9931,10.);
#1096=VECTOR('',#9932,10.);
#1097=VECTOR('',#9941,7.);
#1098=VECTOR('',#9946,7.);
#1099=VECTOR('',#9951,7.);
#1100=VECTOR('',#9956,7.00000000000001);
#1101=VECTOR('',#9961,10.);
#1102=VECTOR('',#9964,10.);
#1103=VECTOR('',#9967,10.);
#1104=VECTOR('',#9970,10.);
#1105=VECTOR('',#9973,10.);
#1106=VECTOR('',#9974,10.);
#1107=VECTOR('',#9977,7.3);
#1108=VECTOR('',#9982,7.3);
#1109=VECTOR('',#9987,7.3);
#1110=VECTOR('',#9992,7.30000000000001);
#1111=VECTOR('',#9997,10.);
#1112=VECTOR('',#10000,10.);
#1113=VECTOR('',#10003,10.);
#1114=VECTOR('',#10004,10.);
#1115=VECTOR('',#10009,10.);
#1116=VECTOR('',#10012,10.);
#1117=VECTOR('',#10013,10.);
#1118=VECTOR('',#10016,10.);
#1119=VECTOR('',#10017,10.);
#1120=VECTOR('',#10022,10.);
#1121=VECTOR('',#10025,10.);
#1122=VECTOR('',#10026,10.);
#1123=VECTOR('',#10031,10.);
#1124=VECTOR('',#10034,10.);
#1125=VECTOR('',#10035,10.);
#1126=VECTOR('',#10040,10.);
#1127=VECTOR('',#10043,10.);
#1128=VECTOR('',#10064,10.);
#1129=VECTOR('',#10067,10.);
#1130=VECTOR('',#10070,10.);
#1131=VECTOR('',#10073,10.);
#1132=VECTOR('',#10076,10.);
#1133=VECTOR('',#10079,10.);
#1134=VECTOR('',#10086,10.3);
#1135=VECTOR('',#10103,10.3);
#1136=VECTOR('',#10124,10.3);
#1137=VECTOR('',#10141,10.3);
#1138=VECTOR('',#10186,10.);
#1139=VECTOR('',#10187,10.);
#1140=VECTOR('',#10190,10.);
#1141=VECTOR('',#10193,10.);
#1142=VECTOR('',#10196,10.);
#1143=VECTOR('',#10199,10.);
#1144=VECTOR('',#10202,10.);
#1145=VECTOR('',#10205,10.);
#1146=VECTOR('',#10208,10.);
#1147=VECTOR('',#10211,10.);
#1148=VECTOR('',#10214,10.);
#1149=VECTOR('',#10217,10.);
#1150=VECTOR('',#10222,10.);
#1151=VECTOR('',#10223,10.);
#1152=VECTOR('',#10224,10.);
#1153=VECTOR('',#10227,10.);
#1154=VECTOR('',#10228,10.);
#1155=VECTOR('',#10231,10.);
#1156=VECTOR('',#10232,10.);
#1157=VECTOR('',#10235,10.);
#1158=VECTOR('',#10236,10.);
#1159=VECTOR('',#10239,10.);
#1160=VECTOR('',#10240,10.);
#1161=VECTOR('',#10243,10.);
#1162=VECTOR('',#10244,10.);
#1163=VECTOR('',#10247,10.);
#1164=VECTOR('',#10248,10.);
#1165=VECTOR('',#10251,10.);
#1166=VECTOR('',#10254,10.);
#1167=VECTOR('',#10255,10.);
#1168=VECTOR('',#10256,10.);
#1169=VECTOR('',#10257,10.);
#1170=VECTOR('',#10258,10.);
#1171=VECTOR('',#10259,10.);
#1172=VECTOR('',#10260,10.);
#1173=VECTOR('',#10261,10.);
#1174=VECTOR('',#10264,10.);
#1175=VECTOR('',#10265,10.);
#1176=VECTOR('',#10266,10.);
#1177=VECTOR('',#10269,10.);
#1178=VECTOR('',#10270,10.);
#1179=VECTOR('',#10273,10.);
#1180=VECTOR('',#10274,10.);
#1181=VECTOR('',#10277,10.);
#1182=VECTOR('',#10278,10.);
#1183=VECTOR('',#10281,10.);
#1184=VECTOR('',#10282,10.);
#1185=VECTOR('',#10285,10.);
#1186=VECTOR('',#10286,10.);
#1187=VECTOR('',#10289,10.);
#1188=VECTOR('',#10290,10.);
#1189=VECTOR('',#10293,10.);
#1190=VECTOR('',#10296,10.);
#1191=VECTOR('',#10297,10.);
#1192=VECTOR('',#10298,10.);
#1193=VECTOR('',#10301,10.);
#1194=VECTOR('',#10304,10.);
#1195=VECTOR('',#10305,10.);
#1196=VECTOR('',#10308,10.);
#1197=VECTOR('',#10311,10.);
#1198=VECTOR('',#10312,10.);
#1199=VECTOR('',#10315,10.);
#1200=VECTOR('',#10318,10.);
#1201=VECTOR('',#10319,10.);
#1202=PLANE('',#7571);
#1203=PLANE('',#7582);
#1204=PLANE('',#7592);
#1205=PLANE('',#7600);
#1206=PLANE('',#7610);
#1207=PLANE('',#7621);
#1208=PLANE('',#7629);
#1209=PLANE('',#7639);
#1210=PLANE('',#7650);
#1211=PLANE('',#7660);
#1212=PLANE('',#7671);
#1213=PLANE('',#7681);
#1214=PLANE('',#7691);
#1215=PLANE('',#7701);
#1216=PLANE('',#7711);
#1217=PLANE('',#7717);
#1218=PLANE('',#7723);
#1219=PLANE('',#7734);
#1220=PLANE('',#7744);
#1221=PLANE('',#7755);
#1222=PLANE('',#7761);
#1223=PLANE('',#7767);
#1224=PLANE('',#7778);
#1225=PLANE('',#7788);
#1226=PLANE('',#7798);
#1227=PLANE('',#7808);
#1228=PLANE('',#7817);
#1229=PLANE('',#7843);
#1230=PLANE('',#7869);
#1231=PLANE('',#7895);
#1232=PLANE('',#7918);
#1233=PLANE('',#7922);
#1234=PLANE('',#7928);
#1235=PLANE('',#7929);
#1236=PLANE('',#7953);
#1237=PLANE('',#7955);
#1238=PLANE('',#7956);
#1239=PLANE('',#7959);
#1240=PLANE('',#7964);
#1241=PLANE('',#7976);
#1242=PLANE('',#7977);
#1243=PLANE('',#7979);
#1244=PLANE('',#7980);
#1245=PLANE('',#7981);
#1246=PLANE('',#7982);
#1247=PLANE('',#7983);
#1248=PLANE('',#7984);
#1249=PLANE('',#7985);
#1250=PLANE('',#7986);
#1251=PLANE('',#7987);
#1252=PLANE('',#7988);
#1253=PLANE('',#7989);
#1254=PLANE('',#7990);
#1255=PLANE('',#7991);
#1256=PLANE('',#7992);
#1257=PLANE('',#7993);
#1258=PLANE('',#7994);
#1259=PLANE('',#7995);
#1260=PLANE('',#7996);
#1261=PLANE('',#7997);
#1262=PLANE('',#7998);
#1263=PLANE('',#7999);
#1264=PLANE('',#8000);
#1265=PLANE('',#8001);
#1266=PLANE('',#8002);
#1267=PLANE('',#8003);
#1268=PLANE('',#8004);
#1269=PLANE('',#8009);
#1270=PLANE('',#8013);
#1271=PLANE('',#8018);
#1272=PLANE('',#8022);
#1273=PLANE('',#8026);
#1274=PLANE('',#8031);
#1275=PLANE('',#8036);
#1276=PLANE('',#8041);
#1277=PLANE('',#8045);
#1278=PLANE('',#8049);
#1279=PLANE('',#8054);
#1280=PLANE('',#8058);
#1281=PLANE('',#8063);
#1282=PLANE('',#8068);
#1283=PLANE('',#8072);
#1284=PLANE('',#8079);
#1285=PLANE('',#8084);
#1286=PLANE('',#8088);
#1287=PLANE('',#8093);
#1288=PLANE('',#8098);
#1289=PLANE('',#8102);
#1290=PLANE('',#8109);
#1291=PLANE('',#8114);
#1292=PLANE('',#8119);
#1293=PLANE('',#8122);
#1294=PLANE('',#8124);
#1295=PLANE('',#8126);
#1296=PLANE('',#8128);
#1297=PLANE('',#8130);
#1298=PLANE('',#8132);
#1299=PLANE('',#8134);
#1300=PLANE('',#8137);
#1301=PLANE('',#8139);
#1302=PLANE('',#8141);
#1303=PLANE('',#8143);
#1304=PLANE('',#8145);
#1305=PLANE('',#8148);
#1306=PLANE('',#8150);
#1307=PLANE('',#8152);
#1308=PLANE('',#8154);
#1309=PLANE('',#8156);
#1310=PLANE('',#8159);
#1311=PLANE('',#8161);
#1312=PLANE('',#8162);
#1313=PLANE('',#8165);
#1314=PLANE('',#8166);
#1315=PLANE('',#8167);
#1316=PLANE('',#8170);
#1317=PLANE('',#8171);
#1318=PLANE('',#8172);
#1319=PLANE('',#8183);
#1320=PLANE('',#8199);
#1321=PLANE('',#8202);
#1322=PLANE('',#8203);
#1323=PLANE('',#8206);
#1324=PLANE('',#8209);
#1325=PLANE('',#8212);
#1326=PLANE('',#8213);
#1327=PLANE('',#8215);
#1328=PLANE('',#8217);
#1329=PLANE('',#8219);
#1330=PLANE('',#8221);
#1331=PLANE('',#8279);
#1332=PLANE('',#8281);
#1333=PLANE('',#8283);
#1334=PLANE('',#8285);
#1335=PLANE('',#8287);
#1336=PLANE('',#8289);
#1337=PLANE('',#8290);
#1338=PLANE('',#8291);
#1339=PLANE('',#8292);
#1340=PLANE('',#8293);
#1341=PLANE('',#8294);
#1342=PLANE('',#8295);
#1343=PLANE('',#8296);
#1344=PLANE('',#8297);
#1345=PLANE('',#8298);
#1346=PLANE('',#8299);
#1347=PLANE('',#8300);
#1348=PLANE('',#8301);
#1349=PLANE('',#8302);
#1350=PLANE('',#8303);
#1351=PLANE('',#8304);
#1352=PLANE('',#8305);
#1353=PLANE('',#8306);
#1354=PLANE('',#8307);
#1355=PLANE('',#8308);
#1356=PLANE('',#8309);
#1357=PLANE('',#8310);
#1358=PLANE('',#8311);
#1359=PLANE('',#8312);
#1360=PLANE('',#8313);
#1361=PLANE('',#8314);
#1362=PLANE('',#8315);
#1363=PLANE('',#8316);
#1364=PLANE('',#8317);
#1365=PLANE('',#8318);
#1366=(
BOUNDED_CURVE()
B_SPLINE_CURVE(2,(#10356,#10357,#10358),.UNSPECIFIED.,.F.,.F.)
B_SPLINE_CURVE_WITH_KNOTS((3,3),(0.0156639899800032,0.0339866276548414),
 .UNSPECIFIED.)
CURVE()
GEOMETRIC_REPRESENTATION_ITEM()
RATIONAL_B_SPLINE_CURVE((1.01177252193849,1.01849023192502,1.02481578864889))
REPRESENTATION_ITEM('')
);
#1367=(
BOUNDED_CURVE()
B_SPLINE_CURVE(2,(#10361,#10362,#10363),.UNSPECIFIED.,.F.,.F.)
B_SPLINE_CURVE_WITH_KNOTS((3,3),(0.070979865063624,0.0911077678743517),
 .UNSPECIFIED.)
CURVE()
GEOMETRIC_REPRESENTATION_ITEM()
RATIONAL_B_SPLINE_CURVE((1.05032519018479,1.05673089963406,1.06272276514584))
REPRESENTATION_ITEM('')
);
#1368=(
BOUNDED_CURVE()
B_SPLINE_CURVE(2,(#10377,#10378,#10379),.UNSPECIFIED.,.F.,.F.)
B_SPLINE_CURVE_WITH_KNOTS((3,3),(0.805592720429645,0.819918678654128),
 .UNSPECIFIED.)
CURVE()
GEOMETRIC_REPRESENTATION_ITEM()
RATIONAL_B_SPLINE_CURVE((1.06327077926465,1.04305711102681,1.02210450957383))
REPRESENTATION_ITEM('')
);
#1369=(
BOUNDED_CURVE()
B_SPLINE_CURVE(2,(#10385,#10386,#10387,#10388),.UNSPECIFIED.,.F.,.F.)
B_SPLINE_CURVE_WITH_KNOTS((3,1,3),(18713.2124113662,18885.7199422792,19232.7542969063),
 .UNSPECIFIED.)
CURVE()
GEOMETRIC_REPRESENTATION_ITEM()
RATIONAL_B_SPLINE_CURVE((6368.92723637705,6073.12933381665,5164.21867510835,
4532.84010307908))
REPRESENTATION_ITEM('')
);
#1370=(
BOUNDED_CURVE()
B_SPLINE_CURVE(2,(#10407,#10408,#10409),.UNSPECIFIED.,.F.,.F.)
B_SPLINE_CURVE_WITH_KNOTS((3,3),(1.89480821648154,1.89913899499694),
 .UNSPECIFIED.)
CURVE()
GEOMETRIC_REPRESENTATION_ITEM()
RATIONAL_B_SPLINE_CURVE((1.22479274545561,1.18814557759198,1.15132971369418))
REPRESENTATION_ITEM('')
);
#1371=(
BOUNDED_CURVE()
B_SPLINE_CURVE(2,(#10442,#10443,#10444),.UNSPECIFIED.,.F.,.F.)
B_SPLINE_CURVE_WITH_KNOTS((3,3),(1.69173471397421,1.69412102868269),
 .UNSPECIFIED.)
CURVE()
GEOMETRIC_REPRESENTATION_ITEM()
RATIONAL_B_SPLINE_CURVE((1.07466979012873,1.05437461383734,1.03402203333336))
REPRESENTATION_ITEM('')
);
#1372=(
BOUNDED_CURVE()
B_SPLINE_CURVE(2,(#10450,#10451,#10452),.UNSPECIFIED.,.F.,.F.)
B_SPLINE_CURVE_WITH_KNOTS((3,3),(1169.70614163796,1689.24802718655),
 .UNSPECIFIED.)
CURVE()
GEOMETRIC_REPRESENTATION_ITEM()
RATIONAL_B_SPLINE_CURVE((4532.84010304971,5478.07105619095,6368.9272363201))
REPRESENTATION_ITEM('')
);
#1373=(
BOUNDED_CURVE()
B_SPLINE_CURVE(2,(#10458,#10459,#10460),.UNSPECIFIED.,.F.,.F.)
B_SPLINE_CURVE_WITH_KNOTS((3,3),(0.00748776620562394,0.0218137244300878),
 .UNSPECIFIED.)
CURVE()
GEOMETRIC_REPRESENTATION_ITEM()
RATIONAL_B_SPLINE_CURVE((1.02210450957386,1.04305711102687,1.06327077926474))
REPRESENTATION_ITEM('')
);
#1374=(
BOUNDED_CURVE()
B_SPLINE_CURVE(2,(#10483,#10484,#10485),.UNSPECIFIED.,.F.,.F.)
B_SPLINE_CURVE_WITH_KNOTS((3,3),(0.00885920055617457,0.0131899790713472),
 .UNSPECIFIED.)
CURVE()
GEOMETRIC_REPRESENTATION_ITEM()
RATIONAL_B_SPLINE_CURVE((1.1513297136942,1.18814557759006,1.22479274545176))
REPRESENTATION_ITEM('')
);
#1375=(
BOUNDED_CURVE()
B_SPLINE_CURVE(2,(#10517,#10518,#10519),.UNSPECIFIED.,.F.,.F.)
B_SPLINE_CURVE_WITH_KNOTS((3,3),(1.6917347139742,1.69412102868269),
 .UNSPECIFIED.)
CURVE()
GEOMETRIC_REPRESENTATION_ITEM()
RATIONAL_B_SPLINE_CURVE((1.07466979012886,1.0543746138374,1.03402203333336))
REPRESENTATION_ITEM('')
);
#1376=(
BOUNDED_CURVE()
B_SPLINE_CURVE(2,(#10525,#10526,#10527),.UNSPECIFIED.,.F.,.F.)
B_SPLINE_CURVE_WITH_KNOTS((3,3),(1169.7061415558,1689.24802707736),
 .UNSPECIFIED.)
CURVE()
GEOMETRIC_REPRESENTATION_ITEM()
RATIONAL_B_SPLINE_CURVE((4532.84010313048,5478.07105631036,6368.92723647926))
REPRESENTATION_ITEM('')
);
#1377=(
BOUNDED_CURVE()
B_SPLINE_CURVE(2,(#10533,#10534,#10535),.UNSPECIFIED.,.F.,.F.)
B_SPLINE_CURVE_WITH_KNOTS((3,3),(0.00199217508639026,0.00586897433356724),
 .UNSPECIFIED.)
CURVE()
GEOMETRIC_REPRESENTATION_ITEM()
RATIONAL_B_SPLINE_CURVE((1.03402203333338,1.06708677055994,1.10000000000017))
REPRESENTATION_ITEM('')
);
#1378=(
BOUNDED_CURVE()
B_SPLINE_CURVE(2,(#10558,#10559,#10560),.UNSPECIFIED.,.F.,.F.)
B_SPLINE_CURVE_WITH_KNOTS((3,3),(0.00885920055617242,0.0131899790713438),
 .UNSPECIFIED.)
CURVE()
GEOMETRIC_REPRESENTATION_ITEM()
RATIONAL_B_SPLINE_CURVE((1.15132971369419,1.18814557759005,1.22479274545175))
REPRESENTATION_ITEM('')
);
#1379=(
BOUNDED_CURVE()
B_SPLINE_CURVE(2,(#10597,#10598,#10599),.UNSPECIFIED.,.F.,.F.)
B_SPLINE_CURVE_WITH_KNOTS((3,3),(0.805592720429611,0.819918678654086),
 .UNSPECIFIED.)
CURVE()
GEOMETRIC_REPRESENTATION_ITEM()
RATIONAL_B_SPLINE_CURVE((1.06327077926472,1.04305711102686,1.02210450957385))
REPRESENTATION_ITEM('')
);
#1380=(
BOUNDED_CURVE()
B_SPLINE_CURVE(2,(#10605,#10606,#10607,#10608),.UNSPECIFIED.,.F.,.F.)
B_SPLINE_CURVE_WITH_KNOTS((3,1,3),(18713.2124115303,18885.7199424634,19232.7542970297),
 .UNSPECIFIED.)
CURVE()
GEOMETRIC_REPRESENTATION_ITEM()
RATIONAL_B_SPLINE_CURVE((6368.92723661481,6073.12933397689,5164.21867520608,
4532.84010319944))
REPRESENTATION_ITEM('')
);
#1381=(
BOUNDED_CURVE()
B_SPLINE_CURVE(2,(#10613,#10614,#10615),.UNSPECIFIED.,.F.,.F.)
B_SPLINE_CURVE_WITH_KNOTS((3,3),(0.00748776620561221,0.0163437958185212),
 .UNSPECIFIED.)
CURVE()
GEOMETRIC_REPRESENTATION_ITEM()
RATIONAL_B_SPLINE_CURVE((1.02210450957387,1.03505700154882,1.04772711221421))
REPRESENTATION_ITEM('')
);
#1382=(
BOUNDED_CURVE()
B_SPLINE_CURVE(2,(#10656,#10657,#10658),.UNSPECIFIED.,.F.,.F.)
B_SPLINE_CURVE_WITH_KNOTS((3,3),(0.00199217508638856,0.00437848979487933),
 .UNSPECIFIED.)
CURVE()
GEOMETRIC_REPRESENTATION_ITEM()
RATIONAL_B_SPLINE_CURVE((1.03402203333336,1.05437461383739,1.07466979012883))
REPRESENTATION_ITEM('')
);
#1383=(
BOUNDED_CURVE()
B_SPLINE_CURVE(2,(#10661,#10662,#10663),.UNSPECIFIED.,.F.,.F.)
B_SPLINE_CURVE_WITH_KNOTS((3,3),(0.625086562201241,0.643409199876072),
 .UNSPECIFIED.)
CURVE()
GEOMETRIC_REPRESENTATION_ITEM()
RATIONAL_B_SPLINE_CURVE((1.02481578864878,1.01849023192493,1.01177252193844))
REPRESENTATION_ITEM('')
);
#1384=(
BOUNDED_CURVE()
B_SPLINE_CURVE(2,(#10677,#10678,#10679),.UNSPECIFIED.,.F.,.F.)
B_SPLINE_CURVE_WITH_KNOTS((3,3),(0.80559272042967,0.819918678654165),
 .UNSPECIFIED.)
CURVE()
GEOMETRIC_REPRESENTATION_ITEM()
RATIONAL_B_SPLINE_CURVE((1.06327077926461,1.04305711102679,1.02210450957382))
REPRESENTATION_ITEM('')
);
#1385=(
BOUNDED_CURVE()
B_SPLINE_CURVE(2,(#10685,#10686,#10687,#10688),.UNSPECIFIED.,.F.,.F.)
B_SPLINE_CURVE_WITH_KNOTS((3,1,3),(18713.2124115474,18885.7199424847,19232.754297043),
 .UNSPECIFIED.)
CURVE()
GEOMETRIC_REPRESENTATION_ITEM()
RATIONAL_B_SPLINE_CURVE((6368.92723664488,6073.12933399524,5164.21867521636,
4532.84010321451))
REPRESENTATION_ITEM('')
);
#1386=(
BOUNDED_CURVE()
B_SPLINE_CURVE(2,(#10707,#10708,#10709),.UNSPECIFIED.,.F.,.F.)
B_SPLINE_CURVE_WITH_KNOTS((3,3),(0.00199217508638937,0.00586897433356543),
 .UNSPECIFIED.)
CURVE()
GEOMETRIC_REPRESENTATION_ITEM()
RATIONAL_B_SPLINE_CURVE((1.03402203333337,1.06708677055993,1.10000000000016))
REPRESENTATION_ITEM('')
);
#1387=(
BOUNDED_CURVE()
B_SPLINE_CURVE(2,(#10742,#10743,#10744),.UNSPECIFIED.,.F.,.F.)
B_SPLINE_CURVE_WITH_KNOTS((3,3),(0.0709798650635108,0.0911077678742244),
 .UNSPECIFIED.)
CURVE()
GEOMETRIC_REPRESENTATION_ITEM()
RATIONAL_B_SPLINE_CURVE((1.05032519018526,1.0567308996346,1.06272276514643))
REPRESENTATION_ITEM('')
);
#1388=(
BOUNDED_CURVE()
B_SPLINE_CURVE(2,(#10750,#10751,#10752),.UNSPECIFIED.,.F.,.F.)
B_SPLINE_CURVE_WITH_KNOTS((3,3),(1169.70614166254,1689.24802722031),
 .UNSPECIFIED.)
CURVE()
GEOMETRIC_REPRESENTATION_ITEM()
RATIONAL_B_SPLINE_CURVE((4532.84010303367,5478.07105616704,6368.92723628766))
REPRESENTATION_ITEM('')
);
#1389=(
BOUNDED_CURVE()
B_SPLINE_CURVE(2,(#10758,#10759,#10760),.UNSPECIFIED.,.F.,.F.)
B_SPLINE_CURVE_WITH_KNOTS((3,3),(1.89480821648156,1.89913899499696),
 .UNSPECIFIED.)
CURVE()
GEOMETRIC_REPRESENTATION_ITEM()
RATIONAL_B_SPLINE_CURVE((1.22479274545564,1.188145577592,1.1513297136942))
REPRESENTATION_ITEM('')
);
#1390=(
BOUNDED_CURVE()
B_SPLINE_CURVE(2,(#10783,#10784,#10785),.UNSPECIFIED.,.F.,.F.)
B_SPLINE_CURVE_WITH_KNOTS((3,3),(0.00885920055617302,0.0131899790713447),
 .UNSPECIFIED.)
CURVE()
GEOMETRIC_REPRESENTATION_ITEM()
RATIONAL_B_SPLINE_CURVE((1.1513297136942,1.18814557759006,1.22479274545176))
REPRESENTATION_ITEM('')
);
#1391=(
BOUNDED_CURVE()
B_SPLINE_CURVE(2,(#10822,#10823,#10824),.UNSPECIFIED.,.F.,.F.)
B_SPLINE_CURVE_WITH_KNOTS((3,3),(1.69024422943555,1.69412102868273),
 .UNSPECIFIED.)
CURVE()
GEOMETRIC_REPRESENTATION_ITEM()
RATIONAL_B_SPLINE_CURVE((1.10000000000006,1.06708677055987,1.03402203333335))
REPRESENTATION_ITEM('')
);
#1392=(
BOUNDED_CURVE()
B_SPLINE_CURVE(2,(#10830,#10831,#10832,#10833),.UNSPECIFIED.,.F.,.F.)
B_SPLINE_CURVE_WITH_KNOTS((3,1,3),(18713.2124115477,18885.7199424847,19232.7542970431),
 .UNSPECIFIED.)
CURVE()
GEOMETRIC_REPRESENTATION_ITEM()
RATIONAL_B_SPLINE_CURVE((6368.92723664383,6073.1293339947,5164.21867521613,
4532.84010321405))
REPRESENTATION_ITEM('')
);
#1393=(
BOUNDED_CURVE()
B_SPLINE_CURVE(2,(#10838,#10839,#10840),.UNSPECIFIED.,.F.,.F.)
B_SPLINE_CURVE_WITH_KNOTS((3,3),(0.015663989980408,0.0339866276556476),
 .UNSPECIFIED.)
CURVE()
GEOMETRIC_REPRESENTATION_ITEM()
RATIONAL_B_SPLINE_CURVE((1.01177252193726,1.01849023192305,1.02481578864623))
REPRESENTATION_ITEM('')
);
#1394=(
BOUNDED_CURVE()
B_SPLINE_CURVE(2,(#10881,#10882,#10883),.UNSPECIFIED.,.F.,.F.)
B_SPLINE_CURVE_WITH_KNOTS((3,3),(0.673953984765525,0.694081887576275),
 .UNSPECIFIED.)
CURVE()
GEOMETRIC_REPRESENTATION_ITEM()
RATIONAL_B_SPLINE_CURVE((1.06272276514605,1.05673089963425,1.05032519018496))
REPRESENTATION_ITEM('')
);
#1395=(
BOUNDED_CURVE()
B_SPLINE_CURVE(2,(#10886,#10887,#10888),.UNSPECIFIED.,.F.,.F.)
B_SPLINE_CURVE_WITH_KNOTS((3,3),(1.69173471397426,1.69412102868275),
 .UNSPECIFIED.)
CURVE()
GEOMETRIC_REPRESENTATION_ITEM()
RATIONAL_B_SPLINE_CURVE((1.07466979012886,1.05437461383742,1.0340220333334))
REPRESENTATION_ITEM('')
);
#1396=(
BOUNDED_CURVE()
B_SPLINE_CURVE(2,(#10902,#10903,#10904),.UNSPECIFIED.,.F.,.F.)
B_SPLINE_CURVE_WITH_KNOTS((3,3),(0.00885920055617456,0.0131899790713476),
 .UNSPECIFIED.)
CURVE()
GEOMETRIC_REPRESENTATION_ITEM()
RATIONAL_B_SPLINE_CURVE((1.1513297136942,1.18814557759006,1.22479274545177))
REPRESENTATION_ITEM('')
);
#1397=(
BOUNDED_CURVE()
B_SPLINE_CURVE(2,(#10910,#10911,#10912,#10913),.UNSPECIFIED.,.F.,.F.)
B_SPLINE_CURVE_WITH_KNOTS((3,1,3),(18713.2124115475,18885.7199424847,19232.754297043),
 .UNSPECIFIED.)
CURVE()
GEOMETRIC_REPRESENTATION_ITEM()
RATIONAL_B_SPLINE_CURVE((6368.92723664475,6073.12933399517,5164.21867521637,
4532.84010321454))
REPRESENTATION_ITEM('')
);
#1398=(
BOUNDED_CURVE()
B_SPLINE_CURVE(2,(#10932,#10933,#10934),.UNSPECIFIED.,.F.,.F.)
B_SPLINE_CURVE_WITH_KNOTS((3,3),(0.00199217508638772,0.00586897433356387),
 .UNSPECIFIED.)
CURVE()
GEOMETRIC_REPRESENTATION_ITEM()
RATIONAL_B_SPLINE_CURVE((1.03402203333335,1.06708677055991,1.10000000000016))
REPRESENTATION_ITEM('')
);
#1399=(
BOUNDED_CURVE()
B_SPLINE_CURVE(2,(#10967,#10968,#10969),.UNSPECIFIED.,.F.,.F.)
B_SPLINE_CURVE_WITH_KNOTS((3,3),(1.69173471397426,1.69412102868275),
 .UNSPECIFIED.)
CURVE()
GEOMETRIC_REPRESENTATION_ITEM()
RATIONAL_B_SPLINE_CURVE((1.07466979012886,1.05437461383742,1.03402203333339))
REPRESENTATION_ITEM('')
);
#1400=(
BOUNDED_CURVE()
B_SPLINE_CURVE(2,(#10975,#10976,#10977),.UNSPECIFIED.,.F.,.F.)
B_SPLINE_CURVE_WITH_KNOTS((3,3),(1169.70614166218,1689.24802721954),
 .UNSPECIFIED.)
CURVE()
GEOMETRIC_REPRESENTATION_ITEM()
RATIONAL_B_SPLINE_CURVE((4532.84010303236,5478.07105616503,6368.92723628503))
REPRESENTATION_ITEM('')
);
#1401=(
BOUNDED_CURVE()
B_SPLINE_CURVE(2,(#10983,#10984,#10985),.UNSPECIFIED.,.F.,.F.)
B_SPLINE_CURVE_WITH_KNOTS((3,3),(0.00199217508638764,0.00586897433356406),
 .UNSPECIFIED.)
CURVE()
GEOMETRIC_REPRESENTATION_ITEM()
RATIONAL_B_SPLINE_CURVE((1.03402203333335,1.06708677055992,1.10000000000016))
REPRESENTATION_ITEM('')
);
#1402=(
BOUNDED_CURVE()
B_SPLINE_CURVE(2,(#11008,#11009,#11010),.UNSPECIFIED.,.F.,.F.)
B_SPLINE_CURVE_WITH_KNOTS((3,3),(0.80559272042966,0.819918678654134),
 .UNSPECIFIED.)
CURVE()
GEOMETRIC_REPRESENTATION_ITEM()
RATIONAL_B_SPLINE_CURVE((1.06327077926469,1.04305711102683,1.02210450957383))
REPRESENTATION_ITEM('')
);
#1403=(
BOUNDED_CURVE()
B_SPLINE_CURVE(2,(#11036,#11037,#11038),.UNSPECIFIED.,.F.,.F.)
B_SPLINE_CURVE_WITH_KNOTS((3,3),(0.00748776620563089,0.0163437958185519),
 .UNSPECIFIED.)
CURVE()
GEOMETRIC_REPRESENTATION_ITEM()
RATIONAL_B_SPLINE_CURVE((1.02210450957386,1.03505700154879,1.04772711221416))
REPRESENTATION_ITEM('')
);
#1404=(
BOUNDED_CURVE()
B_SPLINE_CURVE(2,(#11041,#11042,#11043),.UNSPECIFIED.,.F.,.F.)
B_SPLINE_CURVE_WITH_KNOTS((3,3),(0.0019921750863896,0.00437848979488109),
 .UNSPECIFIED.)
CURVE()
GEOMETRIC_REPRESENTATION_ITEM()
RATIONAL_B_SPLINE_CURVE((1.03402203333338,1.05437461383741,1.07466979012886))
REPRESENTATION_ITEM('')
);
#1405=(
BOUNDED_CURVE()
B_SPLINE_CURVE(2,(#11057,#11058,#11059),.UNSPECIFIED.,.F.,.F.)
B_SPLINE_CURVE_WITH_KNOTS((3,3),(0.805592720429672,0.819918678654119),
 .UNSPECIFIED.)
CURVE()
GEOMETRIC_REPRESENTATION_ITEM()
RATIONAL_B_SPLINE_CURVE((1.06327077926482,1.04305711102692,1.02210450957387))
REPRESENTATION_ITEM('')
);
#1406=(
BOUNDED_CURVE()
B_SPLINE_CURVE(2,(#11065,#11066,#11067,#11068),.UNSPECIFIED.,.F.,.F.)
B_SPLINE_CURVE_WITH_KNOTS((3,1,3),(18713.2124113662,18885.7199422792,19232.7542969062),
 .UNSPECIFIED.)
CURVE()
GEOMETRIC_REPRESENTATION_ITEM()
RATIONAL_B_SPLINE_CURVE((6368.92723637705,6073.12933381665,5164.21867510837,
4532.84010307913))
REPRESENTATION_ITEM('')
);
#1407=(
BOUNDED_CURVE()
B_SPLINE_CURVE(2,(#11087,#11088,#11089),.UNSPECIFIED.,.F.,.F.)
B_SPLINE_CURVE_WITH_KNOTS((3,3),(1.69024422943556,1.69412102868274),
 .UNSPECIFIED.)
CURVE()
GEOMETRIC_REPRESENTATION_ITEM()
RATIONAL_B_SPLINE_CURVE((1.10000000000014,1.0670867705599,1.03402203333335))
REPRESENTATION_ITEM('')
);
#1408=(
BOUNDED_CURVE()
B_SPLINE_CURVE(2,(#11122,#11123,#11124),.UNSPECIFIED.,.F.,.F.)
B_SPLINE_CURVE_WITH_KNOTS((3,3),(0.625086562199998,0.643409199875312),
 .UNSPECIFIED.)
CURVE()
GEOMETRIC_REPRESENTATION_ITEM()
RATIONAL_B_SPLINE_CURVE((1.02481578864573,1.01849023192269,1.01177252193703))
REPRESENTATION_ITEM('')
);
#1409=(
BOUNDED_CURVE()
B_SPLINE_CURVE(2,(#11130,#11131,#11132),.UNSPECIFIED.,.F.,.F.)
B_SPLINE_CURVE_WITH_KNOTS((3,3),(1169.70614162875,1689.24802717414),
 .UNSPECIFIED.)
CURVE()
GEOMETRIC_REPRESENTATION_ITEM()
RATIONAL_B_SPLINE_CURVE((4532.84010305839,5478.07105620357,6368.92723633683))
REPRESENTATION_ITEM('')
);
#1410=(
BOUNDED_CURVE()
B_SPLINE_CURVE(2,(#11138,#11139,#11140),.UNSPECIFIED.,.F.,.F.)
B_SPLINE_CURVE_WITH_KNOTS((3,3),(0.00199217508638867,0.00586897433356646),
 .UNSPECIFIED.)
CURVE()
GEOMETRIC_REPRESENTATION_ITEM()
RATIONAL_B_SPLINE_CURVE((1.03402203333335,1.06708677055992,1.10000000000016))
REPRESENTATION_ITEM('')
);
#1411=(
BOUNDED_CURVE()
B_SPLINE_CURVE(2,(#11163,#11164,#11165),.UNSPECIFIED.,.F.,.F.)
B_SPLINE_CURVE_WITH_KNOTS((3,3),(0.805592720429685,0.819918678654123),
 .UNSPECIFIED.)
CURVE()
GEOMETRIC_REPRESENTATION_ITEM()
RATIONAL_B_SPLINE_CURVE((1.06327077926487,1.04305711102695,1.02210450957389))
REPRESENTATION_ITEM('')
);
#1412=(
BOUNDED_CURVE()
B_SPLINE_CURVE(2,(#11197,#11198,#11199),.UNSPECIFIED.,.F.,.F.)
B_SPLINE_CURVE_WITH_KNOTS((3,3),(0.0709798650640977,0.0911077678749312),
 .UNSPECIFIED.)
CURVE()
GEOMETRIC_REPRESENTATION_ITEM()
RATIONAL_B_SPLINE_CURVE((1.05032519018379,1.05673089963292,1.06272276514456))
REPRESENTATION_ITEM('')
);
#1413=(
BOUNDED_CURVE()
B_SPLINE_CURVE(2,(#11205,#11206,#11207),.UNSPECIFIED.,.F.,.F.)
B_SPLINE_CURVE_WITH_KNOTS((3,3),(1169.70614155581,1689.24802707737),
 .UNSPECIFIED.)
CURVE()
GEOMETRIC_REPRESENTATION_ITEM()
RATIONAL_B_SPLINE_CURVE((4532.84010313054,5478.07105631041,6368.92723647929))
REPRESENTATION_ITEM('')
);
#1414=(
BOUNDED_CURVE()
B_SPLINE_CURVE(2,(#11213,#11214,#11215),.UNSPECIFIED.,.F.,.F.)
B_SPLINE_CURVE_WITH_KNOTS((3,3),(1.89480821648155,1.89913899499695),
 .UNSPECIFIED.)
CURVE()
GEOMETRIC_REPRESENTATION_ITEM()
RATIONAL_B_SPLINE_CURVE((1.22479274545567,1.18814557759202,1.1513297136942))
REPRESENTATION_ITEM('')
);
#1415=(
BOUNDED_CURVE()
B_SPLINE_CURVE(2,(#11238,#11239,#11240),.UNSPECIFIED.,.F.,.F.)
B_SPLINE_CURVE_WITH_KNOTS((3,3),(0.00199217508638793,0.00586897433356503),
 .UNSPECIFIED.)
CURVE()
GEOMETRIC_REPRESENTATION_ITEM()
RATIONAL_B_SPLINE_CURVE((1.03402203333335,1.06708677055991,1.10000000000016))
REPRESENTATION_ITEM('')
);
#1416=(
BOUNDED_CURVE()
B_SPLINE_CURVE(2,(#11272,#11273,#11274),.UNSPECIFIED.,.F.,.F.)
B_SPLINE_CURVE_WITH_KNOTS((3,3),(1.69173471397424,1.69412102868273),
 .UNSPECIFIED.)
CURVE()
GEOMETRIC_REPRESENTATION_ITEM()
RATIONAL_B_SPLINE_CURVE((1.0746697901288,1.05437461383738,1.03402203333338))
REPRESENTATION_ITEM('')
);
#1417=(
BOUNDED_CURVE()
B_SPLINE_CURVE(2,(#11280,#11281,#11282),.UNSPECIFIED.,.F.,.F.)
B_SPLINE_CURVE_WITH_KNOTS((3,3),(1169.70614042847,1689.2480255986),
 .UNSPECIFIED.)
CURVE()
GEOMETRIC_REPRESENTATION_ITEM()
RATIONAL_B_SPLINE_CURVE((4532.84010434488,5478.07105811224,6368.92723887838))
REPRESENTATION_ITEM('')
);
#1418=(
BOUNDED_CURVE()
B_SPLINE_CURVE(2,(#11288,#11289,#11290),.UNSPECIFIED.,.F.,.F.)
B_SPLINE_CURVE_WITH_KNOTS((3,3),(0.00748776620563454,0.0218137244301191),
 .UNSPECIFIED.)
CURVE()
GEOMETRIC_REPRESENTATION_ITEM()
RATIONAL_B_SPLINE_CURVE((1.02210450957383,1.04305711102682,1.06327077926466))
REPRESENTATION_ITEM('')
);
#1419=(
BOUNDED_CURVE()
B_SPLINE_CURVE(2,(#11313,#11314,#11315),.UNSPECIFIED.,.F.,.F.)
B_SPLINE_CURVE_WITH_KNOTS((3,3),(1.69024422943558,1.69412102868276),
 .UNSPECIFIED.)
CURVE()
GEOMETRIC_REPRESENTATION_ITEM()
RATIONAL_B_SPLINE_CURVE((1.10000000000016,1.06708677055992,1.03402203333337))
REPRESENTATION_ITEM('')
);
#1420=(
BOUNDED_CURVE()
B_SPLINE_CURVE(2,(#11347,#11348,#11349),.UNSPECIFIED.,.F.,.F.)
B_SPLINE_CURVE_WITH_KNOTS((3,3),(1.69173471397424,1.69412102868273),
 .UNSPECIFIED.)
CURVE()
GEOMETRIC_REPRESENTATION_ITEM()
RATIONAL_B_SPLINE_CURVE((1.07466979012887,1.05437461383742,1.03402203333339))
REPRESENTATION_ITEM('')
);
#1421=(
BOUNDED_CURVE()
B_SPLINE_CURVE(2,(#11355,#11356,#11357),.UNSPECIFIED.,.F.,.F.)
B_SPLINE_CURVE_WITH_KNOTS((3,3),(1169.7061403641,1689.24802552675),
 .UNSPECIFIED.)
CURVE()
GEOMETRIC_REPRESENTATION_ITEM()
RATIONAL_B_SPLINE_CURVE((4532.84010449043,5478.07105833013,6368.92723916561))
REPRESENTATION_ITEM('')
);
#1422=(
BOUNDED_CURVE()
B_SPLINE_CURVE(2,(#11363,#11364,#11365),.UNSPECIFIED.,.F.,.F.)
B_SPLINE_CURVE_WITH_KNOTS((3,3),(0.00199217508638936,0.00586897433356657),
 .UNSPECIFIED.)
CURVE()
GEOMETRIC_REPRESENTATION_ITEM()
RATIONAL_B_SPLINE_CURVE((1.03402203333337,1.06708677055992,1.10000000000016))
REPRESENTATION_ITEM('')
);
#1423=(
BOUNDED_CURVE()
B_SPLINE_CURVE(2,(#11388,#11389,#11390),.UNSPECIFIED.,.F.,.F.)
B_SPLINE_CURVE_WITH_KNOTS((3,3),(0.00885920055617439,0.0131899790713466),
 .UNSPECIFIED.)
CURVE()
GEOMETRIC_REPRESENTATION_ITEM()
RATIONAL_B_SPLINE_CURVE((1.1513297136942,1.18814557759005,1.22479274545175))
REPRESENTATION_ITEM('')
);
#1424=(
BOUNDED_CURVE()
B_SPLINE_CURVE(2,(#11416,#11417,#11418),.UNSPECIFIED.,.F.,.F.)
B_SPLINE_CURVE_WITH_KNOTS((3,3),(0.00748776620563672,0.0163437958185645),
 .UNSPECIFIED.)
CURVE()
GEOMETRIC_REPRESENTATION_ITEM()
RATIONAL_B_SPLINE_CURVE((1.02210450957384,1.03505700154876,1.04772711221412))
REPRESENTATION_ITEM('')
);
#1425=(
BOUNDED_CURVE()
B_SPLINE_CURVE(2,(#11421,#11422,#11423),.UNSPECIFIED.,.F.,.F.)
B_SPLINE_CURVE_WITH_KNOTS((3,3),(1.69173471397425,1.69412102868273),
 .UNSPECIFIED.)
CURVE()
GEOMETRIC_REPRESENTATION_ITEM()
RATIONAL_B_SPLINE_CURVE((1.07466979012878,1.05437461383737,1.03402203333338))
REPRESENTATION_ITEM('')
);
#1426=(
BOUNDED_CURVE()
B_SPLINE_CURVE(2,(#11437,#11438,#11439),.UNSPECIFIED.,.F.,.F.)
B_SPLINE_CURVE_WITH_KNOTS((3,3),(0.805592720429617,0.819918678654103),
 .UNSPECIFIED.)
CURVE()
GEOMETRIC_REPRESENTATION_ITEM()
RATIONAL_B_SPLINE_CURVE((1.06327077926467,1.04305711102682,1.02210450957383))
REPRESENTATION_ITEM('')
);
#1427=(
BOUNDED_CURVE()
B_SPLINE_CURVE(2,(#11445,#11446,#11447,#11448),.UNSPECIFIED.,.F.,.F.)
B_SPLINE_CURVE_WITH_KNOTS((3,1,3),(18713.212412993,18885.719944143,19232.7542981462),
 .UNSPECIFIED.)
CURVE()
GEOMETRIC_REPRESENTATION_ITEM()
RATIONAL_B_SPLINE_CURVE((6368.92723900936,6073.12933560443,5164.21867620575,
4532.84010441079))
REPRESENTATION_ITEM('')
);
#1428=(
BOUNDED_CURVE()
B_SPLINE_CURVE(2,(#11467,#11468,#11469),.UNSPECIFIED.,.F.,.F.)
B_SPLINE_CURVE_WITH_KNOTS((3,3),(0.00199217508638948,0.00586897433356666),
 .UNSPECIFIED.)
CURVE()
GEOMETRIC_REPRESENTATION_ITEM()
RATIONAL_B_SPLINE_CURVE((1.03402203333337,1.06708677055992,1.10000000000016))
REPRESENTATION_ITEM('')
);
#1429=(
BOUNDED_CURVE()
B_SPLINE_CURVE(2,(#11477,#11478,#11479),.UNSPECIFIED.,.F.,.F.)
B_SPLINE_CURVE_WITH_KNOTS((3,3),(1169.70614019742,1689.24802529306),
 .UNSPECIFIED.)
CURVE()
GEOMETRIC_REPRESENTATION_ITEM()
RATIONAL_B_SPLINE_CURVE((4532.8401045801,5478.07105846054,6368.92723934244))
REPRESENTATION_ITEM('')
);
#1430=(
BOUNDED_CURVE()
B_SPLINE_CURVE(2,(#11509,#11510,#11511),.UNSPECIFIED.,.F.,.F.)
B_SPLINE_CURVE_WITH_KNOTS((3,3),(0.00748776620564303,0.0163437958185762),
 .UNSPECIFIED.)
CURVE()
GEOMETRIC_REPRESENTATION_ITEM()
RATIONAL_B_SPLINE_CURVE((1.02210450957383,1.03505700154874,1.04772711221408))
REPRESENTATION_ITEM('')
);
#1431=(
BOUNDED_CURVE()
B_SPLINE_CURVE(2,(#11514,#11515,#11516),.UNSPECIFIED.,.F.,.F.)
B_SPLINE_CURVE_WITH_KNOTS((3,3),(0.00199217508639072,0.00437848979488103),
 .UNSPECIFIED.)
CURVE()
GEOMETRIC_REPRESENTATION_ITEM()
RATIONAL_B_SPLINE_CURVE((1.03402203333339,1.05437461383741,1.07466979012885))
REPRESENTATION_ITEM('')
);
#1432=(
BOUNDED_CURVE()
B_SPLINE_CURVE(2,(#11530,#11531,#11532),.UNSPECIFIED.,.F.,.F.)
B_SPLINE_CURVE_WITH_KNOTS((3,3),(0.805592720429638,0.819918678654121),
 .UNSPECIFIED.)
CURVE()
GEOMETRIC_REPRESENTATION_ITEM()
RATIONAL_B_SPLINE_CURVE((1.06327077926468,1.04305711102683,1.02210450957383))
REPRESENTATION_ITEM('')
);
#1433=(
BOUNDED_CURVE()
B_SPLINE_CURVE(2,(#11538,#11539,#11540,#11541),.UNSPECIFIED.,.F.,.F.)
B_SPLINE_CURVE_WITH_KNOTS((3,1,3),(18713.2124130731,18885.7199442696,19232.7542982143),
 .UNSPECIFIED.)
CURVE()
GEOMETRIC_REPRESENTATION_ITEM()
RATIONAL_B_SPLINE_CURVE((6368.92723926802,6073.1293357559,5164.2186762888,
4532.84010454248))
REPRESENTATION_ITEM('')
);
#1434=(
BOUNDED_CURVE()
B_SPLINE_CURVE(2,(#11560,#11561,#11562),.UNSPECIFIED.,.F.,.F.)
B_SPLINE_CURVE_WITH_KNOTS((3,3),(1.69024422943558,1.69412102868276),
 .UNSPECIFIED.)
CURVE()
GEOMETRIC_REPRESENTATION_ITEM()
RATIONAL_B_SPLINE_CURVE((1.10000000000013,1.0670867705599,1.03402203333336))
REPRESENTATION_ITEM('')
);
#1435=(
BOUNDED_CURVE()
B_SPLINE_CURVE(2,(#11595,#11596,#11597),.UNSPECIFIED.,.F.,.F.)
B_SPLINE_CURVE_WITH_KNOTS((3,3),(0.625086562200017,0.643409199875231),
 .UNSPECIFIED.)
CURVE()
GEOMETRIC_REPRESENTATION_ITEM()
RATIONAL_B_SPLINE_CURVE((1.0248157886466,1.01849023192333,1.01177252193743))
REPRESENTATION_ITEM('')
);
#1436=(
BOUNDED_CURVE()
B_SPLINE_CURVE(2,(#11603,#11604,#11605),.UNSPECIFIED.,.F.,.F.)
B_SPLINE_CURVE_WITH_KNOTS((3,3),(1169.70614012295,1689.24802519305),
 .UNSPECIFIED.)
CURVE()
GEOMETRIC_REPRESENTATION_ITEM()
RATIONAL_B_SPLINE_CURVE((4532.84010464667,5478.07105855883,6368.92723947375))
REPRESENTATION_ITEM('')
);
#1437=(
BOUNDED_CURVE()
B_SPLINE_CURVE(2,(#11611,#11612,#11613),.UNSPECIFIED.,.F.,.F.)
B_SPLINE_CURVE_WITH_KNOTS((3,3),(0.00199217508638865,0.00586897433356543),
 .UNSPECIFIED.)
CURVE()
GEOMETRIC_REPRESENTATION_ITEM()
RATIONAL_B_SPLINE_CURVE((1.03402203333336,1.06708677055992,1.10000000000016))
REPRESENTATION_ITEM('')
);
#1438=(
BOUNDED_CURVE()
B_SPLINE_CURVE(2,(#11636,#11637,#11638),.UNSPECIFIED.,.F.,.F.)
B_SPLINE_CURVE_WITH_KNOTS((3,3),(0.80559272042968,0.819918678654149),
 .UNSPECIFIED.)
CURVE()
GEOMETRIC_REPRESENTATION_ITEM()
RATIONAL_B_SPLINE_CURVE((1.06327077926473,1.04305711102686,1.02210450957385))
REPRESENTATION_ITEM('')
);
#1439=(
BOUNDED_CURVE()
B_SPLINE_CURVE(2,(#11664,#11665,#11666),.UNSPECIFIED.,.F.,.F.)
B_SPLINE_CURVE_WITH_KNOTS((3,3),(1.69173471397424,1.69412102868273),
 .UNSPECIFIED.)
CURVE()
GEOMETRIC_REPRESENTATION_ITEM()
RATIONAL_B_SPLINE_CURVE((1.0746697901288,1.05437461383738,1.03402203333338))
REPRESENTATION_ITEM('')
);
#1440=(
BOUNDED_CURVE()
B_SPLINE_CURVE(2,(#11669,#11670,#11671),.UNSPECIFIED.,.F.,.F.)
B_SPLINE_CURVE_WITH_KNOTS((3,3),(0.070979865062848,0.0911077678734249),
 .UNSPECIFIED.)
CURVE()
GEOMETRIC_REPRESENTATION_ITEM()
RATIONAL_B_SPLINE_CURVE((1.05032519018759,1.05673089963725,1.06272276514939))
REPRESENTATION_ITEM('')
);
#1441=(
BOUNDED_CURVE()
B_SPLINE_CURVE(2,(#11685,#11686,#11687),.UNSPECIFIED.,.F.,.F.)
B_SPLINE_CURVE_WITH_KNOTS((3,3),(0.00199217508638881,0.00586897433356534),
 .UNSPECIFIED.)
CURVE()
GEOMETRIC_REPRESENTATION_ITEM()
RATIONAL_B_SPLINE_CURVE((1.03402203333336,1.06708677055992,1.10000000000016))
REPRESENTATION_ITEM('')
);
#1442=(
BOUNDED_CURVE()
B_SPLINE_CURVE(2,(#11693,#11694,#11695,#11696),.UNSPECIFIED.,.F.,.F.)
B_SPLINE_CURVE_WITH_KNOTS((3,1,3),(18713.2124130543,18885.7199442151,19232.7542981919),
 .UNSPECIFIED.)
CURVE()
GEOMETRIC_REPRESENTATION_ITEM()
RATIONAL_B_SPLINE_CURVE((6368.92723909551,6073.12933565633,5164.21867623515,
4532.84010445552))
REPRESENTATION_ITEM('')
);
#1443=(
BOUNDED_CURVE()
B_SPLINE_CURVE(2,(#11715,#11716,#11717),.UNSPECIFIED.,.F.,.F.)
B_SPLINE_CURVE_WITH_KNOTS((3,3),(1.89480821648154,1.89913899499695),
 .UNSPECIFIED.)
CURVE()
GEOMETRIC_REPRESENTATION_ITEM()
RATIONAL_B_SPLINE_CURVE((1.22479274545565,1.188145577592,1.15132971369419))
REPRESENTATION_ITEM('')
);
#1444=(
BOUNDED_CURVE()
B_SPLINE_CURVE(2,(#11744,#11745,#11746),.UNSPECIFIED.,.F.,.F.)
B_SPLINE_CURVE_WITH_KNOTS((3,3),(0.0156639899803338,0.0339866276555129),
 .UNSPECIFIED.)
CURVE()
GEOMETRIC_REPRESENTATION_ITEM()
RATIONAL_B_SPLINE_CURVE((1.01177252193749,1.01849023192343,1.02481578864674))
REPRESENTATION_ITEM('')
);
#1445=(
BOUNDED_CURVE()
B_SPLINE_CURVE(2,(#11749,#11750,#11751),.UNSPECIFIED.,.F.,.F.)
B_SPLINE_CURVE_WITH_KNOTS((3,3),(1.6917347139742,1.69412102868269),
 .UNSPECIFIED.)
CURVE()
GEOMETRIC_REPRESENTATION_ITEM()
RATIONAL_B_SPLINE_CURVE((1.07466979012879,1.05437461383737,1.03402203333337))
REPRESENTATION_ITEM('')
);
#1446=(
BOUNDED_CURVE()
B_SPLINE_CURVE(2,(#11765,#11766,#11767),.UNSPECIFIED.,.F.,.F.)
B_SPLINE_CURVE_WITH_KNOTS((3,3),(1.69024422943559,1.69412102868277),
 .UNSPECIFIED.)
CURVE()
GEOMETRIC_REPRESENTATION_ITEM()
RATIONAL_B_SPLINE_CURVE((1.1000000000002,1.06708677055995,1.03402203333337))
REPRESENTATION_ITEM('')
);
#1447=(
BOUNDED_CURVE()
B_SPLINE_CURVE(2,(#11773,#11774,#11775,#11776),.UNSPECIFIED.,.F.,.F.)
B_SPLINE_CURVE_WITH_KNOTS((3,1,3),(18713.2124109342,18885.7199418574,19232.7542965913),
 .UNSPECIFIED.)
CURVE()
GEOMETRIC_REPRESENTATION_ITEM()
RATIONAL_B_SPLINE_CURVE((6368.92723593154,6073.1293334581,5164.21867486424,
4532.84010285378))
REPRESENTATION_ITEM('')
);
#1448=(
BOUNDED_CURVE()
B_SPLINE_CURVE(2,(#11795,#11796,#11797),.UNSPECIFIED.,.F.,.F.)
B_SPLINE_CURVE_WITH_KNOTS((3,3),(0.0074877662056493,0.0218137244301593),
 .UNSPECIFIED.)
CURVE()
GEOMETRIC_REPRESENTATION_ITEM()
RATIONAL_B_SPLINE_CURVE((1.0221045095738,1.04305711102676,1.06327077926458))
REPRESENTATION_ITEM('')
);
#1449=(
BOUNDED_CURVE()
B_SPLINE_CURVE(2,(#11805,#11806,#11807),.UNSPECIFIED.,.F.,.F.)
B_SPLINE_CURVE_WITH_KNOTS((3,3),(1169.70614198934,1689.24802767013),
 .UNSPECIFIED.)
CURVE()
GEOMETRIC_REPRESENTATION_ITEM()
RATIONAL_B_SPLINE_CURVE((4532.84010280931,5478.07105583749,6368.92723584412))
REPRESENTATION_ITEM('')
);
#1450=(
BOUNDED_CURVE()
B_SPLINE_CURVE(2,(#11837,#11838,#11839),.UNSPECIFIED.,.F.,.F.)
B_SPLINE_CURVE_WITH_KNOTS((3,3),(0.0156639899801726,0.0339866276551875),
 .UNSPECIFIED.)
CURVE()
GEOMETRIC_REPRESENTATION_ITEM()
RATIONAL_B_SPLINE_CURVE((1.01177252193796,1.01849023192417,1.02481578864774))
REPRESENTATION_ITEM('')
);
#1451=(
BOUNDED_CURVE()
B_SPLINE_CURVE(2,(#11842,#11843,#11844),.UNSPECIFIED.,.F.,.F.)
B_SPLINE_CURVE_WITH_KNOTS((3,3),(0.00885920055617471,0.011524956457129),
 .UNSPECIFIED.)
CURVE()
GEOMETRIC_REPRESENTATION_ITEM()
RATIONAL_B_SPLINE_CURVE((1.15132971369419,1.17399125274203,1.19658887518702))
REPRESENTATION_ITEM('')
);
#1452=(
BOUNDED_CURVE()
B_SPLINE_CURVE(2,(#11858,#11859,#11860),.UNSPECIFIED.,.F.,.F.)
B_SPLINE_CURVE_WITH_KNOTS((3,3),(1.69024422943559,1.69412102868277),
 .UNSPECIFIED.)
CURVE()
GEOMETRIC_REPRESENTATION_ITEM()
RATIONAL_B_SPLINE_CURVE((1.1000000000001,1.06708677055989,1.03402203333337))
REPRESENTATION_ITEM('')
);
#1453=(
BOUNDED_CURVE()
B_SPLINE_CURVE(2,(#11866,#11867,#11868,#11869),.UNSPECIFIED.,.F.,.F.)
B_SPLINE_CURVE_WITH_KNOTS((3,1,3),(18713.2124110113,18885.7199419266,19232.75429665),
 .UNSPECIFIED.)
CURVE()
GEOMETRIC_REPRESENTATION_ITEM()
RATIONAL_B_SPLINE_CURVE((6368.92723605246,6073.12933357201,5164.21867494802,
4532.84010291423))
REPRESENTATION_ITEM('')
);
#1454=(
BOUNDED_CURVE()
B_SPLINE_CURVE(2,(#11888,#11889,#11890),.UNSPECIFIED.,.F.,.F.)
B_SPLINE_CURVE_WITH_KNOTS((3,3),(0.00885920055617142,0.0131899790713427),
 .UNSPECIFIED.)
CURVE()
GEOMETRIC_REPRESENTATION_ITEM()
RATIONAL_B_SPLINE_CURVE((1.15132971369421,1.18814557759007,1.22479274545178))
REPRESENTATION_ITEM('')
);
#1455=(
BOUNDED_CURVE()
B_SPLINE_CURVE(2,(#11923,#11924,#11925),.UNSPECIFIED.,.F.,.F.)
B_SPLINE_CURVE_WITH_KNOTS((3,3),(1.69173471397421,1.6941210286827),
 .UNSPECIFIED.)
CURVE()
GEOMETRIC_REPRESENTATION_ITEM()
RATIONAL_B_SPLINE_CURVE((1.07466979012881,1.05437461383738,1.03402203333336))
REPRESENTATION_ITEM('')
);
#1456=(
BOUNDED_CURVE()
B_SPLINE_CURVE(2,(#11931,#11932,#11933),.UNSPECIFIED.,.F.,.F.)
B_SPLINE_CURVE_WITH_KNOTS((3,3),(1169.70614204566,1689.24802774259),
 .UNSPECIFIED.)
CURVE()
GEOMETRIC_REPRESENTATION_ITEM()
RATIONAL_B_SPLINE_CURVE((4532.84010273999,5478.07105573442,6368.92723570723))
REPRESENTATION_ITEM('')
);
#1457=(
BOUNDED_CURVE()
B_SPLINE_CURVE(2,(#11939,#11940,#11941),.UNSPECIFIED.,.F.,.F.)
B_SPLINE_CURVE_WITH_KNOTS((3,3),(0.00199217508638916,0.00586897433356632),
 .UNSPECIFIED.)
CURVE()
GEOMETRIC_REPRESENTATION_ITEM()
RATIONAL_B_SPLINE_CURVE((1.03402203333337,1.06708677055993,1.10000000000018))
REPRESENTATION_ITEM('')
);
#1458=(
BOUNDED_CURVE()
B_SPLINE_CURVE(2,(#11964,#11965,#11966),.UNSPECIFIED.,.F.,.F.)
B_SPLINE_CURVE_WITH_KNOTS((3,3),(0.805592720429652,0.81991867865414),
 .UNSPECIFIED.)
CURVE()
GEOMETRIC_REPRESENTATION_ITEM()
RATIONAL_B_SPLINE_CURVE((1.06327077926466,1.04305711102682,1.02210450957383))
REPRESENTATION_ITEM('')
);
#1459=(
BOUNDED_CURVE()
B_SPLINE_CURVE(2,(#11998,#11999,#12000),.UNSPECIFIED.,.F.,.F.)
B_SPLINE_CURVE_WITH_KNOTS((3,3),(0.625086562200646,0.64340919987577),
 .UNSPECIFIED.)
CURVE()
GEOMETRIC_REPRESENTATION_ITEM()
RATIONAL_B_SPLINE_CURVE((1.02481578864695,1.01849023192359,1.01177252193759))
REPRESENTATION_ITEM('')
);
#1460=(
BOUNDED_CURVE()
B_SPLINE_CURVE(2,(#12006,#12007,#12008),.UNSPECIFIED.,.F.,.F.)
B_SPLINE_CURVE_WITH_KNOTS((3,3),(1169.7061419995,1689.24802768108),
 .UNSPECIFIED.)
CURVE()
GEOMETRIC_REPRESENTATION_ITEM()
RATIONAL_B_SPLINE_CURVE((4532.84010278299,5478.07105579834,6368.92723579273))
REPRESENTATION_ITEM('')
);
#1461=(
BOUNDED_CURVE()
B_SPLINE_CURVE(2,(#12014,#12015,#12016),.UNSPECIFIED.,.F.,.F.)
B_SPLINE_CURVE_WITH_KNOTS((3,3),(0.00748776620562394,0.0218137244300823),
 .UNSPECIFIED.)
CURVE()
GEOMETRIC_REPRESENTATION_ITEM()
RATIONAL_B_SPLINE_CURVE((1.02210450957387,1.0430571110269,1.06327077926477))
REPRESENTATION_ITEM('')
);
#1462=(
BOUNDED_CURVE()
B_SPLINE_CURVE(2,(#12039,#12040,#12041),.UNSPECIFIED.,.F.,.F.)
B_SPLINE_CURVE_WITH_KNOTS((3,3),(0.0088592005561734,0.0131899790713451),
 .UNSPECIFIED.)
CURVE()
GEOMETRIC_REPRESENTATION_ITEM()
RATIONAL_B_SPLINE_CURVE((1.15132971369421,1.18814557759007,1.22479274545177))
REPRESENTATION_ITEM('')
);
#1463=(
BOUNDED_CURVE()
B_SPLINE_CURVE(2,(#12073,#12074,#12075),.UNSPECIFIED.,.F.,.F.)
B_SPLINE_CURVE_WITH_KNOTS((3,3),(0.625086562200335,0.643409199875464),
 .UNSPECIFIED.)
CURVE()
GEOMETRIC_REPRESENTATION_ITEM()
RATIONAL_B_SPLINE_CURVE((1.02481578864694,1.01849023192358,1.01177252193759))
REPRESENTATION_ITEM('')
);
#1464=(
BOUNDED_CURVE()
B_SPLINE_CURVE(2,(#12081,#12082,#12083),.UNSPECIFIED.,.F.,.F.)
B_SPLINE_CURVE_WITH_KNOTS((3,3),(1169.7061419996,1689.24802768128),
 .UNSPECIFIED.)
CURVE()
GEOMETRIC_REPRESENTATION_ITEM()
RATIONAL_B_SPLINE_CURVE((4532.84010278337,5478.07105579888,6368.92723579343))
REPRESENTATION_ITEM('')
);
#1465=(
BOUNDED_CURVE()
B_SPLINE_CURVE(2,(#12089,#12090,#12091),.UNSPECIFIED.,.F.,.F.)
B_SPLINE_CURVE_WITH_KNOTS((3,3),(0.00199217508638977,0.00586897433356724),
 .UNSPECIFIED.)
CURVE()
GEOMETRIC_REPRESENTATION_ITEM()
RATIONAL_B_SPLINE_CURVE((1.03402203333337,1.06708677055993,1.10000000000017))
REPRESENTATION_ITEM('')
);
#1466=(
BOUNDED_CURVE()
B_SPLINE_CURVE(2,(#12114,#12115,#12116),.UNSPECIFIED.,.F.,.F.)
B_SPLINE_CURVE_WITH_KNOTS((3,3),(0.805592720429671,0.819918678654132),
 .UNSPECIFIED.)
CURVE()
GEOMETRIC_REPRESENTATION_ITEM()
RATIONAL_B_SPLINE_CURVE((1.06327077926477,1.04305711102689,1.02210450957387))
REPRESENTATION_ITEM('')
);
#1467=(
BOUNDED_CURVE()
B_SPLINE_CURVE(2,(#12142,#12143,#12144),.UNSPECIFIED.,.F.,.F.)
B_SPLINE_CURVE_WITH_KNOTS((3,3),(1.8964732390958,1.89913899499687),
 .UNSPECIFIED.)
CURVE()
GEOMETRIC_REPRESENTATION_ITEM()
RATIONAL_B_SPLINE_CURVE((1.19658887518891,1.17399125274297,1.15132971369419))
REPRESENTATION_ITEM('')
);
#1468=(
BOUNDED_CURVE()
B_SPLINE_CURVE(2,(#12147,#12148,#12149),.UNSPECIFIED.,.F.,.F.)
B_SPLINE_CURVE_WITH_KNOTS((3,3),(0.0709798650637481,0.0911077678745064),
 .UNSPECIFIED.)
CURVE()
GEOMETRIC_REPRESENTATION_ITEM()
RATIONAL_B_SPLINE_CURVE((1.05032519018464,1.05673089963389,1.06272276514564))
REPRESENTATION_ITEM('')
);
#1469=(
BOUNDED_CURVE()
B_SPLINE_CURVE(2,(#12163,#12164,#12165),.UNSPECIFIED.,.F.,.F.)
B_SPLINE_CURVE_WITH_KNOTS((3,3),(1.89480821648158,1.89913899499698),
 .UNSPECIFIED.)
CURVE()
GEOMETRIC_REPRESENTATION_ITEM()
RATIONAL_B_SPLINE_CURVE((1.22479274545564,1.18814557759201,1.15132971369421))
REPRESENTATION_ITEM('')
);
#1470=(
BOUNDED_CURVE()
B_SPLINE_CURVE(2,(#12171,#12172,#12173,#12174),.UNSPECIFIED.,.F.,.F.)
B_SPLINE_CURVE_WITH_KNOTS((3,1,3),(18713.2124107211,18885.7199416184,19232.7542964311),
 .UNSPECIFIED.)
CURVE()
GEOMETRIC_REPRESENTATION_ITEM()
RATIONAL_B_SPLINE_CURVE((6368.92723562463,6073.12933325118,5164.21867473796,
4532.84010269831))
REPRESENTATION_ITEM('')
);
#1471=(
BOUNDED_CURVE()
B_SPLINE_CURVE(2,(#12193,#12194,#12195),.UNSPECIFIED.,.F.,.F.)
B_SPLINE_CURVE_WITH_KNOTS((3,3),(1.89480821648157,1.89913899499696),
 .UNSPECIFIED.)
CURVE()
GEOMETRIC_REPRESENTATION_ITEM()
RATIONAL_B_SPLINE_CURVE((1.22479274545559,1.18814557759197,1.1513297136942))
REPRESENTATION_ITEM('')
);
#1472=(
BOUNDED_CURVE()
B_SPLINE_CURVE(2,(#12201,#12202,#12203),.UNSPECIFIED.,.F.,.F.)
B_SPLINE_CURVE_WITH_KNOTS((3,3),(1169.70614161373,1689.24802717062),
 .UNSPECIFIED.)
CURVE()
GEOMETRIC_REPRESENTATION_ITEM()
RATIONAL_B_SPLINE_CURVE((4532.84010317251,5478.0710563754,6368.92723656193))
REPRESENTATION_ITEM('')
);
#1473=(
BOUNDED_CURVE()
B_SPLINE_CURVE(2,(#12238,#12239,#12240),.UNSPECIFIED.,.F.,.F.)
B_SPLINE_CURVE_WITH_KNOTS((3,3),(1169.7061414841,1689.24802698312),
 .UNSPECIFIED.)
CURVE()
GEOMETRIC_REPRESENTATION_ITEM()
RATIONAL_B_SPLINE_CURVE((4532.84010320715,5478.07105642391,6368.92723663035))
REPRESENTATION_ITEM('')
);
#1474=(
BOUNDED_CURVE()
B_SPLINE_CURVE(2,(#12244,#12245,#12246,#12247),.UNSPECIFIED.,.F.,.F.)
B_SPLINE_CURVE_WITH_KNOTS((3,1,3),(18713.2124115671,18885.7199425673,19232.7542970707),
 .UNSPECIFIED.)
CURVE()
GEOMETRIC_REPRESENTATION_ITEM()
RATIONAL_B_SPLINE_CURVE((6368.92723690344,6073.12933412986,5164.21867528153,
4532.84010334527))
REPRESENTATION_ITEM('')
);
#1475=(
BOUNDED_CURVE()
B_SPLINE_CURVE(2,(#12251,#12252,#12253,#12254),.UNSPECIFIED.,.F.,.F.)
B_SPLINE_CURVE_WITH_KNOTS((3,1,3),(18713.2124113422,18885.7199422572,19232.7542968881),
 .UNSPECIFIED.)
CURVE()
GEOMETRIC_REPRESENTATION_ITEM()
RATIONAL_B_SPLINE_CURVE((6368.92723634078,6073.12933378318,5164.21867508396,
4532.84010306094))
REPRESENTATION_ITEM('')
);
#1476=(
BOUNDED_CURVE()
B_SPLINE_CURVE(2,(#12258,#12259,#12260,#12261),.UNSPECIFIED.,.F.,.F.)
B_SPLINE_CURVE_WITH_KNOTS((3,1,3),(18713.2124112836,18885.719942244,19232.7542968568),
 .UNSPECIFIED.)
CURVE()
GEOMETRIC_REPRESENTATION_ITEM()
RATIONAL_B_SPLINE_CURVE((6368.92723648209,6073.12933385154,5164.21867511435,
4532.84010313215))
REPRESENTATION_ITEM('')
);
#1477=(
BOUNDED_CURVE()
B_SPLINE_CURVE(2,(#12265,#12266,#12267),.UNSPECIFIED.,.F.,.F.)
B_SPLINE_CURVE_WITH_KNOTS((3,3),(1169.70614155029,1689.24802708687),
 .UNSPECIFIED.)
CURVE()
GEOMETRIC_REPRESENTATION_ITEM()
RATIONAL_B_SPLINE_CURVE((4532.84010323705,5478.07105647124,6368.92723668976))
REPRESENTATION_ITEM('')
);
#1478=(
BOUNDED_CURVE()
B_SPLINE_CURVE(2,(#12273,#12274,#12275),.UNSPECIFIED.,.F.,.F.)
B_SPLINE_CURVE_WITH_KNOTS((3,3),(1169.70614155025,1689.24802708683),
 .UNSPECIFIED.)
CURVE()
GEOMETRIC_REPRESENTATION_ITEM()
RATIONAL_B_SPLINE_CURVE((4532.84010323689,5478.07105647107,6368.9272366896))
REPRESENTATION_ITEM('')
);
#1479=(
BOUNDED_CURVE()
B_SPLINE_CURVE(2,(#12310,#12311,#12312,#12313),.UNSPECIFIED.,.F.,.F.)
B_SPLINE_CURVE_WITH_KNOTS((3,1,3),(18713.2124113423,18885.7199422572,19232.7542968881),
 .UNSPECIFIED.)
CURVE()
GEOMETRIC_REPRESENTATION_ITEM()
RATIONAL_B_SPLINE_CURVE((6368.92723634053,6073.12933378305,5164.21867508395,
4532.84010306092))
REPRESENTATION_ITEM('')
);
#1480=(
BOUNDED_CURVE()
B_SPLINE_CURVE(2,(#12317,#12318,#12319,#12320),.UNSPECIFIED.,.F.,.F.)
B_SPLINE_CURVE_WITH_KNOTS((3,1,3),(18713.212411567,18885.7199425673,19232.7542970707),
 .UNSPECIFIED.)
CURVE()
GEOMETRIC_REPRESENTATION_ITEM()
RATIONAL_B_SPLINE_CURVE((6368.92723690369,6073.12933412999,5164.21867528153,
4532.84010334527))
REPRESENTATION_ITEM('')
);
#1481=(
BOUNDED_CURVE()
B_SPLINE_CURVE(2,(#12324,#12325,#12326),.UNSPECIFIED.,.F.,.F.)
B_SPLINE_CURVE_WITH_KNOTS((3,3),(1169.70614161377,1689.24802717067),
 .UNSPECIFIED.)
CURVE()
GEOMETRIC_REPRESENTATION_ITEM()
RATIONAL_B_SPLINE_CURVE((4532.84010317269,5478.07105637559,6368.92723656212))
REPRESENTATION_ITEM('')
);
#1482=(
BOUNDED_CURVE()
B_SPLINE_CURVE(2,(#12330,#12331,#12332),.UNSPECIFIED.,.F.,.F.)
B_SPLINE_CURVE_WITH_KNOTS((3,3),(1169.70614148412,1689.24802698315),
 .UNSPECIFIED.)
CURVE()
GEOMETRIC_REPRESENTATION_ITEM()
RATIONAL_B_SPLINE_CURVE((4532.84010320723,5478.07105642402,6368.92723663049))
REPRESENTATION_ITEM('')
);
#1483=(
BOUNDED_CURVE()
B_SPLINE_CURVE(2,(#12336,#12337,#12338,#12339),.UNSPECIFIED.,.F.,.F.)
B_SPLINE_CURVE_WITH_KNOTS((3,1,3),(18713.2124112837,18885.719942244,19232.7542968568),
 .UNSPECIFIED.)
CURVE()
GEOMETRIC_REPRESENTATION_ITEM()
RATIONAL_B_SPLINE_CURVE((6368.92723648189,6073.12933385143,5164.21867511434,
4532.84010313213))
REPRESENTATION_ITEM('')
);
#1484=(
BOUNDED_CURVE()
B_SPLINE_CURVE(2,(#12345,#12346,#12347),.UNSPECIFIED.,.F.,.F.)
B_SPLINE_CURVE_WITH_KNOTS((3,3),(1169.70614029902,1689.24802542537),
 .UNSPECIFIED.)
CURVE()
GEOMETRIC_REPRESENTATION_ITEM()
RATIONAL_B_SPLINE_CURVE((4532.84010446456,5478.07105828904,6368.92723911437))
REPRESENTATION_ITEM('')
);
#1485=(
BOUNDED_CURVE()
B_SPLINE_CURVE(2,(#12379,#12380,#12381,#12382),.UNSPECIFIED.,.F.,.F.)
B_SPLINE_CURVE_WITH_KNOTS((3,1,3),(18713.2124129903,18885.7199441323,19232.7542981432),
 .UNSPECIFIED.)
CURVE()
GEOMETRIC_REPRESENTATION_ITEM()
RATIONAL_B_SPLINE_CURVE((6368.92723898906,6073.12933559932,5164.21867620653,
4532.84010440073))
REPRESENTATION_ITEM('')
);
#1486=(
BOUNDED_CURVE()
B_SPLINE_CURVE(2,(#12386,#12387,#12388,#12389),.UNSPECIFIED.,.F.,.F.)
B_SPLINE_CURVE_WITH_KNOTS((3,1,3),(18713.2124132316,18885.719944405,19232.7542983253),
 .UNSPECIFIED.)
CURVE()
GEOMETRIC_REPRESENTATION_ITEM()
RATIONAL_B_SPLINE_CURVE((6368.92723934705,6073.12933584017,5164.21867635318,
4532.84010458174))
REPRESENTATION_ITEM('')
);
#1487=(
BOUNDED_CURVE()
B_SPLINE_CURVE(2,(#12395,#12396,#12397),.UNSPECIFIED.,.F.,.F.)
B_SPLINE_CURVE_WITH_KNOTS((3,3),(1169.70614024366,1689.24802535505),
 .UNSPECIFIED.)
CURVE()
GEOMETRIC_REPRESENTATION_ITEM()
RATIONAL_B_SPLINE_CURVE((4532.84010453739,5478.07105839763,6368.92723925856))
REPRESENTATION_ITEM('')
);
#1488=(
BOUNDED_CURVE()
B_SPLINE_CURVE(2,(#12401,#12402,#12403,#12404),.UNSPECIFIED.,.F.,.F.)
B_SPLINE_CURVE_WITH_KNOTS((3,1,3),(18713.212413337,18885.7199445177,19232.754298404),
 .UNSPECIFIED.)
CURVE()
GEOMETRIC_REPRESENTATION_ITEM()
RATIONAL_B_SPLINE_CURVE((6368.92723948969,6073.12933594316,5164.21867641916,
4532.8401046542))
REPRESENTATION_ITEM('')
);
#1489=(
BOUNDED_CURVE()
B_SPLINE_CURVE(2,(#12410,#12411,#12412),.UNSPECIFIED.,.F.,.F.)
B_SPLINE_CURVE_WITH_KNOTS((3,3),(1169.70614195325,1689.24802761919),
 .UNSPECIFIED.)
CURVE()
GEOMETRIC_REPRESENTATION_ITEM()
RATIONAL_B_SPLINE_CURVE((4532.84010282569,5478.07105586141,6368.92723587694))
REPRESENTATION_ITEM('')
);
#1490=(
BOUNDED_CURVE()
B_SPLINE_CURVE(2,(#12446,#12447,#12448,#12449),.UNSPECIFIED.,.F.,.F.)
B_SPLINE_CURVE_WITH_KNOTS((3,1,3),(18713.2124107047,18885.7199415986,19232.7542964197),
 .UNSPECIFIED.)
CURVE()
GEOMETRIC_REPRESENTATION_ITEM()
RATIONAL_B_SPLINE_CURVE((6368.92723562187,6073.12933325742,5164.21867474569,
4532.84010269728))
REPRESENTATION_ITEM('')
);
#1491=(
BOUNDED_CURVE()
B_SPLINE_CURVE(2,(#12453,#12454,#12455,#12456),.UNSPECIFIED.,.F.,.F.)
B_SPLINE_CURVE_WITH_KNOTS((3,1,3),(18713.2124109587,18885.7199418798,19232.7542966097),
 .UNSPECIFIED.)
CURVE()
GEOMETRIC_REPRESENTATION_ITEM()
RATIONAL_B_SPLINE_CURVE((6368.92723596609,6073.12933348985,5164.21867488729,
4532.84010287099))
REPRESENTATION_ITEM('')
);
#1492=(
BOUNDED_CURVE()
B_SPLINE_CURVE(2,(#12460,#12461,#12462),.UNSPECIFIED.,.F.,.F.)
B_SPLINE_CURVE_WITH_KNOTS((3,3),(1169.70614216741,1689.24802790672),
 .UNSPECIFIED.)
CURVE()
GEOMETRIC_REPRESENTATION_ITEM()
RATIONAL_B_SPLINE_CURVE((4532.84010263447,5478.07105557887,6368.92723549936))
REPRESENTATION_ITEM('')
);
#1493=(
BOUNDED_CURVE()
B_SPLINE_CURVE(2,(#12466,#12467,#12468,#12469),.UNSPECIFIED.,.F.,.F.)
B_SPLINE_CURVE_WITH_KNOTS((3,1,3),(18713.2124107519,18885.7199416536,19232.7542964558),
 .UNSPECIFIED.)
CURVE()
GEOMETRIC_REPRESENTATION_ITEM()
RATIONAL_B_SPLINE_CURVE((6368.92723569686,6073.12933330662,5164.21867477484,
4532.84010273466))
REPRESENTATION_ITEM('')
);
#1494=(
BOUNDED_CURVE()
B_SPLINE_CURVE(2,(#12632,#12633,#12634),.UNSPECIFIED.,.F.,.F.)
B_SPLINE_CURVE_WITH_KNOTS((3,3),(1.69173471397426,1.69412102868275),
 .UNSPECIFIED.)
CURVE()
GEOMETRIC_REPRESENTATION_ITEM()
RATIONAL_B_SPLINE_CURVE((1.07466979012888,1.05437461383743,1.0340220333334))
REPRESENTATION_ITEM('')
);
#1495=(
BOUNDED_CURVE()
B_SPLINE_CURVE(2,(#12640,#12641,#12642),.UNSPECIFIED.,.F.,.F.)
B_SPLINE_CURVE_WITH_KNOTS((3,3),(0.00748776620562823,0.0218137244301047),
 .UNSPECIFIED.)
CURVE()
GEOMETRIC_REPRESENTATION_ITEM()
RATIONAL_B_SPLINE_CURVE((1.02210450957384,1.04305711102684,1.0632707792647))
REPRESENTATION_ITEM('')
);
#1496=(
BOUNDED_CURVE()
B_SPLINE_CURVE(2,(#12645,#12646,#12647),.UNSPECIFIED.,.F.,.F.)
B_SPLINE_CURVE_WITH_KNOTS((3,3),(0.00885920055617178,0.0115249564571273),
 .UNSPECIFIED.)
CURVE()
GEOMETRIC_REPRESENTATION_ITEM()
RATIONAL_B_SPLINE_CURVE((1.15132971369418,1.17399125274202,1.19658887518703))
REPRESENTATION_ITEM('')
);
#1497=(
BOUNDED_CURVE()
B_SPLINE_CURVE(2,(#12653,#12654,#12655),.UNSPECIFIED.,.F.,.F.)
B_SPLINE_CURVE_WITH_KNOTS((3,3),(1.89480821648156,1.89913899499696),
 .UNSPECIFIED.)
CURVE()
GEOMETRIC_REPRESENTATION_ITEM()
RATIONAL_B_SPLINE_CURVE((1.22479274545564,1.188145577592,1.1513297136942))
REPRESENTATION_ITEM('')
);
#1498=(
BOUNDED_CURVE()
B_SPLINE_CURVE(2,(#12812,#12813,#12814),.UNSPECIFIED.,.F.,.F.)
B_SPLINE_CURVE_WITH_KNOTS((3,3),(0.673953984766583,0.694081887577177),
 .UNSPECIFIED.)
CURVE()
GEOMETRIC_REPRESENTATION_ITEM()
RATIONAL_B_SPLINE_CURVE((1.06272276514862,1.05673089963656,1.05032519018699))
REPRESENTATION_ITEM('')
);
#1499=(
BOUNDED_CURVE()
B_SPLINE_CURVE(2,(#12828,#12829,#12830),.UNSPECIFIED.,.F.,.F.)
B_SPLINE_CURVE_WITH_KNOTS((3,3),(0.0156639899803419,0.0339866276555216),
 .UNSPECIFIED.)
CURVE()
GEOMETRIC_REPRESENTATION_ITEM()
RATIONAL_B_SPLINE_CURVE((1.01177252193752,1.01849023192347,1.02481578864679))
REPRESENTATION_ITEM('')
);
#1500=(
BOUNDED_CURVE()
B_SPLINE_CURVE(2,(#12856,#12857,#12858),.UNSPECIFIED.,.F.,.F.)
B_SPLINE_CURVE_WITH_KNOTS((3,3),(0.00199217508639016,0.00437848979488033),
 .UNSPECIFIED.)
CURVE()
GEOMETRIC_REPRESENTATION_ITEM()
RATIONAL_B_SPLINE_CURVE((1.03402203333339,1.05437461383741,1.07466979012885))
REPRESENTATION_ITEM('')
);
#1501=(
BOUNDED_CURVE()
B_SPLINE_CURVE(2,(#12868,#12869,#12870),.UNSPECIFIED.,.F.,.F.)
B_SPLINE_CURVE_WITH_KNOTS((3,3),(0.00199217508638889,0.00437848979487897),
 .UNSPECIFIED.)
CURVE()
GEOMETRIC_REPRESENTATION_ITEM()
RATIONAL_B_SPLINE_CURVE((1.03402203333336,1.05437461383739,1.07466979012883))
REPRESENTATION_ITEM('')
);
#1502=(
BOUNDED_CURVE()
B_SPLINE_CURVE(2,(#12880,#12881,#12882),.UNSPECIFIED.,.F.,.F.)
B_SPLINE_CURVE_WITH_KNOTS((3,3),(0.67395398476576,0.694081887576524),
 .UNSPECIFIED.)
CURVE()
GEOMETRIC_REPRESENTATION_ITEM()
RATIONAL_B_SPLINE_CURVE((1.06272276514565,1.05673089963389,1.05032519018464))
REPRESENTATION_ITEM('')
);
#1503=(
BOUNDED_CURVE()
B_SPLINE_CURVE(2,(#12904,#12905,#12906),.UNSPECIFIED.,.F.,.F.)
B_SPLINE_CURVE_WITH_KNOTS((3,3),(0.00748776620562716,0.0163437958185518),
 .UNSPECIFIED.)
CURVE()
GEOMETRIC_REPRESENTATION_ITEM()
RATIONAL_B_SPLINE_CURVE((1.02210450957384,1.03505700154876,1.04772711221413))
REPRESENTATION_ITEM('')
);
#1504=(
BOUNDED_CURVE()
B_SPLINE_CURVE(2,(#12924,#12925,#12926),.UNSPECIFIED.,.F.,.F.)
B_SPLINE_CURVE_WITH_KNOTS((3,3),(0.00199217508639092,0.00437848979488109),
 .UNSPECIFIED.)
CURVE()
GEOMETRIC_REPRESENTATION_ITEM()
RATIONAL_B_SPLINE_CURVE((1.0340220333334,1.05437461383742,1.07466979012886))
REPRESENTATION_ITEM('')
);
#1505=(
BOUNDED_CURVE()
B_SPLINE_CURVE(2,(#12936,#12937,#12938),.UNSPECIFIED.,.F.,.F.)
B_SPLINE_CURVE_WITH_KNOTS((3,3),(1.69173471397426,1.69412102868275),
 .UNSPECIFIED.)
CURVE()
GEOMETRIC_REPRESENTATION_ITEM()
RATIONAL_B_SPLINE_CURVE((1.07466979012888,1.05437461383743,1.03402203333339))
REPRESENTATION_ITEM('')
);
#1506=(
BOUNDED_CURVE()
B_SPLINE_CURVE(2,(#12963,#12964,#12965),.UNSPECIFIED.,.F.,.F.)
B_SPLINE_CURVE_WITH_KNOTS((3,3),(0.00748776620563381,0.0163437958185581),
 .UNSPECIFIED.)
CURVE()
GEOMETRIC_REPRESENTATION_ITEM()
RATIONAL_B_SPLINE_CURVE((1.02210450957386,1.03505700154879,1.04772711221416))
REPRESENTATION_ITEM('')
);
#1507=(
BOUNDED_CURVE()
B_SPLINE_CURVE(2,(#12983,#12984,#12985),.UNSPECIFIED.,.F.,.F.)
B_SPLINE_CURVE_WITH_KNOTS((3,3),(0.673953984765614,0.694081887576358),
 .UNSPECIFIED.)
CURVE()
GEOMETRIC_REPRESENTATION_ITEM()
RATIONAL_B_SPLINE_CURVE((1.06272276514588,1.0567308996341,1.05032519018483))
REPRESENTATION_ITEM('')
);
#1508=(
BOUNDED_CURVE()
B_SPLINE_CURVE(2,(#12995,#12996,#12997),.UNSPECIFIED.,.F.,.F.)
B_SPLINE_CURVE_WITH_KNOTS((3,3),(0.673953984765925,0.694081887576655),
 .UNSPECIFIED.)
CURVE()
GEOMETRIC_REPRESENTATION_ITEM()
RATIONAL_B_SPLINE_CURVE((1.06272276514584,1.05673089963406,1.05032519018479))
REPRESENTATION_ITEM('')
);
#1509=(
BOUNDED_CURVE()
B_SPLINE_CURVE(2,(#13022,#13023,#13024),.UNSPECIFIED.,.F.,.F.)
B_SPLINE_CURVE_WITH_KNOTS((3,3),(1.8964732390958,1.89913899499686),
 .UNSPECIFIED.)
CURVE()
GEOMETRIC_REPRESENTATION_ITEM()
RATIONAL_B_SPLINE_CURVE((1.19658887518884,1.17399125274294,1.15132971369419))
REPRESENTATION_ITEM('')
);
#1510=CONICAL_SURFACE('',#7569,5.97071067811866,0.78539816339749);
#1511=CONICAL_SURFACE('',#7575,5.40502525316943,0.78539816339745);
#1512=CONICAL_SURFACE('',#7585,5.40502525316943,0.78539816339745);
#1513=CONICAL_SURFACE('',#7595,5.40502525316943,0.78539816339745);
#1514=CONICAL_SURFACE('',#7608,5.97071067811866,0.78539816339749);
#1515=CONICAL_SURFACE('',#7614,5.40502525316943,0.78539816339745);
#1516=CONICAL_SURFACE('',#7624,5.40502525316943,0.78539816339745);
#1517=CONICAL_SURFACE('',#7637,5.97071067811866,0.78539816339749);
#1518=CONICAL_SURFACE('',#7643,5.40502525316943,0.78539816339745);
#1519=CONICAL_SURFACE('',#7653,5.40502525316943,0.78539816339745);
#1520=CONICAL_SURFACE('',#7658,5.97071067811866,0.78539816339749);
#1521=CONICAL_SURFACE('',#7664,5.40502525316943,0.78539816339745);
#1522=CONICAL_SURFACE('',#7674,5.40502525316943,0.78539816339745);
#1523=CONICAL_SURFACE('',#7684,5.40502525316943,0.78539816339745);
#1524=CONICAL_SURFACE('',#7694,5.40502525316943,0.78539816339745);
#1525=CONICAL_SURFACE('',#7704,5.40502525316943,0.78539816339745);
#1526=CONICAL_SURFACE('',#7709,5.97071067811866,0.78539816339749);
#1527=CONICAL_SURFACE('',#7715,5.40502525316943,0.78539816339745);
#1528=CONICAL_SURFACE('',#7721,5.97071067811866,0.78539816339749);
#1529=CONICAL_SURFACE('',#7727,5.40502525316943,0.78539816339745);
#1530=CONICAL_SURFACE('',#7737,5.40502525316943,0.78539816339745);
#1531=CONICAL_SURFACE('',#7742,5.97071067811866,0.78539816339749);
#1532=CONICAL_SURFACE('',#7748,5.40502525316943,0.78539816339745);
#1533=CONICAL_SURFACE('',#7753,5.97071067811866,0.78539816339749);
#1534=CONICAL_SURFACE('',#7759,5.40502525316943,0.78539816339745);
#1535=CONICAL_SURFACE('',#7765,5.97071067811866,0.78539816339749);
#1536=CONICAL_SURFACE('',#7771,5.40502525316943,0.78539816339745);
#1537=CONICAL_SURFACE('',#7781,5.40502525316943,0.78539816339745);
#1538=CONICAL_SURFACE('',#7791,5.40502525316943,0.78539816339745);
#1539=CONICAL_SURFACE('',#7801,5.40502525316943,0.78539816339745);
#1540=CONICAL_SURFACE('',#7806,5.97071067811866,0.78539816339749);
#1541=CONICAL_SURFACE('',#7812,5.40502525316943,0.78539816339745);
#1542=CONICAL_SURFACE('',#7814,2.8,0.165148677414625);
#1543=CONICAL_SURFACE('',#7830,2.79999999999999,0.165148677414627);
#1544=CONICAL_SURFACE('',#7832,2.8,0.165148677414624);
#1545=CONICAL_SURFACE('',#7834,2.79999999999999,0.165148677414626);
#1546=CONICAL_SURFACE('',#7836,2.79999999999999,0.165148677414626);
#1547=CONICAL_SURFACE('',#7838,2.8,0.165148677414626);
#1548=CONICAL_SURFACE('',#7840,2.8,0.165148677414626);
#1549=CONICAL_SURFACE('',#7856,2.79999999999999,0.165148677414626);
#1550=CONICAL_SURFACE('',#7858,2.8,0.165148677414624);
#1551=CONICAL_SURFACE('',#7860,2.8,0.165148677414625);
#1552=CONICAL_SURFACE('',#7862,2.79999999999999,0.165148677414627);
#1553=CONICAL_SURFACE('',#7864,2.79999999999999,0.165148677414626);
#1554=CONICAL_SURFACE('',#7866,2.79999999999999,0.165148677414626);
#1555=CONICAL_SURFACE('',#7882,2.79999999999999,0.165148677414626);
#1556=CONICAL_SURFACE('',#7884,2.79999999999999,0.165148677414626);
#1557=CONICAL_SURFACE('',#7886,2.79999999999999,0.165148677414626);
#1558=CONICAL_SURFACE('',#7888,2.79999999999999,0.165148677414627);
#1559=CONICAL_SURFACE('',#7890,2.79999999999999,0.165148677414627);
#1560=CONICAL_SURFACE('',#7892,2.79999999999999,0.165148677414627);
#1561=CONICAL_SURFACE('',#7908,2.79999999999999,0.165148677414627);
#1562=CONICAL_SURFACE('',#7910,2.79999999999999,0.165148677414626);
#1563=CONICAL_SURFACE('',#7912,2.79999999999999,0.165148677414626);
#1564=CONICAL_SURFACE('',#7914,2.79999999999999,0.165148677414626);
#1565=CONICAL_SURFACE('',#7916,2.79999999999999,0.165148677414626);
#1566=CONICAL_SURFACE('',#7919,6.9,0.785398163397447);
#1567=CONICAL_SURFACE('',#7923,6.9,0.785398163397446);
#1568=CONICAL_SURFACE('',#7957,6.89999999999999,0.785398163397446);
#1569=CONICAL_SURFACE('',#7960,6.9,0.785398163397446);
#1570=CONICAL_SURFACE('',#8007,5.97071067811866,0.78539816339749);
#1571=CONICAL_SURFACE('',#8016,5.97071067811866,0.78539816339749);
#1572=CONICAL_SURFACE('',#8029,5.97071067811866,0.78539816339749);
#1573=CONICAL_SURFACE('',#8034,5.97071067811866,0.78539816339749);
#1574=CONICAL_SURFACE('',#8039,5.97071067811866,0.78539816339749);
#1575=CONICAL_SURFACE('',#8052,5.97071067811866,0.78539816339749);
#1576=CONICAL_SURFACE('',#8061,5.97071067811866,0.78539816339749);
#1577=CONICAL_SURFACE('',#8066,5.97071067811866,0.78539816339749);
#1578=CONICAL_SURFACE('',#8075,5.97071067811866,0.78539816339749);
#1579=CONICAL_SURFACE('',#8076,5.40502525316943,0.78539816339745);
#1580=CONICAL_SURFACE('',#8082,5.97071067811866,0.78539816339749);
#1581=CONICAL_SURFACE('',#8091,5.97071067811866,0.78539816339749);
#1582=CONICAL_SURFACE('',#8096,5.97071067811866,0.78539816339749);
#1583=CONICAL_SURFACE('',#8105,5.97071067811866,0.78539816339749);
#1584=CONICAL_SURFACE('',#8106,5.40502525316943,0.78539816339745);
#1585=CONICAL_SURFACE('',#8112,5.97071067811866,0.78539816339749);
#1586=CONICAL_SURFACE('',#8189,7.3,0.78539816339743);
#1587=CONICAL_SURFACE('',#8191,7.3,0.785398163397426);
#1588=CONICAL_SURFACE('',#8193,7.3,0.78539816339743);
#1589=CONICAL_SURFACE('',#8195,7.30000000000001,0.785398163397426);
#1590=CONICAL_SURFACE('',#8228,10.3,0.785398163395892);
#1591=CONICAL_SURFACE('',#8236,10.3,0.785398163395889);
#1592=CONICAL_SURFACE('',#8246,10.3,0.785398163398971);
#1593=CONICAL_SURFACE('',#8254,10.3,0.785398163398968);
#1594=CONICAL_SURFACE('',#8264,11.6000000000009,0.785398163396986);
#1595=CONICAL_SURFACE('',#8269,11.6000000000009,0.785398163396985);
#1596=CONICAL_SURFACE('',#8272,11.6000000000009,0.785398163397914);
#1597=CONICAL_SURFACE('',#8275,11.6000000000009,0.785398163397914);
#1598=FACE_OUTER_BOUND('',#2023,.T.);
#1599=FACE_OUTER_BOUND('',#2024,.T.);
#1600=FACE_OUTER_BOUND('',#2025,.T.);
#1601=FACE_OUTER_BOUND('',#2026,.T.);
#1602=FACE_OUTER_BOUND('',#2027,.T.);
#1603=FACE_OUTER_BOUND('',#2028,.T.);
#1604=FACE_OUTER_BOUND('',#2029,.T.);
#1605=FACE_OUTER_BOUND('',#2030,.T.);
#1606=FACE_OUTER_BOUND('',#2031,.T.);
#1607=FACE_OUTER_BOUND('',#2032,.T.);
#1608=FACE_OUTER_BOUND('',#2033,.T.);
#1609=FACE_OUTER_BOUND('',#2034,.T.);
#1610=FACE_OUTER_BOUND('',#2035,.T.);
#1611=FACE_OUTER_BOUND('',#2036,.T.);
#1612=FACE_OUTER_BOUND('',#2037,.T.);
#1613=FACE_OUTER_BOUND('',#2038,.T.);
#1614=FACE_OUTER_BOUND('',#2039,.T.);
#1615=FACE_OUTER_BOUND('',#2040,.T.);
#1616=FACE_OUTER_BOUND('',#2041,.T.);
#1617=FACE_OUTER_BOUND('',#2042,.T.);
#1618=FACE_OUTER_BOUND('',#2043,.T.);
#1619=FACE_OUTER_BOUND('',#2044,.T.);
#1620=FACE_OUTER_BOUND('',#2045,.T.);
#1621=FACE_OUTER_BOUND('',#2046,.T.);
#1622=FACE_OUTER_BOUND('',#2047,.T.);
#1623=FACE_OUTER_BOUND('',#2048,.T.);
#1624=FACE_OUTER_BOUND('',#2049,.T.);
#1625=FACE_OUTER_BOUND('',#2050,.T.);
#1626=FACE_OUTER_BOUND('',#2051,.T.);
#1627=FACE_OUTER_BOUND('',#2052,.T.);
#1628=FACE_OUTER_BOUND('',#2053,.T.);
#1629=FACE_OUTER_BOUND('',#2054,.T.);
#1630=FACE_OUTER_BOUND('',#2055,.T.);
#1631=FACE_OUTER_BOUND('',#2056,.T.);
#1632=FACE_OUTER_BOUND('',#2057,.T.);
#1633=FACE_OUTER_BOUND('',#2058,.T.);
#1634=FACE_OUTER_BOUND('',#2059,.T.);
#1635=FACE_OUTER_BOUND('',#2060,.T.);
#1636=FACE_OUTER_BOUND('',#2061,.T.);
#1637=FACE_OUTER_BOUND('',#2062,.T.);
#1638=FACE_OUTER_BOUND('',#2063,.T.);
#1639=FACE_OUTER_BOUND('',#2064,.T.);
#1640=FACE_OUTER_BOUND('',#2065,.T.);
#1641=FACE_OUTER_BOUND('',#2066,.T.);
#1642=FACE_OUTER_BOUND('',#2067,.T.);
#1643=FACE_OUTER_BOUND('',#2068,.T.);
#1644=FACE_OUTER_BOUND('',#2069,.T.);
#1645=FACE_OUTER_BOUND('',#2070,.T.);
#1646=FACE_OUTER_BOUND('',#2071,.T.);
#1647=FACE_OUTER_BOUND('',#2072,.T.);
#1648=FACE_OUTER_BOUND('',#2073,.T.);
#1649=FACE_OUTER_BOUND('',#2074,.T.);
#1650=FACE_OUTER_BOUND('',#2075,.T.);
#1651=FACE_OUTER_BOUND('',#2076,.T.);
#1652=FACE_OUTER_BOUND('',#2077,.T.);
#1653=FACE_OUTER_BOUND('',#2078,.T.);
#1654=FACE_OUTER_BOUND('',#2079,.T.);
#1655=FACE_OUTER_BOUND('',#2080,.T.);
#1656=FACE_OUTER_BOUND('',#2081,.T.);
#1657=FACE_OUTER_BOUND('',#2082,.T.);
#1658=FACE_OUTER_BOUND('',#2083,.T.);
#1659=FACE_OUTER_BOUND('',#2084,.T.);
#1660=FACE_OUTER_BOUND('',#2085,.T.);
#1661=FACE_OUTER_BOUND('',#2086,.T.);
#1662=FACE_OUTER_BOUND('',#2087,.T.);
#1663=FACE_OUTER_BOUND('',#2088,.T.);
#1664=FACE_OUTER_BOUND('',#2089,.T.);
#1665=FACE_OUTER_BOUND('',#2090,.T.);
#1666=FACE_OUTER_BOUND('',#2091,.T.);
#1667=FACE_OUTER_BOUND('',#2092,.T.);
#1668=FACE_OUTER_BOUND('',#2093,.T.);
#1669=FACE_OUTER_BOUND('',#2094,.T.);
#1670=FACE_OUTER_BOUND('',#2095,.T.);
#1671=FACE_OUTER_BOUND('',#2096,.T.);
#1672=FACE_OUTER_BOUND('',#2097,.T.);
#1673=FACE_OUTER_BOUND('',#2098,.T.);
#1674=FACE_OUTER_BOUND('',#2099,.T.);
#1675=FACE_OUTER_BOUND('',#2100,.T.);
#1676=FACE_OUTER_BOUND('',#2101,.T.);
#1677=FACE_OUTER_BOUND('',#2102,.T.);
#1678=FACE_OUTER_BOUND('',#2103,.T.);
#1679=FACE_OUTER_BOUND('',#2104,.T.);
#1680=FACE_OUTER_BOUND('',#2105,.T.);
#1681=FACE_OUTER_BOUND('',#2106,.T.);
#1682=FACE_OUTER_BOUND('',#2107,.T.);
#1683=FACE_OUTER_BOUND('',#2108,.T.);
#1684=FACE_OUTER_BOUND('',#2109,.T.);
#1685=FACE_OUTER_BOUND('',#2110,.T.);
#1686=FACE_OUTER_BOUND('',#2111,.T.);
#1687=FACE_OUTER_BOUND('',#2112,.T.);
#1688=FACE_OUTER_BOUND('',#2113,.T.);
#1689=FACE_OUTER_BOUND('',#2114,.T.);
#1690=FACE_OUTER_BOUND('',#2115,.T.);
#1691=FACE_OUTER_BOUND('',#2116,.T.);
#1692=FACE_OUTER_BOUND('',#2117,.T.);
#1693=FACE_OUTER_BOUND('',#2118,.T.);
#1694=FACE_OUTER_BOUND('',#2119,.T.);
#1695=FACE_OUTER_BOUND('',#2120,.T.);
#1696=FACE_OUTER_BOUND('',#2121,.T.);
#1697=FACE_OUTER_BOUND('',#2122,.T.);
#1698=FACE_OUTER_BOUND('',#2123,.T.);
#1699=FACE_OUTER_BOUND('',#2124,.T.);
#1700=FACE_OUTER_BOUND('',#2125,.T.);
#1701=FACE_OUTER_BOUND('',#2126,.T.);
#1702=FACE_OUTER_BOUND('',#2127,.T.);
#1703=FACE_OUTER_BOUND('',#2128,.T.);
#1704=FACE_OUTER_BOUND('',#2129,.T.);
#1705=FACE_OUTER_BOUND('',#2130,.T.);
#1706=FACE_OUTER_BOUND('',#2131,.T.);
#1707=FACE_OUTER_BOUND('',#2132,.T.);
#1708=FACE_OUTER_BOUND('',#2133,.T.);
#1709=FACE_OUTER_BOUND('',#2134,.T.);
#1710=FACE_OUTER_BOUND('',#2135,.T.);
#1711=FACE_OUTER_BOUND('',#2136,.T.);
#1712=FACE_OUTER_BOUND('',#2137,.T.);
#1713=FACE_OUTER_BOUND('',#2138,.T.);
#1714=FACE_OUTER_BOUND('',#2139,.T.);
#1715=FACE_OUTER_BOUND('',#2140,.T.);
#1716=FACE_OUTER_BOUND('',#2141,.T.);
#1717=FACE_OUTER_BOUND('',#2142,.T.);
#1718=FACE_OUTER_BOUND('',#2143,.T.);
#1719=FACE_OUTER_BOUND('',#2144,.T.);
#1720=FACE_OUTER_BOUND('',#2151,.T.);
#1721=FACE_OUTER_BOUND('',#2152,.T.);
#1722=FACE_OUTER_BOUND('',#2153,.T.);
#1723=FACE_OUTER_BOUND('',#2154,.T.);
#1724=FACE_OUTER_BOUND('',#2155,.T.);
#1725=FACE_OUTER_BOUND('',#2156,.T.);
#1726=FACE_OUTER_BOUND('',#2157,.T.);
#1727=FACE_OUTER_BOUND('',#2164,.T.);
#1728=FACE_OUTER_BOUND('',#2165,.T.);
#1729=FACE_OUTER_BOUND('',#2166,.T.);
#1730=FACE_OUTER_BOUND('',#2167,.T.);
#1731=FACE_OUTER_BOUND('',#2168,.T.);
#1732=FACE_OUTER_BOUND('',#2169,.T.);
#1733=FACE_OUTER_BOUND('',#2170,.T.);
#1734=FACE_OUTER_BOUND('',#2177,.T.);
#1735=FACE_OUTER_BOUND('',#2178,.T.);
#1736=FACE_OUTER_BOUND('',#2179,.T.);
#1737=FACE_OUTER_BOUND('',#2180,.T.);
#1738=FACE_OUTER_BOUND('',#2181,.T.);
#1739=FACE_OUTER_BOUND('',#2182,.T.);
#1740=FACE_OUTER_BOUND('',#2183,.T.);
#1741=FACE_OUTER_BOUND('',#2190,.T.);
#1742=FACE_OUTER_BOUND('',#2191,.T.);
#1743=FACE_OUTER_BOUND('',#2192,.T.);
#1744=FACE_OUTER_BOUND('',#2193,.T.);
#1745=FACE_OUTER_BOUND('',#2194,.T.);
#1746=FACE_OUTER_BOUND('',#2195,.T.);
#1747=FACE_OUTER_BOUND('',#2196,.T.);
#1748=FACE_OUTER_BOUND('',#2197,.T.);
#1749=FACE_OUTER_BOUND('',#2198,.T.);
#1750=FACE_OUTER_BOUND('',#2199,.T.);
#1751=FACE_OUTER_BOUND('',#2200,.T.);
#1752=FACE_OUTER_BOUND('',#2201,.T.);
#1753=FACE_OUTER_BOUND('',#2205,.T.);
#1754=FACE_OUTER_BOUND('',#2206,.T.);
#1755=FACE_OUTER_BOUND('',#2207,.T.);
#1756=FACE_OUTER_BOUND('',#2208,.T.);
#1757=FACE_OUTER_BOUND('',#2209,.T.);
#1758=FACE_OUTER_BOUND('',#2210,.T.);
#1759=FACE_OUTER_BOUND('',#2211,.T.);
#1760=FACE_OUTER_BOUND('',#2212,.T.);
#1761=FACE_OUTER_BOUND('',#2213,.T.);
#1762=FACE_OUTER_BOUND('',#2214,.T.);
#1763=FACE_OUTER_BOUND('',#2215,.T.);
#1764=FACE_OUTER_BOUND('',#2216,.T.);
#1765=FACE_OUTER_BOUND('',#2217,.T.);
#1766=FACE_OUTER_BOUND('',#2218,.T.);
#1767=FACE_OUTER_BOUND('',#2219,.T.);
#1768=FACE_OUTER_BOUND('',#2220,.T.);
#1769=FACE_OUTER_BOUND('',#2221,.T.);
#1770=FACE_OUTER_BOUND('',#2222,.T.);
#1771=FACE_OUTER_BOUND('',#2223,.T.);
#1772=FACE_OUTER_BOUND('',#2224,.T.);
#1773=FACE_OUTER_BOUND('',#2225,.T.);
#1774=FACE_OUTER_BOUND('',#2226,.T.);
#1775=FACE_OUTER_BOUND('',#2227,.T.);
#1776=FACE_OUTER_BOUND('',#2228,.T.);
#1777=FACE_OUTER_BOUND('',#2229,.T.);
#1778=FACE_OUTER_BOUND('',#2230,.T.);
#1779=FACE_OUTER_BOUND('',#2231,.T.);
#1780=FACE_OUTER_BOUND('',#2232,.T.);
#1781=FACE_OUTER_BOUND('',#2233,.T.);
#1782=FACE_OUTER_BOUND('',#2234,.T.);
#1783=FACE_OUTER_BOUND('',#2235,.T.);
#1784=FACE_OUTER_BOUND('',#2236,.T.);
#1785=FACE_OUTER_BOUND('',#2237,.T.);
#1786=FACE_OUTER_BOUND('',#2238,.T.);
#1787=FACE_OUTER_BOUND('',#2239,.T.);
#1788=FACE_OUTER_BOUND('',#2240,.T.);
#1789=FACE_OUTER_BOUND('',#2241,.T.);
#1790=FACE_OUTER_BOUND('',#2242,.T.);
#1791=FACE_OUTER_BOUND('',#2243,.T.);
#1792=FACE_OUTER_BOUND('',#2244,.T.);
#1793=FACE_OUTER_BOUND('',#2245,.T.);
#1794=FACE_OUTER_BOUND('',#2246,.T.);
#1795=FACE_OUTER_BOUND('',#2247,.T.);
#1796=FACE_OUTER_BOUND('',#2248,.T.);
#1797=FACE_OUTER_BOUND('',#2249,.T.);
#1798=FACE_OUTER_BOUND('',#2250,.T.);
#1799=FACE_OUTER_BOUND('',#2251,.T.);
#1800=FACE_OUTER_BOUND('',#2252,.T.);
#1801=FACE_OUTER_BOUND('',#2253,.T.);
#1802=FACE_OUTER_BOUND('',#2254,.T.);
#1803=FACE_OUTER_BOUND('',#2255,.T.);
#1804=FACE_OUTER_BOUND('',#2256,.T.);
#1805=FACE_OUTER_BOUND('',#2257,.T.);
#1806=FACE_OUTER_BOUND('',#2258,.T.);
#1807=FACE_OUTER_BOUND('',#2259,.T.);
#1808=FACE_OUTER_BOUND('',#2260,.T.);
#1809=FACE_OUTER_BOUND('',#2261,.T.);
#1810=FACE_OUTER_BOUND('',#2262,.T.);
#1811=FACE_OUTER_BOUND('',#2263,.T.);
#1812=FACE_OUTER_BOUND('',#2264,.T.);
#1813=FACE_OUTER_BOUND('',#2265,.T.);
#1814=FACE_OUTER_BOUND('',#2266,.T.);
#1815=FACE_OUTER_BOUND('',#2267,.T.);
#1816=FACE_OUTER_BOUND('',#2268,.T.);
#1817=FACE_OUTER_BOUND('',#2269,.T.);
#1818=FACE_OUTER_BOUND('',#2270,.T.);
#1819=FACE_OUTER_BOUND('',#2271,.T.);
#1820=FACE_OUTER_BOUND('',#2272,.T.);
#1821=FACE_OUTER_BOUND('',#2273,.T.);
#1822=FACE_OUTER_BOUND('',#2274,.T.);
#1823=FACE_OUTER_BOUND('',#2275,.T.);
#1824=FACE_OUTER_BOUND('',#2276,.T.);
#1825=FACE_OUTER_BOUND('',#2277,.T.);
#1826=FACE_OUTER_BOUND('',#2278,.T.);
#1827=FACE_OUTER_BOUND('',#2279,.T.);
#1828=FACE_OUTER_BOUND('',#2280,.T.);
#1829=FACE_OUTER_BOUND('',#2281,.T.);
#1830=FACE_OUTER_BOUND('',#2282,.T.);
#1831=FACE_OUTER_BOUND('',#2283,.T.);
#1832=FACE_OUTER_BOUND('',#2284,.T.);
#1833=FACE_OUTER_BOUND('',#2285,.T.);
#1834=FACE_OUTER_BOUND('',#2286,.T.);
#1835=FACE_OUTER_BOUND('',#2287,.T.);
#1836=FACE_OUTER_BOUND('',#2288,.T.);
#1837=FACE_OUTER_BOUND('',#2289,.T.);
#1838=FACE_OUTER_BOUND('',#2290,.T.);
#1839=FACE_OUTER_BOUND('',#2291,.T.);
#1840=FACE_OUTER_BOUND('',#2292,.T.);
#1841=FACE_OUTER_BOUND('',#2293,.T.);
#1842=FACE_OUTER_BOUND('',#2294,.T.);
#1843=FACE_OUTER_BOUND('',#2295,.T.);
#1844=FACE_OUTER_BOUND('',#2296,.T.);
#1845=FACE_OUTER_BOUND('',#2297,.T.);
#1846=FACE_OUTER_BOUND('',#2298,.T.);
#1847=FACE_OUTER_BOUND('',#2299,.T.);
#1848=FACE_OUTER_BOUND('',#2300,.T.);
#1849=FACE_OUTER_BOUND('',#2301,.T.);
#1850=FACE_OUTER_BOUND('',#2302,.T.);
#1851=FACE_OUTER_BOUND('',#2303,.T.);
#1852=FACE_OUTER_BOUND('',#2304,.T.);
#1853=FACE_OUTER_BOUND('',#2305,.T.);
#1854=FACE_OUTER_BOUND('',#2306,.T.);
#1855=FACE_OUTER_BOUND('',#2307,.T.);
#1856=FACE_OUTER_BOUND('',#2308,.T.);
#1857=FACE_OUTER_BOUND('',#2309,.T.);
#1858=FACE_OUTER_BOUND('',#2310,.T.);
#1859=FACE_OUTER_BOUND('',#2311,.T.);
#1860=FACE_OUTER_BOUND('',#2312,.T.);
#1861=FACE_OUTER_BOUND('',#2313,.T.);
#1862=FACE_OUTER_BOUND('',#2314,.T.);
#1863=FACE_OUTER_BOUND('',#2315,.T.);
#1864=FACE_OUTER_BOUND('',#2316,.T.);
#1865=FACE_OUTER_BOUND('',#2317,.T.);
#1866=FACE_OUTER_BOUND('',#2318,.T.);
#1867=FACE_OUTER_BOUND('',#2319,.T.);
#1868=FACE_OUTER_BOUND('',#2320,.T.);
#1869=FACE_OUTER_BOUND('',#2321,.T.);
#1870=FACE_OUTER_BOUND('',#2322,.T.);
#1871=FACE_OUTER_BOUND('',#2323,.T.);
#1872=FACE_OUTER_BOUND('',#2324,.T.);
#1873=FACE_OUTER_BOUND('',#2325,.T.);
#1874=FACE_OUTER_BOUND('',#2326,.T.);
#1875=FACE_OUTER_BOUND('',#2327,.T.);
#1876=FACE_OUTER_BOUND('',#2328,.T.);
#1877=FACE_OUTER_BOUND('',#2329,.T.);
#1878=FACE_OUTER_BOUND('',#2330,.T.);
#1879=FACE_OUTER_BOUND('',#2331,.T.);
#1880=FACE_OUTER_BOUND('',#2332,.T.);
#1881=FACE_OUTER_BOUND('',#2333,.T.);
#1882=FACE_OUTER_BOUND('',#2334,.T.);
#1883=FACE_OUTER_BOUND('',#2335,.T.);
#1884=FACE_OUTER_BOUND('',#2336,.T.);
#1885=FACE_OUTER_BOUND('',#2337,.T.);
#1886=FACE_OUTER_BOUND('',#2338,.T.);
#1887=FACE_OUTER_BOUND('',#2339,.T.);
#1888=FACE_OUTER_BOUND('',#2340,.T.);
#1889=FACE_OUTER_BOUND('',#2341,.T.);
#1890=FACE_OUTER_BOUND('',#2342,.T.);
#1891=FACE_OUTER_BOUND('',#2343,.T.);
#1892=FACE_OUTER_BOUND('',#2344,.T.);
#1893=FACE_OUTER_BOUND('',#2345,.T.);
#1894=FACE_OUTER_BOUND('',#2346,.T.);
#1895=FACE_OUTER_BOUND('',#2347,.T.);
#1896=FACE_OUTER_BOUND('',#2348,.T.);
#1897=FACE_OUTER_BOUND('',#2349,.T.);
#1898=FACE_OUTER_BOUND('',#2350,.T.);
#1899=FACE_OUTER_BOUND('',#2351,.T.);
#1900=FACE_OUTER_BOUND('',#2352,.T.);
#1901=FACE_OUTER_BOUND('',#2353,.T.);
#1902=FACE_OUTER_BOUND('',#2354,.T.);
#1903=FACE_OUTER_BOUND('',#2355,.T.);
#1904=FACE_OUTER_BOUND('',#2356,.T.);
#1905=FACE_OUTER_BOUND('',#2357,.T.);
#1906=FACE_OUTER_BOUND('',#2358,.T.);
#1907=FACE_OUTER_BOUND('',#2359,.T.);
#1908=FACE_OUTER_BOUND('',#2360,.T.);
#1909=FACE_OUTER_BOUND('',#2361,.T.);
#1910=FACE_OUTER_BOUND('',#2362,.T.);
#1911=FACE_OUTER_BOUND('',#2363,.T.);
#1912=FACE_OUTER_BOUND('',#2364,.T.);
#1913=FACE_OUTER_BOUND('',#2365,.T.);
#1914=FACE_OUTER_BOUND('',#2366,.T.);
#1915=FACE_OUTER_BOUND('',#2367,.T.);
#1916=FACE_OUTER_BOUND('',#2368,.T.);
#1917=FACE_OUTER_BOUND('',#2369,.T.);
#1918=FACE_OUTER_BOUND('',#2370,.T.);
#1919=FACE_OUTER_BOUND('',#2371,.T.);
#1920=FACE_OUTER_BOUND('',#2372,.T.);
#1921=FACE_OUTER_BOUND('',#2373,.T.);
#1922=FACE_OUTER_BOUND('',#2374,.T.);
#1923=FACE_OUTER_BOUND('',#2375,.T.);
#1924=FACE_OUTER_BOUND('',#2376,.T.);
#1925=FACE_OUTER_BOUND('',#2377,.T.);
#1926=FACE_OUTER_BOUND('',#2378,.T.);
#1927=FACE_OUTER_BOUND('',#2379,.T.);
#1928=FACE_OUTER_BOUND('',#2380,.T.);
#1929=FACE_OUTER_BOUND('',#2381,.T.);
#1930=FACE_OUTER_BOUND('',#2382,.T.);
#1931=FACE_OUTER_BOUND('',#2383,.T.);
#1932=FACE_OUTER_BOUND('',#2384,.T.);
#1933=FACE_OUTER_BOUND('',#2385,.T.);
#1934=FACE_OUTER_BOUND('',#2386,.T.);
#1935=FACE_OUTER_BOUND('',#2387,.T.);
#1936=FACE_OUTER_BOUND('',#2388,.T.);
#1937=FACE_OUTER_BOUND('',#2389,.T.);
#1938=FACE_OUTER_BOUND('',#2390,.T.);
#1939=FACE_OUTER_BOUND('',#2391,.T.);
#1940=FACE_OUTER_BOUND('',#2392,.T.);
#1941=FACE_OUTER_BOUND('',#2393,.T.);
#1942=FACE_OUTER_BOUND('',#2394,.T.);
#1943=FACE_OUTER_BOUND('',#2395,.T.);
#1944=FACE_OUTER_BOUND('',#2396,.T.);
#1945=FACE_OUTER_BOUND('',#2397,.T.);
#1946=FACE_OUTER_BOUND('',#2398,.T.);
#1947=FACE_OUTER_BOUND('',#2399,.T.);
#1948=FACE_OUTER_BOUND('',#2400,.T.);
#1949=FACE_OUTER_BOUND('',#2401,.T.);
#1950=FACE_OUTER_BOUND('',#2403,.T.);
#1951=FACE_OUTER_BOUND('',#2404,.T.);
#1952=FACE_OUTER_BOUND('',#2405,.T.);
#1953=FACE_OUTER_BOUND('',#2406,.T.);
#1954=FACE_OUTER_BOUND('',#2407,.T.);
#1955=FACE_OUTER_BOUND('',#2408,.T.);
#1956=FACE_OUTER_BOUND('',#2409,.T.);
#1957=FACE_OUTER_BOUND('',#2410,.T.);
#1958=FACE_OUTER_BOUND('',#2411,.T.);
#1959=FACE_OUTER_BOUND('',#2412,.T.);
#1960=FACE_OUTER_BOUND('',#2413,.T.);
#1961=FACE_OUTER_BOUND('',#2414,.T.);
#1962=FACE_OUTER_BOUND('',#2415,.T.);
#1963=FACE_OUTER_BOUND('',#2416,.T.);
#1964=FACE_OUTER_BOUND('',#2417,.T.);
#1965=FACE_OUTER_BOUND('',#2418,.T.);
#1966=FACE_OUTER_BOUND('',#2420,.T.);
#1967=FACE_OUTER_BOUND('',#2422,.T.);
#1968=FACE_OUTER_BOUND('',#2424,.T.);
#1969=FACE_OUTER_BOUND('',#2426,.T.);
#1970=FACE_OUTER_BOUND('',#2428,.T.);
#1971=FACE_OUTER_BOUND('',#2429,.T.);
#1972=FACE_OUTER_BOUND('',#2430,.T.);
#1973=FACE_OUTER_BOUND('',#2431,.T.);
#1974=FACE_OUTER_BOUND('',#2432,.T.);
#1975=FACE_OUTER_BOUND('',#2433,.T.);
#1976=FACE_OUTER_BOUND('',#2434,.T.);
#1977=FACE_OUTER_BOUND('',#2435,.T.);
#1978=FACE_OUTER_BOUND('',#2436,.T.);
#1979=FACE_OUTER_BOUND('',#2437,.T.);
#1980=FACE_OUTER_BOUND('',#2438,.T.);
#1981=FACE_OUTER_BOUND('',#2439,.T.);
#1982=FACE_OUTER_BOUND('',#2440,.T.);
#1983=FACE_OUTER_BOUND('',#2441,.T.);
#1984=FACE_OUTER_BOUND('',#2442,.T.);
#1985=FACE_OUTER_BOUND('',#2443,.T.);
#1986=FACE_OUTER_BOUND('',#2444,.T.);
#1987=FACE_OUTER_BOUND('',#2445,.T.);
#1988=FACE_OUTER_BOUND('',#2446,.T.);
#1989=FACE_OUTER_BOUND('',#2447,.T.);
#1990=FACE_OUTER_BOUND('',#2448,.T.);
#1991=FACE_OUTER_BOUND('',#2449,.T.);
#1992=FACE_OUTER_BOUND('',#2450,.T.);
#1993=FACE_OUTER_BOUND('',#2451,.T.);
#1994=FACE_OUTER_BOUND('',#2452,.T.);
#1995=FACE_OUTER_BOUND('',#2453,.T.);
#1996=FACE_OUTER_BOUND('',#2454,.T.);
#1997=FACE_OUTER_BOUND('',#2455,.T.);
#1998=FACE_OUTER_BOUND('',#2456,.T.);
#1999=FACE_OUTER_BOUND('',#2457,.T.);
#2000=FACE_OUTER_BOUND('',#2458,.T.);
#2001=FACE_OUTER_BOUND('',#2459,.T.);
#2002=FACE_OUTER_BOUND('',#2460,.T.);
#2003=FACE_OUTER_BOUND('',#2462,.T.);
#2004=FACE_OUTER_BOUND('',#2463,.T.);
#2005=FACE_OUTER_BOUND('',#2464,.T.);
#2006=FACE_OUTER_BOUND('',#2465,.T.);
#2007=FACE_OUTER_BOUND('',#2466,.T.);
#2008=FACE_OUTER_BOUND('',#2467,.T.);
#2009=FACE_OUTER_BOUND('',#2468,.T.);
#2010=FACE_OUTER_BOUND('',#2469,.T.);
#2011=FACE_OUTER_BOUND('',#2470,.T.);
#2012=FACE_OUTER_BOUND('',#2471,.T.);
#2013=FACE_OUTER_BOUND('',#2472,.T.);
#2014=FACE_OUTER_BOUND('',#2473,.T.);
#2015=FACE_OUTER_BOUND('',#2474,.T.);
#2016=FACE_OUTER_BOUND('',#2475,.T.);
#2017=FACE_OUTER_BOUND('',#2476,.T.);
#2018=FACE_OUTER_BOUND('',#2477,.T.);
#2019=FACE_OUTER_BOUND('',#2478,.T.);
#2020=FACE_OUTER_BOUND('',#2479,.T.);
#2021=FACE_OUTER_BOUND('',#2480,.T.);
#2022=FACE_OUTER_BOUND('',#2481,.T.);
#2023=EDGE_LOOP('',(#4813,#4814,#4815,#4816));
#2024=EDGE_LOOP('',(#4817,#4818,#4819,#4820));
#2025=EDGE_LOOP('',(#4821,#4822,#4823,#4824,#4825,#4826,#4827,#4828,#4829,
#4830));
#2026=EDGE_LOOP('',(#4831,#4832,#4833,#4834));
#2027=EDGE_LOOP('',(#4835,#4836,#4837,#4838));
#2028=EDGE_LOOP('',(#4839,#4840,#4841,#4842));
#2029=EDGE_LOOP('',(#4843,#4844,#4845,#4846));
#2030=EDGE_LOOP('',(#4847,#4848,#4849,#4850,#4851,#4852,#4853,#4854,#4855,
#4856));
#2031=EDGE_LOOP('',(#4857,#4858,#4859,#4860));
#2032=EDGE_LOOP('',(#4861,#4862,#4863,#4864));
#2033=EDGE_LOOP('',(#4865,#4866,#4867,#4868));
#2034=EDGE_LOOP('',(#4869,#4870,#4871,#4872));
#2035=EDGE_LOOP('',(#4873,#4874,#4875,#4876,#4877,#4878,#4879,#4880,#4881,
#4882));
#2036=EDGE_LOOP('',(#4883,#4884,#4885,#4886));
#2037=EDGE_LOOP('',(#4887,#4888,#4889,#4890));
#2038=EDGE_LOOP('',(#4891,#4892,#4893,#4894));
#2039=EDGE_LOOP('',(#4895,#4896,#4897,#4898,#4899,#4900,#4901,#4902,#4903,
#4904));
#2040=EDGE_LOOP('',(#4905,#4906,#4907,#4908));
#2041=EDGE_LOOP('',(#4909,#4910,#4911,#4912));
#2042=EDGE_LOOP('',(#4913,#4914,#4915,#4916));
#2043=EDGE_LOOP('',(#4917,#4918,#4919,#4920));
#2044=EDGE_LOOP('',(#4921,#4922,#4923,#4924,#4925,#4926,#4927,#4928,#4929,
#4930));
#2045=EDGE_LOOP('',(#4931,#4932,#4933,#4934));
#2046=EDGE_LOOP('',(#4935,#4936,#4937,#4938));
#2047=EDGE_LOOP('',(#4939,#4940,#4941,#4942));
#2048=EDGE_LOOP('',(#4943,#4944,#4945,#4946));
#2049=EDGE_LOOP('',(#4947,#4948,#4949,#4950,#4951,#4952,#4953,#4954,#4955,
#4956));
#2050=EDGE_LOOP('',(#4957,#4958,#4959,#4960));
#2051=EDGE_LOOP('',(#4961,#4962,#4963,#4964));
#2052=EDGE_LOOP('',(#4965,#4966,#4967,#4968));
#2053=EDGE_LOOP('',(#4969,#4970,#4971,#4972,#4973,#4974,#4975,#4976,#4977,
#4978));
#2054=EDGE_LOOP('',(#4979,#4980,#4981,#4982));
#2055=EDGE_LOOP('',(#4983,#4984,#4985,#4986));
#2056=EDGE_LOOP('',(#4987,#4988,#4989,#4990));
#2057=EDGE_LOOP('',(#4991,#4992,#4993,#4994));
#2058=EDGE_LOOP('',(#4995,#4996,#4997,#4998,#4999,#5000,#5001,#5002,#5003,
#5004));
#2059=EDGE_LOOP('',(#5005,#5006,#5007,#5008));
#2060=EDGE_LOOP('',(#5009,#5010,#5011,#5012));
#2061=EDGE_LOOP('',(#5013,#5014,#5015,#5016));
#2062=EDGE_LOOP('',(#5017,#5018,#5019,#5020));
#2063=EDGE_LOOP('',(#5021,#5022,#5023,#5024,#5025,#5026,#5027,#5028,#5029,
#5030));
#2064=EDGE_LOOP('',(#5031,#5032,#5033,#5034));
#2065=EDGE_LOOP('',(#5035,#5036,#5037,#5038));
#2066=EDGE_LOOP('',(#5039,#5040,#5041,#5042));
#2067=EDGE_LOOP('',(#5043,#5044,#5045,#5046));
#2068=EDGE_LOOP('',(#5047,#5048,#5049,#5050,#5051,#5052,#5053,#5054,#5055,
#5056));
#2069=EDGE_LOOP('',(#5057,#5058,#5059,#5060));
#2070=EDGE_LOOP('',(#5061,#5062,#5063,#5064));
#2071=EDGE_LOOP('',(#5065,#5066,#5067,#5068));
#2072=EDGE_LOOP('',(#5069,#5070,#5071,#5072));
#2073=EDGE_LOOP('',(#5073,#5074,#5075,#5076,#5077,#5078,#5079,#5080,#5081,
#5082));
#2074=EDGE_LOOP('',(#5083,#5084,#5085,#5086));
#2075=EDGE_LOOP('',(#5087,#5088,#5089,#5090));
#2076=EDGE_LOOP('',(#5091,#5092,#5093,#5094));
#2077=EDGE_LOOP('',(#5095,#5096,#5097,#5098));
#2078=EDGE_LOOP('',(#5099,#5100,#5101,#5102,#5103,#5104,#5105,#5106,#5107,
#5108));
#2079=EDGE_LOOP('',(#5109,#5110,#5111,#5112));
#2080=EDGE_LOOP('',(#5113,#5114,#5115,#5116));
#2081=EDGE_LOOP('',(#5117,#5118,#5119,#5120));
#2082=EDGE_LOOP('',(#5121,#5122,#5123,#5124));
#2083=EDGE_LOOP('',(#5125,#5126,#5127,#5128,#5129,#5130,#5131,#5132,#5133,
#5134));
#2084=EDGE_LOOP('',(#5135,#5136,#5137,#5138));
#2085=EDGE_LOOP('',(#5139,#5140,#5141,#5142));
#2086=EDGE_LOOP('',(#5143,#5144,#5145,#5146));
#2087=EDGE_LOOP('',(#5147,#5148,#5149,#5150));
#2088=EDGE_LOOP('',(#5151,#5152,#5153,#5154,#5155,#5156,#5157,#5158,#5159,
#5160));
#2089=EDGE_LOOP('',(#5161,#5162,#5163,#5164));
#2090=EDGE_LOOP('',(#5165,#5166,#5167,#5168));
#2091=EDGE_LOOP('',(#5169,#5170,#5171,#5172));
#2092=EDGE_LOOP('',(#5173,#5174,#5175,#5176));
#2093=EDGE_LOOP('',(#5177,#5178,#5179,#5180,#5181,#5182,#5183,#5184,#5185,
#5186));
#2094=EDGE_LOOP('',(#5187,#5188,#5189,#5190));
#2095=EDGE_LOOP('',(#5191,#5192,#5193,#5194));
#2096=EDGE_LOOP('',(#5195,#5196,#5197,#5198,#5199,#5200,#5201,#5202,#5203,
#5204));
#2097=EDGE_LOOP('',(#5205,#5206,#5207,#5208));
#2098=EDGE_LOOP('',(#5209,#5210,#5211,#5212));
#2099=EDGE_LOOP('',(#5213,#5214,#5215,#5216,#5217,#5218,#5219,#5220,#5221,
#5222));
#2100=EDGE_LOOP('',(#5223,#5224,#5225,#5226));
#2101=EDGE_LOOP('',(#5227,#5228,#5229,#5230));
#2102=EDGE_LOOP('',(#5231,#5232,#5233,#5234));
#2103=EDGE_LOOP('',(#5235,#5236,#5237,#5238));
#2104=EDGE_LOOP('',(#5239,#5240,#5241,#5242,#5243,#5244,#5245,#5246,#5247,
#5248));
#2105=EDGE_LOOP('',(#5249,#5250,#5251,#5252));
#2106=EDGE_LOOP('',(#5253,#5254,#5255,#5256));
#2107=EDGE_LOOP('',(#5257,#5258,#5259,#5260));
#2108=EDGE_LOOP('',(#5261,#5262,#5263,#5264));
#2109=EDGE_LOOP('',(#5265,#5266,#5267,#5268,#5269,#5270,#5271,#5272,#5273,
#5274));
#2110=EDGE_LOOP('',(#5275,#5276,#5277,#5278));
#2111=EDGE_LOOP('',(#5279,#5280,#5281,#5282));
#2112=EDGE_LOOP('',(#5283,#5284,#5285,#5286));
#2113=EDGE_LOOP('',(#5287,#5288,#5289,#5290));
#2114=EDGE_LOOP('',(#5291,#5292,#5293,#5294,#5295,#5296,#5297,#5298,#5299,
#5300));
#2115=EDGE_LOOP('',(#5301,#5302,#5303,#5304));
#2116=EDGE_LOOP('',(#5305,#5306,#5307,#5308));
#2117=EDGE_LOOP('',(#5309,#5310,#5311,#5312,#5313,#5314,#5315,#5316,#5317,
#5318));
#2118=EDGE_LOOP('',(#5319,#5320,#5321,#5322));
#2119=EDGE_LOOP('',(#5323,#5324,#5325,#5326));
#2120=EDGE_LOOP('',(#5327,#5328,#5329,#5330,#5331,#5332,#5333,#5334,#5335,
#5336));
#2121=EDGE_LOOP('',(#5337,#5338,#5339,#5340));
#2122=EDGE_LOOP('',(#5341,#5342,#5343,#5344));
#2123=EDGE_LOOP('',(#5345,#5346,#5347,#5348));
#2124=EDGE_LOOP('',(#5349,#5350,#5351,#5352));
#2125=EDGE_LOOP('',(#5353,#5354,#5355,#5356,#5357,#5358,#5359,#5360,#5361,
#5362));
#2126=EDGE_LOOP('',(#5363,#5364,#5365,#5366));
#2127=EDGE_LOOP('',(#5367,#5368,#5369,#5370));
#2128=EDGE_LOOP('',(#5371,#5372,#5373,#5374));
#2129=EDGE_LOOP('',(#5375,#5376,#5377,#5378));
#2130=EDGE_LOOP('',(#5379,#5380,#5381,#5382,#5383,#5384,#5385,#5386,#5387,
#5388));
#2131=EDGE_LOOP('',(#5389,#5390,#5391,#5392));
#2132=EDGE_LOOP('',(#5393,#5394,#5395,#5396));
#2133=EDGE_LOOP('',(#5397,#5398,#5399,#5400));
#2134=EDGE_LOOP('',(#5401,#5402,#5403,#5404));
#2135=EDGE_LOOP('',(#5405,#5406,#5407,#5408,#5409,#5410,#5411,#5412,#5413,
#5414));
#2136=EDGE_LOOP('',(#5415,#5416,#5417,#5418));
#2137=EDGE_LOOP('',(#5419,#5420,#5421,#5422));
#2138=EDGE_LOOP('',(#5423,#5424,#5425,#5426));
#2139=EDGE_LOOP('',(#5427,#5428,#5429,#5430));
#2140=EDGE_LOOP('',(#5431,#5432,#5433,#5434,#5435,#5436,#5437,#5438,#5439,
#5440));
#2141=EDGE_LOOP('',(#5441,#5442,#5443,#5444));
#2142=EDGE_LOOP('',(#5445,#5446,#5447,#5448));
#2143=EDGE_LOOP('',(#5449,#5450,#5451,#5452));
#2144=EDGE_LOOP('',(#5453));
#2145=EDGE_LOOP('',(#5454,#5455,#5456,#5457));
#2146=EDGE_LOOP('',(#5458,#5459,#5460,#5461));
#2147=EDGE_LOOP('',(#5462,#5463,#5464,#5465));
#2148=EDGE_LOOP('',(#5466,#5467,#5468,#5469));
#2149=EDGE_LOOP('',(#5470,#5471,#5472,#5473));
#2150=EDGE_LOOP('',(#5474,#5475,#5476,#5477));
#2151=EDGE_LOOP('',(#5478,#5479,#5480,#5481));
#2152=EDGE_LOOP('',(#5482,#5483,#5484,#5485));
#2153=EDGE_LOOP('',(#5486,#5487,#5488,#5489));
#2154=EDGE_LOOP('',(#5490,#5491,#5492,#5493));
#2155=EDGE_LOOP('',(#5494,#5495,#5496,#5497));
#2156=EDGE_LOOP('',(#5498,#5499,#5500,#5501));
#2157=EDGE_LOOP('',(#5502));
#2158=EDGE_LOOP('',(#5503,#5504,#5505,#5506));
#2159=EDGE_LOOP('',(#5507,#5508,#5509,#5510));
#2160=EDGE_LOOP('',(#5511,#5512,#5513,#5514));
#2161=EDGE_LOOP('',(#5515,#5516,#5517,#5518));
#2162=EDGE_LOOP('',(#5519,#5520,#5521,#5522));
#2163=EDGE_LOOP('',(#5523,#5524,#5525,#5526));
#2164=EDGE_LOOP('',(#5527,#5528,#5529,#5530));
#2165=EDGE_LOOP('',(#5531,#5532,#5533,#5534));
#2166=EDGE_LOOP('',(#5535,#5536,#5537,#5538));
#2167=EDGE_LOOP('',(#5539,#5540,#5541,#5542));
#2168=EDGE_LOOP('',(#5543,#5544,#5545,#5546));
#2169=EDGE_LOOP('',(#5547,#5548,#5549,#5550));
#2170=EDGE_LOOP('',(#5551));
#2171=EDGE_LOOP('',(#5552,#5553,#5554,#5555));
#2172=EDGE_LOOP('',(#5556,#5557,#5558,#5559));
#2173=EDGE_LOOP('',(#5560,#5561,#5562,#5563));
#2174=EDGE_LOOP('',(#5564,#5565,#5566,#5567));
#2175=EDGE_LOOP('',(#5568,#5569,#5570,#5571));
#2176=EDGE_LOOP('',(#5572,#5573,#5574,#5575));
#2177=EDGE_LOOP('',(#5576,#5577,#5578,#5579));
#2178=EDGE_LOOP('',(#5580,#5581,#5582,#5583));
#2179=EDGE_LOOP('',(#5584,#5585,#5586,#5587));
#2180=EDGE_LOOP('',(#5588,#5589,#5590,#5591));
#2181=EDGE_LOOP('',(#5592,#5593,#5594,#5595));
#2182=EDGE_LOOP('',(#5596,#5597,#5598,#5599));
#2183=EDGE_LOOP('',(#5600));
#2184=EDGE_LOOP('',(#5601,#5602,#5603,#5604));
#2185=EDGE_LOOP('',(#5605,#5606,#5607,#5608));
#2186=EDGE_LOOP('',(#5609,#5610,#5611,#5612));
#2187=EDGE_LOOP('',(#5613,#5614,#5615,#5616));
#2188=EDGE_LOOP('',(#5617,#5618,#5619,#5620));
#2189=EDGE_LOOP('',(#5621,#5622,#5623,#5624));
#2190=EDGE_LOOP('',(#5625,#5626,#5627,#5628));
#2191=EDGE_LOOP('',(#5629,#5630,#5631,#5632));
#2192=EDGE_LOOP('',(#5633,#5634,#5635,#5636));
#2193=EDGE_LOOP('',(#5637,#5638,#5639,#5640));
#2194=EDGE_LOOP('',(#5641,#5642,#5643,#5644));
#2195=EDGE_LOOP('',(#5645,#5646,#5647,#5648));
#2196=EDGE_LOOP('',(#5649,#5650,#5651,#5652));
#2197=EDGE_LOOP('',(#5653,#5654,#5655,#5656));
#2198=EDGE_LOOP('',(#5657,#5658,#5659,#5660));
#2199=EDGE_LOOP('',(#5661,#5662,#5663,#5664));
#2200=EDGE_LOOP('',(#5665,#5666,#5667,#5668));
#2201=EDGE_LOOP('',(#5669,#5670,#5671,#5672,#5673,#5674,#5675,#5676,#5677,
#5678));
#2202=EDGE_LOOP('',(#5679,#5680,#5681,#5682));
#2203=EDGE_LOOP('',(#5683,#5684,#5685,#5686,#5687,#5688,#5689,#5690,#5691,
#5692,#5693,#5694));
#2204=EDGE_LOOP('',(#5695,#5696,#5697,#5698));
#2205=EDGE_LOOP('',(#5699,#5700,#5701,#5702));
#2206=EDGE_LOOP('',(#5703,#5704,#5705,#5706));
#2207=EDGE_LOOP('',(#5707,#5708,#5709,#5710));
#2208=EDGE_LOOP('',(#5711,#5712,#5713,#5714));
#2209=EDGE_LOOP('',(#5715,#5716,#5717,#5718));
#2210=EDGE_LOOP('',(#5719,#5720,#5721,#5722));
#2211=EDGE_LOOP('',(#5723,#5724,#5725,#5726));
#2212=EDGE_LOOP('',(#5727,#5728,#5729,#5730));
#2213=EDGE_LOOP('',(#5731,#5732,#5733,#5734));
#2214=EDGE_LOOP('',(#5735,#5736,#5737,#5738));
#2215=EDGE_LOOP('',(#5739,#5740,#5741,#5742));
#2216=EDGE_LOOP('',(#5743,#5744,#5745,#5746));
#2217=EDGE_LOOP('',(#5747,#5748,#5749,#5750));
#2218=EDGE_LOOP('',(#5751,#5752,#5753,#5754));
#2219=EDGE_LOOP('',(#5755,#5756,#5757,#5758));
#2220=EDGE_LOOP('',(#5759,#5760,#5761,#5762));
#2221=EDGE_LOOP('',(#5763,#5764,#5765,#5766));
#2222=EDGE_LOOP('',(#5767,#5768,#5769,#5770));
#2223=EDGE_LOOP('',(#5771,#5772,#5773,#5774));
#2224=EDGE_LOOP('',(#5775,#5776,#5777,#5778));
#2225=EDGE_LOOP('',(#5779,#5780,#5781,#5782,#5783,#5784,#5785,#5786,#5787,
#5788));
#2226=EDGE_LOOP('',(#5789,#5790,#5791,#5792,#5793,#5794,#5795,#5796,#5797,
#5798));
#2227=EDGE_LOOP('',(#5799,#5800,#5801,#5802,#5803,#5804,#5805,#5806,#5807,
#5808,#5809,#5810,#5811,#5812,#5813,#5814,#5815,#5816,#5817,#5818,#5819,
#5820,#5821,#5822,#5823,#5824,#5825,#5826,#5827,#5828,#5829,#5830));
#2228=EDGE_LOOP('',(#5831,#5832,#5833,#5834,#5835,#5836,#5837,#5838));
#2229=EDGE_LOOP('',(#5839,#5840,#5841,#5842));
#2230=EDGE_LOOP('',(#5843,#5844,#5845,#5846,#5847,#5848,#5849,#5850));
#2231=EDGE_LOOP('',(#5851,#5852,#5853,#5854));
#2232=EDGE_LOOP('',(#5855,#5856,#5857,#5858,#5859,#5860,#5861,#5862,#5863,
#5864,#5865,#5866));
#2233=EDGE_LOOP('',(#5867,#5868,#5869));
#2234=EDGE_LOOP('',(#5870,#5871,#5872));
#2235=EDGE_LOOP('',(#5873,#5874,#5875));
#2236=EDGE_LOOP('',(#5876,#5877,#5878));
#2237=EDGE_LOOP('',(#5879,#5880,#5881,#5882));
#2238=EDGE_LOOP('',(#5883,#5884,#5885));
#2239=EDGE_LOOP('',(#5886,#5887,#5888));
#2240=EDGE_LOOP('',(#5889,#5890,#5891,#5892));
#2241=EDGE_LOOP('',(#5893,#5894,#5895));
#2242=EDGE_LOOP('',(#5896,#5897,#5898));
#2243=EDGE_LOOP('',(#5899,#5900,#5901,#5902,#5903,#5904,#5905,#5906,#5907,
#5908,#5909,#5910));
#2244=EDGE_LOOP('',(#5911,#5912,#5913,#5914));
#2245=EDGE_LOOP('',(#5915,#5916,#5917));
#2246=EDGE_LOOP('',(#5918,#5919,#5920));
#2247=EDGE_LOOP('',(#5921,#5922,#5923));
#2248=EDGE_LOOP('',(#5924,#5925,#5926));
#2249=EDGE_LOOP('',(#5927,#5928,#5929,#5930));
#2250=EDGE_LOOP('',(#5931,#5932,#5933,#5934));
#2251=EDGE_LOOP('',(#5935,#5936,#5937,#5938));
#2252=EDGE_LOOP('',(#5939,#5940,#5941,#5942));
#2253=EDGE_LOOP('',(#5943,#5944,#5945,#5946));
#2254=EDGE_LOOP('',(#5947,#5948,#5949,#5950));
#2255=EDGE_LOOP('',(#5951,#5952,#5953,#5954));
#2256=EDGE_LOOP('',(#5955,#5956,#5957,#5958));
#2257=EDGE_LOOP('',(#5959,#5960,#5961,#5962));
#2258=EDGE_LOOP('',(#5963,#5964,#5965,#5966));
#2259=EDGE_LOOP('',(#5967,#5968,#5969,#5970));
#2260=EDGE_LOOP('',(#5971,#5972,#5973,#5974));
#2261=EDGE_LOOP('',(#5975,#5976,#5977,#5978));
#2262=EDGE_LOOP('',(#5979,#5980,#5981,#5982));
#2263=EDGE_LOOP('',(#5983,#5984,#5985,#5986));
#2264=EDGE_LOOP('',(#5987,#5988,#5989,#5990));
#2265=EDGE_LOOP('',(#5991,#5992,#5993,#5994));
#2266=EDGE_LOOP('',(#5995,#5996,#5997,#5998));
#2267=EDGE_LOOP('',(#5999,#6000,#6001,#6002));
#2268=EDGE_LOOP('',(#6003,#6004,#6005,#6006));
#2269=EDGE_LOOP('',(#6007,#6008,#6009,#6010));
#2270=EDGE_LOOP('',(#6011,#6012,#6013,#6014));
#2271=EDGE_LOOP('',(#6015,#6016,#6017,#6018));
#2272=EDGE_LOOP('',(#6019,#6020,#6021,#6022));
#2273=EDGE_LOOP('',(#6023,#6024,#6025,#6026));
#2274=EDGE_LOOP('',(#6027,#6028,#6029,#6030));
#2275=EDGE_LOOP('',(#6031,#6032,#6033,#6034));
#2276=EDGE_LOOP('',(#6035,#6036,#6037,#6038));
#2277=EDGE_LOOP('',(#6039,#6040,#6041,#6042));
#2278=EDGE_LOOP('',(#6043,#6044,#6045,#6046));
#2279=EDGE_LOOP('',(#6047,#6048,#6049,#6050));
#2280=EDGE_LOOP('',(#6051,#6052,#6053,#6054));
#2281=EDGE_LOOP('',(#6055,#6056,#6057,#6058));
#2282=EDGE_LOOP('',(#6059,#6060,#6061,#6062));
#2283=EDGE_LOOP('',(#6063,#6064,#6065,#6066));
#2284=EDGE_LOOP('',(#6067,#6068,#6069,#6070));
#2285=EDGE_LOOP('',(#6071,#6072,#6073,#6074));
#2286=EDGE_LOOP('',(#6075,#6076,#6077,#6078));
#2287=EDGE_LOOP('',(#6079,#6080,#6081,#6082));
#2288=EDGE_LOOP('',(#6083,#6084,#6085,#6086));
#2289=EDGE_LOOP('',(#6087,#6088,#6089,#6090));
#2290=EDGE_LOOP('',(#6091,#6092,#6093,#6094));
#2291=EDGE_LOOP('',(#6095,#6096,#6097,#6098));
#2292=EDGE_LOOP('',(#6099,#6100,#6101,#6102));
#2293=EDGE_LOOP('',(#6103,#6104,#6105,#6106));
#2294=EDGE_LOOP('',(#6107,#6108,#6109,#6110));
#2295=EDGE_LOOP('',(#6111,#6112,#6113,#6114));
#2296=EDGE_LOOP('',(#6115,#6116,#6117,#6118));
#2297=EDGE_LOOP('',(#6119,#6120,#6121,#6122));
#2298=EDGE_LOOP('',(#6123,#6124,#6125,#6126));
#2299=EDGE_LOOP('',(#6127,#6128,#6129,#6130));
#2300=EDGE_LOOP('',(#6131,#6132,#6133,#6134));
#2301=EDGE_LOOP('',(#6135,#6136,#6137,#6138));
#2302=EDGE_LOOP('',(#6139,#6140,#6141,#6142));
#2303=EDGE_LOOP('',(#6143,#6144,#6145,#6146));
#2304=EDGE_LOOP('',(#6147,#6148,#6149,#6150));
#2305=EDGE_LOOP('',(#6151,#6152,#6153,#6154));
#2306=EDGE_LOOP('',(#6155,#6156,#6157,#6158));
#2307=EDGE_LOOP('',(#6159,#6160,#6161,#6162));
#2308=EDGE_LOOP('',(#6163,#6164,#6165,#6166));
#2309=EDGE_LOOP('',(#6167,#6168,#6169,#6170));
#2310=EDGE_LOOP('',(#6171,#6172,#6173,#6174));
#2311=EDGE_LOOP('',(#6175,#6176,#6177,#6178));
#2312=EDGE_LOOP('',(#6179,#6180,#6181,#6182));
#2313=EDGE_LOOP('',(#6183,#6184,#6185,#6186));
#2314=EDGE_LOOP('',(#6187,#6188,#6189,#6190));
#2315=EDGE_LOOP('',(#6191,#6192,#6193,#6194));
#2316=EDGE_LOOP('',(#6195,#6196,#6197,#6198));
#2317=EDGE_LOOP('',(#6199,#6200,#6201,#6202));
#2318=EDGE_LOOP('',(#6203,#6204,#6205,#6206));
#2319=EDGE_LOOP('',(#6207,#6208,#6209,#6210));
#2320=EDGE_LOOP('',(#6211,#6212,#6213,#6214));
#2321=EDGE_LOOP('',(#6215,#6216,#6217,#6218));
#2322=EDGE_LOOP('',(#6219,#6220,#6221,#6222));
#2323=EDGE_LOOP('',(#6223,#6224,#6225,#6226));
#2324=EDGE_LOOP('',(#6227,#6228,#6229,#6230));
#2325=EDGE_LOOP('',(#6231,#6232,#6233,#6234,#6235,#6236,#6237,#6238,#6239,
#6240));
#2326=EDGE_LOOP('',(#6241,#6242,#6243,#6244));
#2327=EDGE_LOOP('',(#6245,#6246,#6247,#6248));
#2328=EDGE_LOOP('',(#6249,#6250,#6251,#6252,#6253,#6254,#6255,#6256,#6257,
#6258));
#2329=EDGE_LOOP('',(#6259,#6260,#6261,#6262));
#2330=EDGE_LOOP('',(#6263,#6264,#6265,#6266,#6267,#6268,#6269,#6270,#6271,
#6272));
#2331=EDGE_LOOP('',(#6273,#6274,#6275,#6276));
#2332=EDGE_LOOP('',(#6277,#6278,#6279,#6280,#6281,#6282,#6283,#6284,#6285,
#6286));
#2333=EDGE_LOOP('',(#6287,#6288,#6289,#6290));
#2334=EDGE_LOOP('',(#6291,#6292,#6293,#6294,#6295,#6296,#6297,#6298,#6299,
#6300));
#2335=EDGE_LOOP('',(#6301,#6302,#6303,#6304));
#2336=EDGE_LOOP('',(#6305,#6306,#6307,#6308,#6309,#6310,#6311,#6312,#6313,
#6314));
#2337=EDGE_LOOP('',(#6315,#6316,#6317,#6318));
#2338=EDGE_LOOP('',(#6319,#6320,#6321,#6322,#6323,#6324,#6325,#6326,#6327,
#6328));
#2339=EDGE_LOOP('',(#6329,#6330,#6331,#6332));
#2340=EDGE_LOOP('',(#6333,#6334,#6335,#6336,#6337,#6338,#6339,#6340,#6341,
#6342));
#2341=EDGE_LOOP('',(#6343,#6344,#6345,#6346));
#2342=EDGE_LOOP('',(#6347,#6348,#6349,#6350));
#2343=EDGE_LOOP('',(#6351,#6352,#6353,#6354,#6355,#6356,#6357,#6358,#6359,
#6360));
#2344=EDGE_LOOP('',(#6361,#6362,#6363,#6364));
#2345=EDGE_LOOP('',(#6365,#6366,#6367,#6368,#6369,#6370,#6371,#6372,#6373,
#6374));
#2346=EDGE_LOOP('',(#6375,#6376,#6377,#6378));
#2347=EDGE_LOOP('',(#6379,#6380,#6381,#6382,#6383,#6384,#6385,#6386,#6387,
#6388));
#2348=EDGE_LOOP('',(#6389,#6390,#6391,#6392));
#2349=EDGE_LOOP('',(#6393,#6394,#6395,#6396,#6397,#6398,#6399,#6400,#6401,
#6402));
#2350=EDGE_LOOP('',(#6403,#6404,#6405,#6406));
#2351=EDGE_LOOP('',(#6407,#6408,#6409,#6410,#6411,#6412,#6413,#6414,#6415,
#6416));
#2352=EDGE_LOOP('',(#6417,#6418,#6419,#6420));
#2353=EDGE_LOOP('',(#6421,#6422,#6423,#6424));
#2354=EDGE_LOOP('',(#6425,#6426,#6427,#6428,#6429,#6430,#6431,#6432,#6433,
#6434));
#2355=EDGE_LOOP('',(#6435,#6436,#6437,#6438));
#2356=EDGE_LOOP('',(#6439,#6440,#6441,#6442,#6443,#6444,#6445,#6446,#6447,
#6448));
#2357=EDGE_LOOP('',(#6449,#6450,#6451,#6452));
#2358=EDGE_LOOP('',(#6453,#6454,#6455,#6456,#6457,#6458,#6459,#6460,#6461,
#6462));
#2359=EDGE_LOOP('',(#6463,#6464,#6465,#6466));
#2360=EDGE_LOOP('',(#6467,#6468,#6469,#6470,#6471,#6472,#6473,#6474,#6475,
#6476));
#2361=EDGE_LOOP('',(#6477,#6478,#6479,#6480));
#2362=EDGE_LOOP('',(#6481,#6482,#6483,#6484,#6485,#6486,#6487,#6488,#6489,
#6490));
#2363=EDGE_LOOP('',(#6491,#6492,#6493,#6494));
#2364=EDGE_LOOP('',(#6495,#6496,#6497,#6498));
#2365=EDGE_LOOP('',(#6499,#6500,#6501,#6502,#6503,#6504,#6505,#6506,#6507,
#6508));
#2366=EDGE_LOOP('',(#6509,#6510,#6511,#6512));
#2367=EDGE_LOOP('',(#6513,#6514,#6515,#6516,#6517,#6518,#6519,#6520,#6521,
#6522));
#2368=EDGE_LOOP('',(#6523,#6524,#6525,#6526,#6527,#6528,#6529,#6530,#6531,
#6532,#6533,#6534,#6535,#6536,#6537,#6538,#6539,#6540,#6541,#6542,#6543,
#6544,#6545,#6546,#6547,#6548,#6549,#6550));
#2369=EDGE_LOOP('',(#6551,#6552,#6553,#6554));
#2370=EDGE_LOOP('',(#6555,#6556,#6557,#6558));
#2371=EDGE_LOOP('',(#6559,#6560,#6561,#6562));
#2372=EDGE_LOOP('',(#6563,#6564,#6565,#6566));
#2373=EDGE_LOOP('',(#6567,#6568,#6569,#6570));
#2374=EDGE_LOOP('',(#6571,#6572,#6573,#6574));
#2375=EDGE_LOOP('',(#6575,#6576,#6577,#6578));
#2376=EDGE_LOOP('',(#6579,#6580,#6581,#6582));
#2377=EDGE_LOOP('',(#6583,#6584,#6585,#6586));
#2378=EDGE_LOOP('',(#6587,#6588,#6589,#6590));
#2379=EDGE_LOOP('',(#6591,#6592,#6593,#6594));
#2380=EDGE_LOOP('',(#6595,#6596,#6597,#6598));
#2381=EDGE_LOOP('',(#6599,#6600,#6601,#6602));
#2382=EDGE_LOOP('',(#6603,#6604,#6605,#6606));
#2383=EDGE_LOOP('',(#6607,#6608,#6609,#6610));
#2384=EDGE_LOOP('',(#6611,#6612,#6613,#6614));
#2385=EDGE_LOOP('',(#6615,#6616,#6617,#6618));
#2386=EDGE_LOOP('',(#6619,#6620,#6621,#6622));
#2387=EDGE_LOOP('',(#6623,#6624,#6625,#6626));
#2388=EDGE_LOOP('',(#6627,#6628,#6629,#6630));
#2389=EDGE_LOOP('',(#6631,#6632,#6633,#6634));
#2390=EDGE_LOOP('',(#6635,#6636,#6637,#6638));
#2391=EDGE_LOOP('',(#6639,#6640,#6641,#6642));
#2392=EDGE_LOOP('',(#6643,#6644,#6645,#6646));
#2393=EDGE_LOOP('',(#6647,#6648,#6649,#6650));
#2394=EDGE_LOOP('',(#6651,#6652,#6653,#6654));
#2395=EDGE_LOOP('',(#6655,#6656,#6657,#6658));
#2396=EDGE_LOOP('',(#6659,#6660,#6661,#6662));
#2397=EDGE_LOOP('',(#6663,#6664,#6665,#6666));
#2398=EDGE_LOOP('',(#6667,#6668,#6669,#6670));
#2399=EDGE_LOOP('',(#6671,#6672,#6673,#6674));
#2400=EDGE_LOOP('',(#6675,#6676,#6677,#6678));
#2401=EDGE_LOOP('',(#6679,#6680,#6681,#6682,#6683,#6684,#6685,#6686,#6687,
#6688,#6689));
#2402=EDGE_LOOP('',(#6690,#6691,#6692,#6693,#6694,#6695,#6696,#6697,#6698,
#6699,#6700,#6701,#6702,#6703,#6704,#6705,#6706,#6707,#6708,#6709,#6710,
#6711,#6712,#6713,#6714,#6715,#6716,#6717));
#2403=EDGE_LOOP('',(#6718,#6719,#6720,#6721));
#2404=EDGE_LOOP('',(#6722,#6723,#6724,#6725));
#2405=EDGE_LOOP('',(#6726,#6727,#6728,#6729));
#2406=EDGE_LOOP('',(#6730,#6731,#6732,#6733));
#2407=EDGE_LOOP('',(#6734,#6735,#6736,#6737));
#2408=EDGE_LOOP('',(#6738,#6739,#6740,#6741));
#2409=EDGE_LOOP('',(#6742,#6743,#6744,#6745));
#2410=EDGE_LOOP('',(#6746,#6747,#6748,#6749));
#2411=EDGE_LOOP('',(#6750,#6751,#6752,#6753));
#2412=EDGE_LOOP('',(#6754,#6755,#6756,#6757));
#2413=EDGE_LOOP('',(#6758,#6759,#6760,#6761));
#2414=EDGE_LOOP('',(#6762,#6763,#6764,#6765));
#2415=EDGE_LOOP('',(#6766,#6767,#6768,#6769));
#2416=EDGE_LOOP('',(#6770,#6771,#6772,#6773));
#2417=EDGE_LOOP('',(#6774,#6775,#6776,#6777));
#2418=EDGE_LOOP('',(#6778));
#2419=EDGE_LOOP('',(#6779));
#2420=EDGE_LOOP('',(#6780));
#2421=EDGE_LOOP('',(#6781));
#2422=EDGE_LOOP('',(#6782));
#2423=EDGE_LOOP('',(#6783));
#2424=EDGE_LOOP('',(#6784));
#2425=EDGE_LOOP('',(#6785));
#2426=EDGE_LOOP('',(#6786,#6787,#6788,#6789,#6790,#6791,#6792,#6793,#6794,
#6795,#6796,#6797));
#2427=EDGE_LOOP('',(#6798,#6799,#6800,#6801,#6802,#6803,#6804,#6805,#6806,
#6807,#6808));
#2428=EDGE_LOOP('',(#6809,#6810,#6811,#6812,#6813,#6814));
#2429=EDGE_LOOP('',(#6815,#6816,#6817,#6818,#6819));
#2430=EDGE_LOOP('',(#6820,#6821,#6822,#6823,#6824,#6825));
#2431=EDGE_LOOP('',(#6826,#6827,#6828,#6829,#6830,#6831,#6832));
#2432=EDGE_LOOP('',(#6833,#6834,#6835,#6836,#6837,#6838));
#2433=EDGE_LOOP('',(#6839,#6840,#6841,#6842,#6843));
#2434=EDGE_LOOP('',(#6844,#6845,#6846,#6847,#6848,#6849));
#2435=EDGE_LOOP('',(#6850,#6851,#6852,#6853,#6854,#6855,#6856));
#2436=EDGE_LOOP('',(#6857,#6858,#6859,#6860,#6861,#6862));
#2437=EDGE_LOOP('',(#6863,#6864,#6865,#6866));
#2438=EDGE_LOOP('',(#6867,#6868,#6869,#6870));
#2439=EDGE_LOOP('',(#6871,#6872,#6873,#6874));
#2440=EDGE_LOOP('',(#6875,#6876,#6877,#6878));
#2441=EDGE_LOOP('',(#6879,#6880,#6881,#6882));
#2442=EDGE_LOOP('',(#6883,#6884,#6885,#6886));
#2443=EDGE_LOOP('',(#6887,#6888,#6889,#6890));
#2444=EDGE_LOOP('',(#6891,#6892,#6893,#6894));
#2445=EDGE_LOOP('',(#6895,#6896,#6897,#6898));
#2446=EDGE_LOOP('',(#6899,#6900,#6901,#6902));
#2447=EDGE_LOOP('',(#6903,#6904,#6905,#6906));
#2448=EDGE_LOOP('',(#6907,#6908,#6909,#6910));
#2449=EDGE_LOOP('',(#6911,#6912,#6913,#6914));
#2450=EDGE_LOOP('',(#6915,#6916,#6917,#6918));
#2451=EDGE_LOOP('',(#6919,#6920,#6921,#6922));
#2452=EDGE_LOOP('',(#6923,#6924,#6925,#6926));
#2453=EDGE_LOOP('',(#6927,#6928,#6929,#6930,#6931,#6932,#6933,#6934,#6935,
#6936,#6937,#6938,#6939,#6940));
#2454=EDGE_LOOP('',(#6941,#6942,#6943,#6944));
#2455=EDGE_LOOP('',(#6945,#6946,#6947,#6948,#6949,#6950,#6951,#6952));
#2456=EDGE_LOOP('',(#6953,#6954,#6955,#6956));
#2457=EDGE_LOOP('',(#6957,#6958,#6959,#6960,#6961,#6962,#6963,#6964,#6965,
#6966,#6967,#6968,#6969));
#2458=EDGE_LOOP('',(#6970,#6971,#6972,#6973));
#2459=EDGE_LOOP('',(#6974,#6975,#6976,#6977,#6978));
#2460=EDGE_LOOP('',(#6979,#6980,#6981,#6982,#6983,#6984,#6985,#6986));
#2461=EDGE_LOOP('',(#6987,#6988,#6989,#6990,#6991,#6992,#6993,#6994));
#2462=EDGE_LOOP('',(#6995,#6996,#6997,#6998));
#2463=EDGE_LOOP('',(#6999,#7000,#7001,#7002));
#2464=EDGE_LOOP('',(#7003,#7004,#7005,#7006));
#2465=EDGE_LOOP('',(#7007,#7008,#7009,#7010));
#2466=EDGE_LOOP('',(#7011,#7012,#7013,#7014));
#2467=EDGE_LOOP('',(#7015,#7016,#7017,#7018));
#2468=EDGE_LOOP('',(#7019,#7020,#7021,#7022));
#2469=EDGE_LOOP('',(#7023,#7024,#7025,#7026));
#2470=EDGE_LOOP('',(#7027,#7028,#7029,#7030));
#2471=EDGE_LOOP('',(#7031,#7032,#7033,#7034));
#2472=EDGE_LOOP('',(#7035,#7036,#7037,#7038));
#2473=EDGE_LOOP('',(#7039,#7040,#7041,#7042));
#2474=EDGE_LOOP('',(#7043,#7044,#7045,#7046));
#2475=EDGE_LOOP('',(#7047,#7048,#7049,#7050));
#2476=EDGE_LOOP('',(#7051,#7052,#7053,#7054));
#2477=EDGE_LOOP('',(#7055,#7056,#7057,#7058));
#2478=EDGE_LOOP('',(#7059,#7060,#7061,#7062));
#2479=EDGE_LOOP('',(#7063,#7064,#7065,#7066));
#2480=EDGE_LOOP('',(#7067,#7068,#7069,#7070));
#2481=EDGE_LOOP('',(#7071,#7072,#7073,#7074));
#2482=CIRCLE('',#7567,6.10000000000001);
#2483=CIRCLE('',#7568,5.98284271247462);
#2484=CIRCLE('',#7570,5.7414213562373);
#2485=CIRCLE('',#7573,6.10000000000001);
#2486=CIRCLE('',#7574,5.98284271247459);
#2487=CIRCLE('',#7576,5.60000000000001);
#2488=CIRCLE('',#7578,6.10000000000001);
#2489=CIRCLE('',#7579,5.98284271247463);
#2490=CIRCLE('',#7581,6.10000000000001);
#2491=CIRCLE('',#7584,5.98284271247461);
#2492=CIRCLE('',#7586,5.60000000000001);
#2493=CIRCLE('',#7588,6.10000000000001);
#2494=CIRCLE('',#7589,5.98284271247464);
#2495=CIRCLE('',#7591,6.10000000000001);
#2496=CIRCLE('',#7594,5.9828427124746);
#2497=CIRCLE('',#7596,5.60000000000001);
#2498=CIRCLE('',#7598,6.10000000000001);
#2499=CIRCLE('',#7599,5.98284271247465);
#2500=CIRCLE('',#7602,6.10000000000001);
#2501=CIRCLE('',#7604,5.9828427124746);
#2502=CIRCLE('',#7606,6.10000000000001);
#2503=CIRCLE('',#7607,5.98284271247463);
#2504=CIRCLE('',#7609,5.7414213562373);
#2505=CIRCLE('',#7612,6.10000000000001);
#2506=CIRCLE('',#7613,5.98284271247461);
#2507=CIRCLE('',#7615,5.60000000000001);
#2508=CIRCLE('',#7617,6.10000000000001);
#2509=CIRCLE('',#7618,5.98284271247464);
#2510=CIRCLE('',#7620,6.10000000000001);
#2511=CIRCLE('',#7623,5.9828427124746);
#2512=CIRCLE('',#7625,5.60000000000001);
#2513=CIRCLE('',#7627,6.10000000000001);
#2514=CIRCLE('',#7628,5.98284271247464);
#2515=CIRCLE('',#7631,6.10000000000001);
#2516=CIRCLE('',#7633,5.98284271247461);
#2517=CIRCLE('',#7635,6.10000000000001);
#2518=CIRCLE('',#7636,5.98284271247463);
#2519=CIRCLE('',#7638,5.7414213562373);
#2520=CIRCLE('',#7641,6.10000000000001);
#2521=CIRCLE('',#7642,5.98284271247461);
#2522=CIRCLE('',#7644,5.60000000000001);
#2523=CIRCLE('',#7646,6.10000000000001);
#2524=CIRCLE('',#7647,5.98284271247464);
#2525=CIRCLE('',#7649,6.10000000000001);
#2526=CIRCLE('',#7652,5.98284271247459);
#2527=CIRCLE('',#7654,5.60000000000001);
#2528=CIRCLE('',#7656,6.10000000000001);
#2529=CIRCLE('',#7657,5.98284271247464);
#2530=CIRCLE('',#7659,5.7414213562373);
#2531=CIRCLE('',#7662,6.10000000000001);
#2532=CIRCLE('',#7663,5.9828427124746);
#2533=CIRCLE('',#7665,5.60000000000001);
#2534=CIRCLE('',#7667,6.10000000000001);
#2535=CIRCLE('',#7668,5.98284271247463);
#2536=CIRCLE('',#7670,6.10000000000001);
#2537=CIRCLE('',#7673,5.98284271247461);
#2538=CIRCLE('',#7675,5.60000000000001);
#2539=CIRCLE('',#7677,6.10000000000001);
#2540=CIRCLE('',#7678,5.98284271247463);
#2541=CIRCLE('',#7680,6.10000000000001);
#2542=CIRCLE('',#7683,5.98284271247461);
#2543=CIRCLE('',#7685,5.60000000000001);
#2544=CIRCLE('',#7687,6.10000000000001);
#2545=CIRCLE('',#7688,5.98284271247463);
#2546=CIRCLE('',#7690,6.10000000000001);
#2547=CIRCLE('',#7693,5.98284271247461);
#2548=CIRCLE('',#7695,5.60000000000001);
#2549=CIRCLE('',#7697,6.10000000000001);
#2550=CIRCLE('',#7698,5.98284271247463);
#2551=CIRCLE('',#7700,6.10000000000001);
#2552=CIRCLE('',#7703,5.98284271247461);
#2553=CIRCLE('',#7705,5.60000000000001);
#2554=CIRCLE('',#7707,6.10000000000001);
#2555=CIRCLE('',#7708,5.98284271247463);
#2556=CIRCLE('',#7710,5.7414213562373);
#2557=CIRCLE('',#7713,6.10000000000001);
#2558=CIRCLE('',#7714,5.9828427124746);
#2559=CIRCLE('',#7716,5.60000000000001);
#2560=CIRCLE('',#7719,6.10000000000001);
#2561=CIRCLE('',#7720,5.98284271247463);
#2562=CIRCLE('',#7722,5.7414213562373);
#2563=CIRCLE('',#7725,6.10000000000001);
#2564=CIRCLE('',#7726,5.98284271247461);
#2565=CIRCLE('',#7728,5.60000000000001);
#2566=CIRCLE('',#7730,6.10000000000001);
#2567=CIRCLE('',#7731,5.98284271247463);
#2568=CIRCLE('',#7733,6.10000000000001);
#2569=CIRCLE('',#7736,5.98284271247461);
#2570=CIRCLE('',#7738,5.60000000000001);
#2571=CIRCLE('',#7740,6.10000000000001);
#2572=CIRCLE('',#7741,5.98284271247463);
#2573=CIRCLE('',#7743,5.7414213562373);
#2574=CIRCLE('',#7746,6.10000000000001);
#2575=CIRCLE('',#7747,5.9828427124746);
#2576=CIRCLE('',#7749,5.60000000000001);
#2577=CIRCLE('',#7751,6.10000000000001);
#2578=CIRCLE('',#7752,5.98284271247464);
#2579=CIRCLE('',#7754,5.7414213562373);
#2580=CIRCLE('',#7757,5.98284271247461);
#2581=CIRCLE('',#7758,6.10000000000001);
#2582=CIRCLE('',#7760,5.60000000000001);
#2583=CIRCLE('',#7763,6.10000000000001);
#2584=CIRCLE('',#7764,5.98284271247463);
#2585=CIRCLE('',#7766,5.7414213562373);
#2586=CIRCLE('',#7769,5.98284271247461);
#2587=CIRCLE('',#7770,6.10000000000001);
#2588=CIRCLE('',#7772,5.60000000000001);
#2589=CIRCLE('',#7774,6.10000000000001);
#2590=CIRCLE('',#7775,5.98284271247463);
#2591=CIRCLE('',#7777,6.10000000000001);
#2592=CIRCLE('',#7780,5.98284271247461);
#2593=CIRCLE('',#7782,5.60000000000001);
#2594=CIRCLE('',#7784,6.10000000000001);
#2595=CIRCLE('',#7785,5.98284271247463);
#2596=CIRCLE('',#7787,6.10000000000001);
#2597=CIRCLE('',#7790,5.9828427124746);
#2598=CIRCLE('',#7792,5.60000000000001);
#2599=CIRCLE('',#7794,6.10000000000001);
#2600=CIRCLE('',#7795,5.98284271247463);
#2601=CIRCLE('',#7797,6.10000000000001);
#2602=CIRCLE('',#7800,5.98284271247461);
#2603=CIRCLE('',#7802,5.60000000000001);
#2604=CIRCLE('',#7804,6.10000000000001);
#2605=CIRCLE('',#7805,5.98284271247464);
#2606=CIRCLE('',#7807,5.7414213562373);
#2607=CIRCLE('',#7810,5.98284271247461);
#2608=CIRCLE('',#7811,6.10000000000001);
#2609=CIRCLE('',#7813,5.60000000000001);
#2610=CIRCLE('',#7815,2.23333333333334);
#2611=CIRCLE('',#7816,3.29999999999999);
#2612=CIRCLE('',#7818,7.00000000000001);
#2613=CIRCLE('',#7819,5.60000000000001);
#2614=CIRCLE('',#7820,2.23333333333333);
#2615=CIRCLE('',#7821,5.60000000000001);
#2616=CIRCLE('',#7822,2.23333333333335);
#2617=CIRCLE('',#7823,5.60000000000001);
#2618=CIRCLE('',#7824,2.23333333333333);
#2619=CIRCLE('',#7825,5.60000000000001);
#2620=CIRCLE('',#7826,2.23333333333334);
#2621=CIRCLE('',#7827,5.60000000000001);
#2622=CIRCLE('',#7828,2.23333333333334);
#2623=CIRCLE('',#7829,5.60000000000001);
#2624=CIRCLE('',#7831,3.29999999999999);
#2625=CIRCLE('',#7833,3.29999999999999);
#2626=CIRCLE('',#7835,3.29999999999999);
#2627=CIRCLE('',#7837,3.29999999999999);
#2628=CIRCLE('',#7839,3.29999999999999);
#2629=CIRCLE('',#7841,2.23333333333333);
#2630=CIRCLE('',#7842,3.29999999999999);
#2631=CIRCLE('',#7844,7.);
#2632=CIRCLE('',#7845,2.23333333333333);
#2633=CIRCLE('',#7846,5.60000000000001);
#2634=CIRCLE('',#7847,2.23333333333332);
#2635=CIRCLE('',#7848,5.60000000000001);
#2636=CIRCLE('',#7849,2.23333333333334);
#2637=CIRCLE('',#7850,5.60000000000001);
#2638=CIRCLE('',#7851,2.23333333333332);
#2639=CIRCLE('',#7852,5.60000000000001);
#2640=CIRCLE('',#7853,5.60000000000001);
#2641=CIRCLE('',#7854,2.23333333333332);
#2642=CIRCLE('',#7855,5.60000000000001);
#2643=CIRCLE('',#7857,3.29999999999999);
#2644=CIRCLE('',#7859,3.29999999999999);
#2645=CIRCLE('',#7861,3.29999999999999);
#2646=CIRCLE('',#7863,3.29999999999999);
#2647=CIRCLE('',#7865,3.29999999999999);
#2648=CIRCLE('',#7867,2.23333333333333);
#2649=CIRCLE('',#7868,3.29999999999999);
#2650=CIRCLE('',#7870,7.);
#2651=CIRCLE('',#7871,2.23333333333334);
#2652=CIRCLE('',#7872,5.60000000000001);
#2653=CIRCLE('',#7873,2.23333333333333);
#2654=CIRCLE('',#7874,5.60000000000001);
#2655=CIRCLE('',#7875,2.23333333333333);
#2656=CIRCLE('',#7876,5.60000000000001);
#2657=CIRCLE('',#7877,5.60000000000001);
#2658=CIRCLE('',#7878,2.23333333333333);
#2659=CIRCLE('',#7879,5.60000000000001);
#2660=CIRCLE('',#7880,2.23333333333333);
#2661=CIRCLE('',#7881,5.60000000000001);
#2662=CIRCLE('',#7883,3.29999999999999);
#2663=CIRCLE('',#7885,3.29999999999999);
#2664=CIRCLE('',#7887,3.29999999999999);
#2665=CIRCLE('',#7889,3.29999999999999);
#2666=CIRCLE('',#7891,3.29999999999999);
#2667=CIRCLE('',#7893,2.23333333333332);
#2668=CIRCLE('',#7894,3.29999999999999);
#2669=CIRCLE('',#7896,7.);
#2670=CIRCLE('',#7897,2.23333333333332);
#2671=CIRCLE('',#7898,5.60000000000001);
#2672=CIRCLE('',#7899,2.23333333333332);
#2673=CIRCLE('',#7900,5.60000000000001);
#2674=CIRCLE('',#7901,2.23333333333332);
#2675=CIRCLE('',#7902,5.60000000000001);
#2676=CIRCLE('',#7903,2.23333333333332);
#2677=CIRCLE('',#7904,5.60000000000001);
#2678=CIRCLE('',#7905,2.23333333333332);
#2679=CIRCLE('',#7906,5.60000000000001);
#2680=CIRCLE('',#7907,5.60000000000001);
#2681=CIRCLE('',#7909,3.29999999999999);
#2682=CIRCLE('',#7911,3.29999999999999);
#2683=CIRCLE('',#7913,3.29999999999999);
#2684=CIRCLE('',#7915,3.29999999999999);
#2685=CIRCLE('',#7917,3.29999999999999);
#2686=CIRCLE('',#7920,3.4);
#2687=CIRCLE('',#7921,10.4);
#2688=CIRCLE('',#7924,3.4);
#2689=CIRCLE('',#7925,10.4);
#2690=CIRCLE('',#7927,3.4);
#2691=CIRCLE('',#7930,12.6000000000019);
#2692=CIRCLE('',#7931,12.6000000000019);
#2693=CIRCLE('',#7932,12.6000000000019);
#2694=CIRCLE('',#7933,12.6000000000019);
#2695=CIRCLE('',#7934,10.4);
#2696=CIRCLE('',#7935,10.4);
#2697=CIRCLE('',#7936,3.);
#2698=CIRCLE('',#7937,3.);
#2699=CIRCLE('',#7938,3.);
#2700=CIRCLE('',#7939,3.);
#2701=CIRCLE('',#7940,3.);
#2702=CIRCLE('',#7941,3.);
#2703=CIRCLE('',#7943,0.999999999999943);
#2704=CIRCLE('',#7944,3.4);
#2705=CIRCLE('',#7945,1.);
#2706=CIRCLE('',#7946,2.4);
#2707=CIRCLE('',#7948,0.999999999961873);
#2708=CIRCLE('',#7950,0.999999999999969);
#2709=CIRCLE('',#7951,2.4);
#2710=CIRCLE('',#7958,3.4);
#2711=CIRCLE('',#7961,3.4);
#2712=CIRCLE('',#7963,3.4);
#2713=CIRCLE('',#7966,1.00000000000001);
#2714=CIRCLE('',#7967,1.);
#2715=CIRCLE('',#7969,1.);
#2716=CIRCLE('',#7970,2.4);
#2717=CIRCLE('',#7972,0.999999999999971);
#2718=CIRCLE('',#7974,3.4);
#2719=CIRCLE('',#7975,2.4);
#2720=CIRCLE('',#8005,5.7414213562373);
#2721=CIRCLE('',#8006,3.29999999999999);
#2722=CIRCLE('',#8010,3.29999999999999);
#2723=CIRCLE('',#8014,5.7414213562373);
#2724=CIRCLE('',#8015,3.29999999999999);
#2725=CIRCLE('',#8019,3.29999999999999);
#2726=CIRCLE('',#8023,3.29999999999999);
#2727=CIRCLE('',#8027,5.7414213562373);
#2728=CIRCLE('',#8028,3.29999999999999);
#2729=CIRCLE('',#8032,5.7414213562373);
#2730=CIRCLE('',#8033,3.29999999999999);
#2731=CIRCLE('',#8037,5.7414213562373);
#2732=CIRCLE('',#8038,3.29999999999999);
#2733=CIRCLE('',#8042,3.29999999999999);
#2734=CIRCLE('',#8046,3.29999999999999);
#2735=CIRCLE('',#8050,5.7414213562373);
#2736=CIRCLE('',#8051,3.29999999999999);
#2737=CIRCLE('',#8055,3.29999999999999);
#2738=CIRCLE('',#8059,5.7414213562373);
#2739=CIRCLE('',#8060,3.29999999999999);
#2740=CIRCLE('',#8064,5.7414213562373);
#2741=CIRCLE('',#8065,3.29999999999999);
#2742=CIRCLE('',#8069,3.29999999999999);
#2743=CIRCLE('',#8073,5.7414213562373);
#2744=CIRCLE('',#8074,3.29999999999999);
#2745=CIRCLE('',#8077,5.60000000000001);
#2746=CIRCLE('',#8080,5.7414213562373);
#2747=CIRCLE('',#8081,3.29999999999999);
#2748=CIRCLE('',#8085,3.29999999999999);
#2749=CIRCLE('',#8089,5.7414213562373);
#2750=CIRCLE('',#8090,3.29999999999999);
#2751=CIRCLE('',#8094,5.7414213562373);
#2752=CIRCLE('',#8095,3.29999999999999);
#2753=CIRCLE('',#8099,3.29999999999999);
#2754=CIRCLE('',#8103,5.7414213562373);
#2755=CIRCLE('',#8104,3.29999999999999);
#2756=CIRCLE('',#8107,5.60000000000001);
#2757=CIRCLE('',#8110,5.7414213562373);
#2758=CIRCLE('',#8111,3.29999999999999);
#2759=CIRCLE('',#8115,3.29999999999999);
#2760=CIRCLE('',#8163,0.6);
#2761=CIRCLE('',#8164,0.6);
#2762=CIRCLE('',#8169,0.6);
#2763=CIRCLE('',#8174,0.6);
#2764=CIRCLE('',#8176,7.);
#2765=CIRCLE('',#8178,7.);
#2766=CIRCLE('',#8180,7.);
#2767=CIRCLE('',#8182,7.00000000000001);
#2768=CIRCLE('',#8184,1.5);
#2769=CIRCLE('',#8185,1.5);
#2770=CIRCLE('',#8186,1.5);
#2771=CIRCLE('',#8187,1.5);
#2772=CIRCLE('',#8188,1.5);
#2773=CIRCLE('',#8190,7.6);
#2774=CIRCLE('',#8192,7.59999999999999);
#2775=CIRCLE('',#8194,7.6);
#2776=CIRCLE('',#8196,7.60000000000001);
#2777=CIRCLE('',#8198,1.5);
#2778=CIRCLE('',#8201,1.5);
#2779=CIRCLE('',#8205,1.5);
#2780=CIRCLE('',#8208,1.5);
#2781=CIRCLE('',#8211,1.5);
#2782=CIRCLE('',#8214,10.);
#2783=CIRCLE('',#8216,10.);
#2784=CIRCLE('',#8218,10.);
#2785=CIRCLE('',#8220,10.);
#2786=CIRCLE('',#8222,3.);
#2787=CIRCLE('',#8223,3.);
#2788=CIRCLE('',#8224,3.);
#2789=CIRCLE('',#8225,3.);
#2790=CIRCLE('',#8226,3.);
#2791=CIRCLE('',#8227,3.);
#2792=CIRCLE('',#8230,10.6);
#2793=CIRCLE('',#8231,10.6);
#2794=CIRCLE('',#8233,10.6);
#2795=CIRCLE('',#8238,10.6);
#2796=CIRCLE('',#8239,10.6);
#2797=CIRCLE('',#8241,10.6);
#2798=CIRCLE('',#8248,10.6);
#2799=CIRCLE('',#8249,10.6);
#2800=CIRCLE('',#8251,10.6);
#2801=CIRCLE('',#8256,10.6);
#2802=CIRCLE('',#8257,10.6);
#2803=CIRCLE('',#8259,10.6);
#2804=B_SPLINE_CURVE_WITH_KNOTS('',3,(#10334,#10335,#10336,#10337,#10338,
#10339,#10340,#10341),.UNSPECIFIED.,.F.,.F.,(4,2,2,4),(0.207615558138036,
0.207633687034771,0.222449011293761,0.237248008194963),.UNSPECIFIED.);
#2805=B_SPLINE_CURVE_WITH_KNOTS('',3,(#10345,#10346,#10347,#10348,#10349,
#10350,#10351,#10352),.UNSPECIFIED.,.F.,.F.,(4,2,2,4),(0.237248008194977,
0.252047005096186,0.266862329355173,0.266880458251899),.UNSPECIFIED.);
#2806=B_SPLINE_CURVE_WITH_KNOTS('',3,(#10368,#10369,#10370,#10371,#10372,
#10373,#10374,#10375),.UNSPECIFIED.,.F.,.F.,(4,2,2,4),(0.207615558138032,
0.207633687034783,0.222449011293769,0.237248008194978),.UNSPECIFIED.);
#2807=B_SPLINE_CURVE_WITH_KNOTS('',3,(#10396,#10397,#10398,#10399,#10400,
#10401,#10402,#10403),.UNSPECIFIED.,.F.,.F.,(4,2,2,4),(0.237248008194979,
0.25204700509618,0.266862329355171,0.2668804582519),.UNSPECIFIED.);
#2808=B_SPLINE_CURVE_WITH_KNOTS('',3,(#10414,#10415,#10416,#10417,#10418,
#10419,#10420,#10421),.UNSPECIFIED.,.F.,.F.,(4,2,2,4),(0.20761555813805,
0.207633687034782,0.222449011293768,0.237248008194977),.UNSPECIFIED.);
#2809=B_SPLINE_CURVE_WITH_KNOTS('',3,(#10425,#10426,#10427,#10428,#10429,
#10430,#10431,#10432),.UNSPECIFIED.,.F.,.F.,(4,2,2,4),(0.237248008194978,
0.252047005096187,0.266862329355174,0.266880458251887),.UNSPECIFIED.);
#2810=B_SPLINE_CURVE_WITH_KNOTS('',3,(#10461,#10462,#10463,#10464,#10465,
#10466,#10467,#10468),.UNSPECIFIED.,.F.,.F.,(4,2,2,4),(0.237248008194977,
0.252047005096186,0.266862329355172,0.2668804582519),.UNSPECIFIED.);
#2811=B_SPLINE_CURVE_WITH_KNOTS('',3,(#10471,#10472,#10473,#10474,#10475,
#10476,#10477,#10478),.UNSPECIFIED.,.F.,.F.,(4,2,2,4),(0.207615558138042,
0.207633687034783,0.22244901129377,0.237248008194979),.UNSPECIFIED.);
#2812=B_SPLINE_CURVE_WITH_KNOTS('',3,(#10489,#10490,#10491,#10492,#10493,
#10494,#10495,#10496),.UNSPECIFIED.,.F.,.F.,(4,2,2,4),(0.207615558138036,
0.207633687034781,0.222449011293767,0.237248008194976),.UNSPECIFIED.);
#2813=B_SPLINE_CURVE_WITH_KNOTS('',3,(#10500,#10501,#10502,#10503,#10504,
#10505,#10506,#10507),.UNSPECIFIED.,.F.,.F.,(4,2,2,4),(0.237248008194963,
0.252047005096165,0.266862329355156,0.266880458251903),.UNSPECIFIED.);
#2814=B_SPLINE_CURVE_WITH_KNOTS('',3,(#10536,#10537,#10538,#10539,#10540,
#10541,#10542,#10543),.UNSPECIFIED.,.F.,.F.,(4,2,2,4),(0.237248008194977,
0.252047005096186,0.266862329355172,0.266880458251906),.UNSPECIFIED.);
#2815=B_SPLINE_CURVE_WITH_KNOTS('',3,(#10546,#10547,#10548,#10549,#10550,
#10551,#10552,#10553),.UNSPECIFIED.,.F.,.F.,(4,2,2,4),(0.207615558138055,
0.207633687034787,0.222449011293778,0.237248008194979),.UNSPECIFIED.);
#2816=B_SPLINE_CURVE_WITH_KNOTS('',3,(#10564,#10565,#10566,#10567,#10568,
#10569,#10570,#10571),.UNSPECIFIED.,.F.,.F.,(4,2,2,4),(0.207615558138031,
0.20763368703477,0.222449011293761,0.237248008194963),.UNSPECIFIED.);
#2817=B_SPLINE_CURVE_WITH_KNOTS('',3,(#10575,#10576,#10577,#10578,#10579,
#10580,#10581,#10582),.UNSPECIFIED.,.F.,.F.,(4,2,2,4),(0.237248008194977,
0.252047005096186,0.266862329355172,0.26688045825189),.UNSPECIFIED.);
#2818=B_SPLINE_CURVE_WITH_KNOTS('',3,(#10588,#10589,#10590,#10591,#10592,
#10593,#10594,#10595),.UNSPECIFIED.,.F.,.F.,(4,2,2,4),(0.207615558138052,
0.207633687034782,0.222449011293768,0.237248008194977),.UNSPECIFIED.);
#2819=B_SPLINE_CURVE_WITH_KNOTS('',3,(#10622,#10623,#10624,#10625,#10626,
#10627,#10628,#10629),.UNSPECIFIED.,.F.,.F.,(4,2,2,4),(0.237248008194979,
0.25204700509618,0.266862329355171,0.266880458251905),.UNSPECIFIED.);
#2820=B_SPLINE_CURVE_WITH_KNOTS('',3,(#10634,#10635,#10636,#10637,#10638,
#10639,#10640,#10641),.UNSPECIFIED.,.F.,.F.,(4,2,2,4),(0.207615558138043,
0.207633687034782,0.222449011293769,0.237248008194978),.UNSPECIFIED.);
#2821=B_SPLINE_CURVE_WITH_KNOTS('',3,(#10645,#10646,#10647,#10648,#10649,
#10650,#10651,#10652),.UNSPECIFIED.,.F.,.F.,(4,2,2,4),(0.237248008194975,
0.252047005096184,0.26686232935517,0.2668804582519),.UNSPECIFIED.);
#2822=B_SPLINE_CURVE_WITH_KNOTS('',3,(#10668,#10669,#10670,#10671,#10672,
#10673,#10674,#10675),.UNSPECIFIED.,.F.,.F.,(4,2,2,4),(0.20761555813804,
0.207633687034782,0.222449011293768,0.237248008194977),.UNSPECIFIED.);
#2823=B_SPLINE_CURVE_WITH_KNOTS('',3,(#10696,#10697,#10698,#10699,#10700,
#10701,#10702,#10703),.UNSPECIFIED.,.F.,.F.,(4,2,2,4),(0.237248008194978,
0.252047005096187,0.266862329355174,0.26688045825191),.UNSPECIFIED.);
#2824=B_SPLINE_CURVE_WITH_KNOTS('',3,(#10714,#10715,#10716,#10717,#10718,
#10719,#10720,#10721),.UNSPECIFIED.,.F.,.F.,(4,2,2,4),(0.207615558138051,
0.207633687034783,0.22244901129377,0.237248008194978),.UNSPECIFIED.);
#2825=B_SPLINE_CURVE_WITH_KNOTS('',3,(#10725,#10726,#10727,#10728,#10729,
#10730,#10731,#10732),.UNSPECIFIED.,.F.,.F.,(4,2,2,4),(0.237248008194963,
0.252047005096165,0.266862329355156,0.266880458251888),.UNSPECIFIED.);
#2826=B_SPLINE_CURVE_WITH_KNOTS('',3,(#10761,#10762,#10763,#10764,#10765,
#10766,#10767,#10768),.UNSPECIFIED.,.F.,.F.,(4,2,2,4),(0.237248008194978,
0.252047005096187,0.266862329355174,0.266880458251916),.UNSPECIFIED.);
#2827=B_SPLINE_CURVE_WITH_KNOTS('',3,(#10771,#10772,#10773,#10774,#10775,
#10776,#10777,#10778),.UNSPECIFIED.,.F.,.F.,(4,2,2,4),(0.207615558138028,
0.207633687034788,0.222449011293778,0.237248008194979),.UNSPECIFIED.);
#2828=B_SPLINE_CURVE_WITH_KNOTS('',3,(#10789,#10790,#10791,#10792,#10793,
#10794,#10795,#10796),.UNSPECIFIED.,.F.,.F.,(4,2,2,4),(0.20761555813805,
0.207633687034787,0.222449011293778,0.237248008194979),.UNSPECIFIED.);
#2829=B_SPLINE_CURVE_WITH_KNOTS('',3,(#10800,#10801,#10802,#10803,#10804,
#10805,#10806,#10807),.UNSPECIFIED.,.F.,.F.,(4,2,2,4),(0.237248008194979,
0.25204700509618,0.266862329355171,0.266880458251925),.UNSPECIFIED.);
#2830=B_SPLINE_CURVE_WITH_KNOTS('',3,(#10813,#10814,#10815,#10816,#10817,
#10818,#10819,#10820),.UNSPECIFIED.,.F.,.F.,(4,2,2,4),(0.207615558138028,
0.207633687034769,0.222449011293761,0.237248008194963),.UNSPECIFIED.);
#2831=B_SPLINE_CURVE_WITH_KNOTS('',3,(#10847,#10848,#10849,#10850,#10851,
#10852,#10853,#10854),.UNSPECIFIED.,.F.,.F.,(4,2,2,4),(0.237248008194963,
0.252047005096165,0.266862329355156,0.266880458251883),.UNSPECIFIED.);
#2832=B_SPLINE_CURVE_WITH_KNOTS('',3,(#10859,#10860,#10861,#10862,#10863,
#10864,#10865,#10866),.UNSPECIFIED.,.F.,.F.,(4,2,2,4),(0.207615558138045,
0.207633687034787,0.222449011293778,0.23724800819498),.UNSPECIFIED.);
#2833=B_SPLINE_CURVE_WITH_KNOTS('',3,(#10870,#10871,#10872,#10873,#10874,
#10875,#10876,#10877),.UNSPECIFIED.,.F.,.F.,(4,2,2,4),(0.237248008194978,
0.252047005096179,0.26686232935517,0.266880458251916),.UNSPECIFIED.);
#2834=B_SPLINE_CURVE_WITH_KNOTS('',3,(#10893,#10894,#10895,#10896,#10897,
#10898,#10899,#10900),.UNSPECIFIED.,.F.,.F.,(4,2,2,4),(0.207615558138049,
0.207633687034768,0.222449011293759,0.237248008194961),.UNSPECIFIED.);
#2835=B_SPLINE_CURVE_WITH_KNOTS('',3,(#10921,#10922,#10923,#10924,#10925,
#10926,#10927,#10928),.UNSPECIFIED.,.F.,.F.,(4,2,2,4),(0.237248008194963,
0.252047005096165,0.266862329355157,0.266880458251897),.UNSPECIFIED.);
#2836=B_SPLINE_CURVE_WITH_KNOTS('',3,(#10939,#10940,#10941,#10942,#10943,
#10944,#10945,#10946),.UNSPECIFIED.,.F.,.F.,(4,2,2,4),(0.207615558138049,
0.207633687034787,0.222449011293778,0.237248008194979),.UNSPECIFIED.);
#2837=B_SPLINE_CURVE_WITH_KNOTS('',3,(#10950,#10951,#10952,#10953,#10954,
#10955,#10956,#10957),.UNSPECIFIED.,.F.,.F.,(4,2,2,4),(0.237248008194979,
0.25204700509618,0.266862329355171,0.266880458251915),.UNSPECIFIED.);
#2838=B_SPLINE_CURVE_WITH_KNOTS('',3,(#10986,#10987,#10988,#10989,#10990,
#10991,#10992,#10993),.UNSPECIFIED.,.F.,.F.,(4,2,2,4),(0.237248008194963,
0.252047005096165,0.266862329355157,0.266880458251899),.UNSPECIFIED.);
#2839=B_SPLINE_CURVE_WITH_KNOTS('',3,(#10996,#10997,#10998,#10999,#11000,
#11001,#11002,#11003),.UNSPECIFIED.,.F.,.F.,(4,2,2,4),(0.207615558138044,
0.207633687034771,0.222449011293761,0.237248008194963),.UNSPECIFIED.);
#2840=B_SPLINE_CURVE_WITH_KNOTS('',3,(#11014,#11015,#11016,#11017,#11018,
#11019,#11020,#11021),.UNSPECIFIED.,.F.,.F.,(4,2,2,4),(0.20761555813803,
0.207633687034787,0.222449011293778,0.237248008194979),.UNSPECIFIED.);
#2841=B_SPLINE_CURVE_WITH_KNOTS('',3,(#11025,#11026,#11027,#11028,#11029,
#11030,#11031,#11032),.UNSPECIFIED.,.F.,.F.,(4,2,2,4),(0.237248008194979,
0.252047005096181,0.266862329355172,0.266880458251916),.UNSPECIFIED.);
#2842=B_SPLINE_CURVE_WITH_KNOTS('',3,(#11048,#11049,#11050,#11051,#11052,
#11053,#11054,#11055),.UNSPECIFIED.,.F.,.F.,(4,2,2,4),(0.207615558138038,
0.207633687034769,0.222449011293761,0.237248008194963),.UNSPECIFIED.);
#2843=B_SPLINE_CURVE_WITH_KNOTS('',3,(#11076,#11077,#11078,#11079,#11080,
#11081,#11082,#11083),.UNSPECIFIED.,.F.,.F.,(4,2,2,4),(0.237248008194963,
0.252047005096165,0.266862329355156,0.266880458251883),.UNSPECIFIED.);
#2844=B_SPLINE_CURVE_WITH_KNOTS('',3,(#11094,#11095,#11096,#11097,#11098,
#11099,#11100,#11101),.UNSPECIFIED.,.F.,.F.,(4,2,2,4),(0.207615558138044,
0.207633687034786,0.222449011293777,0.237248008194979),.UNSPECIFIED.);
#2845=B_SPLINE_CURVE_WITH_KNOTS('',3,(#11105,#11106,#11107,#11108,#11109,
#11110,#11111,#11112),.UNSPECIFIED.,.F.,.F.,(4,2,2,4),(0.237248008194979,
0.252047005096181,0.266862329355172,0.266880458251908),.UNSPECIFIED.);
#2846=B_SPLINE_CURVE_WITH_KNOTS('',3,(#11141,#11142,#11143,#11144,#11145,
#11146,#11147,#11148),.UNSPECIFIED.,.F.,.F.,(4,2,2,4),(0.237248008194963,
0.252047005096165,0.266862329355157,0.266880458251897),.UNSPECIFIED.);
#2847=B_SPLINE_CURVE_WITH_KNOTS('',3,(#11151,#11152,#11153,#11154,#11155,
#11156,#11157,#11158),.UNSPECIFIED.,.F.,.F.,(4,2,2,4),(0.207615558138035,
0.207633687034769,0.222449011293761,0.237248008194963),.UNSPECIFIED.);
#2848=B_SPLINE_CURVE_WITH_KNOTS('',3,(#11169,#11170,#11171,#11172,#11173,
#11174,#11175,#11176),.UNSPECIFIED.,.F.,.F.,(4,2,2,4),(0.207615558138043,
0.207633687034786,0.222449011293777,0.237248008194978),.UNSPECIFIED.);
#2849=B_SPLINE_CURVE_WITH_KNOTS('',3,(#11180,#11181,#11182,#11183,#11184,
#11185,#11186,#11187),.UNSPECIFIED.,.F.,.F.,(4,2,2,4),(0.237248008194979,
0.25204700509618,0.266862329355171,0.266880458251915),.UNSPECIFIED.);
#2850=B_SPLINE_CURVE_WITH_KNOTS('',3,(#11216,#11217,#11218,#11219,#11220,
#11221,#11222,#11223),.UNSPECIFIED.,.F.,.F.,(4,2,2,4),(0.237248008194961,
0.252047005096163,0.266862329355154,0.266880458251893),.UNSPECIFIED.);
#2851=B_SPLINE_CURVE_WITH_KNOTS('',3,(#11226,#11227,#11228,#11229,#11230,
#11231,#11232,#11233),.UNSPECIFIED.,.F.,.F.,(4,2,2,4),(0.207615558138036,
0.207633687034771,0.222449011293761,0.237248008194963),.UNSPECIFIED.);
#2852=B_SPLINE_CURVE_WITH_KNOTS('',3,(#11244,#11245,#11246,#11247,#11248,
#11249,#11250,#11251),.UNSPECIFIED.,.F.,.F.,(4,2,2,4),(0.207615558138045,
0.207633687034783,0.222449011293768,0.237248008194977),.UNSPECIFIED.);
#2853=B_SPLINE_CURVE_WITH_KNOTS('',3,(#11255,#11256,#11257,#11258,#11259,
#11260,#11261,#11262),.UNSPECIFIED.,.F.,.F.,(4,2,2,4),(0.237248008194976,
0.252047005096185,0.266862329355171,0.266880458251905),.UNSPECIFIED.);
#2854=B_SPLINE_CURVE_WITH_KNOTS('',3,(#11291,#11292,#11293,#11294,#11295,
#11296,#11297,#11298),.UNSPECIFIED.,.F.,.F.,(4,2,2,4),(0.237248008194977,
0.252047005096186,0.266862329355172,0.266880458251913),.UNSPECIFIED.);
#2855=B_SPLINE_CURVE_WITH_KNOTS('',3,(#11301,#11302,#11303,#11304,#11305,
#11306,#11307,#11308),.UNSPECIFIED.,.F.,.F.,(4,2,2,4),(0.207615558138053,
0.207633687034782,0.222449011293767,0.237248008194976),.UNSPECIFIED.);
#2856=B_SPLINE_CURVE_WITH_KNOTS('',3,(#11319,#11320,#11321,#11322,#11323,
#11324,#11325,#11326),.UNSPECIFIED.,.F.,.F.,(4,2,2,4),(0.20761555813804,
0.207633687034782,0.222449011293767,0.237248008194976),.UNSPECIFIED.);
#2857=B_SPLINE_CURVE_WITH_KNOTS('',3,(#11330,#11331,#11332,#11333,#11334,
#11335,#11336,#11337),.UNSPECIFIED.,.F.,.F.,(4,2,2,4),(0.237248008194976,
0.252047005096185,0.266862329355171,0.266880458251911),.UNSPECIFIED.);
#2858=B_SPLINE_CURVE_WITH_KNOTS('',3,(#11366,#11367,#11368,#11369,#11370,
#11371,#11372,#11373),.UNSPECIFIED.,.F.,.F.,(4,2,2,4),(0.237248008194976,
0.252047005096185,0.266862329355171,0.266880458251906),.UNSPECIFIED.);
#2859=B_SPLINE_CURVE_WITH_KNOTS('',3,(#11376,#11377,#11378,#11379,#11380,
#11381,#11382,#11383),.UNSPECIFIED.,.F.,.F.,(4,2,2,4),(0.207615558138038,
0.207633687034782,0.222449011293767,0.237248008194976),.UNSPECIFIED.);
#2860=B_SPLINE_CURVE_WITH_KNOTS('',3,(#11394,#11395,#11396,#11397,#11398,
#11399,#11400,#11401),.UNSPECIFIED.,.F.,.F.,(4,2,2,4),(0.207615558138044,
0.207633687034783,0.222449011293768,0.237248008194977),.UNSPECIFIED.);
#2861=B_SPLINE_CURVE_WITH_KNOTS('',3,(#11405,#11406,#11407,#11408,#11409,
#11410,#11411,#11412),.UNSPECIFIED.,.F.,.F.,(4,2,2,4),(0.237248008194977,
0.252047005096186,0.266862329355172,0.266880458251909),.UNSPECIFIED.);
#2862=B_SPLINE_CURVE_WITH_KNOTS('',3,(#11428,#11429,#11430,#11431,#11432,
#11433,#11434,#11435),.UNSPECIFIED.,.F.,.F.,(4,2,2,4),(0.207615558138061,
0.207633687034783,0.222449011293768,0.237248008194977),.UNSPECIFIED.);
#2863=B_SPLINE_CURVE_WITH_KNOTS('',3,(#11456,#11457,#11458,#11459,#11460,
#11461,#11462,#11463),.UNSPECIFIED.,.F.,.F.,(4,2,2,4),(0.237248008194977,
0.252047005096186,0.266862329355172,0.266880458251913),.UNSPECIFIED.);
#2864=B_SPLINE_CURVE_WITH_KNOTS('',3,(#11487,#11488,#11489,#11490,#11491,
#11492,#11493,#11494),.UNSPECIFIED.,.F.,.F.,(4,2,2,4),(0.207615558138032,
0.207633687034783,0.222449011293768,0.237248008194977),.UNSPECIFIED.);
#2865=B_SPLINE_CURVE_WITH_KNOTS('',3,(#11498,#11499,#11500,#11501,#11502,
#11503,#11504,#11505),.UNSPECIFIED.,.F.,.F.,(4,2,2,4),(0.237248008194977,
0.252047005096185,0.266862329355171,0.266880458251915),.UNSPECIFIED.);
#2866=B_SPLINE_CURVE_WITH_KNOTS('',3,(#11521,#11522,#11523,#11524,#11525,
#11526,#11527,#11528),.UNSPECIFIED.,.F.,.F.,(4,2,2,4),(0.20761555813805,
0.207633687034782,0.222449011293768,0.237248008194977),.UNSPECIFIED.);
#2867=B_SPLINE_CURVE_WITH_KNOTS('',3,(#11549,#11550,#11551,#11552,#11553,
#11554,#11555,#11556),.UNSPECIFIED.,.F.,.F.,(4,2,2,4),(0.237248008194977,
0.252047005096186,0.266862329355172,0.266880458251911),.UNSPECIFIED.);
#2868=B_SPLINE_CURVE_WITH_KNOTS('',3,(#11567,#11568,#11569,#11570,#11571,
#11572,#11573,#11574),.UNSPECIFIED.,.F.,.F.,(4,2,2,4),(0.20761555813804,
0.207633687034782,0.222449011293768,0.237248008194976),.UNSPECIFIED.);
#2869=B_SPLINE_CURVE_WITH_KNOTS('',3,(#11578,#11579,#11580,#11581,#11582,
#11583,#11584,#11585),.UNSPECIFIED.,.F.,.F.,(4,2,2,4),(0.237248008194977,
0.252047005096186,0.266862329355172,0.266880458251912),.UNSPECIFIED.);
#2870=B_SPLINE_CURVE_WITH_KNOTS('',3,(#11614,#11615,#11616,#11617,#11618,
#11619,#11620,#11621),.UNSPECIFIED.,.F.,.F.,(4,2,2,4),(0.237248008194976,
0.252047005096185,0.266862329355171,0.26688045825192),.UNSPECIFIED.);
#2871=B_SPLINE_CURVE_WITH_KNOTS('',3,(#11624,#11625,#11626,#11627,#11628,
#11629,#11630,#11631),.UNSPECIFIED.,.F.,.F.,(4,2,2,4),(0.207615558138055,
0.207633687034783,0.222449011293769,0.237248008194978),.UNSPECIFIED.);
#2872=B_SPLINE_CURVE_WITH_KNOTS('',3,(#11642,#11643,#11644,#11645,#11646,
#11647,#11648,#11649),.UNSPECIFIED.,.F.,.F.,(4,2,2,4),(0.207615558138044,
0.207633687034782,0.222449011293767,0.237248008194976),.UNSPECIFIED.);
#2873=B_SPLINE_CURVE_WITH_KNOTS('',3,(#11653,#11654,#11655,#11656,#11657,
#11658,#11659,#11660),.UNSPECIFIED.,.F.,.F.,(4,2,2,4),(0.237248008194977,
0.252047005096186,0.266862329355172,0.266880458251907),.UNSPECIFIED.);
#2874=B_SPLINE_CURVE_WITH_KNOTS('',3,(#11676,#11677,#11678,#11679,#11680,
#11681,#11682,#11683),.UNSPECIFIED.,.F.,.F.,(4,2,2,4),(0.207615558138041,
0.207633687034783,0.222449011293768,0.237248008194977),.UNSPECIFIED.);
#2875=B_SPLINE_CURVE_WITH_KNOTS('',3,(#11704,#11705,#11706,#11707,#11708,
#11709,#11710,#11711),.UNSPECIFIED.,.F.,.F.,(4,2,2,4),(0.237248008194976,
0.252047005096185,0.266862329355171,0.266880458251897),.UNSPECIFIED.);
#2876=B_SPLINE_CURVE_WITH_KNOTS('',3,(#11722,#11723,#11724,#11725,#11726,
#11727,#11728,#11729),.UNSPECIFIED.,.F.,.F.,(4,2,2,4),(0.207615558138038,
0.207633687034787,0.222449011293777,0.237248008194979),.UNSPECIFIED.);
#2877=B_SPLINE_CURVE_WITH_KNOTS('',3,(#11733,#11734,#11735,#11736,#11737,
#11738,#11739,#11740),.UNSPECIFIED.,.F.,.F.,(4,2,2,4),(0.237248008194978,
0.252047005096179,0.26686232935517,0.266880458251915),.UNSPECIFIED.);
#2878=B_SPLINE_CURVE_WITH_KNOTS('',3,(#11756,#11757,#11758,#11759,#11760,
#11761,#11762,#11763),.UNSPECIFIED.,.F.,.F.,(4,2,2,4),(0.207615558138027,
0.207633687034767,0.222449011293759,0.237248008194961),.UNSPECIFIED.);
#2879=B_SPLINE_CURVE_WITH_KNOTS('',3,(#11783,#11784,#11785,#11786,#11787,
#11788,#11789,#11790),.UNSPECIFIED.,.F.,.F.,(4,2,2,4),(0.237248008194962,
0.252047005096164,0.266862329355155,0.266880458251899),.UNSPECIFIED.);
#2880=B_SPLINE_CURVE_WITH_KNOTS('',3,(#11815,#11816,#11817,#11818,#11819,
#11820,#11821,#11822),.UNSPECIFIED.,.F.,.F.,(4,2,2,4),(0.207615558138038,
0.207633687034786,0.222449011293777,0.237248008194979),.UNSPECIFIED.);
#2881=B_SPLINE_CURVE_WITH_KNOTS('',3,(#11826,#11827,#11828,#11829,#11830,
#11831,#11832,#11833),.UNSPECIFIED.,.F.,.F.,(4,2,2,4),(0.237248008194979,
0.252047005096181,0.266862329355171,0.26688045825193),.UNSPECIFIED.);
#2882=B_SPLINE_CURVE_WITH_KNOTS('',3,(#11849,#11850,#11851,#11852,#11853,
#11854,#11855,#11856),.UNSPECIFIED.,.F.,.F.,(4,2,2,4),(0.207615558138043,
0.207633687034769,0.22244901129376,0.237248008194962),.UNSPECIFIED.);
#2883=B_SPLINE_CURVE_WITH_KNOTS('',3,(#11876,#11877,#11878,#11879,#11880,
#11881,#11882,#11883),.UNSPECIFIED.,.F.,.F.,(4,2,2,4),(0.237248008194962,
0.252047005096164,0.266862329355155,0.266880458251889),.UNSPECIFIED.);
#2884=B_SPLINE_CURVE_WITH_KNOTS('',3,(#11895,#11896,#11897,#11898,#11899,
#11900,#11901,#11902),.UNSPECIFIED.,.F.,.F.,(4,2,2,4),(0.207615558138044,
0.207633687034786,0.222449011293776,0.237248008194978),.UNSPECIFIED.);
#2885=B_SPLINE_CURVE_WITH_KNOTS('',3,(#11906,#11907,#11908,#11909,#11910,
#11911,#11912,#11913),.UNSPECIFIED.,.F.,.F.,(4,2,2,4),(0.237248008194979,
0.25204700509618,0.266862329355171,0.266880458251918),.UNSPECIFIED.);
#2886=B_SPLINE_CURVE_WITH_KNOTS('',3,(#11942,#11943,#11944,#11945,#11946,
#11947,#11948,#11949),.UNSPECIFIED.,.F.,.F.,(4,2,2,4),(0.237248008194961,
0.252047005096163,0.266862329355154,0.266880458251886),.UNSPECIFIED.);
#2887=B_SPLINE_CURVE_WITH_KNOTS('',3,(#11953,#11954,#11955,#11956,#11957,
#11958,#11959,#11960),.UNSPECIFIED.,.F.,.F.,(4,2,2,4),(0.207615558138038,
0.207633687034769,0.22244901129376,0.237248008194962),.UNSPECIFIED.);
#2888=B_SPLINE_CURVE_WITH_KNOTS('',3,(#11970,#11971,#11972,#11973,#11974,
#11975,#11976,#11977),.UNSPECIFIED.,.F.,.F.,(4,2,2,4),(0.207615558138034,
0.207633687034787,0.222449011293778,0.237248008194979),.UNSPECIFIED.);
#2889=B_SPLINE_CURVE_WITH_KNOTS('',3,(#11981,#11982,#11983,#11984,#11985,
#11986,#11987,#11988),.UNSPECIFIED.,.F.,.F.,(4,2,2,4),(0.237248008194979,
0.25204700509618,0.266862329355171,0.266880458251906),.UNSPECIFIED.);
#2890=B_SPLINE_CURVE_WITH_KNOTS('',3,(#12017,#12018,#12019,#12020,#12021,
#12022,#12023,#12024),.UNSPECIFIED.,.F.,.F.,(4,2,2,4),(0.237248008194962,
0.252047005096164,0.266862329355155,0.266880458251898),.UNSPECIFIED.);
#2891=B_SPLINE_CURVE_WITH_KNOTS('',3,(#12028,#12029,#12030,#12031,#12032,
#12033,#12034,#12035),.UNSPECIFIED.,.F.,.F.,(4,2,2,4),(0.207615558138036,
0.207633687034769,0.22244901129376,0.237248008194962),.UNSPECIFIED.);
#2892=B_SPLINE_CURVE_WITH_KNOTS('',3,(#12045,#12046,#12047,#12048,#12049,
#12050,#12051,#12052),.UNSPECIFIED.,.F.,.F.,(4,2,2,4),(0.207615558138037,
0.207633687034786,0.222449011293777,0.237248008194978),.UNSPECIFIED.);
#2893=B_SPLINE_CURVE_WITH_KNOTS('',3,(#12056,#12057,#12058,#12059,#12060,
#12061,#12062,#12063),.UNSPECIFIED.,.F.,.F.,(4,2,2,4),(0.237248008194978,
0.25204700509618,0.266862329355171,0.266880458251935),.UNSPECIFIED.);
#2894=B_SPLINE_CURVE_WITH_KNOTS('',3,(#12092,#12093,#12094,#12095,#12096,
#12097,#12098,#12099),.UNSPECIFIED.,.F.,.F.,(4,2,2,4),(0.237248008194961,
0.252047005096163,0.266862329355154,0.266880458251896),.UNSPECIFIED.);
#2895=B_SPLINE_CURVE_WITH_KNOTS('',3,(#12103,#12104,#12105,#12106,#12107,
#12108,#12109,#12110),.UNSPECIFIED.,.F.,.F.,(4,2,2,4),(0.207615558138028,
0.207633687034768,0.222449011293759,0.237248008194961),.UNSPECIFIED.);
#2896=B_SPLINE_CURVE_WITH_KNOTS('',3,(#12120,#12121,#12122,#12123,#12124,
#12125,#12126,#12127),.UNSPECIFIED.,.F.,.F.,(4,2,2,4),(0.207615558138051,
0.207633687034787,0.222449011293777,0.237248008194979),.UNSPECIFIED.);
#2897=B_SPLINE_CURVE_WITH_KNOTS('',3,(#12131,#12132,#12133,#12134,#12135,
#12136,#12137,#12138),.UNSPECIFIED.,.F.,.F.,(4,2,2,4),(0.237248008194978,
0.25204700509618,0.266862329355171,0.266880458251914),.UNSPECIFIED.);
#2898=B_SPLINE_CURVE_WITH_KNOTS('',3,(#12154,#12155,#12156,#12157,#12158,
#12159,#12160,#12161),.UNSPECIFIED.,.F.,.F.,(4,2,2,4),(0.207615558138033,
0.207633687034769,0.22244901129376,0.237248008194962),.UNSPECIFIED.);
#2899=B_SPLINE_CURVE_WITH_KNOTS('',3,(#12181,#12182,#12183,#12184,#12185,
#12186,#12187,#12188),.UNSPECIFIED.,.F.,.F.,(4,2,2,4),(0.237248008194962,
0.252047005096164,0.266862329355155,0.266880458251885),.UNSPECIFIED.);
#2900=B_SPLINE_CURVE_WITH_KNOTS('',3,(#13102,#13103,#13104,#13105,#13106,
#13107,#13108),.UNSPECIFIED.,.F.,.F.,(4,3,4),(-0.120122757684874,-0.0589038321472945,
1.38777878078145E-17),.UNSPECIFIED.);
#2901=B_SPLINE_CURVE_WITH_KNOTS('',3,(#13110,#13111,#13112,#13113,#13114,
#13115,#13116),.UNSPECIFIED.,.F.,.F.,(4,3,4),(-0.106392877798489,-0.0491794389203105,
0.),.UNSPECIFIED.);
#2902=B_SPLINE_CURVE_WITH_KNOTS('',3,(#13118,#13119,#13120,#13121,#13122,
#13123,#13124),.UNSPECIFIED.,.F.,.F.,(4,3,4),(-0.0826702777873831,-0.0415276637640298,
0.),.UNSPECIFIED.);
#2903=B_SPLINE_CURVE_WITH_KNOTS('',3,(#13126,#13127,#13128,#13129,#13130,
#13131,#13132),.UNSPECIFIED.,.F.,.F.,(4,3,4),(-0.0951123840569748,-0.0505484129667136,
0.),.UNSPECIFIED.);
#2904=B_SPLINE_CURVE_WITH_KNOTS('',3,(#13134,#13135,#13136,#13137,#13138,
#13139,#13140),.UNSPECIFIED.,.F.,.F.,(4,3,4),(-0.136293541567614,-0.068645984887889,
0.),.UNSPECIFIED.);
#2905=B_SPLINE_CURVE_WITH_KNOTS('',3,(#13142,#13143,#13144,#13145,#13146,
#13147,#13148),.UNSPECIFIED.,.F.,.F.,(4,3,4),(-0.137742532945495,-0.0675708098538755,
0.),.UNSPECIFIED.);
#2906=B_SPLINE_CURVE_WITH_KNOTS('',3,(#13150,#13151,#13152,#13153,#13154,
#13155,#13156),.UNSPECIFIED.,.F.,.F.,(4,3,4),(-0.156472900346519,-0.0879113581722278,
-2.77555756156289E-17),.UNSPECIFIED.);
#2907=B_SPLINE_CURVE_WITH_KNOTS('',3,(#13160,#13161,#13162,#13163,#13164,
#13165,#13166),.UNSPECIFIED.,.F.,.F.,(4,3,4),(-0.203810482781398,-0.0918607176053958,
-2.77555756156289E-17),.UNSPECIFIED.);
#2908=B_SPLINE_CURVE_WITH_KNOTS('',3,(#13168,#13169,#13170,#13171,#13172,
#13173,#13174),.UNSPECIFIED.,.F.,.F.,(4,3,4),(-0.156034637976796,-0.0799585181124217,
0.),.UNSPECIFIED.);
#2909=B_SPLINE_CURVE_WITH_KNOTS('',3,(#13176,#13177,#13178,#13179,#13180,
#13181,#13182),.UNSPECIFIED.,.F.,.F.,(4,3,4),(-0.157800645774225,-0.0777862603723996,
0.),.UNSPECIFIED.);
#2910=B_SPLINE_CURVE_WITH_KNOTS('',3,(#13184,#13185,#13186,#13187,#13188,
#13189,#13190),.UNSPECIFIED.,.F.,.F.,(4,3,4),(-0.187130149452154,-0.103006438615409,
0.),.UNSPECIFIED.);
#2911=B_SPLINE_CURVE_WITH_KNOTS('',3,(#13198,#13199,#13200,#13201,#13202,
#13203,#13204),.UNSPECIFIED.,.F.,.F.,(4,3,4),(-0.113784024264004,-0.0564741449760379,
0.),.UNSPECIFIED.);
#2912=B_SPLINE_CURVE_WITH_KNOTS('',3,(#13206,#13207,#13208,#13209,#13210,
#13211,#13212),.UNSPECIFIED.,.F.,.F.,(4,3,4),(-0.109696856604447,-0.0535577008879813,
0.),.UNSPECIFIED.);
#2913=B_SPLINE_CURVE_WITH_KNOTS('',3,(#13214,#13215,#13216,#13217,#13218,
#13219,#13220),.UNSPECIFIED.,.F.,.F.,(4,3,4),(-0.0993780664820007,-0.0484279003519393,
0.),.UNSPECIFIED.);
#2914=B_SPLINE_CURVE_WITH_KNOTS('',3,(#13222,#13223,#13224,#13225,#13226,
#13227,#13228),.UNSPECIFIED.,.F.,.F.,(4,3,4),(-0.0988051856322291,-0.0514491046583557,
1.38777878078145E-17),.UNSPECIFIED.);
#2915=B_SPLINE_CURVE_WITH_KNOTS('',3,(#13230,#13231,#13232,#13233,#13234,
#13235,#13236),.UNSPECIFIED.,.F.,.F.,(4,3,4),(-0.333139205431924,-0.178987591104257,
0.),.UNSPECIFIED.);
#2916=B_SPLINE_CURVE_WITH_KNOTS('',3,(#13240,#13241,#13242,#13243,#13244,
#13245,#13246),.UNSPECIFIED.,.F.,.F.,(4,3,4),(-0.205563876222513,-0.0913427793618216,
0.),.UNSPECIFIED.);
#2917=B_SPLINE_CURVE_WITH_KNOTS('',3,(#13248,#13249,#13250,#13251,#13252,
#13253,#13254),.UNSPECIFIED.,.F.,.F.,(4,3,4),(-0.1556460486279,-0.0806610090084011,
0.),.UNSPECIFIED.);
#2918=B_SPLINE_CURVE_WITH_KNOTS('',3,(#13256,#13257,#13258,#13259,#13260,
#13261,#13262),.UNSPECIFIED.,.F.,.F.,(4,3,4),(-0.159540132609882,-0.0774468738514252,
0.),.UNSPECIFIED.);
#2919=B_SPLINE_CURVE_WITH_KNOTS('',3,(#13264,#13265,#13266,#13267,#13268,
#13269,#13270),.UNSPECIFIED.,.F.,.F.,(4,3,4),(-0.186524126869117,-0.103765109174323,
0.),.UNSPECIFIED.);
#2920=B_SPLINE_CURVE_WITH_KNOTS('',3,(#13293,#13294,#13295,#13296,#13297,
#13298,#13299),.UNSPECIFIED.,.F.,.F.,(4,3,4),(-0.116141250471613,-0.059189804675608,
0.),.UNSPECIFIED.);
#2921=B_SPLINE_CURVE_WITH_KNOTS('',3,(#13312,#13313,#13314,#13315,#13316,
#13317,#13318),.UNSPECIFIED.,.F.,.F.,(4,3,4),(-0.0973525333929348,-0.0523519368416936,
-1.38777878078145E-17),.UNSPECIFIED.);
#2922=B_SPLINE_CURVE_WITH_KNOTS('',3,(#13331,#13332,#13333,#13334,#13335,
#13336,#13337),.UNSPECIFIED.,.F.,.F.,(4,3,4),(-0.0834141134044139,-0.0415127995665425,
0.),.UNSPECIFIED.);
#2923=B_SPLINE_CURVE_WITH_KNOTS('',3,(#13350,#13351,#13352,#13353,#13354,
#13355,#13356),.UNSPECIFIED.,.F.,.F.,(4,3,4),(-0.103047225819664,-0.0482817630731272,
0.),.UNSPECIFIED.);
#2924=B_SPLINE_CURVE_WITH_KNOTS('',3,(#13369,#13370,#13371,#13372,#13373,
#13374,#13375),.UNSPECIFIED.,.F.,.F.,(4,3,4),(-0.138172507919269,-0.0685801576035177,
2.77555756156289E-17),.UNSPECIFIED.);
#2925=B_SPLINE_CURVE_WITH_KNOTS('',3,(#13388,#13389,#13390,#13391,#13392,
#13393,#13394),.UNSPECIFIED.,.F.,.F.,(4,3,4),(-0.133340553806158,-0.0679291734984387,
0.),.UNSPECIFIED.);
#2926=B_SPLINE_CURVE_WITH_KNOTS('',3,(#13407,#13408,#13409,#13410,#13411,
#13412,#13413),.UNSPECIFIED.,.F.,.F.,(4,3,4),(-0.17293378747976,-0.0757741892519173,
0.),.UNSPECIFIED.);
#2927=B_SPLINE_CURVE_WITH_KNOTS('',3,(#13430,#13431,#13432,#13433,#13434,
#13435,#13436),.UNSPECIFIED.,.F.,.F.,(4,3,4),(-0.185594464343229,-0.101944004143671,
-2.77555756156289E-17),.UNSPECIFIED.);
#2928=B_SPLINE_CURVE_WITH_KNOTS('',3,(#13449,#13450,#13451,#13452,#13453,
#13454,#13455),.UNSPECIFIED.,.F.,.F.,(4,3,4),(-0.162424920391668,-0.0791917607071033,
0.),.UNSPECIFIED.);
#2929=B_SPLINE_CURVE_WITH_KNOTS('',3,(#13468,#13469,#13470,#13471,#13472,
#13473,#13474),.UNSPECIFIED.,.F.,.F.,(4,3,4),(-0.153957083822727,-0.0780654691233523,
0.),.UNSPECIFIED.);
#2930=B_SPLINE_CURVE_WITH_KNOTS('',3,(#13487,#13488,#13489,#13490,#13491,
#13492,#13493),.UNSPECIFIED.,.F.,.F.,(4,3,4),(-0.205544483228011,-0.0924018108347759,
0.),.UNSPECIFIED.);
#2931=B_SPLINE_CURVE_WITH_KNOTS('',3,(#13518,#13519,#13520,#13521,#13522,
#13523,#13524),.UNSPECIFIED.,.F.,.F.,(4,3,4),(-0.112207164448516,-0.0565156584273118,
-1.38777878078145E-17),.UNSPECIFIED.);
#2932=B_SPLINE_CURVE_WITH_KNOTS('',3,(#13537,#13538,#13539,#13540,#13541,
#13542,#13543),.UNSPECIFIED.,.F.,.F.,(4,3,4),(-0.105411027634235,-0.0539458128315326,
0.),.UNSPECIFIED.);
#2933=B_SPLINE_CURVE_WITH_KNOTS('',3,(#13556,#13557,#13558,#13559,#13560,
#13561,#13562),.UNSPECIFIED.,.F.,.F.,(4,3,4),(-0.0952716372255132,-0.0488448398722067,
1.38777878078145E-17),.UNSPECIFIED.);
#2934=B_SPLINE_CURVE_WITH_KNOTS('',3,(#13575,#13576,#13577,#13578,#13579,
#13580,#13581),.UNSPECIFIED.,.F.,.F.,(4,3,4),(-0.105090927002861,-0.0503687576408294,
0.),.UNSPECIFIED.);
#2935=B_SPLINE_CURVE_WITH_KNOTS('',3,(#13594,#13595,#13596,#13597,#13598,
#13599,#13600),.UNSPECIFIED.,.F.,.F.,(4,3,4),(-0.323000099687018,-0.1494600034547,
0.),.UNSPECIFIED.);
#2936=B_SPLINE_CURVE_WITH_KNOTS('',3,(#13617,#13618,#13619,#13620,#13621,
#13622,#13623),.UNSPECIFIED.,.F.,.F.,(4,3,4),(-0.186824365935653,-0.103808530903429,
0.),.UNSPECIFIED.);
#2937=B_SPLINE_CURVE_WITH_KNOTS('',3,(#13636,#13637,#13638,#13639,#13640,
#13641,#13642),.UNSPECIFIED.,.F.,.F.,(4,3,4),(-0.164297079987571,-0.0791528160261154,
0.),.UNSPECIFIED.);
#2938=B_SPLINE_CURVE_WITH_KNOTS('',3,(#13655,#13656,#13657,#13658,#13659,
#13660,#13661),.UNSPECIFIED.,.F.,.F.,(4,3,4),(-0.15244013944588,-0.0784398734537014,
-2.77555756156289E-17),.UNSPECIFIED.);
#2939=B_SPLINE_CURVE_WITH_KNOTS('',3,(#13674,#13675,#13676,#13677,#13678,
#13679,#13680),.UNSPECIFIED.,.F.,.F.,(4,3,4),(-0.20527567308737,-0.0910789040887408,
2.77555756156289E-17),.UNSPECIFIED.);
#2940=VERTEX_POINT('',#10332);
#2941=VERTEX_POINT('',#10333);
#2942=VERTEX_POINT('',#10342);
#2943=VERTEX_POINT('',#10344);
#2944=VERTEX_POINT('',#10355);
#2945=VERTEX_POINT('',#10359);
#2946=VERTEX_POINT('',#10365);
#2947=VERTEX_POINT('',#10367);
#2948=VERTEX_POINT('',#10376);
#2949=VERTEX_POINT('',#10380);
#2950=VERTEX_POINT('',#10382);
#2951=VERTEX_POINT('',#10384);
#2952=VERTEX_POINT('',#10389);
#2953=VERTEX_POINT('',#10393);
#2954=VERTEX_POINT('',#10395);
#2955=VERTEX_POINT('',#10406);
#2956=VERTEX_POINT('',#10412);
#2957=VERTEX_POINT('',#10413);
#2958=VERTEX_POINT('',#10422);
#2959=VERTEX_POINT('',#10424);
#2960=VERTEX_POINT('',#10435);
#2961=VERTEX_POINT('',#10437);
#2962=VERTEX_POINT('',#10441);
#2963=VERTEX_POINT('',#10445);
#2964=VERTEX_POINT('',#10447);
#2965=VERTEX_POINT('',#10449);
#2966=VERTEX_POINT('',#10453);
#2967=VERTEX_POINT('',#10455);
#2968=VERTEX_POINT('',#10457);
#2969=VERTEX_POINT('',#10470);
#2970=VERTEX_POINT('',#10481);
#2971=VERTEX_POINT('',#10487);
#2972=VERTEX_POINT('',#10488);
#2973=VERTEX_POINT('',#10497);
#2974=VERTEX_POINT('',#10499);
#2975=VERTEX_POINT('',#10510);
#2976=VERTEX_POINT('',#10512);
#2977=VERTEX_POINT('',#10516);
#2978=VERTEX_POINT('',#10520);
#2979=VERTEX_POINT('',#10522);
#2980=VERTEX_POINT('',#10524);
#2981=VERTEX_POINT('',#10528);
#2982=VERTEX_POINT('',#10530);
#2983=VERTEX_POINT('',#10532);
#2984=VERTEX_POINT('',#10545);
#2985=VERTEX_POINT('',#10556);
#2986=VERTEX_POINT('',#10562);
#2987=VERTEX_POINT('',#10563);
#2988=VERTEX_POINT('',#10572);
#2989=VERTEX_POINT('',#10574);
#2990=VERTEX_POINT('',#10585);
#2991=VERTEX_POINT('',#10587);
#2992=VERTEX_POINT('',#10596);
#2993=VERTEX_POINT('',#10600);
#2994=VERTEX_POINT('',#10602);
#2995=VERTEX_POINT('',#10604);
#2996=VERTEX_POINT('',#10609);
#2997=VERTEX_POINT('',#10611);
#2998=VERTEX_POINT('',#10617);
#2999=VERTEX_POINT('',#10621);
#3000=VERTEX_POINT('',#10632);
#3001=VERTEX_POINT('',#10633);
#3002=VERTEX_POINT('',#10642);
#3003=VERTEX_POINT('',#10644);
#3004=VERTEX_POINT('',#10655);
#3005=VERTEX_POINT('',#10659);
#3006=VERTEX_POINT('',#10665);
#3007=VERTEX_POINT('',#10667);
#3008=VERTEX_POINT('',#10676);
#3009=VERTEX_POINT('',#10680);
#3010=VERTEX_POINT('',#10682);
#3011=VERTEX_POINT('',#10684);
#3012=VERTEX_POINT('',#10689);
#3013=VERTEX_POINT('',#10693);
#3014=VERTEX_POINT('',#10695);
#3015=VERTEX_POINT('',#10706);
#3016=VERTEX_POINT('',#10712);
#3017=VERTEX_POINT('',#10713);
#3018=VERTEX_POINT('',#10722);
#3019=VERTEX_POINT('',#10724);
#3020=VERTEX_POINT('',#10735);
#3021=VERTEX_POINT('',#10737);
#3022=VERTEX_POINT('',#10741);
#3023=VERTEX_POINT('',#10745);
#3024=VERTEX_POINT('',#10747);
#3025=VERTEX_POINT('',#10749);
#3026=VERTEX_POINT('',#10753);
#3027=VERTEX_POINT('',#10755);
#3028=VERTEX_POINT('',#10757);
#3029=VERTEX_POINT('',#10770);
#3030=VERTEX_POINT('',#10781);
#3031=VERTEX_POINT('',#10787);
#3032=VERTEX_POINT('',#10788);
#3033=VERTEX_POINT('',#10797);
#3034=VERTEX_POINT('',#10799);
#3035=VERTEX_POINT('',#10810);
#3036=VERTEX_POINT('',#10812);
#3037=VERTEX_POINT('',#10821);
#3038=VERTEX_POINT('',#10825);
#3039=VERTEX_POINT('',#10827);
#3040=VERTEX_POINT('',#10829);
#3041=VERTEX_POINT('',#10834);
#3042=VERTEX_POINT('',#10836);
#3043=VERTEX_POINT('',#10842);
#3044=VERTEX_POINT('',#10846);
#3045=VERTEX_POINT('',#10857);
#3046=VERTEX_POINT('',#10858);
#3047=VERTEX_POINT('',#10867);
#3048=VERTEX_POINT('',#10869);
#3049=VERTEX_POINT('',#10880);
#3050=VERTEX_POINT('',#10884);
#3051=VERTEX_POINT('',#10890);
#3052=VERTEX_POINT('',#10892);
#3053=VERTEX_POINT('',#10901);
#3054=VERTEX_POINT('',#10905);
#3055=VERTEX_POINT('',#10907);
#3056=VERTEX_POINT('',#10909);
#3057=VERTEX_POINT('',#10914);
#3058=VERTEX_POINT('',#10918);
#3059=VERTEX_POINT('',#10920);
#3060=VERTEX_POINT('',#10931);
#3061=VERTEX_POINT('',#10937);
#3062=VERTEX_POINT('',#10938);
#3063=VERTEX_POINT('',#10947);
#3064=VERTEX_POINT('',#10949);
#3065=VERTEX_POINT('',#10960);
#3066=VERTEX_POINT('',#10962);
#3067=VERTEX_POINT('',#10966);
#3068=VERTEX_POINT('',#10970);
#3069=VERTEX_POINT('',#10972);
#3070=VERTEX_POINT('',#10974);
#3071=VERTEX_POINT('',#10978);
#3072=VERTEX_POINT('',#10980);
#3073=VERTEX_POINT('',#10982);
#3074=VERTEX_POINT('',#10995);
#3075=VERTEX_POINT('',#11006);
#3076=VERTEX_POINT('',#11012);
#3077=VERTEX_POINT('',#11013);
#3078=VERTEX_POINT('',#11022);
#3079=VERTEX_POINT('',#11024);
#3080=VERTEX_POINT('',#11035);
#3081=VERTEX_POINT('',#11039);
#3082=VERTEX_POINT('',#11045);
#3083=VERTEX_POINT('',#11047);
#3084=VERTEX_POINT('',#11056);
#3085=VERTEX_POINT('',#11060);
#3086=VERTEX_POINT('',#11062);
#3087=VERTEX_POINT('',#11064);
#3088=VERTEX_POINT('',#11069);
#3089=VERTEX_POINT('',#11073);
#3090=VERTEX_POINT('',#11075);
#3091=VERTEX_POINT('',#11086);
#3092=VERTEX_POINT('',#11092);
#3093=VERTEX_POINT('',#11093);
#3094=VERTEX_POINT('',#11102);
#3095=VERTEX_POINT('',#11104);
#3096=VERTEX_POINT('',#11115);
#3097=VERTEX_POINT('',#11117);
#3098=VERTEX_POINT('',#11121);
#3099=VERTEX_POINT('',#11125);
#3100=VERTEX_POINT('',#11127);
#3101=VERTEX_POINT('',#11129);
#3102=VERTEX_POINT('',#11133);
#3103=VERTEX_POINT('',#11135);
#3104=VERTEX_POINT('',#11137);
#3105=VERTEX_POINT('',#11150);
#3106=VERTEX_POINT('',#11161);
#3107=VERTEX_POINT('',#11167);
#3108=VERTEX_POINT('',#11168);
#3109=VERTEX_POINT('',#11177);
#3110=VERTEX_POINT('',#11179);
#3111=VERTEX_POINT('',#11190);
#3112=VERTEX_POINT('',#11192);
#3113=VERTEX_POINT('',#11196);
#3114=VERTEX_POINT('',#11200);
#3115=VERTEX_POINT('',#11202);
#3116=VERTEX_POINT('',#11204);
#3117=VERTEX_POINT('',#11208);
#3118=VERTEX_POINT('',#11210);
#3119=VERTEX_POINT('',#11212);
#3120=VERTEX_POINT('',#11225);
#3121=VERTEX_POINT('',#11236);
#3122=VERTEX_POINT('',#11242);
#3123=VERTEX_POINT('',#11243);
#3124=VERTEX_POINT('',#11252);
#3125=VERTEX_POINT('',#11254);
#3126=VERTEX_POINT('',#11265);
#3127=VERTEX_POINT('',#11267);
#3128=VERTEX_POINT('',#11271);
#3129=VERTEX_POINT('',#11275);
#3130=VERTEX_POINT('',#11277);
#3131=VERTEX_POINT('',#11279);
#3132=VERTEX_POINT('',#11283);
#3133=VERTEX_POINT('',#11285);
#3134=VERTEX_POINT('',#11287);
#3135=VERTEX_POINT('',#11300);
#3136=VERTEX_POINT('',#11311);
#3137=VERTEX_POINT('',#11317);
#3138=VERTEX_POINT('',#11318);
#3139=VERTEX_POINT('',#11327);
#3140=VERTEX_POINT('',#11329);
#3141=VERTEX_POINT('',#11340);
#3142=VERTEX_POINT('',#11342);
#3143=VERTEX_POINT('',#11346);
#3144=VERTEX_POINT('',#11350);
#3145=VERTEX_POINT('',#11352);
#3146=VERTEX_POINT('',#11354);
#3147=VERTEX_POINT('',#11358);
#3148=VERTEX_POINT('',#11360);
#3149=VERTEX_POINT('',#11362);
#3150=VERTEX_POINT('',#11375);
#3151=VERTEX_POINT('',#11386);
#3152=VERTEX_POINT('',#11392);
#3153=VERTEX_POINT('',#11393);
#3154=VERTEX_POINT('',#11402);
#3155=VERTEX_POINT('',#11404);
#3156=VERTEX_POINT('',#11415);
#3157=VERTEX_POINT('',#11419);
#3158=VERTEX_POINT('',#11425);
#3159=VERTEX_POINT('',#11427);
#3160=VERTEX_POINT('',#11436);
#3161=VERTEX_POINT('',#11440);
#3162=VERTEX_POINT('',#11442);
#3163=VERTEX_POINT('',#11444);
#3164=VERTEX_POINT('',#11449);
#3165=VERTEX_POINT('',#11453);
#3166=VERTEX_POINT('',#11455);
#3167=VERTEX_POINT('',#11466);
#3168=VERTEX_POINT('',#11472);
#3169=VERTEX_POINT('',#11474);
#3170=VERTEX_POINT('',#11476);
#3171=VERTEX_POINT('',#11480);
#3172=VERTEX_POINT('',#11485);
#3173=VERTEX_POINT('',#11486);
#3174=VERTEX_POINT('',#11495);
#3175=VERTEX_POINT('',#11497);
#3176=VERTEX_POINT('',#11508);
#3177=VERTEX_POINT('',#11512);
#3178=VERTEX_POINT('',#11518);
#3179=VERTEX_POINT('',#11520);
#3180=VERTEX_POINT('',#11529);
#3181=VERTEX_POINT('',#11533);
#3182=VERTEX_POINT('',#11535);
#3183=VERTEX_POINT('',#11537);
#3184=VERTEX_POINT('',#11542);
#3185=VERTEX_POINT('',#11546);
#3186=VERTEX_POINT('',#11548);
#3187=VERTEX_POINT('',#11559);
#3188=VERTEX_POINT('',#11565);
#3189=VERTEX_POINT('',#11566);
#3190=VERTEX_POINT('',#11575);
#3191=VERTEX_POINT('',#11577);
#3192=VERTEX_POINT('',#11588);
#3193=VERTEX_POINT('',#11590);
#3194=VERTEX_POINT('',#11594);
#3195=VERTEX_POINT('',#11598);
#3196=VERTEX_POINT('',#11600);
#3197=VERTEX_POINT('',#11602);
#3198=VERTEX_POINT('',#11606);
#3199=VERTEX_POINT('',#11608);
#3200=VERTEX_POINT('',#11610);
#3201=VERTEX_POINT('',#11623);
#3202=VERTEX_POINT('',#11634);
#3203=VERTEX_POINT('',#11640);
#3204=VERTEX_POINT('',#11641);
#3205=VERTEX_POINT('',#11650);
#3206=VERTEX_POINT('',#11652);
#3207=VERTEX_POINT('',#11663);
#3208=VERTEX_POINT('',#11667);
#3209=VERTEX_POINT('',#11673);
#3210=VERTEX_POINT('',#11675);
#3211=VERTEX_POINT('',#11684);
#3212=VERTEX_POINT('',#11688);
#3213=VERTEX_POINT('',#11690);
#3214=VERTEX_POINT('',#11692);
#3215=VERTEX_POINT('',#11697);
#3216=VERTEX_POINT('',#11701);
#3217=VERTEX_POINT('',#11703);
#3218=VERTEX_POINT('',#11714);
#3219=VERTEX_POINT('',#11720);
#3220=VERTEX_POINT('',#11721);
#3221=VERTEX_POINT('',#11730);
#3222=VERTEX_POINT('',#11732);
#3223=VERTEX_POINT('',#11743);
#3224=VERTEX_POINT('',#11747);
#3225=VERTEX_POINT('',#11753);
#3226=VERTEX_POINT('',#11755);
#3227=VERTEX_POINT('',#11764);
#3228=VERTEX_POINT('',#11768);
#3229=VERTEX_POINT('',#11770);
#3230=VERTEX_POINT('',#11772);
#3231=VERTEX_POINT('',#11777);
#3232=VERTEX_POINT('',#11781);
#3233=VERTEX_POINT('',#11782);
#3234=VERTEX_POINT('',#11794);
#3235=VERTEX_POINT('',#11800);
#3236=VERTEX_POINT('',#11802);
#3237=VERTEX_POINT('',#11804);
#3238=VERTEX_POINT('',#11808);
#3239=VERTEX_POINT('',#11813);
#3240=VERTEX_POINT('',#11814);
#3241=VERTEX_POINT('',#11823);
#3242=VERTEX_POINT('',#11825);
#3243=VERTEX_POINT('',#11836);
#3244=VERTEX_POINT('',#11840);
#3245=VERTEX_POINT('',#11846);
#3246=VERTEX_POINT('',#11848);
#3247=VERTEX_POINT('',#11857);
#3248=VERTEX_POINT('',#11861);
#3249=VERTEX_POINT('',#11863);
#3250=VERTEX_POINT('',#11865);
#3251=VERTEX_POINT('',#11870);
#3252=VERTEX_POINT('',#11874);
#3253=VERTEX_POINT('',#11875);
#3254=VERTEX_POINT('',#11887);
#3255=VERTEX_POINT('',#11893);
#3256=VERTEX_POINT('',#11894);
#3257=VERTEX_POINT('',#11903);
#3258=VERTEX_POINT('',#11905);
#3259=VERTEX_POINT('',#11916);
#3260=VERTEX_POINT('',#11918);
#3261=VERTEX_POINT('',#11922);
#3262=VERTEX_POINT('',#11926);
#3263=VERTEX_POINT('',#11928);
#3264=VERTEX_POINT('',#11930);
#3265=VERTEX_POINT('',#11934);
#3266=VERTEX_POINT('',#11936);
#3267=VERTEX_POINT('',#11938);
#3268=VERTEX_POINT('',#11951);
#3269=VERTEX_POINT('',#11962);
#3270=VERTEX_POINT('',#11968);
#3271=VERTEX_POINT('',#11969);
#3272=VERTEX_POINT('',#11978);
#3273=VERTEX_POINT('',#11980);
#3274=VERTEX_POINT('',#11991);
#3275=VERTEX_POINT('',#11993);
#3276=VERTEX_POINT('',#11997);
#3277=VERTEX_POINT('',#12001);
#3278=VERTEX_POINT('',#12003);
#3279=VERTEX_POINT('',#12005);
#3280=VERTEX_POINT('',#12009);
#3281=VERTEX_POINT('',#12011);
#3282=VERTEX_POINT('',#12013);
#3283=VERTEX_POINT('',#12026);
#3284=VERTEX_POINT('',#12037);
#3285=VERTEX_POINT('',#12043);
#3286=VERTEX_POINT('',#12044);
#3287=VERTEX_POINT('',#12053);
#3288=VERTEX_POINT('',#12055);
#3289=VERTEX_POINT('',#12066);
#3290=VERTEX_POINT('',#12068);
#3291=VERTEX_POINT('',#12072);
#3292=VERTEX_POINT('',#12076);
#3293=VERTEX_POINT('',#12078);
#3294=VERTEX_POINT('',#12080);
#3295=VERTEX_POINT('',#12084);
#3296=VERTEX_POINT('',#12086);
#3297=VERTEX_POINT('',#12088);
#3298=VERTEX_POINT('',#12101);
#3299=VERTEX_POINT('',#12112);
#3300=VERTEX_POINT('',#12118);
#3301=VERTEX_POINT('',#12119);
#3302=VERTEX_POINT('',#12128);
#3303=VERTEX_POINT('',#12130);
#3304=VERTEX_POINT('',#12141);
#3305=VERTEX_POINT('',#12145);
#3306=VERTEX_POINT('',#12151);
#3307=VERTEX_POINT('',#12153);
#3308=VERTEX_POINT('',#12162);
#3309=VERTEX_POINT('',#12166);
#3310=VERTEX_POINT('',#12168);
#3311=VERTEX_POINT('',#12170);
#3312=VERTEX_POINT('',#12175);
#3313=VERTEX_POINT('',#12179);
#3314=VERTEX_POINT('',#12180);
#3315=VERTEX_POINT('',#12192);
#3316=VERTEX_POINT('',#12198);
#3317=VERTEX_POINT('',#12200);
#3318=VERTEX_POINT('',#12206);
#3319=VERTEX_POINT('',#12208);
#3320=VERTEX_POINT('',#12211);
#3321=VERTEX_POINT('',#12212);
#3322=VERTEX_POINT('',#12216);
#3323=VERTEX_POINT('',#12218);
#3324=VERTEX_POINT('',#12221);
#3325=VERTEX_POINT('',#12223);
#3326=VERTEX_POINT('',#12226);
#3327=VERTEX_POINT('',#12227);
#3328=VERTEX_POINT('',#12231);
#3329=VERTEX_POINT('',#12233);
#3330=VERTEX_POINT('',#12237);
#3331=VERTEX_POINT('',#12243);
#3332=VERTEX_POINT('',#12250);
#3333=VERTEX_POINT('',#12257);
#3334=VERTEX_POINT('',#12264);
#3335=VERTEX_POINT('',#12270);
#3336=VERTEX_POINT('',#12272);
#3337=VERTEX_POINT('',#12278);
#3338=VERTEX_POINT('',#12280);
#3339=VERTEX_POINT('',#12281);
#3340=VERTEX_POINT('',#12285);
#3341=VERTEX_POINT('',#12286);
#3342=VERTEX_POINT('',#12290);
#3343=VERTEX_POINT('',#12292);
#3344=VERTEX_POINT('',#12295);
#3345=VERTEX_POINT('',#12297);
#3346=VERTEX_POINT('',#12300);
#3347=VERTEX_POINT('',#12303);
#3348=VERTEX_POINT('',#12305);
#3349=VERTEX_POINT('',#12309);
#3350=VERTEX_POINT('',#12316);
#3351=VERTEX_POINT('',#12323);
#3352=VERTEX_POINT('',#12329);
#3353=VERTEX_POINT('',#12335);
#3354=VERTEX_POINT('',#12342);
#3355=VERTEX_POINT('',#12344);
#3356=VERTEX_POINT('',#12350);
#3357=VERTEX_POINT('',#12352);
#3358=VERTEX_POINT('',#12354);
#3359=VERTEX_POINT('',#12359);
#3360=VERTEX_POINT('',#12361);
#3361=VERTEX_POINT('',#12364);
#3362=VERTEX_POINT('',#12367);
#3363=VERTEX_POINT('',#12369);
#3364=VERTEX_POINT('',#12372);
#3365=VERTEX_POINT('',#12373);
#3366=VERTEX_POINT('',#12378);
#3367=VERTEX_POINT('',#12385);
#3368=VERTEX_POINT('',#12394);
#3369=VERTEX_POINT('',#12400);
#3370=VERTEX_POINT('',#12407);
#3371=VERTEX_POINT('',#12409);
#3372=VERTEX_POINT('',#12415);
#3373=VERTEX_POINT('',#12417);
#3374=VERTEX_POINT('',#12419);
#3375=VERTEX_POINT('',#12424);
#3376=VERTEX_POINT('',#12426);
#3377=VERTEX_POINT('',#12429);
#3378=VERTEX_POINT('',#12430);
#3379=VERTEX_POINT('',#12434);
#3380=VERTEX_POINT('',#12436);
#3381=VERTEX_POINT('',#12439);
#3382=VERTEX_POINT('',#12445);
#3383=VERTEX_POINT('',#12452);
#3384=VERTEX_POINT('',#12459);
#3385=VERTEX_POINT('',#12465);
#3386=VERTEX_POINT('',#12472);
#3387=VERTEX_POINT('',#12473);
#3388=VERTEX_POINT('',#12475);
#3389=VERTEX_POINT('',#12477);
#3390=VERTEX_POINT('',#12481);
#3391=VERTEX_POINT('',#12483);
#3392=VERTEX_POINT('',#12487);
#3393=VERTEX_POINT('',#12488);
#3394=VERTEX_POINT('',#12496);
#3395=VERTEX_POINT('',#12498);
#3396=VERTEX_POINT('',#12502);
#3397=VERTEX_POINT('',#12506);
#3398=VERTEX_POINT('',#12507);
#3399=VERTEX_POINT('',#12509);
#3400=VERTEX_POINT('',#12511);
#3401=VERTEX_POINT('',#12513);
#3402=VERTEX_POINT('',#12515);
#3403=VERTEX_POINT('',#12517);
#3404=VERTEX_POINT('',#12519);
#3405=VERTEX_POINT('',#12521);
#3406=VERTEX_POINT('',#12523);
#3407=VERTEX_POINT('',#12526);
#3408=VERTEX_POINT('',#12527);
#3409=VERTEX_POINT('',#12529);
#3410=VERTEX_POINT('',#12531);
#3411=VERTEX_POINT('',#12534);
#3412=VERTEX_POINT('',#12535);
#3413=VERTEX_POINT('',#12537);
#3414=VERTEX_POINT('',#12539);
#3415=VERTEX_POINT('',#12541);
#3416=VERTEX_POINT('',#12543);
#3417=VERTEX_POINT('',#12545);
#3418=VERTEX_POINT('',#12547);
#3419=VERTEX_POINT('',#12549);
#3420=VERTEX_POINT('',#12551);
#3421=VERTEX_POINT('',#12553);
#3422=VERTEX_POINT('',#12555);
#3423=VERTEX_POINT('',#12559);
#3424=VERTEX_POINT('',#12561);
#3425=VERTEX_POINT('',#12563);
#3426=VERTEX_POINT('',#12567);
#3427=VERTEX_POINT('',#12572);
#3428=VERTEX_POINT('',#12582);
#3429=VERTEX_POINT('',#12584);
#3430=VERTEX_POINT('',#12588);
#3431=VERTEX_POINT('',#12592);
#3432=VERTEX_POINT('',#12598);
#3433=VERTEX_POINT('',#12600);
#3434=VERTEX_POINT('',#12604);
#3435=VERTEX_POINT('',#12608);
#3436=VERTEX_POINT('',#12609);
#3437=VERTEX_POINT('',#12612);
#3438=VERTEX_POINT('',#12616);
#3439=VERTEX_POINT('',#12620);
#3440=VERTEX_POINT('',#12631);
#3441=VERTEX_POINT('',#12635);
#3442=VERTEX_POINT('',#12638);
#3443=VERTEX_POINT('',#12644);
#3444=VERTEX_POINT('',#12648);
#3445=VERTEX_POINT('',#12651);
#3446=VERTEX_POINT('',#12657);
#3447=VERTEX_POINT('',#12658);
#3448=VERTEX_POINT('',#12660);
#3449=VERTEX_POINT('',#12662);
#3450=VERTEX_POINT('',#12664);
#3451=VERTEX_POINT('',#12666);
#3452=VERTEX_POINT('',#12668);
#3453=VERTEX_POINT('',#12670);
#3454=VERTEX_POINT('',#12672);
#3455=VERTEX_POINT('',#12674);
#3456=VERTEX_POINT('',#12676);
#3457=VERTEX_POINT('',#12678);
#3458=VERTEX_POINT('',#12680);
#3459=VERTEX_POINT('',#12682);
#3460=VERTEX_POINT('',#12684);
#3461=VERTEX_POINT('',#12686);
#3462=VERTEX_POINT('',#12688);
#3463=VERTEX_POINT('',#12690);
#3464=VERTEX_POINT('',#12692);
#3465=VERTEX_POINT('',#12694);
#3466=VERTEX_POINT('',#12696);
#3467=VERTEX_POINT('',#12698);
#3468=VERTEX_POINT('',#12700);
#3469=VERTEX_POINT('',#12702);
#3470=VERTEX_POINT('',#12704);
#3471=VERTEX_POINT('',#12706);
#3472=VERTEX_POINT('',#12708);
#3473=VERTEX_POINT('',#12710);
#3474=VERTEX_POINT('',#12712);
#3475=VERTEX_POINT('',#12714);
#3476=VERTEX_POINT('',#12716);
#3477=VERTEX_POINT('',#12718);
#3478=VERTEX_POINT('',#12722);
#3479=VERTEX_POINT('',#12723);
#3480=VERTEX_POINT('',#12726);
#3481=VERTEX_POINT('',#12728);
#3482=VERTEX_POINT('',#12736);
#3483=VERTEX_POINT('',#12737);
#3484=VERTEX_POINT('',#12740);
#3485=VERTEX_POINT('',#12742);
#3486=VERTEX_POINT('',#12750);
#3487=VERTEX_POINT('',#12752);
#3488=VERTEX_POINT('',#12754);
#3489=VERTEX_POINT('',#12757);
#3490=VERTEX_POINT('',#12759);
#3491=VERTEX_POINT('',#12762);
#3492=VERTEX_POINT('',#12780);
#3493=VERTEX_POINT('',#12782);
#3494=VERTEX_POINT('',#12784);
#3495=VERTEX_POINT('',#12787);
#3496=VERTEX_POINT('',#12789);
#3497=VERTEX_POINT('',#12792);
#3498=VERTEX_POINT('',#12806);
#3499=VERTEX_POINT('',#12808);
#3500=VERTEX_POINT('',#12822);
#3501=VERTEX_POINT('',#12824);
#3502=VERTEX_POINT('',#12834);
#3503=VERTEX_POINT('',#12842);
#3504=VERTEX_POINT('',#12850);
#3505=VERTEX_POINT('',#12852);
#3506=VERTEX_POINT('',#12862);
#3507=VERTEX_POINT('',#12864);
#3508=VERTEX_POINT('',#12874);
#3509=VERTEX_POINT('',#12876);
#3510=VERTEX_POINT('',#12886);
#3511=VERTEX_POINT('',#12898);
#3512=VERTEX_POINT('',#12900);
#3513=VERTEX_POINT('',#12910);
#3514=VERTEX_POINT('',#12918);
#3515=VERTEX_POINT('',#12920);
#3516=VERTEX_POINT('',#12930);
#3517=VERTEX_POINT('',#12932);
#3518=VERTEX_POINT('',#12942);
#3519=VERTEX_POINT('',#12957);
#3520=VERTEX_POINT('',#12959);
#3521=VERTEX_POINT('',#12969);
#3522=VERTEX_POINT('',#12977);
#3523=VERTEX_POINT('',#12979);
#3524=VERTEX_POINT('',#12989);
#3525=VERTEX_POINT('',#12991);
#3526=VERTEX_POINT('',#13001);
#3527=VERTEX_POINT('',#13016);
#3528=VERTEX_POINT('',#13018);
#3529=VERTEX_POINT('',#13028);
#3530=VERTEX_POINT('',#13100);
#3531=VERTEX_POINT('',#13101);
#3532=VERTEX_POINT('',#13109);
#3533=VERTEX_POINT('',#13117);
#3534=VERTEX_POINT('',#13125);
#3535=VERTEX_POINT('',#13133);
#3536=VERTEX_POINT('',#13141);
#3537=VERTEX_POINT('',#13149);
#3538=VERTEX_POINT('',#13157);
#3539=VERTEX_POINT('',#13159);
#3540=VERTEX_POINT('',#13167);
#3541=VERTEX_POINT('',#13175);
#3542=VERTEX_POINT('',#13183);
#3543=VERTEX_POINT('',#13191);
#3544=VERTEX_POINT('',#13193);
#3545=VERTEX_POINT('',#13195);
#3546=VERTEX_POINT('',#13197);
#3547=VERTEX_POINT('',#13205);
#3548=VERTEX_POINT('',#13213);
#3549=VERTEX_POINT('',#13221);
#3550=VERTEX_POINT('',#13229);
#3551=VERTEX_POINT('',#13237);
#3552=VERTEX_POINT('',#13239);
#3553=VERTEX_POINT('',#13247);
#3554=VERTEX_POINT('',#13255);
#3555=VERTEX_POINT('',#13263);
#3556=VERTEX_POINT('',#13271);
#3557=VERTEX_POINT('',#13273);
#3558=VERTEX_POINT('',#13277);
#3559=VERTEX_POINT('',#13279);
#3560=VERTEX_POINT('',#13292);
#3561=VERTEX_POINT('',#13311);
#3562=VERTEX_POINT('',#13330);
#3563=VERTEX_POINT('',#13349);
#3564=VERTEX_POINT('',#13368);
#3565=VERTEX_POINT('',#13387);
#3566=VERTEX_POINT('',#13406);
#3567=VERTEX_POINT('',#13416);
#3568=VERTEX_POINT('',#13429);
#3569=VERTEX_POINT('',#13448);
#3570=VERTEX_POINT('',#13467);
#3571=VERTEX_POINT('',#13486);
#3572=VERTEX_POINT('',#13496);
#3573=VERTEX_POINT('',#13500);
#3574=VERTEX_POINT('',#13504);
#3575=VERTEX_POINT('',#13517);
#3576=VERTEX_POINT('',#13536);
#3577=VERTEX_POINT('',#13555);
#3578=VERTEX_POINT('',#13574);
#3579=VERTEX_POINT('',#13593);
#3580=VERTEX_POINT('',#13603);
#3581=VERTEX_POINT('',#13616);
#3582=VERTEX_POINT('',#13635);
#3583=VERTEX_POINT('',#13654);
#3584=VERTEX_POINT('',#13673);
#3585=VERTEX_POINT('',#13683);
#3586=VERTEX_POINT('',#13689);
#3587=VERTEX_POINT('',#13693);
#3588=VERTEX_POINT('',#13697);
#3589=VERTEX_POINT('',#13701);
#3590=VERTEX_POINT('',#13705);
#3591=VERTEX_POINT('',#13706);
#3592=VERTEX_POINT('',#13708);
#3593=VERTEX_POINT('',#13710);
#3594=VERTEX_POINT('',#13712);
#3595=VERTEX_POINT('',#13714);
#3596=VERTEX_POINT('',#13716);
#3597=VERTEX_POINT('',#13718);
#3598=VERTEX_POINT('',#13720);
#3599=VERTEX_POINT('',#13722);
#3600=VERTEX_POINT('',#13724);
#3601=VERTEX_POINT('',#13728);
#3602=VERTEX_POINT('',#13732);
#3603=VERTEX_POINT('',#13736);
#3604=VERTEX_POINT('',#13740);
#3605=VERTEX_POINT('',#13744);
#3606=VERTEX_POINT('',#13746);
#3607=VERTEX_POINT('',#13750);
#3608=VERTEX_POINT('',#13754);
#3609=VERTEX_POINT('',#13758);
#3610=VERTEX_POINT('',#13762);
#3611=VERTEX_POINT('',#13766);
#3612=VERTEX_POINT('',#13770);
#3613=VERTEX_POINT('',#13774);
#3614=VERTEX_POINT('',#13778);
#3615=VERTEX_POINT('',#13782);
#3616=VERTEX_POINT('',#13788);
#3617=VERTEX_POINT('',#13791);
#3618=VERTEX_POINT('',#13794);
#3619=VERTEX_POINT('',#13797);
#3620=VERTEX_POINT('',#13800);
#3621=VERTEX_POINT('',#13801);
#3622=VERTEX_POINT('',#13803);
#3623=VERTEX_POINT('',#13805);
#3624=VERTEX_POINT('',#13807);
#3625=VERTEX_POINT('',#13809);
#3626=VERTEX_POINT('',#13811);
#3627=VERTEX_POINT('',#13813);
#3628=VERTEX_POINT('',#13815);
#3629=VERTEX_POINT('',#13817);
#3630=VERTEX_POINT('',#13819);
#3631=VERTEX_POINT('',#13821);
#3632=VERTEX_POINT('',#13825);
#3633=VERTEX_POINT('',#13826);
#3634=VERTEX_POINT('',#13828);
#3635=VERTEX_POINT('',#13833);
#3636=VERTEX_POINT('',#13834);
#3637=VERTEX_POINT('',#13839);
#3638=VERTEX_POINT('',#13840);
#3639=VERTEX_POINT('',#13842);
#3640=VERTEX_POINT('',#13847);
#3641=VERTEX_POINT('',#13848);
#3642=VERTEX_POINT('',#13851);
#3643=VERTEX_POINT('',#13853);
#3644=VERTEX_POINT('',#13857);
#3645=VERTEX_POINT('',#13858);
#3646=VERTEX_POINT('',#13860);
#3647=VERTEX_POINT('',#13865);
#3648=VERTEX_POINT('',#13866);
#3649=VERTEX_POINT('',#13871);
#3650=VERTEX_POINT('',#13872);
#3651=VERTEX_POINT('',#13874);
#3652=VERTEX_POINT('',#13879);
#3653=VERTEX_POINT('',#13880);
#3654=VERTEX_POINT('',#13882);
#3655=VERTEX_POINT('',#13884);
#3656=VERTEX_POINT('',#13890);
#3657=VERTEX_POINT('',#13892);
#3658=VERTEX_POINT('',#13929);
#3659=VERTEX_POINT('',#13931);
#3660=VERTEX_POINT('',#13935);
#3661=VERTEX_POINT('',#13939);
#3662=VERTEX_POINT('',#13943);
#3663=VERTEX_POINT('',#13947);
#3664=VERTEX_POINT('',#13951);
#3665=VERTEX_POINT('',#13955);
#3666=VERTEX_POINT('',#13961);
#3667=VERTEX_POINT('',#13962);
#3668=VERTEX_POINT('',#13964);
#3669=VERTEX_POINT('',#13966);
#3670=VERTEX_POINT('',#13968);
#3671=VERTEX_POINT('',#13970);
#3672=VERTEX_POINT('',#13972);
#3673=VERTEX_POINT('',#13974);
#3674=VERTEX_POINT('',#13978);
#3675=VERTEX_POINT('',#13980);
#3676=VERTEX_POINT('',#13984);
#3677=VERTEX_POINT('',#13988);
#3678=VERTEX_POINT('',#13992);
#3679=VERTEX_POINT('',#13996);
#3680=VERTEX_POINT('',#14000);
#3681=VERTEX_POINT('',#14004);
#3682=EDGE_CURVE('',#2940,#2941,#2804,.T.);
#3683=EDGE_CURVE('',#2941,#2942,#2482,.T.);
#3684=EDGE_CURVE('',#2942,#2943,#2805,.T.);
#3685=EDGE_CURVE('',#2943,#2940,#2483,.T.);
#3686=EDGE_CURVE('',#2943,#2944,#1366,.T.);
#3687=EDGE_CURVE('',#2944,#2945,#2484,.F.);
#3688=EDGE_CURVE('',#2940,#2945,#1367,.T.);
#3689=EDGE_CURVE('',#2946,#2942,#196,.F.);
#3690=EDGE_CURVE('',#2947,#2946,#2806,.T.);
#3691=EDGE_CURVE('',#2948,#2947,#1368,.T.);
#3692=EDGE_CURVE('',#2949,#2948,#197,.T.);
#3693=EDGE_CURVE('',#2949,#2950,#198,.T.);
#3694=EDGE_CURVE('',#2951,#2950,#1369,.F.);
#3695=EDGE_CURVE('',#2952,#2951,#199,.F.);
#3696=EDGE_CURVE('',#2944,#2952,#200,.F.);
#3697=EDGE_CURVE('',#2946,#2953,#2485,.T.);
#3698=EDGE_CURVE('',#2953,#2954,#2807,.T.);
#3699=EDGE_CURVE('',#2954,#2947,#2486,.T.);
#3700=EDGE_CURVE('',#2954,#2955,#1370,.F.);
#3701=EDGE_CURVE('',#2955,#2948,#2487,.F.);
#3702=EDGE_CURVE('',#2956,#2957,#2808,.T.);
#3703=EDGE_CURVE('',#2957,#2958,#2488,.T.);
#3704=EDGE_CURVE('',#2958,#2959,#2809,.T.);
#3705=EDGE_CURVE('',#2959,#2956,#2489,.T.);
#3706=EDGE_CURVE('',#2957,#2960,#201,.F.);
#3707=EDGE_CURVE('',#2961,#2960,#2490,.T.);
#3708=EDGE_CURVE('',#2958,#2961,#202,.T.);
#3709=EDGE_CURVE('',#2962,#2956,#1371,.T.);
#3710=EDGE_CURVE('',#2963,#2962,#203,.F.);
#3711=EDGE_CURVE('',#2963,#2964,#204,.T.);
#3712=EDGE_CURVE('',#2965,#2964,#1372,.F.);
#3713=EDGE_CURVE('',#2965,#2966,#205,.T.);
#3714=EDGE_CURVE('',#2967,#2966,#206,.T.);
#3715=EDGE_CURVE('',#2968,#2967,#1373,.T.);
#3716=EDGE_CURVE('',#2960,#2968,#2810,.T.);
#3717=EDGE_CURVE('',#2969,#2961,#2811,.T.);
#3718=EDGE_CURVE('',#2968,#2969,#2491,.T.);
#3719=EDGE_CURVE('',#2967,#2970,#2492,.F.);
#3720=EDGE_CURVE('',#2970,#2969,#1374,.F.);
#3721=EDGE_CURVE('',#2971,#2972,#2812,.T.);
#3722=EDGE_CURVE('',#2972,#2973,#2493,.T.);
#3723=EDGE_CURVE('',#2973,#2974,#2813,.T.);
#3724=EDGE_CURVE('',#2974,#2971,#2494,.T.);
#3725=EDGE_CURVE('',#2972,#2975,#207,.F.);
#3726=EDGE_CURVE('',#2976,#2975,#2495,.T.);
#3727=EDGE_CURVE('',#2973,#2976,#208,.T.);
#3728=EDGE_CURVE('',#2977,#2971,#1375,.T.);
#3729=EDGE_CURVE('',#2978,#2977,#209,.F.);
#3730=EDGE_CURVE('',#2978,#2979,#210,.T.);
#3731=EDGE_CURVE('',#2980,#2979,#1376,.F.);
#3732=EDGE_CURVE('',#2980,#2981,#211,.T.);
#3733=EDGE_CURVE('',#2982,#2981,#212,.T.);
#3734=EDGE_CURVE('',#2983,#2982,#1377,.T.);
#3735=EDGE_CURVE('',#2975,#2983,#2814,.T.);
#3736=EDGE_CURVE('',#2984,#2976,#2815,.T.);
#3737=EDGE_CURVE('',#2983,#2984,#2496,.T.);
#3738=EDGE_CURVE('',#2982,#2985,#2497,.F.);
#3739=EDGE_CURVE('',#2985,#2984,#1378,.F.);
#3740=EDGE_CURVE('',#2986,#2987,#2816,.T.);
#3741=EDGE_CURVE('',#2987,#2988,#2498,.T.);
#3742=EDGE_CURVE('',#2988,#2989,#2817,.T.);
#3743=EDGE_CURVE('',#2989,#2986,#2499,.T.);
#3744=EDGE_CURVE('',#2990,#2988,#213,.F.);
#3745=EDGE_CURVE('',#2991,#2990,#2818,.T.);
#3746=EDGE_CURVE('',#2992,#2991,#1379,.T.);
#3747=EDGE_CURVE('',#2993,#2992,#214,.T.);
#3748=EDGE_CURVE('',#2993,#2994,#215,.T.);
#3749=EDGE_CURVE('',#2995,#2994,#1380,.F.);
#3750=EDGE_CURVE('',#2996,#2995,#216,.F.);
#3751=EDGE_CURVE('',#2997,#2996,#217,.F.);
#3752=EDGE_CURVE('',#2989,#2997,#1381,.T.);
#3753=EDGE_CURVE('',#2998,#2987,#218,.T.);
#3754=EDGE_CURVE('',#2990,#2998,#2500,.T.);
#3755=EDGE_CURVE('',#2998,#2999,#2819,.T.);
#3756=EDGE_CURVE('',#2999,#2991,#2501,.T.);
#3757=EDGE_CURVE('',#3000,#3001,#2820,.T.);
#3758=EDGE_CURVE('',#3001,#3002,#2502,.T.);
#3759=EDGE_CURVE('',#3002,#3003,#2821,.T.);
#3760=EDGE_CURVE('',#3003,#3000,#2503,.T.);
#3761=EDGE_CURVE('',#3003,#3004,#1382,.T.);
#3762=EDGE_CURVE('',#3004,#3005,#2504,.F.);
#3763=EDGE_CURVE('',#3005,#3000,#1383,.T.);
#3764=EDGE_CURVE('',#3006,#3002,#219,.F.);
#3765=EDGE_CURVE('',#3007,#3006,#2822,.T.);
#3766=EDGE_CURVE('',#3008,#3007,#1384,.T.);
#3767=EDGE_CURVE('',#3009,#3008,#220,.T.);
#3768=EDGE_CURVE('',#3009,#3010,#221,.T.);
#3769=EDGE_CURVE('',#3011,#3010,#1385,.F.);
#3770=EDGE_CURVE('',#3012,#3011,#222,.F.);
#3771=EDGE_CURVE('',#3004,#3012,#223,.F.);
#3772=EDGE_CURVE('',#3006,#3013,#2505,.T.);
#3773=EDGE_CURVE('',#3013,#3014,#2823,.T.);
#3774=EDGE_CURVE('',#3014,#3007,#2506,.T.);
#3775=EDGE_CURVE('',#3014,#3015,#1386,.T.);
#3776=EDGE_CURVE('',#3015,#3008,#2507,.F.);
#3777=EDGE_CURVE('',#3016,#3017,#2824,.T.);
#3778=EDGE_CURVE('',#3017,#3018,#2508,.T.);
#3779=EDGE_CURVE('',#3018,#3019,#2825,.T.);
#3780=EDGE_CURVE('',#3019,#3016,#2509,.T.);
#3781=EDGE_CURVE('',#3020,#3017,#224,.T.);
#3782=EDGE_CURVE('',#3021,#3020,#2510,.T.);
#3783=EDGE_CURVE('',#3018,#3021,#225,.T.);
#3784=EDGE_CURVE('',#3022,#3016,#1387,.F.);
#3785=EDGE_CURVE('',#3023,#3022,#226,.F.);
#3786=EDGE_CURVE('',#3023,#3024,#227,.T.);
#3787=EDGE_CURVE('',#3025,#3024,#1388,.F.);
#3788=EDGE_CURVE('',#3025,#3026,#228,.T.);
#3789=EDGE_CURVE('',#3027,#3026,#229,.T.);
#3790=EDGE_CURVE('',#3028,#3027,#1389,.F.);
#3791=EDGE_CURVE('',#3020,#3028,#2826,.T.);
#3792=EDGE_CURVE('',#3029,#3021,#2827,.T.);
#3793=EDGE_CURVE('',#3028,#3029,#2511,.T.);
#3794=EDGE_CURVE('',#3027,#3030,#2512,.F.);
#3795=EDGE_CURVE('',#3030,#3029,#1390,.F.);
#3796=EDGE_CURVE('',#3031,#3032,#2828,.T.);
#3797=EDGE_CURVE('',#3032,#3033,#2513,.T.);
#3798=EDGE_CURVE('',#3033,#3034,#2829,.T.);
#3799=EDGE_CURVE('',#3034,#3031,#2514,.T.);
#3800=EDGE_CURVE('',#3035,#3033,#230,.F.);
#3801=EDGE_CURVE('',#3036,#3035,#2830,.T.);
#3802=EDGE_CURVE('',#3037,#3036,#1391,.T.);
#3803=EDGE_CURVE('',#3038,#3037,#231,.T.);
#3804=EDGE_CURVE('',#3038,#3039,#232,.T.);
#3805=EDGE_CURVE('',#3040,#3039,#1392,.F.);
#3806=EDGE_CURVE('',#3041,#3040,#233,.F.);
#3807=EDGE_CURVE('',#3042,#3041,#234,.F.);
#3808=EDGE_CURVE('',#3034,#3042,#1393,.T.);
#3809=EDGE_CURVE('',#3043,#3032,#235,.T.);
#3810=EDGE_CURVE('',#3035,#3043,#2515,.T.);
#3811=EDGE_CURVE('',#3043,#3044,#2831,.T.);
#3812=EDGE_CURVE('',#3044,#3036,#2516,.T.);
#3813=EDGE_CURVE('',#3045,#3046,#2832,.T.);
#3814=EDGE_CURVE('',#3046,#3047,#2517,.T.);
#3815=EDGE_CURVE('',#3047,#3048,#2833,.T.);
#3816=EDGE_CURVE('',#3048,#3045,#2518,.T.);
#3817=EDGE_CURVE('',#3048,#3049,#1394,.F.);
#3818=EDGE_CURVE('',#3049,#3050,#2519,.F.);
#3819=EDGE_CURVE('',#3050,#3045,#1395,.T.);
#3820=EDGE_CURVE('',#3047,#3051,#236,.T.);
#3821=EDGE_CURVE('',#3052,#3051,#2834,.T.);
#3822=EDGE_CURVE('',#3053,#3052,#1396,.F.);
#3823=EDGE_CURVE('',#3054,#3053,#237,.T.);
#3824=EDGE_CURVE('',#3054,#3055,#238,.T.);
#3825=EDGE_CURVE('',#3056,#3055,#1397,.F.);
#3826=EDGE_CURVE('',#3057,#3056,#239,.F.);
#3827=EDGE_CURVE('',#3049,#3057,#240,.F.);
#3828=EDGE_CURVE('',#3051,#3058,#2520,.T.);
#3829=EDGE_CURVE('',#3058,#3059,#2835,.T.);
#3830=EDGE_CURVE('',#3059,#3052,#2521,.T.);
#3831=EDGE_CURVE('',#3059,#3060,#1398,.T.);
#3832=EDGE_CURVE('',#3060,#3053,#2522,.F.);
#3833=EDGE_CURVE('',#3061,#3062,#2836,.T.);
#3834=EDGE_CURVE('',#3062,#3063,#2523,.T.);
#3835=EDGE_CURVE('',#3063,#3064,#2837,.T.);
#3836=EDGE_CURVE('',#3064,#3061,#2524,.T.);
#3837=EDGE_CURVE('',#3065,#3062,#241,.T.);
#3838=EDGE_CURVE('',#3066,#3065,#2525,.T.);
#3839=EDGE_CURVE('',#3066,#3063,#242,.F.);
#3840=EDGE_CURVE('',#3067,#3061,#1399,.T.);
#3841=EDGE_CURVE('',#3068,#3067,#243,.F.);
#3842=EDGE_CURVE('',#3068,#3069,#244,.T.);
#3843=EDGE_CURVE('',#3070,#3069,#1400,.F.);
#3844=EDGE_CURVE('',#3070,#3071,#245,.T.);
#3845=EDGE_CURVE('',#3072,#3071,#246,.T.);
#3846=EDGE_CURVE('',#3073,#3072,#1401,.T.);
#3847=EDGE_CURVE('',#3065,#3073,#2838,.T.);
#3848=EDGE_CURVE('',#3074,#3066,#2839,.T.);
#3849=EDGE_CURVE('',#3073,#3074,#2526,.T.);
#3850=EDGE_CURVE('',#3072,#3075,#2527,.F.);
#3851=EDGE_CURVE('',#3075,#3074,#1402,.T.);
#3852=EDGE_CURVE('',#3076,#3077,#2840,.T.);
#3853=EDGE_CURVE('',#3077,#3078,#2528,.T.);
#3854=EDGE_CURVE('',#3078,#3079,#2841,.T.);
#3855=EDGE_CURVE('',#3079,#3076,#2529,.T.);
#3856=EDGE_CURVE('',#3079,#3080,#1403,.T.);
#3857=EDGE_CURVE('',#3080,#3081,#2530,.F.);
#3858=EDGE_CURVE('',#3076,#3081,#1404,.T.);
#3859=EDGE_CURVE('',#3082,#3078,#247,.F.);
#3860=EDGE_CURVE('',#3083,#3082,#2842,.T.);
#3861=EDGE_CURVE('',#3084,#3083,#1405,.T.);
#3862=EDGE_CURVE('',#3085,#3084,#248,.T.);
#3863=EDGE_CURVE('',#3085,#3086,#249,.T.);
#3864=EDGE_CURVE('',#3087,#3086,#1406,.F.);
#3865=EDGE_CURVE('',#3088,#3087,#250,.F.);
#3866=EDGE_CURVE('',#3080,#3088,#251,.F.);
#3867=EDGE_CURVE('',#3082,#3089,#2531,.T.);
#3868=EDGE_CURVE('',#3089,#3090,#2843,.T.);
#3869=EDGE_CURVE('',#3090,#3083,#2532,.T.);
#3870=EDGE_CURVE('',#3090,#3091,#1407,.F.);
#3871=EDGE_CURVE('',#3091,#3084,#2533,.F.);
#3872=EDGE_CURVE('',#3092,#3093,#2844,.T.);
#3873=EDGE_CURVE('',#3093,#3094,#2534,.T.);
#3874=EDGE_CURVE('',#3094,#3095,#2845,.T.);
#3875=EDGE_CURVE('',#3095,#3092,#2535,.T.);
#3876=EDGE_CURVE('',#3093,#3096,#252,.F.);
#3877=EDGE_CURVE('',#3097,#3096,#2536,.T.);
#3878=EDGE_CURVE('',#3097,#3094,#253,.F.);
#3879=EDGE_CURVE('',#3098,#3092,#1408,.T.);
#3880=EDGE_CURVE('',#3099,#3098,#254,.F.);
#3881=EDGE_CURVE('',#3099,#3100,#255,.T.);
#3882=EDGE_CURVE('',#3101,#3100,#1409,.F.);
#3883=EDGE_CURVE('',#3101,#3102,#256,.T.);
#3884=EDGE_CURVE('',#3103,#3102,#257,.T.);
#3885=EDGE_CURVE('',#3104,#3103,#1410,.T.);
#3886=EDGE_CURVE('',#3096,#3104,#2846,.T.);
#3887=EDGE_CURVE('',#3105,#3097,#2847,.T.);
#3888=EDGE_CURVE('',#3104,#3105,#2537,.T.);
#3889=EDGE_CURVE('',#3103,#3106,#2538,.F.);
#3890=EDGE_CURVE('',#3106,#3105,#1411,.T.);
#3891=EDGE_CURVE('',#3107,#3108,#2848,.T.);
#3892=EDGE_CURVE('',#3108,#3109,#2539,.T.);
#3893=EDGE_CURVE('',#3109,#3110,#2849,.T.);
#3894=EDGE_CURVE('',#3110,#3107,#2540,.T.);
#3895=EDGE_CURVE('',#3111,#3108,#258,.T.);
#3896=EDGE_CURVE('',#3112,#3111,#2541,.T.);
#3897=EDGE_CURVE('',#3112,#3109,#259,.F.);
#3898=EDGE_CURVE('',#3113,#3107,#1412,.F.);
#3899=EDGE_CURVE('',#3114,#3113,#260,.F.);
#3900=EDGE_CURVE('',#3114,#3115,#261,.T.);
#3901=EDGE_CURVE('',#3116,#3115,#1413,.F.);
#3902=EDGE_CURVE('',#3116,#3117,#262,.T.);
#3903=EDGE_CURVE('',#3118,#3117,#263,.T.);
#3904=EDGE_CURVE('',#3119,#3118,#1414,.F.);
#3905=EDGE_CURVE('',#3111,#3119,#2850,.T.);
#3906=EDGE_CURVE('',#3120,#3112,#2851,.T.);
#3907=EDGE_CURVE('',#3119,#3120,#2542,.T.);
#3908=EDGE_CURVE('',#3118,#3121,#2543,.F.);
#3909=EDGE_CURVE('',#3121,#3120,#1415,.F.);
#3910=EDGE_CURVE('',#3122,#3123,#2852,.T.);
#3911=EDGE_CURVE('',#3123,#3124,#2544,.T.);
#3912=EDGE_CURVE('',#3124,#3125,#2853,.T.);
#3913=EDGE_CURVE('',#3125,#3122,#2545,.T.);
#3914=EDGE_CURVE('',#3126,#3123,#264,.T.);
#3915=EDGE_CURVE('',#3127,#3126,#2546,.T.);
#3916=EDGE_CURVE('',#3127,#3124,#265,.F.);
#3917=EDGE_CURVE('',#3122,#3128,#1416,.F.);
#3918=EDGE_CURVE('',#3129,#3128,#266,.F.);
#3919=EDGE_CURVE('',#3129,#3130,#267,.T.);
#3920=EDGE_CURVE('',#3131,#3130,#1417,.F.);
#3921=EDGE_CURVE('',#3131,#3132,#268,.T.);
#3922=EDGE_CURVE('',#3133,#3132,#269,.T.);
#3923=EDGE_CURVE('',#3134,#3133,#1418,.T.);
#3924=EDGE_CURVE('',#3126,#3134,#2854,.T.);
#3925=EDGE_CURVE('',#3135,#3127,#2855,.T.);
#3926=EDGE_CURVE('',#3134,#3135,#2547,.T.);
#3927=EDGE_CURVE('',#3133,#3136,#2548,.F.);
#3928=EDGE_CURVE('',#3136,#3135,#1419,.T.);
#3929=EDGE_CURVE('',#3137,#3138,#2856,.T.);
#3930=EDGE_CURVE('',#3138,#3139,#2549,.T.);
#3931=EDGE_CURVE('',#3139,#3140,#2857,.T.);
#3932=EDGE_CURVE('',#3140,#3137,#2550,.T.);
#3933=EDGE_CURVE('',#3138,#3141,#270,.F.);
#3934=EDGE_CURVE('',#3142,#3141,#2551,.T.);
#3935=EDGE_CURVE('',#3139,#3142,#271,.T.);
#3936=EDGE_CURVE('',#3143,#3137,#1420,.T.);
#3937=EDGE_CURVE('',#3144,#3143,#272,.F.);
#3938=EDGE_CURVE('',#3144,#3145,#273,.T.);
#3939=EDGE_CURVE('',#3146,#3145,#1421,.F.);
#3940=EDGE_CURVE('',#3146,#3147,#274,.T.);
#3941=EDGE_CURVE('',#3148,#3147,#275,.T.);
#3942=EDGE_CURVE('',#3149,#3148,#1422,.T.);
#3943=EDGE_CURVE('',#3141,#3149,#2858,.T.);
#3944=EDGE_CURVE('',#3150,#3142,#2859,.T.);
#3945=EDGE_CURVE('',#3149,#3150,#2552,.T.);
#3946=EDGE_CURVE('',#3148,#3151,#2553,.F.);
#3947=EDGE_CURVE('',#3151,#3150,#1423,.F.);
#3948=EDGE_CURVE('',#3152,#3153,#2860,.T.);
#3949=EDGE_CURVE('',#3153,#3154,#2554,.T.);
#3950=EDGE_CURVE('',#3154,#3155,#2861,.T.);
#3951=EDGE_CURVE('',#3155,#3152,#2555,.T.);
#3952=EDGE_CURVE('',#3155,#3156,#1424,.T.);
#3953=EDGE_CURVE('',#3156,#3157,#2556,.F.);
#3954=EDGE_CURVE('',#3157,#3152,#1425,.T.);
#3955=EDGE_CURVE('',#3158,#3154,#276,.F.);
#3956=EDGE_CURVE('',#3159,#3158,#2862,.T.);
#3957=EDGE_CURVE('',#3160,#3159,#1426,.T.);
#3958=EDGE_CURVE('',#3161,#3160,#277,.T.);
#3959=EDGE_CURVE('',#3161,#3162,#278,.T.);
#3960=EDGE_CURVE('',#3163,#3162,#1427,.F.);
#3961=EDGE_CURVE('',#3164,#3163,#279,.F.);
#3962=EDGE_CURVE('',#3156,#3164,#280,.F.);
#3963=EDGE_CURVE('',#3158,#3165,#2557,.T.);
#3964=EDGE_CURVE('',#3165,#3166,#2863,.T.);
#3965=EDGE_CURVE('',#3166,#3159,#2558,.T.);
#3966=EDGE_CURVE('',#3166,#3167,#1428,.T.);
#3967=EDGE_CURVE('',#3167,#3160,#2559,.F.);
#3968=EDGE_CURVE('',#3168,#3157,#281,.F.);
#3969=EDGE_CURVE('',#3168,#3169,#282,.T.);
#3970=EDGE_CURVE('',#3170,#3169,#1429,.F.);
#3971=EDGE_CURVE('',#3170,#3171,#283,.T.);
#3972=EDGE_CURVE('',#3167,#3171,#284,.T.);
#3973=EDGE_CURVE('',#3153,#3165,#285,.F.);
#3974=EDGE_CURVE('',#3172,#3173,#2864,.T.);
#3975=EDGE_CURVE('',#3173,#3174,#2560,.T.);
#3976=EDGE_CURVE('',#3174,#3175,#2865,.T.);
#3977=EDGE_CURVE('',#3175,#3172,#2561,.T.);
#3978=EDGE_CURVE('',#3175,#3176,#1430,.T.);
#3979=EDGE_CURVE('',#3176,#3177,#2562,.F.);
#3980=EDGE_CURVE('',#3177,#3172,#1431,.F.);
#3981=EDGE_CURVE('',#3178,#3174,#286,.F.);
#3982=EDGE_CURVE('',#3179,#3178,#2866,.T.);
#3983=EDGE_CURVE('',#3180,#3179,#1432,.T.);
#3984=EDGE_CURVE('',#3181,#3180,#287,.T.);
#3985=EDGE_CURVE('',#3181,#3182,#288,.T.);
#3986=EDGE_CURVE('',#3183,#3182,#1433,.F.);
#3987=EDGE_CURVE('',#3184,#3183,#289,.F.);
#3988=EDGE_CURVE('',#3176,#3184,#290,.F.);
#3989=EDGE_CURVE('',#3178,#3185,#2563,.T.);
#3990=EDGE_CURVE('',#3185,#3186,#2867,.T.);
#3991=EDGE_CURVE('',#3186,#3179,#2564,.T.);
#3992=EDGE_CURVE('',#3186,#3187,#1434,.F.);
#3993=EDGE_CURVE('',#3187,#3180,#2565,.F.);
#3994=EDGE_CURVE('',#3188,#3189,#2868,.T.);
#3995=EDGE_CURVE('',#3189,#3190,#2566,.T.);
#3996=EDGE_CURVE('',#3190,#3191,#2869,.T.);
#3997=EDGE_CURVE('',#3191,#3188,#2567,.T.);
#3998=EDGE_CURVE('',#3189,#3192,#291,.F.);
#3999=EDGE_CURVE('',#3193,#3192,#2568,.T.);
#4000=EDGE_CURVE('',#3193,#3190,#292,.F.);
#4001=EDGE_CURVE('',#3194,#3188,#1435,.T.);
#4002=EDGE_CURVE('',#3195,#3194,#293,.F.);
#4003=EDGE_CURVE('',#3195,#3196,#294,.T.);
#4004=EDGE_CURVE('',#3197,#3196,#1436,.F.);
#4005=EDGE_CURVE('',#3197,#3198,#295,.T.);
#4006=EDGE_CURVE('',#3199,#3198,#296,.T.);
#4007=EDGE_CURVE('',#3200,#3199,#1437,.T.);
#4008=EDGE_CURVE('',#3192,#3200,#2870,.T.);
#4009=EDGE_CURVE('',#3201,#3193,#2871,.T.);
#4010=EDGE_CURVE('',#3200,#3201,#2569,.T.);
#4011=EDGE_CURVE('',#3199,#3202,#2570,.F.);
#4012=EDGE_CURVE('',#3202,#3201,#1438,.T.);
#4013=EDGE_CURVE('',#3203,#3204,#2872,.T.);
#4014=EDGE_CURVE('',#3204,#3205,#2571,.T.);
#4015=EDGE_CURVE('',#3205,#3206,#2873,.T.);
#4016=EDGE_CURVE('',#3206,#3203,#2572,.T.);
#4017=EDGE_CURVE('',#3206,#3207,#1439,.F.);
#4018=EDGE_CURVE('',#3207,#3208,#2573,.F.);
#4019=EDGE_CURVE('',#3208,#3203,#1440,.F.);
#4020=EDGE_CURVE('',#3209,#3205,#297,.F.);
#4021=EDGE_CURVE('',#3210,#3209,#2874,.T.);
#4022=EDGE_CURVE('',#3211,#3210,#1441,.F.);
#4023=EDGE_CURVE('',#3212,#3211,#298,.T.);
#4024=EDGE_CURVE('',#3212,#3213,#299,.T.);
#4025=EDGE_CURVE('',#3214,#3213,#1442,.F.);
#4026=EDGE_CURVE('',#3215,#3214,#300,.F.);
#4027=EDGE_CURVE('',#3207,#3215,#301,.F.);
#4028=EDGE_CURVE('',#3209,#3216,#2574,.T.);
#4029=EDGE_CURVE('',#3216,#3217,#2875,.T.);
#4030=EDGE_CURVE('',#3217,#3210,#2575,.T.);
#4031=EDGE_CURVE('',#3217,#3218,#1443,.F.);
#4032=EDGE_CURVE('',#3218,#3211,#2576,.F.);
#4033=EDGE_CURVE('',#3219,#3220,#2876,.T.);
#4034=EDGE_CURVE('',#3220,#3221,#2577,.T.);
#4035=EDGE_CURVE('',#3221,#3222,#2877,.T.);
#4036=EDGE_CURVE('',#3222,#3219,#2578,.T.);
#4037=EDGE_CURVE('',#3222,#3223,#1444,.T.);
#4038=EDGE_CURVE('',#3223,#3224,#2579,.F.);
#4039=EDGE_CURVE('',#3224,#3219,#1445,.T.);
#4040=EDGE_CURVE('',#3225,#3221,#302,.F.);
#4041=EDGE_CURVE('',#3226,#3225,#2878,.T.);
#4042=EDGE_CURVE('',#3227,#3226,#1446,.T.);
#4043=EDGE_CURVE('',#3228,#3227,#303,.T.);
#4044=EDGE_CURVE('',#3228,#3229,#304,.T.);
#4045=EDGE_CURVE('',#3230,#3229,#1447,.F.);
#4046=EDGE_CURVE('',#3231,#3230,#305,.F.);
#4047=EDGE_CURVE('',#3223,#3231,#306,.F.);
#4048=EDGE_CURVE('',#3232,#3233,#2879,.T.);
#4049=EDGE_CURVE('',#3233,#3226,#2580,.T.);
#4050=EDGE_CURVE('',#3225,#3232,#2581,.T.);
#4051=EDGE_CURVE('',#3233,#3234,#1448,.T.);
#4052=EDGE_CURVE('',#3234,#3227,#2582,.F.);
#4053=EDGE_CURVE('',#3235,#3224,#307,.F.);
#4054=EDGE_CURVE('',#3235,#3236,#308,.T.);
#4055=EDGE_CURVE('',#3237,#3236,#1449,.F.);
#4056=EDGE_CURVE('',#3237,#3238,#309,.T.);
#4057=EDGE_CURVE('',#3234,#3238,#310,.T.);
#4058=EDGE_CURVE('',#3232,#3220,#311,.T.);
#4059=EDGE_CURVE('',#3239,#3240,#2880,.T.);
#4060=EDGE_CURVE('',#3240,#3241,#2583,.T.);
#4061=EDGE_CURVE('',#3241,#3242,#2881,.T.);
#4062=EDGE_CURVE('',#3242,#3239,#2584,.T.);
#4063=EDGE_CURVE('',#3242,#3243,#1450,.T.);
#4064=EDGE_CURVE('',#3243,#3244,#2585,.F.);
#4065=EDGE_CURVE('',#3244,#3239,#1451,.F.);
#4066=EDGE_CURVE('',#3245,#3241,#312,.F.);
#4067=EDGE_CURVE('',#3246,#3245,#2882,.T.);
#4068=EDGE_CURVE('',#3247,#3246,#1452,.T.);
#4069=EDGE_CURVE('',#3248,#3247,#313,.T.);
#4070=EDGE_CURVE('',#3248,#3249,#314,.T.);
#4071=EDGE_CURVE('',#3250,#3249,#1453,.F.);
#4072=EDGE_CURVE('',#3251,#3250,#315,.F.);
#4073=EDGE_CURVE('',#3243,#3251,#316,.F.);
#4074=EDGE_CURVE('',#3252,#3253,#2883,.T.);
#4075=EDGE_CURVE('',#3253,#3246,#2586,.T.);
#4076=EDGE_CURVE('',#3245,#3252,#2587,.T.);
#4077=EDGE_CURVE('',#3253,#3254,#1454,.T.);
#4078=EDGE_CURVE('',#3254,#3247,#2588,.F.);
#4079=EDGE_CURVE('',#3255,#3256,#2884,.T.);
#4080=EDGE_CURVE('',#3256,#3257,#2589,.T.);
#4081=EDGE_CURVE('',#3257,#3258,#2885,.T.);
#4082=EDGE_CURVE('',#3258,#3255,#2590,.T.);
#4083=EDGE_CURVE('',#3259,#3256,#317,.T.);
#4084=EDGE_CURVE('',#3260,#3259,#2591,.T.);
#4085=EDGE_CURVE('',#3260,#3257,#318,.F.);
#4086=EDGE_CURVE('',#3261,#3255,#1455,.T.);
#4087=EDGE_CURVE('',#3262,#3261,#319,.F.);
#4088=EDGE_CURVE('',#3262,#3263,#320,.T.);
#4089=EDGE_CURVE('',#3264,#3263,#1456,.F.);
#4090=EDGE_CURVE('',#3264,#3265,#321,.T.);
#4091=EDGE_CURVE('',#3266,#3265,#322,.T.);
#4092=EDGE_CURVE('',#3267,#3266,#1457,.T.);
#4093=EDGE_CURVE('',#3259,#3267,#2886,.T.);
#4094=EDGE_CURVE('',#3267,#3268,#2592,.T.);
#4095=EDGE_CURVE('',#3268,#3260,#2887,.T.);
#4096=EDGE_CURVE('',#3266,#3269,#2593,.F.);
#4097=EDGE_CURVE('',#3269,#3268,#1458,.T.);
#4098=EDGE_CURVE('',#3270,#3271,#2888,.T.);
#4099=EDGE_CURVE('',#3271,#3272,#2594,.T.);
#4100=EDGE_CURVE('',#3272,#3273,#2889,.T.);
#4101=EDGE_CURVE('',#3273,#3270,#2595,.T.);
#4102=EDGE_CURVE('',#3271,#3274,#323,.F.);
#4103=EDGE_CURVE('',#3275,#3274,#2596,.T.);
#4104=EDGE_CURVE('',#3272,#3275,#324,.T.);
#4105=EDGE_CURVE('',#3276,#3270,#1459,.T.);
#4106=EDGE_CURVE('',#3277,#3276,#325,.F.);
#4107=EDGE_CURVE('',#3277,#3278,#326,.T.);
#4108=EDGE_CURVE('',#3279,#3278,#1460,.F.);
#4109=EDGE_CURVE('',#3279,#3280,#327,.T.);
#4110=EDGE_CURVE('',#3281,#3280,#328,.T.);
#4111=EDGE_CURVE('',#3282,#3281,#1461,.T.);
#4112=EDGE_CURVE('',#3274,#3282,#2890,.T.);
#4113=EDGE_CURVE('',#3282,#3283,#2597,.T.);
#4114=EDGE_CURVE('',#3283,#3275,#2891,.T.);
#4115=EDGE_CURVE('',#3281,#3284,#2598,.F.);
#4116=EDGE_CURVE('',#3284,#3283,#1462,.F.);
#4117=EDGE_CURVE('',#3285,#3286,#2892,.T.);
#4118=EDGE_CURVE('',#3286,#3287,#2599,.T.);
#4119=EDGE_CURVE('',#3287,#3288,#2893,.T.);
#4120=EDGE_CURVE('',#3288,#3285,#2600,.T.);
#4121=EDGE_CURVE('',#3286,#3289,#329,.F.);
#4122=EDGE_CURVE('',#3290,#3289,#2601,.T.);
#4123=EDGE_CURVE('',#3290,#3287,#330,.F.);
#4124=EDGE_CURVE('',#3291,#3285,#1463,.T.);
#4125=EDGE_CURVE('',#3292,#3291,#331,.F.);
#4126=EDGE_CURVE('',#3292,#3293,#332,.T.);
#4127=EDGE_CURVE('',#3294,#3293,#1464,.F.);
#4128=EDGE_CURVE('',#3294,#3295,#333,.T.);
#4129=EDGE_CURVE('',#3296,#3295,#334,.T.);
#4130=EDGE_CURVE('',#3297,#3296,#1465,.T.);
#4131=EDGE_CURVE('',#3289,#3297,#2894,.T.);
#4132=EDGE_CURVE('',#3297,#3298,#2602,.T.);
#4133=EDGE_CURVE('',#3298,#3290,#2895,.T.);
#4134=EDGE_CURVE('',#3296,#3299,#2603,.F.);
#4135=EDGE_CURVE('',#3299,#3298,#1466,.T.);
#4136=EDGE_CURVE('',#3300,#3301,#2896,.T.);
#4137=EDGE_CURVE('',#3301,#3302,#2604,.T.);
#4138=EDGE_CURVE('',#3302,#3303,#2897,.T.);
#4139=EDGE_CURVE('',#3303,#3300,#2605,.T.);
#4140=EDGE_CURVE('',#3303,#3304,#1467,.F.);
#4141=EDGE_CURVE('',#3304,#3305,#2606,.F.);
#4142=EDGE_CURVE('',#3300,#3305,#1468,.T.);
#4143=EDGE_CURVE('',#3302,#3306,#335,.T.);
#4144=EDGE_CURVE('',#3307,#3306,#2898,.T.);
#4145=EDGE_CURVE('',#3308,#3307,#1469,.T.);
#4146=EDGE_CURVE('',#3309,#3308,#336,.T.);
#4147=EDGE_CURVE('',#3309,#3310,#337,.T.);
#4148=EDGE_CURVE('',#3311,#3310,#1470,.F.);
#4149=EDGE_CURVE('',#3312,#3311,#338,.F.);
#4150=EDGE_CURVE('',#3304,#3312,#339,.F.);
#4151=EDGE_CURVE('',#3313,#3314,#2899,.T.);
#4152=EDGE_CURVE('',#3314,#3307,#2607,.T.);
#4153=EDGE_CURVE('',#3306,#3313,#2608,.T.);
#4154=EDGE_CURVE('',#3314,#3315,#1471,.F.);
#4155=EDGE_CURVE('',#3315,#3308,#2609,.F.);
#4156=EDGE_CURVE('',#2994,#3316,#2610,.T.);
#4157=EDGE_CURVE('',#3316,#3317,#1472,.F.);
#4158=EDGE_CURVE('',#3317,#2995,#2611,.T.);
#4159=EDGE_CURVE('',#3318,#3318,#2612,.T.);
#4160=EDGE_CURVE('',#3316,#3319,#340,.T.);
#4161=EDGE_CURVE('',#3319,#2993,#2613,.F.);
#4162=EDGE_CURVE('',#3320,#3321,#341,.T.);
#4163=EDGE_CURVE('',#3010,#3320,#2614,.T.);
#4164=EDGE_CURVE('',#3321,#3009,#2615,.F.);
#4165=EDGE_CURVE('',#3322,#2980,#2616,.T.);
#4166=EDGE_CURVE('',#3323,#3322,#342,.T.);
#4167=EDGE_CURVE('',#2981,#3323,#2617,.F.);
#4168=EDGE_CURVE('',#3324,#2965,#2618,.T.);
#4169=EDGE_CURVE('',#3325,#3324,#343,.T.);
#4170=EDGE_CURVE('',#2966,#3325,#2619,.F.);
#4171=EDGE_CURVE('',#3326,#3327,#344,.T.);
#4172=EDGE_CURVE('',#2950,#3326,#2620,.T.);
#4173=EDGE_CURVE('',#3327,#2949,#2621,.F.);
#4174=EDGE_CURVE('',#3328,#3025,#2622,.T.);
#4175=EDGE_CURVE('',#3329,#3328,#345,.T.);
#4176=EDGE_CURVE('',#3026,#3329,#2623,.F.);
#4177=EDGE_CURVE('',#3320,#3330,#1473,.F.);
#4178=EDGE_CURVE('',#3330,#3011,#2624,.T.);
#4179=EDGE_CURVE('',#3331,#3322,#1474,.F.);
#4180=EDGE_CURVE('',#2979,#3331,#2625,.T.);
#4181=EDGE_CURVE('',#3332,#3324,#1475,.F.);
#4182=EDGE_CURVE('',#2964,#3332,#2626,.T.);
#4183=EDGE_CURVE('',#3333,#3328,#1476,.F.);
#4184=EDGE_CURVE('',#3024,#3333,#2627,.T.);
#4185=EDGE_CURVE('',#3326,#3334,#1477,.F.);
#4186=EDGE_CURVE('',#3334,#2951,#2628,.T.);
#4187=EDGE_CURVE('',#3086,#3335,#2629,.T.);
#4188=EDGE_CURVE('',#3335,#3336,#1478,.F.);
#4189=EDGE_CURVE('',#3336,#3087,#2630,.T.);
#4190=EDGE_CURVE('',#3337,#3337,#2631,.T.);
#4191=EDGE_CURVE('',#3338,#3339,#346,.T.);
#4192=EDGE_CURVE('',#3039,#3338,#2632,.T.);
#4193=EDGE_CURVE('',#3339,#3038,#2633,.F.);
#4194=EDGE_CURVE('',#3340,#3341,#347,.T.);
#4195=EDGE_CURVE('',#3055,#3340,#2634,.T.);
#4196=EDGE_CURVE('',#3341,#3054,#2635,.F.);
#4197=EDGE_CURVE('',#3342,#3116,#2636,.T.);
#4198=EDGE_CURVE('',#3343,#3342,#348,.T.);
#4199=EDGE_CURVE('',#3117,#3343,#2637,.F.);
#4200=EDGE_CURVE('',#3344,#3101,#2638,.T.);
#4201=EDGE_CURVE('',#3345,#3344,#349,.T.);
#4202=EDGE_CURVE('',#3102,#3345,#2639,.F.);
#4203=EDGE_CURVE('',#3335,#3346,#350,.T.);
#4204=EDGE_CURVE('',#3346,#3085,#2640,.F.);
#4205=EDGE_CURVE('',#3347,#3070,#2641,.T.);
#4206=EDGE_CURVE('',#3348,#3347,#351,.T.);
#4207=EDGE_CURVE('',#3071,#3348,#2642,.F.);
#4208=EDGE_CURVE('',#3349,#3344,#1479,.F.);
#4209=EDGE_CURVE('',#3100,#3349,#2643,.T.);
#4210=EDGE_CURVE('',#3350,#3342,#1480,.F.);
#4211=EDGE_CURVE('',#3115,#3350,#2644,.T.);
#4212=EDGE_CURVE('',#3338,#3351,#1481,.F.);
#4213=EDGE_CURVE('',#3351,#3040,#2645,.T.);
#4214=EDGE_CURVE('',#3340,#3352,#1482,.F.);
#4215=EDGE_CURVE('',#3352,#3056,#2646,.T.);
#4216=EDGE_CURVE('',#3353,#3347,#1483,.F.);
#4217=EDGE_CURVE('',#3069,#3353,#2647,.T.);
#4218=EDGE_CURVE('',#3213,#3354,#2648,.T.);
#4219=EDGE_CURVE('',#3354,#3355,#1484,.F.);
#4220=EDGE_CURVE('',#3355,#3214,#2649,.T.);
#4221=EDGE_CURVE('',#3356,#3356,#2650,.T.);
#4222=EDGE_CURVE('',#3357,#3131,#2651,.T.);
#4223=EDGE_CURVE('',#3358,#3357,#352,.T.);
#4224=EDGE_CURVE('',#3132,#3358,#2652,.F.);
#4225=EDGE_CURVE('',#3162,#3170,#2653,.T.);
#4226=EDGE_CURVE('',#3171,#3161,#2654,.F.);
#4227=EDGE_CURVE('',#3359,#3197,#2655,.T.);
#4228=EDGE_CURVE('',#3360,#3359,#353,.T.);
#4229=EDGE_CURVE('',#3198,#3360,#2656,.F.);
#4230=EDGE_CURVE('',#3354,#3361,#354,.T.);
#4231=EDGE_CURVE('',#3361,#3212,#2657,.F.);
#4232=EDGE_CURVE('',#3362,#3146,#2658,.T.);
#4233=EDGE_CURVE('',#3363,#3362,#355,.T.);
#4234=EDGE_CURVE('',#3147,#3363,#2659,.F.);
#4235=EDGE_CURVE('',#3364,#3365,#356,.T.);
#4236=EDGE_CURVE('',#3182,#3364,#2660,.T.);
#4237=EDGE_CURVE('',#3365,#3181,#2661,.F.);
#4238=EDGE_CURVE('',#3366,#3357,#1485,.F.);
#4239=EDGE_CURVE('',#3130,#3366,#2662,.T.);
#4240=EDGE_CURVE('',#3367,#3362,#1486,.F.);
#4241=EDGE_CURVE('',#3145,#3367,#2663,.T.);
#4242=EDGE_CURVE('',#3169,#3163,#2664,.T.);
#4243=EDGE_CURVE('',#3364,#3368,#1487,.F.);
#4244=EDGE_CURVE('',#3368,#3183,#2665,.T.);
#4245=EDGE_CURVE('',#3369,#3359,#1488,.F.);
#4246=EDGE_CURVE('',#3196,#3369,#2666,.T.);
#4247=EDGE_CURVE('',#3249,#3370,#2667,.T.);
#4248=EDGE_CURVE('',#3370,#3371,#1489,.F.);
#4249=EDGE_CURVE('',#3371,#3250,#2668,.T.);
#4250=EDGE_CURVE('',#3372,#3372,#2669,.T.);
#4251=EDGE_CURVE('',#3373,#3294,#2670,.T.);
#4252=EDGE_CURVE('',#3374,#3373,#357,.T.);
#4253=EDGE_CURVE('',#3295,#3374,#2671,.F.);
#4254=EDGE_CURVE('',#3229,#3237,#2672,.T.);
#4255=EDGE_CURVE('',#3238,#3228,#2673,.F.);
#4256=EDGE_CURVE('',#3375,#3264,#2674,.T.);
#4257=EDGE_CURVE('',#3376,#3375,#358,.T.);
#4258=EDGE_CURVE('',#3265,#3376,#2675,.F.);
#4259=EDGE_CURVE('',#3377,#3378,#359,.T.);
#4260=EDGE_CURVE('',#3310,#3377,#2676,.T.);
#4261=EDGE_CURVE('',#3378,#3309,#2677,.F.);
#4262=EDGE_CURVE('',#3379,#3279,#2678,.T.);
#4263=EDGE_CURVE('',#3380,#3379,#360,.T.);
#4264=EDGE_CURVE('',#3280,#3380,#2679,.F.);
#4265=EDGE_CURVE('',#3370,#3381,#361,.T.);
#4266=EDGE_CURVE('',#3381,#3248,#2680,.F.);
#4267=EDGE_CURVE('',#3236,#3230,#2681,.T.);
#4268=EDGE_CURVE('',#3382,#3379,#1490,.F.);
#4269=EDGE_CURVE('',#3278,#3382,#2682,.T.);
#4270=EDGE_CURVE('',#3383,#3373,#1491,.F.);
#4271=EDGE_CURVE('',#3293,#3383,#2683,.T.);
#4272=EDGE_CURVE('',#3377,#3384,#1492,.F.);
#4273=EDGE_CURVE('',#3384,#3311,#2684,.T.);
#4274=EDGE_CURVE('',#3385,#3375,#1493,.F.);
#4275=EDGE_CURVE('',#3263,#3385,#2685,.T.);
#4276=EDGE_CURVE('',#3386,#3387,#362,.T.);
#4277=EDGE_CURVE('',#3387,#3388,#363,.T.);
#4278=EDGE_CURVE('',#3388,#3389,#364,.T.);
#4279=EDGE_CURVE('',#3389,#3386,#365,.T.);
#4280=EDGE_CURVE('',#3386,#3390,#2686,.T.);
#4281=EDGE_CURVE('',#3390,#3391,#366,.T.);
#4282=EDGE_CURVE('',#3391,#3387,#2687,.T.);
#4283=EDGE_CURVE('',#3392,#3393,#367,.T.);
#4284=EDGE_CURVE('',#3393,#3391,#368,.T.);
#4285=EDGE_CURVE('',#3390,#3392,#369,.T.);
#4286=EDGE_CURVE('',#3392,#3389,#2688,.T.);
#4287=EDGE_CURVE('',#3388,#3393,#2689,.T.);
#4288=EDGE_CURVE('',#3386,#3394,#370,.T.);
#4289=EDGE_CURVE('',#3395,#3394,#2690,.T.);
#4290=EDGE_CURVE('',#3390,#3395,#371,.T.);
#4291=EDGE_CURVE('',#3396,#3389,#372,.T.);
#4292=EDGE_CURVE('',#3394,#3396,#373,.T.);
#4293=EDGE_CURVE('',#3397,#3398,#374,.T.);
#4294=EDGE_CURVE('',#3399,#3397,#375,.F.);
#4295=EDGE_CURVE('',#3400,#3399,#2691,.T.);
#4296=EDGE_CURVE('',#3401,#3400,#376,.F.);
#4297=EDGE_CURVE('',#3402,#3401,#2692,.T.);
#4298=EDGE_CURVE('',#3403,#3402,#377,.F.);
#4299=EDGE_CURVE('',#3404,#3403,#2693,.T.);
#4300=EDGE_CURVE('',#3405,#3404,#378,.F.);
#4301=EDGE_CURVE('',#3406,#3405,#2694,.T.);
#4302=EDGE_CURVE('',#3398,#3406,#379,.F.);
#4303=EDGE_CURVE('',#3407,#3408,#380,.T.);
#4304=EDGE_CURVE('',#3409,#3407,#2695,.T.);
#4305=EDGE_CURVE('',#3410,#3409,#381,.T.);
#4306=EDGE_CURVE('',#3408,#3410,#2696,.T.);
#4307=EDGE_CURVE('',#3411,#3412,#382,.T.);
#4308=EDGE_CURVE('',#3413,#3412,#2697,.F.);
#4309=EDGE_CURVE('',#3413,#3414,#383,.T.);
#4310=EDGE_CURVE('',#3415,#3414,#2698,.F.);
#4311=EDGE_CURVE('',#3415,#3416,#384,.T.);
#4312=EDGE_CURVE('',#3417,#3416,#2699,.F.);
#4313=EDGE_CURVE('',#3417,#3418,#385,.T.);
#4314=EDGE_CURVE('',#3419,#3418,#2700,.F.);
#4315=EDGE_CURVE('',#3419,#3420,#386,.T.);
#4316=EDGE_CURVE('',#3421,#3420,#2701,.F.);
#4317=EDGE_CURVE('',#3421,#3422,#387,.T.);
#4318=EDGE_CURVE('',#3411,#3422,#2702,.F.);
#4319=EDGE_CURVE('',#3423,#3396,#2703,.T.);
#4320=EDGE_CURVE('',#3396,#3424,#2704,.T.);
#4321=EDGE_CURVE('',#3424,#3425,#2705,.T.);
#4322=EDGE_CURVE('',#3425,#3423,#2706,.T.);
#4323=EDGE_CURVE('',#3395,#3426,#2707,.T.);
#4324=EDGE_CURVE('',#3426,#3425,#388,.T.);
#4325=EDGE_CURVE('',#3424,#3395,#389,.T.);
#4326=EDGE_CURVE('',#3394,#3427,#2708,.T.);
#4327=EDGE_CURVE('',#3427,#3426,#2709,.T.);
#4328=EDGE_CURVE('',#3423,#3427,#390,.T.);
#4329=EDGE_CURVE('',#3424,#3392,#391,.T.);
#4330=EDGE_CURVE('',#3428,#3407,#392,.T.);
#4331=EDGE_CURVE('',#3408,#3429,#393,.T.);
#4332=EDGE_CURVE('',#3429,#3428,#394,.T.);
#4333=EDGE_CURVE('',#3430,#3409,#395,.T.);
#4334=EDGE_CURVE('',#3428,#3430,#2710,.T.);
#4335=EDGE_CURVE('',#3431,#3410,#396,.T.);
#4336=EDGE_CURVE('',#3430,#3431,#397,.T.);
#4337=EDGE_CURVE('',#3431,#3429,#2711,.T.);
#4338=EDGE_CURVE('',#3432,#3428,#398,.T.);
#4339=EDGE_CURVE('',#3433,#3432,#2712,.T.);
#4340=EDGE_CURVE('',#3433,#3430,#399,.T.);
#4341=EDGE_CURVE('',#3429,#3434,#400,.T.);
#4342=EDGE_CURVE('',#3432,#3434,#401,.T.);
#4343=EDGE_CURVE('',#3435,#3436,#2713,.T.);
#4344=EDGE_CURVE('',#3436,#3433,#402,.T.);
#4345=EDGE_CURVE('',#3433,#3437,#2714,.T.);
#4346=EDGE_CURVE('',#3437,#3435,#403,.T.);
#4347=EDGE_CURVE('',#3432,#3438,#2715,.T.);
#4348=EDGE_CURVE('',#3438,#3437,#2716,.T.);
#4349=EDGE_CURVE('',#3434,#3439,#2717,.T.);
#4350=EDGE_CURVE('',#3439,#3438,#404,.T.);
#4351=EDGE_CURVE('',#3434,#3436,#2718,.T.);
#4352=EDGE_CURVE('',#3435,#3439,#2719,.T.);
#4353=EDGE_CURVE('',#3431,#3436,#405,.T.);
#4354=EDGE_CURVE('',#3440,#3031,#1494,.T.);
#4355=EDGE_CURVE('',#3441,#3440,#406,.F.);
#4356=EDGE_CURVE('',#3441,#3351,#407,.T.);
#4357=EDGE_CURVE('',#3442,#3339,#408,.T.);
#4358=EDGE_CURVE('',#3044,#3442,#1495,.T.);
#4359=EDGE_CURVE('',#3443,#2986,#1496,.F.);
#4360=EDGE_CURVE('',#3444,#3443,#409,.F.);
#4361=EDGE_CURVE('',#3444,#3317,#410,.T.);
#4362=EDGE_CURVE('',#3445,#3319,#411,.T.);
#4363=EDGE_CURVE('',#2999,#3445,#1497,.F.);
#4364=EDGE_CURVE('',#3446,#3447,#412,.T.);
#4365=EDGE_CURVE('',#3447,#3448,#413,.T.);
#4366=EDGE_CURVE('',#3449,#3448,#414,.T.);
#4367=EDGE_CURVE('',#3450,#3449,#415,.T.);
#4368=EDGE_CURVE('',#3451,#3450,#416,.T.);
#4369=EDGE_CURVE('',#3451,#3452,#417,.T.);
#4370=EDGE_CURVE('',#3452,#3453,#418,.T.);
#4371=EDGE_CURVE('',#3453,#3454,#419,.T.);
#4372=EDGE_CURVE('',#3455,#3454,#420,.T.);
#4373=EDGE_CURVE('',#3455,#3456,#421,.T.);
#4374=EDGE_CURVE('',#3456,#3457,#422,.T.);
#4375=EDGE_CURVE('',#3457,#3458,#423,.T.);
#4376=EDGE_CURVE('',#3459,#3458,#424,.T.);
#4377=EDGE_CURVE('',#3460,#3459,#425,.T.);
#4378=EDGE_CURVE('',#3461,#3460,#426,.T.);
#4379=EDGE_CURVE('',#3461,#3462,#427,.T.);
#4380=EDGE_CURVE('',#3462,#3463,#428,.T.);
#4381=EDGE_CURVE('',#3463,#3464,#429,.T.);
#4382=EDGE_CURVE('',#3465,#3464,#430,.T.);
#4383=EDGE_CURVE('',#3466,#3465,#431,.T.);
#4384=EDGE_CURVE('',#3467,#3466,#432,.T.);
#4385=EDGE_CURVE('',#3467,#3468,#433,.T.);
#4386=EDGE_CURVE('',#3468,#3469,#434,.T.);
#4387=EDGE_CURVE('',#3469,#3470,#435,.T.);
#4388=EDGE_CURVE('',#3471,#3470,#436,.T.);
#4389=EDGE_CURVE('',#3471,#3472,#437,.T.);
#4390=EDGE_CURVE('',#3472,#3473,#438,.T.);
#4391=EDGE_CURVE('',#3473,#3474,#439,.T.);
#4392=EDGE_CURVE('',#3475,#3474,#440,.T.);
#4393=EDGE_CURVE('',#3476,#3475,#441,.T.);
#4394=EDGE_CURVE('',#3477,#3476,#442,.T.);
#4395=EDGE_CURVE('',#3477,#3446,#443,.T.);
#4396=EDGE_CURVE('',#3478,#3479,#444,.T.);
#4397=EDGE_CURVE('',#3478,#3477,#445,.T.);
#4398=EDGE_CURVE('',#3480,#3476,#446,.T.);
#4399=EDGE_CURVE('',#3480,#3481,#447,.F.);
#4400=EDGE_CURVE('',#3481,#3449,#448,.T.);
#4401=EDGE_CURVE('',#3448,#3479,#449,.T.);
#4402=EDGE_CURVE('',#3447,#3479,#450,.F.);
#4403=EDGE_CURVE('',#3478,#3446,#451,.F.);
#4404=EDGE_CURVE('',#3482,#3483,#452,.T.);
#4405=EDGE_CURVE('',#3482,#3461,#453,.T.);
#4406=EDGE_CURVE('',#3484,#3460,#454,.T.);
#4407=EDGE_CURVE('',#3484,#3485,#455,.F.);
#4408=EDGE_CURVE('',#3485,#3465,#456,.T.);
#4409=EDGE_CURVE('',#3464,#3483,#457,.T.);
#4410=EDGE_CURVE('',#3463,#3483,#458,.F.);
#4411=EDGE_CURVE('',#3482,#3462,#459,.F.);
#4412=EDGE_CURVE('',#3486,#3471,#460,.T.);
#4413=EDGE_CURVE('',#3470,#3487,#461,.T.);
#4414=EDGE_CURVE('',#3488,#3487,#462,.T.);
#4415=EDGE_CURVE('',#3488,#3467,#463,.T.);
#4416=EDGE_CURVE('',#3489,#3466,#464,.T.);
#4417=EDGE_CURVE('',#3489,#3490,#465,.F.);
#4418=EDGE_CURVE('',#3490,#3475,#466,.T.);
#4419=EDGE_CURVE('',#3474,#3491,#467,.T.);
#4420=EDGE_CURVE('',#3486,#3491,#468,.T.);
#4421=EDGE_CURVE('',#3473,#3491,#469,.F.);
#4422=EDGE_CURVE('',#3486,#3472,#470,.F.);
#4423=EDGE_CURVE('',#3469,#3487,#471,.F.);
#4424=EDGE_CURVE('',#3488,#3468,#472,.F.);
#4425=EDGE_CURVE('',#3492,#3455,#473,.T.);
#4426=EDGE_CURVE('',#3454,#3493,#474,.T.);
#4427=EDGE_CURVE('',#3494,#3493,#475,.T.);
#4428=EDGE_CURVE('',#3494,#3451,#476,.T.);
#4429=EDGE_CURVE('',#3495,#3450,#477,.T.);
#4430=EDGE_CURVE('',#3495,#3496,#478,.F.);
#4431=EDGE_CURVE('',#3496,#3459,#479,.T.);
#4432=EDGE_CURVE('',#3458,#3497,#480,.T.);
#4433=EDGE_CURVE('',#3492,#3497,#481,.T.);
#4434=EDGE_CURVE('',#3453,#3493,#482,.F.);
#4435=EDGE_CURVE('',#3494,#3452,#483,.F.);
#4436=EDGE_CURVE('',#3457,#3497,#484,.F.);
#4437=EDGE_CURVE('',#3492,#3456,#485,.F.);
#4438=EDGE_CURVE('',#3498,#3143,#2720,.F.);
#4439=EDGE_CURVE('',#3498,#3499,#486,.F.);
#4440=EDGE_CURVE('',#3499,#3144,#2721,.F.);
#4441=EDGE_CURVE('',#3140,#3498,#1498,.F.);
#4442=EDGE_CURVE('',#3499,#3367,#487,.F.);
#4443=EDGE_CURVE('',#3164,#3168,#2722,.F.);
#4444=EDGE_CURVE('',#3500,#3128,#2723,.F.);
#4445=EDGE_CURVE('',#3500,#3501,#488,.F.);
#4446=EDGE_CURVE('',#3501,#3129,#2724,.F.);
#4447=EDGE_CURVE('',#3125,#3500,#1499,.T.);
#4448=EDGE_CURVE('',#3501,#3366,#489,.F.);
#4449=EDGE_CURVE('',#3184,#3502,#2725,.F.);
#4450=EDGE_CURVE('',#3502,#3177,#490,.F.);
#4451=EDGE_CURVE('',#3185,#3173,#491,.T.);
#4452=EDGE_CURVE('',#3502,#3368,#492,.T.);
#4453=EDGE_CURVE('',#3215,#3503,#2726,.F.);
#4454=EDGE_CURVE('',#3503,#3208,#493,.F.);
#4455=EDGE_CURVE('',#3216,#3204,#494,.T.);
#4456=EDGE_CURVE('',#3503,#3355,#495,.T.);
#4457=EDGE_CURVE('',#3504,#3194,#2727,.F.);
#4458=EDGE_CURVE('',#3504,#3505,#496,.F.);
#4459=EDGE_CURVE('',#3505,#3195,#2728,.F.);
#4460=EDGE_CURVE('',#3191,#3504,#1500,.T.);
#4461=EDGE_CURVE('',#3505,#3369,#497,.F.);
#4462=EDGE_CURVE('',#3506,#3291,#2729,.F.);
#4463=EDGE_CURVE('',#3506,#3507,#498,.F.);
#4464=EDGE_CURVE('',#3507,#3292,#2730,.F.);
#4465=EDGE_CURVE('',#3288,#3506,#1501,.T.);
#4466=EDGE_CURVE('',#3507,#3383,#499,.F.);
#4467=EDGE_CURVE('',#3508,#3276,#2731,.F.);
#4468=EDGE_CURVE('',#3508,#3509,#500,.F.);
#4469=EDGE_CURVE('',#3509,#3277,#2732,.F.);
#4470=EDGE_CURVE('',#3273,#3508,#1502,.F.);
#4471=EDGE_CURVE('',#3509,#3382,#501,.F.);
#4472=EDGE_CURVE('',#3312,#3510,#2733,.F.);
#4473=EDGE_CURVE('',#3510,#3305,#502,.F.);
#4474=EDGE_CURVE('',#3313,#3301,#503,.T.);
#4475=EDGE_CURVE('',#3510,#3384,#504,.T.);
#4476=EDGE_CURVE('',#3231,#3235,#2734,.F.);
#4477=EDGE_CURVE('',#3511,#3261,#2735,.F.);
#4478=EDGE_CURVE('',#3511,#3512,#505,.F.);
#4479=EDGE_CURVE('',#3512,#3262,#2736,.F.);
#4480=EDGE_CURVE('',#3258,#3511,#1503,.T.);
#4481=EDGE_CURVE('',#3512,#3385,#506,.F.);
#4482=EDGE_CURVE('',#3251,#3513,#2737,.F.);
#4483=EDGE_CURVE('',#3513,#3244,#507,.F.);
#4484=EDGE_CURVE('',#3252,#3240,#508,.T.);
#4485=EDGE_CURVE('',#3513,#3371,#509,.T.);
#4486=EDGE_CURVE('',#3514,#3098,#2738,.F.);
#4487=EDGE_CURVE('',#3514,#3515,#510,.F.);
#4488=EDGE_CURVE('',#3515,#3099,#2739,.F.);
#4489=EDGE_CURVE('',#3095,#3514,#1504,.T.);
#4490=EDGE_CURVE('',#3515,#3349,#511,.F.);
#4491=EDGE_CURVE('',#3516,#3113,#2740,.F.);
#4492=EDGE_CURVE('',#3516,#3517,#512,.F.);
#4493=EDGE_CURVE('',#3517,#3114,#2741,.F.);
#4494=EDGE_CURVE('',#3110,#3516,#1505,.F.);
#4495=EDGE_CURVE('',#3517,#3350,#513,.F.);
#4496=EDGE_CURVE('',#3088,#3518,#2742,.F.);
#4497=EDGE_CURVE('',#3518,#3081,#514,.F.);
#4498=EDGE_CURVE('',#3089,#3077,#515,.T.);
#4499=EDGE_CURVE('',#3518,#3336,#516,.T.);
#4500=EDGE_CURVE('',#3042,#3440,#2743,.F.);
#4501=EDGE_CURVE('',#3041,#3441,#2744,.F.);
#4502=EDGE_CURVE('',#3442,#3037,#2745,.F.);
#4503=EDGE_CURVE('',#3519,#3067,#2746,.F.);
#4504=EDGE_CURVE('',#3519,#3520,#517,.F.);
#4505=EDGE_CURVE('',#3520,#3068,#2747,.F.);
#4506=EDGE_CURVE('',#3064,#3519,#1506,.T.);
#4507=EDGE_CURVE('',#3520,#3353,#518,.F.);
#4508=EDGE_CURVE('',#3057,#3521,#2748,.F.);
#4509=EDGE_CURVE('',#3521,#3050,#519,.F.);
#4510=EDGE_CURVE('',#3046,#3058,#520,.F.);
#4511=EDGE_CURVE('',#3521,#3352,#521,.T.);
#4512=EDGE_CURVE('',#3522,#2962,#2749,.F.);
#4513=EDGE_CURVE('',#3522,#3523,#522,.F.);
#4514=EDGE_CURVE('',#3523,#2963,#2750,.F.);
#4515=EDGE_CURVE('',#2959,#3522,#1507,.F.);
#4516=EDGE_CURVE('',#3523,#3332,#523,.F.);
#4517=EDGE_CURVE('',#3524,#2977,#2751,.F.);
#4518=EDGE_CURVE('',#3524,#3525,#524,.F.);
#4519=EDGE_CURVE('',#3525,#2978,#2752,.F.);
#4520=EDGE_CURVE('',#2974,#3524,#1508,.F.);
#4521=EDGE_CURVE('',#3525,#3331,#525,.F.);
#4522=EDGE_CURVE('',#2952,#3526,#2753,.F.);
#4523=EDGE_CURVE('',#3526,#2945,#526,.F.);
#4524=EDGE_CURVE('',#2953,#2941,#527,.T.);
#4525=EDGE_CURVE('',#3526,#3334,#528,.T.);
#4526=EDGE_CURVE('',#2997,#3443,#2754,.F.);
#4527=EDGE_CURVE('',#2996,#3444,#2755,.F.);
#4528=EDGE_CURVE('',#3445,#2992,#2756,.F.);
#4529=EDGE_CURVE('',#3527,#3022,#2757,.F.);
#4530=EDGE_CURVE('',#3527,#3528,#529,.F.);
#4531=EDGE_CURVE('',#3528,#3023,#2758,.F.);
#4532=EDGE_CURVE('',#3019,#3527,#1509,.F.);
#4533=EDGE_CURVE('',#3528,#3333,#530,.F.);
#4534=EDGE_CURVE('',#3012,#3529,#2759,.F.);
#4535=EDGE_CURVE('',#3529,#3005,#531,.F.);
#4536=EDGE_CURVE('',#3001,#3013,#532,.F.);
#4537=EDGE_CURVE('',#3529,#3330,#533,.T.);
#4538=EDGE_CURVE('',#3363,#3151,#534,.T.);
#4539=EDGE_CURVE('',#3358,#3136,#535,.T.);
#4540=EDGE_CURVE('',#3187,#3365,#536,.T.);
#4541=EDGE_CURVE('',#3218,#3361,#537,.T.);
#4542=EDGE_CURVE('',#3360,#3202,#538,.T.);
#4543=EDGE_CURVE('',#3374,#3299,#539,.T.);
#4544=EDGE_CURVE('',#3380,#3284,#540,.T.);
#4545=EDGE_CURVE('',#3315,#3378,#541,.T.);
#4546=EDGE_CURVE('',#3376,#3269,#542,.T.);
#4547=EDGE_CURVE('',#3254,#3381,#543,.T.);
#4548=EDGE_CURVE('',#3345,#3106,#544,.T.);
#4549=EDGE_CURVE('',#3343,#3121,#545,.T.);
#4550=EDGE_CURVE('',#3091,#3346,#546,.T.);
#4551=EDGE_CURVE('',#3348,#3075,#547,.T.);
#4552=EDGE_CURVE('',#3060,#3341,#548,.T.);
#4553=EDGE_CURVE('',#3325,#2970,#549,.T.);
#4554=EDGE_CURVE('',#3323,#2985,#550,.T.);
#4555=EDGE_CURVE('',#2955,#3327,#551,.T.);
#4556=EDGE_CURVE('',#3329,#3030,#552,.T.);
#4557=EDGE_CURVE('',#3015,#3321,#553,.T.);
#4558=EDGE_CURVE('',#3530,#3531,#2900,.T.);
#4559=EDGE_CURVE('',#3531,#3532,#2901,.T.);
#4560=EDGE_CURVE('',#3532,#3533,#2902,.T.);
#4561=EDGE_CURVE('',#3533,#3534,#2903,.T.);
#4562=EDGE_CURVE('',#3534,#3535,#2904,.T.);
#4563=EDGE_CURVE('',#3535,#3536,#2905,.T.);
#4564=EDGE_CURVE('',#3536,#3537,#2906,.T.);
#4565=EDGE_CURVE('',#3537,#3538,#554,.T.);
#4566=EDGE_CURVE('',#3538,#3539,#2907,.T.);
#4567=EDGE_CURVE('',#3539,#3540,#2908,.T.);
#4568=EDGE_CURVE('',#3540,#3541,#2909,.T.);
#4569=EDGE_CURVE('',#3541,#3542,#2910,.T.);
#4570=EDGE_CURVE('',#3542,#3543,#555,.T.);
#4571=EDGE_CURVE('',#3544,#3543,#2760,.F.);
#4572=EDGE_CURVE('',#3544,#3545,#556,.T.);
#4573=EDGE_CURVE('',#3545,#3546,#2911,.T.);
#4574=EDGE_CURVE('',#3546,#3547,#2912,.T.);
#4575=EDGE_CURVE('',#3547,#3548,#2913,.T.);
#4576=EDGE_CURVE('',#3548,#3549,#2914,.T.);
#4577=EDGE_CURVE('',#3549,#3550,#2915,.T.);
#4578=EDGE_CURVE('',#3550,#3551,#557,.T.);
#4579=EDGE_CURVE('',#3551,#3552,#2916,.T.);
#4580=EDGE_CURVE('',#3552,#3553,#2917,.T.);
#4581=EDGE_CURVE('',#3553,#3554,#2918,.T.);
#4582=EDGE_CURVE('',#3554,#3555,#2919,.T.);
#4583=EDGE_CURVE('',#3555,#3556,#558,.T.);
#4584=EDGE_CURVE('',#3557,#3556,#2761,.F.);
#4585=EDGE_CURVE('',#3557,#3530,#559,.T.);
#4586=EDGE_CURVE('',#3558,#3557,#560,.T.);
#4587=EDGE_CURVE('',#3559,#3558,#561,.T.);
#4588=EDGE_CURVE('',#3559,#3530,#562,.T.);
#4589=EDGE_CURVE('',#3560,#3559,#2920,.T.);
#4590=EDGE_CURVE('',#3560,#3531,#563,.T.);
#4591=EDGE_CURVE('',#3561,#3560,#2921,.T.);
#4592=EDGE_CURVE('',#3561,#3532,#564,.T.);
#4593=EDGE_CURVE('',#3562,#3561,#2922,.T.);
#4594=EDGE_CURVE('',#3562,#3533,#565,.T.);
#4595=EDGE_CURVE('',#3563,#3562,#2923,.T.);
#4596=EDGE_CURVE('',#3563,#3534,#566,.T.);
#4597=EDGE_CURVE('',#3564,#3563,#2924,.T.);
#4598=EDGE_CURVE('',#3564,#3535,#567,.T.);
#4599=EDGE_CURVE('',#3565,#3564,#2925,.T.);
#4600=EDGE_CURVE('',#3565,#3536,#568,.T.);
#4601=EDGE_CURVE('',#3566,#3565,#2926,.T.);
#4602=EDGE_CURVE('',#3566,#3537,#569,.T.);
#4603=EDGE_CURVE('',#3567,#3566,#570,.T.);
#4604=EDGE_CURVE('',#3567,#3538,#571,.T.);
#4605=EDGE_CURVE('',#3568,#3567,#2927,.T.);
#4606=EDGE_CURVE('',#3568,#3539,#572,.T.);
#4607=EDGE_CURVE('',#3569,#3568,#2928,.T.);
#4608=EDGE_CURVE('',#3569,#3540,#573,.T.);
#4609=EDGE_CURVE('',#3570,#3569,#2929,.T.);
#4610=EDGE_CURVE('',#3570,#3541,#574,.T.);
#4611=EDGE_CURVE('',#3571,#3570,#2930,.T.);
#4612=EDGE_CURVE('',#3571,#3542,#575,.T.);
#4613=EDGE_CURVE('',#3543,#3572,#576,.T.);
#4614=EDGE_CURVE('',#3572,#3571,#577,.T.);
#4615=EDGE_CURVE('',#3573,#3572,#2762,.T.);
#4616=EDGE_CURVE('',#3573,#3544,#578,.T.);
#4617=EDGE_CURVE('',#3574,#3573,#579,.T.);
#4618=EDGE_CURVE('',#3574,#3545,#580,.T.);
#4619=EDGE_CURVE('',#3575,#3574,#2931,.T.);
#4620=EDGE_CURVE('',#3575,#3546,#581,.T.);
#4621=EDGE_CURVE('',#3576,#3575,#2932,.T.);
#4622=EDGE_CURVE('',#3576,#3547,#582,.T.);
#4623=EDGE_CURVE('',#3577,#3576,#2933,.T.);
#4624=EDGE_CURVE('',#3577,#3548,#583,.T.);
#4625=EDGE_CURVE('',#3578,#3577,#2934,.T.);
#4626=EDGE_CURVE('',#3578,#3549,#584,.T.);
#4627=EDGE_CURVE('',#3579,#3578,#2935,.T.);
#4628=EDGE_CURVE('',#3579,#3550,#585,.T.);
#4629=EDGE_CURVE('',#3580,#3579,#586,.T.);
#4630=EDGE_CURVE('',#3580,#3551,#587,.T.);
#4631=EDGE_CURVE('',#3581,#3580,#2936,.T.);
#4632=EDGE_CURVE('',#3581,#3552,#588,.T.);
#4633=EDGE_CURVE('',#3582,#3581,#2937,.T.);
#4634=EDGE_CURVE('',#3582,#3553,#589,.T.);
#4635=EDGE_CURVE('',#3583,#3582,#2938,.T.);
#4636=EDGE_CURVE('',#3583,#3554,#590,.T.);
#4637=EDGE_CURVE('',#3584,#3583,#2939,.T.);
#4638=EDGE_CURVE('',#3584,#3555,#591,.T.);
#4639=EDGE_CURVE('',#3556,#3585,#592,.T.);
#4640=EDGE_CURVE('',#3585,#3584,#593,.T.);
#4641=EDGE_CURVE('',#3558,#3585,#2763,.T.);
#4642=EDGE_CURVE('',#3586,#3586,#2764,.T.);
#4643=EDGE_CURVE('',#3586,#3356,#594,.T.);
#4644=EDGE_CURVE('',#3587,#3587,#2765,.T.);
#4645=EDGE_CURVE('',#3587,#3372,#595,.T.);
#4646=EDGE_CURVE('',#3588,#3588,#2766,.T.);
#4647=EDGE_CURVE('',#3588,#3337,#596,.T.);
#4648=EDGE_CURVE('',#3589,#3589,#2767,.T.);
#4649=EDGE_CURVE('',#3589,#3318,#597,.T.);
#4650=EDGE_CURVE('',#3590,#3591,#2768,.T.);
#4651=EDGE_CURVE('',#3591,#3592,#598,.T.);
#4652=EDGE_CURVE('',#3592,#3593,#2769,.T.);
#4653=EDGE_CURVE('',#3593,#3594,#599,.T.);
#4654=EDGE_CURVE('',#3594,#3595,#2770,.T.);
#4655=EDGE_CURVE('',#3595,#3596,#600,.T.);
#4656=EDGE_CURVE('',#3596,#3597,#2771,.T.);
#4657=EDGE_CURVE('',#3597,#3598,#601,.T.);
#4658=EDGE_CURVE('',#3598,#3599,#2772,.T.);
#4659=EDGE_CURVE('',#3599,#3600,#602,.T.);
#4660=EDGE_CURVE('',#3600,#3590,#603,.T.);
#4661=EDGE_CURVE('',#3586,#3601,#604,.T.);
#4662=EDGE_CURVE('',#3601,#3601,#2773,.T.);
#4663=EDGE_CURVE('',#3587,#3602,#605,.T.);
#4664=EDGE_CURVE('',#3602,#3602,#2774,.T.);
#4665=EDGE_CURVE('',#3588,#3603,#606,.T.);
#4666=EDGE_CURVE('',#3603,#3603,#2775,.T.);
#4667=EDGE_CURVE('',#3589,#3604,#607,.T.);
#4668=EDGE_CURVE('',#3604,#3604,#2776,.T.);
#4669=EDGE_CURVE('',#3596,#3605,#608,.T.);
#4670=EDGE_CURVE('',#3605,#3606,#2777,.F.);
#4671=EDGE_CURVE('',#3606,#3597,#609,.T.);
#4672=EDGE_CURVE('',#3607,#3606,#610,.T.);
#4673=EDGE_CURVE('',#3598,#3607,#611,.T.);
#4674=EDGE_CURVE('',#3607,#3608,#2778,.F.);
#4675=EDGE_CURVE('',#3608,#3599,#612,.T.);
#4676=EDGE_CURVE('',#3609,#3608,#613,.T.);
#4677=EDGE_CURVE('',#3600,#3609,#614,.T.);
#4678=EDGE_CURVE('',#3590,#3610,#615,.T.);
#4679=EDGE_CURVE('',#3610,#3609,#616,.T.);
#4680=EDGE_CURVE('',#3610,#3611,#2779,.F.);
#4681=EDGE_CURVE('',#3611,#3591,#617,.T.);
#4682=EDGE_CURVE('',#3612,#3611,#618,.T.);
#4683=EDGE_CURVE('',#3592,#3612,#619,.T.);
#4684=EDGE_CURVE('',#3612,#3613,#2780,.F.);
#4685=EDGE_CURVE('',#3613,#3593,#620,.T.);
#4686=EDGE_CURVE('',#3614,#3613,#621,.T.);
#4687=EDGE_CURVE('',#3594,#3614,#622,.T.);
#4688=EDGE_CURVE('',#3614,#3615,#2781,.F.);
#4689=EDGE_CURVE('',#3615,#3595,#623,.T.);
#4690=EDGE_CURVE('',#3605,#3615,#624,.T.);
#4691=EDGE_CURVE('',#3616,#3616,#2782,.T.);
#4692=EDGE_CURVE('',#3617,#3617,#2783,.T.);
#4693=EDGE_CURVE('',#3618,#3618,#2784,.T.);
#4694=EDGE_CURVE('',#3619,#3619,#2785,.T.);
#4695=EDGE_CURVE('',#3620,#3621,#2786,.F.);
#4696=EDGE_CURVE('',#3620,#3622,#625,.T.);
#4697=EDGE_CURVE('',#3623,#3622,#2787,.F.);
#4698=EDGE_CURVE('',#3623,#3624,#626,.T.);
#4699=EDGE_CURVE('',#3625,#3624,#2788,.F.);
#4700=EDGE_CURVE('',#3625,#3626,#627,.T.);
#4701=EDGE_CURVE('',#3627,#3626,#2789,.F.);
#4702=EDGE_CURVE('',#3627,#3628,#628,.T.);
#4703=EDGE_CURVE('',#3629,#3628,#2790,.F.);
#4704=EDGE_CURVE('',#3629,#3630,#629,.T.);
#4705=EDGE_CURVE('',#3631,#3630,#2791,.F.);
#4706=EDGE_CURVE('',#3631,#3621,#630,.T.);
#4707=EDGE_CURVE('',#3632,#3633,#15,.T.);
#4708=EDGE_CURVE('',#3633,#3634,#2792,.T.);
#4709=EDGE_CURVE('',#3634,#3616,#631,.T.);
#4710=EDGE_CURVE('',#3634,#3632,#2793,.T.);
#4711=EDGE_CURVE('',#3635,#3636,#2794,.T.);
#4712=EDGE_CURVE('',#3635,#3632,#16,.F.);
#4713=EDGE_CURVE('',#3633,#3636,#17,.F.);
#4714=EDGE_CURVE('',#3637,#3638,#18,.T.);
#4715=EDGE_CURVE('',#3637,#3639,#2795,.T.);
#4716=EDGE_CURVE('',#3639,#3617,#632,.T.);
#4717=EDGE_CURVE('',#3639,#3638,#2796,.T.);
#4718=EDGE_CURVE('',#3640,#3641,#2797,.T.);
#4719=EDGE_CURVE('',#3640,#3638,#19,.F.);
#4720=EDGE_CURVE('',#3637,#3642,#20,.F.);
#4721=EDGE_CURVE('',#3643,#3642,#21,.T.);
#4722=EDGE_CURVE('',#3641,#3643,#22,.T.);
#4723=EDGE_CURVE('',#3644,#3645,#23,.T.);
#4724=EDGE_CURVE('',#3645,#3646,#2798,.T.);
#4725=EDGE_CURVE('',#3646,#3618,#633,.T.);
#4726=EDGE_CURVE('',#3646,#3644,#2799,.T.);
#4727=EDGE_CURVE('',#3647,#3648,#2800,.T.);
#4728=EDGE_CURVE('',#3647,#3644,#24,.F.);
#4729=EDGE_CURVE('',#3645,#3648,#25,.F.);
#4730=EDGE_CURVE('',#3649,#3650,#26,.T.);
#4731=EDGE_CURVE('',#3649,#3651,#2801,.T.);
#4732=EDGE_CURVE('',#3651,#3619,#634,.T.);
#4733=EDGE_CURVE('',#3651,#3650,#2802,.T.);
#4734=EDGE_CURVE('',#3652,#3653,#2803,.T.);
#4735=EDGE_CURVE('',#3652,#3654,#27,.F.);
#4736=EDGE_CURVE('',#3654,#3655,#28,.F.);
#4737=EDGE_CURVE('',#3655,#3650,#29,.F.);
#4738=EDGE_CURVE('',#3649,#3653,#30,.F.);
#4739=EDGE_CURVE('',#3647,#3405,#31,.T.);
#4740=EDGE_CURVE('',#3656,#3648,#32,.T.);
#4741=EDGE_CURVE('',#3657,#3656,#33,.T.);
#4742=EDGE_CURVE('',#3406,#3657,#34,.T.);
#4743=EDGE_CURVE('',#3404,#3653,#35,.T.);
#4744=EDGE_CURVE('',#3652,#3403,#36,.T.);
#4745=EDGE_CURVE('',#3640,#3401,#37,.T.);
#4746=EDGE_CURVE('',#3402,#3641,#38,.T.);
#4747=EDGE_CURVE('',#3635,#3399,#39,.T.);
#4748=EDGE_CURVE('',#3400,#3636,#40,.T.);
#4749=EDGE_CURVE('',#3626,#3411,#635,.T.);
#4750=EDGE_CURVE('',#3422,#3627,#636,.T.);
#4751=EDGE_CURVE('',#3628,#3421,#637,.T.);
#4752=EDGE_CURVE('',#3420,#3629,#638,.T.);
#4753=EDGE_CURVE('',#3630,#3419,#639,.T.);
#4754=EDGE_CURVE('',#3418,#3631,#640,.T.);
#4755=EDGE_CURVE('',#3621,#3417,#641,.T.);
#4756=EDGE_CURVE('',#3416,#3620,#642,.T.);
#4757=EDGE_CURVE('',#3622,#3415,#643,.T.);
#4758=EDGE_CURVE('',#3414,#3623,#644,.T.);
#4759=EDGE_CURVE('',#3624,#3413,#645,.T.);
#4760=EDGE_CURVE('',#3412,#3625,#646,.T.);
#4761=EDGE_CURVE('',#3398,#3658,#647,.F.);
#4762=EDGE_CURVE('',#3659,#3658,#648,.T.);
#4763=EDGE_CURVE('',#3397,#3659,#649,.T.);
#4764=EDGE_CURVE('',#3660,#3659,#650,.T.);
#4765=EDGE_CURVE('',#3642,#3660,#651,.F.);
#4766=EDGE_CURVE('',#3661,#3660,#652,.T.);
#4767=EDGE_CURVE('',#3643,#3661,#653,.T.);
#4768=EDGE_CURVE('',#3662,#3661,#654,.T.);
#4769=EDGE_CURVE('',#3654,#3662,#655,.T.);
#4770=EDGE_CURVE('',#3663,#3662,#656,.T.);
#4771=EDGE_CURVE('',#3655,#3663,#657,.F.);
#4772=EDGE_CURVE('',#3664,#3663,#658,.T.);
#4773=EDGE_CURVE('',#3656,#3664,#659,.T.);
#4774=EDGE_CURVE('',#3665,#3664,#660,.T.);
#4775=EDGE_CURVE('',#3657,#3665,#661,.T.);
#4776=EDGE_CURVE('',#3658,#3665,#662,.T.);
#4777=EDGE_CURVE('',#3666,#3667,#663,.T.);
#4778=EDGE_CURVE('',#3668,#3666,#664,.T.);
#4779=EDGE_CURVE('',#3669,#3668,#665,.T.);
#4780=EDGE_CURVE('',#3670,#3669,#666,.T.);
#4781=EDGE_CURVE('',#3671,#3670,#667,.T.);
#4782=EDGE_CURVE('',#3672,#3671,#668,.T.);
#4783=EDGE_CURVE('',#3673,#3672,#669,.T.);
#4784=EDGE_CURVE('',#3667,#3673,#670,.T.);
#4785=EDGE_CURVE('',#3668,#3674,#671,.T.);
#4786=EDGE_CURVE('',#3674,#3675,#672,.T.);
#4787=EDGE_CURVE('',#3669,#3675,#673,.T.);
#4788=EDGE_CURVE('',#3675,#3676,#674,.T.);
#4789=EDGE_CURVE('',#3670,#3676,#675,.T.);
#4790=EDGE_CURVE('',#3676,#3677,#676,.T.);
#4791=EDGE_CURVE('',#3671,#3677,#677,.T.);
#4792=EDGE_CURVE('',#3677,#3678,#678,.T.);
#4793=EDGE_CURVE('',#3672,#3678,#679,.T.);
#4794=EDGE_CURVE('',#3678,#3679,#680,.T.);
#4795=EDGE_CURVE('',#3673,#3679,#681,.T.);
#4796=EDGE_CURVE('',#3679,#3680,#682,.T.);
#4797=EDGE_CURVE('',#3667,#3680,#683,.T.);
#4798=EDGE_CURVE('',#3680,#3681,#684,.T.);
#4799=EDGE_CURVE('',#3681,#3666,#685,.T.);
#4800=EDGE_CURVE('',#3681,#3674,#686,.T.);
#4801=EDGE_CURVE('',#3674,#3489,#687,.T.);
#4802=EDGE_CURVE('',#3485,#3489,#688,.F.);
#4803=EDGE_CURVE('',#3675,#3485,#689,.T.);
#4804=EDGE_CURVE('',#3676,#3484,#690,.T.);
#4805=EDGE_CURVE('',#3496,#3484,#691,.F.);
#4806=EDGE_CURVE('',#3677,#3496,#692,.F.);
#4807=EDGE_CURVE('',#3678,#3495,#693,.F.);
#4808=EDGE_CURVE('',#3481,#3495,#694,.F.);
#4809=EDGE_CURVE('',#3679,#3481,#695,.T.);
#4810=EDGE_CURVE('',#3680,#3480,#696,.T.);
#4811=EDGE_CURVE('',#3490,#3480,#697,.F.);
#4812=EDGE_CURVE('',#3681,#3490,#698,.T.);
#4813=ORIENTED_EDGE('',*,*,#3682,.T.);
#4814=ORIENTED_EDGE('',*,*,#3683,.T.);
#4815=ORIENTED_EDGE('',*,*,#3684,.T.);
#4816=ORIENTED_EDGE('',*,*,#3685,.T.);
#4817=ORIENTED_EDGE('',*,*,#3685,.F.);
#4818=ORIENTED_EDGE('',*,*,#3686,.T.);
#4819=ORIENTED_EDGE('',*,*,#3687,.T.);
#4820=ORIENTED_EDGE('',*,*,#3688,.F.);
#4821=ORIENTED_EDGE('',*,*,#3684,.F.);
#4822=ORIENTED_EDGE('',*,*,#3689,.F.);
#4823=ORIENTED_EDGE('',*,*,#3690,.F.);
#4824=ORIENTED_EDGE('',*,*,#3691,.F.);
#4825=ORIENTED_EDGE('',*,*,#3692,.F.);
#4826=ORIENTED_EDGE('',*,*,#3693,.T.);
#4827=ORIENTED_EDGE('',*,*,#3694,.F.);
#4828=ORIENTED_EDGE('',*,*,#3695,.F.);
#4829=ORIENTED_EDGE('',*,*,#3696,.F.);
#4830=ORIENTED_EDGE('',*,*,#3686,.F.);
#4831=ORIENTED_EDGE('',*,*,#3690,.T.);
#4832=ORIENTED_EDGE('',*,*,#3697,.T.);
#4833=ORIENTED_EDGE('',*,*,#3698,.T.);
#4834=ORIENTED_EDGE('',*,*,#3699,.T.);
#4835=ORIENTED_EDGE('',*,*,#3699,.F.);
#4836=ORIENTED_EDGE('',*,*,#3700,.T.);
#4837=ORIENTED_EDGE('',*,*,#3701,.T.);
#4838=ORIENTED_EDGE('',*,*,#3691,.T.);
#4839=ORIENTED_EDGE('',*,*,#3702,.T.);
#4840=ORIENTED_EDGE('',*,*,#3703,.T.);
#4841=ORIENTED_EDGE('',*,*,#3704,.T.);
#4842=ORIENTED_EDGE('',*,*,#3705,.T.);
#4843=ORIENTED_EDGE('',*,*,#3703,.F.);
#4844=ORIENTED_EDGE('',*,*,#3706,.T.);
#4845=ORIENTED_EDGE('',*,*,#3707,.F.);
#4846=ORIENTED_EDGE('',*,*,#3708,.F.);
#4847=ORIENTED_EDGE('',*,*,#3702,.F.);
#4848=ORIENTED_EDGE('',*,*,#3709,.F.);
#4849=ORIENTED_EDGE('',*,*,#3710,.F.);
#4850=ORIENTED_EDGE('',*,*,#3711,.T.);
#4851=ORIENTED_EDGE('',*,*,#3712,.F.);
#4852=ORIENTED_EDGE('',*,*,#3713,.T.);
#4853=ORIENTED_EDGE('',*,*,#3714,.F.);
#4854=ORIENTED_EDGE('',*,*,#3715,.F.);
#4855=ORIENTED_EDGE('',*,*,#3716,.F.);
#4856=ORIENTED_EDGE('',*,*,#3706,.F.);
#4857=ORIENTED_EDGE('',*,*,#3717,.T.);
#4858=ORIENTED_EDGE('',*,*,#3707,.T.);
#4859=ORIENTED_EDGE('',*,*,#3716,.T.);
#4860=ORIENTED_EDGE('',*,*,#3718,.T.);
#4861=ORIENTED_EDGE('',*,*,#3718,.F.);
#4862=ORIENTED_EDGE('',*,*,#3715,.T.);
#4863=ORIENTED_EDGE('',*,*,#3719,.T.);
#4864=ORIENTED_EDGE('',*,*,#3720,.T.);
#4865=ORIENTED_EDGE('',*,*,#3721,.T.);
#4866=ORIENTED_EDGE('',*,*,#3722,.T.);
#4867=ORIENTED_EDGE('',*,*,#3723,.T.);
#4868=ORIENTED_EDGE('',*,*,#3724,.T.);
#4869=ORIENTED_EDGE('',*,*,#3722,.F.);
#4870=ORIENTED_EDGE('',*,*,#3725,.T.);
#4871=ORIENTED_EDGE('',*,*,#3726,.F.);
#4872=ORIENTED_EDGE('',*,*,#3727,.F.);
#4873=ORIENTED_EDGE('',*,*,#3721,.F.);
#4874=ORIENTED_EDGE('',*,*,#3728,.F.);
#4875=ORIENTED_EDGE('',*,*,#3729,.F.);
#4876=ORIENTED_EDGE('',*,*,#3730,.T.);
#4877=ORIENTED_EDGE('',*,*,#3731,.F.);
#4878=ORIENTED_EDGE('',*,*,#3732,.T.);
#4879=ORIENTED_EDGE('',*,*,#3733,.F.);
#4880=ORIENTED_EDGE('',*,*,#3734,.F.);
#4881=ORIENTED_EDGE('',*,*,#3735,.F.);
#4882=ORIENTED_EDGE('',*,*,#3725,.F.);
#4883=ORIENTED_EDGE('',*,*,#3736,.T.);
#4884=ORIENTED_EDGE('',*,*,#3726,.T.);
#4885=ORIENTED_EDGE('',*,*,#3735,.T.);
#4886=ORIENTED_EDGE('',*,*,#3737,.T.);
#4887=ORIENTED_EDGE('',*,*,#3737,.F.);
#4888=ORIENTED_EDGE('',*,*,#3734,.T.);
#4889=ORIENTED_EDGE('',*,*,#3738,.T.);
#4890=ORIENTED_EDGE('',*,*,#3739,.T.);
#4891=ORIENTED_EDGE('',*,*,#3740,.T.);
#4892=ORIENTED_EDGE('',*,*,#3741,.T.);
#4893=ORIENTED_EDGE('',*,*,#3742,.T.);
#4894=ORIENTED_EDGE('',*,*,#3743,.T.);
#4895=ORIENTED_EDGE('',*,*,#3742,.F.);
#4896=ORIENTED_EDGE('',*,*,#3744,.F.);
#4897=ORIENTED_EDGE('',*,*,#3745,.F.);
#4898=ORIENTED_EDGE('',*,*,#3746,.F.);
#4899=ORIENTED_EDGE('',*,*,#3747,.F.);
#4900=ORIENTED_EDGE('',*,*,#3748,.T.);
#4901=ORIENTED_EDGE('',*,*,#3749,.F.);
#4902=ORIENTED_EDGE('',*,*,#3750,.F.);
#4903=ORIENTED_EDGE('',*,*,#3751,.F.);
#4904=ORIENTED_EDGE('',*,*,#3752,.F.);
#4905=ORIENTED_EDGE('',*,*,#3741,.F.);
#4906=ORIENTED_EDGE('',*,*,#3753,.F.);
#4907=ORIENTED_EDGE('',*,*,#3754,.F.);
#4908=ORIENTED_EDGE('',*,*,#3744,.T.);
#4909=ORIENTED_EDGE('',*,*,#3745,.T.);
#4910=ORIENTED_EDGE('',*,*,#3754,.T.);
#4911=ORIENTED_EDGE('',*,*,#3755,.T.);
#4912=ORIENTED_EDGE('',*,*,#3756,.T.);
#4913=ORIENTED_EDGE('',*,*,#3757,.T.);
#4914=ORIENTED_EDGE('',*,*,#3758,.T.);
#4915=ORIENTED_EDGE('',*,*,#3759,.T.);
#4916=ORIENTED_EDGE('',*,*,#3760,.T.);
#4917=ORIENTED_EDGE('',*,*,#3760,.F.);
#4918=ORIENTED_EDGE('',*,*,#3761,.T.);
#4919=ORIENTED_EDGE('',*,*,#3762,.T.);
#4920=ORIENTED_EDGE('',*,*,#3763,.T.);
#4921=ORIENTED_EDGE('',*,*,#3759,.F.);
#4922=ORIENTED_EDGE('',*,*,#3764,.F.);
#4923=ORIENTED_EDGE('',*,*,#3765,.F.);
#4924=ORIENTED_EDGE('',*,*,#3766,.F.);
#4925=ORIENTED_EDGE('',*,*,#3767,.F.);
#4926=ORIENTED_EDGE('',*,*,#3768,.T.);
#4927=ORIENTED_EDGE('',*,*,#3769,.F.);
#4928=ORIENTED_EDGE('',*,*,#3770,.F.);
#4929=ORIENTED_EDGE('',*,*,#3771,.F.);
#4930=ORIENTED_EDGE('',*,*,#3761,.F.);
#4931=ORIENTED_EDGE('',*,*,#3765,.T.);
#4932=ORIENTED_EDGE('',*,*,#3772,.T.);
#4933=ORIENTED_EDGE('',*,*,#3773,.T.);
#4934=ORIENTED_EDGE('',*,*,#3774,.T.);
#4935=ORIENTED_EDGE('',*,*,#3774,.F.);
#4936=ORIENTED_EDGE('',*,*,#3775,.T.);
#4937=ORIENTED_EDGE('',*,*,#3776,.T.);
#4938=ORIENTED_EDGE('',*,*,#3766,.T.);
#4939=ORIENTED_EDGE('',*,*,#3777,.T.);
#4940=ORIENTED_EDGE('',*,*,#3778,.T.);
#4941=ORIENTED_EDGE('',*,*,#3779,.T.);
#4942=ORIENTED_EDGE('',*,*,#3780,.T.);
#4943=ORIENTED_EDGE('',*,*,#3778,.F.);
#4944=ORIENTED_EDGE('',*,*,#3781,.F.);
#4945=ORIENTED_EDGE('',*,*,#3782,.F.);
#4946=ORIENTED_EDGE('',*,*,#3783,.F.);
#4947=ORIENTED_EDGE('',*,*,#3777,.F.);
#4948=ORIENTED_EDGE('',*,*,#3784,.F.);
#4949=ORIENTED_EDGE('',*,*,#3785,.F.);
#4950=ORIENTED_EDGE('',*,*,#3786,.T.);
#4951=ORIENTED_EDGE('',*,*,#3787,.F.);
#4952=ORIENTED_EDGE('',*,*,#3788,.T.);
#4953=ORIENTED_EDGE('',*,*,#3789,.F.);
#4954=ORIENTED_EDGE('',*,*,#3790,.F.);
#4955=ORIENTED_EDGE('',*,*,#3791,.F.);
#4956=ORIENTED_EDGE('',*,*,#3781,.T.);
#4957=ORIENTED_EDGE('',*,*,#3792,.T.);
#4958=ORIENTED_EDGE('',*,*,#3782,.T.);
#4959=ORIENTED_EDGE('',*,*,#3791,.T.);
#4960=ORIENTED_EDGE('',*,*,#3793,.T.);
#4961=ORIENTED_EDGE('',*,*,#3793,.F.);
#4962=ORIENTED_EDGE('',*,*,#3790,.T.);
#4963=ORIENTED_EDGE('',*,*,#3794,.T.);
#4964=ORIENTED_EDGE('',*,*,#3795,.T.);
#4965=ORIENTED_EDGE('',*,*,#3796,.T.);
#4966=ORIENTED_EDGE('',*,*,#3797,.T.);
#4967=ORIENTED_EDGE('',*,*,#3798,.T.);
#4968=ORIENTED_EDGE('',*,*,#3799,.T.);
#4969=ORIENTED_EDGE('',*,*,#3798,.F.);
#4970=ORIENTED_EDGE('',*,*,#3800,.F.);
#4971=ORIENTED_EDGE('',*,*,#3801,.F.);
#4972=ORIENTED_EDGE('',*,*,#3802,.F.);
#4973=ORIENTED_EDGE('',*,*,#3803,.F.);
#4974=ORIENTED_EDGE('',*,*,#3804,.T.);
#4975=ORIENTED_EDGE('',*,*,#3805,.F.);
#4976=ORIENTED_EDGE('',*,*,#3806,.F.);
#4977=ORIENTED_EDGE('',*,*,#3807,.F.);
#4978=ORIENTED_EDGE('',*,*,#3808,.F.);
#4979=ORIENTED_EDGE('',*,*,#3797,.F.);
#4980=ORIENTED_EDGE('',*,*,#3809,.F.);
#4981=ORIENTED_EDGE('',*,*,#3810,.F.);
#4982=ORIENTED_EDGE('',*,*,#3800,.T.);
#4983=ORIENTED_EDGE('',*,*,#3801,.T.);
#4984=ORIENTED_EDGE('',*,*,#3810,.T.);
#4985=ORIENTED_EDGE('',*,*,#3811,.T.);
#4986=ORIENTED_EDGE('',*,*,#3812,.T.);
#4987=ORIENTED_EDGE('',*,*,#3813,.T.);
#4988=ORIENTED_EDGE('',*,*,#3814,.T.);
#4989=ORIENTED_EDGE('',*,*,#3815,.T.);
#4990=ORIENTED_EDGE('',*,*,#3816,.T.);
#4991=ORIENTED_EDGE('',*,*,#3816,.F.);
#4992=ORIENTED_EDGE('',*,*,#3817,.T.);
#4993=ORIENTED_EDGE('',*,*,#3818,.T.);
#4994=ORIENTED_EDGE('',*,*,#3819,.T.);
#4995=ORIENTED_EDGE('',*,*,#3815,.F.);
#4996=ORIENTED_EDGE('',*,*,#3820,.T.);
#4997=ORIENTED_EDGE('',*,*,#3821,.F.);
#4998=ORIENTED_EDGE('',*,*,#3822,.F.);
#4999=ORIENTED_EDGE('',*,*,#3823,.F.);
#5000=ORIENTED_EDGE('',*,*,#3824,.T.);
#5001=ORIENTED_EDGE('',*,*,#3825,.F.);
#5002=ORIENTED_EDGE('',*,*,#3826,.F.);
#5003=ORIENTED_EDGE('',*,*,#3827,.F.);
#5004=ORIENTED_EDGE('',*,*,#3817,.F.);
#5005=ORIENTED_EDGE('',*,*,#3821,.T.);
#5006=ORIENTED_EDGE('',*,*,#3828,.T.);
#5007=ORIENTED_EDGE('',*,*,#3829,.T.);
#5008=ORIENTED_EDGE('',*,*,#3830,.T.);
#5009=ORIENTED_EDGE('',*,*,#3830,.F.);
#5010=ORIENTED_EDGE('',*,*,#3831,.T.);
#5011=ORIENTED_EDGE('',*,*,#3832,.T.);
#5012=ORIENTED_EDGE('',*,*,#3822,.T.);
#5013=ORIENTED_EDGE('',*,*,#3833,.T.);
#5014=ORIENTED_EDGE('',*,*,#3834,.T.);
#5015=ORIENTED_EDGE('',*,*,#3835,.T.);
#5016=ORIENTED_EDGE('',*,*,#3836,.T.);
#5017=ORIENTED_EDGE('',*,*,#3834,.F.);
#5018=ORIENTED_EDGE('',*,*,#3837,.F.);
#5019=ORIENTED_EDGE('',*,*,#3838,.F.);
#5020=ORIENTED_EDGE('',*,*,#3839,.T.);
#5021=ORIENTED_EDGE('',*,*,#3833,.F.);
#5022=ORIENTED_EDGE('',*,*,#3840,.F.);
#5023=ORIENTED_EDGE('',*,*,#3841,.F.);
#5024=ORIENTED_EDGE('',*,*,#3842,.T.);
#5025=ORIENTED_EDGE('',*,*,#3843,.F.);
#5026=ORIENTED_EDGE('',*,*,#3844,.T.);
#5027=ORIENTED_EDGE('',*,*,#3845,.F.);
#5028=ORIENTED_EDGE('',*,*,#3846,.F.);
#5029=ORIENTED_EDGE('',*,*,#3847,.F.);
#5030=ORIENTED_EDGE('',*,*,#3837,.T.);
#5031=ORIENTED_EDGE('',*,*,#3848,.T.);
#5032=ORIENTED_EDGE('',*,*,#3838,.T.);
#5033=ORIENTED_EDGE('',*,*,#3847,.T.);
#5034=ORIENTED_EDGE('',*,*,#3849,.T.);
#5035=ORIENTED_EDGE('',*,*,#3849,.F.);
#5036=ORIENTED_EDGE('',*,*,#3846,.T.);
#5037=ORIENTED_EDGE('',*,*,#3850,.T.);
#5038=ORIENTED_EDGE('',*,*,#3851,.T.);
#5039=ORIENTED_EDGE('',*,*,#3852,.T.);
#5040=ORIENTED_EDGE('',*,*,#3853,.T.);
#5041=ORIENTED_EDGE('',*,*,#3854,.T.);
#5042=ORIENTED_EDGE('',*,*,#3855,.T.);
#5043=ORIENTED_EDGE('',*,*,#3855,.F.);
#5044=ORIENTED_EDGE('',*,*,#3856,.T.);
#5045=ORIENTED_EDGE('',*,*,#3857,.T.);
#5046=ORIENTED_EDGE('',*,*,#3858,.F.);
#5047=ORIENTED_EDGE('',*,*,#3854,.F.);
#5048=ORIENTED_EDGE('',*,*,#3859,.F.);
#5049=ORIENTED_EDGE('',*,*,#3860,.F.);
#5050=ORIENTED_EDGE('',*,*,#3861,.F.);
#5051=ORIENTED_EDGE('',*,*,#3862,.F.);
#5052=ORIENTED_EDGE('',*,*,#3863,.T.);
#5053=ORIENTED_EDGE('',*,*,#3864,.F.);
#5054=ORIENTED_EDGE('',*,*,#3865,.F.);
#5055=ORIENTED_EDGE('',*,*,#3866,.F.);
#5056=ORIENTED_EDGE('',*,*,#3856,.F.);
#5057=ORIENTED_EDGE('',*,*,#3860,.T.);
#5058=ORIENTED_EDGE('',*,*,#3867,.T.);
#5059=ORIENTED_EDGE('',*,*,#3868,.T.);
#5060=ORIENTED_EDGE('',*,*,#3869,.T.);
#5061=ORIENTED_EDGE('',*,*,#3869,.F.);
#5062=ORIENTED_EDGE('',*,*,#3870,.T.);
#5063=ORIENTED_EDGE('',*,*,#3871,.T.);
#5064=ORIENTED_EDGE('',*,*,#3861,.T.);
#5065=ORIENTED_EDGE('',*,*,#3872,.T.);
#5066=ORIENTED_EDGE('',*,*,#3873,.T.);
#5067=ORIENTED_EDGE('',*,*,#3874,.T.);
#5068=ORIENTED_EDGE('',*,*,#3875,.T.);
#5069=ORIENTED_EDGE('',*,*,#3873,.F.);
#5070=ORIENTED_EDGE('',*,*,#3876,.T.);
#5071=ORIENTED_EDGE('',*,*,#3877,.F.);
#5072=ORIENTED_EDGE('',*,*,#3878,.T.);
#5073=ORIENTED_EDGE('',*,*,#3872,.F.);
#5074=ORIENTED_EDGE('',*,*,#3879,.F.);
#5075=ORIENTED_EDGE('',*,*,#3880,.F.);
#5076=ORIENTED_EDGE('',*,*,#3881,.T.);
#5077=ORIENTED_EDGE('',*,*,#3882,.F.);
#5078=ORIENTED_EDGE('',*,*,#3883,.T.);
#5079=ORIENTED_EDGE('',*,*,#3884,.F.);
#5080=ORIENTED_EDGE('',*,*,#3885,.F.);
#5081=ORIENTED_EDGE('',*,*,#3886,.F.);
#5082=ORIENTED_EDGE('',*,*,#3876,.F.);
#5083=ORIENTED_EDGE('',*,*,#3887,.T.);
#5084=ORIENTED_EDGE('',*,*,#3877,.T.);
#5085=ORIENTED_EDGE('',*,*,#3886,.T.);
#5086=ORIENTED_EDGE('',*,*,#3888,.T.);
#5087=ORIENTED_EDGE('',*,*,#3888,.F.);
#5088=ORIENTED_EDGE('',*,*,#3885,.T.);
#5089=ORIENTED_EDGE('',*,*,#3889,.T.);
#5090=ORIENTED_EDGE('',*,*,#3890,.T.);
#5091=ORIENTED_EDGE('',*,*,#3891,.T.);
#5092=ORIENTED_EDGE('',*,*,#3892,.T.);
#5093=ORIENTED_EDGE('',*,*,#3893,.T.);
#5094=ORIENTED_EDGE('',*,*,#3894,.T.);
#5095=ORIENTED_EDGE('',*,*,#3892,.F.);
#5096=ORIENTED_EDGE('',*,*,#3895,.F.);
#5097=ORIENTED_EDGE('',*,*,#3896,.F.);
#5098=ORIENTED_EDGE('',*,*,#3897,.T.);
#5099=ORIENTED_EDGE('',*,*,#3891,.F.);
#5100=ORIENTED_EDGE('',*,*,#3898,.F.);
#5101=ORIENTED_EDGE('',*,*,#3899,.F.);
#5102=ORIENTED_EDGE('',*,*,#3900,.T.);
#5103=ORIENTED_EDGE('',*,*,#3901,.F.);
#5104=ORIENTED_EDGE('',*,*,#3902,.T.);
#5105=ORIENTED_EDGE('',*,*,#3903,.F.);
#5106=ORIENTED_EDGE('',*,*,#3904,.F.);
#5107=ORIENTED_EDGE('',*,*,#3905,.F.);
#5108=ORIENTED_EDGE('',*,*,#3895,.T.);
#5109=ORIENTED_EDGE('',*,*,#3906,.T.);
#5110=ORIENTED_EDGE('',*,*,#3896,.T.);
#5111=ORIENTED_EDGE('',*,*,#3905,.T.);
#5112=ORIENTED_EDGE('',*,*,#3907,.T.);
#5113=ORIENTED_EDGE('',*,*,#3907,.F.);
#5114=ORIENTED_EDGE('',*,*,#3904,.T.);
#5115=ORIENTED_EDGE('',*,*,#3908,.T.);
#5116=ORIENTED_EDGE('',*,*,#3909,.T.);
#5117=ORIENTED_EDGE('',*,*,#3910,.T.);
#5118=ORIENTED_EDGE('',*,*,#3911,.T.);
#5119=ORIENTED_EDGE('',*,*,#3912,.T.);
#5120=ORIENTED_EDGE('',*,*,#3913,.T.);
#5121=ORIENTED_EDGE('',*,*,#3911,.F.);
#5122=ORIENTED_EDGE('',*,*,#3914,.F.);
#5123=ORIENTED_EDGE('',*,*,#3915,.F.);
#5124=ORIENTED_EDGE('',*,*,#3916,.T.);
#5125=ORIENTED_EDGE('',*,*,#3910,.F.);
#5126=ORIENTED_EDGE('',*,*,#3917,.T.);
#5127=ORIENTED_EDGE('',*,*,#3918,.F.);
#5128=ORIENTED_EDGE('',*,*,#3919,.T.);
#5129=ORIENTED_EDGE('',*,*,#3920,.F.);
#5130=ORIENTED_EDGE('',*,*,#3921,.T.);
#5131=ORIENTED_EDGE('',*,*,#3922,.F.);
#5132=ORIENTED_EDGE('',*,*,#3923,.F.);
#5133=ORIENTED_EDGE('',*,*,#3924,.F.);
#5134=ORIENTED_EDGE('',*,*,#3914,.T.);
#5135=ORIENTED_EDGE('',*,*,#3925,.T.);
#5136=ORIENTED_EDGE('',*,*,#3915,.T.);
#5137=ORIENTED_EDGE('',*,*,#3924,.T.);
#5138=ORIENTED_EDGE('',*,*,#3926,.T.);
#5139=ORIENTED_EDGE('',*,*,#3926,.F.);
#5140=ORIENTED_EDGE('',*,*,#3923,.T.);
#5141=ORIENTED_EDGE('',*,*,#3927,.T.);
#5142=ORIENTED_EDGE('',*,*,#3928,.T.);
#5143=ORIENTED_EDGE('',*,*,#3929,.T.);
#5144=ORIENTED_EDGE('',*,*,#3930,.T.);
#5145=ORIENTED_EDGE('',*,*,#3931,.T.);
#5146=ORIENTED_EDGE('',*,*,#3932,.T.);
#5147=ORIENTED_EDGE('',*,*,#3930,.F.);
#5148=ORIENTED_EDGE('',*,*,#3933,.T.);
#5149=ORIENTED_EDGE('',*,*,#3934,.F.);
#5150=ORIENTED_EDGE('',*,*,#3935,.F.);
#5151=ORIENTED_EDGE('',*,*,#3929,.F.);
#5152=ORIENTED_EDGE('',*,*,#3936,.F.);
#5153=ORIENTED_EDGE('',*,*,#3937,.F.);
#5154=ORIENTED_EDGE('',*,*,#3938,.T.);
#5155=ORIENTED_EDGE('',*,*,#3939,.F.);
#5156=ORIENTED_EDGE('',*,*,#3940,.T.);
#5157=ORIENTED_EDGE('',*,*,#3941,.F.);
#5158=ORIENTED_EDGE('',*,*,#3942,.F.);
#5159=ORIENTED_EDGE('',*,*,#3943,.F.);
#5160=ORIENTED_EDGE('',*,*,#3933,.F.);
#5161=ORIENTED_EDGE('',*,*,#3944,.T.);
#5162=ORIENTED_EDGE('',*,*,#3934,.T.);
#5163=ORIENTED_EDGE('',*,*,#3943,.T.);
#5164=ORIENTED_EDGE('',*,*,#3945,.T.);
#5165=ORIENTED_EDGE('',*,*,#3945,.F.);
#5166=ORIENTED_EDGE('',*,*,#3942,.T.);
#5167=ORIENTED_EDGE('',*,*,#3946,.T.);
#5168=ORIENTED_EDGE('',*,*,#3947,.T.);
#5169=ORIENTED_EDGE('',*,*,#3948,.T.);
#5170=ORIENTED_EDGE('',*,*,#3949,.T.);
#5171=ORIENTED_EDGE('',*,*,#3950,.T.);
#5172=ORIENTED_EDGE('',*,*,#3951,.T.);
#5173=ORIENTED_EDGE('',*,*,#3951,.F.);
#5174=ORIENTED_EDGE('',*,*,#3952,.T.);
#5175=ORIENTED_EDGE('',*,*,#3953,.T.);
#5176=ORIENTED_EDGE('',*,*,#3954,.T.);
#5177=ORIENTED_EDGE('',*,*,#3950,.F.);
#5178=ORIENTED_EDGE('',*,*,#3955,.F.);
#5179=ORIENTED_EDGE('',*,*,#3956,.F.);
#5180=ORIENTED_EDGE('',*,*,#3957,.F.);
#5181=ORIENTED_EDGE('',*,*,#3958,.F.);
#5182=ORIENTED_EDGE('',*,*,#3959,.T.);
#5183=ORIENTED_EDGE('',*,*,#3960,.F.);
#5184=ORIENTED_EDGE('',*,*,#3961,.F.);
#5185=ORIENTED_EDGE('',*,*,#3962,.F.);
#5186=ORIENTED_EDGE('',*,*,#3952,.F.);
#5187=ORIENTED_EDGE('',*,*,#3956,.T.);
#5188=ORIENTED_EDGE('',*,*,#3963,.T.);
#5189=ORIENTED_EDGE('',*,*,#3964,.T.);
#5190=ORIENTED_EDGE('',*,*,#3965,.T.);
#5191=ORIENTED_EDGE('',*,*,#3965,.F.);
#5192=ORIENTED_EDGE('',*,*,#3966,.T.);
#5193=ORIENTED_EDGE('',*,*,#3967,.T.);
#5194=ORIENTED_EDGE('',*,*,#3957,.T.);
#5195=ORIENTED_EDGE('',*,*,#3948,.F.);
#5196=ORIENTED_EDGE('',*,*,#3954,.F.);
#5197=ORIENTED_EDGE('',*,*,#3968,.F.);
#5198=ORIENTED_EDGE('',*,*,#3969,.T.);
#5199=ORIENTED_EDGE('',*,*,#3970,.F.);
#5200=ORIENTED_EDGE('',*,*,#3971,.T.);
#5201=ORIENTED_EDGE('',*,*,#3972,.F.);
#5202=ORIENTED_EDGE('',*,*,#3966,.F.);
#5203=ORIENTED_EDGE('',*,*,#3964,.F.);
#5204=ORIENTED_EDGE('',*,*,#3973,.F.);
#5205=ORIENTED_EDGE('',*,*,#3974,.T.);
#5206=ORIENTED_EDGE('',*,*,#3975,.T.);
#5207=ORIENTED_EDGE('',*,*,#3976,.T.);
#5208=ORIENTED_EDGE('',*,*,#3977,.T.);
#5209=ORIENTED_EDGE('',*,*,#3977,.F.);
#5210=ORIENTED_EDGE('',*,*,#3978,.T.);
#5211=ORIENTED_EDGE('',*,*,#3979,.T.);
#5212=ORIENTED_EDGE('',*,*,#3980,.T.);
#5213=ORIENTED_EDGE('',*,*,#3976,.F.);
#5214=ORIENTED_EDGE('',*,*,#3981,.F.);
#5215=ORIENTED_EDGE('',*,*,#3982,.F.);
#5216=ORIENTED_EDGE('',*,*,#3983,.F.);
#5217=ORIENTED_EDGE('',*,*,#3984,.F.);
#5218=ORIENTED_EDGE('',*,*,#3985,.T.);
#5219=ORIENTED_EDGE('',*,*,#3986,.F.);
#5220=ORIENTED_EDGE('',*,*,#3987,.F.);
#5221=ORIENTED_EDGE('',*,*,#3988,.F.);
#5222=ORIENTED_EDGE('',*,*,#3978,.F.);
#5223=ORIENTED_EDGE('',*,*,#3982,.T.);
#5224=ORIENTED_EDGE('',*,*,#3989,.T.);
#5225=ORIENTED_EDGE('',*,*,#3990,.T.);
#5226=ORIENTED_EDGE('',*,*,#3991,.T.);
#5227=ORIENTED_EDGE('',*,*,#3991,.F.);
#5228=ORIENTED_EDGE('',*,*,#3992,.T.);
#5229=ORIENTED_EDGE('',*,*,#3993,.T.);
#5230=ORIENTED_EDGE('',*,*,#3983,.T.);
#5231=ORIENTED_EDGE('',*,*,#3994,.T.);
#5232=ORIENTED_EDGE('',*,*,#3995,.T.);
#5233=ORIENTED_EDGE('',*,*,#3996,.T.);
#5234=ORIENTED_EDGE('',*,*,#3997,.T.);
#5235=ORIENTED_EDGE('',*,*,#3995,.F.);
#5236=ORIENTED_EDGE('',*,*,#3998,.T.);
#5237=ORIENTED_EDGE('',*,*,#3999,.F.);
#5238=ORIENTED_EDGE('',*,*,#4000,.T.);
#5239=ORIENTED_EDGE('',*,*,#3994,.F.);
#5240=ORIENTED_EDGE('',*,*,#4001,.F.);
#5241=ORIENTED_EDGE('',*,*,#4002,.F.);
#5242=ORIENTED_EDGE('',*,*,#4003,.T.);
#5243=ORIENTED_EDGE('',*,*,#4004,.F.);
#5244=ORIENTED_EDGE('',*,*,#4005,.T.);
#5245=ORIENTED_EDGE('',*,*,#4006,.F.);
#5246=ORIENTED_EDGE('',*,*,#4007,.F.);
#5247=ORIENTED_EDGE('',*,*,#4008,.F.);
#5248=ORIENTED_EDGE('',*,*,#3998,.F.);
#5249=ORIENTED_EDGE('',*,*,#4009,.T.);
#5250=ORIENTED_EDGE('',*,*,#3999,.T.);
#5251=ORIENTED_EDGE('',*,*,#4008,.T.);
#5252=ORIENTED_EDGE('',*,*,#4010,.T.);
#5253=ORIENTED_EDGE('',*,*,#4010,.F.);
#5254=ORIENTED_EDGE('',*,*,#4007,.T.);
#5255=ORIENTED_EDGE('',*,*,#4011,.T.);
#5256=ORIENTED_EDGE('',*,*,#4012,.T.);
#5257=ORIENTED_EDGE('',*,*,#4013,.T.);
#5258=ORIENTED_EDGE('',*,*,#4014,.T.);
#5259=ORIENTED_EDGE('',*,*,#4015,.T.);
#5260=ORIENTED_EDGE('',*,*,#4016,.T.);
#5261=ORIENTED_EDGE('',*,*,#4016,.F.);
#5262=ORIENTED_EDGE('',*,*,#4017,.T.);
#5263=ORIENTED_EDGE('',*,*,#4018,.T.);
#5264=ORIENTED_EDGE('',*,*,#4019,.T.);
#5265=ORIENTED_EDGE('',*,*,#4015,.F.);
#5266=ORIENTED_EDGE('',*,*,#4020,.F.);
#5267=ORIENTED_EDGE('',*,*,#4021,.F.);
#5268=ORIENTED_EDGE('',*,*,#4022,.F.);
#5269=ORIENTED_EDGE('',*,*,#4023,.F.);
#5270=ORIENTED_EDGE('',*,*,#4024,.T.);
#5271=ORIENTED_EDGE('',*,*,#4025,.F.);
#5272=ORIENTED_EDGE('',*,*,#4026,.F.);
#5273=ORIENTED_EDGE('',*,*,#4027,.F.);
#5274=ORIENTED_EDGE('',*,*,#4017,.F.);
#5275=ORIENTED_EDGE('',*,*,#4021,.T.);
#5276=ORIENTED_EDGE('',*,*,#4028,.T.);
#5277=ORIENTED_EDGE('',*,*,#4029,.T.);
#5278=ORIENTED_EDGE('',*,*,#4030,.T.);
#5279=ORIENTED_EDGE('',*,*,#4030,.F.);
#5280=ORIENTED_EDGE('',*,*,#4031,.T.);
#5281=ORIENTED_EDGE('',*,*,#4032,.T.);
#5282=ORIENTED_EDGE('',*,*,#4022,.T.);
#5283=ORIENTED_EDGE('',*,*,#4033,.T.);
#5284=ORIENTED_EDGE('',*,*,#4034,.T.);
#5285=ORIENTED_EDGE('',*,*,#4035,.T.);
#5286=ORIENTED_EDGE('',*,*,#4036,.T.);
#5287=ORIENTED_EDGE('',*,*,#4036,.F.);
#5288=ORIENTED_EDGE('',*,*,#4037,.T.);
#5289=ORIENTED_EDGE('',*,*,#4038,.T.);
#5290=ORIENTED_EDGE('',*,*,#4039,.T.);
#5291=ORIENTED_EDGE('',*,*,#4035,.F.);
#5292=ORIENTED_EDGE('',*,*,#4040,.F.);
#5293=ORIENTED_EDGE('',*,*,#4041,.F.);
#5294=ORIENTED_EDGE('',*,*,#4042,.F.);
#5295=ORIENTED_EDGE('',*,*,#4043,.F.);
#5296=ORIENTED_EDGE('',*,*,#4044,.T.);
#5297=ORIENTED_EDGE('',*,*,#4045,.F.);
#5298=ORIENTED_EDGE('',*,*,#4046,.F.);
#5299=ORIENTED_EDGE('',*,*,#4047,.F.);
#5300=ORIENTED_EDGE('',*,*,#4037,.F.);
#5301=ORIENTED_EDGE('',*,*,#4048,.T.);
#5302=ORIENTED_EDGE('',*,*,#4049,.T.);
#5303=ORIENTED_EDGE('',*,*,#4041,.T.);
#5304=ORIENTED_EDGE('',*,*,#4050,.T.);
#5305=ORIENTED_EDGE('',*,*,#4049,.F.);
#5306=ORIENTED_EDGE('',*,*,#4051,.T.);
#5307=ORIENTED_EDGE('',*,*,#4052,.T.);
#5308=ORIENTED_EDGE('',*,*,#4042,.T.);
#5309=ORIENTED_EDGE('',*,*,#4033,.F.);
#5310=ORIENTED_EDGE('',*,*,#4039,.F.);
#5311=ORIENTED_EDGE('',*,*,#4053,.F.);
#5312=ORIENTED_EDGE('',*,*,#4054,.T.);
#5313=ORIENTED_EDGE('',*,*,#4055,.F.);
#5314=ORIENTED_EDGE('',*,*,#4056,.T.);
#5315=ORIENTED_EDGE('',*,*,#4057,.F.);
#5316=ORIENTED_EDGE('',*,*,#4051,.F.);
#5317=ORIENTED_EDGE('',*,*,#4048,.F.);
#5318=ORIENTED_EDGE('',*,*,#4058,.T.);
#5319=ORIENTED_EDGE('',*,*,#4059,.T.);
#5320=ORIENTED_EDGE('',*,*,#4060,.T.);
#5321=ORIENTED_EDGE('',*,*,#4061,.T.);
#5322=ORIENTED_EDGE('',*,*,#4062,.T.);
#5323=ORIENTED_EDGE('',*,*,#4062,.F.);
#5324=ORIENTED_EDGE('',*,*,#4063,.T.);
#5325=ORIENTED_EDGE('',*,*,#4064,.T.);
#5326=ORIENTED_EDGE('',*,*,#4065,.T.);
#5327=ORIENTED_EDGE('',*,*,#4061,.F.);
#5328=ORIENTED_EDGE('',*,*,#4066,.F.);
#5329=ORIENTED_EDGE('',*,*,#4067,.F.);
#5330=ORIENTED_EDGE('',*,*,#4068,.F.);
#5331=ORIENTED_EDGE('',*,*,#4069,.F.);
#5332=ORIENTED_EDGE('',*,*,#4070,.T.);
#5333=ORIENTED_EDGE('',*,*,#4071,.F.);
#5334=ORIENTED_EDGE('',*,*,#4072,.F.);
#5335=ORIENTED_EDGE('',*,*,#4073,.F.);
#5336=ORIENTED_EDGE('',*,*,#4063,.F.);
#5337=ORIENTED_EDGE('',*,*,#4074,.T.);
#5338=ORIENTED_EDGE('',*,*,#4075,.T.);
#5339=ORIENTED_EDGE('',*,*,#4067,.T.);
#5340=ORIENTED_EDGE('',*,*,#4076,.T.);
#5341=ORIENTED_EDGE('',*,*,#4075,.F.);
#5342=ORIENTED_EDGE('',*,*,#4077,.T.);
#5343=ORIENTED_EDGE('',*,*,#4078,.T.);
#5344=ORIENTED_EDGE('',*,*,#4068,.T.);
#5345=ORIENTED_EDGE('',*,*,#4079,.T.);
#5346=ORIENTED_EDGE('',*,*,#4080,.T.);
#5347=ORIENTED_EDGE('',*,*,#4081,.T.);
#5348=ORIENTED_EDGE('',*,*,#4082,.T.);
#5349=ORIENTED_EDGE('',*,*,#4080,.F.);
#5350=ORIENTED_EDGE('',*,*,#4083,.F.);
#5351=ORIENTED_EDGE('',*,*,#4084,.F.);
#5352=ORIENTED_EDGE('',*,*,#4085,.T.);
#5353=ORIENTED_EDGE('',*,*,#4079,.F.);
#5354=ORIENTED_EDGE('',*,*,#4086,.F.);
#5355=ORIENTED_EDGE('',*,*,#4087,.F.);
#5356=ORIENTED_EDGE('',*,*,#4088,.T.);
#5357=ORIENTED_EDGE('',*,*,#4089,.F.);
#5358=ORIENTED_EDGE('',*,*,#4090,.T.);
#5359=ORIENTED_EDGE('',*,*,#4091,.F.);
#5360=ORIENTED_EDGE('',*,*,#4092,.F.);
#5361=ORIENTED_EDGE('',*,*,#4093,.F.);
#5362=ORIENTED_EDGE('',*,*,#4083,.T.);
#5363=ORIENTED_EDGE('',*,*,#4093,.T.);
#5364=ORIENTED_EDGE('',*,*,#4094,.T.);
#5365=ORIENTED_EDGE('',*,*,#4095,.T.);
#5366=ORIENTED_EDGE('',*,*,#4084,.T.);
#5367=ORIENTED_EDGE('',*,*,#4094,.F.);
#5368=ORIENTED_EDGE('',*,*,#4092,.T.);
#5369=ORIENTED_EDGE('',*,*,#4096,.T.);
#5370=ORIENTED_EDGE('',*,*,#4097,.T.);
#5371=ORIENTED_EDGE('',*,*,#4098,.T.);
#5372=ORIENTED_EDGE('',*,*,#4099,.T.);
#5373=ORIENTED_EDGE('',*,*,#4100,.T.);
#5374=ORIENTED_EDGE('',*,*,#4101,.T.);
#5375=ORIENTED_EDGE('',*,*,#4099,.F.);
#5376=ORIENTED_EDGE('',*,*,#4102,.T.);
#5377=ORIENTED_EDGE('',*,*,#4103,.F.);
#5378=ORIENTED_EDGE('',*,*,#4104,.F.);
#5379=ORIENTED_EDGE('',*,*,#4098,.F.);
#5380=ORIENTED_EDGE('',*,*,#4105,.F.);
#5381=ORIENTED_EDGE('',*,*,#4106,.F.);
#5382=ORIENTED_EDGE('',*,*,#4107,.T.);
#5383=ORIENTED_EDGE('',*,*,#4108,.F.);
#5384=ORIENTED_EDGE('',*,*,#4109,.T.);
#5385=ORIENTED_EDGE('',*,*,#4110,.F.);
#5386=ORIENTED_EDGE('',*,*,#4111,.F.);
#5387=ORIENTED_EDGE('',*,*,#4112,.F.);
#5388=ORIENTED_EDGE('',*,*,#4102,.F.);
#5389=ORIENTED_EDGE('',*,*,#4112,.T.);
#5390=ORIENTED_EDGE('',*,*,#4113,.T.);
#5391=ORIENTED_EDGE('',*,*,#4114,.T.);
#5392=ORIENTED_EDGE('',*,*,#4103,.T.);
#5393=ORIENTED_EDGE('',*,*,#4113,.F.);
#5394=ORIENTED_EDGE('',*,*,#4111,.T.);
#5395=ORIENTED_EDGE('',*,*,#4115,.T.);
#5396=ORIENTED_EDGE('',*,*,#4116,.T.);
#5397=ORIENTED_EDGE('',*,*,#4117,.T.);
#5398=ORIENTED_EDGE('',*,*,#4118,.T.);
#5399=ORIENTED_EDGE('',*,*,#4119,.T.);
#5400=ORIENTED_EDGE('',*,*,#4120,.T.);
#5401=ORIENTED_EDGE('',*,*,#4118,.F.);
#5402=ORIENTED_EDGE('',*,*,#4121,.T.);
#5403=ORIENTED_EDGE('',*,*,#4122,.F.);
#5404=ORIENTED_EDGE('',*,*,#4123,.T.);
#5405=ORIENTED_EDGE('',*,*,#4117,.F.);
#5406=ORIENTED_EDGE('',*,*,#4124,.F.);
#5407=ORIENTED_EDGE('',*,*,#4125,.F.);
#5408=ORIENTED_EDGE('',*,*,#4126,.T.);
#5409=ORIENTED_EDGE('',*,*,#4127,.F.);
#5410=ORIENTED_EDGE('',*,*,#4128,.T.);
#5411=ORIENTED_EDGE('',*,*,#4129,.F.);
#5412=ORIENTED_EDGE('',*,*,#4130,.F.);
#5413=ORIENTED_EDGE('',*,*,#4131,.F.);
#5414=ORIENTED_EDGE('',*,*,#4121,.F.);
#5415=ORIENTED_EDGE('',*,*,#4131,.T.);
#5416=ORIENTED_EDGE('',*,*,#4132,.T.);
#5417=ORIENTED_EDGE('',*,*,#4133,.T.);
#5418=ORIENTED_EDGE('',*,*,#4122,.T.);
#5419=ORIENTED_EDGE('',*,*,#4132,.F.);
#5420=ORIENTED_EDGE('',*,*,#4130,.T.);
#5421=ORIENTED_EDGE('',*,*,#4134,.T.);
#5422=ORIENTED_EDGE('',*,*,#4135,.T.);
#5423=ORIENTED_EDGE('',*,*,#4136,.T.);
#5424=ORIENTED_EDGE('',*,*,#4137,.T.);
#5425=ORIENTED_EDGE('',*,*,#4138,.T.);
#5426=ORIENTED_EDGE('',*,*,#4139,.T.);
#5427=ORIENTED_EDGE('',*,*,#4139,.F.);
#5428=ORIENTED_EDGE('',*,*,#4140,.T.);
#5429=ORIENTED_EDGE('',*,*,#4141,.T.);
#5430=ORIENTED_EDGE('',*,*,#4142,.F.);
#5431=ORIENTED_EDGE('',*,*,#4138,.F.);
#5432=ORIENTED_EDGE('',*,*,#4143,.T.);
#5433=ORIENTED_EDGE('',*,*,#4144,.F.);
#5434=ORIENTED_EDGE('',*,*,#4145,.F.);
#5435=ORIENTED_EDGE('',*,*,#4146,.F.);
#5436=ORIENTED_EDGE('',*,*,#4147,.T.);
#5437=ORIENTED_EDGE('',*,*,#4148,.F.);
#5438=ORIENTED_EDGE('',*,*,#4149,.F.);
#5439=ORIENTED_EDGE('',*,*,#4150,.F.);
#5440=ORIENTED_EDGE('',*,*,#4140,.F.);
#5441=ORIENTED_EDGE('',*,*,#4151,.T.);
#5442=ORIENTED_EDGE('',*,*,#4152,.T.);
#5443=ORIENTED_EDGE('',*,*,#4144,.T.);
#5444=ORIENTED_EDGE('',*,*,#4153,.T.);
#5445=ORIENTED_EDGE('',*,*,#4152,.F.);
#5446=ORIENTED_EDGE('',*,*,#4154,.T.);
#5447=ORIENTED_EDGE('',*,*,#4155,.T.);
#5448=ORIENTED_EDGE('',*,*,#4145,.T.);
#5449=ORIENTED_EDGE('',*,*,#3749,.T.);
#5450=ORIENTED_EDGE('',*,*,#4156,.T.);
#5451=ORIENTED_EDGE('',*,*,#4157,.T.);
#5452=ORIENTED_EDGE('',*,*,#4158,.T.);
#5453=ORIENTED_EDGE('',*,*,#4159,.F.);
#5454=ORIENTED_EDGE('',*,*,#4160,.F.);
#5455=ORIENTED_EDGE('',*,*,#4156,.F.);
#5456=ORIENTED_EDGE('',*,*,#3748,.F.);
#5457=ORIENTED_EDGE('',*,*,#4161,.F.);
#5458=ORIENTED_EDGE('',*,*,#4162,.F.);
#5459=ORIENTED_EDGE('',*,*,#4163,.F.);
#5460=ORIENTED_EDGE('',*,*,#3768,.F.);
#5461=ORIENTED_EDGE('',*,*,#4164,.F.);
#5462=ORIENTED_EDGE('',*,*,#3732,.F.);
#5463=ORIENTED_EDGE('',*,*,#4165,.F.);
#5464=ORIENTED_EDGE('',*,*,#4166,.F.);
#5465=ORIENTED_EDGE('',*,*,#4167,.F.);
#5466=ORIENTED_EDGE('',*,*,#3713,.F.);
#5467=ORIENTED_EDGE('',*,*,#4168,.F.);
#5468=ORIENTED_EDGE('',*,*,#4169,.F.);
#5469=ORIENTED_EDGE('',*,*,#4170,.F.);
#5470=ORIENTED_EDGE('',*,*,#4171,.F.);
#5471=ORIENTED_EDGE('',*,*,#4172,.F.);
#5472=ORIENTED_EDGE('',*,*,#3693,.F.);
#5473=ORIENTED_EDGE('',*,*,#4173,.F.);
#5474=ORIENTED_EDGE('',*,*,#3788,.F.);
#5475=ORIENTED_EDGE('',*,*,#4174,.F.);
#5476=ORIENTED_EDGE('',*,*,#4175,.F.);
#5477=ORIENTED_EDGE('',*,*,#4176,.F.);
#5478=ORIENTED_EDGE('',*,*,#3769,.T.);
#5479=ORIENTED_EDGE('',*,*,#4163,.T.);
#5480=ORIENTED_EDGE('',*,*,#4177,.T.);
#5481=ORIENTED_EDGE('',*,*,#4178,.T.);
#5482=ORIENTED_EDGE('',*,*,#4179,.T.);
#5483=ORIENTED_EDGE('',*,*,#4165,.T.);
#5484=ORIENTED_EDGE('',*,*,#3731,.T.);
#5485=ORIENTED_EDGE('',*,*,#4180,.T.);
#5486=ORIENTED_EDGE('',*,*,#4181,.T.);
#5487=ORIENTED_EDGE('',*,*,#4168,.T.);
#5488=ORIENTED_EDGE('',*,*,#3712,.T.);
#5489=ORIENTED_EDGE('',*,*,#4182,.T.);
#5490=ORIENTED_EDGE('',*,*,#4183,.T.);
#5491=ORIENTED_EDGE('',*,*,#4174,.T.);
#5492=ORIENTED_EDGE('',*,*,#3787,.T.);
#5493=ORIENTED_EDGE('',*,*,#4184,.T.);
#5494=ORIENTED_EDGE('',*,*,#3694,.T.);
#5495=ORIENTED_EDGE('',*,*,#4172,.T.);
#5496=ORIENTED_EDGE('',*,*,#4185,.T.);
#5497=ORIENTED_EDGE('',*,*,#4186,.T.);
#5498=ORIENTED_EDGE('',*,*,#3864,.T.);
#5499=ORIENTED_EDGE('',*,*,#4187,.T.);
#5500=ORIENTED_EDGE('',*,*,#4188,.T.);
#5501=ORIENTED_EDGE('',*,*,#4189,.T.);
#5502=ORIENTED_EDGE('',*,*,#4190,.F.);
#5503=ORIENTED_EDGE('',*,*,#4191,.F.);
#5504=ORIENTED_EDGE('',*,*,#4192,.F.);
#5505=ORIENTED_EDGE('',*,*,#3804,.F.);
#5506=ORIENTED_EDGE('',*,*,#4193,.F.);
#5507=ORIENTED_EDGE('',*,*,#4194,.F.);
#5508=ORIENTED_EDGE('',*,*,#4195,.F.);
#5509=ORIENTED_EDGE('',*,*,#3824,.F.);
#5510=ORIENTED_EDGE('',*,*,#4196,.F.);
#5511=ORIENTED_EDGE('',*,*,#3902,.F.);
#5512=ORIENTED_EDGE('',*,*,#4197,.F.);
#5513=ORIENTED_EDGE('',*,*,#4198,.F.);
#5514=ORIENTED_EDGE('',*,*,#4199,.F.);
#5515=ORIENTED_EDGE('',*,*,#3883,.F.);
#5516=ORIENTED_EDGE('',*,*,#4200,.F.);
#5517=ORIENTED_EDGE('',*,*,#4201,.F.);
#5518=ORIENTED_EDGE('',*,*,#4202,.F.);
#5519=ORIENTED_EDGE('',*,*,#4203,.F.);
#5520=ORIENTED_EDGE('',*,*,#4187,.F.);
#5521=ORIENTED_EDGE('',*,*,#3863,.F.);
#5522=ORIENTED_EDGE('',*,*,#4204,.F.);
#5523=ORIENTED_EDGE('',*,*,#3844,.F.);
#5524=ORIENTED_EDGE('',*,*,#4205,.F.);
#5525=ORIENTED_EDGE('',*,*,#4206,.F.);
#5526=ORIENTED_EDGE('',*,*,#4207,.F.);
#5527=ORIENTED_EDGE('',*,*,#4208,.T.);
#5528=ORIENTED_EDGE('',*,*,#4200,.T.);
#5529=ORIENTED_EDGE('',*,*,#3882,.T.);
#5530=ORIENTED_EDGE('',*,*,#4209,.T.);
#5531=ORIENTED_EDGE('',*,*,#4210,.T.);
#5532=ORIENTED_EDGE('',*,*,#4197,.T.);
#5533=ORIENTED_EDGE('',*,*,#3901,.T.);
#5534=ORIENTED_EDGE('',*,*,#4211,.T.);
#5535=ORIENTED_EDGE('',*,*,#3805,.T.);
#5536=ORIENTED_EDGE('',*,*,#4192,.T.);
#5537=ORIENTED_EDGE('',*,*,#4212,.T.);
#5538=ORIENTED_EDGE('',*,*,#4213,.T.);
#5539=ORIENTED_EDGE('',*,*,#3825,.T.);
#5540=ORIENTED_EDGE('',*,*,#4195,.T.);
#5541=ORIENTED_EDGE('',*,*,#4214,.T.);
#5542=ORIENTED_EDGE('',*,*,#4215,.T.);
#5543=ORIENTED_EDGE('',*,*,#4216,.T.);
#5544=ORIENTED_EDGE('',*,*,#4205,.T.);
#5545=ORIENTED_EDGE('',*,*,#3843,.T.);
#5546=ORIENTED_EDGE('',*,*,#4217,.T.);
#5547=ORIENTED_EDGE('',*,*,#4025,.T.);
#5548=ORIENTED_EDGE('',*,*,#4218,.T.);
#5549=ORIENTED_EDGE('',*,*,#4219,.T.);
#5550=ORIENTED_EDGE('',*,*,#4220,.T.);
#5551=ORIENTED_EDGE('',*,*,#4221,.F.);
#5552=ORIENTED_EDGE('',*,*,#3921,.F.);
#5553=ORIENTED_EDGE('',*,*,#4222,.F.);
#5554=ORIENTED_EDGE('',*,*,#4223,.F.);
#5555=ORIENTED_EDGE('',*,*,#4224,.F.);
#5556=ORIENTED_EDGE('',*,*,#3971,.F.);
#5557=ORIENTED_EDGE('',*,*,#4225,.F.);
#5558=ORIENTED_EDGE('',*,*,#3959,.F.);
#5559=ORIENTED_EDGE('',*,*,#4226,.F.);
#5560=ORIENTED_EDGE('',*,*,#4005,.F.);
#5561=ORIENTED_EDGE('',*,*,#4227,.F.);
#5562=ORIENTED_EDGE('',*,*,#4228,.F.);
#5563=ORIENTED_EDGE('',*,*,#4229,.F.);
#5564=ORIENTED_EDGE('',*,*,#4230,.F.);
#5565=ORIENTED_EDGE('',*,*,#4218,.F.);
#5566=ORIENTED_EDGE('',*,*,#4024,.F.);
#5567=ORIENTED_EDGE('',*,*,#4231,.F.);
#5568=ORIENTED_EDGE('',*,*,#3940,.F.);
#5569=ORIENTED_EDGE('',*,*,#4232,.F.);
#5570=ORIENTED_EDGE('',*,*,#4233,.F.);
#5571=ORIENTED_EDGE('',*,*,#4234,.F.);
#5572=ORIENTED_EDGE('',*,*,#4235,.F.);
#5573=ORIENTED_EDGE('',*,*,#4236,.F.);
#5574=ORIENTED_EDGE('',*,*,#3985,.F.);
#5575=ORIENTED_EDGE('',*,*,#4237,.F.);
#5576=ORIENTED_EDGE('',*,*,#4238,.T.);
#5577=ORIENTED_EDGE('',*,*,#4222,.T.);
#5578=ORIENTED_EDGE('',*,*,#3920,.T.);
#5579=ORIENTED_EDGE('',*,*,#4239,.T.);
#5580=ORIENTED_EDGE('',*,*,#4240,.T.);
#5581=ORIENTED_EDGE('',*,*,#4232,.T.);
#5582=ORIENTED_EDGE('',*,*,#3939,.T.);
#5583=ORIENTED_EDGE('',*,*,#4241,.T.);
#5584=ORIENTED_EDGE('',*,*,#3960,.T.);
#5585=ORIENTED_EDGE('',*,*,#4225,.T.);
#5586=ORIENTED_EDGE('',*,*,#3970,.T.);
#5587=ORIENTED_EDGE('',*,*,#4242,.T.);
#5588=ORIENTED_EDGE('',*,*,#3986,.T.);
#5589=ORIENTED_EDGE('',*,*,#4236,.T.);
#5590=ORIENTED_EDGE('',*,*,#4243,.T.);
#5591=ORIENTED_EDGE('',*,*,#4244,.T.);
#5592=ORIENTED_EDGE('',*,*,#4245,.T.);
#5593=ORIENTED_EDGE('',*,*,#4227,.T.);
#5594=ORIENTED_EDGE('',*,*,#4004,.T.);
#5595=ORIENTED_EDGE('',*,*,#4246,.T.);
#5596=ORIENTED_EDGE('',*,*,#4071,.T.);
#5597=ORIENTED_EDGE('',*,*,#4247,.T.);
#5598=ORIENTED_EDGE('',*,*,#4248,.T.);
#5599=ORIENTED_EDGE('',*,*,#4249,.T.);
#5600=ORIENTED_EDGE('',*,*,#4250,.F.);
#5601=ORIENTED_EDGE('',*,*,#4128,.F.);
#5602=ORIENTED_EDGE('',*,*,#4251,.F.);
#5603=ORIENTED_EDGE('',*,*,#4252,.F.);
#5604=ORIENTED_EDGE('',*,*,#4253,.F.);
#5605=ORIENTED_EDGE('',*,*,#4056,.F.);
#5606=ORIENTED_EDGE('',*,*,#4254,.F.);
#5607=ORIENTED_EDGE('',*,*,#4044,.F.);
#5608=ORIENTED_EDGE('',*,*,#4255,.F.);
#5609=ORIENTED_EDGE('',*,*,#4090,.F.);
#5610=ORIENTED_EDGE('',*,*,#4256,.F.);
#5611=ORIENTED_EDGE('',*,*,#4257,.F.);
#5612=ORIENTED_EDGE('',*,*,#4258,.F.);
#5613=ORIENTED_EDGE('',*,*,#4259,.F.);
#5614=ORIENTED_EDGE('',*,*,#4260,.F.);
#5615=ORIENTED_EDGE('',*,*,#4147,.F.);
#5616=ORIENTED_EDGE('',*,*,#4261,.F.);
#5617=ORIENTED_EDGE('',*,*,#4109,.F.);
#5618=ORIENTED_EDGE('',*,*,#4262,.F.);
#5619=ORIENTED_EDGE('',*,*,#4263,.F.);
#5620=ORIENTED_EDGE('',*,*,#4264,.F.);
#5621=ORIENTED_EDGE('',*,*,#4265,.F.);
#5622=ORIENTED_EDGE('',*,*,#4247,.F.);
#5623=ORIENTED_EDGE('',*,*,#4070,.F.);
#5624=ORIENTED_EDGE('',*,*,#4266,.F.);
#5625=ORIENTED_EDGE('',*,*,#4045,.T.);
#5626=ORIENTED_EDGE('',*,*,#4254,.T.);
#5627=ORIENTED_EDGE('',*,*,#4055,.T.);
#5628=ORIENTED_EDGE('',*,*,#4267,.T.);
#5629=ORIENTED_EDGE('',*,*,#4268,.T.);
#5630=ORIENTED_EDGE('',*,*,#4262,.T.);
#5631=ORIENTED_EDGE('',*,*,#4108,.T.);
#5632=ORIENTED_EDGE('',*,*,#4269,.T.);
#5633=ORIENTED_EDGE('',*,*,#4270,.T.);
#5634=ORIENTED_EDGE('',*,*,#4251,.T.);
#5635=ORIENTED_EDGE('',*,*,#4127,.T.);
#5636=ORIENTED_EDGE('',*,*,#4271,.T.);
#5637=ORIENTED_EDGE('',*,*,#4148,.T.);
#5638=ORIENTED_EDGE('',*,*,#4260,.T.);
#5639=ORIENTED_EDGE('',*,*,#4272,.T.);
#5640=ORIENTED_EDGE('',*,*,#4273,.T.);
#5641=ORIENTED_EDGE('',*,*,#4274,.T.);
#5642=ORIENTED_EDGE('',*,*,#4256,.T.);
#5643=ORIENTED_EDGE('',*,*,#4089,.T.);
#5644=ORIENTED_EDGE('',*,*,#4275,.T.);
#5645=ORIENTED_EDGE('',*,*,#4276,.T.);
#5646=ORIENTED_EDGE('',*,*,#4277,.T.);
#5647=ORIENTED_EDGE('',*,*,#4278,.T.);
#5648=ORIENTED_EDGE('',*,*,#4279,.T.);
#5649=ORIENTED_EDGE('',*,*,#4276,.F.);
#5650=ORIENTED_EDGE('',*,*,#4280,.T.);
#5651=ORIENTED_EDGE('',*,*,#4281,.T.);
#5652=ORIENTED_EDGE('',*,*,#4282,.T.);
#5653=ORIENTED_EDGE('',*,*,#4283,.T.);
#5654=ORIENTED_EDGE('',*,*,#4284,.T.);
#5655=ORIENTED_EDGE('',*,*,#4281,.F.);
#5656=ORIENTED_EDGE('',*,*,#4285,.T.);
#5657=ORIENTED_EDGE('',*,*,#4283,.F.);
#5658=ORIENTED_EDGE('',*,*,#4286,.T.);
#5659=ORIENTED_EDGE('',*,*,#4278,.F.);
#5660=ORIENTED_EDGE('',*,*,#4287,.T.);
#5661=ORIENTED_EDGE('',*,*,#4280,.F.);
#5662=ORIENTED_EDGE('',*,*,#4288,.T.);
#5663=ORIENTED_EDGE('',*,*,#4289,.F.);
#5664=ORIENTED_EDGE('',*,*,#4290,.F.);
#5665=ORIENTED_EDGE('',*,*,#4279,.F.);
#5666=ORIENTED_EDGE('',*,*,#4291,.F.);
#5667=ORIENTED_EDGE('',*,*,#4292,.F.);
#5668=ORIENTED_EDGE('',*,*,#4288,.F.);
#5669=ORIENTED_EDGE('',*,*,#4293,.F.);
#5670=ORIENTED_EDGE('',*,*,#4294,.F.);
#5671=ORIENTED_EDGE('',*,*,#4295,.F.);
#5672=ORIENTED_EDGE('',*,*,#4296,.F.);
#5673=ORIENTED_EDGE('',*,*,#4297,.F.);
#5674=ORIENTED_EDGE('',*,*,#4298,.F.);
#5675=ORIENTED_EDGE('',*,*,#4299,.F.);
#5676=ORIENTED_EDGE('',*,*,#4300,.F.);
#5677=ORIENTED_EDGE('',*,*,#4301,.F.);
#5678=ORIENTED_EDGE('',*,*,#4302,.F.);
#5679=ORIENTED_EDGE('',*,*,#4303,.F.);
#5680=ORIENTED_EDGE('',*,*,#4304,.F.);
#5681=ORIENTED_EDGE('',*,*,#4305,.F.);
#5682=ORIENTED_EDGE('',*,*,#4306,.F.);
#5683=ORIENTED_EDGE('',*,*,#4307,.T.);
#5684=ORIENTED_EDGE('',*,*,#4308,.F.);
#5685=ORIENTED_EDGE('',*,*,#4309,.T.);
#5686=ORIENTED_EDGE('',*,*,#4310,.F.);
#5687=ORIENTED_EDGE('',*,*,#4311,.T.);
#5688=ORIENTED_EDGE('',*,*,#4312,.F.);
#5689=ORIENTED_EDGE('',*,*,#4313,.T.);
#5690=ORIENTED_EDGE('',*,*,#4314,.F.);
#5691=ORIENTED_EDGE('',*,*,#4315,.T.);
#5692=ORIENTED_EDGE('',*,*,#4316,.F.);
#5693=ORIENTED_EDGE('',*,*,#4317,.T.);
#5694=ORIENTED_EDGE('',*,*,#4318,.F.);
#5695=ORIENTED_EDGE('',*,*,#4277,.F.);
#5696=ORIENTED_EDGE('',*,*,#4282,.F.);
#5697=ORIENTED_EDGE('',*,*,#4284,.F.);
#5698=ORIENTED_EDGE('',*,*,#4287,.F.);
#5699=ORIENTED_EDGE('',*,*,#4319,.T.);
#5700=ORIENTED_EDGE('',*,*,#4320,.T.);
#5701=ORIENTED_EDGE('',*,*,#4321,.T.);
#5702=ORIENTED_EDGE('',*,*,#4322,.T.);
#5703=ORIENTED_EDGE('',*,*,#4323,.T.);
#5704=ORIENTED_EDGE('',*,*,#4324,.T.);
#5705=ORIENTED_EDGE('',*,*,#4321,.F.);
#5706=ORIENTED_EDGE('',*,*,#4325,.T.);
#5707=ORIENTED_EDGE('',*,*,#4326,.T.);
#5708=ORIENTED_EDGE('',*,*,#4327,.T.);
#5709=ORIENTED_EDGE('',*,*,#4323,.F.);
#5710=ORIENTED_EDGE('',*,*,#4289,.T.);
#5711=ORIENTED_EDGE('',*,*,#4319,.F.);
#5712=ORIENTED_EDGE('',*,*,#4328,.T.);
#5713=ORIENTED_EDGE('',*,*,#4326,.F.);
#5714=ORIENTED_EDGE('',*,*,#4292,.T.);
#5715=ORIENTED_EDGE('',*,*,#4285,.F.);
#5716=ORIENTED_EDGE('',*,*,#4290,.T.);
#5717=ORIENTED_EDGE('',*,*,#4325,.F.);
#5718=ORIENTED_EDGE('',*,*,#4329,.T.);
#5719=ORIENTED_EDGE('',*,*,#4286,.F.);
#5720=ORIENTED_EDGE('',*,*,#4329,.F.);
#5721=ORIENTED_EDGE('',*,*,#4320,.F.);
#5722=ORIENTED_EDGE('',*,*,#4291,.T.);
#5723=ORIENTED_EDGE('',*,*,#4322,.F.);
#5724=ORIENTED_EDGE('',*,*,#4324,.F.);
#5725=ORIENTED_EDGE('',*,*,#4327,.F.);
#5726=ORIENTED_EDGE('',*,*,#4328,.F.);
#5727=ORIENTED_EDGE('',*,*,#4330,.T.);
#5728=ORIENTED_EDGE('',*,*,#4303,.T.);
#5729=ORIENTED_EDGE('',*,*,#4331,.T.);
#5730=ORIENTED_EDGE('',*,*,#4332,.T.);
#5731=ORIENTED_EDGE('',*,*,#4333,.T.);
#5732=ORIENTED_EDGE('',*,*,#4304,.T.);
#5733=ORIENTED_EDGE('',*,*,#4330,.F.);
#5734=ORIENTED_EDGE('',*,*,#4334,.T.);
#5735=ORIENTED_EDGE('',*,*,#4335,.T.);
#5736=ORIENTED_EDGE('',*,*,#4305,.T.);
#5737=ORIENTED_EDGE('',*,*,#4333,.F.);
#5738=ORIENTED_EDGE('',*,*,#4336,.T.);
#5739=ORIENTED_EDGE('',*,*,#4331,.F.);
#5740=ORIENTED_EDGE('',*,*,#4306,.T.);
#5741=ORIENTED_EDGE('',*,*,#4335,.F.);
#5742=ORIENTED_EDGE('',*,*,#4337,.T.);
#5743=ORIENTED_EDGE('',*,*,#4334,.F.);
#5744=ORIENTED_EDGE('',*,*,#4338,.F.);
#5745=ORIENTED_EDGE('',*,*,#4339,.F.);
#5746=ORIENTED_EDGE('',*,*,#4340,.T.);
#5747=ORIENTED_EDGE('',*,*,#4332,.F.);
#5748=ORIENTED_EDGE('',*,*,#4341,.T.);
#5749=ORIENTED_EDGE('',*,*,#4342,.F.);
#5750=ORIENTED_EDGE('',*,*,#4338,.T.);
#5751=ORIENTED_EDGE('',*,*,#4343,.T.);
#5752=ORIENTED_EDGE('',*,*,#4344,.T.);
#5753=ORIENTED_EDGE('',*,*,#4345,.T.);
#5754=ORIENTED_EDGE('',*,*,#4346,.T.);
#5755=ORIENTED_EDGE('',*,*,#4347,.T.);
#5756=ORIENTED_EDGE('',*,*,#4348,.T.);
#5757=ORIENTED_EDGE('',*,*,#4345,.F.);
#5758=ORIENTED_EDGE('',*,*,#4339,.T.);
#5759=ORIENTED_EDGE('',*,*,#4349,.T.);
#5760=ORIENTED_EDGE('',*,*,#4350,.T.);
#5761=ORIENTED_EDGE('',*,*,#4347,.F.);
#5762=ORIENTED_EDGE('',*,*,#4342,.T.);
#5763=ORIENTED_EDGE('',*,*,#4349,.F.);
#5764=ORIENTED_EDGE('',*,*,#4351,.T.);
#5765=ORIENTED_EDGE('',*,*,#4343,.F.);
#5766=ORIENTED_EDGE('',*,*,#4352,.T.);
#5767=ORIENTED_EDGE('',*,*,#4336,.F.);
#5768=ORIENTED_EDGE('',*,*,#4340,.F.);
#5769=ORIENTED_EDGE('',*,*,#4344,.F.);
#5770=ORIENTED_EDGE('',*,*,#4353,.F.);
#5771=ORIENTED_EDGE('',*,*,#4346,.F.);
#5772=ORIENTED_EDGE('',*,*,#4348,.F.);
#5773=ORIENTED_EDGE('',*,*,#4350,.F.);
#5774=ORIENTED_EDGE('',*,*,#4352,.F.);
#5775=ORIENTED_EDGE('',*,*,#4337,.F.);
#5776=ORIENTED_EDGE('',*,*,#4353,.T.);
#5777=ORIENTED_EDGE('',*,*,#4351,.F.);
#5778=ORIENTED_EDGE('',*,*,#4341,.F.);
#5779=ORIENTED_EDGE('',*,*,#3796,.F.);
#5780=ORIENTED_EDGE('',*,*,#4354,.F.);
#5781=ORIENTED_EDGE('',*,*,#4355,.F.);
#5782=ORIENTED_EDGE('',*,*,#4356,.T.);
#5783=ORIENTED_EDGE('',*,*,#4212,.F.);
#5784=ORIENTED_EDGE('',*,*,#4191,.T.);
#5785=ORIENTED_EDGE('',*,*,#4357,.F.);
#5786=ORIENTED_EDGE('',*,*,#4358,.F.);
#5787=ORIENTED_EDGE('',*,*,#3811,.F.);
#5788=ORIENTED_EDGE('',*,*,#3809,.T.);
#5789=ORIENTED_EDGE('',*,*,#3740,.F.);
#5790=ORIENTED_EDGE('',*,*,#4359,.F.);
#5791=ORIENTED_EDGE('',*,*,#4360,.F.);
#5792=ORIENTED_EDGE('',*,*,#4361,.T.);
#5793=ORIENTED_EDGE('',*,*,#4157,.F.);
#5794=ORIENTED_EDGE('',*,*,#4160,.T.);
#5795=ORIENTED_EDGE('',*,*,#4362,.F.);
#5796=ORIENTED_EDGE('',*,*,#4363,.F.);
#5797=ORIENTED_EDGE('',*,*,#3755,.F.);
#5798=ORIENTED_EDGE('',*,*,#3753,.T.);
#5799=ORIENTED_EDGE('',*,*,#4364,.T.);
#5800=ORIENTED_EDGE('',*,*,#4365,.T.);
#5801=ORIENTED_EDGE('',*,*,#4366,.F.);
#5802=ORIENTED_EDGE('',*,*,#4367,.F.);
#5803=ORIENTED_EDGE('',*,*,#4368,.F.);
#5804=ORIENTED_EDGE('',*,*,#4369,.T.);
#5805=ORIENTED_EDGE('',*,*,#4370,.T.);
#5806=ORIENTED_EDGE('',*,*,#4371,.T.);
#5807=ORIENTED_EDGE('',*,*,#4372,.F.);
#5808=ORIENTED_EDGE('',*,*,#4373,.T.);
#5809=ORIENTED_EDGE('',*,*,#4374,.T.);
#5810=ORIENTED_EDGE('',*,*,#4375,.T.);
#5811=ORIENTED_EDGE('',*,*,#4376,.F.);
#5812=ORIENTED_EDGE('',*,*,#4377,.F.);
#5813=ORIENTED_EDGE('',*,*,#4378,.F.);
#5814=ORIENTED_EDGE('',*,*,#4379,.T.);
#5815=ORIENTED_EDGE('',*,*,#4380,.T.);
#5816=ORIENTED_EDGE('',*,*,#4381,.T.);
#5817=ORIENTED_EDGE('',*,*,#4382,.F.);
#5818=ORIENTED_EDGE('',*,*,#4383,.F.);
#5819=ORIENTED_EDGE('',*,*,#4384,.F.);
#5820=ORIENTED_EDGE('',*,*,#4385,.T.);
#5821=ORIENTED_EDGE('',*,*,#4386,.T.);
#5822=ORIENTED_EDGE('',*,*,#4387,.T.);
#5823=ORIENTED_EDGE('',*,*,#4388,.F.);
#5824=ORIENTED_EDGE('',*,*,#4389,.T.);
#5825=ORIENTED_EDGE('',*,*,#4390,.T.);
#5826=ORIENTED_EDGE('',*,*,#4391,.T.);
#5827=ORIENTED_EDGE('',*,*,#4392,.F.);
#5828=ORIENTED_EDGE('',*,*,#4393,.F.);
#5829=ORIENTED_EDGE('',*,*,#4394,.F.);
#5830=ORIENTED_EDGE('',*,*,#4395,.T.);
#5831=ORIENTED_EDGE('',*,*,#4396,.F.);
#5832=ORIENTED_EDGE('',*,*,#4397,.T.);
#5833=ORIENTED_EDGE('',*,*,#4394,.T.);
#5834=ORIENTED_EDGE('',*,*,#4398,.F.);
#5835=ORIENTED_EDGE('',*,*,#4399,.T.);
#5836=ORIENTED_EDGE('',*,*,#4400,.T.);
#5837=ORIENTED_EDGE('',*,*,#4366,.T.);
#5838=ORIENTED_EDGE('',*,*,#4401,.T.);
#5839=ORIENTED_EDGE('',*,*,#4396,.T.);
#5840=ORIENTED_EDGE('',*,*,#4402,.F.);
#5841=ORIENTED_EDGE('',*,*,#4364,.F.);
#5842=ORIENTED_EDGE('',*,*,#4403,.F.);
#5843=ORIENTED_EDGE('',*,*,#4404,.F.);
#5844=ORIENTED_EDGE('',*,*,#4405,.T.);
#5845=ORIENTED_EDGE('',*,*,#4378,.T.);
#5846=ORIENTED_EDGE('',*,*,#4406,.F.);
#5847=ORIENTED_EDGE('',*,*,#4407,.T.);
#5848=ORIENTED_EDGE('',*,*,#4408,.T.);
#5849=ORIENTED_EDGE('',*,*,#4382,.T.);
#5850=ORIENTED_EDGE('',*,*,#4409,.T.);
#5851=ORIENTED_EDGE('',*,*,#4404,.T.);
#5852=ORIENTED_EDGE('',*,*,#4410,.F.);
#5853=ORIENTED_EDGE('',*,*,#4380,.F.);
#5854=ORIENTED_EDGE('',*,*,#4411,.F.);
#5855=ORIENTED_EDGE('',*,*,#4412,.T.);
#5856=ORIENTED_EDGE('',*,*,#4388,.T.);
#5857=ORIENTED_EDGE('',*,*,#4413,.T.);
#5858=ORIENTED_EDGE('',*,*,#4414,.F.);
#5859=ORIENTED_EDGE('',*,*,#4415,.T.);
#5860=ORIENTED_EDGE('',*,*,#4384,.T.);
#5861=ORIENTED_EDGE('',*,*,#4416,.F.);
#5862=ORIENTED_EDGE('',*,*,#4417,.T.);
#5863=ORIENTED_EDGE('',*,*,#4418,.T.);
#5864=ORIENTED_EDGE('',*,*,#4392,.T.);
#5865=ORIENTED_EDGE('',*,*,#4419,.T.);
#5866=ORIENTED_EDGE('',*,*,#4420,.F.);
#5867=ORIENTED_EDGE('',*,*,#4410,.T.);
#5868=ORIENTED_EDGE('',*,*,#4409,.F.);
#5869=ORIENTED_EDGE('',*,*,#4381,.F.);
#5870=ORIENTED_EDGE('',*,*,#4405,.F.);
#5871=ORIENTED_EDGE('',*,*,#4411,.T.);
#5872=ORIENTED_EDGE('',*,*,#4379,.F.);
#5873=ORIENTED_EDGE('',*,*,#4421,.T.);
#5874=ORIENTED_EDGE('',*,*,#4419,.F.);
#5875=ORIENTED_EDGE('',*,*,#4391,.F.);
#5876=ORIENTED_EDGE('',*,*,#4412,.F.);
#5877=ORIENTED_EDGE('',*,*,#4422,.T.);
#5878=ORIENTED_EDGE('',*,*,#4389,.F.);
#5879=ORIENTED_EDGE('',*,*,#4420,.T.);
#5880=ORIENTED_EDGE('',*,*,#4421,.F.);
#5881=ORIENTED_EDGE('',*,*,#4390,.F.);
#5882=ORIENTED_EDGE('',*,*,#4422,.F.);
#5883=ORIENTED_EDGE('',*,*,#4423,.T.);
#5884=ORIENTED_EDGE('',*,*,#4413,.F.);
#5885=ORIENTED_EDGE('',*,*,#4387,.F.);
#5886=ORIENTED_EDGE('',*,*,#4415,.F.);
#5887=ORIENTED_EDGE('',*,*,#4424,.T.);
#5888=ORIENTED_EDGE('',*,*,#4385,.F.);
#5889=ORIENTED_EDGE('',*,*,#4414,.T.);
#5890=ORIENTED_EDGE('',*,*,#4423,.F.);
#5891=ORIENTED_EDGE('',*,*,#4386,.F.);
#5892=ORIENTED_EDGE('',*,*,#4424,.F.);
#5893=ORIENTED_EDGE('',*,*,#4402,.T.);
#5894=ORIENTED_EDGE('',*,*,#4401,.F.);
#5895=ORIENTED_EDGE('',*,*,#4365,.F.);
#5896=ORIENTED_EDGE('',*,*,#4397,.F.);
#5897=ORIENTED_EDGE('',*,*,#4403,.T.);
#5898=ORIENTED_EDGE('',*,*,#4395,.F.);
#5899=ORIENTED_EDGE('',*,*,#4425,.T.);
#5900=ORIENTED_EDGE('',*,*,#4372,.T.);
#5901=ORIENTED_EDGE('',*,*,#4426,.T.);
#5902=ORIENTED_EDGE('',*,*,#4427,.F.);
#5903=ORIENTED_EDGE('',*,*,#4428,.T.);
#5904=ORIENTED_EDGE('',*,*,#4368,.T.);
#5905=ORIENTED_EDGE('',*,*,#4429,.F.);
#5906=ORIENTED_EDGE('',*,*,#4430,.T.);
#5907=ORIENTED_EDGE('',*,*,#4431,.T.);
#5908=ORIENTED_EDGE('',*,*,#4376,.T.);
#5909=ORIENTED_EDGE('',*,*,#4432,.T.);
#5910=ORIENTED_EDGE('',*,*,#4433,.F.);
#5911=ORIENTED_EDGE('',*,*,#4427,.T.);
#5912=ORIENTED_EDGE('',*,*,#4434,.F.);
#5913=ORIENTED_EDGE('',*,*,#4370,.F.);
#5914=ORIENTED_EDGE('',*,*,#4435,.F.);
#5915=ORIENTED_EDGE('',*,*,#4434,.T.);
#5916=ORIENTED_EDGE('',*,*,#4426,.F.);
#5917=ORIENTED_EDGE('',*,*,#4371,.F.);
#5918=ORIENTED_EDGE('',*,*,#4428,.F.);
#5919=ORIENTED_EDGE('',*,*,#4435,.T.);
#5920=ORIENTED_EDGE('',*,*,#4369,.F.);
#5921=ORIENTED_EDGE('',*,*,#4436,.T.);
#5922=ORIENTED_EDGE('',*,*,#4432,.F.);
#5923=ORIENTED_EDGE('',*,*,#4375,.F.);
#5924=ORIENTED_EDGE('',*,*,#4425,.F.);
#5925=ORIENTED_EDGE('',*,*,#4437,.T.);
#5926=ORIENTED_EDGE('',*,*,#4373,.F.);
#5927=ORIENTED_EDGE('',*,*,#4433,.T.);
#5928=ORIENTED_EDGE('',*,*,#4436,.F.);
#5929=ORIENTED_EDGE('',*,*,#4374,.F.);
#5930=ORIENTED_EDGE('',*,*,#4437,.F.);
#5931=ORIENTED_EDGE('',*,*,#4438,.F.);
#5932=ORIENTED_EDGE('',*,*,#4439,.T.);
#5933=ORIENTED_EDGE('',*,*,#4440,.T.);
#5934=ORIENTED_EDGE('',*,*,#3937,.T.);
#5935=ORIENTED_EDGE('',*,*,#3932,.F.);
#5936=ORIENTED_EDGE('',*,*,#4441,.T.);
#5937=ORIENTED_EDGE('',*,*,#4438,.T.);
#5938=ORIENTED_EDGE('',*,*,#3936,.T.);
#5939=ORIENTED_EDGE('',*,*,#4241,.F.);
#5940=ORIENTED_EDGE('',*,*,#3938,.F.);
#5941=ORIENTED_EDGE('',*,*,#4440,.F.);
#5942=ORIENTED_EDGE('',*,*,#4442,.T.);
#5943=ORIENTED_EDGE('',*,*,#3953,.F.);
#5944=ORIENTED_EDGE('',*,*,#3962,.T.);
#5945=ORIENTED_EDGE('',*,*,#4443,.T.);
#5946=ORIENTED_EDGE('',*,*,#3968,.T.);
#5947=ORIENTED_EDGE('',*,*,#3949,.F.);
#5948=ORIENTED_EDGE('',*,*,#3973,.T.);
#5949=ORIENTED_EDGE('',*,*,#3963,.F.);
#5950=ORIENTED_EDGE('',*,*,#3955,.T.);
#5951=ORIENTED_EDGE('',*,*,#4242,.F.);
#5952=ORIENTED_EDGE('',*,*,#3969,.F.);
#5953=ORIENTED_EDGE('',*,*,#4443,.F.);
#5954=ORIENTED_EDGE('',*,*,#3961,.T.);
#5955=ORIENTED_EDGE('',*,*,#4444,.F.);
#5956=ORIENTED_EDGE('',*,*,#4445,.T.);
#5957=ORIENTED_EDGE('',*,*,#4446,.T.);
#5958=ORIENTED_EDGE('',*,*,#3918,.T.);
#5959=ORIENTED_EDGE('',*,*,#3913,.F.);
#5960=ORIENTED_EDGE('',*,*,#4447,.T.);
#5961=ORIENTED_EDGE('',*,*,#4444,.T.);
#5962=ORIENTED_EDGE('',*,*,#3917,.F.);
#5963=ORIENTED_EDGE('',*,*,#4239,.F.);
#5964=ORIENTED_EDGE('',*,*,#3919,.F.);
#5965=ORIENTED_EDGE('',*,*,#4446,.F.);
#5966=ORIENTED_EDGE('',*,*,#4448,.T.);
#5967=ORIENTED_EDGE('',*,*,#3979,.F.);
#5968=ORIENTED_EDGE('',*,*,#3988,.T.);
#5969=ORIENTED_EDGE('',*,*,#4449,.T.);
#5970=ORIENTED_EDGE('',*,*,#4450,.T.);
#5971=ORIENTED_EDGE('',*,*,#3975,.F.);
#5972=ORIENTED_EDGE('',*,*,#4451,.F.);
#5973=ORIENTED_EDGE('',*,*,#3989,.F.);
#5974=ORIENTED_EDGE('',*,*,#3981,.T.);
#5975=ORIENTED_EDGE('',*,*,#4244,.F.);
#5976=ORIENTED_EDGE('',*,*,#4452,.F.);
#5977=ORIENTED_EDGE('',*,*,#4449,.F.);
#5978=ORIENTED_EDGE('',*,*,#3987,.T.);
#5979=ORIENTED_EDGE('',*,*,#4018,.F.);
#5980=ORIENTED_EDGE('',*,*,#4027,.T.);
#5981=ORIENTED_EDGE('',*,*,#4453,.T.);
#5982=ORIENTED_EDGE('',*,*,#4454,.T.);
#5983=ORIENTED_EDGE('',*,*,#4014,.F.);
#5984=ORIENTED_EDGE('',*,*,#4455,.F.);
#5985=ORIENTED_EDGE('',*,*,#4028,.F.);
#5986=ORIENTED_EDGE('',*,*,#4020,.T.);
#5987=ORIENTED_EDGE('',*,*,#4220,.F.);
#5988=ORIENTED_EDGE('',*,*,#4456,.F.);
#5989=ORIENTED_EDGE('',*,*,#4453,.F.);
#5990=ORIENTED_EDGE('',*,*,#4026,.T.);
#5991=ORIENTED_EDGE('',*,*,#4457,.F.);
#5992=ORIENTED_EDGE('',*,*,#4458,.T.);
#5993=ORIENTED_EDGE('',*,*,#4459,.T.);
#5994=ORIENTED_EDGE('',*,*,#4002,.T.);
#5995=ORIENTED_EDGE('',*,*,#3997,.F.);
#5996=ORIENTED_EDGE('',*,*,#4460,.T.);
#5997=ORIENTED_EDGE('',*,*,#4457,.T.);
#5998=ORIENTED_EDGE('',*,*,#4001,.T.);
#5999=ORIENTED_EDGE('',*,*,#4246,.F.);
#6000=ORIENTED_EDGE('',*,*,#4003,.F.);
#6001=ORIENTED_EDGE('',*,*,#4459,.F.);
#6002=ORIENTED_EDGE('',*,*,#4461,.T.);
#6003=ORIENTED_EDGE('',*,*,#4462,.F.);
#6004=ORIENTED_EDGE('',*,*,#4463,.T.);
#6005=ORIENTED_EDGE('',*,*,#4464,.T.);
#6006=ORIENTED_EDGE('',*,*,#4125,.T.);
#6007=ORIENTED_EDGE('',*,*,#4120,.F.);
#6008=ORIENTED_EDGE('',*,*,#4465,.T.);
#6009=ORIENTED_EDGE('',*,*,#4462,.T.);
#6010=ORIENTED_EDGE('',*,*,#4124,.T.);
#6011=ORIENTED_EDGE('',*,*,#4271,.F.);
#6012=ORIENTED_EDGE('',*,*,#4126,.F.);
#6013=ORIENTED_EDGE('',*,*,#4464,.F.);
#6014=ORIENTED_EDGE('',*,*,#4466,.T.);
#6015=ORIENTED_EDGE('',*,*,#4467,.F.);
#6016=ORIENTED_EDGE('',*,*,#4468,.T.);
#6017=ORIENTED_EDGE('',*,*,#4469,.T.);
#6018=ORIENTED_EDGE('',*,*,#4106,.T.);
#6019=ORIENTED_EDGE('',*,*,#4101,.F.);
#6020=ORIENTED_EDGE('',*,*,#4470,.T.);
#6021=ORIENTED_EDGE('',*,*,#4467,.T.);
#6022=ORIENTED_EDGE('',*,*,#4105,.T.);
#6023=ORIENTED_EDGE('',*,*,#4269,.F.);
#6024=ORIENTED_EDGE('',*,*,#4107,.F.);
#6025=ORIENTED_EDGE('',*,*,#4469,.F.);
#6026=ORIENTED_EDGE('',*,*,#4471,.T.);
#6027=ORIENTED_EDGE('',*,*,#4141,.F.);
#6028=ORIENTED_EDGE('',*,*,#4150,.T.);
#6029=ORIENTED_EDGE('',*,*,#4472,.T.);
#6030=ORIENTED_EDGE('',*,*,#4473,.T.);
#6031=ORIENTED_EDGE('',*,*,#4137,.F.);
#6032=ORIENTED_EDGE('',*,*,#4474,.F.);
#6033=ORIENTED_EDGE('',*,*,#4153,.F.);
#6034=ORIENTED_EDGE('',*,*,#4143,.F.);
#6035=ORIENTED_EDGE('',*,*,#4273,.F.);
#6036=ORIENTED_EDGE('',*,*,#4475,.F.);
#6037=ORIENTED_EDGE('',*,*,#4472,.F.);
#6038=ORIENTED_EDGE('',*,*,#4149,.T.);
#6039=ORIENTED_EDGE('',*,*,#4038,.F.);
#6040=ORIENTED_EDGE('',*,*,#4047,.T.);
#6041=ORIENTED_EDGE('',*,*,#4476,.T.);
#6042=ORIENTED_EDGE('',*,*,#4053,.T.);
#6043=ORIENTED_EDGE('',*,*,#4034,.F.);
#6044=ORIENTED_EDGE('',*,*,#4058,.F.);
#6045=ORIENTED_EDGE('',*,*,#4050,.F.);
#6046=ORIENTED_EDGE('',*,*,#4040,.T.);
#6047=ORIENTED_EDGE('',*,*,#4267,.F.);
#6048=ORIENTED_EDGE('',*,*,#4054,.F.);
#6049=ORIENTED_EDGE('',*,*,#4476,.F.);
#6050=ORIENTED_EDGE('',*,*,#4046,.T.);
#6051=ORIENTED_EDGE('',*,*,#4477,.F.);
#6052=ORIENTED_EDGE('',*,*,#4478,.T.);
#6053=ORIENTED_EDGE('',*,*,#4479,.T.);
#6054=ORIENTED_EDGE('',*,*,#4087,.T.);
#6055=ORIENTED_EDGE('',*,*,#4082,.F.);
#6056=ORIENTED_EDGE('',*,*,#4480,.T.);
#6057=ORIENTED_EDGE('',*,*,#4477,.T.);
#6058=ORIENTED_EDGE('',*,*,#4086,.T.);
#6059=ORIENTED_EDGE('',*,*,#4275,.F.);
#6060=ORIENTED_EDGE('',*,*,#4088,.F.);
#6061=ORIENTED_EDGE('',*,*,#4479,.F.);
#6062=ORIENTED_EDGE('',*,*,#4481,.T.);
#6063=ORIENTED_EDGE('',*,*,#4064,.F.);
#6064=ORIENTED_EDGE('',*,*,#4073,.T.);
#6065=ORIENTED_EDGE('',*,*,#4482,.T.);
#6066=ORIENTED_EDGE('',*,*,#4483,.T.);
#6067=ORIENTED_EDGE('',*,*,#4060,.F.);
#6068=ORIENTED_EDGE('',*,*,#4484,.F.);
#6069=ORIENTED_EDGE('',*,*,#4076,.F.);
#6070=ORIENTED_EDGE('',*,*,#4066,.T.);
#6071=ORIENTED_EDGE('',*,*,#4249,.F.);
#6072=ORIENTED_EDGE('',*,*,#4485,.F.);
#6073=ORIENTED_EDGE('',*,*,#4482,.F.);
#6074=ORIENTED_EDGE('',*,*,#4072,.T.);
#6075=ORIENTED_EDGE('',*,*,#4486,.F.);
#6076=ORIENTED_EDGE('',*,*,#4487,.T.);
#6077=ORIENTED_EDGE('',*,*,#4488,.T.);
#6078=ORIENTED_EDGE('',*,*,#3880,.T.);
#6079=ORIENTED_EDGE('',*,*,#3875,.F.);
#6080=ORIENTED_EDGE('',*,*,#4489,.T.);
#6081=ORIENTED_EDGE('',*,*,#4486,.T.);
#6082=ORIENTED_EDGE('',*,*,#3879,.T.);
#6083=ORIENTED_EDGE('',*,*,#4209,.F.);
#6084=ORIENTED_EDGE('',*,*,#3881,.F.);
#6085=ORIENTED_EDGE('',*,*,#4488,.F.);
#6086=ORIENTED_EDGE('',*,*,#4490,.T.);
#6087=ORIENTED_EDGE('',*,*,#4491,.F.);
#6088=ORIENTED_EDGE('',*,*,#4492,.T.);
#6089=ORIENTED_EDGE('',*,*,#4493,.T.);
#6090=ORIENTED_EDGE('',*,*,#3899,.T.);
#6091=ORIENTED_EDGE('',*,*,#3894,.F.);
#6092=ORIENTED_EDGE('',*,*,#4494,.T.);
#6093=ORIENTED_EDGE('',*,*,#4491,.T.);
#6094=ORIENTED_EDGE('',*,*,#3898,.T.);
#6095=ORIENTED_EDGE('',*,*,#4211,.F.);
#6096=ORIENTED_EDGE('',*,*,#3900,.F.);
#6097=ORIENTED_EDGE('',*,*,#4493,.F.);
#6098=ORIENTED_EDGE('',*,*,#4495,.T.);
#6099=ORIENTED_EDGE('',*,*,#3857,.F.);
#6100=ORIENTED_EDGE('',*,*,#3866,.T.);
#6101=ORIENTED_EDGE('',*,*,#4496,.T.);
#6102=ORIENTED_EDGE('',*,*,#4497,.T.);
#6103=ORIENTED_EDGE('',*,*,#3853,.F.);
#6104=ORIENTED_EDGE('',*,*,#4498,.F.);
#6105=ORIENTED_EDGE('',*,*,#3867,.F.);
#6106=ORIENTED_EDGE('',*,*,#3859,.T.);
#6107=ORIENTED_EDGE('',*,*,#4189,.F.);
#6108=ORIENTED_EDGE('',*,*,#4499,.F.);
#6109=ORIENTED_EDGE('',*,*,#4496,.F.);
#6110=ORIENTED_EDGE('',*,*,#3865,.T.);
#6111=ORIENTED_EDGE('',*,*,#4500,.F.);
#6112=ORIENTED_EDGE('',*,*,#3807,.T.);
#6113=ORIENTED_EDGE('',*,*,#4501,.T.);
#6114=ORIENTED_EDGE('',*,*,#4355,.T.);
#6115=ORIENTED_EDGE('',*,*,#3799,.F.);
#6116=ORIENTED_EDGE('',*,*,#3808,.T.);
#6117=ORIENTED_EDGE('',*,*,#4500,.T.);
#6118=ORIENTED_EDGE('',*,*,#4354,.T.);
#6119=ORIENTED_EDGE('',*,*,#3812,.F.);
#6120=ORIENTED_EDGE('',*,*,#4358,.T.);
#6121=ORIENTED_EDGE('',*,*,#4502,.T.);
#6122=ORIENTED_EDGE('',*,*,#3802,.T.);
#6123=ORIENTED_EDGE('',*,*,#4213,.F.);
#6124=ORIENTED_EDGE('',*,*,#4356,.F.);
#6125=ORIENTED_EDGE('',*,*,#4501,.F.);
#6126=ORIENTED_EDGE('',*,*,#3806,.T.);
#6127=ORIENTED_EDGE('',*,*,#4503,.F.);
#6128=ORIENTED_EDGE('',*,*,#4504,.T.);
#6129=ORIENTED_EDGE('',*,*,#4505,.T.);
#6130=ORIENTED_EDGE('',*,*,#3841,.T.);
#6131=ORIENTED_EDGE('',*,*,#3836,.F.);
#6132=ORIENTED_EDGE('',*,*,#4506,.T.);
#6133=ORIENTED_EDGE('',*,*,#4503,.T.);
#6134=ORIENTED_EDGE('',*,*,#3840,.T.);
#6135=ORIENTED_EDGE('',*,*,#4217,.F.);
#6136=ORIENTED_EDGE('',*,*,#3842,.F.);
#6137=ORIENTED_EDGE('',*,*,#4505,.F.);
#6138=ORIENTED_EDGE('',*,*,#4507,.T.);
#6139=ORIENTED_EDGE('',*,*,#3818,.F.);
#6140=ORIENTED_EDGE('',*,*,#3827,.T.);
#6141=ORIENTED_EDGE('',*,*,#4508,.T.);
#6142=ORIENTED_EDGE('',*,*,#4509,.T.);
#6143=ORIENTED_EDGE('',*,*,#3814,.F.);
#6144=ORIENTED_EDGE('',*,*,#4510,.T.);
#6145=ORIENTED_EDGE('',*,*,#3828,.F.);
#6146=ORIENTED_EDGE('',*,*,#3820,.F.);
#6147=ORIENTED_EDGE('',*,*,#4215,.F.);
#6148=ORIENTED_EDGE('',*,*,#4511,.F.);
#6149=ORIENTED_EDGE('',*,*,#4508,.F.);
#6150=ORIENTED_EDGE('',*,*,#3826,.T.);
#6151=ORIENTED_EDGE('',*,*,#4512,.F.);
#6152=ORIENTED_EDGE('',*,*,#4513,.T.);
#6153=ORIENTED_EDGE('',*,*,#4514,.T.);
#6154=ORIENTED_EDGE('',*,*,#3710,.T.);
#6155=ORIENTED_EDGE('',*,*,#3705,.F.);
#6156=ORIENTED_EDGE('',*,*,#4515,.T.);
#6157=ORIENTED_EDGE('',*,*,#4512,.T.);
#6158=ORIENTED_EDGE('',*,*,#3709,.T.);
#6159=ORIENTED_EDGE('',*,*,#4182,.F.);
#6160=ORIENTED_EDGE('',*,*,#3711,.F.);
#6161=ORIENTED_EDGE('',*,*,#4514,.F.);
#6162=ORIENTED_EDGE('',*,*,#4516,.T.);
#6163=ORIENTED_EDGE('',*,*,#4517,.F.);
#6164=ORIENTED_EDGE('',*,*,#4518,.T.);
#6165=ORIENTED_EDGE('',*,*,#4519,.T.);
#6166=ORIENTED_EDGE('',*,*,#3729,.T.);
#6167=ORIENTED_EDGE('',*,*,#3724,.F.);
#6168=ORIENTED_EDGE('',*,*,#4520,.T.);
#6169=ORIENTED_EDGE('',*,*,#4517,.T.);
#6170=ORIENTED_EDGE('',*,*,#3728,.T.);
#6171=ORIENTED_EDGE('',*,*,#4180,.F.);
#6172=ORIENTED_EDGE('',*,*,#3730,.F.);
#6173=ORIENTED_EDGE('',*,*,#4519,.F.);
#6174=ORIENTED_EDGE('',*,*,#4521,.T.);
#6175=ORIENTED_EDGE('',*,*,#3687,.F.);
#6176=ORIENTED_EDGE('',*,*,#3696,.T.);
#6177=ORIENTED_EDGE('',*,*,#4522,.T.);
#6178=ORIENTED_EDGE('',*,*,#4523,.T.);
#6179=ORIENTED_EDGE('',*,*,#3683,.F.);
#6180=ORIENTED_EDGE('',*,*,#4524,.F.);
#6181=ORIENTED_EDGE('',*,*,#3697,.F.);
#6182=ORIENTED_EDGE('',*,*,#3689,.T.);
#6183=ORIENTED_EDGE('',*,*,#4186,.F.);
#6184=ORIENTED_EDGE('',*,*,#4525,.F.);
#6185=ORIENTED_EDGE('',*,*,#4522,.F.);
#6186=ORIENTED_EDGE('',*,*,#3695,.T.);
#6187=ORIENTED_EDGE('',*,*,#4526,.F.);
#6188=ORIENTED_EDGE('',*,*,#3751,.T.);
#6189=ORIENTED_EDGE('',*,*,#4527,.T.);
#6190=ORIENTED_EDGE('',*,*,#4360,.T.);
#6191=ORIENTED_EDGE('',*,*,#3743,.F.);
#6192=ORIENTED_EDGE('',*,*,#3752,.T.);
#6193=ORIENTED_EDGE('',*,*,#4526,.T.);
#6194=ORIENTED_EDGE('',*,*,#4359,.T.);
#6195=ORIENTED_EDGE('',*,*,#3756,.F.);
#6196=ORIENTED_EDGE('',*,*,#4363,.T.);
#6197=ORIENTED_EDGE('',*,*,#4528,.T.);
#6198=ORIENTED_EDGE('',*,*,#3746,.T.);
#6199=ORIENTED_EDGE('',*,*,#4158,.F.);
#6200=ORIENTED_EDGE('',*,*,#4361,.F.);
#6201=ORIENTED_EDGE('',*,*,#4527,.F.);
#6202=ORIENTED_EDGE('',*,*,#3750,.T.);
#6203=ORIENTED_EDGE('',*,*,#4529,.F.);
#6204=ORIENTED_EDGE('',*,*,#4530,.T.);
#6205=ORIENTED_EDGE('',*,*,#4531,.T.);
#6206=ORIENTED_EDGE('',*,*,#3785,.T.);
#6207=ORIENTED_EDGE('',*,*,#3780,.F.);
#6208=ORIENTED_EDGE('',*,*,#4532,.T.);
#6209=ORIENTED_EDGE('',*,*,#4529,.T.);
#6210=ORIENTED_EDGE('',*,*,#3784,.T.);
#6211=ORIENTED_EDGE('',*,*,#4184,.F.);
#6212=ORIENTED_EDGE('',*,*,#3786,.F.);
#6213=ORIENTED_EDGE('',*,*,#4531,.F.);
#6214=ORIENTED_EDGE('',*,*,#4533,.T.);
#6215=ORIENTED_EDGE('',*,*,#3762,.F.);
#6216=ORIENTED_EDGE('',*,*,#3771,.T.);
#6217=ORIENTED_EDGE('',*,*,#4534,.T.);
#6218=ORIENTED_EDGE('',*,*,#4535,.T.);
#6219=ORIENTED_EDGE('',*,*,#3758,.F.);
#6220=ORIENTED_EDGE('',*,*,#4536,.T.);
#6221=ORIENTED_EDGE('',*,*,#3772,.F.);
#6222=ORIENTED_EDGE('',*,*,#3764,.T.);
#6223=ORIENTED_EDGE('',*,*,#4178,.F.);
#6224=ORIENTED_EDGE('',*,*,#4537,.F.);
#6225=ORIENTED_EDGE('',*,*,#4534,.F.);
#6226=ORIENTED_EDGE('',*,*,#3770,.T.);
#6227=ORIENTED_EDGE('',*,*,#4538,.T.);
#6228=ORIENTED_EDGE('',*,*,#3946,.F.);
#6229=ORIENTED_EDGE('',*,*,#3941,.T.);
#6230=ORIENTED_EDGE('',*,*,#4234,.T.);
#6231=ORIENTED_EDGE('',*,*,#3931,.F.);
#6232=ORIENTED_EDGE('',*,*,#3935,.T.);
#6233=ORIENTED_EDGE('',*,*,#3944,.F.);
#6234=ORIENTED_EDGE('',*,*,#3947,.F.);
#6235=ORIENTED_EDGE('',*,*,#4538,.F.);
#6236=ORIENTED_EDGE('',*,*,#4233,.T.);
#6237=ORIENTED_EDGE('',*,*,#4240,.F.);
#6238=ORIENTED_EDGE('',*,*,#4442,.F.);
#6239=ORIENTED_EDGE('',*,*,#4439,.F.);
#6240=ORIENTED_EDGE('',*,*,#4441,.F.);
#6241=ORIENTED_EDGE('',*,*,#3972,.T.);
#6242=ORIENTED_EDGE('',*,*,#4226,.T.);
#6243=ORIENTED_EDGE('',*,*,#3958,.T.);
#6244=ORIENTED_EDGE('',*,*,#3967,.F.);
#6245=ORIENTED_EDGE('',*,*,#4539,.T.);
#6246=ORIENTED_EDGE('',*,*,#3927,.F.);
#6247=ORIENTED_EDGE('',*,*,#3922,.T.);
#6248=ORIENTED_EDGE('',*,*,#4224,.T.);
#6249=ORIENTED_EDGE('',*,*,#3912,.F.);
#6250=ORIENTED_EDGE('',*,*,#3916,.F.);
#6251=ORIENTED_EDGE('',*,*,#3925,.F.);
#6252=ORIENTED_EDGE('',*,*,#3928,.F.);
#6253=ORIENTED_EDGE('',*,*,#4539,.F.);
#6254=ORIENTED_EDGE('',*,*,#4223,.T.);
#6255=ORIENTED_EDGE('',*,*,#4238,.F.);
#6256=ORIENTED_EDGE('',*,*,#4448,.F.);
#6257=ORIENTED_EDGE('',*,*,#4445,.F.);
#6258=ORIENTED_EDGE('',*,*,#4447,.F.);
#6259=ORIENTED_EDGE('',*,*,#4540,.T.);
#6260=ORIENTED_EDGE('',*,*,#4237,.T.);
#6261=ORIENTED_EDGE('',*,*,#3984,.T.);
#6262=ORIENTED_EDGE('',*,*,#3993,.F.);
#6263=ORIENTED_EDGE('',*,*,#3974,.F.);
#6264=ORIENTED_EDGE('',*,*,#3980,.F.);
#6265=ORIENTED_EDGE('',*,*,#4450,.F.);
#6266=ORIENTED_EDGE('',*,*,#4452,.T.);
#6267=ORIENTED_EDGE('',*,*,#4243,.F.);
#6268=ORIENTED_EDGE('',*,*,#4235,.T.);
#6269=ORIENTED_EDGE('',*,*,#4540,.F.);
#6270=ORIENTED_EDGE('',*,*,#3992,.F.);
#6271=ORIENTED_EDGE('',*,*,#3990,.F.);
#6272=ORIENTED_EDGE('',*,*,#4451,.T.);
#6273=ORIENTED_EDGE('',*,*,#4023,.T.);
#6274=ORIENTED_EDGE('',*,*,#4032,.F.);
#6275=ORIENTED_EDGE('',*,*,#4541,.T.);
#6276=ORIENTED_EDGE('',*,*,#4231,.T.);
#6277=ORIENTED_EDGE('',*,*,#4013,.F.);
#6278=ORIENTED_EDGE('',*,*,#4019,.F.);
#6279=ORIENTED_EDGE('',*,*,#4454,.F.);
#6280=ORIENTED_EDGE('',*,*,#4456,.T.);
#6281=ORIENTED_EDGE('',*,*,#4219,.F.);
#6282=ORIENTED_EDGE('',*,*,#4230,.T.);
#6283=ORIENTED_EDGE('',*,*,#4541,.F.);
#6284=ORIENTED_EDGE('',*,*,#4031,.F.);
#6285=ORIENTED_EDGE('',*,*,#4029,.F.);
#6286=ORIENTED_EDGE('',*,*,#4455,.T.);
#6287=ORIENTED_EDGE('',*,*,#4006,.T.);
#6288=ORIENTED_EDGE('',*,*,#4229,.T.);
#6289=ORIENTED_EDGE('',*,*,#4542,.T.);
#6290=ORIENTED_EDGE('',*,*,#4011,.F.);
#6291=ORIENTED_EDGE('',*,*,#3996,.F.);
#6292=ORIENTED_EDGE('',*,*,#4000,.F.);
#6293=ORIENTED_EDGE('',*,*,#4009,.F.);
#6294=ORIENTED_EDGE('',*,*,#4012,.F.);
#6295=ORIENTED_EDGE('',*,*,#4542,.F.);
#6296=ORIENTED_EDGE('',*,*,#4228,.T.);
#6297=ORIENTED_EDGE('',*,*,#4245,.F.);
#6298=ORIENTED_EDGE('',*,*,#4461,.F.);
#6299=ORIENTED_EDGE('',*,*,#4458,.F.);
#6300=ORIENTED_EDGE('',*,*,#4460,.F.);
#6301=ORIENTED_EDGE('',*,*,#4543,.T.);
#6302=ORIENTED_EDGE('',*,*,#4134,.F.);
#6303=ORIENTED_EDGE('',*,*,#4129,.T.);
#6304=ORIENTED_EDGE('',*,*,#4253,.T.);
#6305=ORIENTED_EDGE('',*,*,#4119,.F.);
#6306=ORIENTED_EDGE('',*,*,#4123,.F.);
#6307=ORIENTED_EDGE('',*,*,#4133,.F.);
#6308=ORIENTED_EDGE('',*,*,#4135,.F.);
#6309=ORIENTED_EDGE('',*,*,#4543,.F.);
#6310=ORIENTED_EDGE('',*,*,#4252,.T.);
#6311=ORIENTED_EDGE('',*,*,#4270,.F.);
#6312=ORIENTED_EDGE('',*,*,#4466,.F.);
#6313=ORIENTED_EDGE('',*,*,#4463,.F.);
#6314=ORIENTED_EDGE('',*,*,#4465,.F.);
#6315=ORIENTED_EDGE('',*,*,#4110,.T.);
#6316=ORIENTED_EDGE('',*,*,#4264,.T.);
#6317=ORIENTED_EDGE('',*,*,#4544,.T.);
#6318=ORIENTED_EDGE('',*,*,#4115,.F.);
#6319=ORIENTED_EDGE('',*,*,#4100,.F.);
#6320=ORIENTED_EDGE('',*,*,#4104,.T.);
#6321=ORIENTED_EDGE('',*,*,#4114,.F.);
#6322=ORIENTED_EDGE('',*,*,#4116,.F.);
#6323=ORIENTED_EDGE('',*,*,#4544,.F.);
#6324=ORIENTED_EDGE('',*,*,#4263,.T.);
#6325=ORIENTED_EDGE('',*,*,#4268,.F.);
#6326=ORIENTED_EDGE('',*,*,#4471,.F.);
#6327=ORIENTED_EDGE('',*,*,#4468,.F.);
#6328=ORIENTED_EDGE('',*,*,#4470,.F.);
#6329=ORIENTED_EDGE('',*,*,#4146,.T.);
#6330=ORIENTED_EDGE('',*,*,#4155,.F.);
#6331=ORIENTED_EDGE('',*,*,#4545,.T.);
#6332=ORIENTED_EDGE('',*,*,#4261,.T.);
#6333=ORIENTED_EDGE('',*,*,#4136,.F.);
#6334=ORIENTED_EDGE('',*,*,#4142,.T.);
#6335=ORIENTED_EDGE('',*,*,#4473,.F.);
#6336=ORIENTED_EDGE('',*,*,#4475,.T.);
#6337=ORIENTED_EDGE('',*,*,#4272,.F.);
#6338=ORIENTED_EDGE('',*,*,#4259,.T.);
#6339=ORIENTED_EDGE('',*,*,#4545,.F.);
#6340=ORIENTED_EDGE('',*,*,#4154,.F.);
#6341=ORIENTED_EDGE('',*,*,#4151,.F.);
#6342=ORIENTED_EDGE('',*,*,#4474,.T.);
#6343=ORIENTED_EDGE('',*,*,#4057,.T.);
#6344=ORIENTED_EDGE('',*,*,#4255,.T.);
#6345=ORIENTED_EDGE('',*,*,#4043,.T.);
#6346=ORIENTED_EDGE('',*,*,#4052,.F.);
#6347=ORIENTED_EDGE('',*,*,#4546,.T.);
#6348=ORIENTED_EDGE('',*,*,#4096,.F.);
#6349=ORIENTED_EDGE('',*,*,#4091,.T.);
#6350=ORIENTED_EDGE('',*,*,#4258,.T.);
#6351=ORIENTED_EDGE('',*,*,#4081,.F.);
#6352=ORIENTED_EDGE('',*,*,#4085,.F.);
#6353=ORIENTED_EDGE('',*,*,#4095,.F.);
#6354=ORIENTED_EDGE('',*,*,#4097,.F.);
#6355=ORIENTED_EDGE('',*,*,#4546,.F.);
#6356=ORIENTED_EDGE('',*,*,#4257,.T.);
#6357=ORIENTED_EDGE('',*,*,#4274,.F.);
#6358=ORIENTED_EDGE('',*,*,#4481,.F.);
#6359=ORIENTED_EDGE('',*,*,#4478,.F.);
#6360=ORIENTED_EDGE('',*,*,#4480,.F.);
#6361=ORIENTED_EDGE('',*,*,#4547,.T.);
#6362=ORIENTED_EDGE('',*,*,#4266,.T.);
#6363=ORIENTED_EDGE('',*,*,#4069,.T.);
#6364=ORIENTED_EDGE('',*,*,#4078,.F.);
#6365=ORIENTED_EDGE('',*,*,#4059,.F.);
#6366=ORIENTED_EDGE('',*,*,#4065,.F.);
#6367=ORIENTED_EDGE('',*,*,#4483,.F.);
#6368=ORIENTED_EDGE('',*,*,#4485,.T.);
#6369=ORIENTED_EDGE('',*,*,#4248,.F.);
#6370=ORIENTED_EDGE('',*,*,#4265,.T.);
#6371=ORIENTED_EDGE('',*,*,#4547,.F.);
#6372=ORIENTED_EDGE('',*,*,#4077,.F.);
#6373=ORIENTED_EDGE('',*,*,#4074,.F.);
#6374=ORIENTED_EDGE('',*,*,#4484,.T.);
#6375=ORIENTED_EDGE('',*,*,#4548,.T.);
#6376=ORIENTED_EDGE('',*,*,#3889,.F.);
#6377=ORIENTED_EDGE('',*,*,#3884,.T.);
#6378=ORIENTED_EDGE('',*,*,#4202,.T.);
#6379=ORIENTED_EDGE('',*,*,#3874,.F.);
#6380=ORIENTED_EDGE('',*,*,#3878,.F.);
#6381=ORIENTED_EDGE('',*,*,#3887,.F.);
#6382=ORIENTED_EDGE('',*,*,#3890,.F.);
#6383=ORIENTED_EDGE('',*,*,#4548,.F.);
#6384=ORIENTED_EDGE('',*,*,#4201,.T.);
#6385=ORIENTED_EDGE('',*,*,#4208,.F.);
#6386=ORIENTED_EDGE('',*,*,#4490,.F.);
#6387=ORIENTED_EDGE('',*,*,#4487,.F.);
#6388=ORIENTED_EDGE('',*,*,#4489,.F.);
#6389=ORIENTED_EDGE('',*,*,#3903,.T.);
#6390=ORIENTED_EDGE('',*,*,#4199,.T.);
#6391=ORIENTED_EDGE('',*,*,#4549,.T.);
#6392=ORIENTED_EDGE('',*,*,#3908,.F.);
#6393=ORIENTED_EDGE('',*,*,#3893,.F.);
#6394=ORIENTED_EDGE('',*,*,#3897,.F.);
#6395=ORIENTED_EDGE('',*,*,#3906,.F.);
#6396=ORIENTED_EDGE('',*,*,#3909,.F.);
#6397=ORIENTED_EDGE('',*,*,#4549,.F.);
#6398=ORIENTED_EDGE('',*,*,#4198,.T.);
#6399=ORIENTED_EDGE('',*,*,#4210,.F.);
#6400=ORIENTED_EDGE('',*,*,#4495,.F.);
#6401=ORIENTED_EDGE('',*,*,#4492,.F.);
#6402=ORIENTED_EDGE('',*,*,#4494,.F.);
#6403=ORIENTED_EDGE('',*,*,#3862,.T.);
#6404=ORIENTED_EDGE('',*,*,#3871,.F.);
#6405=ORIENTED_EDGE('',*,*,#4550,.T.);
#6406=ORIENTED_EDGE('',*,*,#4204,.T.);
#6407=ORIENTED_EDGE('',*,*,#3852,.F.);
#6408=ORIENTED_EDGE('',*,*,#3858,.T.);
#6409=ORIENTED_EDGE('',*,*,#4497,.F.);
#6410=ORIENTED_EDGE('',*,*,#4499,.T.);
#6411=ORIENTED_EDGE('',*,*,#4188,.F.);
#6412=ORIENTED_EDGE('',*,*,#4203,.T.);
#6413=ORIENTED_EDGE('',*,*,#4550,.F.);
#6414=ORIENTED_EDGE('',*,*,#3870,.F.);
#6415=ORIENTED_EDGE('',*,*,#3868,.F.);
#6416=ORIENTED_EDGE('',*,*,#4498,.T.);
#6417=ORIENTED_EDGE('',*,*,#4357,.T.);
#6418=ORIENTED_EDGE('',*,*,#4193,.T.);
#6419=ORIENTED_EDGE('',*,*,#3803,.T.);
#6420=ORIENTED_EDGE('',*,*,#4502,.F.);
#6421=ORIENTED_EDGE('',*,*,#4551,.T.);
#6422=ORIENTED_EDGE('',*,*,#3850,.F.);
#6423=ORIENTED_EDGE('',*,*,#3845,.T.);
#6424=ORIENTED_EDGE('',*,*,#4207,.T.);
#6425=ORIENTED_EDGE('',*,*,#3835,.F.);
#6426=ORIENTED_EDGE('',*,*,#3839,.F.);
#6427=ORIENTED_EDGE('',*,*,#3848,.F.);
#6428=ORIENTED_EDGE('',*,*,#3851,.F.);
#6429=ORIENTED_EDGE('',*,*,#4551,.F.);
#6430=ORIENTED_EDGE('',*,*,#4206,.T.);
#6431=ORIENTED_EDGE('',*,*,#4216,.F.);
#6432=ORIENTED_EDGE('',*,*,#4507,.F.);
#6433=ORIENTED_EDGE('',*,*,#4504,.F.);
#6434=ORIENTED_EDGE('',*,*,#4506,.F.);
#6435=ORIENTED_EDGE('',*,*,#4552,.T.);
#6436=ORIENTED_EDGE('',*,*,#4196,.T.);
#6437=ORIENTED_EDGE('',*,*,#3823,.T.);
#6438=ORIENTED_EDGE('',*,*,#3832,.F.);
#6439=ORIENTED_EDGE('',*,*,#3813,.F.);
#6440=ORIENTED_EDGE('',*,*,#3819,.F.);
#6441=ORIENTED_EDGE('',*,*,#4509,.F.);
#6442=ORIENTED_EDGE('',*,*,#4511,.T.);
#6443=ORIENTED_EDGE('',*,*,#4214,.F.);
#6444=ORIENTED_EDGE('',*,*,#4194,.T.);
#6445=ORIENTED_EDGE('',*,*,#4552,.F.);
#6446=ORIENTED_EDGE('',*,*,#3831,.F.);
#6447=ORIENTED_EDGE('',*,*,#3829,.F.);
#6448=ORIENTED_EDGE('',*,*,#4510,.F.);
#6449=ORIENTED_EDGE('',*,*,#4553,.T.);
#6450=ORIENTED_EDGE('',*,*,#3719,.F.);
#6451=ORIENTED_EDGE('',*,*,#3714,.T.);
#6452=ORIENTED_EDGE('',*,*,#4170,.T.);
#6453=ORIENTED_EDGE('',*,*,#3704,.F.);
#6454=ORIENTED_EDGE('',*,*,#3708,.T.);
#6455=ORIENTED_EDGE('',*,*,#3717,.F.);
#6456=ORIENTED_EDGE('',*,*,#3720,.F.);
#6457=ORIENTED_EDGE('',*,*,#4553,.F.);
#6458=ORIENTED_EDGE('',*,*,#4169,.T.);
#6459=ORIENTED_EDGE('',*,*,#4181,.F.);
#6460=ORIENTED_EDGE('',*,*,#4516,.F.);
#6461=ORIENTED_EDGE('',*,*,#4513,.F.);
#6462=ORIENTED_EDGE('',*,*,#4515,.F.);
#6463=ORIENTED_EDGE('',*,*,#3733,.T.);
#6464=ORIENTED_EDGE('',*,*,#4167,.T.);
#6465=ORIENTED_EDGE('',*,*,#4554,.T.);
#6466=ORIENTED_EDGE('',*,*,#3738,.F.);
#6467=ORIENTED_EDGE('',*,*,#3723,.F.);
#6468=ORIENTED_EDGE('',*,*,#3727,.T.);
#6469=ORIENTED_EDGE('',*,*,#3736,.F.);
#6470=ORIENTED_EDGE('',*,*,#3739,.F.);
#6471=ORIENTED_EDGE('',*,*,#4554,.F.);
#6472=ORIENTED_EDGE('',*,*,#4166,.T.);
#6473=ORIENTED_EDGE('',*,*,#4179,.F.);
#6474=ORIENTED_EDGE('',*,*,#4521,.F.);
#6475=ORIENTED_EDGE('',*,*,#4518,.F.);
#6476=ORIENTED_EDGE('',*,*,#4520,.F.);
#6477=ORIENTED_EDGE('',*,*,#3692,.T.);
#6478=ORIENTED_EDGE('',*,*,#3701,.F.);
#6479=ORIENTED_EDGE('',*,*,#4555,.T.);
#6480=ORIENTED_EDGE('',*,*,#4173,.T.);
#6481=ORIENTED_EDGE('',*,*,#3682,.F.);
#6482=ORIENTED_EDGE('',*,*,#3688,.T.);
#6483=ORIENTED_EDGE('',*,*,#4523,.F.);
#6484=ORIENTED_EDGE('',*,*,#4525,.T.);
#6485=ORIENTED_EDGE('',*,*,#4185,.F.);
#6486=ORIENTED_EDGE('',*,*,#4171,.T.);
#6487=ORIENTED_EDGE('',*,*,#4555,.F.);
#6488=ORIENTED_EDGE('',*,*,#3700,.F.);
#6489=ORIENTED_EDGE('',*,*,#3698,.F.);
#6490=ORIENTED_EDGE('',*,*,#4524,.T.);
#6491=ORIENTED_EDGE('',*,*,#4362,.T.);
#6492=ORIENTED_EDGE('',*,*,#4161,.T.);
#6493=ORIENTED_EDGE('',*,*,#3747,.T.);
#6494=ORIENTED_EDGE('',*,*,#4528,.F.);
#6495=ORIENTED_EDGE('',*,*,#4556,.T.);
#6496=ORIENTED_EDGE('',*,*,#3794,.F.);
#6497=ORIENTED_EDGE('',*,*,#3789,.T.);
#6498=ORIENTED_EDGE('',*,*,#4176,.T.);
#6499=ORIENTED_EDGE('',*,*,#3779,.F.);
#6500=ORIENTED_EDGE('',*,*,#3783,.T.);
#6501=ORIENTED_EDGE('',*,*,#3792,.F.);
#6502=ORIENTED_EDGE('',*,*,#3795,.F.);
#6503=ORIENTED_EDGE('',*,*,#4556,.F.);
#6504=ORIENTED_EDGE('',*,*,#4175,.T.);
#6505=ORIENTED_EDGE('',*,*,#4183,.F.);
#6506=ORIENTED_EDGE('',*,*,#4533,.F.);
#6507=ORIENTED_EDGE('',*,*,#4530,.F.);
#6508=ORIENTED_EDGE('',*,*,#4532,.F.);
#6509=ORIENTED_EDGE('',*,*,#4557,.T.);
#6510=ORIENTED_EDGE('',*,*,#4164,.T.);
#6511=ORIENTED_EDGE('',*,*,#3767,.T.);
#6512=ORIENTED_EDGE('',*,*,#3776,.F.);
#6513=ORIENTED_EDGE('',*,*,#3757,.F.);
#6514=ORIENTED_EDGE('',*,*,#3763,.F.);
#6515=ORIENTED_EDGE('',*,*,#4535,.F.);
#6516=ORIENTED_EDGE('',*,*,#4537,.T.);
#6517=ORIENTED_EDGE('',*,*,#4177,.F.);
#6518=ORIENTED_EDGE('',*,*,#4162,.T.);
#6519=ORIENTED_EDGE('',*,*,#4557,.F.);
#6520=ORIENTED_EDGE('',*,*,#3775,.F.);
#6521=ORIENTED_EDGE('',*,*,#3773,.F.);
#6522=ORIENTED_EDGE('',*,*,#4536,.F.);
#6523=ORIENTED_EDGE('',*,*,#4558,.T.);
#6524=ORIENTED_EDGE('',*,*,#4559,.T.);
#6525=ORIENTED_EDGE('',*,*,#4560,.T.);
#6526=ORIENTED_EDGE('',*,*,#4561,.T.);
#6527=ORIENTED_EDGE('',*,*,#4562,.T.);
#6528=ORIENTED_EDGE('',*,*,#4563,.T.);
#6529=ORIENTED_EDGE('',*,*,#4564,.T.);
#6530=ORIENTED_EDGE('',*,*,#4565,.T.);
#6531=ORIENTED_EDGE('',*,*,#4566,.T.);
#6532=ORIENTED_EDGE('',*,*,#4567,.T.);
#6533=ORIENTED_EDGE('',*,*,#4568,.T.);
#6534=ORIENTED_EDGE('',*,*,#4569,.T.);
#6535=ORIENTED_EDGE('',*,*,#4570,.T.);
#6536=ORIENTED_EDGE('',*,*,#4571,.F.);
#6537=ORIENTED_EDGE('',*,*,#4572,.T.);
#6538=ORIENTED_EDGE('',*,*,#4573,.T.);
#6539=ORIENTED_EDGE('',*,*,#4574,.T.);
#6540=ORIENTED_EDGE('',*,*,#4575,.T.);
#6541=ORIENTED_EDGE('',*,*,#4576,.T.);
#6542=ORIENTED_EDGE('',*,*,#4577,.T.);
#6543=ORIENTED_EDGE('',*,*,#4578,.T.);
#6544=ORIENTED_EDGE('',*,*,#4579,.T.);
#6545=ORIENTED_EDGE('',*,*,#4580,.T.);
#6546=ORIENTED_EDGE('',*,*,#4581,.T.);
#6547=ORIENTED_EDGE('',*,*,#4582,.T.);
#6548=ORIENTED_EDGE('',*,*,#4583,.T.);
#6549=ORIENTED_EDGE('',*,*,#4584,.F.);
#6550=ORIENTED_EDGE('',*,*,#4585,.T.);
#6551=ORIENTED_EDGE('',*,*,#4586,.F.);
#6552=ORIENTED_EDGE('',*,*,#4587,.F.);
#6553=ORIENTED_EDGE('',*,*,#4588,.T.);
#6554=ORIENTED_EDGE('',*,*,#4585,.F.);
#6555=ORIENTED_EDGE('',*,*,#4589,.F.);
#6556=ORIENTED_EDGE('',*,*,#4590,.T.);
#6557=ORIENTED_EDGE('',*,*,#4558,.F.);
#6558=ORIENTED_EDGE('',*,*,#4588,.F.);
#6559=ORIENTED_EDGE('',*,*,#4591,.F.);
#6560=ORIENTED_EDGE('',*,*,#4592,.T.);
#6561=ORIENTED_EDGE('',*,*,#4559,.F.);
#6562=ORIENTED_EDGE('',*,*,#4590,.F.);
#6563=ORIENTED_EDGE('',*,*,#4593,.F.);
#6564=ORIENTED_EDGE('',*,*,#4594,.T.);
#6565=ORIENTED_EDGE('',*,*,#4560,.F.);
#6566=ORIENTED_EDGE('',*,*,#4592,.F.);
#6567=ORIENTED_EDGE('',*,*,#4595,.F.);
#6568=ORIENTED_EDGE('',*,*,#4596,.T.);
#6569=ORIENTED_EDGE('',*,*,#4561,.F.);
#6570=ORIENTED_EDGE('',*,*,#4594,.F.);
#6571=ORIENTED_EDGE('',*,*,#4597,.F.);
#6572=ORIENTED_EDGE('',*,*,#4598,.T.);
#6573=ORIENTED_EDGE('',*,*,#4562,.F.);
#6574=ORIENTED_EDGE('',*,*,#4596,.F.);
#6575=ORIENTED_EDGE('',*,*,#4599,.F.);
#6576=ORIENTED_EDGE('',*,*,#4600,.T.);
#6577=ORIENTED_EDGE('',*,*,#4563,.F.);
#6578=ORIENTED_EDGE('',*,*,#4598,.F.);
#6579=ORIENTED_EDGE('',*,*,#4601,.F.);
#6580=ORIENTED_EDGE('',*,*,#4602,.T.);
#6581=ORIENTED_EDGE('',*,*,#4564,.F.);
#6582=ORIENTED_EDGE('',*,*,#4600,.F.);
#6583=ORIENTED_EDGE('',*,*,#4603,.F.);
#6584=ORIENTED_EDGE('',*,*,#4604,.T.);
#6585=ORIENTED_EDGE('',*,*,#4565,.F.);
#6586=ORIENTED_EDGE('',*,*,#4602,.F.);
#6587=ORIENTED_EDGE('',*,*,#4605,.F.);
#6588=ORIENTED_EDGE('',*,*,#4606,.T.);
#6589=ORIENTED_EDGE('',*,*,#4566,.F.);
#6590=ORIENTED_EDGE('',*,*,#4604,.F.);
#6591=ORIENTED_EDGE('',*,*,#4607,.F.);
#6592=ORIENTED_EDGE('',*,*,#4608,.T.);
#6593=ORIENTED_EDGE('',*,*,#4567,.F.);
#6594=ORIENTED_EDGE('',*,*,#4606,.F.);
#6595=ORIENTED_EDGE('',*,*,#4609,.F.);
#6596=ORIENTED_EDGE('',*,*,#4610,.T.);
#6597=ORIENTED_EDGE('',*,*,#4568,.F.);
#6598=ORIENTED_EDGE('',*,*,#4608,.F.);
#6599=ORIENTED_EDGE('',*,*,#4611,.F.);
#6600=ORIENTED_EDGE('',*,*,#4612,.T.);
#6601=ORIENTED_EDGE('',*,*,#4569,.F.);
#6602=ORIENTED_EDGE('',*,*,#4610,.F.);
#6603=ORIENTED_EDGE('',*,*,#4613,.F.);
#6604=ORIENTED_EDGE('',*,*,#4570,.F.);
#6605=ORIENTED_EDGE('',*,*,#4612,.F.);
#6606=ORIENTED_EDGE('',*,*,#4614,.F.);
#6607=ORIENTED_EDGE('',*,*,#4615,.F.);
#6608=ORIENTED_EDGE('',*,*,#4616,.T.);
#6609=ORIENTED_EDGE('',*,*,#4571,.T.);
#6610=ORIENTED_EDGE('',*,*,#4613,.T.);
#6611=ORIENTED_EDGE('',*,*,#4616,.F.);
#6612=ORIENTED_EDGE('',*,*,#4617,.F.);
#6613=ORIENTED_EDGE('',*,*,#4618,.T.);
#6614=ORIENTED_EDGE('',*,*,#4572,.F.);
#6615=ORIENTED_EDGE('',*,*,#4619,.F.);
#6616=ORIENTED_EDGE('',*,*,#4620,.T.);
#6617=ORIENTED_EDGE('',*,*,#4573,.F.);
#6618=ORIENTED_EDGE('',*,*,#4618,.F.);
#6619=ORIENTED_EDGE('',*,*,#4621,.F.);
#6620=ORIENTED_EDGE('',*,*,#4622,.T.);
#6621=ORIENTED_EDGE('',*,*,#4574,.F.);
#6622=ORIENTED_EDGE('',*,*,#4620,.F.);
#6623=ORIENTED_EDGE('',*,*,#4623,.F.);
#6624=ORIENTED_EDGE('',*,*,#4624,.T.);
#6625=ORIENTED_EDGE('',*,*,#4575,.F.);
#6626=ORIENTED_EDGE('',*,*,#4622,.F.);
#6627=ORIENTED_EDGE('',*,*,#4625,.F.);
#6628=ORIENTED_EDGE('',*,*,#4626,.T.);
#6629=ORIENTED_EDGE('',*,*,#4576,.F.);
#6630=ORIENTED_EDGE('',*,*,#4624,.F.);
#6631=ORIENTED_EDGE('',*,*,#4627,.F.);
#6632=ORIENTED_EDGE('',*,*,#4628,.T.);
#6633=ORIENTED_EDGE('',*,*,#4577,.F.);
#6634=ORIENTED_EDGE('',*,*,#4626,.F.);
#6635=ORIENTED_EDGE('',*,*,#4629,.F.);
#6636=ORIENTED_EDGE('',*,*,#4630,.T.);
#6637=ORIENTED_EDGE('',*,*,#4578,.F.);
#6638=ORIENTED_EDGE('',*,*,#4628,.F.);
#6639=ORIENTED_EDGE('',*,*,#4631,.F.);
#6640=ORIENTED_EDGE('',*,*,#4632,.T.);
#6641=ORIENTED_EDGE('',*,*,#4579,.F.);
#6642=ORIENTED_EDGE('',*,*,#4630,.F.);
#6643=ORIENTED_EDGE('',*,*,#4633,.F.);
#6644=ORIENTED_EDGE('',*,*,#4634,.T.);
#6645=ORIENTED_EDGE('',*,*,#4580,.F.);
#6646=ORIENTED_EDGE('',*,*,#4632,.F.);
#6647=ORIENTED_EDGE('',*,*,#4635,.F.);
#6648=ORIENTED_EDGE('',*,*,#4636,.T.);
#6649=ORIENTED_EDGE('',*,*,#4581,.F.);
#6650=ORIENTED_EDGE('',*,*,#4634,.F.);
#6651=ORIENTED_EDGE('',*,*,#4637,.F.);
#6652=ORIENTED_EDGE('',*,*,#4638,.T.);
#6653=ORIENTED_EDGE('',*,*,#4582,.F.);
#6654=ORIENTED_EDGE('',*,*,#4636,.F.);
#6655=ORIENTED_EDGE('',*,*,#4639,.F.);
#6656=ORIENTED_EDGE('',*,*,#4583,.F.);
#6657=ORIENTED_EDGE('',*,*,#4638,.F.);
#6658=ORIENTED_EDGE('',*,*,#4640,.F.);
#6659=ORIENTED_EDGE('',*,*,#4641,.F.);
#6660=ORIENTED_EDGE('',*,*,#4586,.T.);
#6661=ORIENTED_EDGE('',*,*,#4584,.T.);
#6662=ORIENTED_EDGE('',*,*,#4639,.T.);
#6663=ORIENTED_EDGE('',*,*,#4642,.F.);
#6664=ORIENTED_EDGE('',*,*,#4643,.T.);
#6665=ORIENTED_EDGE('',*,*,#4221,.T.);
#6666=ORIENTED_EDGE('',*,*,#4643,.F.);
#6667=ORIENTED_EDGE('',*,*,#4644,.F.);
#6668=ORIENTED_EDGE('',*,*,#4645,.T.);
#6669=ORIENTED_EDGE('',*,*,#4250,.T.);
#6670=ORIENTED_EDGE('',*,*,#4645,.F.);
#6671=ORIENTED_EDGE('',*,*,#4646,.F.);
#6672=ORIENTED_EDGE('',*,*,#4647,.T.);
#6673=ORIENTED_EDGE('',*,*,#4190,.T.);
#6674=ORIENTED_EDGE('',*,*,#4647,.F.);
#6675=ORIENTED_EDGE('',*,*,#4648,.F.);
#6676=ORIENTED_EDGE('',*,*,#4649,.T.);
#6677=ORIENTED_EDGE('',*,*,#4159,.T.);
#6678=ORIENTED_EDGE('',*,*,#4649,.F.);
#6679=ORIENTED_EDGE('',*,*,#4650,.T.);
#6680=ORIENTED_EDGE('',*,*,#4651,.T.);
#6681=ORIENTED_EDGE('',*,*,#4652,.T.);
#6682=ORIENTED_EDGE('',*,*,#4653,.T.);
#6683=ORIENTED_EDGE('',*,*,#4654,.T.);
#6684=ORIENTED_EDGE('',*,*,#4655,.T.);
#6685=ORIENTED_EDGE('',*,*,#4656,.T.);
#6686=ORIENTED_EDGE('',*,*,#4657,.T.);
#6687=ORIENTED_EDGE('',*,*,#4658,.T.);
#6688=ORIENTED_EDGE('',*,*,#4659,.T.);
#6689=ORIENTED_EDGE('',*,*,#4660,.T.);
#6690=ORIENTED_EDGE('',*,*,#4641,.T.);
#6691=ORIENTED_EDGE('',*,*,#4640,.T.);
#6692=ORIENTED_EDGE('',*,*,#4637,.T.);
#6693=ORIENTED_EDGE('',*,*,#4635,.T.);
#6694=ORIENTED_EDGE('',*,*,#4633,.T.);
#6695=ORIENTED_EDGE('',*,*,#4631,.T.);
#6696=ORIENTED_EDGE('',*,*,#4629,.T.);
#6697=ORIENTED_EDGE('',*,*,#4627,.T.);
#6698=ORIENTED_EDGE('',*,*,#4625,.T.);
#6699=ORIENTED_EDGE('',*,*,#4623,.T.);
#6700=ORIENTED_EDGE('',*,*,#4621,.T.);
#6701=ORIENTED_EDGE('',*,*,#4619,.T.);
#6702=ORIENTED_EDGE('',*,*,#4617,.T.);
#6703=ORIENTED_EDGE('',*,*,#4615,.T.);
#6704=ORIENTED_EDGE('',*,*,#4614,.T.);
#6705=ORIENTED_EDGE('',*,*,#4611,.T.);
#6706=ORIENTED_EDGE('',*,*,#4609,.T.);
#6707=ORIENTED_EDGE('',*,*,#4607,.T.);
#6708=ORIENTED_EDGE('',*,*,#4605,.T.);
#6709=ORIENTED_EDGE('',*,*,#4603,.T.);
#6710=ORIENTED_EDGE('',*,*,#4601,.T.);
#6711=ORIENTED_EDGE('',*,*,#4599,.T.);
#6712=ORIENTED_EDGE('',*,*,#4597,.T.);
#6713=ORIENTED_EDGE('',*,*,#4595,.T.);
#6714=ORIENTED_EDGE('',*,*,#4593,.T.);
#6715=ORIENTED_EDGE('',*,*,#4591,.T.);
#6716=ORIENTED_EDGE('',*,*,#4589,.T.);
#6717=ORIENTED_EDGE('',*,*,#4587,.T.);
#6718=ORIENTED_EDGE('',*,*,#4642,.T.);
#6719=ORIENTED_EDGE('',*,*,#4661,.T.);
#6720=ORIENTED_EDGE('',*,*,#4662,.T.);
#6721=ORIENTED_EDGE('',*,*,#4661,.F.);
#6722=ORIENTED_EDGE('',*,*,#4644,.T.);
#6723=ORIENTED_EDGE('',*,*,#4663,.T.);
#6724=ORIENTED_EDGE('',*,*,#4664,.T.);
#6725=ORIENTED_EDGE('',*,*,#4663,.F.);
#6726=ORIENTED_EDGE('',*,*,#4646,.T.);
#6727=ORIENTED_EDGE('',*,*,#4665,.T.);
#6728=ORIENTED_EDGE('',*,*,#4666,.T.);
#6729=ORIENTED_EDGE('',*,*,#4665,.F.);
#6730=ORIENTED_EDGE('',*,*,#4648,.T.);
#6731=ORIENTED_EDGE('',*,*,#4667,.T.);
#6732=ORIENTED_EDGE('',*,*,#4668,.T.);
#6733=ORIENTED_EDGE('',*,*,#4667,.F.);
#6734=ORIENTED_EDGE('',*,*,#4656,.F.);
#6735=ORIENTED_EDGE('',*,*,#4669,.T.);
#6736=ORIENTED_EDGE('',*,*,#4670,.T.);
#6737=ORIENTED_EDGE('',*,*,#4671,.T.);
#6738=ORIENTED_EDGE('',*,*,#4671,.F.);
#6739=ORIENTED_EDGE('',*,*,#4672,.F.);
#6740=ORIENTED_EDGE('',*,*,#4673,.F.);
#6741=ORIENTED_EDGE('',*,*,#4657,.F.);
#6742=ORIENTED_EDGE('',*,*,#4658,.F.);
#6743=ORIENTED_EDGE('',*,*,#4673,.T.);
#6744=ORIENTED_EDGE('',*,*,#4674,.T.);
#6745=ORIENTED_EDGE('',*,*,#4675,.T.);
#6746=ORIENTED_EDGE('',*,*,#4675,.F.);
#6747=ORIENTED_EDGE('',*,*,#4676,.F.);
#6748=ORIENTED_EDGE('',*,*,#4677,.F.);
#6749=ORIENTED_EDGE('',*,*,#4659,.F.);
#6750=ORIENTED_EDGE('',*,*,#4678,.F.);
#6751=ORIENTED_EDGE('',*,*,#4660,.F.);
#6752=ORIENTED_EDGE('',*,*,#4677,.T.);
#6753=ORIENTED_EDGE('',*,*,#4679,.F.);
#6754=ORIENTED_EDGE('',*,*,#4650,.F.);
#6755=ORIENTED_EDGE('',*,*,#4678,.T.);
#6756=ORIENTED_EDGE('',*,*,#4680,.T.);
#6757=ORIENTED_EDGE('',*,*,#4681,.T.);
#6758=ORIENTED_EDGE('',*,*,#4681,.F.);
#6759=ORIENTED_EDGE('',*,*,#4682,.F.);
#6760=ORIENTED_EDGE('',*,*,#4683,.F.);
#6761=ORIENTED_EDGE('',*,*,#4651,.F.);
#6762=ORIENTED_EDGE('',*,*,#4652,.F.);
#6763=ORIENTED_EDGE('',*,*,#4683,.T.);
#6764=ORIENTED_EDGE('',*,*,#4684,.T.);
#6765=ORIENTED_EDGE('',*,*,#4685,.T.);
#6766=ORIENTED_EDGE('',*,*,#4685,.F.);
#6767=ORIENTED_EDGE('',*,*,#4686,.F.);
#6768=ORIENTED_EDGE('',*,*,#4687,.F.);
#6769=ORIENTED_EDGE('',*,*,#4653,.F.);
#6770=ORIENTED_EDGE('',*,*,#4654,.F.);
#6771=ORIENTED_EDGE('',*,*,#4687,.T.);
#6772=ORIENTED_EDGE('',*,*,#4688,.T.);
#6773=ORIENTED_EDGE('',*,*,#4689,.T.);
#6774=ORIENTED_EDGE('',*,*,#4689,.F.);
#6775=ORIENTED_EDGE('',*,*,#4690,.F.);
#6776=ORIENTED_EDGE('',*,*,#4669,.F.);
#6777=ORIENTED_EDGE('',*,*,#4655,.F.);
#6778=ORIENTED_EDGE('',*,*,#4691,.F.);
#6779=ORIENTED_EDGE('',*,*,#4662,.F.);
#6780=ORIENTED_EDGE('',*,*,#4692,.F.);
#6781=ORIENTED_EDGE('',*,*,#4664,.F.);
#6782=ORIENTED_EDGE('',*,*,#4693,.F.);
#6783=ORIENTED_EDGE('',*,*,#4666,.F.);
#6784=ORIENTED_EDGE('',*,*,#4694,.F.);
#6785=ORIENTED_EDGE('',*,*,#4668,.F.);
#6786=ORIENTED_EDGE('',*,*,#4695,.F.);
#6787=ORIENTED_EDGE('',*,*,#4696,.T.);
#6788=ORIENTED_EDGE('',*,*,#4697,.F.);
#6789=ORIENTED_EDGE('',*,*,#4698,.T.);
#6790=ORIENTED_EDGE('',*,*,#4699,.F.);
#6791=ORIENTED_EDGE('',*,*,#4700,.T.);
#6792=ORIENTED_EDGE('',*,*,#4701,.F.);
#6793=ORIENTED_EDGE('',*,*,#4702,.T.);
#6794=ORIENTED_EDGE('',*,*,#4703,.F.);
#6795=ORIENTED_EDGE('',*,*,#4704,.T.);
#6796=ORIENTED_EDGE('',*,*,#4705,.F.);
#6797=ORIENTED_EDGE('',*,*,#4706,.T.);
#6798=ORIENTED_EDGE('',*,*,#4690,.T.);
#6799=ORIENTED_EDGE('',*,*,#4688,.F.);
#6800=ORIENTED_EDGE('',*,*,#4686,.T.);
#6801=ORIENTED_EDGE('',*,*,#4684,.F.);
#6802=ORIENTED_EDGE('',*,*,#4682,.T.);
#6803=ORIENTED_EDGE('',*,*,#4680,.F.);
#6804=ORIENTED_EDGE('',*,*,#4679,.T.);
#6805=ORIENTED_EDGE('',*,*,#4676,.T.);
#6806=ORIENTED_EDGE('',*,*,#4674,.F.);
#6807=ORIENTED_EDGE('',*,*,#4672,.T.);
#6808=ORIENTED_EDGE('',*,*,#4670,.F.);
#6809=ORIENTED_EDGE('',*,*,#4707,.T.);
#6810=ORIENTED_EDGE('',*,*,#4708,.T.);
#6811=ORIENTED_EDGE('',*,*,#4709,.T.);
#6812=ORIENTED_EDGE('',*,*,#4691,.T.);
#6813=ORIENTED_EDGE('',*,*,#4709,.F.);
#6814=ORIENTED_EDGE('',*,*,#4710,.T.);
#6815=ORIENTED_EDGE('',*,*,#4711,.F.);
#6816=ORIENTED_EDGE('',*,*,#4712,.T.);
#6817=ORIENTED_EDGE('',*,*,#4710,.F.);
#6818=ORIENTED_EDGE('',*,*,#4708,.F.);
#6819=ORIENTED_EDGE('',*,*,#4713,.T.);
#6820=ORIENTED_EDGE('',*,*,#4714,.F.);
#6821=ORIENTED_EDGE('',*,*,#4715,.T.);
#6822=ORIENTED_EDGE('',*,*,#4716,.T.);
#6823=ORIENTED_EDGE('',*,*,#4692,.T.);
#6824=ORIENTED_EDGE('',*,*,#4716,.F.);
#6825=ORIENTED_EDGE('',*,*,#4717,.T.);
#6826=ORIENTED_EDGE('',*,*,#4718,.F.);
#6827=ORIENTED_EDGE('',*,*,#4719,.T.);
#6828=ORIENTED_EDGE('',*,*,#4717,.F.);
#6829=ORIENTED_EDGE('',*,*,#4715,.F.);
#6830=ORIENTED_EDGE('',*,*,#4720,.T.);
#6831=ORIENTED_EDGE('',*,*,#4721,.F.);
#6832=ORIENTED_EDGE('',*,*,#4722,.F.);
#6833=ORIENTED_EDGE('',*,*,#4723,.T.);
#6834=ORIENTED_EDGE('',*,*,#4724,.T.);
#6835=ORIENTED_EDGE('',*,*,#4725,.T.);
#6836=ORIENTED_EDGE('',*,*,#4693,.T.);
#6837=ORIENTED_EDGE('',*,*,#4725,.F.);
#6838=ORIENTED_EDGE('',*,*,#4726,.T.);
#6839=ORIENTED_EDGE('',*,*,#4727,.F.);
#6840=ORIENTED_EDGE('',*,*,#4728,.T.);
#6841=ORIENTED_EDGE('',*,*,#4726,.F.);
#6842=ORIENTED_EDGE('',*,*,#4724,.F.);
#6843=ORIENTED_EDGE('',*,*,#4729,.T.);
#6844=ORIENTED_EDGE('',*,*,#4730,.F.);
#6845=ORIENTED_EDGE('',*,*,#4731,.T.);
#6846=ORIENTED_EDGE('',*,*,#4732,.T.);
#6847=ORIENTED_EDGE('',*,*,#4694,.T.);
#6848=ORIENTED_EDGE('',*,*,#4732,.F.);
#6849=ORIENTED_EDGE('',*,*,#4733,.T.);
#6850=ORIENTED_EDGE('',*,*,#4734,.F.);
#6851=ORIENTED_EDGE('',*,*,#4735,.T.);
#6852=ORIENTED_EDGE('',*,*,#4736,.T.);
#6853=ORIENTED_EDGE('',*,*,#4737,.T.);
#6854=ORIENTED_EDGE('',*,*,#4733,.F.);
#6855=ORIENTED_EDGE('',*,*,#4731,.F.);
#6856=ORIENTED_EDGE('',*,*,#4738,.T.);
#6857=ORIENTED_EDGE('',*,*,#4739,.F.);
#6858=ORIENTED_EDGE('',*,*,#4727,.T.);
#6859=ORIENTED_EDGE('',*,*,#4740,.F.);
#6860=ORIENTED_EDGE('',*,*,#4741,.F.);
#6861=ORIENTED_EDGE('',*,*,#4742,.F.);
#6862=ORIENTED_EDGE('',*,*,#4301,.T.);
#6863=ORIENTED_EDGE('',*,*,#4743,.F.);
#6864=ORIENTED_EDGE('',*,*,#4299,.T.);
#6865=ORIENTED_EDGE('',*,*,#4744,.F.);
#6866=ORIENTED_EDGE('',*,*,#4734,.T.);
#6867=ORIENTED_EDGE('',*,*,#4745,.F.);
#6868=ORIENTED_EDGE('',*,*,#4718,.T.);
#6869=ORIENTED_EDGE('',*,*,#4746,.F.);
#6870=ORIENTED_EDGE('',*,*,#4297,.T.);
#6871=ORIENTED_EDGE('',*,*,#4747,.F.);
#6872=ORIENTED_EDGE('',*,*,#4711,.T.);
#6873=ORIENTED_EDGE('',*,*,#4748,.F.);
#6874=ORIENTED_EDGE('',*,*,#4295,.T.);
#6875=ORIENTED_EDGE('',*,*,#4701,.T.);
#6876=ORIENTED_EDGE('',*,*,#4749,.T.);
#6877=ORIENTED_EDGE('',*,*,#4318,.T.);
#6878=ORIENTED_EDGE('',*,*,#4750,.T.);
#6879=ORIENTED_EDGE('',*,*,#4750,.F.);
#6880=ORIENTED_EDGE('',*,*,#4317,.F.);
#6881=ORIENTED_EDGE('',*,*,#4751,.F.);
#6882=ORIENTED_EDGE('',*,*,#4702,.F.);
#6883=ORIENTED_EDGE('',*,*,#4703,.T.);
#6884=ORIENTED_EDGE('',*,*,#4751,.T.);
#6885=ORIENTED_EDGE('',*,*,#4316,.T.);
#6886=ORIENTED_EDGE('',*,*,#4752,.T.);
#6887=ORIENTED_EDGE('',*,*,#4752,.F.);
#6888=ORIENTED_EDGE('',*,*,#4315,.F.);
#6889=ORIENTED_EDGE('',*,*,#4753,.F.);
#6890=ORIENTED_EDGE('',*,*,#4704,.F.);
#6891=ORIENTED_EDGE('',*,*,#4705,.T.);
#6892=ORIENTED_EDGE('',*,*,#4753,.T.);
#6893=ORIENTED_EDGE('',*,*,#4314,.T.);
#6894=ORIENTED_EDGE('',*,*,#4754,.T.);
#6895=ORIENTED_EDGE('',*,*,#4755,.F.);
#6896=ORIENTED_EDGE('',*,*,#4706,.F.);
#6897=ORIENTED_EDGE('',*,*,#4754,.F.);
#6898=ORIENTED_EDGE('',*,*,#4313,.F.);
#6899=ORIENTED_EDGE('',*,*,#4695,.T.);
#6900=ORIENTED_EDGE('',*,*,#4755,.T.);
#6901=ORIENTED_EDGE('',*,*,#4312,.T.);
#6902=ORIENTED_EDGE('',*,*,#4756,.T.);
#6903=ORIENTED_EDGE('',*,*,#4756,.F.);
#6904=ORIENTED_EDGE('',*,*,#4311,.F.);
#6905=ORIENTED_EDGE('',*,*,#4757,.F.);
#6906=ORIENTED_EDGE('',*,*,#4696,.F.);
#6907=ORIENTED_EDGE('',*,*,#4697,.T.);
#6908=ORIENTED_EDGE('',*,*,#4757,.T.);
#6909=ORIENTED_EDGE('',*,*,#4310,.T.);
#6910=ORIENTED_EDGE('',*,*,#4758,.T.);
#6911=ORIENTED_EDGE('',*,*,#4758,.F.);
#6912=ORIENTED_EDGE('',*,*,#4309,.F.);
#6913=ORIENTED_EDGE('',*,*,#4759,.F.);
#6914=ORIENTED_EDGE('',*,*,#4698,.F.);
#6915=ORIENTED_EDGE('',*,*,#4699,.T.);
#6916=ORIENTED_EDGE('',*,*,#4759,.T.);
#6917=ORIENTED_EDGE('',*,*,#4308,.T.);
#6918=ORIENTED_EDGE('',*,*,#4760,.T.);
#6919=ORIENTED_EDGE('',*,*,#4760,.F.);
#6920=ORIENTED_EDGE('',*,*,#4307,.F.);
#6921=ORIENTED_EDGE('',*,*,#4749,.F.);
#6922=ORIENTED_EDGE('',*,*,#4700,.F.);
#6923=ORIENTED_EDGE('',*,*,#4293,.T.);
#6924=ORIENTED_EDGE('',*,*,#4761,.T.);
#6925=ORIENTED_EDGE('',*,*,#4762,.F.);
#6926=ORIENTED_EDGE('',*,*,#4763,.F.);
#6927=ORIENTED_EDGE('',*,*,#4294,.T.);
#6928=ORIENTED_EDGE('',*,*,#4763,.T.);
#6929=ORIENTED_EDGE('',*,*,#4764,.F.);
#6930=ORIENTED_EDGE('',*,*,#4765,.F.);
#6931=ORIENTED_EDGE('',*,*,#4720,.F.);
#6932=ORIENTED_EDGE('',*,*,#4714,.T.);
#6933=ORIENTED_EDGE('',*,*,#4719,.F.);
#6934=ORIENTED_EDGE('',*,*,#4745,.T.);
#6935=ORIENTED_EDGE('',*,*,#4296,.T.);
#6936=ORIENTED_EDGE('',*,*,#4748,.T.);
#6937=ORIENTED_EDGE('',*,*,#4713,.F.);
#6938=ORIENTED_EDGE('',*,*,#4707,.F.);
#6939=ORIENTED_EDGE('',*,*,#4712,.F.);
#6940=ORIENTED_EDGE('',*,*,#4747,.T.);
#6941=ORIENTED_EDGE('',*,*,#4721,.T.);
#6942=ORIENTED_EDGE('',*,*,#4765,.T.);
#6943=ORIENTED_EDGE('',*,*,#4766,.F.);
#6944=ORIENTED_EDGE('',*,*,#4767,.F.);
#6945=ORIENTED_EDGE('',*,*,#4746,.T.);
#6946=ORIENTED_EDGE('',*,*,#4722,.T.);
#6947=ORIENTED_EDGE('',*,*,#4767,.T.);
#6948=ORIENTED_EDGE('',*,*,#4768,.F.);
#6949=ORIENTED_EDGE('',*,*,#4769,.F.);
#6950=ORIENTED_EDGE('',*,*,#4735,.F.);
#6951=ORIENTED_EDGE('',*,*,#4744,.T.);
#6952=ORIENTED_EDGE('',*,*,#4298,.T.);
#6953=ORIENTED_EDGE('',*,*,#4736,.F.);
#6954=ORIENTED_EDGE('',*,*,#4769,.T.);
#6955=ORIENTED_EDGE('',*,*,#4770,.F.);
#6956=ORIENTED_EDGE('',*,*,#4771,.F.);
#6957=ORIENTED_EDGE('',*,*,#4739,.T.);
#6958=ORIENTED_EDGE('',*,*,#4300,.T.);
#6959=ORIENTED_EDGE('',*,*,#4743,.T.);
#6960=ORIENTED_EDGE('',*,*,#4738,.F.);
#6961=ORIENTED_EDGE('',*,*,#4730,.T.);
#6962=ORIENTED_EDGE('',*,*,#4737,.F.);
#6963=ORIENTED_EDGE('',*,*,#4771,.T.);
#6964=ORIENTED_EDGE('',*,*,#4772,.F.);
#6965=ORIENTED_EDGE('',*,*,#4773,.F.);
#6966=ORIENTED_EDGE('',*,*,#4740,.T.);
#6967=ORIENTED_EDGE('',*,*,#4729,.F.);
#6968=ORIENTED_EDGE('',*,*,#4723,.F.);
#6969=ORIENTED_EDGE('',*,*,#4728,.F.);
#6970=ORIENTED_EDGE('',*,*,#4741,.T.);
#6971=ORIENTED_EDGE('',*,*,#4773,.T.);
#6972=ORIENTED_EDGE('',*,*,#4774,.F.);
#6973=ORIENTED_EDGE('',*,*,#4775,.F.);
#6974=ORIENTED_EDGE('',*,*,#4761,.F.);
#6975=ORIENTED_EDGE('',*,*,#4302,.T.);
#6976=ORIENTED_EDGE('',*,*,#4742,.T.);
#6977=ORIENTED_EDGE('',*,*,#4775,.T.);
#6978=ORIENTED_EDGE('',*,*,#4776,.F.);
#6979=ORIENTED_EDGE('',*,*,#4777,.F.);
#6980=ORIENTED_EDGE('',*,*,#4778,.F.);
#6981=ORIENTED_EDGE('',*,*,#4779,.F.);
#6982=ORIENTED_EDGE('',*,*,#4780,.F.);
#6983=ORIENTED_EDGE('',*,*,#4781,.F.);
#6984=ORIENTED_EDGE('',*,*,#4782,.F.);
#6985=ORIENTED_EDGE('',*,*,#4783,.F.);
#6986=ORIENTED_EDGE('',*,*,#4784,.F.);
#6987=ORIENTED_EDGE('',*,*,#4776,.T.);
#6988=ORIENTED_EDGE('',*,*,#4774,.T.);
#6989=ORIENTED_EDGE('',*,*,#4772,.T.);
#6990=ORIENTED_EDGE('',*,*,#4770,.T.);
#6991=ORIENTED_EDGE('',*,*,#4768,.T.);
#6992=ORIENTED_EDGE('',*,*,#4766,.T.);
#6993=ORIENTED_EDGE('',*,*,#4764,.T.);
#6994=ORIENTED_EDGE('',*,*,#4762,.T.);
#6995=ORIENTED_EDGE('',*,*,#4779,.T.);
#6996=ORIENTED_EDGE('',*,*,#4785,.T.);
#6997=ORIENTED_EDGE('',*,*,#4786,.T.);
#6998=ORIENTED_EDGE('',*,*,#4787,.F.);
#6999=ORIENTED_EDGE('',*,*,#4788,.T.);
#7000=ORIENTED_EDGE('',*,*,#4789,.F.);
#7001=ORIENTED_EDGE('',*,*,#4780,.T.);
#7002=ORIENTED_EDGE('',*,*,#4787,.T.);
#7003=ORIENTED_EDGE('',*,*,#4790,.T.);
#7004=ORIENTED_EDGE('',*,*,#4791,.F.);
#7005=ORIENTED_EDGE('',*,*,#4781,.T.);
#7006=ORIENTED_EDGE('',*,*,#4789,.T.);
#7007=ORIENTED_EDGE('',*,*,#4792,.T.);
#7008=ORIENTED_EDGE('',*,*,#4793,.F.);
#7009=ORIENTED_EDGE('',*,*,#4782,.T.);
#7010=ORIENTED_EDGE('',*,*,#4791,.T.);
#7011=ORIENTED_EDGE('',*,*,#4794,.T.);
#7012=ORIENTED_EDGE('',*,*,#4795,.F.);
#7013=ORIENTED_EDGE('',*,*,#4783,.T.);
#7014=ORIENTED_EDGE('',*,*,#4793,.T.);
#7015=ORIENTED_EDGE('',*,*,#4796,.T.);
#7016=ORIENTED_EDGE('',*,*,#4797,.F.);
#7017=ORIENTED_EDGE('',*,*,#4784,.T.);
#7018=ORIENTED_EDGE('',*,*,#4795,.T.);
#7019=ORIENTED_EDGE('',*,*,#4777,.T.);
#7020=ORIENTED_EDGE('',*,*,#4797,.T.);
#7021=ORIENTED_EDGE('',*,*,#4798,.T.);
#7022=ORIENTED_EDGE('',*,*,#4799,.T.);
#7023=ORIENTED_EDGE('',*,*,#4778,.T.);
#7024=ORIENTED_EDGE('',*,*,#4799,.F.);
#7025=ORIENTED_EDGE('',*,*,#4800,.T.);
#7026=ORIENTED_EDGE('',*,*,#4785,.F.);
#7027=ORIENTED_EDGE('',*,*,#4786,.F.);
#7028=ORIENTED_EDGE('',*,*,#4801,.T.);
#7029=ORIENTED_EDGE('',*,*,#4802,.F.);
#7030=ORIENTED_EDGE('',*,*,#4803,.F.);
#7031=ORIENTED_EDGE('',*,*,#4788,.F.);
#7032=ORIENTED_EDGE('',*,*,#4803,.T.);
#7033=ORIENTED_EDGE('',*,*,#4407,.F.);
#7034=ORIENTED_EDGE('',*,*,#4804,.F.);
#7035=ORIENTED_EDGE('',*,*,#4790,.F.);
#7036=ORIENTED_EDGE('',*,*,#4804,.T.);
#7037=ORIENTED_EDGE('',*,*,#4805,.F.);
#7038=ORIENTED_EDGE('',*,*,#4806,.F.);
#7039=ORIENTED_EDGE('',*,*,#4792,.F.);
#7040=ORIENTED_EDGE('',*,*,#4806,.T.);
#7041=ORIENTED_EDGE('',*,*,#4430,.F.);
#7042=ORIENTED_EDGE('',*,*,#4807,.F.);
#7043=ORIENTED_EDGE('',*,*,#4794,.F.);
#7044=ORIENTED_EDGE('',*,*,#4807,.T.);
#7045=ORIENTED_EDGE('',*,*,#4808,.F.);
#7046=ORIENTED_EDGE('',*,*,#4809,.F.);
#7047=ORIENTED_EDGE('',*,*,#4796,.F.);
#7048=ORIENTED_EDGE('',*,*,#4809,.T.);
#7049=ORIENTED_EDGE('',*,*,#4399,.F.);
#7050=ORIENTED_EDGE('',*,*,#4810,.F.);
#7051=ORIENTED_EDGE('',*,*,#4798,.F.);
#7052=ORIENTED_EDGE('',*,*,#4810,.T.);
#7053=ORIENTED_EDGE('',*,*,#4811,.F.);
#7054=ORIENTED_EDGE('',*,*,#4812,.F.);
#7055=ORIENTED_EDGE('',*,*,#4800,.F.);
#7056=ORIENTED_EDGE('',*,*,#4812,.T.);
#7057=ORIENTED_EDGE('',*,*,#4417,.F.);
#7058=ORIENTED_EDGE('',*,*,#4801,.F.);
#7059=ORIENTED_EDGE('',*,*,#4383,.T.);
#7060=ORIENTED_EDGE('',*,*,#4408,.F.);
#7061=ORIENTED_EDGE('',*,*,#4802,.T.);
#7062=ORIENTED_EDGE('',*,*,#4416,.T.);
#7063=ORIENTED_EDGE('',*,*,#4377,.T.);
#7064=ORIENTED_EDGE('',*,*,#4431,.F.);
#7065=ORIENTED_EDGE('',*,*,#4805,.T.);
#7066=ORIENTED_EDGE('',*,*,#4406,.T.);
#7067=ORIENTED_EDGE('',*,*,#4367,.T.);
#7068=ORIENTED_EDGE('',*,*,#4400,.F.);
#7069=ORIENTED_EDGE('',*,*,#4808,.T.);
#7070=ORIENTED_EDGE('',*,*,#4429,.T.);
#7071=ORIENTED_EDGE('',*,*,#4393,.T.);
#7072=ORIENTED_EDGE('',*,*,#4418,.F.);
#7073=ORIENTED_EDGE('',*,*,#4811,.T.);
#7074=ORIENTED_EDGE('',*,*,#4398,.T.);
#7075=TOROIDAL_SURFACE('',#7566,5.70000000000001,0.4);
#7076=TOROIDAL_SURFACE('',#7572,5.70000000000001,0.4);
#7077=TOROIDAL_SURFACE('',#7577,5.70000000000001,0.4);
#7078=TOROIDAL_SURFACE('',#7583,5.70000000000001,0.4);
#7079=TOROIDAL_SURFACE('',#7587,5.70000000000001,0.4);
#7080=TOROIDAL_SURFACE('',#7593,5.70000000000001,0.4);
#7081=TOROIDAL_SURFACE('',#7597,5.70000000000001,0.4);
#7082=TOROIDAL_SURFACE('',#7603,5.70000000000001,0.4);
#7083=TOROIDAL_SURFACE('',#7605,5.70000000000001,0.4);
#7084=TOROIDAL_SURFACE('',#7611,5.70000000000001,0.4);
#7085=TOROIDAL_SURFACE('',#7616,5.70000000000001,0.4);
#7086=TOROIDAL_SURFACE('',#7622,5.70000000000001,0.4);
#7087=TOROIDAL_SURFACE('',#7626,5.70000000000001,0.4);
#7088=TOROIDAL_SURFACE('',#7632,5.70000000000001,0.4);
#7089=TOROIDAL_SURFACE('',#7634,5.70000000000001,0.4);
#7090=TOROIDAL_SURFACE('',#7640,5.70000000000001,0.4);
#7091=TOROIDAL_SURFACE('',#7645,5.70000000000001,0.4);
#7092=TOROIDAL_SURFACE('',#7651,5.70000000000001,0.4);
#7093=TOROIDAL_SURFACE('',#7655,5.70000000000001,0.4);
#7094=TOROIDAL_SURFACE('',#7661,5.70000000000001,0.4);
#7095=TOROIDAL_SURFACE('',#7666,5.70000000000001,0.4);
#7096=TOROIDAL_SURFACE('',#7672,5.70000000000001,0.4);
#7097=TOROIDAL_SURFACE('',#7676,5.70000000000001,0.4);
#7098=TOROIDAL_SURFACE('',#7682,5.70000000000001,0.4);
#7099=TOROIDAL_SURFACE('',#7686,5.70000000000001,0.4);
#7100=TOROIDAL_SURFACE('',#7692,5.70000000000001,0.4);
#7101=TOROIDAL_SURFACE('',#7696,5.70000000000001,0.4);
#7102=TOROIDAL_SURFACE('',#7702,5.70000000000001,0.4);
#7103=TOROIDAL_SURFACE('',#7706,5.70000000000001,0.4);
#7104=TOROIDAL_SURFACE('',#7712,5.70000000000001,0.4);
#7105=TOROIDAL_SURFACE('',#7718,5.70000000000001,0.4);
#7106=TOROIDAL_SURFACE('',#7724,5.70000000000001,0.4);
#7107=TOROIDAL_SURFACE('',#7729,5.70000000000001,0.4);
#7108=TOROIDAL_SURFACE('',#7735,5.70000000000001,0.4);
#7109=TOROIDAL_SURFACE('',#7739,5.70000000000001,0.4);
#7110=TOROIDAL_SURFACE('',#7745,5.70000000000001,0.4);
#7111=TOROIDAL_SURFACE('',#7750,5.70000000000001,0.4);
#7112=TOROIDAL_SURFACE('',#7756,5.70000000000001,0.4);
#7113=TOROIDAL_SURFACE('',#7762,5.70000000000001,0.4);
#7114=TOROIDAL_SURFACE('',#7768,5.70000000000001,0.4);
#7115=TOROIDAL_SURFACE('',#7773,5.70000000000001,0.4);
#7116=TOROIDAL_SURFACE('',#7779,5.70000000000001,0.4);
#7117=TOROIDAL_SURFACE('',#7783,5.70000000000001,0.4);
#7118=TOROIDAL_SURFACE('',#7789,5.70000000000001,0.4);
#7119=TOROIDAL_SURFACE('',#7793,5.70000000000001,0.4);
#7120=TOROIDAL_SURFACE('',#7799,5.70000000000001,0.4);
#7121=TOROIDAL_SURFACE('',#7803,5.70000000000001,0.4);
#7122=TOROIDAL_SURFACE('',#7809,5.70000000000001,0.4);
#7123=TOROIDAL_SURFACE('',#7942,2.4,1.);
#7124=TOROIDAL_SURFACE('',#7949,2.4,1.);
#7125=TOROIDAL_SURFACE('',#7968,2.4,1.);
#7126=TOROIDAL_SURFACE('',#7973,2.4,1.);
#7127=ADVANCED_FACE('',(#1598),#7075,.T.);
#7128=ADVANCED_FACE('',(#1599),#1510,.T.);
#7129=ADVANCED_FACE('',(#1600),#1202,.F.);
#7130=ADVANCED_FACE('',(#1601),#7076,.T.);
#7131=ADVANCED_FACE('',(#1602),#1511,.T.);
#7132=ADVANCED_FACE('',(#1603),#7077,.T.);
#7133=ADVANCED_FACE('',(#1604),#95,.T.);
#7134=ADVANCED_FACE('',(#1605),#1203,.F.);
#7135=ADVANCED_FACE('',(#1606),#7078,.T.);
#7136=ADVANCED_FACE('',(#1607),#1512,.T.);
#7137=ADVANCED_FACE('',(#1608),#7079,.T.);
#7138=ADVANCED_FACE('',(#1609),#96,.T.);
#7139=ADVANCED_FACE('',(#1610),#1204,.F.);
#7140=ADVANCED_FACE('',(#1611),#7080,.T.);
#7141=ADVANCED_FACE('',(#1612),#1513,.T.);
#7142=ADVANCED_FACE('',(#1613),#7081,.T.);
#7143=ADVANCED_FACE('',(#1614),#1205,.F.);
#7144=ADVANCED_FACE('',(#1615),#97,.T.);
#7145=ADVANCED_FACE('',(#1616),#7082,.T.);
#7146=ADVANCED_FACE('',(#1617),#7083,.T.);
#7147=ADVANCED_FACE('',(#1618),#1514,.T.);
#7148=ADVANCED_FACE('',(#1619),#1206,.F.);
#7149=ADVANCED_FACE('',(#1620),#7084,.T.);
#7150=ADVANCED_FACE('',(#1621),#1515,.T.);
#7151=ADVANCED_FACE('',(#1622),#7085,.T.);
#7152=ADVANCED_FACE('',(#1623),#98,.T.);
#7153=ADVANCED_FACE('',(#1624),#1207,.F.);
#7154=ADVANCED_FACE('',(#1625),#7086,.T.);
#7155=ADVANCED_FACE('',(#1626),#1516,.T.);
#7156=ADVANCED_FACE('',(#1627),#7087,.T.);
#7157=ADVANCED_FACE('',(#1628),#1208,.F.);
#7158=ADVANCED_FACE('',(#1629),#99,.T.);
#7159=ADVANCED_FACE('',(#1630),#7088,.T.);
#7160=ADVANCED_FACE('',(#1631),#7089,.T.);
#7161=ADVANCED_FACE('',(#1632),#1517,.T.);
#7162=ADVANCED_FACE('',(#1633),#1209,.F.);
#7163=ADVANCED_FACE('',(#1634),#7090,.T.);
#7164=ADVANCED_FACE('',(#1635),#1518,.T.);
#7165=ADVANCED_FACE('',(#1636),#7091,.T.);
#7166=ADVANCED_FACE('',(#1637),#100,.T.);
#7167=ADVANCED_FACE('',(#1638),#1210,.F.);
#7168=ADVANCED_FACE('',(#1639),#7092,.T.);
#7169=ADVANCED_FACE('',(#1640),#1519,.T.);
#7170=ADVANCED_FACE('',(#1641),#7093,.T.);
#7171=ADVANCED_FACE('',(#1642),#1520,.T.);
#7172=ADVANCED_FACE('',(#1643),#1211,.F.);
#7173=ADVANCED_FACE('',(#1644),#7094,.T.);
#7174=ADVANCED_FACE('',(#1645),#1521,.T.);
#7175=ADVANCED_FACE('',(#1646),#7095,.T.);
#7176=ADVANCED_FACE('',(#1647),#101,.T.);
#7177=ADVANCED_FACE('',(#1648),#1212,.F.);
#7178=ADVANCED_FACE('',(#1649),#7096,.T.);
#7179=ADVANCED_FACE('',(#1650),#1522,.T.);
#7180=ADVANCED_FACE('',(#1651),#7097,.T.);
#7181=ADVANCED_FACE('',(#1652),#102,.T.);
#7182=ADVANCED_FACE('',(#1653),#1213,.F.);
#7183=ADVANCED_FACE('',(#1654),#7098,.T.);
#7184=ADVANCED_FACE('',(#1655),#1523,.T.);
#7185=ADVANCED_FACE('',(#1656),#7099,.T.);
#7186=ADVANCED_FACE('',(#1657),#103,.T.);
#7187=ADVANCED_FACE('',(#1658),#1214,.F.);
#7188=ADVANCED_FACE('',(#1659),#7100,.T.);
#7189=ADVANCED_FACE('',(#1660),#1524,.T.);
#7190=ADVANCED_FACE('',(#1661),#7101,.T.);
#7191=ADVANCED_FACE('',(#1662),#104,.T.);
#7192=ADVANCED_FACE('',(#1663),#1215,.F.);
#7193=ADVANCED_FACE('',(#1664),#7102,.T.);
#7194=ADVANCED_FACE('',(#1665),#1525,.T.);
#7195=ADVANCED_FACE('',(#1666),#7103,.T.);
#7196=ADVANCED_FACE('',(#1667),#1526,.T.);
#7197=ADVANCED_FACE('',(#1668),#1216,.F.);
#7198=ADVANCED_FACE('',(#1669),#7104,.T.);
#7199=ADVANCED_FACE('',(#1670),#1527,.T.);
#7200=ADVANCED_FACE('',(#1671),#1217,.F.);
#7201=ADVANCED_FACE('',(#1672),#7105,.T.);
#7202=ADVANCED_FACE('',(#1673),#1528,.T.);
#7203=ADVANCED_FACE('',(#1674),#1218,.F.);
#7204=ADVANCED_FACE('',(#1675),#7106,.T.);
#7205=ADVANCED_FACE('',(#1676),#1529,.T.);
#7206=ADVANCED_FACE('',(#1677),#7107,.T.);
#7207=ADVANCED_FACE('',(#1678),#105,.T.);
#7208=ADVANCED_FACE('',(#1679),#1219,.F.);
#7209=ADVANCED_FACE('',(#1680),#7108,.T.);
#7210=ADVANCED_FACE('',(#1681),#1530,.T.);
#7211=ADVANCED_FACE('',(#1682),#7109,.T.);
#7212=ADVANCED_FACE('',(#1683),#1531,.T.);
#7213=ADVANCED_FACE('',(#1684),#1220,.F.);
#7214=ADVANCED_FACE('',(#1685),#7110,.T.);
#7215=ADVANCED_FACE('',(#1686),#1532,.T.);
#7216=ADVANCED_FACE('',(#1687),#7111,.T.);
#7217=ADVANCED_FACE('',(#1688),#1533,.T.);
#7218=ADVANCED_FACE('',(#1689),#1221,.F.);
#7219=ADVANCED_FACE('',(#1690),#7112,.T.);
#7220=ADVANCED_FACE('',(#1691),#1534,.T.);
#7221=ADVANCED_FACE('',(#1692),#1222,.F.);
#7222=ADVANCED_FACE('',(#1693),#7113,.T.);
#7223=ADVANCED_FACE('',(#1694),#1535,.T.);
#7224=ADVANCED_FACE('',(#1695),#1223,.F.);
#7225=ADVANCED_FACE('',(#1696),#7114,.T.);
#7226=ADVANCED_FACE('',(#1697),#1536,.T.);
#7227=ADVANCED_FACE('',(#1698),#7115,.T.);
#7228=ADVANCED_FACE('',(#1699),#106,.T.);
#7229=ADVANCED_FACE('',(#1700),#1224,.F.);
#7230=ADVANCED_FACE('',(#1701),#7116,.T.);
#7231=ADVANCED_FACE('',(#1702),#1537,.T.);
#7232=ADVANCED_FACE('',(#1703),#7117,.T.);
#7233=ADVANCED_FACE('',(#1704),#107,.T.);
#7234=ADVANCED_FACE('',(#1705),#1225,.F.);
#7235=ADVANCED_FACE('',(#1706),#7118,.T.);
#7236=ADVANCED_FACE('',(#1707),#1538,.T.);
#7237=ADVANCED_FACE('',(#1708),#7119,.T.);
#7238=ADVANCED_FACE('',(#1709),#108,.T.);
#7239=ADVANCED_FACE('',(#1710),#1226,.F.);
#7240=ADVANCED_FACE('',(#1711),#7120,.T.);
#7241=ADVANCED_FACE('',(#1712),#1539,.T.);
#7242=ADVANCED_FACE('',(#1713),#7121,.T.);
#7243=ADVANCED_FACE('',(#1714),#1540,.T.);
#7244=ADVANCED_FACE('',(#1715),#1227,.F.);
#7245=ADVANCED_FACE('',(#1716),#7122,.T.);
#7246=ADVANCED_FACE('',(#1717),#1541,.T.);
#7247=ADVANCED_FACE('',(#1718),#1542,.F.);
#7248=ADVANCED_FACE('',(#1719,#61,#62,#63,#64,#65,#66),#1228,.F.);
#7249=ADVANCED_FACE('',(#1720),#1543,.F.);
#7250=ADVANCED_FACE('',(#1721),#1544,.F.);
#7251=ADVANCED_FACE('',(#1722),#1545,.F.);
#7252=ADVANCED_FACE('',(#1723),#1546,.F.);
#7253=ADVANCED_FACE('',(#1724),#1547,.F.);
#7254=ADVANCED_FACE('',(#1725),#1548,.F.);
#7255=ADVANCED_FACE('',(#1726,#67,#68,#69,#70,#71,#72),#1229,.F.);
#7256=ADVANCED_FACE('',(#1727),#1549,.F.);
#7257=ADVANCED_FACE('',(#1728),#1550,.F.);
#7258=ADVANCED_FACE('',(#1729),#1551,.F.);
#7259=ADVANCED_FACE('',(#1730),#1552,.F.);
#7260=ADVANCED_FACE('',(#1731),#1553,.F.);
#7261=ADVANCED_FACE('',(#1732),#1554,.F.);
#7262=ADVANCED_FACE('',(#1733,#73,#74,#75,#76,#77,#78),#1230,.F.);
#7263=ADVANCED_FACE('',(#1734),#1555,.F.);
#7264=ADVANCED_FACE('',(#1735),#1556,.F.);
#7265=ADVANCED_FACE('',(#1736),#1557,.F.);
#7266=ADVANCED_FACE('',(#1737),#1558,.F.);
#7267=ADVANCED_FACE('',(#1738),#1559,.F.);
#7268=ADVANCED_FACE('',(#1739),#1560,.F.);
#7269=ADVANCED_FACE('',(#1740,#79,#80,#81,#82,#83,#84),#1231,.F.);
#7270=ADVANCED_FACE('',(#1741),#1561,.F.);
#7271=ADVANCED_FACE('',(#1742),#1562,.F.);
#7272=ADVANCED_FACE('',(#1743),#1563,.F.);
#7273=ADVANCED_FACE('',(#1744),#1564,.F.);
#7274=ADVANCED_FACE('',(#1745),#1565,.F.);
#7275=ADVANCED_FACE('',(#1746),#1232,.T.);
#7276=ADVANCED_FACE('',(#1747),#1566,.T.);
#7277=ADVANCED_FACE('',(#1748),#1233,.T.);
#7278=ADVANCED_FACE('',(#1749),#1567,.T.);
#7279=ADVANCED_FACE('',(#1750),#109,.T.);
#7280=ADVANCED_FACE('',(#1751),#1234,.T.);
#7281=ADVANCED_FACE('',(#1752,#85,#86,#87),#1235,.F.);
#7282=ADVANCED_FACE('',(#1753),#7123,.T.);
#7283=ADVANCED_FACE('',(#1754),#110,.T.);
#7284=ADVANCED_FACE('',(#1755),#7124,.T.);
#7285=ADVANCED_FACE('',(#1756),#111,.T.);
#7286=ADVANCED_FACE('',(#1757),#1236,.T.);
#7287=ADVANCED_FACE('',(#1758),#112,.T.);
#7288=ADVANCED_FACE('',(#1759),#1237,.T.);
#7289=ADVANCED_FACE('',(#1760),#1238,.T.);
#7290=ADVANCED_FACE('',(#1761),#1568,.T.);
#7291=ADVANCED_FACE('',(#1762),#1239,.T.);
#7292=ADVANCED_FACE('',(#1763),#1569,.T.);
#7293=ADVANCED_FACE('',(#1764),#113,.T.);
#7294=ADVANCED_FACE('',(#1765),#1240,.T.);
#7295=ADVANCED_FACE('',(#1766),#114,.T.);
#7296=ADVANCED_FACE('',(#1767),#7125,.T.);
#7297=ADVANCED_FACE('',(#1768),#115,.T.);
#7298=ADVANCED_FACE('',(#1769),#7126,.T.);
#7299=ADVANCED_FACE('',(#1770),#1241,.T.);
#7300=ADVANCED_FACE('',(#1771),#1242,.T.);
#7301=ADVANCED_FACE('',(#1772),#116,.T.);
#7302=ADVANCED_FACE('',(#1773),#1243,.F.);
#7303=ADVANCED_FACE('',(#1774),#1244,.F.);
#7304=ADVANCED_FACE('',(#1775),#1245,.F.);
#7305=ADVANCED_FACE('',(#1776),#1246,.T.);
#7306=ADVANCED_FACE('',(#1777),#1247,.F.);
#7307=ADVANCED_FACE('',(#1778),#1248,.T.);
#7308=ADVANCED_FACE('',(#1779),#1249,.F.);
#7309=ADVANCED_FACE('',(#1780),#1250,.T.);
#7310=ADVANCED_FACE('',(#1781),#1251,.F.);
#7311=ADVANCED_FACE('',(#1782),#1252,.F.);
#7312=ADVANCED_FACE('',(#1783),#1253,.F.);
#7313=ADVANCED_FACE('',(#1784),#1254,.F.);
#7314=ADVANCED_FACE('',(#1785),#1255,.F.);
#7315=ADVANCED_FACE('',(#1786),#1256,.F.);
#7316=ADVANCED_FACE('',(#1787),#1257,.F.);
#7317=ADVANCED_FACE('',(#1788),#1258,.F.);
#7318=ADVANCED_FACE('',(#1789),#1259,.F.);
#7319=ADVANCED_FACE('',(#1790),#1260,.F.);
#7320=ADVANCED_FACE('',(#1791),#1261,.T.);
#7321=ADVANCED_FACE('',(#1792),#1262,.F.);
#7322=ADVANCED_FACE('',(#1793),#1263,.F.);
#7323=ADVANCED_FACE('',(#1794),#1264,.F.);
#7324=ADVANCED_FACE('',(#1795),#1265,.F.);
#7325=ADVANCED_FACE('',(#1796),#1266,.F.);
#7326=ADVANCED_FACE('',(#1797),#1267,.F.);
#7327=ADVANCED_FACE('',(#1798),#1268,.F.);
#7328=ADVANCED_FACE('',(#1799),#1570,.T.);
#7329=ADVANCED_FACE('',(#1800),#117,.F.);
#7330=ADVANCED_FACE('',(#1801),#1269,.F.);
#7331=ADVANCED_FACE('',(#1802),#118,.T.);
#7332=ADVANCED_FACE('',(#1803),#119,.F.);
#7333=ADVANCED_FACE('',(#1804),#1270,.F.);
#7334=ADVANCED_FACE('',(#1805),#1571,.T.);
#7335=ADVANCED_FACE('',(#1806),#120,.F.);
#7336=ADVANCED_FACE('',(#1807),#1271,.F.);
#7337=ADVANCED_FACE('',(#1808),#121,.T.);
#7338=ADVANCED_FACE('',(#1809),#122,.F.);
#7339=ADVANCED_FACE('',(#1810),#1272,.F.);
#7340=ADVANCED_FACE('',(#1811),#123,.T.);
#7341=ADVANCED_FACE('',(#1812),#124,.F.);
#7342=ADVANCED_FACE('',(#1813),#1273,.F.);
#7343=ADVANCED_FACE('',(#1814),#1572,.T.);
#7344=ADVANCED_FACE('',(#1815),#125,.F.);
#7345=ADVANCED_FACE('',(#1816),#1274,.F.);
#7346=ADVANCED_FACE('',(#1817),#1573,.T.);
#7347=ADVANCED_FACE('',(#1818),#126,.F.);
#7348=ADVANCED_FACE('',(#1819),#1275,.F.);
#7349=ADVANCED_FACE('',(#1820),#1574,.T.);
#7350=ADVANCED_FACE('',(#1821),#127,.F.);
#7351=ADVANCED_FACE('',(#1822),#1276,.F.);
#7352=ADVANCED_FACE('',(#1823),#128,.T.);
#7353=ADVANCED_FACE('',(#1824),#129,.F.);
#7354=ADVANCED_FACE('',(#1825),#1277,.F.);
#7355=ADVANCED_FACE('',(#1826),#130,.T.);
#7356=ADVANCED_FACE('',(#1827),#131,.F.);
#7357=ADVANCED_FACE('',(#1828),#1278,.F.);
#7358=ADVANCED_FACE('',(#1829),#1575,.T.);
#7359=ADVANCED_FACE('',(#1830),#132,.F.);
#7360=ADVANCED_FACE('',(#1831),#1279,.F.);
#7361=ADVANCED_FACE('',(#1832),#133,.T.);
#7362=ADVANCED_FACE('',(#1833),#134,.F.);
#7363=ADVANCED_FACE('',(#1834),#1280,.F.);
#7364=ADVANCED_FACE('',(#1835),#1576,.T.);
#7365=ADVANCED_FACE('',(#1836),#135,.F.);
#7366=ADVANCED_FACE('',(#1837),#1281,.F.);
#7367=ADVANCED_FACE('',(#1838),#1577,.T.);
#7368=ADVANCED_FACE('',(#1839),#136,.F.);
#7369=ADVANCED_FACE('',(#1840),#1282,.F.);
#7370=ADVANCED_FACE('',(#1841),#137,.T.);
#7371=ADVANCED_FACE('',(#1842),#138,.F.);
#7372=ADVANCED_FACE('',(#1843),#1283,.F.);
#7373=ADVANCED_FACE('',(#1844),#1578,.T.);
#7374=ADVANCED_FACE('',(#1845),#1579,.T.);
#7375=ADVANCED_FACE('',(#1846),#139,.F.);
#7376=ADVANCED_FACE('',(#1847),#1284,.F.);
#7377=ADVANCED_FACE('',(#1848),#1580,.T.);
#7378=ADVANCED_FACE('',(#1849),#140,.F.);
#7379=ADVANCED_FACE('',(#1850),#1285,.F.);
#7380=ADVANCED_FACE('',(#1851),#141,.T.);
#7381=ADVANCED_FACE('',(#1852),#142,.F.);
#7382=ADVANCED_FACE('',(#1853),#1286,.F.);
#7383=ADVANCED_FACE('',(#1854),#1581,.T.);
#7384=ADVANCED_FACE('',(#1855),#143,.F.);
#7385=ADVANCED_FACE('',(#1856),#1287,.F.);
#7386=ADVANCED_FACE('',(#1857),#1582,.T.);
#7387=ADVANCED_FACE('',(#1858),#144,.F.);
#7388=ADVANCED_FACE('',(#1859),#1288,.F.);
#7389=ADVANCED_FACE('',(#1860),#145,.T.);
#7390=ADVANCED_FACE('',(#1861),#146,.F.);
#7391=ADVANCED_FACE('',(#1862),#1289,.F.);
#7392=ADVANCED_FACE('',(#1863),#1583,.T.);
#7393=ADVANCED_FACE('',(#1864),#1584,.T.);
#7394=ADVANCED_FACE('',(#1865),#147,.F.);
#7395=ADVANCED_FACE('',(#1866),#1290,.F.);
#7396=ADVANCED_FACE('',(#1867),#1585,.T.);
#7397=ADVANCED_FACE('',(#1868),#148,.F.);
#7398=ADVANCED_FACE('',(#1869),#1291,.F.);
#7399=ADVANCED_FACE('',(#1870),#149,.T.);
#7400=ADVANCED_FACE('',(#1871),#150,.F.);
#7401=ADVANCED_FACE('',(#1872),#151,.T.);
#7402=ADVANCED_FACE('',(#1873),#1292,.F.);
#7403=ADVANCED_FACE('',(#1874),#152,.T.);
#7404=ADVANCED_FACE('',(#1875),#153,.T.);
#7405=ADVANCED_FACE('',(#1876),#1293,.F.);
#7406=ADVANCED_FACE('',(#1877),#154,.T.);
#7407=ADVANCED_FACE('',(#1878),#1294,.F.);
#7408=ADVANCED_FACE('',(#1879),#155,.T.);
#7409=ADVANCED_FACE('',(#1880),#1295,.F.);
#7410=ADVANCED_FACE('',(#1881),#156,.T.);
#7411=ADVANCED_FACE('',(#1882),#1296,.F.);
#7412=ADVANCED_FACE('',(#1883),#157,.T.);
#7413=ADVANCED_FACE('',(#1884),#1297,.F.);
#7414=ADVANCED_FACE('',(#1885),#158,.T.);
#7415=ADVANCED_FACE('',(#1886),#1298,.F.);
#7416=ADVANCED_FACE('',(#1887),#159,.T.);
#7417=ADVANCED_FACE('',(#1888),#1299,.F.);
#7418=ADVANCED_FACE('',(#1889),#160,.T.);
#7419=ADVANCED_FACE('',(#1890),#161,.T.);
#7420=ADVANCED_FACE('',(#1891),#1300,.F.);
#7421=ADVANCED_FACE('',(#1892),#162,.T.);
#7422=ADVANCED_FACE('',(#1893),#1301,.F.);
#7423=ADVANCED_FACE('',(#1894),#163,.T.);
#7424=ADVANCED_FACE('',(#1895),#1302,.F.);
#7425=ADVANCED_FACE('',(#1896),#164,.T.);
#7426=ADVANCED_FACE('',(#1897),#1303,.F.);
#7427=ADVANCED_FACE('',(#1898),#165,.T.);
#7428=ADVANCED_FACE('',(#1899),#1304,.F.);
#7429=ADVANCED_FACE('',(#1900),#166,.T.);
#7430=ADVANCED_FACE('',(#1901),#167,.T.);
#7431=ADVANCED_FACE('',(#1902),#1305,.F.);
#7432=ADVANCED_FACE('',(#1903),#168,.T.);
#7433=ADVANCED_FACE('',(#1904),#1306,.F.);
#7434=ADVANCED_FACE('',(#1905),#169,.T.);
#7435=ADVANCED_FACE('',(#1906),#1307,.F.);
#7436=ADVANCED_FACE('',(#1907),#170,.T.);
#7437=ADVANCED_FACE('',(#1908),#1308,.F.);
#7438=ADVANCED_FACE('',(#1909),#171,.T.);
#7439=ADVANCED_FACE('',(#1910),#1309,.F.);
#7440=ADVANCED_FACE('',(#1911),#172,.T.);
#7441=ADVANCED_FACE('',(#1912),#173,.T.);
#7442=ADVANCED_FACE('',(#1913),#1310,.F.);
#7443=ADVANCED_FACE('',(#1914),#174,.T.);
#7444=ADVANCED_FACE('',(#1915),#1311,.F.);
#7445=ADVANCED_FACE('',(#1916),#1312,.T.);
#7446=ADVANCED_FACE('',(#1917),#1313,.T.);
#7447=ADVANCED_FACE('',(#1918),#41,.T.);
#7448=ADVANCED_FACE('',(#1919),#42,.T.);
#7449=ADVANCED_FACE('',(#1920),#43,.T.);
#7450=ADVANCED_FACE('',(#1921),#44,.T.);
#7451=ADVANCED_FACE('',(#1922),#45,.T.);
#7452=ADVANCED_FACE('',(#1923),#46,.T.);
#7453=ADVANCED_FACE('',(#1924),#47,.T.);
#7454=ADVANCED_FACE('',(#1925),#1314,.T.);
#7455=ADVANCED_FACE('',(#1926),#48,.T.);
#7456=ADVANCED_FACE('',(#1927),#49,.T.);
#7457=ADVANCED_FACE('',(#1928),#50,.T.);
#7458=ADVANCED_FACE('',(#1929),#51,.T.);
#7459=ADVANCED_FACE('',(#1930),#1315,.T.);
#7460=ADVANCED_FACE('',(#1931),#175,.F.);
#7461=ADVANCED_FACE('',(#1932),#1316,.T.);
#7462=ADVANCED_FACE('',(#1933),#52,.T.);
#7463=ADVANCED_FACE('',(#1934),#53,.T.);
#7464=ADVANCED_FACE('',(#1935),#54,.T.);
#7465=ADVANCED_FACE('',(#1936),#55,.T.);
#7466=ADVANCED_FACE('',(#1937),#56,.T.);
#7467=ADVANCED_FACE('',(#1938),#1317,.T.);
#7468=ADVANCED_FACE('',(#1939),#57,.T.);
#7469=ADVANCED_FACE('',(#1940),#58,.T.);
#7470=ADVANCED_FACE('',(#1941),#59,.T.);
#7471=ADVANCED_FACE('',(#1942),#60,.T.);
#7472=ADVANCED_FACE('',(#1943),#1318,.T.);
#7473=ADVANCED_FACE('',(#1944),#176,.F.);
#7474=ADVANCED_FACE('',(#1945),#177,.F.);
#7475=ADVANCED_FACE('',(#1946),#178,.F.);
#7476=ADVANCED_FACE('',(#1947),#179,.F.);
#7477=ADVANCED_FACE('',(#1948),#180,.F.);
#7478=ADVANCED_FACE('',(#1949,#88),#1319,.F.);
#7479=ADVANCED_FACE('',(#1950),#1586,.F.);
#7480=ADVANCED_FACE('',(#1951),#1587,.F.);
#7481=ADVANCED_FACE('',(#1952),#1588,.F.);
#7482=ADVANCED_FACE('',(#1953),#1589,.F.);
#7483=ADVANCED_FACE('',(#1954),#181,.F.);
#7484=ADVANCED_FACE('',(#1955),#1320,.T.);
#7485=ADVANCED_FACE('',(#1956),#182,.F.);
#7486=ADVANCED_FACE('',(#1957),#1321,.T.);
#7487=ADVANCED_FACE('',(#1958),#1322,.T.);
#7488=ADVANCED_FACE('',(#1959),#183,.F.);
#7489=ADVANCED_FACE('',(#1960),#1323,.T.);
#7490=ADVANCED_FACE('',(#1961),#184,.F.);
#7491=ADVANCED_FACE('',(#1962),#1324,.T.);
#7492=ADVANCED_FACE('',(#1963),#185,.F.);
#7493=ADVANCED_FACE('',(#1964),#1325,.T.);
#7494=ADVANCED_FACE('',(#1965,#89),#1326,.F.);
#7495=ADVANCED_FACE('',(#1966,#90),#1327,.F.);
#7496=ADVANCED_FACE('',(#1967,#91),#1328,.F.);
#7497=ADVANCED_FACE('',(#1968,#92),#1329,.F.);
#7498=ADVANCED_FACE('',(#1969,#93),#1330,.T.);
#7499=ADVANCED_FACE('',(#1970),#1590,.T.);
#7500=ADVANCED_FACE('',(#1971),#186,.T.);
#7501=ADVANCED_FACE('',(#1972),#1591,.T.);
#7502=ADVANCED_FACE('',(#1973),#187,.T.);
#7503=ADVANCED_FACE('',(#1974),#1592,.T.);
#7504=ADVANCED_FACE('',(#1975),#188,.T.);
#7505=ADVANCED_FACE('',(#1976),#1593,.T.);
#7506=ADVANCED_FACE('',(#1977),#189,.T.);
#7507=ADVANCED_FACE('',(#1978),#1594,.T.);
#7508=ADVANCED_FACE('',(#1979),#1595,.T.);
#7509=ADVANCED_FACE('',(#1980),#1596,.T.);
#7510=ADVANCED_FACE('',(#1981),#1597,.T.);
#7511=ADVANCED_FACE('',(#1982),#190,.T.);
#7512=ADVANCED_FACE('',(#1983),#1331,.T.);
#7513=ADVANCED_FACE('',(#1984),#191,.T.);
#7514=ADVANCED_FACE('',(#1985),#1332,.T.);
#7515=ADVANCED_FACE('',(#1986),#192,.T.);
#7516=ADVANCED_FACE('',(#1987),#1333,.T.);
#7517=ADVANCED_FACE('',(#1988),#193,.T.);
#7518=ADVANCED_FACE('',(#1989),#1334,.T.);
#7519=ADVANCED_FACE('',(#1990),#194,.T.);
#7520=ADVANCED_FACE('',(#1991),#1335,.T.);
#7521=ADVANCED_FACE('',(#1992),#195,.T.);
#7522=ADVANCED_FACE('',(#1993),#1336,.T.);
#7523=ADVANCED_FACE('',(#1994),#1337,.T.);
#7524=ADVANCED_FACE('',(#1995),#1338,.T.);
#7525=ADVANCED_FACE('',(#1996),#1339,.T.);
#7526=ADVANCED_FACE('',(#1997),#1340,.T.);
#7527=ADVANCED_FACE('',(#1998),#1341,.T.);
#7528=ADVANCED_FACE('',(#1999),#1342,.T.);
#7529=ADVANCED_FACE('',(#2000),#1343,.T.);
#7530=ADVANCED_FACE('',(#2001),#1344,.T.);
#7531=ADVANCED_FACE('',(#2002,#94),#1345,.F.);
#7532=ADVANCED_FACE('',(#2003),#1346,.T.);
#7533=ADVANCED_FACE('',(#2004),#1347,.T.);
#7534=ADVANCED_FACE('',(#2005),#1348,.T.);
#7535=ADVANCED_FACE('',(#2006),#1349,.T.);
#7536=ADVANCED_FACE('',(#2007),#1350,.T.);
#7537=ADVANCED_FACE('',(#2008),#1351,.T.);
#7538=ADVANCED_FACE('',(#2009),#1352,.T.);
#7539=ADVANCED_FACE('',(#2010),#1353,.T.);
#7540=ADVANCED_FACE('',(#2011),#1354,.T.);
#7541=ADVANCED_FACE('',(#2012),#1355,.T.);
#7542=ADVANCED_FACE('',(#2013),#1356,.T.);
#7543=ADVANCED_FACE('',(#2014),#1357,.T.);
#7544=ADVANCED_FACE('',(#2015),#1358,.T.);
#7545=ADVANCED_FACE('',(#2016),#1359,.T.);
#7546=ADVANCED_FACE('',(#2017),#1360,.T.);
#7547=ADVANCED_FACE('',(#2018),#1361,.T.);
#7548=ADVANCED_FACE('',(#2019),#1362,.T.);
#7549=ADVANCED_FACE('',(#2020),#1363,.T.);
#7550=ADVANCED_FACE('',(#2021),#1364,.T.);
#7551=ADVANCED_FACE('',(#2022),#1365,.T.);
#7552=CLOSED_SHELL('',(#7127,#7128,#7129,#7130,#7131,#7132,#7133,#7134,
#7135,#7136,#7137,#7138,#7139,#7140,#7141,#7142,#7143,#7144,#7145,#7146,
#7147,#7148,#7149,#7150,#7151,#7152,#7153,#7154,#7155,#7156,#7157,#7158,
#7159,#7160,#7161,#7162,#7163,#7164,#7165,#7166,#7167,#7168,#7169,#7170,
#7171,#7172,#7173,#7174,#7175,#7176,#7177,#7178,#7179,#7180,#7181,#7182,
#7183,#7184,#7185,#7186,#7187,#7188,#7189,#7190,#7191,#7192,#7193,#7194,
#7195,#7196,#7197,#7198,#7199,#7200,#7201,#7202,#7203,#7204,#7205,#7206,
#7207,#7208,#7209,#7210,#7211,#7212,#7213,#7214,#7215,#7216,#7217,#7218,
#7219,#7220,#7221,#7222,#7223,#7224,#7225,#7226,#7227,#7228,#7229,#7230,
#7231,#7232,#7233,#7234,#7235,#7236,#7237,#7238,#7239,#7240,#7241,#7242,
#7243,#7244,#7245,#7246,#7247,#7248,#7249,#7250,#7251,#7252,#7253,#7254,
#7255,#7256,#7257,#7258,#7259,#7260,#7261,#7262,#7263,#7264,#7265,#7266,
#7267,#7268,#7269,#7270,#7271,#7272,#7273,#7274,#7275,#7276,#7277,#7278,
#7279,#7280,#7281,#7282,#7283,#7284,#7285,#7286,#7287,#7288,#7289,#7290,
#7291,#7292,#7293,#7294,#7295,#7296,#7297,#7298,#7299,#7300,#7301,#7302,
#7303,#7304,#7305,#7306,#7307,#7308,#7309,#7310,#7311,#7312,#7313,#7314,
#7315,#7316,#7317,#7318,#7319,#7320,#7321,#7322,#7323,#7324,#7325,#7326,
#7327,#7328,#7329,#7330,#7331,#7332,#7333,#7334,#7335,#7336,#7337,#7338,
#7339,#7340,#7341,#7342,#7343,#7344,#7345,#7346,#7347,#7348,#7349,#7350,
#7351,#7352,#7353,#7354,#7355,#7356,#7357,#7358,#7359,#7360,#7361,#7362,
#7363,#7364,#7365,#7366,#7367,#7368,#7369,#7370,#7371,#7372,#7373,#7374,
#7375,#7376,#7377,#7378,#7379,#7380,#7381,#7382,#7383,#7384,#7385,#7386,
#7387,#7388,#7389,#7390,#7391,#7392,#7393,#7394,#7395,#7396,#7397,#7398,
#7399,#7400,#7401,#7402,#7403,#7404,#7405,#7406,#7407,#7408,#7409,#7410,
#7411,#7412,#7413,#7414,#7415,#7416,#7417,#7418,#7419,#7420,#7421,#7422,
#7423,#7424,#7425,#7426,#7427,#7428,#7429,#7430,#7431,#7432,#7433,#7434,
#7435,#7436,#7437,#7438,#7439,#7440,#7441,#7442,#7443,#7444,#7445,#7446,
#7447,#7448,#7449,#7450,#7451,#7452,#7453,#7454,#7455,#7456,#7457,#7458,
#7459,#7460,#7461,#7462,#7463,#7464,#7465,#7466,#7467,#7468,#7469,#7470,
#7471,#7472,#7473,#7474,#7475,#7476,#7477,#7478,#7479,#7480,#7481,#7482,
#7483,#7484,#7485,#7486,#7487,#7488,#7489,#7490,#7491,#7492,#7493,#7494,
#7495,#7496,#7497,#7498,#7499,#7500,#7501,#7502,#7503,#7504,#7505,#7506,
#7507,#7508,#7509,#7510,#7511,#7512,#7513,#7514,#7515,#7516,#7517,#7518,
#7519,#7520,#7521,#7522,#7523,#7524,#7525,#7526,#7527,#7528,#7529,#7530,
#7531,#7532,#7533,#7534,#7535,#7536,#7537,#7538,#7539,#7540,#7541,#7542,
#7543,#7544,#7545,#7546,#7547,#7548,#7549,#7550,#7551));
#7553=DERIVED_UNIT_ELEMENT(#7555,1.);
#7554=DERIVED_UNIT_ELEMENT(#14038,-3.);
#7555=(
MASS_UNIT()
NAMED_UNIT(*)
SI_UNIT(.KILO.,.GRAM.)
);
#7556=DERIVED_UNIT((#7553,#7554));
#7557=MEASURE_REPRESENTATION_ITEM('density measure',
POSITIVE_RATIO_MEASURE(7850.),#7556);
#7558=PROPERTY_DEFINITION_REPRESENTATION(#7563,#7560);
#7559=PROPERTY_DEFINITION_REPRESENTATION(#7564,#7561);
#7560=REPRESENTATION('material name',(#7562),#14035);
#7561=REPRESENTATION('density',(#7557),#14035);
#7562=DESCRIPTIVE_REPRESENTATION_ITEM('Steel','Steel');
#7563=PROPERTY_DEFINITION('material property','material name',#14045);
#7564=PROPERTY_DEFINITION('material property','density of part',#14045);
#7565=AXIS2_PLACEMENT_3D('',#10330,#8319,#8320);
#7566=AXIS2_PLACEMENT_3D('',#10331,#8321,#8322);
#7567=AXIS2_PLACEMENT_3D('',#10343,#8323,#8324);
#7568=AXIS2_PLACEMENT_3D('',#10353,#8325,#8326);
#7569=AXIS2_PLACEMENT_3D('',#10354,#8327,#8328);
#7570=AXIS2_PLACEMENT_3D('',#10360,#8329,#8330);
#7571=AXIS2_PLACEMENT_3D('',#10364,#8331,#8332);
#7572=AXIS2_PLACEMENT_3D('',#10392,#8338,#8339);
#7573=AXIS2_PLACEMENT_3D('',#10394,#8340,#8341);
#7574=AXIS2_PLACEMENT_3D('',#10404,#8342,#8343);
#7575=AXIS2_PLACEMENT_3D('',#10405,#8344,#8345);
#7576=AXIS2_PLACEMENT_3D('',#10410,#8346,#8347);
#7577=AXIS2_PLACEMENT_3D('',#10411,#8348,#8349);
#7578=AXIS2_PLACEMENT_3D('',#10423,#8350,#8351);
#7579=AXIS2_PLACEMENT_3D('',#10433,#8352,#8353);
#7580=AXIS2_PLACEMENT_3D('',#10434,#8354,#8355);
#7581=AXIS2_PLACEMENT_3D('',#10438,#8357,#8358);
#7582=AXIS2_PLACEMENT_3D('',#10440,#8360,#8361);
#7583=AXIS2_PLACEMENT_3D('',#10469,#8366,#8367);
#7584=AXIS2_PLACEMENT_3D('',#10479,#8368,#8369);
#7585=AXIS2_PLACEMENT_3D('',#10480,#8370,#8371);
#7586=AXIS2_PLACEMENT_3D('',#10482,#8372,#8373);
#7587=AXIS2_PLACEMENT_3D('',#10486,#8374,#8375);
#7588=AXIS2_PLACEMENT_3D('',#10498,#8376,#8377);
#7589=AXIS2_PLACEMENT_3D('',#10508,#8378,#8379);
#7590=AXIS2_PLACEMENT_3D('',#10509,#8380,#8381);
#7591=AXIS2_PLACEMENT_3D('',#10513,#8383,#8384);
#7592=AXIS2_PLACEMENT_3D('',#10515,#8386,#8387);
#7593=AXIS2_PLACEMENT_3D('',#10544,#8392,#8393);
#7594=AXIS2_PLACEMENT_3D('',#10554,#8394,#8395);
#7595=AXIS2_PLACEMENT_3D('',#10555,#8396,#8397);
#7596=AXIS2_PLACEMENT_3D('',#10557,#8398,#8399);
#7597=AXIS2_PLACEMENT_3D('',#10561,#8400,#8401);
#7598=AXIS2_PLACEMENT_3D('',#10573,#8402,#8403);
#7599=AXIS2_PLACEMENT_3D('',#10583,#8404,#8405);
#7600=AXIS2_PLACEMENT_3D('',#10584,#8406,#8407);
#7601=AXIS2_PLACEMENT_3D('',#10616,#8413,#8414);
#7602=AXIS2_PLACEMENT_3D('',#10619,#8416,#8417);
#7603=AXIS2_PLACEMENT_3D('',#10620,#8418,#8419);
#7604=AXIS2_PLACEMENT_3D('',#10630,#8420,#8421);
#7605=AXIS2_PLACEMENT_3D('',#10631,#8422,#8423);
#7606=AXIS2_PLACEMENT_3D('',#10643,#8424,#8425);
#7607=AXIS2_PLACEMENT_3D('',#10653,#8426,#8427);
#7608=AXIS2_PLACEMENT_3D('',#10654,#8428,#8429);
#7609=AXIS2_PLACEMENT_3D('',#10660,#8430,#8431);
#7610=AXIS2_PLACEMENT_3D('',#10664,#8432,#8433);
#7611=AXIS2_PLACEMENT_3D('',#10692,#8439,#8440);
#7612=AXIS2_PLACEMENT_3D('',#10694,#8441,#8442);
#7613=AXIS2_PLACEMENT_3D('',#10704,#8443,#8444);
#7614=AXIS2_PLACEMENT_3D('',#10705,#8445,#8446);
#7615=AXIS2_PLACEMENT_3D('',#10710,#8447,#8448);
#7616=AXIS2_PLACEMENT_3D('',#10711,#8449,#8450);
#7617=AXIS2_PLACEMENT_3D('',#10723,#8451,#8452);
#7618=AXIS2_PLACEMENT_3D('',#10733,#8453,#8454);
#7619=AXIS2_PLACEMENT_3D('',#10734,#8455,#8456);
#7620=AXIS2_PLACEMENT_3D('',#10738,#8458,#8459);
#7621=AXIS2_PLACEMENT_3D('',#10740,#8461,#8462);
#7622=AXIS2_PLACEMENT_3D('',#10769,#8467,#8468);
#7623=AXIS2_PLACEMENT_3D('',#10779,#8469,#8470);
#7624=AXIS2_PLACEMENT_3D('',#10780,#8471,#8472);
#7625=AXIS2_PLACEMENT_3D('',#10782,#8473,#8474);
#7626=AXIS2_PLACEMENT_3D('',#10786,#8475,#8476);
#7627=AXIS2_PLACEMENT_3D('',#10798,#8477,#8478);
#7628=AXIS2_PLACEMENT_3D('',#10808,#8479,#8480);
#7629=AXIS2_PLACEMENT_3D('',#10809,#8481,#8482);
#7630=AXIS2_PLACEMENT_3D('',#10841,#8488,#8489);
#7631=AXIS2_PLACEMENT_3D('',#10844,#8491,#8492);
#7632=AXIS2_PLACEMENT_3D('',#10845,#8493,#8494);
#7633=AXIS2_PLACEMENT_3D('',#10855,#8495,#8496);
#7634=AXIS2_PLACEMENT_3D('',#10856,#8497,#8498);
#7635=AXIS2_PLACEMENT_3D('',#10868,#8499,#8500);
#7636=AXIS2_PLACEMENT_3D('',#10878,#8501,#8502);
#7637=AXIS2_PLACEMENT_3D('',#10879,#8503,#8504);
#7638=AXIS2_PLACEMENT_3D('',#10885,#8505,#8506);
#7639=AXIS2_PLACEMENT_3D('',#10889,#8507,#8508);
#7640=AXIS2_PLACEMENT_3D('',#10917,#8514,#8515);
#7641=AXIS2_PLACEMENT_3D('',#10919,#8516,#8517);
#7642=AXIS2_PLACEMENT_3D('',#10929,#8518,#8519);
#7643=AXIS2_PLACEMENT_3D('',#10930,#8520,#8521);
#7644=AXIS2_PLACEMENT_3D('',#10935,#8522,#8523);
#7645=AXIS2_PLACEMENT_3D('',#10936,#8524,#8525);
#7646=AXIS2_PLACEMENT_3D('',#10948,#8526,#8527);
#7647=AXIS2_PLACEMENT_3D('',#10958,#8528,#8529);
#7648=AXIS2_PLACEMENT_3D('',#10959,#8530,#8531);
#7649=AXIS2_PLACEMENT_3D('',#10963,#8533,#8534);
#7650=AXIS2_PLACEMENT_3D('',#10965,#8536,#8537);
#7651=AXIS2_PLACEMENT_3D('',#10994,#8542,#8543);
#7652=AXIS2_PLACEMENT_3D('',#11004,#8544,#8545);
#7653=AXIS2_PLACEMENT_3D('',#11005,#8546,#8547);
#7654=AXIS2_PLACEMENT_3D('',#11007,#8548,#8549);
#7655=AXIS2_PLACEMENT_3D('',#11011,#8550,#8551);
#7656=AXIS2_PLACEMENT_3D('',#11023,#8552,#8553);
#7657=AXIS2_PLACEMENT_3D('',#11033,#8554,#8555);
#7658=AXIS2_PLACEMENT_3D('',#11034,#8556,#8557);
#7659=AXIS2_PLACEMENT_3D('',#11040,#8558,#8559);
#7660=AXIS2_PLACEMENT_3D('',#11044,#8560,#8561);
#7661=AXIS2_PLACEMENT_3D('',#11072,#8567,#8568);
#7662=AXIS2_PLACEMENT_3D('',#11074,#8569,#8570);
#7663=AXIS2_PLACEMENT_3D('',#11084,#8571,#8572);
#7664=AXIS2_PLACEMENT_3D('',#11085,#8573,#8574);
#7665=AXIS2_PLACEMENT_3D('',#11090,#8575,#8576);
#7666=AXIS2_PLACEMENT_3D('',#11091,#8577,#8578);
#7667=AXIS2_PLACEMENT_3D('',#11103,#8579,#8580);
#7668=AXIS2_PLACEMENT_3D('',#11113,#8581,#8582);
#7669=AXIS2_PLACEMENT_3D('',#11114,#8583,#8584);
#7670=AXIS2_PLACEMENT_3D('',#11118,#8586,#8587);
#7671=AXIS2_PLACEMENT_3D('',#11120,#8589,#8590);
#7672=AXIS2_PLACEMENT_3D('',#11149,#8595,#8596);
#7673=AXIS2_PLACEMENT_3D('',#11159,#8597,#8598);
#7674=AXIS2_PLACEMENT_3D('',#11160,#8599,#8600);
#7675=AXIS2_PLACEMENT_3D('',#11162,#8601,#8602);
#7676=AXIS2_PLACEMENT_3D('',#11166,#8603,#8604);
#7677=AXIS2_PLACEMENT_3D('',#11178,#8605,#8606);
#7678=AXIS2_PLACEMENT_3D('',#11188,#8607,#8608);
#7679=AXIS2_PLACEMENT_3D('',#11189,#8609,#8610);
#7680=AXIS2_PLACEMENT_3D('',#11193,#8612,#8613);
#7681=AXIS2_PLACEMENT_3D('',#11195,#8615,#8616);
#7682=AXIS2_PLACEMENT_3D('',#11224,#8621,#8622);
#7683=AXIS2_PLACEMENT_3D('',#11234,#8623,#8624);
#7684=AXIS2_PLACEMENT_3D('',#11235,#8625,#8626);
#7685=AXIS2_PLACEMENT_3D('',#11237,#8627,#8628);
#7686=AXIS2_PLACEMENT_3D('',#11241,#8629,#8630);
#7687=AXIS2_PLACEMENT_3D('',#11253,#8631,#8632);
#7688=AXIS2_PLACEMENT_3D('',#11263,#8633,#8634);
#7689=AXIS2_PLACEMENT_3D('',#11264,#8635,#8636);
#7690=AXIS2_PLACEMENT_3D('',#11268,#8638,#8639);
#7691=AXIS2_PLACEMENT_3D('',#11270,#8641,#8642);
#7692=AXIS2_PLACEMENT_3D('',#11299,#8647,#8648);
#7693=AXIS2_PLACEMENT_3D('',#11309,#8649,#8650);
#7694=AXIS2_PLACEMENT_3D('',#11310,#8651,#8652);
#7695=AXIS2_PLACEMENT_3D('',#11312,#8653,#8654);
#7696=AXIS2_PLACEMENT_3D('',#11316,#8655,#8656);
#7697=AXIS2_PLACEMENT_3D('',#11328,#8657,#8658);
#7698=AXIS2_PLACEMENT_3D('',#11338,#8659,#8660);
#7699=AXIS2_PLACEMENT_3D('',#11339,#8661,#8662);
#7700=AXIS2_PLACEMENT_3D('',#11343,#8664,#8665);
#7701=AXIS2_PLACEMENT_3D('',#11345,#8667,#8668);
#7702=AXIS2_PLACEMENT_3D('',#11374,#8673,#8674);
#7703=AXIS2_PLACEMENT_3D('',#11384,#8675,#8676);
#7704=AXIS2_PLACEMENT_3D('',#11385,#8677,#8678);
#7705=AXIS2_PLACEMENT_3D('',#11387,#8679,#8680);
#7706=AXIS2_PLACEMENT_3D('',#11391,#8681,#8682);
#7707=AXIS2_PLACEMENT_3D('',#11403,#8683,#8684);
#7708=AXIS2_PLACEMENT_3D('',#11413,#8685,#8686);
#7709=AXIS2_PLACEMENT_3D('',#11414,#8687,#8688);
#7710=AXIS2_PLACEMENT_3D('',#11420,#8689,#8690);
#7711=AXIS2_PLACEMENT_3D('',#11424,#8691,#8692);
#7712=AXIS2_PLACEMENT_3D('',#11452,#8698,#8699);
#7713=AXIS2_PLACEMENT_3D('',#11454,#8700,#8701);
#7714=AXIS2_PLACEMENT_3D('',#11464,#8702,#8703);
#7715=AXIS2_PLACEMENT_3D('',#11465,#8704,#8705);
#7716=AXIS2_PLACEMENT_3D('',#11470,#8706,#8707);
#7717=AXIS2_PLACEMENT_3D('',#11471,#8708,#8709);
#7718=AXIS2_PLACEMENT_3D('',#11484,#8715,#8716);
#7719=AXIS2_PLACEMENT_3D('',#11496,#8717,#8718);
#7720=AXIS2_PLACEMENT_3D('',#11506,#8719,#8720);
#7721=AXIS2_PLACEMENT_3D('',#11507,#8721,#8722);
#7722=AXIS2_PLACEMENT_3D('',#11513,#8723,#8724);
#7723=AXIS2_PLACEMENT_3D('',#11517,#8725,#8726);
#7724=AXIS2_PLACEMENT_3D('',#11545,#8732,#8733);
#7725=AXIS2_PLACEMENT_3D('',#11547,#8734,#8735);
#7726=AXIS2_PLACEMENT_3D('',#11557,#8736,#8737);
#7727=AXIS2_PLACEMENT_3D('',#11558,#8738,#8739);
#7728=AXIS2_PLACEMENT_3D('',#11563,#8740,#8741);
#7729=AXIS2_PLACEMENT_3D('',#11564,#8742,#8743);
#7730=AXIS2_PLACEMENT_3D('',#11576,#8744,#8745);
#7731=AXIS2_PLACEMENT_3D('',#11586,#8746,#8747);
#7732=AXIS2_PLACEMENT_3D('',#11587,#8748,#8749);
#7733=AXIS2_PLACEMENT_3D('',#11591,#8751,#8752);
#7734=AXIS2_PLACEMENT_3D('',#11593,#8754,#8755);
#7735=AXIS2_PLACEMENT_3D('',#11622,#8760,#8761);
#7736=AXIS2_PLACEMENT_3D('',#11632,#8762,#8763);
#7737=AXIS2_PLACEMENT_3D('',#11633,#8764,#8765);
#7738=AXIS2_PLACEMENT_3D('',#11635,#8766,#8767);
#7739=AXIS2_PLACEMENT_3D('',#11639,#8768,#8769);
#7740=AXIS2_PLACEMENT_3D('',#11651,#8770,#8771);
#7741=AXIS2_PLACEMENT_3D('',#11661,#8772,#8773);
#7742=AXIS2_PLACEMENT_3D('',#11662,#8774,#8775);
#7743=AXIS2_PLACEMENT_3D('',#11668,#8776,#8777);
#7744=AXIS2_PLACEMENT_3D('',#11672,#8778,#8779);
#7745=AXIS2_PLACEMENT_3D('',#11700,#8785,#8786);
#7746=AXIS2_PLACEMENT_3D('',#11702,#8787,#8788);
#7747=AXIS2_PLACEMENT_3D('',#11712,#8789,#8790);
#7748=AXIS2_PLACEMENT_3D('',#11713,#8791,#8792);
#7749=AXIS2_PLACEMENT_3D('',#11718,#8793,#8794);
#7750=AXIS2_PLACEMENT_3D('',#11719,#8795,#8796);
#7751=AXIS2_PLACEMENT_3D('',#11731,#8797,#8798);
#7752=AXIS2_PLACEMENT_3D('',#11741,#8799,#8800);
#7753=AXIS2_PLACEMENT_3D('',#11742,#8801,#8802);
#7754=AXIS2_PLACEMENT_3D('',#11748,#8803,#8804);
#7755=AXIS2_PLACEMENT_3D('',#11752,#8805,#8806);
#7756=AXIS2_PLACEMENT_3D('',#11780,#8812,#8813);
#7757=AXIS2_PLACEMENT_3D('',#11791,#8814,#8815);
#7758=AXIS2_PLACEMENT_3D('',#11792,#8816,#8817);
#7759=AXIS2_PLACEMENT_3D('',#11793,#8818,#8819);
#7760=AXIS2_PLACEMENT_3D('',#11798,#8820,#8821);
#7761=AXIS2_PLACEMENT_3D('',#11799,#8822,#8823);
#7762=AXIS2_PLACEMENT_3D('',#11812,#8829,#8830);
#7763=AXIS2_PLACEMENT_3D('',#11824,#8831,#8832);
#7764=AXIS2_PLACEMENT_3D('',#11834,#8833,#8834);
#7765=AXIS2_PLACEMENT_3D('',#11835,#8835,#8836);
#7766=AXIS2_PLACEMENT_3D('',#11841,#8837,#8838);
#7767=AXIS2_PLACEMENT_3D('',#11845,#8839,#8840);
#7768=AXIS2_PLACEMENT_3D('',#11873,#8846,#8847);
#7769=AXIS2_PLACEMENT_3D('',#11884,#8848,#8849);
#7770=AXIS2_PLACEMENT_3D('',#11885,#8850,#8851);
#7771=AXIS2_PLACEMENT_3D('',#11886,#8852,#8853);
#7772=AXIS2_PLACEMENT_3D('',#11891,#8854,#8855);
#7773=AXIS2_PLACEMENT_3D('',#11892,#8856,#8857);
#7774=AXIS2_PLACEMENT_3D('',#11904,#8858,#8859);
#7775=AXIS2_PLACEMENT_3D('',#11914,#8860,#8861);
#7776=AXIS2_PLACEMENT_3D('',#11915,#8862,#8863);
#7777=AXIS2_PLACEMENT_3D('',#11919,#8865,#8866);
#7778=AXIS2_PLACEMENT_3D('',#11921,#8868,#8869);
#7779=AXIS2_PLACEMENT_3D('',#11950,#8874,#8875);
#7780=AXIS2_PLACEMENT_3D('',#11952,#8876,#8877);
#7781=AXIS2_PLACEMENT_3D('',#11961,#8878,#8879);
#7782=AXIS2_PLACEMENT_3D('',#11963,#8880,#8881);
#7783=AXIS2_PLACEMENT_3D('',#11967,#8882,#8883);
#7784=AXIS2_PLACEMENT_3D('',#11979,#8884,#8885);
#7785=AXIS2_PLACEMENT_3D('',#11989,#8886,#8887);
#7786=AXIS2_PLACEMENT_3D('',#11990,#8888,#8889);
#7787=AXIS2_PLACEMENT_3D('',#11994,#8891,#8892);
#7788=AXIS2_PLACEMENT_3D('',#11996,#8894,#8895);
#7789=AXIS2_PLACEMENT_3D('',#12025,#8900,#8901);
#7790=AXIS2_PLACEMENT_3D('',#12027,#8902,#8903);
#7791=AXIS2_PLACEMENT_3D('',#12036,#8904,#8905);
#7792=AXIS2_PLACEMENT_3D('',#12038,#8906,#8907);
#7793=AXIS2_PLACEMENT_3D('',#12042,#8908,#8909);
#7794=AXIS2_PLACEMENT_3D('',#12054,#8910,#8911);
#7795=AXIS2_PLACEMENT_3D('',#12064,#8912,#8913);
#7796=AXIS2_PLACEMENT_3D('',#12065,#8914,#8915);
#7797=AXIS2_PLACEMENT_3D('',#12069,#8917,#8918);
#7798=AXIS2_PLACEMENT_3D('',#12071,#8920,#8921);
#7799=AXIS2_PLACEMENT_3D('',#12100,#8926,#8927);
#7800=AXIS2_PLACEMENT_3D('',#12102,#8928,#8929);
#7801=AXIS2_PLACEMENT_3D('',#12111,#8930,#8931);
#7802=AXIS2_PLACEMENT_3D('',#12113,#8932,#8933);
#7803=AXIS2_PLACEMENT_3D('',#12117,#8934,#8935);
#7804=AXIS2_PLACEMENT_3D('',#12129,#8936,#8937);
#7805=AXIS2_PLACEMENT_3D('',#12139,#8938,#8939);
#7806=AXIS2_PLACEMENT_3D('',#12140,#8940,#8941);
#7807=AXIS2_PLACEMENT_3D('',#12146,#8942,#8943);
#7808=AXIS2_PLACEMENT_3D('',#12150,#8944,#8945);
#7809=AXIS2_PLACEMENT_3D('',#12178,#8951,#8952);
#7810=AXIS2_PLACEMENT_3D('',#12189,#8953,#8954);
#7811=AXIS2_PLACEMENT_3D('',#12190,#8955,#8956);
#7812=AXIS2_PLACEMENT_3D('',#12191,#8957,#8958);
#7813=AXIS2_PLACEMENT_3D('',#12196,#8959,#8960);
#7814=AXIS2_PLACEMENT_3D('',#12197,#8961,#8962);
#7815=AXIS2_PLACEMENT_3D('',#12199,#8963,#8964);
#7816=AXIS2_PLACEMENT_3D('',#12204,#8965,#8966);
#7817=AXIS2_PLACEMENT_3D('',#12205,#8967,#8968);
#7818=AXIS2_PLACEMENT_3D('',#12207,#8969,#8970);
#7819=AXIS2_PLACEMENT_3D('',#12210,#8972,#8973);
#7820=AXIS2_PLACEMENT_3D('',#12214,#8975,#8976);
#7821=AXIS2_PLACEMENT_3D('',#12215,#8977,#8978);
#7822=AXIS2_PLACEMENT_3D('',#12217,#8979,#8980);
#7823=AXIS2_PLACEMENT_3D('',#12220,#8982,#8983);
#7824=AXIS2_PLACEMENT_3D('',#12222,#8984,#8985);
#7825=AXIS2_PLACEMENT_3D('',#12225,#8987,#8988);
#7826=AXIS2_PLACEMENT_3D('',#12229,#8990,#8991);
#7827=AXIS2_PLACEMENT_3D('',#12230,#8992,#8993);
#7828=AXIS2_PLACEMENT_3D('',#12232,#8994,#8995);
#7829=AXIS2_PLACEMENT_3D('',#12235,#8997,#8998);
#7830=AXIS2_PLACEMENT_3D('',#12236,#8999,#9000);
#7831=AXIS2_PLACEMENT_3D('',#12241,#9001,#9002);
#7832=AXIS2_PLACEMENT_3D('',#12242,#9003,#9004);
#7833=AXIS2_PLACEMENT_3D('',#12248,#9005,#9006);
#7834=AXIS2_PLACEMENT_3D('',#12249,#9007,#9008);
#7835=AXIS2_PLACEMENT_3D('',#12255,#9009,#9010);
#7836=AXIS2_PLACEMENT_3D('',#12256,#9011,#9012);
#7837=AXIS2_PLACEMENT_3D('',#12262,#9013,#9014);
#7838=AXIS2_PLACEMENT_3D('',#12263,#9015,#9016);
#7839=AXIS2_PLACEMENT_3D('',#12268,#9017,#9018);
#7840=AXIS2_PLACEMENT_3D('',#12269,#9019,#9020);
#7841=AXIS2_PLACEMENT_3D('',#12271,#9021,#9022);
#7842=AXIS2_PLACEMENT_3D('',#12276,#9023,#9024);
#7843=AXIS2_PLACEMENT_3D('',#12277,#9025,#9026);
#7844=AXIS2_PLACEMENT_3D('',#12279,#9027,#9028);
#7845=AXIS2_PLACEMENT_3D('',#12283,#9030,#9031);
#7846=AXIS2_PLACEMENT_3D('',#12284,#9032,#9033);
#7847=AXIS2_PLACEMENT_3D('',#12288,#9035,#9036);
#7848=AXIS2_PLACEMENT_3D('',#12289,#9037,#9038);
#7849=AXIS2_PLACEMENT_3D('',#12291,#9039,#9040);
#7850=AXIS2_PLACEMENT_3D('',#12294,#9042,#9043);
#7851=AXIS2_PLACEMENT_3D('',#12296,#9044,#9045);
#7852=AXIS2_PLACEMENT_3D('',#12299,#9047,#9048);
#7853=AXIS2_PLACEMENT_3D('',#12302,#9050,#9051);
#7854=AXIS2_PLACEMENT_3D('',#12304,#9052,#9053);
#7855=AXIS2_PLACEMENT_3D('',#12307,#9055,#9056);
#7856=AXIS2_PLACEMENT_3D('',#12308,#9057,#9058);
#7857=AXIS2_PLACEMENT_3D('',#12314,#9059,#9060);
#7858=AXIS2_PLACEMENT_3D('',#12315,#9061,#9062);
#7859=AXIS2_PLACEMENT_3D('',#12321,#9063,#9064);
#7860=AXIS2_PLACEMENT_3D('',#12322,#9065,#9066);
#7861=AXIS2_PLACEMENT_3D('',#12327,#9067,#9068);
#7862=AXIS2_PLACEMENT_3D('',#12328,#9069,#9070);
#7863=AXIS2_PLACEMENT_3D('',#12333,#9071,#9072);
#7864=AXIS2_PLACEMENT_3D('',#12334,#9073,#9074);
#7865=AXIS2_PLACEMENT_3D('',#12340,#9075,#9076);
#7866=AXIS2_PLACEMENT_3D('',#12341,#9077,#9078);
#7867=AXIS2_PLACEMENT_3D('',#12343,#9079,#9080);
#7868=AXIS2_PLACEMENT_3D('',#12348,#9081,#9082);
#7869=AXIS2_PLACEMENT_3D('',#12349,#9083,#9084);
#7870=AXIS2_PLACEMENT_3D('',#12351,#9085,#9086);
#7871=AXIS2_PLACEMENT_3D('',#12353,#9087,#9088);
#7872=AXIS2_PLACEMENT_3D('',#12356,#9090,#9091);
#7873=AXIS2_PLACEMENT_3D('',#12357,#9092,#9093);
#7874=AXIS2_PLACEMENT_3D('',#12358,#9094,#9095);
#7875=AXIS2_PLACEMENT_3D('',#12360,#9096,#9097);
#7876=AXIS2_PLACEMENT_3D('',#12363,#9099,#9100);
#7877=AXIS2_PLACEMENT_3D('',#12366,#9102,#9103);
#7878=AXIS2_PLACEMENT_3D('',#12368,#9104,#9105);
#7879=AXIS2_PLACEMENT_3D('',#12371,#9107,#9108);
#7880=AXIS2_PLACEMENT_3D('',#12375,#9110,#9111);
#7881=AXIS2_PLACEMENT_3D('',#12376,#9112,#9113);
#7882=AXIS2_PLACEMENT_3D('',#12377,#9114,#9115);
#7883=AXIS2_PLACEMENT_3D('',#12383,#9116,#9117);
#7884=AXIS2_PLACEMENT_3D('',#12384,#9118,#9119);
#7885=AXIS2_PLACEMENT_3D('',#12390,#9120,#9121);
#7886=AXIS2_PLACEMENT_3D('',#12391,#9122,#9123);
#7887=AXIS2_PLACEMENT_3D('',#12392,#9124,#9125);
#7888=AXIS2_PLACEMENT_3D('',#12393,#9126,#9127);
#7889=AXIS2_PLACEMENT_3D('',#12398,#9128,#9129);
#7890=AXIS2_PLACEMENT_3D('',#12399,#9130,#9131);
#7891=AXIS2_PLACEMENT_3D('',#12405,#9132,#9133);
#7892=AXIS2_PLACEMENT_3D('',#12406,#9134,#9135);
#7893=AXIS2_PLACEMENT_3D('',#12408,#9136,#9137);
#7894=AXIS2_PLACEMENT_3D('',#12413,#9138,#9139);
#7895=AXIS2_PLACEMENT_3D('',#12414,#9140,#9141);
#7896=AXIS2_PLACEMENT_3D('',#12416,#9142,#9143);
#7897=AXIS2_PLACEMENT_3D('',#12418,#9144,#9145);
#7898=AXIS2_PLACEMENT_3D('',#12421,#9147,#9148);
#7899=AXIS2_PLACEMENT_3D('',#12422,#9149,#9150);
#7900=AXIS2_PLACEMENT_3D('',#12423,#9151,#9152);
#7901=AXIS2_PLACEMENT_3D('',#12425,#9153,#9154);
#7902=AXIS2_PLACEMENT_3D('',#12428,#9156,#9157);
#7903=AXIS2_PLACEMENT_3D('',#12432,#9159,#9160);
#7904=AXIS2_PLACEMENT_3D('',#12433,#9161,#9162);
#7905=AXIS2_PLACEMENT_3D('',#12435,#9163,#9164);
#7906=AXIS2_PLACEMENT_3D('',#12438,#9166,#9167);
#7907=AXIS2_PLACEMENT_3D('',#12441,#9169,#9170);
#7908=AXIS2_PLACEMENT_3D('',#12442,#9171,#9172);
#7909=AXIS2_PLACEMENT_3D('',#12443,#9173,#9174);
#7910=AXIS2_PLACEMENT_3D('',#12444,#9175,#9176);
#7911=AXIS2_PLACEMENT_3D('',#12450,#9177,#9178);
#7912=AXIS2_PLACEMENT_3D('',#12451,#9179,#9180);
#7913=AXIS2_PLACEMENT_3D('',#12457,#9181,#9182);
#7914=AXIS2_PLACEMENT_3D('',#12458,#9183,#9184);
#7915=AXIS2_PLACEMENT_3D('',#12463,#9185,#9186);
#7916=AXIS2_PLACEMENT_3D('',#12464,#9187,#9188);
#7917=AXIS2_PLACEMENT_3D('',#12470,#9189,#9190);
#7918=AXIS2_PLACEMENT_3D('',#12471,#9191,#9192);
#7919=AXIS2_PLACEMENT_3D('',#12480,#9197,#9198);
#7920=AXIS2_PLACEMENT_3D('',#12482,#9199,#9200);
#7921=AXIS2_PLACEMENT_3D('',#12485,#9202,#9203);
#7922=AXIS2_PLACEMENT_3D('',#12486,#9204,#9205);
#7923=AXIS2_PLACEMENT_3D('',#12492,#9209,#9210);
#7924=AXIS2_PLACEMENT_3D('',#12493,#9211,#9212);
#7925=AXIS2_PLACEMENT_3D('',#12494,#9213,#9214);
#7926=AXIS2_PLACEMENT_3D('',#12495,#9215,#9216);
#7927=AXIS2_PLACEMENT_3D('',#12499,#9218,#9219);
#7928=AXIS2_PLACEMENT_3D('',#12501,#9221,#9222);
#7929=AXIS2_PLACEMENT_3D('',#12505,#9225,#9226);
#7930=AXIS2_PLACEMENT_3D('',#12512,#9229,#9230);
#7931=AXIS2_PLACEMENT_3D('',#12516,#9232,#9233);
#7932=AXIS2_PLACEMENT_3D('',#12520,#9235,#9236);
#7933=AXIS2_PLACEMENT_3D('',#12524,#9238,#9239);
#7934=AXIS2_PLACEMENT_3D('',#12530,#9242,#9243);
#7935=AXIS2_PLACEMENT_3D('',#12533,#9245,#9246);
#7936=AXIS2_PLACEMENT_3D('',#12538,#9248,#9249);
#7937=AXIS2_PLACEMENT_3D('',#12542,#9251,#9252);
#7938=AXIS2_PLACEMENT_3D('',#12546,#9254,#9255);
#7939=AXIS2_PLACEMENT_3D('',#12550,#9257,#9258);
#7940=AXIS2_PLACEMENT_3D('',#12554,#9260,#9261);
#7941=AXIS2_PLACEMENT_3D('',#12557,#9263,#9264);
#7942=AXIS2_PLACEMENT_3D('',#12558,#9265,#9266);
#7943=AXIS2_PLACEMENT_3D('',#12560,#9267,#9268);
#7944=AXIS2_PLACEMENT_3D('',#12562,#9269,#9270);
#7945=AXIS2_PLACEMENT_3D('',#12564,#9271,#9272);
#7946=AXIS2_PLACEMENT_3D('',#12565,#9273,#9274);
#7947=AXIS2_PLACEMENT_3D('',#12566,#9275,#9276);
#7948=AXIS2_PLACEMENT_3D('',#12568,#9277,#9278);
#7949=AXIS2_PLACEMENT_3D('',#12571,#9281,#9282);
#7950=AXIS2_PLACEMENT_3D('',#12573,#9283,#9284);
#7951=AXIS2_PLACEMENT_3D('',#12574,#9285,#9286);
#7952=AXIS2_PLACEMENT_3D('',#12575,#9287,#9288);
#7953=AXIS2_PLACEMENT_3D('',#12577,#9290,#9291);
#7954=AXIS2_PLACEMENT_3D('',#12579,#9293,#9294);
#7955=AXIS2_PLACEMENT_3D('',#12580,#9295,#9296);
#7956=AXIS2_PLACEMENT_3D('',#12581,#9297,#9298);
#7957=AXIS2_PLACEMENT_3D('',#12587,#9302,#9303);
#7958=AXIS2_PLACEMENT_3D('',#12590,#9305,#9306);
#7959=AXIS2_PLACEMENT_3D('',#12591,#9307,#9308);
#7960=AXIS2_PLACEMENT_3D('',#12595,#9311,#9312);
#7961=AXIS2_PLACEMENT_3D('',#12596,#9313,#9314);
#7962=AXIS2_PLACEMENT_3D('',#12597,#9315,#9316);
#7963=AXIS2_PLACEMENT_3D('',#12601,#9318,#9319);
#7964=AXIS2_PLACEMENT_3D('',#12603,#9321,#9322);
#7965=AXIS2_PLACEMENT_3D('',#12607,#9325,#9326);
#7966=AXIS2_PLACEMENT_3D('',#12610,#9327,#9328);
#7967=AXIS2_PLACEMENT_3D('',#12613,#9330,#9331);
#7968=AXIS2_PLACEMENT_3D('',#12615,#9333,#9334);
#7969=AXIS2_PLACEMENT_3D('',#12617,#9335,#9336);
#7970=AXIS2_PLACEMENT_3D('',#12618,#9337,#9338);
#7971=AXIS2_PLACEMENT_3D('',#12619,#9339,#9340);
#7972=AXIS2_PLACEMENT_3D('',#12621,#9341,#9342);
#7973=AXIS2_PLACEMENT_3D('',#12623,#9344,#9345);
#7974=AXIS2_PLACEMENT_3D('',#12624,#9346,#9347);
#7975=AXIS2_PLACEMENT_3D('',#12625,#9348,#9349);
#7976=AXIS2_PLACEMENT_3D('',#12626,#9350,#9351);
#7977=AXIS2_PLACEMENT_3D('',#12628,#9353,#9354);
#7978=AXIS2_PLACEMENT_3D('',#12629,#9355,#9356);
#7979=AXIS2_PLACEMENT_3D('',#12630,#9357,#9358);
#7980=AXIS2_PLACEMENT_3D('',#12643,#9362,#9363);
#7981=AXIS2_PLACEMENT_3D('',#12656,#9367,#9368);
#7982=AXIS2_PLACEMENT_3D('',#12721,#9401,#9402);
#7983=AXIS2_PLACEMENT_3D('',#12732,#9409,#9410);
#7984=AXIS2_PLACEMENT_3D('',#12735,#9413,#9414);
#7985=AXIS2_PLACEMENT_3D('',#12746,#9421,#9422);
#7986=AXIS2_PLACEMENT_3D('',#12749,#9425,#9426);
#7987=AXIS2_PLACEMENT_3D('',#12765,#9436,#9437);
#7988=AXIS2_PLACEMENT_3D('',#12766,#9438,#9439);
#7989=AXIS2_PLACEMENT_3D('',#12767,#9440,#9441);
#7990=AXIS2_PLACEMENT_3D('',#12769,#9443,#9444);
#7991=AXIS2_PLACEMENT_3D('',#12771,#9446,#9447);
#7992=AXIS2_PLACEMENT_3D('',#12772,#9448,#9449);
#7993=AXIS2_PLACEMENT_3D('',#12774,#9451,#9452);
#7994=AXIS2_PLACEMENT_3D('',#12776,#9454,#9455);
#7995=AXIS2_PLACEMENT_3D('',#12777,#9456,#9457);
#7996=AXIS2_PLACEMENT_3D('',#12778,#9458,#9459);
#7997=AXIS2_PLACEMENT_3D('',#12779,#9460,#9461);
#7998=AXIS2_PLACEMENT_3D('',#12795,#9471,#9472);
#7999=AXIS2_PLACEMENT_3D('',#12798,#9475,#9476);
#8000=AXIS2_PLACEMENT_3D('',#12799,#9477,#9478);
#8001=AXIS2_PLACEMENT_3D('',#12800,#9479,#9480);
#8002=AXIS2_PLACEMENT_3D('',#12802,#9482,#9483);
#8003=AXIS2_PLACEMENT_3D('',#12804,#9485,#9486);
#8004=AXIS2_PLACEMENT_3D('',#12805,#9487,#9488);
#8005=AXIS2_PLACEMENT_3D('',#12807,#9489,#9490);
#8006=AXIS2_PLACEMENT_3D('',#12810,#9492,#9493);
#8007=AXIS2_PLACEMENT_3D('',#12811,#9494,#9495);
#8008=AXIS2_PLACEMENT_3D('',#12815,#9496,#9497);
#8009=AXIS2_PLACEMENT_3D('',#12817,#9499,#9500);
#8010=AXIS2_PLACEMENT_3D('',#12818,#9501,#9502);
#8011=AXIS2_PLACEMENT_3D('',#12819,#9503,#9504);
#8012=AXIS2_PLACEMENT_3D('',#12820,#9505,#9506);
#8013=AXIS2_PLACEMENT_3D('',#12821,#9507,#9508);
#8014=AXIS2_PLACEMENT_3D('',#12823,#9509,#9510);
#8015=AXIS2_PLACEMENT_3D('',#12826,#9512,#9513);
#8016=AXIS2_PLACEMENT_3D('',#12827,#9514,#9515);
#8017=AXIS2_PLACEMENT_3D('',#12831,#9516,#9517);
#8018=AXIS2_PLACEMENT_3D('',#12833,#9519,#9520);
#8019=AXIS2_PLACEMENT_3D('',#12835,#9521,#9522);
#8020=AXIS2_PLACEMENT_3D('',#12837,#9524,#9525);
#8021=AXIS2_PLACEMENT_3D('',#12839,#9527,#9528);
#8022=AXIS2_PLACEMENT_3D('',#12841,#9530,#9531);
#8023=AXIS2_PLACEMENT_3D('',#12843,#9532,#9533);
#8024=AXIS2_PLACEMENT_3D('',#12845,#9535,#9536);
#8025=AXIS2_PLACEMENT_3D('',#12847,#9538,#9539);
#8026=AXIS2_PLACEMENT_3D('',#12849,#9541,#9542);
#8027=AXIS2_PLACEMENT_3D('',#12851,#9543,#9544);
#8028=AXIS2_PLACEMENT_3D('',#12854,#9546,#9547);
#8029=AXIS2_PLACEMENT_3D('',#12855,#9548,#9549);
#8030=AXIS2_PLACEMENT_3D('',#12859,#9550,#9551);
#8031=AXIS2_PLACEMENT_3D('',#12861,#9553,#9554);
#8032=AXIS2_PLACEMENT_3D('',#12863,#9555,#9556);
#8033=AXIS2_PLACEMENT_3D('',#12866,#9558,#9559);
#8034=AXIS2_PLACEMENT_3D('',#12867,#9560,#9561);
#8035=AXIS2_PLACEMENT_3D('',#12871,#9562,#9563);
#8036=AXIS2_PLACEMENT_3D('',#12873,#9565,#9566);
#8037=AXIS2_PLACEMENT_3D('',#12875,#9567,#9568);
#8038=AXIS2_PLACEMENT_3D('',#12878,#9570,#9571);
#8039=AXIS2_PLACEMENT_3D('',#12879,#9572,#9573);
#8040=AXIS2_PLACEMENT_3D('',#12883,#9574,#9575);
#8041=AXIS2_PLACEMENT_3D('',#12885,#9577,#9578);
#8042=AXIS2_PLACEMENT_3D('',#12887,#9579,#9580);
#8043=AXIS2_PLACEMENT_3D('',#12889,#9582,#9583);
#8044=AXIS2_PLACEMENT_3D('',#12891,#9585,#9586);
#8045=AXIS2_PLACEMENT_3D('',#12893,#9588,#9589);
#8046=AXIS2_PLACEMENT_3D('',#12894,#9590,#9591);
#8047=AXIS2_PLACEMENT_3D('',#12895,#9592,#9593);
#8048=AXIS2_PLACEMENT_3D('',#12896,#9594,#9595);
#8049=AXIS2_PLACEMENT_3D('',#12897,#9596,#9597);
#8050=AXIS2_PLACEMENT_3D('',#12899,#9598,#9599);
#8051=AXIS2_PLACEMENT_3D('',#12902,#9601,#9602);
#8052=AXIS2_PLACEMENT_3D('',#12903,#9603,#9604);
#8053=AXIS2_PLACEMENT_3D('',#12907,#9605,#9606);
#8054=AXIS2_PLACEMENT_3D('',#12909,#9608,#9609);
#8055=AXIS2_PLACEMENT_3D('',#12911,#9610,#9611);
#8056=AXIS2_PLACEMENT_3D('',#12913,#9613,#9614);
#8057=AXIS2_PLACEMENT_3D('',#12915,#9616,#9617);
#8058=AXIS2_PLACEMENT_3D('',#12917,#9619,#9620);
#8059=AXIS2_PLACEMENT_3D('',#12919,#9621,#9622);
#8060=AXIS2_PLACEMENT_3D('',#12922,#9624,#9625);
#8061=AXIS2_PLACEMENT_3D('',#12923,#9626,#9627);
#8062=AXIS2_PLACEMENT_3D('',#12927,#9628,#9629);
#8063=AXIS2_PLACEMENT_3D('',#12929,#9631,#9632);
#8064=AXIS2_PLACEMENT_3D('',#12931,#9633,#9634);
#8065=AXIS2_PLACEMENT_3D('',#12934,#9636,#9637);
#8066=AXIS2_PLACEMENT_3D('',#12935,#9638,#9639);
#8067=AXIS2_PLACEMENT_3D('',#12939,#9640,#9641);
#8068=AXIS2_PLACEMENT_3D('',#12941,#9643,#9644);
#8069=AXIS2_PLACEMENT_3D('',#12943,#9645,#9646);
#8070=AXIS2_PLACEMENT_3D('',#12945,#9648,#9649);
#8071=AXIS2_PLACEMENT_3D('',#12947,#9651,#9652);
#8072=AXIS2_PLACEMENT_3D('',#12949,#9654,#9655);
#8073=AXIS2_PLACEMENT_3D('',#12950,#9656,#9657);
#8074=AXIS2_PLACEMENT_3D('',#12951,#9658,#9659);
#8075=AXIS2_PLACEMENT_3D('',#12952,#9660,#9661);
#8076=AXIS2_PLACEMENT_3D('',#12953,#9662,#9663);
#8077=AXIS2_PLACEMENT_3D('',#12954,#9664,#9665);
#8078=AXIS2_PLACEMENT_3D('',#12955,#9666,#9667);
#8079=AXIS2_PLACEMENT_3D('',#12956,#9668,#9669);
#8080=AXIS2_PLACEMENT_3D('',#12958,#9670,#9671);
#8081=AXIS2_PLACEMENT_3D('',#12961,#9673,#9674);
#8082=AXIS2_PLACEMENT_3D('',#12962,#9675,#9676);
#8083=AXIS2_PLACEMENT_3D('',#12966,#9677,#9678);
#8084=AXIS2_PLACEMENT_3D('',#12968,#9680,#9681);
#8085=AXIS2_PLACEMENT_3D('',#12970,#9682,#9683);
#8086=AXIS2_PLACEMENT_3D('',#12972,#9685,#9686);
#8087=AXIS2_PLACEMENT_3D('',#12974,#9688,#9689);
#8088=AXIS2_PLACEMENT_3D('',#12976,#9691,#9692);
#8089=AXIS2_PLACEMENT_3D('',#12978,#9693,#9694);
#8090=AXIS2_PLACEMENT_3D('',#12981,#9696,#9697);
#8091=AXIS2_PLACEMENT_3D('',#12982,#9698,#9699);
#8092=AXIS2_PLACEMENT_3D('',#12986,#9700,#9701);
#8093=AXIS2_PLACEMENT_3D('',#12988,#9703,#9704);
#8094=AXIS2_PLACEMENT_3D('',#12990,#9705,#9706);
#8095=AXIS2_PLACEMENT_3D('',#12993,#9708,#9709);
#8096=AXIS2_PLACEMENT_3D('',#12994,#9710,#9711);
#8097=AXIS2_PLACEMENT_3D('',#12998,#9712,#9713);
#8098=AXIS2_PLACEMENT_3D('',#13000,#9715,#9716);
#8099=AXIS2_PLACEMENT_3D('',#13002,#9717,#9718);
#8100=AXIS2_PLACEMENT_3D('',#13004,#9720,#9721);
#8101=AXIS2_PLACEMENT_3D('',#13006,#9723,#9724);
#8102=AXIS2_PLACEMENT_3D('',#13008,#9726,#9727);
#8103=AXIS2_PLACEMENT_3D('',#13009,#9728,#9729);
#8104=AXIS2_PLACEMENT_3D('',#13010,#9730,#9731);
#8105=AXIS2_PLACEMENT_3D('',#13011,#9732,#9733);
#8106=AXIS2_PLACEMENT_3D('',#13012,#9734,#9735);
#8107=AXIS2_PLACEMENT_3D('',#13013,#9736,#9737);
#8108=AXIS2_PLACEMENT_3D('',#13014,#9738,#9739);
#8109=AXIS2_PLACEMENT_3D('',#13015,#9740,#9741);
#8110=AXIS2_PLACEMENT_3D('',#13017,#9742,#9743);
#8111=AXIS2_PLACEMENT_3D('',#13020,#9745,#9746);
#8112=AXIS2_PLACEMENT_3D('',#13021,#9747,#9748);
#8113=AXIS2_PLACEMENT_3D('',#13025,#9749,#9750);
#8114=AXIS2_PLACEMENT_3D('',#13027,#9752,#9753);
#8115=AXIS2_PLACEMENT_3D('',#13029,#9754,#9755);
#8116=AXIS2_PLACEMENT_3D('',#13031,#9757,#9758);
#8117=AXIS2_PLACEMENT_3D('',#13033,#9760,#9761);
#8118=AXIS2_PLACEMENT_3D('',#13035,#9763,#9764);
#8119=AXIS2_PLACEMENT_3D('',#13037,#9766,#9767);
#8120=AXIS2_PLACEMENT_3D('',#13038,#9768,#9769);
#8121=AXIS2_PLACEMENT_3D('',#13039,#9770,#9771);
#8122=AXIS2_PLACEMENT_3D('',#13041,#9773,#9774);
#8123=AXIS2_PLACEMENT_3D('',#13042,#9775,#9776);
#8124=AXIS2_PLACEMENT_3D('',#13044,#9778,#9779);
#8125=AXIS2_PLACEMENT_3D('',#13045,#9780,#9781);
#8126=AXIS2_PLACEMENT_3D('',#13047,#9783,#9784);
#8127=AXIS2_PLACEMENT_3D('',#13048,#9785,#9786);
#8128=AXIS2_PLACEMENT_3D('',#13050,#9788,#9789);
#8129=AXIS2_PLACEMENT_3D('',#13051,#9790,#9791);
#8130=AXIS2_PLACEMENT_3D('',#13053,#9793,#9794);
#8131=AXIS2_PLACEMENT_3D('',#13054,#9795,#9796);
#8132=AXIS2_PLACEMENT_3D('',#13056,#9798,#9799);
#8133=AXIS2_PLACEMENT_3D('',#13057,#9800,#9801);
#8134=AXIS2_PLACEMENT_3D('',#13059,#9803,#9804);
#8135=AXIS2_PLACEMENT_3D('',#13060,#9805,#9806);
#8136=AXIS2_PLACEMENT_3D('',#13061,#9807,#9808);
#8137=AXIS2_PLACEMENT_3D('',#13063,#9810,#9811);
#8138=AXIS2_PLACEMENT_3D('',#13064,#9812,#9813);
#8139=AXIS2_PLACEMENT_3D('',#13066,#9815,#9816);
#8140=AXIS2_PLACEMENT_3D('',#13067,#9817,#9818);
#8141=AXIS2_PLACEMENT_3D('',#13069,#9820,#9821);
#8142=AXIS2_PLACEMENT_3D('',#13070,#9822,#9823);
#8143=AXIS2_PLACEMENT_3D('',#13072,#9825,#9826);
#8144=AXIS2_PLACEMENT_3D('',#13073,#9827,#9828);
#8145=AXIS2_PLACEMENT_3D('',#13075,#9830,#9831);
#8146=AXIS2_PLACEMENT_3D('',#13076,#9832,#9833);
#8147=AXIS2_PLACEMENT_3D('',#13077,#9834,#9835);
#8148=AXIS2_PLACEMENT_3D('',#13079,#9837,#9838);
#8149=AXIS2_PLACEMENT_3D('',#13080,#9839,#9840);
#8150=AXIS2_PLACEMENT_3D('',#13082,#9842,#9843);
#8151=AXIS2_PLACEMENT_3D('',#13083,#9844,#9845);
#8152=AXIS2_PLACEMENT_3D('',#13085,#9847,#9848);
#8153=AXIS2_PLACEMENT_3D('',#13086,#9849,#9850);
#8154=AXIS2_PLACEMENT_3D('',#13088,#9852,#9853);
#8155=AXIS2_PLACEMENT_3D('',#13089,#9854,#9855);
#8156=AXIS2_PLACEMENT_3D('',#13091,#9857,#9858);
#8157=AXIS2_PLACEMENT_3D('',#13092,#9859,#9860);
#8158=AXIS2_PLACEMENT_3D('',#13093,#9861,#9862);
#8159=AXIS2_PLACEMENT_3D('',#13095,#9864,#9865);
#8160=AXIS2_PLACEMENT_3D('',#13096,#9866,#9867);
#8161=AXIS2_PLACEMENT_3D('',#13098,#9869,#9870);
#8162=AXIS2_PLACEMENT_3D('',#13099,#9871,#9872);
#8163=AXIS2_PLACEMENT_3D('',#13194,#9875,#9876);
#8164=AXIS2_PLACEMENT_3D('',#13274,#9880,#9881);
#8165=AXIS2_PLACEMENT_3D('',#13276,#9883,#9884);
#8166=AXIS2_PLACEMENT_3D('',#13415,#9895,#9896);
#8167=AXIS2_PLACEMENT_3D('',#13495,#9903,#9904);
#8168=AXIS2_PLACEMENT_3D('',#13499,#9907,#9908);
#8169=AXIS2_PLACEMENT_3D('',#13501,#9909,#9910);
#8170=AXIS2_PLACEMENT_3D('',#13503,#9912,#9913);
#8171=AXIS2_PLACEMENT_3D('',#13602,#9921,#9922);
#8172=AXIS2_PLACEMENT_3D('',#13682,#9929,#9930);
#8173=AXIS2_PLACEMENT_3D('',#13686,#9933,#9934);
#8174=AXIS2_PLACEMENT_3D('',#13687,#9935,#9936);
#8175=AXIS2_PLACEMENT_3D('',#13688,#9937,#9938);
#8176=AXIS2_PLACEMENT_3D('',#13690,#9939,#9940);
#8177=AXIS2_PLACEMENT_3D('',#13692,#9942,#9943);
#8178=AXIS2_PLACEMENT_3D('',#13694,#9944,#9945);
#8179=AXIS2_PLACEMENT_3D('',#13696,#9947,#9948);
#8180=AXIS2_PLACEMENT_3D('',#13698,#9949,#9950);
#8181=AXIS2_PLACEMENT_3D('',#13700,#9952,#9953);
#8182=AXIS2_PLACEMENT_3D('',#13702,#9954,#9955);
#8183=AXIS2_PLACEMENT_3D('',#13704,#9957,#9958);
#8184=AXIS2_PLACEMENT_3D('',#13707,#9959,#9960);
#8185=AXIS2_PLACEMENT_3D('',#13711,#9962,#9963);
#8186=AXIS2_PLACEMENT_3D('',#13715,#9965,#9966);
#8187=AXIS2_PLACEMENT_3D('',#13719,#9968,#9969);
#8188=AXIS2_PLACEMENT_3D('',#13723,#9971,#9972);
#8189=AXIS2_PLACEMENT_3D('',#13727,#9975,#9976);
#8190=AXIS2_PLACEMENT_3D('',#13730,#9978,#9979);
#8191=AXIS2_PLACEMENT_3D('',#13731,#9980,#9981);
#8192=AXIS2_PLACEMENT_3D('',#13734,#9983,#9984);
#8193=AXIS2_PLACEMENT_3D('',#13735,#9985,#9986);
#8194=AXIS2_PLACEMENT_3D('',#13738,#9988,#9989);
#8195=AXIS2_PLACEMENT_3D('',#13739,#9990,#9991);
#8196=AXIS2_PLACEMENT_3D('',#13742,#9993,#9994);
#8197=AXIS2_PLACEMENT_3D('',#13743,#9995,#9996);
#8198=AXIS2_PLACEMENT_3D('',#13747,#9998,#9999);
#8199=AXIS2_PLACEMENT_3D('',#13749,#10001,#10002);
#8200=AXIS2_PLACEMENT_3D('',#13753,#10005,#10006);
#8201=AXIS2_PLACEMENT_3D('',#13755,#10007,#10008);
#8202=AXIS2_PLACEMENT_3D('',#13757,#10010,#10011);
#8203=AXIS2_PLACEMENT_3D('',#13761,#10014,#10015);
#8204=AXIS2_PLACEMENT_3D('',#13765,#10018,#10019);
#8205=AXIS2_PLACEMENT_3D('',#13767,#10020,#10021);
#8206=AXIS2_PLACEMENT_3D('',#13769,#10023,#10024);
#8207=AXIS2_PLACEMENT_3D('',#13773,#10027,#10028);
#8208=AXIS2_PLACEMENT_3D('',#13775,#10029,#10030);
#8209=AXIS2_PLACEMENT_3D('',#13777,#10032,#10033);
#8210=AXIS2_PLACEMENT_3D('',#13781,#10036,#10037);
#8211=AXIS2_PLACEMENT_3D('',#13783,#10038,#10039);
#8212=AXIS2_PLACEMENT_3D('',#13785,#10041,#10042);
#8213=AXIS2_PLACEMENT_3D('',#13787,#10044,#10045);
#8214=AXIS2_PLACEMENT_3D('',#13789,#10046,#10047);
#8215=AXIS2_PLACEMENT_3D('',#13790,#10048,#10049);
#8216=AXIS2_PLACEMENT_3D('',#13792,#10050,#10051);
#8217=AXIS2_PLACEMENT_3D('',#13793,#10052,#10053);
#8218=AXIS2_PLACEMENT_3D('',#13795,#10054,#10055);
#8219=AXIS2_PLACEMENT_3D('',#13796,#10056,#10057);
#8220=AXIS2_PLACEMENT_3D('',#13798,#10058,#10059);
#8221=AXIS2_PLACEMENT_3D('',#13799,#10060,#10061);
#8222=AXIS2_PLACEMENT_3D('',#13802,#10062,#10063);
#8223=AXIS2_PLACEMENT_3D('',#13806,#10065,#10066);
#8224=AXIS2_PLACEMENT_3D('',#13810,#10068,#10069);
#8225=AXIS2_PLACEMENT_3D('',#13814,#10071,#10072);
#8226=AXIS2_PLACEMENT_3D('',#13818,#10074,#10075);
#8227=AXIS2_PLACEMENT_3D('',#13822,#10077,#10078);
#8228=AXIS2_PLACEMENT_3D('',#13824,#10080,#10081);
#8229=AXIS2_PLACEMENT_3D('',#13827,#10082,#10083);
#8230=AXIS2_PLACEMENT_3D('',#13829,#10084,#10085);
#8231=AXIS2_PLACEMENT_3D('',#13831,#10087,#10088);
#8232=AXIS2_PLACEMENT_3D('',#13832,#10089,#10090);
#8233=AXIS2_PLACEMENT_3D('',#13835,#10091,#10092);
#8234=AXIS2_PLACEMENT_3D('',#13836,#10093,#10094);
#8235=AXIS2_PLACEMENT_3D('',#13837,#10095,#10096);
#8236=AXIS2_PLACEMENT_3D('',#13838,#10097,#10098);
#8237=AXIS2_PLACEMENT_3D('',#13841,#10099,#10100);
#8238=AXIS2_PLACEMENT_3D('',#13843,#10101,#10102);
#8239=AXIS2_PLACEMENT_3D('',#13845,#10104,#10105);
#8240=AXIS2_PLACEMENT_3D('',#13846,#10106,#10107);
#8241=AXIS2_PLACEMENT_3D('',#13849,#10108,#10109);
#8242=AXIS2_PLACEMENT_3D('',#13850,#10110,#10111);
#8243=AXIS2_PLACEMENT_3D('',#13852,#10112,#10113);
#8244=AXIS2_PLACEMENT_3D('',#13854,#10114,#10115);
#8245=AXIS2_PLACEMENT_3D('',#13855,#10116,#10117);
#8246=AXIS2_PLACEMENT_3D('',#13856,#10118,#10119);
#8247=AXIS2_PLACEMENT_3D('',#13859,#10120,#10121);
#8248=AXIS2_PLACEMENT_3D('',#13861,#10122,#10123);
#8249=AXIS2_PLACEMENT_3D('',#13863,#10125,#10126);
#8250=AXIS2_PLACEMENT_3D('',#13864,#10127,#10128);
#8251=AXIS2_PLACEMENT_3D('',#13867,#10129,#10130);
#8252=AXIS2_PLACEMENT_3D('',#13868,#10131,#10132);
#8253=AXIS2_PLACEMENT_3D('',#13869,#10133,#10134);
#8254=AXIS2_PLACEMENT_3D('',#13870,#10135,#10136);
#8255=AXIS2_PLACEMENT_3D('',#13873,#10137,#10138);
#8256=AXIS2_PLACEMENT_3D('',#13875,#10139,#10140);
#8257=AXIS2_PLACEMENT_3D('',#13877,#10142,#10143);
#8258=AXIS2_PLACEMENT_3D('',#13878,#10144,#10145);
#8259=AXIS2_PLACEMENT_3D('',#13881,#10146,#10147);
#8260=AXIS2_PLACEMENT_3D('',#13883,#10148,#10149);
#8261=AXIS2_PLACEMENT_3D('',#13885,#10150,#10151);
#8262=AXIS2_PLACEMENT_3D('',#13886,#10152,#10153);
#8263=AXIS2_PLACEMENT_3D('',#13887,#10154,#10155);
#8264=AXIS2_PLACEMENT_3D('',#13888,#10156,#10157);
#8265=AXIS2_PLACEMENT_3D('',#13889,#10158,#10159);
#8266=AXIS2_PLACEMENT_3D('',#13891,#10160,#10161);
#8267=AXIS2_PLACEMENT_3D('',#13893,#10162,#10163);
#8268=AXIS2_PLACEMENT_3D('',#13894,#10164,#10165);
#8269=AXIS2_PLACEMENT_3D('',#13895,#10166,#10167);
#8270=AXIS2_PLACEMENT_3D('',#13896,#10168,#10169);
#8271=AXIS2_PLACEMENT_3D('',#13897,#10170,#10171);
#8272=AXIS2_PLACEMENT_3D('',#13898,#10172,#10173);
#8273=AXIS2_PLACEMENT_3D('',#13899,#10174,#10175);
#8274=AXIS2_PLACEMENT_3D('',#13900,#10176,#10177);
#8275=AXIS2_PLACEMENT_3D('',#13901,#10178,#10179);
#8276=AXIS2_PLACEMENT_3D('',#13902,#10180,#10181);
#8277=AXIS2_PLACEMENT_3D('',#13903,#10182,#10183);
#8278=AXIS2_PLACEMENT_3D('',#13904,#10184,#10185);
#8279=AXIS2_PLACEMENT_3D('',#13907,#10188,#10189);
#8280=AXIS2_PLACEMENT_3D('',#13909,#10191,#10192);
#8281=AXIS2_PLACEMENT_3D('',#13911,#10194,#10195);
#8282=AXIS2_PLACEMENT_3D('',#13913,#10197,#10198);
#8283=AXIS2_PLACEMENT_3D('',#13915,#10200,#10201);
#8284=AXIS2_PLACEMENT_3D('',#13917,#10203,#10204);
#8285=AXIS2_PLACEMENT_3D('',#13919,#10206,#10207);
#8286=AXIS2_PLACEMENT_3D('',#13921,#10209,#10210);
#8287=AXIS2_PLACEMENT_3D('',#13923,#10212,#10213);
#8288=AXIS2_PLACEMENT_3D('',#13925,#10215,#10216);
#8289=AXIS2_PLACEMENT_3D('',#13927,#10218,#10219);
#8290=AXIS2_PLACEMENT_3D('',#13928,#10220,#10221);
#8291=AXIS2_PLACEMENT_3D('',#13934,#10225,#10226);
#8292=AXIS2_PLACEMENT_3D('',#13938,#10229,#10230);
#8293=AXIS2_PLACEMENT_3D('',#13942,#10233,#10234);
#8294=AXIS2_PLACEMENT_3D('',#13946,#10237,#10238);
#8295=AXIS2_PLACEMENT_3D('',#13950,#10241,#10242);
#8296=AXIS2_PLACEMENT_3D('',#13954,#10245,#10246);
#8297=AXIS2_PLACEMENT_3D('',#13958,#10249,#10250);
#8298=AXIS2_PLACEMENT_3D('',#13960,#10252,#10253);
#8299=AXIS2_PLACEMENT_3D('',#13977,#10262,#10263);
#8300=AXIS2_PLACEMENT_3D('',#13983,#10267,#10268);
#8301=AXIS2_PLACEMENT_3D('',#13987,#10271,#10272);
#8302=AXIS2_PLACEMENT_3D('',#13991,#10275,#10276);
#8303=AXIS2_PLACEMENT_3D('',#13995,#10279,#10280);
#8304=AXIS2_PLACEMENT_3D('',#13999,#10283,#10284);
#8305=AXIS2_PLACEMENT_3D('',#14003,#10287,#10288);
#8306=AXIS2_PLACEMENT_3D('',#14007,#10291,#10292);
#8307=AXIS2_PLACEMENT_3D('',#14009,#10294,#10295);
#8308=AXIS2_PLACEMENT_3D('',#14013,#10299,#10300);
#8309=AXIS2_PLACEMENT_3D('',#14015,#10302,#10303);
#8310=AXIS2_PLACEMENT_3D('',#14018,#10306,#10307);
#8311=AXIS2_PLACEMENT_3D('',#14020,#10309,#10310);
#8312=AXIS2_PLACEMENT_3D('',#14023,#10313,#10314);
#8313=AXIS2_PLACEMENT_3D('',#14025,#10316,#10317);
#8314=AXIS2_PLACEMENT_3D('',#14028,#10320,#10321);
#8315=AXIS2_PLACEMENT_3D('',#14029,#10322,#10323);
#8316=AXIS2_PLACEMENT_3D('',#14030,#10324,#10325);
#8317=AXIS2_PLACEMENT_3D('',#14031,#10326,#10327);
#8318=AXIS2_PLACEMENT_3D('',#14032,#10328,#10329);
#8319=DIRECTION('axis',(0.,0.,1.));
#8320=DIRECTION('refdir',(1.,0.,0.));
#8321=DIRECTION('center_axis',(-1.02848285443713E-13,-1.,4.44089209850464E-16));
#8322=DIRECTION('ref_axis',(-1.,1.02504525814572E-13,-4.65929662793511E-15));
#8323=DIRECTION('center_axis',(1.02848285443713E-13,1.,-4.44089209850464E-16));
#8324=DIRECTION('ref_axis',(0.866025403784442,-8.9291272534854E-14,-0.499999999999994));
#8325=DIRECTION('center_axis',(-1.02848285443713E-13,-1.,4.44089209849976E-16));
#8326=DIRECTION('ref_axis',(0.866025403784441,-8.9291272534854E-14,-0.499999999999995));
#8327=DIRECTION('center_axis',(-1.02848285443713E-13,-1.,4.44089209850464E-16));
#8328=DIRECTION('ref_axis',(-4.93736128092535E-15,5.03363828962324E-16,
1.));
#8329=DIRECTION('center_axis',(1.02861739017734E-13,1.,-5.68989300120813E-16));
#8330=DIRECTION('ref_axis',(-4.93736128092535E-15,5.03363828962324E-16,
1.));
#8331=DIRECTION('center_axis',(0.866025403784436,-8.8847183325003E-14,0.500000000000004));
#8332=DIRECTION('ref_axis',(0.500000000000004,-5.19236286972534E-14,-0.866025403784436));
#8333=DIRECTION('',(-1.02848285443713E-13,-1.,4.44089209850464E-16));
#8334=DIRECTION('',(1.02848285443713E-13,1.,-4.44089209850464E-16));
#8335=DIRECTION('',(-0.500000000000004,5.19236286972534E-14,0.866025403784436));
#8336=DIRECTION('',(1.02848285443713E-13,1.,-4.44089209850464E-16));
#8337=DIRECTION('',(0.500000000000004,-5.19236286972534E-14,-0.866025403784436));
#8338=DIRECTION('center_axis',(1.02848285443713E-13,1.,-4.44089209850464E-16));
#8339=DIRECTION('ref_axis',(1.,-1.02504525814571E-13,4.65929662793507E-15));
#8340=DIRECTION('center_axis',(-1.02848285443713E-13,-1.,4.44089209850464E-16));
#8341=DIRECTION('ref_axis',(0.866025403784442,-8.92912725348541E-14,-0.499999999999993));
#8342=DIRECTION('center_axis',(1.02848285443713E-13,1.,-4.44089209849976E-16));
#8343=DIRECTION('ref_axis',(0.866025403784441,-8.92912725348539E-14,-0.499999999999996));
#8344=DIRECTION('center_axis',(1.02848285443713E-13,1.,-4.44089209850464E-16));
#8345=DIRECTION('ref_axis',(-4.93736128092535E-15,5.09714681009969E-16,
1.));
#8346=DIRECTION('center_axis',(-1.02848285443713E-13,-1.,4.44089209850464E-16));
#8347=DIRECTION('ref_axis',(4.93736128092536E-15,-4.44089209850971E-16,
-1.));
#8348=DIRECTION('center_axis',(-1.02848285443713E-13,-1.,4.44089209850464E-16));
#8349=DIRECTION('ref_axis',(-1.,1.02504525814572E-13,-4.65929662793511E-15));
#8350=DIRECTION('center_axis',(1.02848285443713E-13,1.,-4.44089209850464E-16));
#8351=DIRECTION('ref_axis',(-6.77019915539093E-15,-4.44089209849279E-16,
-1.));
#8352=DIRECTION('center_axis',(-1.02848285443713E-13,-1.,4.44089209849976E-16));
#8353=DIRECTION('ref_axis',(-6.99829747793535E-15,-4.44089209849256E-16,
-1.));
#8354=DIRECTION('center_axis',(-1.02848285443713E-13,-1.,4.44089209850464E-16));
#8355=DIRECTION('ref_axis',(-7.61960127479113E-15,-4.4408920984968E-16,
-1.));
#8356=DIRECTION('',(1.02848285443713E-13,1.,-4.44089209850464E-16));
#8357=DIRECTION('center_axis',(-1.02848285443713E-13,-1.,4.44089209850464E-16));
#8358=DIRECTION('ref_axis',(-9.46078370472096E-16,-4.44089209849878E-16,
-1.));
#8359=DIRECTION('',(-1.02848285443713E-13,-1.,4.44089209850464E-16));
#8360=DIRECTION('center_axis',(-0.866025403784436,8.8847183325003E-14,-0.500000000000004));
#8361=DIRECTION('ref_axis',(-0.500000000000004,5.19236286972534E-14,0.866025403784436));
#8362=DIRECTION('',(-0.500000000000004,5.19236286972534E-14,0.866025403784436));
#8363=DIRECTION('',(-1.02848285443713E-13,-1.,4.44089209850464E-16));
#8364=DIRECTION('',(0.500000000000004,-5.19236286972534E-14,-0.866025403784436));
#8365=DIRECTION('',(-1.02848285443713E-13,-1.,4.44089209850464E-16));
#8366=DIRECTION('center_axis',(1.02848285443713E-13,1.,-4.44089209850464E-16));
#8367=DIRECTION('ref_axis',(1.,-1.02504525814571E-13,4.65929662793507E-15));
#8368=DIRECTION('center_axis',(1.02848285443713E-13,1.,-4.44089209849976E-16));
#8369=DIRECTION('ref_axis',(-1.06012753174433E-15,-4.44089209849866E-16,
-1.));
#8370=DIRECTION('center_axis',(1.02848285443713E-13,1.,-4.44089209850464E-16));
#8371=DIRECTION('ref_axis',(-5.84324443539087E-15,-3.78463738690866E-16,
-1.));
#8372=DIRECTION('center_axis',(-1.02848285443713E-13,-1.,4.44089209850464E-16));
#8373=DIRECTION('ref_axis',(4.93736128092536E-15,-4.44089209850971E-16,
-1.));
#8374=DIRECTION('center_axis',(-1.02848285443713E-13,-1.,4.44089209850464E-16));
#8375=DIRECTION('ref_axis',(-1.,1.02504525814572E-13,-4.65929662793511E-15));
#8376=DIRECTION('center_axis',(1.02848285443713E-13,1.,-4.44089209850464E-16));
#8377=DIRECTION('ref_axis',(-0.866025403784439,8.88471833250038E-14,-0.499999999999999));
#8378=DIRECTION('center_axis',(-1.02848285443713E-13,-1.,4.44089209849976E-16));
#8379=DIRECTION('ref_axis',(-0.86602540378444,8.88471833250038E-14,-0.499999999999998));
#8380=DIRECTION('center_axis',(-1.02848285443713E-13,-1.,4.44089209850464E-16));
#8381=DIRECTION('ref_axis',(-4.93736128092536E-15,4.44089209850972E-16,
1.));
#8382=DIRECTION('',(1.02848285443713E-13,1.,-4.44089209850464E-16));
#8383=DIRECTION('center_axis',(-1.02848285443713E-13,-1.,4.44089209850464E-16));
#8384=DIRECTION('ref_axis',(-0.86602540378444,8.88471833250038E-14,-0.499999999999998));
#8385=DIRECTION('',(-1.02848285443713E-13,-1.,4.44089209850464E-16));
#8386=DIRECTION('center_axis',(-0.866025403784441,8.92912725348539E-14,
0.499999999999996));
#8387=DIRECTION('ref_axis',(0.499999999999996,-5.09381103204802E-14,0.866025403784441));
#8388=DIRECTION('',(0.499999999999996,-5.09381103204802E-14,0.866025403784441));
#8389=DIRECTION('',(-1.02848285443713E-13,-1.,4.44089209850464E-16));
#8390=DIRECTION('',(-0.499999999999996,5.09381103204802E-14,-0.866025403784441));
#8391=DIRECTION('',(-1.02848285443713E-13,-1.,4.44089209850464E-16));
#8392=DIRECTION('center_axis',(1.02848285443713E-13,1.,-4.44089209850464E-16));
#8393=DIRECTION('ref_axis',(1.,-1.02504525814571E-13,4.65929662793507E-15));
#8394=DIRECTION('center_axis',(1.02848285443713E-13,1.,-4.44089209849976E-16));
#8395=DIRECTION('ref_axis',(-0.86602540378444,8.88471833250038E-14,-0.499999999999998));
#8396=DIRECTION('center_axis',(1.02848285443713E-13,1.,-4.44089209850464E-16));
#8397=DIRECTION('ref_axis',(-4.93736128092535E-15,5.09714681009969E-16,
1.));
#8398=DIRECTION('center_axis',(-1.02848285443713E-13,-1.,4.44089209850464E-16));
#8399=DIRECTION('ref_axis',(4.93736128092536E-15,-4.44089209850971E-16,
-1.));
#8400=DIRECTION('center_axis',(-1.02848285443713E-13,-1.,4.44089209850464E-16));
#8401=DIRECTION('ref_axis',(-1.,1.02504525814572E-13,-4.65929662793511E-15));
#8402=DIRECTION('center_axis',(1.02848285443713E-13,1.,-4.44089209850464E-16));
#8403=DIRECTION('ref_axis',(-0.866025403784443,8.92912725348541E-14,0.499999999999992));
#8404=DIRECTION('center_axis',(-1.02848285443713E-13,-1.,4.44089209849976E-16));
#8405=DIRECTION('ref_axis',(-0.866025403784444,8.92912725348542E-14,0.499999999999991));
#8406=DIRECTION('center_axis',(-0.866025403784436,8.8847183325003E-14,-0.500000000000004));
#8407=DIRECTION('ref_axis',(-0.500000000000004,5.19236286972534E-14,0.866025403784436));
#8408=DIRECTION('',(-1.02848285443713E-13,-1.,4.44089209850464E-16));
#8409=DIRECTION('',(1.02848285443713E-13,1.,-4.44089209850464E-16));
#8410=DIRECTION('',(0.500000000000004,-5.19236286972534E-14,-0.866025403784436));
#8411=DIRECTION('',(1.02848285443713E-13,1.,-4.44089209850464E-16));
#8412=DIRECTION('',(-0.500000000000004,5.19236286972534E-14,0.866025403784436));
#8413=DIRECTION('center_axis',(-1.02848285443713E-13,-1.,4.44089209850464E-16));
#8414=DIRECTION('ref_axis',(-4.93736128092536E-15,4.44089209850972E-16,
1.));
#8415=DIRECTION('',(1.02848285443713E-13,1.,-4.44089209850464E-16));
#8416=DIRECTION('center_axis',(-1.02848285443713E-13,-1.,4.44089209850464E-16));
#8417=DIRECTION('ref_axis',(-0.866025403784445,8.92912725348543E-14,0.49999999999999));
#8418=DIRECTION('center_axis',(1.02848285443713E-13,1.,-4.44089209850464E-16));
#8419=DIRECTION('ref_axis',(1.,-1.02504525814571E-13,4.65929662793507E-15));
#8420=DIRECTION('center_axis',(1.02848285443713E-13,1.,-4.44089209849976E-16));
#8421=DIRECTION('ref_axis',(-0.866025403784445,8.92912725348543E-14,0.49999999999999));
#8422=DIRECTION('center_axis',(-1.02848285443713E-13,-1.,4.44089209850464E-16));
#8423=DIRECTION('ref_axis',(-1.,1.02504525814572E-13,-4.65929662793511E-15));
#8424=DIRECTION('center_axis',(1.02848285443713E-13,1.,-4.44089209850464E-16));
#8425=DIRECTION('ref_axis',(-1.07021631993656E-14,4.44089209851076E-16,
1.));
#8426=DIRECTION('center_axis',(-1.02848285443713E-13,-1.,4.44089209849976E-16));
#8427=DIRECTION('ref_axis',(-1.08162123606378E-14,4.44089209851088E-16,
1.));
#8428=DIRECTION('center_axis',(-1.02848285443713E-13,-1.,4.44089209850464E-16));
#8429=DIRECTION('ref_axis',(-4.93736128092535E-15,5.03363828962324E-16,
1.));
#8430=DIRECTION('center_axis',(1.02861739017734E-13,1.,-5.68989300120813E-16));
#8431=DIRECTION('ref_axis',(-4.93736128092535E-15,5.03363828962324E-16,
1.));
#8432=DIRECTION('center_axis',(-0.866025403784441,8.92912725348539E-14,
0.499999999999996));
#8433=DIRECTION('ref_axis',(0.499999999999996,-5.09381103204802E-14,0.866025403784441));
#8434=DIRECTION('',(-1.02848285443713E-13,-1.,4.44089209850464E-16));
#8435=DIRECTION('',(1.02848285443713E-13,1.,-4.44089209850464E-16));
#8436=DIRECTION('',(-0.499999999999996,5.09381103204802E-14,-0.866025403784441));
#8437=DIRECTION('',(1.02848285443713E-13,1.,-4.44089209850464E-16));
#8438=DIRECTION('',(0.499999999999996,-5.09381103204802E-14,0.866025403784441));
#8439=DIRECTION('center_axis',(1.02848285443713E-13,1.,-4.44089209850464E-16));
#8440=DIRECTION('ref_axis',(1.,-1.02504525814571E-13,4.65929662793507E-15));
#8441=DIRECTION('center_axis',(-1.02848285443713E-13,-1.,4.44089209850464E-16));
#8442=DIRECTION('ref_axis',(-1.07021631993656E-14,4.44089209851076E-16,
1.));
#8443=DIRECTION('center_axis',(1.02848285443713E-13,1.,-4.44089209849976E-16));
#8444=DIRECTION('ref_axis',(-1.08162123606378E-14,4.44089209851088E-16,
1.));
#8445=DIRECTION('center_axis',(1.02848285443713E-13,1.,-4.44089209850464E-16));
#8446=DIRECTION('ref_axis',(-4.93736128092535E-15,5.09714681009969E-16,
1.));
#8447=DIRECTION('center_axis',(-1.02848285443713E-13,-1.,4.44089209850464E-16));
#8448=DIRECTION('ref_axis',(4.93736128092536E-15,-4.44089209850971E-16,
-1.));
#8449=DIRECTION('center_axis',(-1.02848285443713E-13,-1.,4.44089209850464E-16));
#8450=DIRECTION('ref_axis',(-1.,1.02504525814572E-13,-4.65929662793511E-15));
#8451=DIRECTION('center_axis',(1.02848285443713E-13,1.,-4.44089209850464E-16));
#8452=DIRECTION('ref_axis',(0.866025403784433,-8.88471833250031E-14,0.50000000000001));
#8453=DIRECTION('center_axis',(-1.02848285443713E-13,-1.,4.44089209849976E-16));
#8454=DIRECTION('ref_axis',(0.866025403784434,-8.88471833250032E-14,0.500000000000008));
#8455=DIRECTION('center_axis',(-1.02848285443713E-13,-1.,4.44089209850464E-16));
#8456=DIRECTION('ref_axis',(-4.93736128092536E-15,4.44089209850972E-16,
1.));
#8457=DIRECTION('',(1.02848285443713E-13,1.,-4.44089209850464E-16));
#8458=DIRECTION('center_axis',(-1.02848285443713E-13,-1.,4.44089209850464E-16));
#8459=DIRECTION('ref_axis',(0.866025403784433,-8.88471833250031E-14,0.50000000000001));
#8460=DIRECTION('',(-1.02848285443713E-13,-1.,4.44089209850464E-16));
#8461=DIRECTION('center_axis',(0.866025403784441,-8.92912725348539E-14,
-0.499999999999996));
#8462=DIRECTION('ref_axis',(-0.499999999999996,5.09381103204802E-14,-0.866025403784441));
#8463=DIRECTION('',(-0.499999999999996,5.09381103204802E-14,-0.866025403784441));
#8464=DIRECTION('',(-1.02848285443713E-13,-1.,4.44089209850464E-16));
#8465=DIRECTION('',(0.499999999999996,-5.09381103204802E-14,0.866025403784441));
#8466=DIRECTION('',(-1.02848285443713E-13,-1.,4.44089209850464E-16));
#8467=DIRECTION('center_axis',(1.02848285443713E-13,1.,-4.44089209850464E-16));
#8468=DIRECTION('ref_axis',(1.,-1.02504525814571E-13,4.65929662793507E-15));
#8469=DIRECTION('center_axis',(1.02848285443713E-13,1.,-4.44089209849976E-16));
#8470=DIRECTION('ref_axis',(0.866025403784434,-8.88471833250031E-14,0.500000000000009));
#8471=DIRECTION('center_axis',(1.02848285443713E-13,1.,-4.44089209850464E-16));
#8472=DIRECTION('ref_axis',(-4.93736128092535E-15,5.09714681009969E-16,
1.));
#8473=DIRECTION('center_axis',(-1.02848285443713E-13,-1.,4.44089209850464E-16));
#8474=DIRECTION('ref_axis',(4.93736128092536E-15,-4.44089209850971E-16,
-1.));
#8475=DIRECTION('center_axis',(-1.02848285443713E-13,-1.,4.44089209850464E-16));
#8476=DIRECTION('ref_axis',(-1.,1.02504525814572E-13,-4.65929662793511E-15));
#8477=DIRECTION('center_axis',(1.02848285443713E-13,1.,-4.44089209850464E-16));
#8478=DIRECTION('ref_axis',(-0.866025403784445,8.92912725348543E-14,0.49999999999999));
#8479=DIRECTION('center_axis',(-1.02848285443713E-13,-1.,4.44089209849976E-16));
#8480=DIRECTION('ref_axis',(-0.866025403784445,8.92912725348543E-14,0.499999999999989));
#8481=DIRECTION('center_axis',(-0.866025403784436,8.8847183325003E-14,-0.500000000000004));
#8482=DIRECTION('ref_axis',(-0.500000000000004,5.19236286972534E-14,0.866025403784436));
#8483=DIRECTION('',(-1.02848285443713E-13,-1.,4.44089209850464E-16));
#8484=DIRECTION('',(1.02848285443713E-13,1.,-4.44089209850464E-16));
#8485=DIRECTION('',(0.500000000000004,-5.19236286972534E-14,-0.866025403784436));
#8486=DIRECTION('',(1.02848285443713E-13,1.,-4.44089209850464E-16));
#8487=DIRECTION('',(-0.500000000000004,5.19236286972534E-14,0.866025403784436));
#8488=DIRECTION('center_axis',(-1.02848285443713E-13,-1.,4.44089209850464E-16));
#8489=DIRECTION('ref_axis',(-4.93736128092536E-15,4.44089209850972E-16,
1.));
#8490=DIRECTION('',(1.02848285443713E-13,1.,-4.44089209850464E-16));
#8491=DIRECTION('center_axis',(-1.02848285443713E-13,-1.,4.44089209850464E-16));
#8492=DIRECTION('ref_axis',(-0.866025403784443,8.92912725348541E-14,0.499999999999992));
#8493=DIRECTION('center_axis',(1.02848285443713E-13,1.,-4.44089209850464E-16));
#8494=DIRECTION('ref_axis',(1.,-1.02504525814571E-13,4.65929662793507E-15));
#8495=DIRECTION('center_axis',(1.02848285443713E-13,1.,-4.44089209849976E-16));
#8496=DIRECTION('ref_axis',(-0.866025403784443,8.92912725348542E-14,0.499999999999992));
#8497=DIRECTION('center_axis',(-1.02848285443713E-13,-1.,4.44089209850464E-16));
#8498=DIRECTION('ref_axis',(-1.,1.02504525814572E-13,-4.65929662793511E-15));
#8499=DIRECTION('center_axis',(1.02848285443713E-13,1.,-4.44089209850464E-16));
#8500=DIRECTION('ref_axis',(-1.07021631993656E-14,4.44089209851076E-16,
1.));
#8501=DIRECTION('center_axis',(-1.02848285443713E-13,-1.,4.44089209849976E-16));
#8502=DIRECTION('ref_axis',(-1.08162123606378E-14,4.44089209851088E-16,
1.));
#8503=DIRECTION('center_axis',(-1.02848285443713E-13,-1.,4.44089209850464E-16));
#8504=DIRECTION('ref_axis',(-4.93736128092536E-15,5.03363828962324E-16,
1.));
#8505=DIRECTION('center_axis',(1.02861739017734E-13,1.,-5.68989300120813E-16));
#8506=DIRECTION('ref_axis',(-4.93736128092536E-15,5.03363828962324E-16,
1.));
#8507=DIRECTION('center_axis',(-0.866025403784441,8.92912725348539E-14,
0.499999999999996));
#8508=DIRECTION('ref_axis',(0.499999999999996,-5.09381103204802E-14,0.866025403784441));
#8509=DIRECTION('',(-1.02848285443713E-13,-1.,4.44089209850464E-16));
#8510=DIRECTION('',(1.02848285443713E-13,1.,-4.44089209850464E-16));
#8511=DIRECTION('',(-0.499999999999996,5.09381103204802E-14,-0.866025403784441));
#8512=DIRECTION('',(1.02848285443713E-13,1.,-4.44089209850464E-16));
#8513=DIRECTION('',(0.499999999999996,-5.09381103204802E-14,0.866025403784441));
#8514=DIRECTION('center_axis',(1.02848285443713E-13,1.,-4.44089209850464E-16));
#8515=DIRECTION('ref_axis',(1.,-1.02504525814571E-13,4.65929662793507E-15));
#8516=DIRECTION('center_axis',(-1.02848285443713E-13,-1.,4.44089209850464E-16));
#8517=DIRECTION('ref_axis',(-1.65262839842844E-14,4.44089209851675E-16,
1.));
#8518=DIRECTION('center_axis',(1.02848285443713E-13,1.,-4.44089209849976E-16));
#8519=DIRECTION('ref_axis',(-1.67543823068289E-14,4.44089209851699E-16,
1.));
#8520=DIRECTION('center_axis',(1.02848285443713E-13,1.,-4.44089209850464E-16));
#8521=DIRECTION('ref_axis',(-4.93736128092536E-15,5.09714681009969E-16,
1.));
#8522=DIRECTION('center_axis',(-1.02848285443713E-13,-1.,4.44089209850464E-16));
#8523=DIRECTION('ref_axis',(4.93736128092537E-15,-4.44089209850971E-16,
-1.));
#8524=DIRECTION('center_axis',(-1.02848285443713E-13,-1.,4.44089209850464E-16));
#8525=DIRECTION('ref_axis',(-1.,1.02504525814572E-13,-4.65929662793511E-15));
#8526=DIRECTION('center_axis',(1.02848285443713E-13,1.,-4.44089209850464E-16));
#8527=DIRECTION('ref_axis',(0.866025403784434,-8.88471833250032E-14,0.500000000000008));
#8528=DIRECTION('center_axis',(-1.02848285443713E-13,-1.,4.44089209849976E-16));
#8529=DIRECTION('ref_axis',(0.866025403784434,-8.88471833250032E-14,0.500000000000008));
#8530=DIRECTION('center_axis',(-1.02848285443713E-13,-1.,4.44089209850464E-16));
#8531=DIRECTION('ref_axis',(-4.93736128092536E-15,4.44089209850972E-16,
1.));
#8532=DIRECTION('',(1.02848285443713E-13,1.,-4.44089209850464E-16));
#8533=DIRECTION('center_axis',(-1.02848285443713E-13,-1.,4.44089209850464E-16));
#8534=DIRECTION('ref_axis',(0.866025403784437,-8.88471833250035E-14,0.500000000000002));
#8535=DIRECTION('',(-1.02848285443713E-13,-1.,4.44089209850464E-16));
#8536=DIRECTION('center_axis',(0.866025403784441,-8.92912725348539E-14,
-0.499999999999996));
#8537=DIRECTION('ref_axis',(-0.499999999999996,5.09381103204802E-14,-0.866025403784441));
#8538=DIRECTION('',(-0.499999999999996,5.09381103204802E-14,-0.866025403784441));
#8539=DIRECTION('',(-1.02848285443713E-13,-1.,4.44089209850464E-16));
#8540=DIRECTION('',(0.499999999999996,-5.09381103204802E-14,0.866025403784441));
#8541=DIRECTION('',(-1.02848285443713E-13,-1.,4.44089209850464E-16));
#8542=DIRECTION('center_axis',(1.02848285443713E-13,1.,-4.44089209850464E-16));
#8543=DIRECTION('ref_axis',(1.,-1.02504525814571E-13,4.65929662793507E-15));
#8544=DIRECTION('center_axis',(1.02848285443713E-13,1.,-4.44089209849976E-16));
#8545=DIRECTION('ref_axis',(0.866025403784436,-8.88471833250034E-14,0.500000000000004));
#8546=DIRECTION('center_axis',(1.02848285443713E-13,1.,-4.44089209850464E-16));
#8547=DIRECTION('ref_axis',(-4.93736128092536E-15,5.09714681009969E-16,
1.));
#8548=DIRECTION('center_axis',(-1.02848285443713E-13,-1.,4.44089209850464E-16));
#8549=DIRECTION('ref_axis',(4.93736128092537E-15,-4.44089209850971E-16,
-1.));
#8550=DIRECTION('center_axis',(-1.02848285443713E-13,-1.,4.44089209850464E-16));
#8551=DIRECTION('ref_axis',(-1.,1.02504525814572E-13,-4.65929662793511E-15));
#8552=DIRECTION('center_axis',(1.02848285443713E-13,1.,-4.44089209850464E-16));
#8553=DIRECTION('ref_axis',(0.866025403784439,-8.92912725348537E-14,-0.499999999999999));
#8554=DIRECTION('center_axis',(-1.02848285443713E-13,-1.,4.44089209849976E-16));
#8555=DIRECTION('ref_axis',(0.86602540378444,-8.92912725348538E-14,-0.499999999999998));
#8556=DIRECTION('center_axis',(-1.02848285443713E-13,-1.,4.44089209850464E-16));
#8557=DIRECTION('ref_axis',(-4.93736128092536E-15,5.03363828962324E-16,
1.));
#8558=DIRECTION('center_axis',(1.02861739017734E-13,1.,-5.68989300120813E-16));
#8559=DIRECTION('ref_axis',(-4.93736128092536E-15,5.03363828962324E-16,
1.));
#8560=DIRECTION('center_axis',(0.866025403784436,-8.8847183325003E-14,0.500000000000004));
#8561=DIRECTION('ref_axis',(0.500000000000004,-5.19236286972534E-14,-0.866025403784436));
#8562=DIRECTION('',(-1.02848285443713E-13,-1.,4.44089209850464E-16));
#8563=DIRECTION('',(1.02848285443713E-13,1.,-4.44089209850464E-16));
#8564=DIRECTION('',(-0.500000000000004,5.19236286972534E-14,0.866025403784436));
#8565=DIRECTION('',(1.02848285443713E-13,1.,-4.44089209850464E-16));
#8566=DIRECTION('',(0.500000000000004,-5.19236286972534E-14,-0.866025403784436));
#8567=DIRECTION('center_axis',(1.02848285443713E-13,1.,-4.44089209850464E-16));
#8568=DIRECTION('ref_axis',(1.,-1.02504525814571E-13,4.65929662793507E-15));
#8569=DIRECTION('center_axis',(-1.02848285443713E-13,-1.,4.44089209850464E-16));
#8570=DIRECTION('ref_axis',(0.866025403784439,-8.92912725348537E-14,-0.499999999999999));
#8571=DIRECTION('center_axis',(1.02848285443713E-13,1.,-4.44089209849976E-16));
#8572=DIRECTION('ref_axis',(0.866025403784439,-8.92912725348537E-14,-0.499999999999999));
#8573=DIRECTION('center_axis',(1.02848285443713E-13,1.,-4.44089209850464E-16));
#8574=DIRECTION('ref_axis',(-4.93736128092536E-15,5.09714681009969E-16,
1.));
#8575=DIRECTION('center_axis',(-1.02848285443713E-13,-1.,4.44089209850464E-16));
#8576=DIRECTION('ref_axis',(4.93736128092537E-15,-4.44089209850971E-16,
-1.));
#8577=DIRECTION('center_axis',(-1.02848285443713E-13,-1.,4.44089209850464E-16));
#8578=DIRECTION('ref_axis',(-1.,1.02504525814572E-13,-4.65929662793511E-15));
#8579=DIRECTION('center_axis',(1.02848285443713E-13,1.,-4.44089209850464E-16));
#8580=DIRECTION('ref_axis',(-9.46078370472083E-16,-4.44089209849878E-16,
-1.));
#8581=DIRECTION('center_axis',(-1.02848285443713E-13,-1.,4.44089209849976E-16));
#8582=DIRECTION('ref_axis',(-1.0601275317443E-15,-4.44089209849866E-16,
-1.));
#8583=DIRECTION('center_axis',(-1.02848285443713E-13,-1.,4.44089209850464E-16));
#8584=DIRECTION('ref_axis',(-3.1787091762905E-15,-4.44089209850137E-16,
-1.));
#8585=DIRECTION('',(1.02848285443713E-13,1.,-4.44089209850464E-16));
#8586=DIRECTION('center_axis',(-1.02848285443713E-13,-1.,4.44089209850464E-16));
#8587=DIRECTION('ref_axis',(-9.46078370472096E-16,-4.44089209849878E-16,
-1.));
#8588=DIRECTION('',(-1.02848285443713E-13,-1.,4.44089209850464E-16));
#8589=DIRECTION('center_axis',(-0.866025403784436,8.8847183325003E-14,-0.500000000000004));
#8590=DIRECTION('ref_axis',(-0.500000000000004,5.19236286972534E-14,0.866025403784436));
#8591=DIRECTION('',(-0.500000000000004,5.19236286972534E-14,0.866025403784436));
#8592=DIRECTION('',(-1.02848285443713E-13,-1.,4.44089209850464E-16));
#8593=DIRECTION('',(0.500000000000004,-5.19236286972534E-14,-0.866025403784436));
#8594=DIRECTION('',(-1.02848285443713E-13,-1.,4.44089209850464E-16));
#8595=DIRECTION('center_axis',(1.02848285443713E-13,1.,-4.44089209850464E-16));
#8596=DIRECTION('ref_axis',(1.,-1.02504525814571E-13,4.65929662793507E-15));
#8597=DIRECTION('center_axis',(1.02848285443713E-13,1.,-4.44089209849976E-16));
#8598=DIRECTION('ref_axis',(-1.06012753174433E-15,-4.44089209849866E-16,
-1.));
#8599=DIRECTION('center_axis',(1.02848285443713E-13,1.,-4.44089209850464E-16));
#8600=DIRECTION('ref_axis',(8.36761027981114E-15,-3.78463738692328E-16,
-1.));
#8601=DIRECTION('center_axis',(-1.02848285443713E-13,-1.,4.44089209850464E-16));
#8602=DIRECTION('ref_axis',(4.93736128092537E-15,-4.44089209850971E-16,
-1.));
#8603=DIRECTION('center_axis',(-1.02848285443713E-13,-1.,4.44089209850464E-16));
#8604=DIRECTION('ref_axis',(-1.,1.02504525814572E-13,-4.65929662793511E-15));
#8605=DIRECTION('center_axis',(1.02848285443713E-13,1.,-4.44089209850464E-16));
#8606=DIRECTION('ref_axis',(-0.866025403784437,8.88471833250035E-14,-0.500000000000003));
#8607=DIRECTION('center_axis',(-1.02848285443713E-13,-1.,4.44089209849976E-16));
#8608=DIRECTION('ref_axis',(-0.866025403784436,8.88471833250035E-14,-0.500000000000004));
#8609=DIRECTION('center_axis',(-1.02848285443713E-13,-1.,4.44089209850464E-16));
#8610=DIRECTION('ref_axis',(-4.93736128092536E-15,4.44089209850972E-16,
1.));
#8611=DIRECTION('',(1.02848285443713E-13,1.,-4.44089209850464E-16));
#8612=DIRECTION('center_axis',(-1.02848285443713E-13,-1.,4.44089209850464E-16));
#8613=DIRECTION('ref_axis',(-0.866025403784438,8.88471833250036E-14,-0.500000000000001));
#8614=DIRECTION('',(-1.02848285443713E-13,-1.,4.44089209850464E-16));
#8615=DIRECTION('center_axis',(-0.866025403784441,8.92912725348539E-14,
0.499999999999996));
#8616=DIRECTION('ref_axis',(0.499999999999996,-5.09381103204802E-14,0.866025403784441));
#8617=DIRECTION('',(0.499999999999996,-5.09381103204802E-14,0.866025403784441));
#8618=DIRECTION('',(-1.02848285443713E-13,-1.,4.44089209850464E-16));
#8619=DIRECTION('',(-0.499999999999996,5.09381103204802E-14,-0.866025403784441));
#8620=DIRECTION('',(-1.02848285443713E-13,-1.,4.44089209850464E-16));
#8621=DIRECTION('center_axis',(1.02848285443713E-13,1.,-4.44089209850464E-16));
#8622=DIRECTION('ref_axis',(1.,-1.02504525814571E-13,4.65929662793507E-15));
#8623=DIRECTION('center_axis',(1.02848285443713E-13,1.,-4.44089209849976E-16));
#8624=DIRECTION('ref_axis',(-0.866025403784439,8.88471833250037E-14,-0.5));
#8625=DIRECTION('center_axis',(1.02848285443713E-13,1.,-4.44089209850464E-16));
#8626=DIRECTION('ref_axis',(-4.93736128092536E-15,5.09714681009969E-16,
1.));
#8627=DIRECTION('center_axis',(-1.02848285443713E-13,-1.,4.44089209850464E-16));
#8628=DIRECTION('ref_axis',(4.93736128092537E-15,-4.44089209850971E-16,
-1.));
#8629=DIRECTION('center_axis',(-1.02848285443713E-13,-1.,4.44089209850464E-16));
#8630=DIRECTION('ref_axis',(-1.,1.02504525814572E-13,-4.65929662793511E-15));
#8631=DIRECTION('center_axis',(1.02848285443713E-13,1.,-4.44089209850464E-16));
#8632=DIRECTION('ref_axis',(0.86602540378444,-8.92912725348538E-14,-0.499999999999998));
#8633=DIRECTION('center_axis',(-1.02848285443713E-13,-1.,4.44089209849976E-16));
#8634=DIRECTION('ref_axis',(0.86602540378444,-8.92912725348538E-14,-0.499999999999998));
#8635=DIRECTION('center_axis',(-1.02848285443713E-13,-1.,4.44089209850464E-16));
#8636=DIRECTION('ref_axis',(-4.93736128092537E-15,4.44089209850972E-16,
1.));
#8637=DIRECTION('',(1.02848285443713E-13,1.,-4.44089209850464E-16));
#8638=DIRECTION('center_axis',(-1.02848285443713E-13,-1.,4.44089209850464E-16));
#8639=DIRECTION('ref_axis',(0.86602540378444,-8.92912725348538E-14,-0.499999999999997));
#8640=DIRECTION('',(-1.02848285443713E-13,-1.,4.44089209850464E-16));
#8641=DIRECTION('center_axis',(4.93736128092537E-15,-4.44089209850971E-16,
-1.));
#8642=DIRECTION('ref_axis',(-1.,1.02861739017734E-13,-4.93736128092541E-15));
#8643=DIRECTION('',(-1.,1.02861739017734E-13,-4.93736128092541E-15));
#8644=DIRECTION('',(-1.02848285443713E-13,-1.,4.44089209850464E-16));
#8645=DIRECTION('',(1.,-1.02861739017734E-13,4.93736128092541E-15));
#8646=DIRECTION('',(-1.02848285443713E-13,-1.,4.44089209850464E-16));
#8647=DIRECTION('center_axis',(1.02848285443713E-13,1.,-4.44089209850464E-16));
#8648=DIRECTION('ref_axis',(1.,-1.02504525814572E-13,4.65929662793511E-15));
#8649=DIRECTION('center_axis',(1.02848285443713E-13,1.,-4.44089209849976E-16));
#8650=DIRECTION('ref_axis',(0.86602540378444,-8.92912725348539E-14,-0.499999999999997));
#8651=DIRECTION('center_axis',(1.02848285443713E-13,1.,-4.44089209850464E-16));
#8652=DIRECTION('ref_axis',(-4.93736128092536E-15,5.09714681009969E-16,
1.));
#8653=DIRECTION('center_axis',(-1.02848285443713E-13,-1.,4.44089209850464E-16));
#8654=DIRECTION('ref_axis',(4.93736128092537E-15,-4.44089209850971E-16,
-1.));
#8655=DIRECTION('center_axis',(-1.02848285443713E-13,-1.,4.44089209850464E-16));
#8656=DIRECTION('ref_axis',(-1.,1.02504525814572E-13,-4.65929662793511E-15));
#8657=DIRECTION('center_axis',(1.02848285443713E-13,1.,-4.44089209850464E-16));
#8658=DIRECTION('ref_axis',(-2.40210856670179E-15,-4.44089209849728E-16,
-1.));
#8659=DIRECTION('center_axis',(-1.02848285443713E-13,-1.,4.44089209849976E-16));
#8660=DIRECTION('ref_axis',(-2.54467001829206E-15,-4.44089209849714E-16,
-1.));
#8661=DIRECTION('center_axis',(-1.02848285443713E-13,-1.,4.44089209850464E-16));
#8662=DIRECTION('ref_axis',(-5.14173917190119E-16,-4.44089209850411E-16,
-1.));
#8663=DIRECTION('',(1.02848285443713E-13,1.,-4.44089209850464E-16));
#8664=DIRECTION('center_axis',(-1.02848285443713E-13,-1.,4.44089209850464E-16));
#8665=DIRECTION('ref_axis',(-9.46078370472096E-16,-4.44089209849878E-16,
-1.));
#8666=DIRECTION('',(-1.02848285443713E-13,-1.,4.44089209850464E-16));
#8667=DIRECTION('center_axis',(-0.866025403784436,8.8847183325003E-14,-0.500000000000004));
#8668=DIRECTION('ref_axis',(-0.500000000000004,5.19236286972534E-14,0.866025403784436));
#8669=DIRECTION('',(-0.500000000000004,5.19236286972534E-14,0.866025403784436));
#8670=DIRECTION('',(-1.02848285443713E-13,-1.,4.44089209850464E-16));
#8671=DIRECTION('',(0.500000000000004,-5.19236286972534E-14,-0.866025403784436));
#8672=DIRECTION('',(-1.02848285443713E-13,-1.,4.44089209850464E-16));
#8673=DIRECTION('center_axis',(1.02848285443713E-13,1.,-4.44089209850464E-16));
#8674=DIRECTION('ref_axis',(1.,-1.02504525814572E-13,4.65929662793511E-15));
#8675=DIRECTION('center_axis',(1.02848285443713E-13,1.,-4.44089209849976E-16));
#8676=DIRECTION('ref_axis',(-1.06012753174433E-15,-4.44089209849866E-16,
-1.));
#8677=DIRECTION('center_axis',(1.02848285443713E-13,1.,-4.44089209850464E-16));
#8678=DIRECTION('ref_axis',(1.26218292221014E-15,-3.78463738691597E-16,
-1.));
#8679=DIRECTION('center_axis',(-1.02848285443713E-13,-1.,4.44089209850464E-16));
#8680=DIRECTION('ref_axis',(4.93736128092537E-15,-4.44089209850971E-16,
-1.));
#8681=DIRECTION('center_axis',(-1.02848285443713E-13,-1.,4.44089209850464E-16));
#8682=DIRECTION('ref_axis',(-1.,1.02504525814572E-13,-4.65929662793511E-15));
#8683=DIRECTION('center_axis',(1.02848285443713E-13,1.,-4.44089209850464E-16));
#8684=DIRECTION('ref_axis',(-0.866025403784439,8.88471833250037E-14,-0.5));
#8685=DIRECTION('center_axis',(-1.02848285443713E-13,-1.,4.44089209849976E-16));
#8686=DIRECTION('ref_axis',(-0.866025403784438,8.88471833250036E-14,-0.5));
#8687=DIRECTION('center_axis',(-1.02848285443713E-13,-1.,4.44089209850464E-16));
#8688=DIRECTION('ref_axis',(-4.93736128092536E-15,5.03363828962324E-16,
1.));
#8689=DIRECTION('center_axis',(1.02861739017734E-13,1.,-5.68989300120813E-16));
#8690=DIRECTION('ref_axis',(-4.93736128092536E-15,5.03363828962324E-16,
1.));
#8691=DIRECTION('center_axis',(4.93736128092537E-15,-4.44089209850971E-16,
-1.));
#8692=DIRECTION('ref_axis',(-1.,1.02861739017734E-13,-4.93736128092541E-15));
#8693=DIRECTION('',(-1.02848285443713E-13,-1.,4.44089209850464E-16));
#8694=DIRECTION('',(1.02848285443713E-13,1.,-4.44089209850464E-16));
#8695=DIRECTION('',(1.,-1.02861739017734E-13,4.93736128092541E-15));
#8696=DIRECTION('',(1.02848285443713E-13,1.,-4.44089209850464E-16));
#8697=DIRECTION('',(-1.,1.02861739017734E-13,-4.93736128092541E-15));
#8698=DIRECTION('center_axis',(1.02848285443713E-13,1.,-4.44089209850464E-16));
#8699=DIRECTION('ref_axis',(1.,-1.02504525814572E-13,4.65929662793511E-15));
#8700=DIRECTION('center_axis',(-1.02848285443713E-13,-1.,4.44089209850464E-16));
#8701=DIRECTION('ref_axis',(-0.866025403784438,8.88471833250036E-14,-0.500000000000001));
#8702=DIRECTION('center_axis',(1.02848285443713E-13,1.,-4.44089209849976E-16));
#8703=DIRECTION('ref_axis',(-0.866025403784438,8.88471833250036E-14,-0.500000000000001));
#8704=DIRECTION('center_axis',(1.02848285443713E-13,1.,-4.44089209850464E-16));
#8705=DIRECTION('ref_axis',(-4.93736128092536E-15,5.09714681009969E-16,
1.));
#8706=DIRECTION('center_axis',(-1.02848285443713E-13,-1.,4.44089209850464E-16));
#8707=DIRECTION('ref_axis',(4.93736128092537E-15,-4.44089209850971E-16,
-1.));
#8708=DIRECTION('center_axis',(-0.866025403784441,8.92912725348539E-14,
0.499999999999996));
#8709=DIRECTION('ref_axis',(0.499999999999996,-5.09381103204802E-14,0.866025403784441));
#8710=DIRECTION('',(0.499999999999996,-5.09381103204802E-14,0.866025403784441));
#8711=DIRECTION('',(-1.02848285443713E-13,-1.,4.44089209850464E-16));
#8712=DIRECTION('',(-0.499999999999996,5.09381103204802E-14,-0.866025403784441));
#8713=DIRECTION('',(-1.02848285443713E-13,-1.,4.44089209850464E-16));
#8714=DIRECTION('',(1.02848285443713E-13,1.,-4.44089209850464E-16));
#8715=DIRECTION('center_axis',(-1.02848285443713E-13,-1.,4.44089209850464E-16));
#8716=DIRECTION('ref_axis',(-1.,1.02504525814572E-13,-4.65929662793511E-15));
#8717=DIRECTION('center_axis',(1.02848285443713E-13,1.,-4.44089209850464E-16));
#8718=DIRECTION('ref_axis',(-0.866025403784442,8.9291272534854E-14,0.499999999999995));
#8719=DIRECTION('center_axis',(-1.02848285443713E-13,-1.,4.44089209849976E-16));
#8720=DIRECTION('ref_axis',(-0.866025403784442,8.9291272534854E-14,0.499999999999995));
#8721=DIRECTION('center_axis',(-1.02848285443713E-13,-1.,4.44089209850464E-16));
#8722=DIRECTION('ref_axis',(-4.93736128092536E-15,5.03363828962324E-16,
1.));
#8723=DIRECTION('center_axis',(1.02861739017734E-13,1.,-5.68989300120813E-16));
#8724=DIRECTION('ref_axis',(-4.93736128092536E-15,5.03363828962324E-16,
1.));
#8725=DIRECTION('center_axis',(-0.866025403784436,8.8847183325003E-14,-0.500000000000004));
#8726=DIRECTION('ref_axis',(-0.500000000000004,5.19236286972534E-14,0.866025403784436));
#8727=DIRECTION('',(-1.02848285443713E-13,-1.,4.44089209850464E-16));
#8728=DIRECTION('',(1.02848285443713E-13,1.,-4.44089209850464E-16));
#8729=DIRECTION('',(0.500000000000004,-5.19236286972534E-14,-0.866025403784436));
#8730=DIRECTION('',(1.02848285443713E-13,1.,-4.44089209850464E-16));
#8731=DIRECTION('',(-0.500000000000004,5.19236286972534E-14,0.866025403784436));
#8732=DIRECTION('center_axis',(1.02848285443713E-13,1.,-4.44089209850464E-16));
#8733=DIRECTION('ref_axis',(1.,-1.02504525814572E-13,4.65929662793511E-15));
#8734=DIRECTION('center_axis',(-1.02848285443713E-13,-1.,4.44089209850464E-16));
#8735=DIRECTION('ref_axis',(-0.866025403784442,8.9291272534854E-14,0.499999999999995));
#8736=DIRECTION('center_axis',(1.02848285443713E-13,1.,-4.44089209849976E-16));
#8737=DIRECTION('ref_axis',(-0.866025403784442,8.9291272534854E-14,0.499999999999994));
#8738=DIRECTION('center_axis',(1.02848285443713E-13,1.,-4.44089209850464E-16));
#8739=DIRECTION('ref_axis',(-4.93736128092536E-15,5.09714681009969E-16,
1.));
#8740=DIRECTION('center_axis',(-1.02848285443713E-13,-1.,4.44089209850464E-16));
#8741=DIRECTION('ref_axis',(4.93736128092537E-15,-4.44089209850971E-16,
-1.));
#8742=DIRECTION('center_axis',(-1.02848285443713E-13,-1.,4.44089209850464E-16));
#8743=DIRECTION('ref_axis',(-1.,1.02504525814572E-13,-4.65929662793511E-15));
#8744=DIRECTION('center_axis',(1.02848285443713E-13,1.,-4.44089209850464E-16));
#8745=DIRECTION('ref_axis',(-1.21581933955953E-14,4.44089209851226E-16,
1.));
#8746=DIRECTION('center_axis',(-1.02848285443713E-13,-1.,4.44089209849976E-16));
#8747=DIRECTION('ref_axis',(-1.23007548471856E-14,4.4408920985124E-16,1.));
#8748=DIRECTION('center_axis',(-1.02848285443713E-13,-1.,4.44089209850464E-16));
#8749=DIRECTION('ref_axis',(-4.93736128092537E-15,4.44089209850972E-16,
1.));
#8750=DIRECTION('',(1.02848285443713E-13,1.,-4.44089209850464E-16));
#8751=DIRECTION('center_axis',(-1.02848285443713E-13,-1.,4.44089209850464E-16));
#8752=DIRECTION('ref_axis',(-9.24613300313589E-15,4.44089209850926E-16,
1.));
#8753=DIRECTION('',(-1.02848285443713E-13,-1.,4.44089209850464E-16));
#8754=DIRECTION('center_axis',(0.866025403784436,-8.8847183325003E-14,0.500000000000004));
#8755=DIRECTION('ref_axis',(0.500000000000004,-5.19236286972534E-14,-0.866025403784436));
#8756=DIRECTION('',(0.500000000000004,-5.19236286972534E-14,-0.866025403784436));
#8757=DIRECTION('',(-1.02848285443713E-13,-1.,4.44089209850464E-16));
#8758=DIRECTION('',(-0.500000000000004,5.19236286972534E-14,0.866025403784436));
#8759=DIRECTION('',(-1.02848285443713E-13,-1.,4.44089209850464E-16));
#8760=DIRECTION('center_axis',(1.02848285443713E-13,1.,-4.44089209850464E-16));
#8761=DIRECTION('ref_axis',(1.,-1.02504525814572E-13,4.65929662793511E-15));
#8762=DIRECTION('center_axis',(1.02848285443713E-13,1.,-4.44089209849976E-16));
#8763=DIRECTION('ref_axis',(-9.33166987409006E-15,4.44089209850935E-16,
1.));
#8764=DIRECTION('center_axis',(1.02848285443713E-13,1.,-4.44089209850464E-16));
#8765=DIRECTION('ref_axis',(-4.93736128092536E-15,5.09714681009969E-16,
1.));
#8766=DIRECTION('center_axis',(-1.02848285443713E-13,-1.,4.44089209850464E-16));
#8767=DIRECTION('ref_axis',(4.93736128092537E-15,-4.44089209850971E-16,
-1.));
#8768=DIRECTION('center_axis',(-1.02848285443713E-13,-1.,4.44089209850464E-16));
#8769=DIRECTION('ref_axis',(-1.,1.02504525814572E-13,-4.65929662793511E-15));
#8770=DIRECTION('center_axis',(1.02848285443713E-13,1.,-4.44089209850464E-16));
#8771=DIRECTION('ref_axis',(0.866025403784434,-8.88471833250032E-14,0.500000000000008));
#8772=DIRECTION('center_axis',(-1.02848285443713E-13,-1.,4.44089209849976E-16));
#8773=DIRECTION('ref_axis',(0.866025403784434,-8.88471833250032E-14,0.500000000000008));
#8774=DIRECTION('center_axis',(-1.02848285443713E-13,-1.,4.44089209850464E-16));
#8775=DIRECTION('ref_axis',(-4.93736128092536E-15,5.03363828962324E-16,
1.));
#8776=DIRECTION('center_axis',(1.02861739017734E-13,1.,-5.68989300120813E-16));
#8777=DIRECTION('ref_axis',(-4.93736128092536E-15,5.03363828962324E-16,
1.));
#8778=DIRECTION('center_axis',(-4.93736128092537E-15,4.44089209850971E-16,
1.));
#8779=DIRECTION('ref_axis',(1.,-1.02861739017734E-13,4.93736128092541E-15));
#8780=DIRECTION('',(-1.02848285443713E-13,-1.,4.44089209850464E-16));
#8781=DIRECTION('',(1.02848285443713E-13,1.,-4.44089209850464E-16));
#8782=DIRECTION('',(-1.,1.02861739017734E-13,-4.93736128092541E-15));
#8783=DIRECTION('',(1.02848285443713E-13,1.,-4.44089209850464E-16));
#8784=DIRECTION('',(1.,-1.02861739017734E-13,4.93736128092541E-15));
#8785=DIRECTION('center_axis',(1.02848285443713E-13,1.,-4.44089209850464E-16));
#8786=DIRECTION('ref_axis',(1.,-1.02504525814572E-13,4.65929662793511E-15));
#8787=DIRECTION('center_axis',(-1.02848285443713E-13,-1.,4.44089209850464E-16));
#8788=DIRECTION('ref_axis',(0.866025403784434,-8.88471833250032E-14,0.500000000000008));
#8789=DIRECTION('center_axis',(1.02848285443713E-13,1.,-4.44089209849976E-16));
#8790=DIRECTION('ref_axis',(0.866025403784434,-8.88471833250032E-14,0.500000000000008));
#8791=DIRECTION('center_axis',(1.02848285443713E-13,1.,-4.44089209850464E-16));
#8792=DIRECTION('ref_axis',(-4.93736128092536E-15,5.09714681009969E-16,
1.));
#8793=DIRECTION('center_axis',(-1.02848285443713E-13,-1.,4.44089209850464E-16));
#8794=DIRECTION('ref_axis',(4.93736128092537E-15,-4.44089209850971E-16,
-1.));
#8795=DIRECTION('center_axis',(-1.02848285443713E-13,-1.,4.44089209850464E-16));
#8796=DIRECTION('ref_axis',(-1.,1.02504525814572E-13,-4.65929662793511E-15));
#8797=DIRECTION('center_axis',(1.02848285443713E-13,1.,-4.44089209850464E-16));
#8798=DIRECTION('ref_axis',(-0.866025403784441,8.92912725348539E-14,0.499999999999995));
#8799=DIRECTION('center_axis',(-1.02848285443713E-13,-1.,4.44089209849976E-16));
#8800=DIRECTION('ref_axis',(-0.866025403784441,8.92912725348539E-14,0.499999999999996));
#8801=DIRECTION('center_axis',(-1.02848285443713E-13,-1.,4.44089209850464E-16));
#8802=DIRECTION('ref_axis',(-4.93736128092536E-15,5.03363828962324E-16,
1.));
#8803=DIRECTION('center_axis',(1.02861739017734E-13,1.,-5.68989300120813E-16));
#8804=DIRECTION('ref_axis',(-4.93736128092536E-15,5.03363828962324E-16,
1.));
#8805=DIRECTION('center_axis',(-0.866025403784436,8.8847183325003E-14,-0.500000000000004));
#8806=DIRECTION('ref_axis',(-0.500000000000004,5.19236286972534E-14,0.866025403784436));
#8807=DIRECTION('',(-1.02848285443713E-13,-1.,4.44089209850464E-16));
#8808=DIRECTION('',(1.02848285443713E-13,1.,-4.44089209850464E-16));
#8809=DIRECTION('',(0.500000000000004,-5.19236286972534E-14,-0.866025403784436));
#8810=DIRECTION('',(1.02848285443713E-13,1.,-4.44089209850464E-16));
#8811=DIRECTION('',(-0.500000000000004,5.19236286972534E-14,0.866025403784436));
#8812=DIRECTION('center_axis',(-1.02848285443713E-13,-1.,4.44089209850464E-16));
#8813=DIRECTION('ref_axis',(-1.,1.02504525814572E-13,-4.65929662793511E-15));
#8814=DIRECTION('center_axis',(1.02848285443713E-13,1.,-4.44089209849976E-16));
#8815=DIRECTION('ref_axis',(-0.866025403784442,8.9291272534854E-14,0.499999999999993));
#8816=DIRECTION('center_axis',(-1.02848285443713E-13,-1.,4.44089209850464E-16));
#8817=DIRECTION('ref_axis',(-0.866025403784442,8.92912725348541E-14,0.499999999999993));
#8818=DIRECTION('center_axis',(1.02848285443713E-13,1.,-4.44089209850464E-16));
#8819=DIRECTION('ref_axis',(-4.93736128092536E-15,5.09714681009969E-16,
1.));
#8820=DIRECTION('center_axis',(-1.02848285443713E-13,-1.,4.44089209850464E-16));
#8821=DIRECTION('ref_axis',(4.93736128092536E-15,-4.44089209850971E-16,
-1.));
#8822=DIRECTION('center_axis',(-4.93736128092536E-15,4.44089209850971E-16,
1.));
#8823=DIRECTION('ref_axis',(1.,-1.02861739017734E-13,4.93736128092541E-15));
#8824=DIRECTION('',(1.,-1.02861739017734E-13,4.93736128092541E-15));
#8825=DIRECTION('',(-1.02848285443713E-13,-1.,4.44089209850464E-16));
#8826=DIRECTION('',(-1.,1.02861739017734E-13,-4.93736128092541E-15));
#8827=DIRECTION('',(-1.02848285443713E-13,-1.,4.44089209850464E-16));
#8828=DIRECTION('',(1.02848285443713E-13,1.,-4.44089209850464E-16));
#8829=DIRECTION('center_axis',(-1.02848285443713E-13,-1.,4.44089209850464E-16));
#8830=DIRECTION('ref_axis',(-1.,1.02504525814572E-13,-4.65929662793511E-15));
#8831=DIRECTION('center_axis',(1.02848285443713E-13,1.,-4.44089209850464E-16));
#8832=DIRECTION('ref_axis',(-7.79010280690617E-15,4.44089209850777E-16,
1.));
#8833=DIRECTION('center_axis',(-1.02848285443713E-13,-1.,4.44089209849976E-16));
#8834=DIRECTION('ref_axis',(-7.84712738754228E-15,4.44089209850783E-16,
1.));
#8835=DIRECTION('center_axis',(-1.02848285443713E-13,-1.,4.44089209850464E-16));
#8836=DIRECTION('ref_axis',(-4.93736128092536E-15,5.03363828962324E-16,
1.));
#8837=DIRECTION('center_axis',(1.02861739017734E-13,1.,-5.68989300120813E-16));
#8838=DIRECTION('ref_axis',(-4.93736128092536E-15,5.03363828962324E-16,
1.));
#8839=DIRECTION('center_axis',(-0.866025403784441,8.92912725348539E-14,
0.499999999999996));
#8840=DIRECTION('ref_axis',(0.499999999999996,-5.09381103204802E-14,0.866025403784441));
#8841=DIRECTION('',(-1.02848285443713E-13,-1.,4.44089209850464E-16));
#8842=DIRECTION('',(1.02848285443713E-13,1.,-4.44089209850464E-16));
#8843=DIRECTION('',(-0.499999999999996,5.09381103204802E-14,-0.866025403784441));
#8844=DIRECTION('',(1.02848285443713E-13,1.,-4.44089209850464E-16));
#8845=DIRECTION('',(0.499999999999996,-5.09381103204802E-14,0.866025403784441));
#8846=DIRECTION('center_axis',(-1.02848285443713E-13,-1.,4.44089209850464E-16));
#8847=DIRECTION('ref_axis',(-1.,1.02504525814572E-13,-4.65929662793511E-15));
#8848=DIRECTION('center_axis',(1.02848285443713E-13,1.,-4.44089209849976E-16));
#8849=DIRECTION('ref_axis',(-1.08162123606378E-14,4.44089209851088E-16,
1.));
#8850=DIRECTION('center_axis',(-1.02848285443713E-13,-1.,4.44089209850464E-16));
#8851=DIRECTION('ref_axis',(-1.07021631993656E-14,4.44089209851076E-16,
1.));
#8852=DIRECTION('center_axis',(1.02848285443713E-13,1.,-4.44089209850464E-16));
#8853=DIRECTION('ref_axis',(-4.93736128092536E-15,5.09714681009969E-16,
1.));
#8854=DIRECTION('center_axis',(-1.02848285443713E-13,-1.,4.44089209850464E-16));
#8855=DIRECTION('ref_axis',(4.93736128092536E-15,-4.44089209850971E-16,
-1.));
#8856=DIRECTION('center_axis',(-1.02848285443713E-13,-1.,4.44089209850464E-16));
#8857=DIRECTION('ref_axis',(-1.,1.02504525814572E-13,-4.65929662793511E-15));
#8858=DIRECTION('center_axis',(1.02848285443713E-13,1.,-4.44089209850464E-16));
#8859=DIRECTION('ref_axis',(0.866025403784434,-8.88471833250032E-14,0.500000000000008));
#8860=DIRECTION('center_axis',(-1.02848285443713E-13,-1.,4.44089209849976E-16));
#8861=DIRECTION('ref_axis',(0.866025403784434,-8.88471833250032E-14,0.500000000000008));
#8862=DIRECTION('center_axis',(-1.02848285443713E-13,-1.,4.44089209850464E-16));
#8863=DIRECTION('ref_axis',(-4.93736128092536E-15,4.44089209850972E-16,
1.));
#8864=DIRECTION('',(1.02848285443713E-13,1.,-4.44089209850464E-16));
#8865=DIRECTION('center_axis',(-1.02848285443713E-13,-1.,4.44089209850464E-16));
#8866=DIRECTION('ref_axis',(0.866025403784434,-8.88471833250032E-14,0.500000000000008));
#8867=DIRECTION('',(-1.02848285443713E-13,-1.,4.44089209850464E-16));
#8868=DIRECTION('center_axis',(0.866025403784441,-8.92912725348539E-14,
-0.499999999999996));
#8869=DIRECTION('ref_axis',(-0.499999999999996,5.09381103204802E-14,-0.866025403784441));
#8870=DIRECTION('',(-0.499999999999996,5.09381103204802E-14,-0.866025403784441));
#8871=DIRECTION('',(-1.02848285443713E-13,-1.,4.44089209850464E-16));
#8872=DIRECTION('',(0.499999999999996,-5.09381103204802E-14,0.866025403784441));
#8873=DIRECTION('',(-1.02848285443713E-13,-1.,4.44089209850464E-16));
#8874=DIRECTION('center_axis',(-1.02848285443713E-13,-1.,4.44089209850464E-16));
#8875=DIRECTION('ref_axis',(-1.,1.02504525814572E-13,-4.65929662793511E-15));
#8876=DIRECTION('center_axis',(1.02848285443713E-13,1.,-4.44089209849976E-16));
#8877=DIRECTION('ref_axis',(0.866025403784434,-8.88471833250032E-14,0.500000000000008));
#8878=DIRECTION('center_axis',(1.02848285443713E-13,1.,-4.44089209850464E-16));
#8879=DIRECTION('ref_axis',(-4.93736128092536E-15,5.09714681009969E-16,
1.));
#8880=DIRECTION('center_axis',(-1.02848285443713E-13,-1.,4.44089209850464E-16));
#8881=DIRECTION('ref_axis',(4.93736128092536E-15,-4.44089209850971E-16,
-1.));
#8882=DIRECTION('center_axis',(-1.02848285443713E-13,-1.,4.44089209850464E-16));
#8883=DIRECTION('ref_axis',(-1.,1.02504525814572E-13,-4.65929662793511E-15));
#8884=DIRECTION('center_axis',(1.02848285443713E-13,1.,-4.44089209850464E-16));
#8885=DIRECTION('ref_axis',(-0.866025403784438,8.88471833250036E-14,-0.500000000000001));
#8886=DIRECTION('center_axis',(-1.02848285443713E-13,-1.,4.44089209849976E-16));
#8887=DIRECTION('ref_axis',(-0.866025403784438,8.88471833250036E-14,-0.5));
#8888=DIRECTION('center_axis',(-1.02848285443713E-13,-1.,4.44089209850464E-16));
#8889=DIRECTION('ref_axis',(-4.93736128092536E-15,4.44089209850972E-16,
1.));
#8890=DIRECTION('',(1.02848285443713E-13,1.,-4.44089209850464E-16));
#8891=DIRECTION('center_axis',(-1.02848285443713E-13,-1.,4.44089209850464E-16));
#8892=DIRECTION('ref_axis',(-0.866025403784438,8.88471833250036E-14,-0.500000000000001));
#8893=DIRECTION('',(-1.02848285443713E-13,-1.,4.44089209850464E-16));
#8894=DIRECTION('center_axis',(-0.866025403784441,8.92912725348539E-14,
0.499999999999996));
#8895=DIRECTION('ref_axis',(0.499999999999996,-5.09381103204802E-14,0.866025403784441));
#8896=DIRECTION('',(0.499999999999996,-5.09381103204802E-14,0.866025403784441));
#8897=DIRECTION('',(-1.02848285443713E-13,-1.,4.44089209850464E-16));
#8898=DIRECTION('',(-0.499999999999996,5.09381103204802E-14,-0.866025403784441));
#8899=DIRECTION('',(-1.02848285443713E-13,-1.,4.44089209850464E-16));
#8900=DIRECTION('center_axis',(-1.02848285443713E-13,-1.,4.44089209850464E-16));
#8901=DIRECTION('ref_axis',(-1.,1.02504525814572E-13,-4.65929662793511E-15));
#8902=DIRECTION('center_axis',(1.02848285443713E-13,1.,-4.44089209849976E-16));
#8903=DIRECTION('ref_axis',(-0.866025403784438,8.88471833250036E-14,-0.500000000000001));
#8904=DIRECTION('center_axis',(1.02848285443713E-13,1.,-4.44089209850464E-16));
#8905=DIRECTION('ref_axis',(-4.93736128092536E-15,5.09714681009969E-16,
1.));
#8906=DIRECTION('center_axis',(-1.02848285443713E-13,-1.,4.44089209850464E-16));
#8907=DIRECTION('ref_axis',(4.93736128092536E-15,-4.44089209850971E-16,
-1.));
#8908=DIRECTION('center_axis',(-1.02848285443713E-13,-1.,4.44089209850464E-16));
#8909=DIRECTION('ref_axis',(-1.,1.02504525814572E-13,-4.65929662793511E-15));
#8910=DIRECTION('center_axis',(1.02848285443713E-13,1.,-4.44089209850464E-16));
#8911=DIRECTION('ref_axis',(-9.46078370472083E-16,-4.44089209849878E-16,
-1.));
#8912=DIRECTION('center_axis',(-1.02848285443713E-13,-1.,4.44089209849976E-16));
#8913=DIRECTION('ref_axis',(-1.0601275317443E-15,-4.44089209849866E-16,
-1.));
#8914=DIRECTION('center_axis',(-1.02848285443713E-13,-1.,4.44089209850464E-16));
#8915=DIRECTION('ref_axis',(3.03853976161038E-15,-4.44089209850776E-16,
-1.));
#8916=DIRECTION('',(1.02848285443713E-13,1.,-4.44089209850464E-16));
#8917=DIRECTION('center_axis',(-1.02848285443713E-13,-1.,4.44089209850464E-16));
#8918=DIRECTION('ref_axis',(-9.46078370472096E-16,-4.44089209849878E-16,
-1.));
#8919=DIRECTION('',(-1.02848285443713E-13,-1.,4.44089209850464E-16));
#8920=DIRECTION('center_axis',(-0.866025403784436,8.8847183325003E-14,-0.500000000000004));
#8921=DIRECTION('ref_axis',(-0.500000000000004,5.19236286972534E-14,0.866025403784436));
#8922=DIRECTION('',(-0.500000000000004,5.19236286972534E-14,0.866025403784436));
#8923=DIRECTION('',(-1.02848285443713E-13,-1.,4.44089209850464E-16));
#8924=DIRECTION('',(0.500000000000004,-5.19236286972534E-14,-0.866025403784436));
#8925=DIRECTION('',(-1.02848285443713E-13,-1.,4.44089209850464E-16));
#8926=DIRECTION('center_axis',(-1.02848285443713E-13,-1.,4.44089209850464E-16));
#8927=DIRECTION('ref_axis',(-1.,1.02504525814572E-13,-4.65929662793511E-15));
#8928=DIRECTION('center_axis',(1.02848285443713E-13,1.,-4.44089209849976E-16));
#8929=DIRECTION('ref_axis',(-1.06012753174433E-15,-4.44089209849866E-16,
-1.));
#8930=DIRECTION('center_axis',(1.02848285443713E-13,1.,-4.44089209850464E-16));
#8931=DIRECTION('ref_axis',(-9.5826312704018E-16,-3.78463738691368E-16,
-1.));
#8932=DIRECTION('center_axis',(-1.02848285443713E-13,-1.,4.44089209850464E-16));
#8933=DIRECTION('ref_axis',(4.93736128092536E-15,-4.44089209850971E-16,
-1.));
#8934=DIRECTION('center_axis',(-1.02848285443713E-13,-1.,4.44089209850464E-16));
#8935=DIRECTION('ref_axis',(-1.,1.02504525814572E-13,-4.65929662793511E-15));
#8936=DIRECTION('center_axis',(1.02848285443713E-13,1.,-4.44089209850464E-16));
#8937=DIRECTION('ref_axis',(0.866025403784441,-8.92912725348539E-14,-0.499999999999996));
#8938=DIRECTION('center_axis',(-1.02848285443713E-13,-1.,4.44089209849976E-16));
#8939=DIRECTION('ref_axis',(0.866025403784441,-8.92912725348539E-14,-0.499999999999996));
#8940=DIRECTION('center_axis',(-1.02848285443713E-13,-1.,4.44089209850464E-16));
#8941=DIRECTION('ref_axis',(-4.93736128092536E-15,5.03363828962324E-16,
1.));
#8942=DIRECTION('center_axis',(1.02861739017734E-13,1.,-5.68989300120813E-16));
#8943=DIRECTION('ref_axis',(-4.93736128092536E-15,5.03363828962324E-16,
1.));
#8944=DIRECTION('center_axis',(0.866025403784436,-8.8847183325003E-14,0.500000000000004));
#8945=DIRECTION('ref_axis',(0.500000000000004,-5.19236286972534E-14,-0.866025403784436));
#8946=DIRECTION('',(-1.02848285443713E-13,-1.,4.44089209850464E-16));
#8947=DIRECTION('',(1.02848285443713E-13,1.,-4.44089209850464E-16));
#8948=DIRECTION('',(-0.500000000000004,5.19236286972534E-14,0.866025403784436));
#8949=DIRECTION('',(1.02848285443713E-13,1.,-4.44089209850464E-16));
#8950=DIRECTION('',(0.500000000000004,-5.19236286972534E-14,-0.866025403784436));
#8951=DIRECTION('center_axis',(-1.02848285443713E-13,-1.,4.44089209850464E-16));
#8952=DIRECTION('ref_axis',(-1.,1.02504525814572E-13,-4.65929662793511E-15));
#8953=DIRECTION('center_axis',(1.02848285443713E-13,1.,-4.44089209849976E-16));
#8954=DIRECTION('ref_axis',(0.86602540378444,-8.92912725348539E-14,-0.499999999999997));
#8955=DIRECTION('center_axis',(-1.02848285443713E-13,-1.,4.44089209850464E-16));
#8956=DIRECTION('ref_axis',(0.86602540378444,-8.92912725348538E-14,-0.499999999999997));
#8957=DIRECTION('center_axis',(1.02848285443713E-13,1.,-4.44089209850464E-16));
#8958=DIRECTION('ref_axis',(-4.93736128092536E-15,5.09714681009969E-16,
1.));
#8959=DIRECTION('center_axis',(-1.02848285443713E-13,-1.,4.44089209850464E-16));
#8960=DIRECTION('ref_axis',(4.93736128092536E-15,-4.44089209850971E-16,
-1.));
#8961=DIRECTION('center_axis',(1.02848285443713E-13,1.,-4.44089209849976E-16));
#8962=DIRECTION('ref_axis',(-4.93736128092536E-15,4.95387461212008E-16,
1.));
#8963=DIRECTION('center_axis',(-1.02861739017734E-13,-1.,5.68989300120813E-16));
#8964=DIRECTION('ref_axis',(-4.93736128092536E-15,4.95387461212008E-16,
1.));
#8965=DIRECTION('center_axis',(1.02861739017734E-13,1.,-5.68989300120813E-16));
#8966=DIRECTION('ref_axis',(-4.93736128092536E-15,4.44089209850972E-16,
1.));
#8967=DIRECTION('center_axis',(-1.02861739017734E-13,-1.,5.68989300120813E-16));
#8968=DIRECTION('ref_axis',(4.93736128092535E-15,-5.68989300121321E-16,
-1.));
#8969=DIRECTION('center_axis',(-1.02861739017734E-13,-1.,5.68989300120813E-16));
#8970=DIRECTION('ref_axis',(-4.87804241444672E-15,4.44089209850477E-16,
1.));
#8971=DIRECTION('',(-1.,1.02861739017734E-13,-4.93736128092541E-15));
#8972=DIRECTION('center_axis',(-1.02861739017734E-13,-1.,5.68989300120813E-16));
#8973=DIRECTION('ref_axis',(4.93736128092536E-15,-4.44089209850971E-16,
-1.));
#8974=DIRECTION('',(-0.500000000000004,5.19236286972534E-14,0.866025403784436));
#8975=DIRECTION('center_axis',(-1.02861739017734E-13,-1.,5.68989300120813E-16));
#8976=DIRECTION('ref_axis',(-4.93736128092536E-15,4.95387461212008E-16,
1.));
#8977=DIRECTION('center_axis',(-1.02861739017734E-13,-1.,5.68989300120813E-16));
#8978=DIRECTION('ref_axis',(4.93736128092536E-15,-4.44089209850971E-16,
-1.));
#8979=DIRECTION('center_axis',(-1.02861739017734E-13,-1.,5.68989300120813E-16));
#8980=DIRECTION('ref_axis',(4.93736128092535E-15,-4.95387461212008E-16,
-1.));
#8981=DIRECTION('',(1.,-1.02861739017734E-13,4.93736128092541E-15));
#8982=DIRECTION('center_axis',(-1.02861739017734E-13,-1.,5.68989300120813E-16));
#8983=DIRECTION('ref_axis',(4.93736128092536E-15,-4.44089209850971E-16,
-1.));
#8984=DIRECTION('center_axis',(-1.02861739017734E-13,-1.,5.68989300120813E-16));
#8985=DIRECTION('ref_axis',(4.93736128092536E-15,-4.95387461212008E-16,
-1.));
#8986=DIRECTION('',(0.499999999999996,-5.09381103204802E-14,0.866025403784441));
#8987=DIRECTION('center_axis',(-1.02861739017734E-13,-1.,5.68989300120813E-16));
#8988=DIRECTION('ref_axis',(4.93736128092536E-15,-4.44089209850971E-16,
-1.));
#8989=DIRECTION('',(1.,-1.02861739017734E-13,4.93736128092541E-15));
#8990=DIRECTION('center_axis',(-1.02861739017734E-13,-1.,5.68989300120813E-16));
#8991=DIRECTION('ref_axis',(4.93736128092535E-15,-4.95387461212008E-16,
-1.));
#8992=DIRECTION('center_axis',(-1.02861739017734E-13,-1.,5.68989300120813E-16));
#8993=DIRECTION('ref_axis',(4.93736128092536E-15,-4.44089209850971E-16,
-1.));
#8994=DIRECTION('center_axis',(-1.02861739017734E-13,-1.,5.68989300120813E-16));
#8995=DIRECTION('ref_axis',(-4.93736128092536E-15,4.95387461212008E-16,
1.));
#8996=DIRECTION('',(-1.,1.02861739017734E-13,-4.93736128092541E-15));
#8997=DIRECTION('center_axis',(-1.02861739017734E-13,-1.,5.68989300120813E-16));
#8998=DIRECTION('ref_axis',(4.93736128092536E-15,-4.44089209850971E-16,
-1.));
#8999=DIRECTION('center_axis',(1.02848285443713E-13,1.,-4.44089209849976E-16));
#9000=DIRECTION('ref_axis',(-4.93736128092536E-15,4.95387461212008E-16,
1.));
#9001=DIRECTION('center_axis',(1.02861739017734E-13,1.,-5.68989300120813E-16));
#9002=DIRECTION('ref_axis',(-4.93736128092536E-15,4.44089209850972E-16,
1.));
#9003=DIRECTION('center_axis',(1.02848285443713E-13,1.,-4.44089209849976E-16));
#9004=DIRECTION('ref_axis',(4.93736128092535E-15,-4.95387461212008E-16,
-1.));
#9005=DIRECTION('center_axis',(1.02861739017734E-13,1.,-5.68989300120813E-16));
#9006=DIRECTION('ref_axis',(4.93736128092536E-15,-4.44089209850972E-16,
-1.));
#9007=DIRECTION('center_axis',(1.02848285443713E-13,1.,-4.44089209849976E-16));
#9008=DIRECTION('ref_axis',(4.93736128092536E-15,-4.95387461212008E-16,
-1.));
#9009=DIRECTION('center_axis',(1.02861739017734E-13,1.,-5.68989300120813E-16));
#9010=DIRECTION('ref_axis',(4.93736128092536E-15,-4.44089209850972E-16,
-1.));
#9011=DIRECTION('center_axis',(1.02848285443713E-13,1.,-4.44089209849976E-16));
#9012=DIRECTION('ref_axis',(-4.93736128092536E-15,4.95387461212007E-16,
1.));
#9013=DIRECTION('center_axis',(1.02861739017734E-13,1.,-5.68989300120813E-16));
#9014=DIRECTION('ref_axis',(-4.93736128092536E-15,4.44089209850972E-16,
1.));
#9015=DIRECTION('center_axis',(1.02848285443713E-13,1.,-4.44089209849976E-16));
#9016=DIRECTION('ref_axis',(4.93736128092535E-15,-4.95387461212008E-16,
-1.));
#9017=DIRECTION('center_axis',(1.02861739017734E-13,1.,-5.68989300120813E-16));
#9018=DIRECTION('ref_axis',(4.93736128092536E-15,-4.44089209850972E-16,
-1.));
#9019=DIRECTION('center_axis',(1.02848285443713E-13,1.,-4.44089209849976E-16));
#9020=DIRECTION('ref_axis',(4.93736128092536E-15,-4.95387461212008E-16,
-1.));
#9021=DIRECTION('center_axis',(-1.02861739017734E-13,-1.,5.68989300120813E-16));
#9022=DIRECTION('ref_axis',(4.93736128092536E-15,-4.95387461212008E-16,
-1.));
#9023=DIRECTION('center_axis',(1.02861739017734E-13,1.,-5.68989300120813E-16));
#9024=DIRECTION('ref_axis',(4.93736128092537E-15,-4.44089209850972E-16,
-1.));
#9025=DIRECTION('center_axis',(-1.02861739017734E-13,-1.,5.68989300120813E-16));
#9026=DIRECTION('ref_axis',(4.93736128092535E-15,-5.68989300121321E-16,
-1.));
#9027=DIRECTION('center_axis',(-1.02861739017734E-13,-1.,5.68989300120813E-16));
#9028=DIRECTION('ref_axis',(-4.87804241444672E-15,4.44089209850477E-16,
1.));
#9029=DIRECTION('',(-1.,1.02861739017734E-13,-4.93736128092541E-15));
#9030=DIRECTION('center_axis',(-1.02861739017734E-13,-1.,5.68989300120813E-16));
#9031=DIRECTION('ref_axis',(-4.93736128092536E-15,4.95387461212008E-16,
1.));
#9032=DIRECTION('center_axis',(-1.02861739017734E-13,-1.,5.68989300120813E-16));
#9033=DIRECTION('ref_axis',(4.93736128092537E-15,-4.44089209850971E-16,
-1.));
#9034=DIRECTION('',(-0.500000000000004,5.19236286972534E-14,0.866025403784436));
#9035=DIRECTION('center_axis',(-1.02861739017734E-13,-1.,5.68989300120813E-16));
#9036=DIRECTION('ref_axis',(-4.93736128092536E-15,4.95387461212007E-16,
1.));
#9037=DIRECTION('center_axis',(-1.02861739017734E-13,-1.,5.68989300120813E-16));
#9038=DIRECTION('ref_axis',(4.93736128092537E-15,-4.44089209850971E-16,
-1.));
#9039=DIRECTION('center_axis',(-1.02861739017734E-13,-1.,5.68989300120813E-16));
#9040=DIRECTION('ref_axis',(4.93736128092536E-15,-4.95387461212008E-16,
-1.));
#9041=DIRECTION('',(1.,-1.02861739017734E-13,4.93736128092541E-15));
#9042=DIRECTION('center_axis',(-1.02861739017734E-13,-1.,5.68989300120813E-16));
#9043=DIRECTION('ref_axis',(4.93736128092537E-15,-4.44089209850971E-16,
-1.));
#9044=DIRECTION('center_axis',(-1.02861739017734E-13,-1.,5.68989300120813E-16));
#9045=DIRECTION('ref_axis',(4.93736128092536E-15,-4.95387461212007E-16,
-1.));
#9046=DIRECTION('',(0.499999999999996,-5.09381103204802E-14,0.866025403784441));
#9047=DIRECTION('center_axis',(-1.02861739017734E-13,-1.,5.68989300120813E-16));
#9048=DIRECTION('ref_axis',(4.93736128092537E-15,-4.44089209850971E-16,
-1.));
#9049=DIRECTION('',(1.,-1.02861739017734E-13,4.93736128092541E-15));
#9050=DIRECTION('center_axis',(-1.02861739017734E-13,-1.,5.68989300120813E-16));
#9051=DIRECTION('ref_axis',(4.93736128092537E-15,-4.44089209850971E-16,
-1.));
#9052=DIRECTION('center_axis',(-1.02861739017734E-13,-1.,5.68989300120813E-16));
#9053=DIRECTION('ref_axis',(-4.93736128092536E-15,4.95387461212008E-16,
1.));
#9054=DIRECTION('',(-1.,1.02861739017734E-13,-4.93736128092541E-15));
#9055=DIRECTION('center_axis',(-1.02861739017734E-13,-1.,5.68989300120813E-16));
#9056=DIRECTION('ref_axis',(4.93736128092537E-15,-4.44089209850971E-16,
-1.));
#9057=DIRECTION('center_axis',(1.02848285443713E-13,1.,-4.44089209849976E-16));
#9058=DIRECTION('ref_axis',(4.93736128092536E-15,-4.95387461212008E-16,
-1.));
#9059=DIRECTION('center_axis',(1.02861739017734E-13,1.,-5.68989300120813E-16));
#9060=DIRECTION('ref_axis',(4.93736128092537E-15,-4.44089209850972E-16,
-1.));
#9061=DIRECTION('center_axis',(1.02848285443713E-13,1.,-4.44089209849976E-16));
#9062=DIRECTION('ref_axis',(4.93736128092536E-15,-4.95387461212008E-16,
-1.));
#9063=DIRECTION('center_axis',(1.02861739017734E-13,1.,-5.68989300120813E-16));
#9064=DIRECTION('ref_axis',(4.93736128092537E-15,-4.44089209850972E-16,
-1.));
#9065=DIRECTION('center_axis',(1.02848285443713E-13,1.,-4.44089209849976E-16));
#9066=DIRECTION('ref_axis',(-4.93736128092536E-15,4.95387461212008E-16,
1.));
#9067=DIRECTION('center_axis',(1.02861739017734E-13,1.,-5.68989300120813E-16));
#9068=DIRECTION('ref_axis',(-4.93736128092537E-15,4.44089209850972E-16,
1.));
#9069=DIRECTION('center_axis',(1.02848285443713E-13,1.,-4.44089209849976E-16));
#9070=DIRECTION('ref_axis',(-4.93736128092536E-15,4.95387461212008E-16,
1.));
#9071=DIRECTION('center_axis',(1.02861739017734E-13,1.,-5.68989300120813E-16));
#9072=DIRECTION('ref_axis',(-4.93736128092537E-15,4.44089209850972E-16,
1.));
#9073=DIRECTION('center_axis',(1.02848285443713E-13,1.,-4.44089209849976E-16));
#9074=DIRECTION('ref_axis',(-4.93736128092536E-15,4.95387461212007E-16,
1.));
#9075=DIRECTION('center_axis',(1.02861739017734E-13,1.,-5.68989300120813E-16));
#9076=DIRECTION('ref_axis',(-4.93736128092537E-15,4.44089209850972E-16,
1.));
#9077=DIRECTION('center_axis',(1.02848285443713E-13,1.,-4.44089209849976E-16));
#9078=DIRECTION('ref_axis',(-4.93736128092536E-15,4.95387461212008E-16,
1.));
#9079=DIRECTION('center_axis',(-1.02861739017734E-13,-1.,5.68989300120813E-16));
#9080=DIRECTION('ref_axis',(-4.93736128092536E-15,4.95387461212008E-16,
1.));
#9081=DIRECTION('center_axis',(1.02861739017734E-13,1.,-5.68989300120813E-16));
#9082=DIRECTION('ref_axis',(-4.93736128092537E-15,4.44089209850971E-16,
1.));
#9083=DIRECTION('center_axis',(-1.02861739017734E-13,-1.,5.68989300120813E-16));
#9084=DIRECTION('ref_axis',(4.93736128092536E-15,-5.68989300121321E-16,
-1.));
#9085=DIRECTION('center_axis',(-1.02861739017734E-13,-1.,5.68989300120813E-16));
#9086=DIRECTION('ref_axis',(-4.87804241444672E-15,4.44089209850477E-16,
1.));
#9087=DIRECTION('center_axis',(-1.02861739017734E-13,-1.,5.68989300120813E-16));
#9088=DIRECTION('ref_axis',(4.93736128092536E-15,-4.95387461212008E-16,
-1.));
#9089=DIRECTION('',(-0.500000000000004,5.19236286972534E-14,0.866025403784436));
#9090=DIRECTION('center_axis',(-1.02861739017734E-13,-1.,5.68989300120813E-16));
#9091=DIRECTION('ref_axis',(4.93736128092537E-15,-4.44089209850971E-16,
-1.));
#9092=DIRECTION('center_axis',(-1.02861739017734E-13,-1.,5.68989300120813E-16));
#9093=DIRECTION('ref_axis',(4.93736128092536E-15,-4.95387461212008E-16,
-1.));
#9094=DIRECTION('center_axis',(-1.02861739017734E-13,-1.,5.68989300120813E-16));
#9095=DIRECTION('ref_axis',(4.93736128092537E-15,-4.44089209850971E-16,
-1.));
#9096=DIRECTION('center_axis',(-1.02861739017734E-13,-1.,5.68989300120813E-16));
#9097=DIRECTION('ref_axis',(-4.93736128092536E-15,4.95387461212008E-16,
1.));
#9098=DIRECTION('',(-0.499999999999996,5.09381103204802E-14,-0.866025403784441));
#9099=DIRECTION('center_axis',(-1.02861739017734E-13,-1.,5.68989300120813E-16));
#9100=DIRECTION('ref_axis',(4.93736128092537E-15,-4.44089209850971E-16,
-1.));
#9101=DIRECTION('',(0.499999999999996,-5.09381103204802E-14,0.866025403784441));
#9102=DIRECTION('center_axis',(-1.02861739017734E-13,-1.,5.68989300120813E-16));
#9103=DIRECTION('ref_axis',(4.93736128092537E-15,-4.44089209850971E-16,
-1.));
#9104=DIRECTION('center_axis',(-1.02861739017734E-13,-1.,5.68989300120813E-16));
#9105=DIRECTION('ref_axis',(4.93736128092536E-15,-4.95387461212008E-16,
-1.));
#9106=DIRECTION('',(0.499999999999996,-5.09381103204802E-14,0.866025403784441));
#9107=DIRECTION('center_axis',(-1.02861739017734E-13,-1.,5.68989300120813E-16));
#9108=DIRECTION('ref_axis',(4.93736128092537E-15,-4.44089209850971E-16,
-1.));
#9109=DIRECTION('',(-1.,1.02861739017734E-13,-4.93736128092541E-15));
#9110=DIRECTION('center_axis',(-1.02861739017734E-13,-1.,5.68989300120813E-16));
#9111=DIRECTION('ref_axis',(-4.93736128092536E-15,4.95387461212008E-16,
1.));
#9112=DIRECTION('center_axis',(-1.02861739017734E-13,-1.,5.68989300120813E-16));
#9113=DIRECTION('ref_axis',(4.93736128092537E-15,-4.44089209850971E-16,
-1.));
#9114=DIRECTION('center_axis',(1.02848285443713E-13,1.,-4.44089209849976E-16));
#9115=DIRECTION('ref_axis',(4.93736128092536E-15,-4.95387461212007E-16,
-1.));
#9116=DIRECTION('center_axis',(1.02861739017734E-13,1.,-5.68989300120813E-16));
#9117=DIRECTION('ref_axis',(4.93736128092537E-15,-4.44089209850971E-16,
-1.));
#9118=DIRECTION('center_axis',(1.02848285443713E-13,1.,-4.44089209849976E-16));
#9119=DIRECTION('ref_axis',(4.93736128092536E-15,-4.95387461212008E-16,
-1.));
#9120=DIRECTION('center_axis',(1.02861739017734E-13,1.,-5.68989300120813E-16));
#9121=DIRECTION('ref_axis',(4.93736128092537E-15,-4.44089209850971E-16,
-1.));
#9122=DIRECTION('center_axis',(1.02848285443713E-13,1.,-4.44089209849976E-16));
#9123=DIRECTION('ref_axis',(4.93736128092536E-15,-4.95387461212008E-16,
-1.));
#9124=DIRECTION('center_axis',(1.02861739017734E-13,1.,-5.68989300120813E-16));
#9125=DIRECTION('ref_axis',(4.93736128092537E-15,-4.44089209850971E-16,
-1.));
#9126=DIRECTION('center_axis',(1.02848285443713E-13,1.,-4.44089209849976E-16));
#9127=DIRECTION('ref_axis',(-4.93736128092536E-15,4.95387461212008E-16,
1.));
#9128=DIRECTION('center_axis',(1.02861739017734E-13,1.,-5.68989300120813E-16));
#9129=DIRECTION('ref_axis',(-4.93736128092537E-15,4.44089209850971E-16,
1.));
#9130=DIRECTION('center_axis',(1.02848285443713E-13,1.,-4.44089209849976E-16));
#9131=DIRECTION('ref_axis',(-4.93736128092536E-15,4.95387461212008E-16,
1.));
#9132=DIRECTION('center_axis',(1.02861739017734E-13,1.,-5.68989300120813E-16));
#9133=DIRECTION('ref_axis',(-4.93736128092537E-15,4.44089209850971E-16,
1.));
#9134=DIRECTION('center_axis',(1.02848285443713E-13,1.,-4.44089209849976E-16));
#9135=DIRECTION('ref_axis',(-4.93736128092536E-15,4.95387461212008E-16,
1.));
#9136=DIRECTION('center_axis',(-1.02861739017734E-13,-1.,5.68989300120813E-16));
#9137=DIRECTION('ref_axis',(-4.93736128092536E-15,4.95387461212007E-16,
1.));
#9138=DIRECTION('center_axis',(1.02861739017734E-13,1.,-5.68989300120813E-16));
#9139=DIRECTION('ref_axis',(-4.93736128092536E-15,4.44089209850972E-16,
1.));
#9140=DIRECTION('center_axis',(-1.02861739017734E-13,-1.,5.68989300120813E-16));
#9141=DIRECTION('ref_axis',(4.93736128092535E-15,-5.68989300121321E-16,
-1.));
#9142=DIRECTION('center_axis',(-1.02861739017734E-13,-1.,5.68989300120813E-16));
#9143=DIRECTION('ref_axis',(-4.87804241444672E-15,4.44089209850477E-16,
1.));
#9144=DIRECTION('center_axis',(-1.02861739017734E-13,-1.,5.68989300120813E-16));
#9145=DIRECTION('ref_axis',(4.93736128092536E-15,-4.95387461212007E-16,
-1.));
#9146=DIRECTION('',(0.499999999999996,-5.09381103204802E-14,0.866025403784441));
#9147=DIRECTION('center_axis',(-1.02861739017734E-13,-1.,5.68989300120813E-16));
#9148=DIRECTION('ref_axis',(4.93736128092536E-15,-4.44089209850971E-16,
-1.));
#9149=DIRECTION('center_axis',(-1.02861739017734E-13,-1.,5.68989300120813E-16));
#9150=DIRECTION('ref_axis',(-4.93736128092536E-15,4.95387461212008E-16,
1.));
#9151=DIRECTION('center_axis',(-1.02861739017734E-13,-1.,5.68989300120813E-16));
#9152=DIRECTION('ref_axis',(4.93736128092536E-15,-4.44089209850971E-16,
-1.));
#9153=DIRECTION('center_axis',(-1.02861739017734E-13,-1.,5.68989300120813E-16));
#9154=DIRECTION('ref_axis',(-4.93736128092536E-15,4.95387461212008E-16,
1.));
#9155=DIRECTION('',(-1.,1.02861739017734E-13,-4.93736128092541E-15));
#9156=DIRECTION('center_axis',(-1.02861739017734E-13,-1.,5.68989300120813E-16));
#9157=DIRECTION('ref_axis',(4.93736128092536E-15,-4.44089209850971E-16,
-1.));
#9158=DIRECTION('',(1.,-1.02861739017734E-13,4.93736128092541E-15));
#9159=DIRECTION('center_axis',(-1.02861739017734E-13,-1.,5.68989300120813E-16));
#9160=DIRECTION('ref_axis',(4.93736128092536E-15,-4.95387461212008E-16,
-1.));
#9161=DIRECTION('center_axis',(-1.02861739017734E-13,-1.,5.68989300120813E-16));
#9162=DIRECTION('ref_axis',(4.93736128092536E-15,-4.44089209850971E-16,
-1.));
#9163=DIRECTION('center_axis',(-1.02861739017734E-13,-1.,5.68989300120813E-16));
#9164=DIRECTION('ref_axis',(4.93736128092536E-15,-4.95387461212007E-16,
-1.));
#9165=DIRECTION('',(1.,-1.02861739017734E-13,4.93736128092541E-15));
#9166=DIRECTION('center_axis',(-1.02861739017734E-13,-1.,5.68989300120813E-16));
#9167=DIRECTION('ref_axis',(4.93736128092536E-15,-4.44089209850971E-16,
-1.));
#9168=DIRECTION('',(-0.500000000000004,5.19236286972534E-14,0.866025403784436));
#9169=DIRECTION('center_axis',(-1.02861739017734E-13,-1.,5.68989300120813E-16));
#9170=DIRECTION('ref_axis',(4.93736128092536E-15,-4.44089209850971E-16,
-1.));
#9171=DIRECTION('center_axis',(1.02848285443713E-13,1.,-4.44089209849976E-16));
#9172=DIRECTION('ref_axis',(-4.93736128092536E-15,4.95387461212008E-16,
1.));
#9173=DIRECTION('center_axis',(1.02861739017734E-13,1.,-5.68989300120813E-16));
#9174=DIRECTION('ref_axis',(-4.93736128092536E-15,4.44089209850972E-16,
1.));
#9175=DIRECTION('center_axis',(1.02848285443713E-13,1.,-4.44089209849976E-16));
#9176=DIRECTION('ref_axis',(4.93736128092536E-15,-4.95387461212008E-16,
-1.));
#9177=DIRECTION('center_axis',(1.02861739017734E-13,1.,-5.68989300120813E-16));
#9178=DIRECTION('ref_axis',(4.93736128092536E-15,-4.44089209850972E-16,
-1.));
#9179=DIRECTION('center_axis',(1.02848285443713E-13,1.,-4.44089209849976E-16));
#9180=DIRECTION('ref_axis',(4.93736128092536E-15,-4.95387461212008E-16,
-1.));
#9181=DIRECTION('center_axis',(1.02861739017734E-13,1.,-5.68989300120813E-16));
#9182=DIRECTION('ref_axis',(4.93736128092536E-15,-4.44089209850972E-16,
-1.));
#9183=DIRECTION('center_axis',(1.02848285443713E-13,1.,-4.44089209849976E-16));
#9184=DIRECTION('ref_axis',(4.93736128092536E-15,-4.95387461212007E-16,
-1.));
#9185=DIRECTION('center_axis',(1.02861739017734E-13,1.,-5.68989300120813E-16));
#9186=DIRECTION('ref_axis',(4.93736128092536E-15,-4.44089209850972E-16,
-1.));
#9187=DIRECTION('center_axis',(1.02848285443713E-13,1.,-4.44089209849976E-16));
#9188=DIRECTION('ref_axis',(-4.93736128092536E-15,4.95387461212008E-16,
1.));
#9189=DIRECTION('center_axis',(1.02861739017734E-13,1.,-5.68989300120813E-16));
#9190=DIRECTION('ref_axis',(-4.93736128092536E-15,4.44089209850972E-16,
1.));
#9191=DIRECTION('center_axis',(6.92018251164871E-14,0.707106781186546,0.707106781186549));
#9192=DIRECTION('ref_axis',(1.,-1.02744202035154E-13,4.8780424144468E-15));
#9193=DIRECTION('',(-7.61740169410187E-14,-0.707106781188474,0.707106781184621));
#9194=DIRECTION('',(1.,-1.0273726314125E-13,4.87110352054286E-15));
#9195=DIRECTION('',(7.61740169410188E-14,0.707106781188475,-0.70710678118462));
#9196=DIRECTION('',(-1.,1.0273726314125E-13,-4.87110352054286E-15));
#9197=DIRECTION('center_axis',(-1.02848285443713E-13,-1.,4.44089209849976E-16));
#9198=DIRECTION('ref_axis',(-4.87110352054321E-15,1.0455515589805E-15,1.));
#9199=DIRECTION('center_axis',(-1.0273726314125E-13,-1.,4.44089209850463E-16));
#9200=DIRECTION('ref_axis',(-4.87110352054302E-15,2.88531874455319E-15,
1.));
#9201=DIRECTION('',(-6.92754232004883E-14,-0.707106781186549,-0.707106781186546));
#9202=DIRECTION('center_axis',(1.0273726314125E-13,1.,-4.44089209850463E-16));
#9203=DIRECTION('ref_axis',(-4.87110352054327E-15,4.44089209850964E-16,
1.));
#9204=DIRECTION('center_axis',(7.60906057789621E-14,0.707106781186546,-0.707106781186549));
#9205=DIRECTION('ref_axis',(1.,-1.02730324247346E-13,4.8780424144468E-15));
#9206=DIRECTION('',(-6.92754232002809E-14,-0.707106781184624,-0.707106781188471));
#9207=DIRECTION('',(-1.,1.0273726314125E-13,-4.87110352054286E-15));
#9208=DIRECTION('',(1.,-1.0273726314125E-13,4.87110352054286E-15));
#9209=DIRECTION('center_axis',(-1.02848285443713E-13,-1.,4.44089209849976E-16));
#9210=DIRECTION('ref_axis',(-4.87110352054281E-15,4.44089209850843E-16,
1.));
#9211=DIRECTION('center_axis',(-1.0273726314125E-13,-1.,4.44089209850463E-16));
#9212=DIRECTION('ref_axis',(-4.87110352054281E-15,4.44089209850476E-16,
1.));
#9213=DIRECTION('center_axis',(1.0273726314125E-13,1.,-4.44089209850463E-16));
#9214=DIRECTION('ref_axis',(-4.87110352054282E-15,4.44089209850964E-16,
1.));
#9215=DIRECTION('center_axis',(1.02497974479092E-13,1.,-2.88531874455269E-15));
#9216=DIRECTION('ref_axis',(-4.87110352054302E-15,2.88531874455319E-15,
1.));
#9217=DIRECTION('',(1.02497974479092E-13,1.,-2.88531874455269E-15));
#9218=DIRECTION('center_axis',(1.02570729687556E-13,1.,-2.8865798641827E-15));
#9219=DIRECTION('ref_axis',(-1.,1.02562566282964E-13,-4.97600326951448E-15));
#9220=DIRECTION('',(1.02497974479092E-13,1.,-2.88531874455269E-15));
#9221=DIRECTION('center_axis',(-4.87110352054282E-15,4.32967405228089E-16,
1.));
#9222=DIRECTION('ref_axis',(-1.,1.02792774292482E-13,-4.87110352054286E-15));
#9223=DIRECTION('',(-1.02848285443713E-13,-1.,4.44089209849975E-16));
#9224=DIRECTION('',(1.,-1.02570729687556E-13,4.87110352054286E-15));
#9225=DIRECTION('center_axis',(-1.0273726314125E-13,-1.,4.44089209850463E-16));
#9226=DIRECTION('ref_axis',(4.89192020225464E-15,-4.44089209850966E-16,
-1.));
#9227=DIRECTION('',(0.89544722059513,-9.21934909005368E-14,-0.445167693266768));
#9228=DIRECTION('',(1.92385008649399E-13,4.44089209830698E-16,1.));
#9229=DIRECTION('center_axis',(1.0273726314125E-13,1.,-4.44089209850463E-16));
#9230=DIRECTION('ref_axis',(-4.89192020225465E-15,4.44089209850966E-16,
1.));
#9231=DIRECTION('',(1.92385008649399E-13,4.44089209830698E-16,1.));
#9232=DIRECTION('center_axis',(1.0273726314125E-13,1.,-4.44089209850463E-16));
#9233=DIRECTION('ref_axis',(4.89192020225464E-15,-4.44089209850966E-16,
-1.));
#9234=DIRECTION('',(1.,-1.0273726314125E-13,-2.06946183053192E-13));
#9235=DIRECTION('center_axis',(1.0273726314125E-13,1.,-4.44089209850463E-16));
#9236=DIRECTION('ref_axis',(4.89192020225465E-15,-4.44089209850966E-16,
-1.));
#9237=DIRECTION('',(-2.22127699356149E-13,-4.44089209827642E-16,-1.));
#9238=DIRECTION('center_axis',(1.0273726314125E-13,1.,-4.44089209850463E-16));
#9239=DIRECTION('ref_axis',(-4.89192020225465E-15,4.44089209850966E-16,
1.));
#9240=DIRECTION('',(-1.,1.0273726314125E-13,2.07116122258102E-13));
#9241=DIRECTION('',(1.,-1.0273726314125E-13,4.87110352054286E-15));
#9242=DIRECTION('center_axis',(1.0273726314125E-13,1.,-4.44089209850463E-16));
#9243=DIRECTION('ref_axis',(4.87110352054281E-15,-4.44089209850963E-16,
-1.));
#9244=DIRECTION('',(-1.,1.0273726314125E-13,-4.87110352054286E-15));
#9245=DIRECTION('center_axis',(1.0273726314125E-13,1.,-4.44089209850463E-16));
#9246=DIRECTION('ref_axis',(-4.87110352054327E-15,4.44089209850964E-16,
1.));
#9247=DIRECTION('',(0.866025403784442,-8.91951244005349E-14,-0.499999999999995));
#9248=DIRECTION('center_axis',(-1.0273726314125E-13,-1.,4.44089209850463E-16));
#9249=DIRECTION('ref_axis',(8.29664274579531E-15,-4.44089209850829E-16,
-1.));
#9250=DIRECTION('',(0.866025403784436,-8.87510351906838E-14,0.500000000000005));
#9251=DIRECTION('center_axis',(-1.0273726314125E-13,-1.,4.44089209850463E-16));
#9252=DIRECTION('ref_axis',(0.866025403784441,-8.92912725348539E-14,-0.499999999999997));
#9253=DIRECTION('',(-5.28287666421174E-15,4.44089209851006E-16,1.));
#9254=DIRECTION('center_axis',(-1.0273726314125E-13,-1.,4.44089209850463E-16));
#9255=DIRECTION('ref_axis',(0.866025403784436,-8.88471833250034E-14,0.500000000000004));
#9256=DIRECTION('',(-0.866025403784441,8.91951244005348E-14,0.499999999999995));
#9257=DIRECTION('center_axis',(-1.0273726314125E-13,-1.,4.44089209850463E-16));
#9258=DIRECTION('ref_axis',(-4.87804241444675E-15,4.44089209850477E-16,
1.));
#9259=DIRECTION('',(-0.866025403784436,8.87510351906838E-14,-0.500000000000005));
#9260=DIRECTION('center_axis',(-1.0273726314125E-13,-1.,4.44089209850463E-16));
#9261=DIRECTION('ref_axis',(-0.866025403784442,8.9291272534854E-14,0.499999999999994));
#9262=DIRECTION('',(5.6877109139767E-15,-4.44089209851047E-16,-1.));
#9263=DIRECTION('center_axis',(-1.0273726314125E-13,-1.,4.44089209850463E-16));
#9264=DIRECTION('ref_axis',(-0.866025403784435,8.88471833250034E-14,-0.500000000000006));
#9265=DIRECTION('center_axis',(1.02570729687556E-13,1.,-2.8865798641827E-15));
#9266=DIRECTION('ref_axis',(1.,-1.08671241939781E-13,6.26949472729504E-15));
#9267=DIRECTION('center_axis',(1.,-1.02848285443713E-13,4.8780424144468E-15));
#9268=DIRECTION('ref_axis',(1.02848285443713E-13,1.,-2.66453525910041E-15));
#9269=DIRECTION('center_axis',(1.02570729687556E-13,1.,-2.8865798641827E-15));
#9270=DIRECTION('ref_axis',(1.,-1.02562566282964E-13,5.59642201866231E-15));
#9271=DIRECTION('center_axis',(1.,-1.02848285443713E-13,4.8780424144468E-15));
#9272=DIRECTION('ref_axis',(4.87804241444675E-15,-4.44089209850477E-16,
-1.));
#9273=DIRECTION('center_axis',(-1.02570729687556E-13,-1.,2.8865798641827E-15));
#9274=DIRECTION('ref_axis',(1.,-1.02570729687556E-13,5.59642201866231E-15));
#9275=DIRECTION('center_axis',(-1.,1.02570729687556E-13,-4.87110352054286E-15));
#9276=DIRECTION('ref_axis',(7.61740169408328E-14,0.707106781186577,-0.707106781186518));
#9277=DIRECTION('center_axis',(1.,-1.02848285443713E-13,4.8780424144468E-15));
#9278=DIRECTION('ref_axis',(4.87804241444675E-15,-4.44089209850477E-16,
-1.));
#9279=DIRECTION('',(1.,-1.02570729687556E-13,4.87110352054286E-15));
#9280=DIRECTION('',(-1.,1.02570729687556E-13,-4.87110352054286E-15));
#9281=DIRECTION('center_axis',(1.02570729687556E-13,1.,-2.8865798641827E-15));
#9282=DIRECTION('ref_axis',(-1.,1.08671241939781E-13,0.));
#9283=DIRECTION('center_axis',(-1.,1.02848285443713E-13,-4.8780424144468E-15));
#9284=DIRECTION('ref_axis',(-4.87804241444675E-15,4.44089209850477E-16,
1.));
#9285=DIRECTION('center_axis',(-1.02570729687556E-13,-1.,2.8865798641827E-15));
#9286=DIRECTION('ref_axis',(-1.,1.02570729687556E-13,-4.97600326951448E-15));
#9287=DIRECTION('center_axis',(1.,-1.02570729687556E-13,4.87110352054286E-15));
#9288=DIRECTION('ref_axis',(6.92754232004916E-14,0.707106781186579,0.707106781186516));
#9289=DIRECTION('',(-1.,1.02570729687556E-13,-4.87110352054286E-15));
#9290=DIRECTION('center_axis',(4.87110352054282E-15,-4.32967405228089E-16,
-1.));
#9291=DIRECTION('ref_axis',(1.,-1.02792774292482E-13,4.87110352054286E-15));
#9292=DIRECTION('',(-1.02848285443713E-13,-1.,4.44089209849976E-16));
#9293=DIRECTION('center_axis',(-1.02848285443713E-13,-1.,4.44089209849976E-16));
#9294=DIRECTION('ref_axis',(-4.87110352054281E-15,4.44089209850476E-16,
1.));
#9295=DIRECTION('center_axis',(1.02570729687556E-13,1.,-2.8865798641827E-15));
#9296=DIRECTION('ref_axis',(-4.87110352054302E-15,2.8865798641832E-15,1.));
#9297=DIRECTION('center_axis',(6.92018251164871E-14,0.707106781186546,0.707106781186549));
#9298=DIRECTION('ref_axis',(1.,-1.02744202035154E-13,4.8780424144468E-15));
#9299=DIRECTION('',(-7.61740169408301E-14,-0.707106781186549,0.707106781186546));
#9300=DIRECTION('',(7.617401694083E-14,0.707106781186548,-0.707106781186547));
#9301=DIRECTION('',(-1.,1.0273726314125E-13,-4.87110352054286E-15));
#9302=DIRECTION('center_axis',(-1.02848285443713E-13,-1.,4.44089209849976E-16));
#9303=DIRECTION('ref_axis',(4.87110352054281E-15,-4.41349055088806E-16,
-1.));
#9304=DIRECTION('',(-6.92754232004883E-14,-0.70710678118655,-0.707106781186545));
#9305=DIRECTION('center_axis',(-1.0273726314125E-13,-1.,4.44089209850463E-16));
#9306=DIRECTION('ref_axis',(4.87110352054282E-15,-4.32967405228089E-16,
-1.));
#9307=DIRECTION('center_axis',(7.60906057789621E-14,0.707106781186546,-0.707106781186549));
#9308=DIRECTION('ref_axis',(1.,-1.02730324247346E-13,4.8780424144468E-15));
#9309=DIRECTION('',(-6.92754232004883E-14,-0.707106781186549,-0.707106781186546));
#9310=DIRECTION('',(1.,-1.0273726314125E-13,4.87110352054286E-15));
#9311=DIRECTION('center_axis',(-1.02848285443713E-13,-1.,4.44089209849976E-16));
#9312=DIRECTION('ref_axis',(-4.87110352054321E-15,1.0455515589805E-15,1.));
#9313=DIRECTION('center_axis',(-1.0273726314125E-13,-1.,4.44089209850463E-16));
#9314=DIRECTION('ref_axis',(-4.87110352054302E-15,2.88531874455319E-15,
1.));
#9315=DIRECTION('center_axis',(-1.02848285443713E-13,-1.,4.32967405227589E-16));
#9316=DIRECTION('ref_axis',(4.87110352054282E-15,-4.32967405228089E-16,
-1.));
#9317=DIRECTION('',(-1.02848285443713E-13,-1.,4.32967405227589E-16));
#9318=DIRECTION('center_axis',(1.02570729687556E-13,1.,-2.8865798641827E-15));
#9319=DIRECTION('ref_axis',(-1.,1.02562566282964E-13,-4.15966281023128E-15));
#9320=DIRECTION('',(-1.02848285443713E-13,-1.,4.32967405227589E-16));
#9321=DIRECTION('center_axis',(-4.87110352054282E-15,4.32967405228089E-16,
1.));
#9322=DIRECTION('ref_axis',(-1.,1.02792774292482E-13,-4.87110352054286E-15));
#9323=DIRECTION('',(1.02848285443713E-13,1.,-2.88531874455269E-15));
#9324=DIRECTION('',(1.,-1.02570729687556E-13,4.87110352054286E-15));
#9325=DIRECTION('center_axis',(-1.,1.02570729687556E-13,-4.87110352054286E-15));
#9326=DIRECTION('ref_axis',(7.61740169408328E-14,0.707106781186577,-0.707106781186518));
#9327=DIRECTION('center_axis',(-1.,1.02848285443713E-13,-4.8780424144468E-15));
#9328=DIRECTION('ref_axis',(1.02848285443713E-13,1.,-2.87270207621747E-15));
#9329=DIRECTION('',(-1.,1.02570729687556E-13,-4.87110352054286E-15));
#9330=DIRECTION('center_axis',(1.,-1.02848285443713E-13,4.8780424144468E-15));
#9331=DIRECTION('ref_axis',(4.87804241444675E-15,-4.44089209850477E-16,
-1.));
#9332=DIRECTION('',(1.,-1.02570729687556E-13,4.87110352054286E-15));
#9333=DIRECTION('center_axis',(1.02570729687556E-13,1.,-2.8865798641827E-15));
#9334=DIRECTION('ref_axis',(-1.,1.08671241939781E-13,-6.26949472729504E-15));
#9335=DIRECTION('center_axis',(-1.,1.02848285443713E-13,-4.8780424144468E-15));
#9336=DIRECTION('ref_axis',(-4.87804241444675E-15,4.44089209850477E-16,
1.));
#9337=DIRECTION('center_axis',(-1.02570729687556E-13,-1.,2.8865798641827E-15));
#9338=DIRECTION('ref_axis',(-1.,1.02570729687556E-13,-4.15966281023128E-15));
#9339=DIRECTION('center_axis',(1.,-1.02570729687556E-13,4.87110352054286E-15));
#9340=DIRECTION('ref_axis',(6.92754232004916E-14,0.707106781186579,0.707106781186516));
#9341=DIRECTION('center_axis',(-1.,1.02848285443713E-13,-4.8780424144468E-15));
#9342=DIRECTION('ref_axis',(-4.87804241444675E-15,4.44089209850477E-16,
1.));
#9343=DIRECTION('',(-1.,1.02570729687556E-13,-4.87110352054286E-15));
#9344=DIRECTION('center_axis',(-1.02570729687556E-13,-1.,2.8865798641827E-15));
#9345=DIRECTION('ref_axis',(1.,-1.08671241939781E-13,0.));
#9346=DIRECTION('center_axis',(1.02570729687556E-13,1.,-2.8865798641827E-15));
#9347=DIRECTION('ref_axis',(1.,-1.02562566282964E-13,4.78008155937911E-15));
#9348=DIRECTION('center_axis',(-1.02570729687556E-13,-1.,2.8865798641827E-15));
#9349=DIRECTION('ref_axis',(1.,-1.02570729687556E-13,4.78008155937911E-15));
#9350=DIRECTION('center_axis',(4.87110352054282E-15,-4.32967405228089E-16,
-1.));
#9351=DIRECTION('ref_axis',(1.,-1.02792774292482E-13,4.87110352054286E-15));
#9352=DIRECTION('',(1.02848285443713E-13,1.,-2.88531874455269E-15));
#9353=DIRECTION('center_axis',(1.02570729687556E-13,1.,-2.8865798641827E-15));
#9354=DIRECTION('ref_axis',(-4.87110352054302E-15,2.8865798641832E-15,1.));
#9355=DIRECTION('center_axis',(1.02848285443713E-13,1.,-2.88531874455269E-15));
#9356=DIRECTION('ref_axis',(-4.87110352054302E-15,2.88531874455319E-15,
1.));
#9357=DIRECTION('center_axis',(-4.93736128092536E-15,4.44089209850971E-16,
1.));
#9358=DIRECTION('ref_axis',(1.,-1.02861739017734E-13,4.93736128092541E-15));
#9359=DIRECTION('',(1.,-1.02861739017734E-13,4.93736128092541E-15));
#9360=DIRECTION('',(-1.02848285443713E-13,-1.,4.44089209850464E-16));
#9361=DIRECTION('',(-1.02848285443713E-13,-1.,4.44089209850464E-16));
#9362=DIRECTION('center_axis',(-4.93736128092536E-15,4.44089209850971E-16,
1.));
#9363=DIRECTION('ref_axis',(1.,-1.02861739017734E-13,4.93736128092541E-15));
#9364=DIRECTION('',(1.,-1.02861739017734E-13,4.93736128092541E-15));
#9365=DIRECTION('',(-1.02848285443713E-13,-1.,4.44089209850464E-16));
#9366=DIRECTION('',(-1.02848285443713E-13,-1.,4.44089209850464E-16));
#9367=DIRECTION('center_axis',(1.02848285443713E-13,1.,-4.44089209849976E-16));
#9368=DIRECTION('ref_axis',(1.,-1.02848285443713E-13,4.8780424144468E-15));
#9369=DIRECTION('',(-4.87804241444647E-15,4.44089209850967E-16,1.));
#9370=DIRECTION('',(0.715045269693421,-7.32307269385601E-14,0.699078151774937));
#9371=DIRECTION('',(-2.22141577143957E-13,-4.44089209827617E-16,-1.));
#9372=DIRECTION('',(0.895447220595128,-9.22929055127008E-14,-0.445167693266773));
#9373=DIRECTION('',(1.,-1.02848285443713E-13,-2.07007594818503E-13));
#9374=DIRECTION('',(-0.699078151774937,7.15814454123864E-14,-0.715045269693422));
#9375=DIRECTION('',(-1.,1.02848285443713E-13,-4.87804241444686E-15));
#9376=DIRECTION('',(-0.699078151774938,7.22165331900374E-14,0.715045269693421));
#9377=DIRECTION('',(1.,-1.02848285443713E-13,-2.07007594818503E-13));
#9378=DIRECTION('',(-0.699078151774937,7.15814454123864E-14,-0.715045269693422));
#9379=DIRECTION('',(-1.,1.02848285443713E-13,-4.87804241444686E-15));
#9380=DIRECTION('',(-0.699078151774938,7.22165331900374E-14,0.715045269693421));
#9381=DIRECTION('',(1.,-1.02848285443713E-13,-2.07007594818503E-13));
#9382=DIRECTION('',(0.895447220595312,-9.18975171744122E-14,0.445167693266404));
#9383=DIRECTION('',(1.92398886437207E-13,4.44089209830676E-16,1.));
#9384=DIRECTION('',(0.715045269693422,-7.38516330666511E-14,-0.699078151774937));
#9385=DIRECTION('',(4.87804241444703E-15,-4.44089209850967E-16,-1.));
#9386=DIRECTION('',(-0.715045269693421,7.32307269385601E-14,-0.699078151774938));
#9387=DIRECTION('',(1.92398886437207E-13,4.44089209830676E-16,1.));
#9388=DIRECTION('',(-0.895447220595131,9.22929055127011E-14,0.445167693266768));
#9389=DIRECTION('',(-1.,1.02848285443713E-13,2.07082466068406E-13));
#9390=DIRECTION('',(0.699078151774937,-7.15814454123864E-14,0.715045269693422));
#9391=DIRECTION('',(1.,-1.02848285443713E-13,4.87804241444673E-15));
#9392=DIRECTION('',(0.699078151774938,-7.22165331900374E-14,-0.715045269693421));
#9393=DIRECTION('',(-1.,1.02848285443713E-13,2.07082466068406E-13));
#9394=DIRECTION('',(0.699078151774937,-7.15814454123864E-14,0.715045269693422));
#9395=DIRECTION('',(1.,-1.02848285443713E-13,4.87804241444673E-15));
#9396=DIRECTION('',(0.699078151774938,-7.22165331900374E-14,-0.715045269693421));
#9397=DIRECTION('',(-1.,1.02848285443713E-13,2.07082466068406E-13));
#9398=DIRECTION('',(-0.895447220595315,9.18975171744126E-14,-0.445167693266397));
#9399=DIRECTION('',(-2.22141577143957E-13,-4.44089209827617E-16,-1.));
#9400=DIRECTION('',(-0.715045269693421,7.38516330666511E-14,0.699078151774937));
#9401=DIRECTION('center_axis',(0.866025403784386,-0.500000000000091,-1.92158204438482E-13));
#9402=DIRECTION('ref_axis',(2.22141577143957E-13,4.44089209827617E-16,1.));
#9403=DIRECTION('',(5.53873890916669E-13,5.75021311176405E-13,1.));
#9404=DIRECTION('',(-0.427535056636609,-0.740512440111065,-0.518512392703866));
#9405=DIRECTION('',(-0.477604674763931,-0.827235562623451,0.295930901689402));
#9406=DIRECTION('',(-2.22141577143957E-13,-4.44089209827583E-16,-1.));
#9407=DIRECTION('',(-0.477604674764062,-0.827235562623449,-0.295930901689196));
#9408=DIRECTION('',(0.427535056636422,0.740512440111139,-0.518512392703915));
#9409=DIRECTION('center_axis',(-0.716910607650405,0.697165102854644,-3.80672385114766E-15));
#9410=DIRECTION('ref_axis',(0.697165102854644,0.716910607650405,3.08242867631221E-15));
#9411=DIRECTION('',(-0.680153089550232,-0.699416770472547,0.219563102448993));
#9412=DIRECTION('',(0.680153089550198,0.699416770472514,0.219563102449201));
#9413=DIRECTION('center_axis',(-0.86602540378449,-0.499999999999911,1.66844367919384E-13));
#9414=DIRECTION('ref_axis',(-1.92398886437207E-13,-4.44089209830676E-16,
-1.));
#9415=DIRECTION('',(-4.80669707211243E-13,4.98855618710499E-13,-1.));
#9416=DIRECTION('',(0.427535056636442,-0.740512440111158,0.518512392703871));
#9417=DIRECTION('',(0.477604674763767,-0.827235562623549,-0.295930901689394));
#9418=DIRECTION('',(1.92398886437207E-13,4.44089209830692E-16,1.));
#9419=DIRECTION('',(0.477604674763882,-0.827235562623549,0.295930901689206));
#9420=DIRECTION('',(-0.42753505663628,0.740512440111223,0.518512392703911));
#9421=DIRECTION('center_axis',(0.71691060765055,0.697165102854495,3.18751685182406E-15));
#9422=DIRECTION('ref_axis',(0.697165102854495,-0.71691060765055,3.7191732068813E-15));
#9423=DIRECTION('',(0.680153089550084,-0.699416770472686,-0.219563102449006));
#9424=DIRECTION('',(-0.680153089550054,0.699416770472658,-0.219563102449189));
#9425=DIRECTION('center_axis',(-2.30762819015425E-13,-0.5,-0.866025403784439));
#9426=DIRECTION('ref_axis',(1.,-1.02848285443713E-13,-2.07082466068406E-13));
#9427=DIRECTION('',(-0.518512392703945,-0.740512440111059,0.427535056636524));
#9428=DIRECTION('',(-0.518512392703837,0.740512440111235,-0.427535056636349));
#9429=DIRECTION('',(1.,4.33614952260624E-13,-5.16809660767343E-13));
#9430=DIRECTION('',(-0.518512392703945,-0.740512440111059,0.427535056636524));
#9431=DIRECTION('',(0.11662937509318,-0.86011521998454,0.496587753792137));
#9432=DIRECTION('',(-1.,1.02848285443713E-13,2.07082466068406E-13));
#9433=DIRECTION('',(-0.11662937509315,-0.860115219984517,0.496587753792185));
#9434=DIRECTION('',(-0.518512392703837,0.740512440111235,-0.427535056636349));
#9435=DIRECTION('',(1.,4.33614952260624E-13,-5.16809660767343E-13));
#9436=DIRECTION('center_axis',(0.518512392703985,0.670722079317134,-0.530355344018412));
#9437=DIRECTION('ref_axis',(-0.48663611004331,0.741476433634944,0.461950208102476));
#9438=DIRECTION('center_axis',(0.518512392703935,0.670722079317213,0.530355344018362));
#9439=DIRECTION('ref_axis',(0.486636110043336,-0.741476433634873,0.461950208102562));
#9440=DIRECTION('center_axis',(0.530355344018483,0.67072207931713,0.518512392703918));
#9441=DIRECTION('ref_axis',(-0.461950208102398,0.741476433634944,-0.486636110043384));
#9442=DIRECTION('',(0.219563102448927,-0.69941677047264,0.680153089550158));
#9443=DIRECTION('center_axis',(-0.530355344018291,0.670722079317323,0.518512392703864));
#9444=DIRECTION('ref_axis',(-0.461950208102641,-0.741476433634773,0.486636110043413));
#9445=DIRECTION('',(0.219563102449267,0.699416770472564,-0.680153089550126));
#9446=DIRECTION('center_axis',(6.82051151482963E-14,0.697165102854569,0.716910607650478));
#9447=DIRECTION('ref_axis',(1.,-1.02848285443713E-13,4.87804241444682E-15));
#9448=DIRECTION('center_axis',(0.530355344018483,0.67072207931713,0.518512392703918));
#9449=DIRECTION('ref_axis',(-0.461950208102398,0.741476433634944,-0.486636110043384));
#9450=DIRECTION('',(0.219563102448927,-0.69941677047264,0.680153089550158));
#9451=DIRECTION('center_axis',(-0.530355344018291,0.670722079317323,0.518512392703864));
#9452=DIRECTION('ref_axis',(-0.461950208102641,-0.741476433634773,0.486636110043413));
#9453=DIRECTION('',(0.219563102449267,0.699416770472564,-0.680153089550126));
#9454=DIRECTION('center_axis',(6.82051151482963E-14,0.697165102854569,0.716910607650478));
#9455=DIRECTION('ref_axis',(1.,-1.02848285443713E-13,4.87804241444682E-15));
#9456=DIRECTION('center_axis',(-0.51851239270385,0.670722079317236,0.530355344018415));
#9457=DIRECTION('ref_axis',(0.486636110043462,0.741476433634847,-0.46195020810247));
#9458=DIRECTION('center_axis',(-0.518512392703793,0.670722079317326,-0.530355344018357));
#9459=DIRECTION('ref_axis',(-0.486636110043493,-0.741476433634767,-0.461950208102566));
#9460=DIRECTION('center_axis',(1.27849693167283E-13,-0.499999999999999,
0.866025403784439));
#9461=DIRECTION('ref_axis',(-1.,1.02848285443713E-13,2.07007594818503E-13));
#9462=DIRECTION('',(0.518512392703793,-0.740512440111165,-0.427535056636524));
#9463=DIRECTION('',(0.51851239270399,0.740512440111128,0.427535056636349));
#9464=DIRECTION('',(-1.,6.39122027126262E-13,5.1662538393825E-13));
#9465=DIRECTION('',(0.518512392703793,-0.740512440111165,-0.427535056636524));
#9466=DIRECTION('',(-0.116629375093354,-0.860115219984517,-0.496587753792137));
#9467=DIRECTION('',(1.,-1.02848285443713E-13,-2.07007594818503E-13));
#9468=DIRECTION('',(0.116629375092969,-0.860115219984541,-0.496587753792185));
#9469=DIRECTION('',(0.51851239270399,0.740512440111128,0.427535056636349));
#9470=DIRECTION('',(-1.,6.39122027126262E-13,5.1662538393825E-13));
#9471=DIRECTION('center_axis',(7.5199355851268E-14,0.697165102854569,-0.716910607650479));
#9472=DIRECTION('ref_axis',(1.,-1.02848285443713E-13,4.87804241444677E-15));
#9473=DIRECTION('',(-0.219563102449072,-0.699416770472595,-0.680153089550157));
#9474=DIRECTION('',(-0.219563102449123,0.69941677047261,0.680153089550125));
#9475=DIRECTION('center_axis',(-0.530355344018345,0.670722079317239,-0.518512392703918));
#9476=DIRECTION('ref_axis',(0.46195020810255,0.741476433634848,0.486636110043384));
#9477=DIRECTION('center_axis',(0.530355344018429,0.670722079317214,-0.518512392703865));
#9478=DIRECTION('ref_axis',(0.461950208102488,-0.741476433634868,-0.486636110043413));
#9479=DIRECTION('center_axis',(-0.530355344018345,0.670722079317239,-0.518512392703918));
#9480=DIRECTION('ref_axis',(0.461950208102551,0.741476433634848,0.486636110043384));
#9481=DIRECTION('',(-0.219563102449073,-0.699416770472595,-0.680153089550157));
#9482=DIRECTION('center_axis',(0.530355344018429,0.670722079317214,-0.518512392703865));
#9483=DIRECTION('ref_axis',(0.461950208102488,-0.741476433634868,-0.486636110043413));
#9484=DIRECTION('',(-0.219563102449123,0.69941677047261,0.680153089550125));
#9485=DIRECTION('center_axis',(7.5199355851268E-14,0.697165102854569,-0.716910607650479));
#9486=DIRECTION('ref_axis',(1.,-1.02848285443713E-13,4.87804241444677E-15));
#9487=DIRECTION('center_axis',(-1.02861739017734E-13,-1.,5.68989300120813E-16));
#9488=DIRECTION('ref_axis',(4.93736128092536E-15,-5.68989300121321E-16,
-1.));
#9489=DIRECTION('center_axis',(1.02861739017734E-13,1.,-5.68989300120813E-16));
#9490=DIRECTION('ref_axis',(-4.93736128092536E-15,5.03363828962324E-16,
1.));
#9491=DIRECTION('',(-0.499999999999996,5.09381103204802E-14,-0.866025403784441));
#9492=DIRECTION('center_axis',(1.02861739017734E-13,1.,-5.68989300120813E-16));
#9493=DIRECTION('ref_axis',(-4.93736128092537E-15,4.44089209850971E-16,
1.));
#9494=DIRECTION('center_axis',(-1.02848285443713E-13,-1.,4.44089209850464E-16));
#9495=DIRECTION('ref_axis',(2.8393799115898E-15,-3.84814590739404E-16,-1.));
#9496=DIRECTION('center_axis',(1.02848285443713E-13,1.,-4.44089209850464E-16));
#9497=DIRECTION('ref_axis',(-2.93377981646102E-15,-4.44089209850162E-16,
-1.));
#9498=DIRECTION('',(1.02848285443713E-13,1.,-4.44089209850464E-16));
#9499=DIRECTION('center_axis',(-1.02861739017734E-13,-1.,5.68989300120813E-16));
#9500=DIRECTION('ref_axis',(4.93736128092536E-15,-5.68989300121321E-16,
-1.));
#9501=DIRECTION('center_axis',(1.02861739017734E-13,1.,-5.68989300120813E-16));
#9502=DIRECTION('ref_axis',(-4.93736128092537E-15,4.44089209850971E-16,
1.));
#9503=DIRECTION('center_axis',(-1.02848285443713E-13,-1.,4.44089209850464E-16));
#9504=DIRECTION('ref_axis',(-4.93736128092537E-15,4.44089209850972E-16,
1.));
#9505=DIRECTION('center_axis',(1.02848285443713E-13,1.,-4.44089209850464E-16));
#9506=DIRECTION('ref_axis',(-4.93736128092537E-15,4.44089209850971E-16,
1.));
#9507=DIRECTION('center_axis',(-1.02861739017734E-13,-1.,5.68989300120813E-16));
#9508=DIRECTION('ref_axis',(4.93736128092536E-15,-5.68989300121321E-16,
-1.));
#9509=DIRECTION('center_axis',(1.02861739017734E-13,1.,-5.68989300120813E-16));
#9510=DIRECTION('ref_axis',(-4.93736128092536E-15,5.03363828962324E-16,
1.));
#9511=DIRECTION('',(0.500000000000004,-5.19236286972534E-14,-0.866025403784436));
#9512=DIRECTION('center_axis',(1.02861739017734E-13,1.,-5.68989300120813E-16));
#9513=DIRECTION('ref_axis',(-4.93736128092537E-15,4.44089209850971E-16,
1.));
#9514=DIRECTION('center_axis',(-1.02848285443713E-13,-1.,4.44089209850464E-16));
#9515=DIRECTION('ref_axis',(-4.93736128092536E-15,5.03363828962324E-16,
1.));
#9516=DIRECTION('center_axis',(1.02848285443713E-13,1.,-4.44089209850464E-16));
#9517=DIRECTION('ref_axis',(-4.93736128092537E-15,4.44089209850971E-16,
1.));
#9518=DIRECTION('',(1.02848285443713E-13,1.,-4.44089209850464E-16));
#9519=DIRECTION('center_axis',(-1.02861739017734E-13,-1.,5.68989300120813E-16));
#9520=DIRECTION('ref_axis',(4.93736128092536E-15,-5.68989300121321E-16,
-1.));
#9521=DIRECTION('center_axis',(1.02861739017734E-13,1.,-5.68989300120813E-16));
#9522=DIRECTION('ref_axis',(-4.93736128092537E-15,4.44089209850971E-16,
1.));
#9523=DIRECTION('',(1.,-1.02861739017734E-13,4.93736128092541E-15));
#9524=DIRECTION('center_axis',(-1.02848285443713E-13,-1.,4.44089209850464E-16));
#9525=DIRECTION('ref_axis',(-4.93736128092537E-15,4.44089209850972E-16,
1.));
#9526=DIRECTION('',(1.02848285443713E-13,1.,-4.44089209850464E-16));
#9527=DIRECTION('center_axis',(1.02848285443713E-13,1.,-4.44089209850464E-16));
#9528=DIRECTION('ref_axis',(-4.93736128092537E-15,4.44089209850971E-16,
1.));
#9529=DIRECTION('',(-1.02848285443713E-13,-1.,4.44089209850464E-16));
#9530=DIRECTION('center_axis',(-1.02861739017734E-13,-1.,5.68989300120813E-16));
#9531=DIRECTION('ref_axis',(4.93736128092536E-15,-5.68989300121321E-16,
-1.));
#9532=DIRECTION('center_axis',(1.02861739017734E-13,1.,-5.68989300120813E-16));
#9533=DIRECTION('ref_axis',(-4.93736128092537E-15,4.44089209850971E-16,
1.));
#9534=DIRECTION('',(-0.499999999999996,5.09381103204802E-14,-0.866025403784441));
#9535=DIRECTION('center_axis',(-1.02848285443713E-13,-1.,4.44089209850464E-16));
#9536=DIRECTION('ref_axis',(-4.93736128092537E-15,4.44089209850972E-16,
1.));
#9537=DIRECTION('',(1.02848285443713E-13,1.,-4.44089209850464E-16));
#9538=DIRECTION('center_axis',(1.02848285443713E-13,1.,-4.44089209850464E-16));
#9539=DIRECTION('ref_axis',(-4.93736128092537E-15,4.44089209850971E-16,
1.));
#9540=DIRECTION('',(-1.02848285443713E-13,-1.,4.44089209850464E-16));
#9541=DIRECTION('center_axis',(-1.02861739017734E-13,-1.,5.68989300120813E-16));
#9542=DIRECTION('ref_axis',(4.93736128092536E-15,-5.68989300121321E-16,
-1.));
#9543=DIRECTION('center_axis',(1.02861739017734E-13,1.,-5.68989300120813E-16));
#9544=DIRECTION('ref_axis',(-4.93736128092536E-15,5.03363828962324E-16,
1.));
#9545=DIRECTION('',(0.499999999999996,-5.09381103204802E-14,0.866025403784441));
#9546=DIRECTION('center_axis',(1.02861739017734E-13,1.,-5.68989300120813E-16));
#9547=DIRECTION('ref_axis',(-4.93736128092537E-15,4.44089209850971E-16,
1.));
#9548=DIRECTION('center_axis',(-1.02848285443713E-13,-1.,4.44089209850464E-16));
#9549=DIRECTION('ref_axis',(-4.93736128092536E-15,5.03363828962324E-16,
1.));
#9550=DIRECTION('center_axis',(1.02848285443713E-13,1.,-4.44089209850464E-16));
#9551=DIRECTION('ref_axis',(-4.93736128092537E-15,4.44089209850971E-16,
1.));
#9552=DIRECTION('',(1.02848285443713E-13,1.,-4.44089209850464E-16));
#9553=DIRECTION('center_axis',(-1.02861739017734E-13,-1.,5.68989300120813E-16));
#9554=DIRECTION('ref_axis',(4.93736128092535E-15,-5.68989300121321E-16,
-1.));
#9555=DIRECTION('center_axis',(1.02861739017734E-13,1.,-5.68989300120813E-16));
#9556=DIRECTION('ref_axis',(-4.93736128092536E-15,5.03363828962324E-16,
1.));
#9557=DIRECTION('',(-0.499999999999996,5.09381103204802E-14,-0.866025403784441));
#9558=DIRECTION('center_axis',(1.02861739017734E-13,1.,-5.68989300120813E-16));
#9559=DIRECTION('ref_axis',(-4.93736128092536E-15,4.44089209850972E-16,
1.));
#9560=DIRECTION('center_axis',(-1.02848285443713E-13,-1.,4.44089209850464E-16));
#9561=DIRECTION('ref_axis',(1.5071122820396E-15,-3.84814590739267E-16,-1.));
#9562=DIRECTION('center_axis',(1.02848285443713E-13,1.,-4.44089209850464E-16));
#9563=DIRECTION('ref_axis',(-1.53682776922628E-14,-4.44089209848883E-16,
-1.));
#9564=DIRECTION('',(1.02848285443713E-13,1.,-4.44089209850464E-16));
#9565=DIRECTION('center_axis',(-1.02861739017734E-13,-1.,5.68989300120813E-16));
#9566=DIRECTION('ref_axis',(4.93736128092535E-15,-5.68989300121321E-16,
-1.));
#9567=DIRECTION('center_axis',(1.02861739017734E-13,1.,-5.68989300120813E-16));
#9568=DIRECTION('ref_axis',(-4.93736128092536E-15,5.03363828962324E-16,
1.));
#9569=DIRECTION('',(-1.,1.02861739017734E-13,-4.93736128092541E-15));
#9570=DIRECTION('center_axis',(1.02861739017734E-13,1.,-5.68989300120813E-16));
#9571=DIRECTION('ref_axis',(-4.93736128092536E-15,4.44089209850972E-16,
1.));
#9572=DIRECTION('center_axis',(-1.02848285443713E-13,-1.,4.44089209850464E-16));
#9573=DIRECTION('ref_axis',(-4.93736128092536E-15,5.03363828962324E-16,
1.));
#9574=DIRECTION('center_axis',(1.02848285443713E-13,1.,-4.44089209850464E-16));
#9575=DIRECTION('ref_axis',(-4.93736128092536E-15,4.44089209850972E-16,
1.));
#9576=DIRECTION('',(1.02848285443713E-13,1.,-4.44089209850464E-16));
#9577=DIRECTION('center_axis',(-1.02861739017734E-13,-1.,5.68989300120813E-16));
#9578=DIRECTION('ref_axis',(4.93736128092535E-15,-5.68989300121321E-16,
-1.));
#9579=DIRECTION('center_axis',(1.02861739017734E-13,1.,-5.68989300120813E-16));
#9580=DIRECTION('ref_axis',(-4.93736128092536E-15,4.44089209850972E-16,
1.));
#9581=DIRECTION('',(-1.,1.02861739017734E-13,-4.93736128092541E-15));
#9582=DIRECTION('center_axis',(-1.02848285443713E-13,-1.,4.44089209850464E-16));
#9583=DIRECTION('ref_axis',(-4.93736128092536E-15,4.44089209850972E-16,
1.));
#9584=DIRECTION('',(1.02848285443713E-13,1.,-4.44089209850464E-16));
#9585=DIRECTION('center_axis',(1.02848285443713E-13,1.,-4.44089209850464E-16));
#9586=DIRECTION('ref_axis',(-4.93736128092536E-15,4.44089209850972E-16,
1.));
#9587=DIRECTION('',(-1.02848285443713E-13,-1.,4.44089209850464E-16));
#9588=DIRECTION('center_axis',(-1.02861739017734E-13,-1.,5.68989300120813E-16));
#9589=DIRECTION('ref_axis',(4.93736128092535E-15,-5.68989300121321E-16,
-1.));
#9590=DIRECTION('center_axis',(1.02861739017734E-13,1.,-5.68989300120813E-16));
#9591=DIRECTION('ref_axis',(-4.93736128092536E-15,4.44089209850972E-16,
1.));
#9592=DIRECTION('center_axis',(-1.02848285443713E-13,-1.,4.44089209850464E-16));
#9593=DIRECTION('ref_axis',(-4.93736128092536E-15,4.44089209850972E-16,
1.));
#9594=DIRECTION('center_axis',(1.02848285443713E-13,1.,-4.44089209850464E-16));
#9595=DIRECTION('ref_axis',(-4.93736128092536E-15,4.44089209850972E-16,
1.));
#9596=DIRECTION('center_axis',(-1.02861739017734E-13,-1.,5.68989300120813E-16));
#9597=DIRECTION('ref_axis',(4.93736128092535E-15,-5.68989300121321E-16,
-1.));
#9598=DIRECTION('center_axis',(1.02861739017734E-13,1.,-5.68989300120813E-16));
#9599=DIRECTION('ref_axis',(-4.93736128092536E-15,5.03363828962324E-16,
1.));
#9600=DIRECTION('',(1.,-1.02861739017734E-13,4.93736128092541E-15));
#9601=DIRECTION('center_axis',(1.02861739017734E-13,1.,-5.68989300120813E-16));
#9602=DIRECTION('ref_axis',(-4.93736128092536E-15,4.44089209850972E-16,
1.));
#9603=DIRECTION('center_axis',(-1.02848285443713E-13,-1.,4.44089209850464E-16));
#9604=DIRECTION('ref_axis',(-4.93736128092536E-15,5.03363828962324E-16,
1.));
#9605=DIRECTION('center_axis',(1.02848285443713E-13,1.,-4.44089209850464E-16));
#9606=DIRECTION('ref_axis',(-4.93736128092536E-15,4.44089209850972E-16,
1.));
#9607=DIRECTION('',(1.02848285443713E-13,1.,-4.44089209850464E-16));
#9608=DIRECTION('center_axis',(-1.02861739017734E-13,-1.,5.68989300120813E-16));
#9609=DIRECTION('ref_axis',(4.93736128092535E-15,-5.68989300121321E-16,
-1.));
#9610=DIRECTION('center_axis',(1.02861739017734E-13,1.,-5.68989300120813E-16));
#9611=DIRECTION('ref_axis',(-4.93736128092536E-15,4.44089209850972E-16,
1.));
#9612=DIRECTION('',(0.500000000000004,-5.19236286972534E-14,-0.866025403784436));
#9613=DIRECTION('center_axis',(-1.02848285443713E-13,-1.,4.44089209850464E-16));
#9614=DIRECTION('ref_axis',(-4.93736128092536E-15,4.44089209850972E-16,
1.));
#9615=DIRECTION('',(1.02848285443713E-13,1.,-4.44089209850464E-16));
#9616=DIRECTION('center_axis',(1.02848285443713E-13,1.,-4.44089209850464E-16));
#9617=DIRECTION('ref_axis',(-4.93736128092536E-15,4.44089209850972E-16,
1.));
#9618=DIRECTION('',(-1.02848285443713E-13,-1.,4.44089209850464E-16));
#9619=DIRECTION('center_axis',(-1.02861739017734E-13,-1.,5.68989300120813E-16));
#9620=DIRECTION('ref_axis',(4.93736128092535E-15,-5.68989300121321E-16,
-1.));
#9621=DIRECTION('center_axis',(1.02861739017734E-13,1.,-5.68989300120813E-16));
#9622=DIRECTION('ref_axis',(-4.93736128092536E-15,5.03363828962324E-16,
1.));
#9623=DIRECTION('',(-0.499999999999996,5.09381103204802E-14,-0.866025403784441));
#9624=DIRECTION('center_axis',(1.02861739017734E-13,1.,-5.68989300120813E-16));
#9625=DIRECTION('ref_axis',(-4.93736128092537E-15,4.44089209850972E-16,
1.));
#9626=DIRECTION('center_axis',(-1.02848285443713E-13,-1.,4.44089209850464E-16));
#9627=DIRECTION('ref_axis',(6.1893386233948E-16,-3.84814590739175E-16,-1.));
#9628=DIRECTION('center_axis',(1.02848285443713E-13,1.,-4.44089209850464E-16));
#9629=DIRECTION('ref_axis',(-2.48969060661096E-15,-4.44089209850208E-16,
-1.));
#9630=DIRECTION('',(1.02848285443713E-13,1.,-4.44089209850464E-16));
#9631=DIRECTION('center_axis',(-1.02861739017734E-13,-1.,5.68989300120813E-16));
#9632=DIRECTION('ref_axis',(4.93736128092535E-15,-5.68989300121321E-16,
-1.));
#9633=DIRECTION('center_axis',(1.02861739017734E-13,1.,-5.68989300120813E-16));
#9634=DIRECTION('ref_axis',(-4.93736128092536E-15,5.03363828962324E-16,
1.));
#9635=DIRECTION('',(-1.,1.02861739017734E-13,-4.93736128092541E-15));
#9636=DIRECTION('center_axis',(1.02861739017734E-13,1.,-5.68989300120813E-16));
#9637=DIRECTION('ref_axis',(-4.93736128092537E-15,4.44089209850972E-16,
1.));
#9638=DIRECTION('center_axis',(-1.02848285443713E-13,-1.,4.44089209850464E-16));
#9639=DIRECTION('ref_axis',(-4.93736128092536E-15,5.03363828962324E-16,
1.));
#9640=DIRECTION('center_axis',(1.02848285443713E-13,1.,-4.44089209850464E-16));
#9641=DIRECTION('ref_axis',(-4.93736128092537E-15,4.44089209850972E-16,
1.));
#9642=DIRECTION('',(1.02848285443713E-13,1.,-4.44089209850464E-16));
#9643=DIRECTION('center_axis',(-1.02861739017734E-13,-1.,5.68989300120813E-16));
#9644=DIRECTION('ref_axis',(4.93736128092535E-15,-5.68989300121321E-16,
-1.));
#9645=DIRECTION('center_axis',(1.02861739017734E-13,1.,-5.68989300120813E-16));
#9646=DIRECTION('ref_axis',(-4.93736128092537E-15,4.44089209850972E-16,
1.));
#9647=DIRECTION('',(-1.,1.02861739017734E-13,-4.93736128092541E-15));
#9648=DIRECTION('center_axis',(-1.02848285443713E-13,-1.,4.44089209850464E-16));
#9649=DIRECTION('ref_axis',(-4.93736128092536E-15,4.44089209850972E-16,
1.));
#9650=DIRECTION('',(1.02848285443713E-13,1.,-4.44089209850464E-16));
#9651=DIRECTION('center_axis',(1.02848285443713E-13,1.,-4.44089209850464E-16));
#9652=DIRECTION('ref_axis',(-4.93736128092537E-15,4.44089209850972E-16,
1.));
#9653=DIRECTION('',(-1.02848285443713E-13,-1.,4.44089209850464E-16));
#9654=DIRECTION('center_axis',(-1.02861739017734E-13,-1.,5.68989300120813E-16));
#9655=DIRECTION('ref_axis',(4.93736128092535E-15,-5.68989300121321E-16,
-1.));
#9656=DIRECTION('center_axis',(1.02861739017734E-13,1.,-5.68989300120813E-16));
#9657=DIRECTION('ref_axis',(-4.93736128092536E-15,5.03363828962324E-16,
1.));
#9658=DIRECTION('center_axis',(1.02861739017734E-13,1.,-5.68989300120813E-16));
#9659=DIRECTION('ref_axis',(-4.93736128092537E-15,4.44089209850972E-16,
1.));
#9660=DIRECTION('center_axis',(-1.02848285443713E-13,-1.,4.44089209850464E-16));
#9661=DIRECTION('ref_axis',(-4.93736128092536E-15,5.03363828962324E-16,
1.));
#9662=DIRECTION('center_axis',(1.02848285443713E-13,1.,-4.44089209850464E-16));
#9663=DIRECTION('ref_axis',(-4.93736128092536E-15,5.09714681009969E-16,
1.));
#9664=DIRECTION('center_axis',(-1.02848285443713E-13,-1.,4.44089209850464E-16));
#9665=DIRECTION('ref_axis',(4.93736128092537E-15,-4.44089209850971E-16,
-1.));
#9666=DIRECTION('center_axis',(1.02848285443713E-13,1.,-4.44089209850464E-16));
#9667=DIRECTION('ref_axis',(-4.93736128092537E-15,4.44089209850972E-16,
1.));
#9668=DIRECTION('center_axis',(-1.02861739017734E-13,-1.,5.68989300120813E-16));
#9669=DIRECTION('ref_axis',(4.93736128092535E-15,-5.68989300121321E-16,
-1.));
#9670=DIRECTION('center_axis',(1.02861739017734E-13,1.,-5.68989300120813E-16));
#9671=DIRECTION('ref_axis',(-4.93736128092536E-15,5.03363828962324E-16,
1.));
#9672=DIRECTION('',(1.,-1.02861739017734E-13,4.93736128092541E-15));
#9673=DIRECTION('center_axis',(1.02861739017734E-13,1.,-5.68989300120813E-16));
#9674=DIRECTION('ref_axis',(-4.93736128092537E-15,4.44089209850972E-16,
1.));
#9675=DIRECTION('center_axis',(-1.02848285443713E-13,-1.,4.44089209850464E-16));
#9676=DIRECTION('ref_axis',(-4.93736128092536E-15,5.03363828962324E-16,
1.));
#9677=DIRECTION('center_axis',(1.02848285443713E-13,1.,-4.44089209850464E-16));
#9678=DIRECTION('ref_axis',(-4.93736128092537E-15,4.44089209850972E-16,
1.));
#9679=DIRECTION('',(1.02848285443713E-13,1.,-4.44089209850464E-16));
#9680=DIRECTION('center_axis',(-1.02861739017734E-13,-1.,5.68989300120813E-16));
#9681=DIRECTION('ref_axis',(4.93736128092535E-15,-5.68989300121321E-16,
-1.));
#9682=DIRECTION('center_axis',(1.02861739017734E-13,1.,-5.68989300120813E-16));
#9683=DIRECTION('ref_axis',(-4.93736128092537E-15,4.44089209850972E-16,
1.));
#9684=DIRECTION('',(0.500000000000004,-5.19236286972534E-14,-0.866025403784436));
#9685=DIRECTION('center_axis',(-1.02848285443713E-13,-1.,4.44089209850464E-16));
#9686=DIRECTION('ref_axis',(-4.93736128092536E-15,4.44089209850972E-16,
1.));
#9687=DIRECTION('',(1.02848285443713E-13,1.,-4.44089209850464E-16));
#9688=DIRECTION('center_axis',(1.02848285443713E-13,1.,-4.44089209850464E-16));
#9689=DIRECTION('ref_axis',(-4.93736128092537E-15,4.44089209850972E-16,
1.));
#9690=DIRECTION('',(-1.02848285443713E-13,-1.,4.44089209850464E-16));
#9691=DIRECTION('center_axis',(-1.02861739017734E-13,-1.,5.68989300120813E-16));
#9692=DIRECTION('ref_axis',(4.93736128092535E-15,-5.68989300121321E-16,
-1.));
#9693=DIRECTION('center_axis',(1.02861739017734E-13,1.,-5.68989300120813E-16));
#9694=DIRECTION('ref_axis',(-4.93736128092535E-15,5.03363828962324E-16,
1.));
#9695=DIRECTION('',(-0.499999999999996,5.09381103204802E-14,-0.866025403784441));
#9696=DIRECTION('center_axis',(1.02861739017734E-13,1.,-5.68989300120813E-16));
#9697=DIRECTION('ref_axis',(-4.93736128092536E-15,4.44089209850972E-16,
1.));
#9698=DIRECTION('center_axis',(-1.02848285443713E-13,-1.,4.44089209850464E-16));
#9699=DIRECTION('ref_axis',(6.18933862339476E-16,-3.84814590739175E-16,
-1.));
#9700=DIRECTION('center_axis',(1.02848285443713E-13,1.,-4.44089209850464E-16));
#9701=DIRECTION('ref_axis',(-8.26285033466178E-15,-4.44089209849614E-16,
-1.));
#9702=DIRECTION('',(1.02848285443713E-13,1.,-4.44089209850464E-16));
#9703=DIRECTION('center_axis',(-1.02861739017734E-13,-1.,5.68989300120813E-16));
#9704=DIRECTION('ref_axis',(4.93736128092535E-15,-5.68989300121321E-16,
-1.));
#9705=DIRECTION('center_axis',(1.02861739017734E-13,1.,-5.68989300120813E-16));
#9706=DIRECTION('ref_axis',(-4.93736128092535E-15,5.03363828962324E-16,
1.));
#9707=DIRECTION('',(-1.,1.02861739017734E-13,-4.93736128092541E-15));
#9708=DIRECTION('center_axis',(1.02861739017734E-13,1.,-5.68989300120813E-16));
#9709=DIRECTION('ref_axis',(-4.93736128092536E-15,4.44089209850972E-16,
1.));
#9710=DIRECTION('center_axis',(-1.02848285443713E-13,-1.,4.44089209850464E-16));
#9711=DIRECTION('ref_axis',(-4.93736128092535E-15,5.03363828962324E-16,
1.));
#9712=DIRECTION('center_axis',(1.02848285443713E-13,1.,-4.44089209850464E-16));
#9713=DIRECTION('ref_axis',(-4.93736128092536E-15,4.44089209850972E-16,
1.));
#9714=DIRECTION('',(1.02848285443713E-13,1.,-4.44089209850464E-16));
#9715=DIRECTION('center_axis',(-1.02861739017734E-13,-1.,5.68989300120813E-16));
#9716=DIRECTION('ref_axis',(4.93736128092535E-15,-5.68989300121321E-16,
-1.));
#9717=DIRECTION('center_axis',(1.02861739017734E-13,1.,-5.68989300120813E-16));
#9718=DIRECTION('ref_axis',(-4.93736128092536E-15,4.44089209850972E-16,
1.));
#9719=DIRECTION('',(-1.,1.02861739017734E-13,-4.93736128092541E-15));
#9720=DIRECTION('center_axis',(-1.02848285443713E-13,-1.,4.44089209850464E-16));
#9721=DIRECTION('ref_axis',(-4.93736128092536E-15,4.44089209850972E-16,
1.));
#9722=DIRECTION('',(1.02848285443713E-13,1.,-4.44089209850464E-16));
#9723=DIRECTION('center_axis',(1.02848285443713E-13,1.,-4.44089209850464E-16));
#9724=DIRECTION('ref_axis',(-4.93736128092536E-15,4.44089209850972E-16,
1.));
#9725=DIRECTION('',(-1.02848285443713E-13,-1.,4.44089209850464E-16));
#9726=DIRECTION('center_axis',(-1.02861739017734E-13,-1.,5.68989300120813E-16));
#9727=DIRECTION('ref_axis',(4.93736128092535E-15,-5.68989300121321E-16,
-1.));
#9728=DIRECTION('center_axis',(1.02861739017734E-13,1.,-5.68989300120813E-16));
#9729=DIRECTION('ref_axis',(-4.93736128092535E-15,5.03363828962324E-16,
1.));
#9730=DIRECTION('center_axis',(1.02861739017734E-13,1.,-5.68989300120813E-16));
#9731=DIRECTION('ref_axis',(-4.93736128092536E-15,4.44089209850972E-16,
1.));
#9732=DIRECTION('center_axis',(-1.02848285443713E-13,-1.,4.44089209850464E-16));
#9733=DIRECTION('ref_axis',(-4.93736128092535E-15,5.03363828962324E-16,
1.));
#9734=DIRECTION('center_axis',(1.02848285443713E-13,1.,-4.44089209850464E-16));
#9735=DIRECTION('ref_axis',(-4.93736128092535E-15,5.09714681009969E-16,
1.));
#9736=DIRECTION('center_axis',(-1.02848285443713E-13,-1.,4.44089209850464E-16));
#9737=DIRECTION('ref_axis',(4.93736128092536E-15,-4.44089209850971E-16,
-1.));
#9738=DIRECTION('center_axis',(1.02848285443713E-13,1.,-4.44089209850464E-16));
#9739=DIRECTION('ref_axis',(-4.93736128092536E-15,4.44089209850972E-16,
1.));
#9740=DIRECTION('center_axis',(-1.02861739017734E-13,-1.,5.68989300120813E-16));
#9741=DIRECTION('ref_axis',(4.93736128092535E-15,-5.68989300121321E-16,
-1.));
#9742=DIRECTION('center_axis',(1.02861739017734E-13,1.,-5.68989300120813E-16));
#9743=DIRECTION('ref_axis',(-4.93736128092535E-15,5.03363828962324E-16,
1.));
#9744=DIRECTION('',(1.,-1.02861739017734E-13,4.93736128092541E-15));
#9745=DIRECTION('center_axis',(1.02861739017734E-13,1.,-5.68989300120813E-16));
#9746=DIRECTION('ref_axis',(-4.93736128092536E-15,4.44089209850972E-16,
1.));
#9747=DIRECTION('center_axis',(-1.02848285443713E-13,-1.,4.44089209850464E-16));
#9748=DIRECTION('ref_axis',(-4.93736128092535E-15,5.03363828962324E-16,
1.));
#9749=DIRECTION('center_axis',(1.02848285443713E-13,1.,-4.44089209850464E-16));
#9750=DIRECTION('ref_axis',(-4.93736128092536E-15,4.44089209850972E-16,
1.));
#9751=DIRECTION('',(1.02848285443713E-13,1.,-4.44089209850464E-16));
#9752=DIRECTION('center_axis',(-1.02861739017734E-13,-1.,5.68989300120813E-16));
#9753=DIRECTION('ref_axis',(4.93736128092535E-15,-5.68989300121321E-16,
-1.));
#9754=DIRECTION('center_axis',(1.02861739017734E-13,1.,-5.68989300120813E-16));
#9755=DIRECTION('ref_axis',(-4.93736128092536E-15,4.44089209850972E-16,
1.));
#9756=DIRECTION('',(0.500000000000004,-5.19236286972534E-14,-0.866025403784436));
#9757=DIRECTION('center_axis',(-1.02848285443713E-13,-1.,4.44089209850464E-16));
#9758=DIRECTION('ref_axis',(-4.93736128092536E-15,4.44089209850972E-16,
1.));
#9759=DIRECTION('',(1.02848285443713E-13,1.,-4.44089209850464E-16));
#9760=DIRECTION('center_axis',(1.02848285443713E-13,1.,-4.44089209850464E-16));
#9761=DIRECTION('ref_axis',(-4.93736128092536E-15,4.44089209850972E-16,
1.));
#9762=DIRECTION('',(-1.02848285443713E-13,-1.,4.44089209850464E-16));
#9763=DIRECTION('center_axis',(1.02848285443713E-13,1.,-4.44089209850464E-16));
#9764=DIRECTION('ref_axis',(4.93736128092537E-15,-4.44089209850971E-16,
-1.));
#9765=DIRECTION('',(1.02848285443713E-13,1.,-4.44089209850464E-16));
#9766=DIRECTION('center_axis',(0.866025403784441,-8.92912725348539E-14,
-0.499999999999996));
#9767=DIRECTION('ref_axis',(-0.499999999999996,5.09381103204802E-14,-0.866025403784441));
#9768=DIRECTION('center_axis',(1.02848285443713E-13,1.,-4.44089209850464E-16));
#9769=DIRECTION('ref_axis',(4.93736128092537E-15,-4.44089209850971E-16,
-1.));
#9770=DIRECTION('center_axis',(1.02848285443713E-13,1.,-4.44089209850464E-16));
#9771=DIRECTION('ref_axis',(4.93736128092537E-15,-4.44089209850971E-16,
-1.));
#9772=DIRECTION('',(1.02848285443713E-13,1.,-4.44089209850464E-16));
#9773=DIRECTION('center_axis',(0.866025403784436,-8.8847183325003E-14,0.500000000000004));
#9774=DIRECTION('ref_axis',(0.500000000000004,-5.19236286972534E-14,-0.866025403784436));
#9775=DIRECTION('center_axis',(1.02848285443713E-13,1.,-4.44089209850464E-16));
#9776=DIRECTION('ref_axis',(4.93736128092537E-15,-4.44089209850971E-16,
-1.));
#9777=DIRECTION('',(-1.02848285443713E-13,-1.,4.44089209850464E-16));
#9778=DIRECTION('center_axis',(-4.93736128092537E-15,4.44089209850971E-16,
1.));
#9779=DIRECTION('ref_axis',(1.,-1.02861739017734E-13,4.93736128092541E-15));
#9780=DIRECTION('center_axis',(1.02848285443713E-13,1.,-4.44089209850464E-16));
#9781=DIRECTION('ref_axis',(4.93736128092537E-15,-4.44089209850971E-16,
-1.));
#9782=DIRECTION('',(-1.02848285443713E-13,-1.,4.44089209850464E-16));
#9783=DIRECTION('center_axis',(0.866025403784441,-8.92912725348539E-14,
-0.499999999999996));
#9784=DIRECTION('ref_axis',(-0.499999999999996,5.09381103204802E-14,-0.866025403784441));
#9785=DIRECTION('center_axis',(1.02848285443713E-13,1.,-4.44089209850464E-16));
#9786=DIRECTION('ref_axis',(-1.43856993676914E-14,4.44089209851944E-16,
1.));
#9787=DIRECTION('',(1.02848285443713E-13,1.,-4.44089209850464E-16));
#9788=DIRECTION('center_axis',(-0.866025403784441,8.92912725348539E-14,
0.499999999999996));
#9789=DIRECTION('ref_axis',(0.499999999999996,-5.09381103204802E-14,0.866025403784441));
#9790=DIRECTION('center_axis',(1.02848285443713E-13,1.,-4.44089209850464E-16));
#9791=DIRECTION('ref_axis',(4.93736128092536E-15,-4.44089209850971E-16,
-1.));
#9792=DIRECTION('',(1.02848285443713E-13,1.,-4.44089209850464E-16));
#9793=DIRECTION('center_axis',(0.866025403784441,-8.92912725348539E-14,
-0.499999999999996));
#9794=DIRECTION('ref_axis',(-0.499999999999996,5.09381103204802E-14,-0.866025403784441));
#9795=DIRECTION('center_axis',(1.02848285443713E-13,1.,-4.44089209850464E-16));
#9796=DIRECTION('ref_axis',(4.93736128092536E-15,-4.44089209850971E-16,
-1.));
#9797=DIRECTION('',(1.02848285443713E-13,1.,-4.44089209850464E-16));
#9798=DIRECTION('center_axis',(4.93736128092536E-15,-4.44089209850971E-16,
-1.));
#9799=DIRECTION('ref_axis',(-1.,1.02861739017734E-13,-4.93736128092541E-15));
#9800=DIRECTION('center_axis',(1.02848285443713E-13,1.,-4.44089209850464E-16));
#9801=DIRECTION('ref_axis',(4.93736128092536E-15,-4.44089209850971E-16,
-1.));
#9802=DIRECTION('',(-1.02848285443713E-13,-1.,4.44089209850464E-16));
#9803=DIRECTION('center_axis',(4.93736128092536E-15,-4.44089209850971E-16,
-1.));
#9804=DIRECTION('ref_axis',(-1.,1.02861739017734E-13,-4.93736128092541E-15));
#9805=DIRECTION('center_axis',(1.02848285443713E-13,1.,-4.44089209850464E-16));
#9806=DIRECTION('ref_axis',(4.93736128092536E-15,-4.44089209850971E-16,
-1.));
#9807=DIRECTION('center_axis',(1.02848285443713E-13,1.,-4.44089209850464E-16));
#9808=DIRECTION('ref_axis',(4.93736128092536E-15,-4.44089209850971E-16,
-1.));
#9809=DIRECTION('',(1.02848285443713E-13,1.,-4.44089209850464E-16));
#9810=DIRECTION('center_axis',(-4.93736128092536E-15,4.44089209850971E-16,
1.));
#9811=DIRECTION('ref_axis',(1.,-1.02861739017734E-13,4.93736128092541E-15));
#9812=DIRECTION('center_axis',(1.02848285443713E-13,1.,-4.44089209850464E-16));
#9813=DIRECTION('ref_axis',(-1.08329856888909E-14,4.44089209851578E-16,
1.));
#9814=DIRECTION('',(-1.02848285443713E-13,-1.,4.44089209850464E-16));
#9815=DIRECTION('center_axis',(0.866025403784436,-8.8847183325003E-14,0.500000000000004));
#9816=DIRECTION('ref_axis',(0.500000000000004,-5.19236286972534E-14,-0.866025403784436));
#9817=DIRECTION('center_axis',(1.02848285443713E-13,1.,-4.44089209850464E-16));
#9818=DIRECTION('ref_axis',(4.93736128092537E-15,-4.44089209850971E-16,
-1.));
#9819=DIRECTION('',(1.02848285443713E-13,1.,-4.44089209850464E-16));
#9820=DIRECTION('center_axis',(0.866025403784441,-8.92912725348539E-14,
-0.499999999999996));
#9821=DIRECTION('ref_axis',(-0.499999999999996,5.09381103204802E-14,-0.866025403784441));
#9822=DIRECTION('center_axis',(1.02848285443713E-13,1.,-4.44089209850464E-16));
#9823=DIRECTION('ref_axis',(4.93736128092537E-15,-4.44089209850971E-16,
-1.));
#9824=DIRECTION('',(1.02848285443713E-13,1.,-4.44089209850464E-16));
#9825=DIRECTION('center_axis',(4.93736128092536E-15,-4.44089209850971E-16,
-1.));
#9826=DIRECTION('ref_axis',(-1.,1.02861739017734E-13,-4.93736128092541E-15));
#9827=DIRECTION('center_axis',(1.02848285443713E-13,1.,-4.44089209850464E-16));
#9828=DIRECTION('ref_axis',(4.93736128092537E-15,-4.44089209850971E-16,
-1.));
#9829=DIRECTION('',(-1.02848285443713E-13,-1.,4.44089209850464E-16));
#9830=DIRECTION('center_axis',(4.93736128092536E-15,-4.44089209850971E-16,
-1.));
#9831=DIRECTION('ref_axis',(-1.,1.02861739017734E-13,-4.93736128092541E-15));
#9832=DIRECTION('center_axis',(1.02848285443713E-13,1.,-4.44089209850464E-16));
#9833=DIRECTION('ref_axis',(4.93736128092537E-15,-4.44089209850971E-16,
-1.));
#9834=DIRECTION('center_axis',(1.02848285443713E-13,1.,-4.44089209850464E-16));
#9835=DIRECTION('ref_axis',(4.93736128092537E-15,-4.44089209850971E-16,
-1.));
#9836=DIRECTION('',(1.02848285443713E-13,1.,-4.44089209850464E-16));
#9837=DIRECTION('center_axis',(-4.93736128092536E-15,4.44089209850971E-16,
1.));
#9838=DIRECTION('ref_axis',(1.,-1.02861739017734E-13,4.93736128092541E-15));
#9839=DIRECTION('center_axis',(1.02848285443713E-13,1.,-4.44089209850464E-16));
#9840=DIRECTION('ref_axis',(-1.48297885775415E-14,4.44089209851989E-16,
1.));
#9841=DIRECTION('',(-1.02848285443713E-13,-1.,4.44089209850464E-16));
#9842=DIRECTION('center_axis',(0.866025403784436,-8.8847183325003E-14,0.500000000000004));
#9843=DIRECTION('ref_axis',(0.500000000000004,-5.19236286972534E-14,-0.866025403784436));
#9844=DIRECTION('center_axis',(1.02848285443713E-13,1.,-4.44089209850464E-16));
#9845=DIRECTION('ref_axis',(4.93736128092536E-15,-4.44089209850971E-16,
-1.));
#9846=DIRECTION('',(1.02848285443713E-13,1.,-4.44089209850464E-16));
#9847=DIRECTION('center_axis',(0.866025403784441,-8.92912725348539E-14,
-0.499999999999996));
#9848=DIRECTION('ref_axis',(-0.499999999999996,5.09381103204802E-14,-0.866025403784441));
#9849=DIRECTION('center_axis',(1.02848285443713E-13,1.,-4.44089209850464E-16));
#9850=DIRECTION('ref_axis',(4.93736128092536E-15,-4.44089209850971E-16,
-1.));
#9851=DIRECTION('',(1.02848285443713E-13,1.,-4.44089209850464E-16));
#9852=DIRECTION('center_axis',(4.93736128092536E-15,-4.44089209850971E-16,
-1.));
#9853=DIRECTION('ref_axis',(-1.,1.02861739017734E-13,-4.93736128092541E-15));
#9854=DIRECTION('center_axis',(1.02848285443713E-13,1.,-4.44089209850464E-16));
#9855=DIRECTION('ref_axis',(4.93736128092536E-15,-4.44089209850971E-16,
-1.));
#9856=DIRECTION('',(-1.02848285443713E-13,-1.,4.44089209850464E-16));
#9857=DIRECTION('center_axis',(4.93736128092536E-15,-4.44089209850971E-16,
-1.));
#9858=DIRECTION('ref_axis',(-1.,1.02861739017734E-13,-4.93736128092541E-15));
#9859=DIRECTION('center_axis',(1.02848285443713E-13,1.,-4.44089209850464E-16));
#9860=DIRECTION('ref_axis',(4.93736128092536E-15,-4.44089209850971E-16,
-1.));
#9861=DIRECTION('center_axis',(1.02848285443713E-13,1.,-4.44089209850464E-16));
#9862=DIRECTION('ref_axis',(4.93736128092536E-15,-4.44089209850971E-16,
-1.));
#9863=DIRECTION('',(1.02848285443713E-13,1.,-4.44089209850464E-16));
#9864=DIRECTION('center_axis',(-4.93736128092536E-15,4.44089209850971E-16,
1.));
#9865=DIRECTION('ref_axis',(1.,-1.02861739017734E-13,4.93736128092541E-15));
#9866=DIRECTION('center_axis',(1.02848285443713E-13,1.,-4.44089209850464E-16));
#9867=DIRECTION('ref_axis',(-1.61620562070917E-14,4.44089209852126E-16,
1.));
#9868=DIRECTION('',(-1.02848285443713E-13,-1.,4.44089209850464E-16));
#9869=DIRECTION('center_axis',(0.866025403784436,-8.8847183325003E-14,0.500000000000004));
#9870=DIRECTION('ref_axis',(0.500000000000004,-5.19236286972534E-14,-0.866025403784436));
#9871=DIRECTION('center_axis',(1.02792774292482E-13,1.,-4.44089209850465E-16));
#9872=DIRECTION('ref_axis',(-4.87804241444678E-15,4.44089209850967E-16,
1.));
#9873=DIRECTION('',(4.87804241444678E-15,-4.44089209850967E-16,-1.));
#9874=DIRECTION('',(-4.87804241444678E-15,4.44089209850967E-16,1.));
#9875=DIRECTION('center_axis',(-1.02792774292482E-13,-1.,4.44089209850465E-16));
#9876=DIRECTION('ref_axis',(0.284963982399823,-2.88823805200948E-14,0.958538224973232));
#9877=DIRECTION('',(-0.546297739741703,5.57834951068722E-14,-0.837591057469638));
#9878=DIRECTION('',(-4.87804241444678E-15,4.44089209850967E-16,1.));
#9879=DIRECTION('',(4.87804241444678E-15,-4.44089209850967E-16,-1.));
#9880=DIRECTION('center_axis',(-1.02792774292482E-13,-1.,4.44089209850465E-16));
#9881=DIRECTION('ref_axis',(-0.287861153680663,2.91807342313565E-14,-0.957672154863885));
#9882=DIRECTION('',(0.551353222693941,-5.6304636221431E-14,0.834271912403267));
#9883=DIRECTION('center_axis',(-0.834271912403267,7.41280330957676E-14,
0.551353222693941));
#9884=DIRECTION('ref_axis',(0.551353222693941,-5.6304636221431E-14,0.834271912403267));
#9885=DIRECTION('',(8.8706819667552E-14,1.,-2.22044604924944E-16));
#9886=DIRECTION('',(-0.551353222693941,5.62740299693042E-14,-0.834271912403267));
#9887=DIRECTION('',(8.8706819667552E-14,1.,-2.22044604924954E-16));
#9888=DIRECTION('',(8.8706819667552E-14,1.,-2.22044604924954E-16));
#9889=DIRECTION('',(8.8706819667552E-14,1.,-2.22044604924954E-16));
#9890=DIRECTION('',(8.8706819667552E-14,1.,-2.22044604924954E-16));
#9891=DIRECTION('',(8.8706819667552E-14,1.,-2.22044604924954E-16));
#9892=DIRECTION('',(8.8706819667552E-14,1.,-2.22044604924954E-16));
#9893=DIRECTION('',(8.8706819667552E-14,1.,-2.22044604924954E-16));
#9894=DIRECTION('',(8.8706819667552E-14,1.,-2.22044604924954E-16));
#9895=DIRECTION('center_axis',(1.,-8.8706819667552E-14,4.87804241444682E-15));
#9896=DIRECTION('ref_axis',(4.87804241444678E-15,-4.44089209850967E-16,
-1.));
#9897=DIRECTION('',(-4.87804241444678E-15,4.44089209850964E-16,1.));
#9898=DIRECTION('',(8.8706819667552E-14,1.,-2.22044604924954E-16));
#9899=DIRECTION('',(8.8706819667552E-14,1.,-2.22044604924954E-16));
#9900=DIRECTION('',(8.8706819667552E-14,1.,-2.22044604924954E-16));
#9901=DIRECTION('',(8.8706819667552E-14,1.,-2.22044604924954E-16));
#9902=DIRECTION('',(8.8706819667552E-14,1.,-2.22044604924954E-16));
#9903=DIRECTION('center_axis',(-1.,8.8706819667552E-14,-4.87804241444682E-15));
#9904=DIRECTION('ref_axis',(-4.87804241444678E-15,4.44089209850967E-16,
1.));
#9905=DIRECTION('',(-8.8706819667552E-14,-1.,2.22044604924948E-16));
#9906=DIRECTION('',(4.87804241444678E-15,-4.44089209850964E-16,-1.));
#9907=DIRECTION('center_axis',(8.8706819667552E-14,1.,-2.22044604924948E-16));
#9908=DIRECTION('ref_axis',(0.284963982399823,-2.88823805200948E-14,0.958538224973232));
#9909=DIRECTION('center_axis',(1.0273726314125E-13,1.,-4.44089209850463E-16));
#9910=DIRECTION('ref_axis',(0.284963982399823,-2.88823805200948E-14,0.958538224973232));
#9911=DIRECTION('',(8.8706819667552E-14,1.,-2.22044604924948E-16));
#9912=DIRECTION('center_axis',(0.837591057469638,-7.44213413559057E-14,
-0.546297739741703));
#9913=DIRECTION('ref_axis',(-0.546297739741703,5.57834951068722E-14,-0.837591057469638));
#9914=DIRECTION('',(0.546297739741703,-5.57531694904241E-14,0.837591057469638));
#9915=DIRECTION('',(8.8706819667552E-14,1.,-2.22044604924954E-16));
#9916=DIRECTION('',(8.8706819667552E-14,1.,-2.22044604924954E-16));
#9917=DIRECTION('',(8.8706819667552E-14,1.,-2.22044604924954E-16));
#9918=DIRECTION('',(8.8706819667552E-14,1.,-2.22044604924954E-16));
#9919=DIRECTION('',(8.8706819667552E-14,1.,-2.22044604924954E-16));
#9920=DIRECTION('',(8.8706819667552E-14,1.,-2.22044604924954E-16));
#9921=DIRECTION('center_axis',(-1.,8.8706819667552E-14,-4.87804241444682E-15));
#9922=DIRECTION('ref_axis',(-4.87804241444678E-15,4.44089209850967E-16,
1.));
#9923=DIRECTION('',(4.87804241444678E-15,-4.44089209850964E-16,-1.));
#9924=DIRECTION('',(8.8706819667552E-14,1.,-2.22044604924954E-16));
#9925=DIRECTION('',(8.8706819667552E-14,1.,-2.22044604924954E-16));
#9926=DIRECTION('',(8.8706819667552E-14,1.,-2.22044604924954E-16));
#9927=DIRECTION('',(8.8706819667552E-14,1.,-2.22044604924954E-16));
#9928=DIRECTION('',(8.8706819667552E-14,1.,-2.22044604924954E-16));
#9929=DIRECTION('center_axis',(1.,-8.8706819667552E-14,4.87804241444682E-15));
#9930=DIRECTION('ref_axis',(4.87804241444678E-15,-4.44089209850967E-16,
-1.));
#9931=DIRECTION('',(-8.8706819667552E-14,-1.,2.22044604924944E-16));
#9932=DIRECTION('',(-4.87804241444678E-15,4.44089209850964E-16,1.));
#9933=DIRECTION('center_axis',(8.8706819667552E-14,1.,-2.22044604924944E-16));
#9934=DIRECTION('ref_axis',(-0.287861153680663,2.91807342313565E-14,-0.957672154863885));
#9935=DIRECTION('center_axis',(1.0273726314125E-13,1.,-4.44089209850463E-16));
#9936=DIRECTION('ref_axis',(-0.287861153680663,2.91807342313565E-14,-0.957672154863885));
#9937=DIRECTION('center_axis',(-1.02848285443713E-13,-1.,4.44089209849976E-16));
#9938=DIRECTION('ref_axis',(-4.87804241444672E-15,4.44089209850477E-16,
1.));
#9939=DIRECTION('center_axis',(-1.02792774292481E-13,-1.,4.44089209850464E-16));
#9940=DIRECTION('ref_axis',(-4.87804241444672E-15,4.44089209850477E-16,
1.));
#9941=DIRECTION('',(-1.02848285443713E-13,-1.,4.44089209849976E-16));
#9942=DIRECTION('center_axis',(-1.02848285443713E-13,-1.,4.44089209849976E-16));
#9943=DIRECTION('ref_axis',(-4.87804241444672E-15,4.44089209850477E-16,
1.));
#9944=DIRECTION('center_axis',(-1.02792774292481E-13,-1.,4.44089209850464E-16));
#9945=DIRECTION('ref_axis',(-4.87804241444672E-15,4.44089209850477E-16,
1.));
#9946=DIRECTION('',(-1.02848285443713E-13,-1.,4.44089209849976E-16));
#9947=DIRECTION('center_axis',(-1.02848285443713E-13,-1.,4.44089209849976E-16));
#9948=DIRECTION('ref_axis',(-4.87804241444672E-15,4.44089209850477E-16,
1.));
#9949=DIRECTION('center_axis',(-1.02792774292481E-13,-1.,4.44089209850464E-16));
#9950=DIRECTION('ref_axis',(-4.87804241444672E-15,4.44089209850477E-16,
1.));
#9951=DIRECTION('',(-1.02848285443713E-13,-1.,4.44089209849976E-16));
#9952=DIRECTION('center_axis',(-1.02848285443713E-13,-1.,4.44089209849976E-16));
#9953=DIRECTION('ref_axis',(-4.87804241444672E-15,4.44089209850477E-16,
1.));
#9954=DIRECTION('center_axis',(-1.02792774292481E-13,-1.,4.44089209850464E-16));
#9955=DIRECTION('ref_axis',(-4.87804241444672E-15,4.44089209850477E-16,
1.));
#9956=DIRECTION('',(-1.02848285443713E-13,-1.,4.44089209849976E-16));
#9957=DIRECTION('center_axis',(-1.0273726314125E-13,-1.,4.44089209850463E-16));
#9958=DIRECTION('ref_axis',(4.89192020225464E-15,-4.44089209850966E-16,
-1.));
#9959=DIRECTION('center_axis',(1.0273726314125E-13,1.,-4.44089209850463E-16));
#9960=DIRECTION('ref_axis',(0.866025403784443,-8.9291272534854E-14,-0.499999999999993));
#9961=DIRECTION('',(-0.866025403784436,8.87510351906838E-14,-0.500000000000005));
#9962=DIRECTION('center_axis',(1.0273726314125E-13,1.,-4.44089209850463E-16));
#9963=DIRECTION('ref_axis',(4.87804241444675E-15,-4.44089209850477E-16,
-1.));
#9964=DIRECTION('',(-0.866025403784442,8.91951244005349E-14,0.499999999999995));
#9965=DIRECTION('center_axis',(1.0273726314125E-13,1.,-4.44089209850463E-16));
#9966=DIRECTION('ref_axis',(-0.866025403784437,8.88471833250035E-14,-0.500000000000003));
#9967=DIRECTION('',(-5.90362251385134E-15,4.4408920985107E-16,1.));
#9968=DIRECTION('center_axis',(1.0273726314125E-13,1.,-4.44089209850463E-16));
#9969=DIRECTION('ref_axis',(-0.866025403784442,8.9291272534854E-14,0.499999999999994));
#9970=DIRECTION('',(0.866025403784436,-8.87510351906838E-14,0.500000000000005));
#9971=DIRECTION('center_axis',(1.0273726314125E-13,1.,-4.44089209850463E-16));
#9972=DIRECTION('ref_axis',(-4.87804241444675E-15,4.44089209850477E-16,
1.));
#9973=DIRECTION('',(0.866025403784441,-8.91951244005348E-14,-0.499999999999995));
#9974=DIRECTION('',(5.39083246414906E-15,-4.44089209851017E-16,-1.));
#9975=DIRECTION('center_axis',(1.02848285443713E-13,1.,-4.44089209849976E-16));
#9976=DIRECTION('ref_axis',(-4.87804241444672E-15,4.44089209850731E-16,
1.));
#9977=DIRECTION('',(7.62606125464548E-14,0.70710678118656,-0.707106781186535));
#9978=DIRECTION('center_axis',(1.02792774292481E-13,1.,-4.44089209850464E-16));
#9979=DIRECTION('ref_axis',(-4.87804241444672E-15,4.44089209850965E-16,
1.));
#9980=DIRECTION('center_axis',(1.02848285443713E-13,1.,-4.44089209849976E-16));
#9981=DIRECTION('ref_axis',(-4.87804241444672E-15,4.44089209850731E-16,
1.));
#9982=DIRECTION('',(7.6260612546455E-14,0.707106781186563,-0.707106781186532));
#9983=DIRECTION('center_axis',(1.02792774292481E-13,1.,-4.44089209850464E-16));
#9984=DIRECTION('ref_axis',(-4.87804241444672E-15,4.44089209850965E-16,
1.));
#9985=DIRECTION('center_axis',(1.02848285443713E-13,1.,-4.44089209849976E-16));
#9986=DIRECTION('ref_axis',(-4.87804241444672E-15,4.44089209850731E-16,
1.));
#9987=DIRECTION('',(7.62606125464548E-14,0.70710678118656,-0.707106781186535));
#9988=DIRECTION('center_axis',(1.02792774292481E-13,1.,-4.44089209850464E-16));
#9989=DIRECTION('ref_axis',(-4.87804241444672E-15,4.44089209850965E-16,
1.));
#9990=DIRECTION('center_axis',(1.02848285443713E-13,1.,-4.44089209849976E-16));
#9991=DIRECTION('ref_axis',(-4.87804241444672E-15,4.44089209850731E-16,
1.));
#9992=DIRECTION('',(7.6260612546455E-14,0.707106781186563,-0.707106781186532));
#9993=DIRECTION('center_axis',(1.02792774292481E-13,1.,-4.44089209850464E-16));
#9994=DIRECTION('ref_axis',(-4.87804241444672E-15,4.44089209850965E-16,
1.));
#9995=DIRECTION('center_axis',(8.8706819667552E-14,1.,-2.22044604924952E-16));
#9996=DIRECTION('ref_axis',(-0.866025403784442,8.9291272534854E-14,0.499999999999994));
#9997=DIRECTION('',(8.8706819667552E-14,1.,-2.22044604924952E-16));
#9998=DIRECTION('center_axis',(-8.8706819667552E-14,-1.,2.22044604924954E-16));
#9999=DIRECTION('ref_axis',(-0.866025403784442,8.9291272534854E-14,0.499999999999994));
#10000=DIRECTION('',(-8.8706819667552E-14,-1.,2.22044604924952E-16));
#10001=DIRECTION('center_axis',(0.500000000000005,-4.45457061024147E-14,
-0.866025403784436));
#10002=DIRECTION('ref_axis',(-0.866025403784436,8.87991092578435E-14,-0.500000000000005));
#10003=DIRECTION('',(-0.866025403784436,7.67113370185624E-14,-0.500000000000005));
#10004=DIRECTION('',(8.8706819667552E-14,1.,-2.22044604924952E-16));
#10005=DIRECTION('center_axis',(8.8706819667552E-14,1.,-2.22044604924952E-16));
#10006=DIRECTION('ref_axis',(-4.87804241444675E-15,4.44089209850477E-16,
1.));
#10007=DIRECTION('center_axis',(-8.8706819667552E-14,-1.,2.22044604924954E-16));
#10008=DIRECTION('ref_axis',(-4.87804241444675E-15,4.44089209850477E-16,
1.));
#10009=DIRECTION('',(-8.8706819667552E-14,-1.,2.22044604924951E-16));
#10010=DIRECTION('center_axis',(-0.499999999999995,4.41611135651373E-14,
-0.866025403784441));
#10011=DIRECTION('ref_axis',(-0.866025403784441,8.92431984676945E-14,0.499999999999995));
#10012=DIRECTION('',(-0.866025403784441,7.69333816234878E-14,0.499999999999995));
#10013=DIRECTION('',(8.8706819667552E-14,1.,-2.22044604924954E-16));
#10014=DIRECTION('center_axis',(-1.,8.8706819667552E-14,-5.3908324641491E-15));
#10015=DIRECTION('ref_axis',(-5.39083246414906E-15,4.44089209851019E-16,
1.));
#10016=DIRECTION('',(8.8706819667552E-14,1.,-2.22044604924957E-16));
#10017=DIRECTION('',(-5.39083246414908E-15,2.22044604925432E-16,1.));
#10018=DIRECTION('center_axis',(8.8706819667552E-14,1.,-2.22044604924957E-16));
#10019=DIRECTION('ref_axis',(0.866025403784443,-8.9291272534854E-14,-0.499999999999993));
#10020=DIRECTION('center_axis',(-8.8706819667552E-14,-1.,2.22044604924954E-16));
#10021=DIRECTION('ref_axis',(0.866025403784443,-8.9291272534854E-14,-0.499999999999993));
#10022=DIRECTION('',(-8.8706819667552E-14,-1.,2.22044604924957E-16));
#10023=DIRECTION('center_axis',(-0.500000000000005,4.45457061024147E-14,
0.866025403784436));
#10024=DIRECTION('ref_axis',(0.866025403784436,-8.87991092578434E-14,0.500000000000005));
#10025=DIRECTION('',(0.866025403784436,-7.67113370185624E-14,0.500000000000005));
#10026=DIRECTION('',(8.8706819667552E-14,1.,-2.22044604924957E-16));
#10027=DIRECTION('center_axis',(8.8706819667552E-14,1.,-2.22044604924956E-16));
#10028=DIRECTION('ref_axis',(4.87804241444675E-15,-4.44089209850477E-16,
-1.));
#10029=DIRECTION('center_axis',(-8.8706819667552E-14,-1.,2.22044604924954E-16));
#10030=DIRECTION('ref_axis',(4.87804241444675E-15,-4.44089209850477E-16,
-1.));
#10031=DIRECTION('',(-8.8706819667552E-14,-1.,2.22044604924956E-16));
#10032=DIRECTION('center_axis',(0.499999999999995,-4.41611135651373E-14,
0.866025403784442));
#10033=DIRECTION('ref_axis',(0.866025403784442,-8.92431984676945E-14,-0.499999999999995));
#10034=DIRECTION('',(0.866025403784442,-7.69333816234878E-14,-0.499999999999995));
#10035=DIRECTION('',(8.8706819667552E-14,1.,-2.22044604924956E-16));
#10036=DIRECTION('center_axis',(8.8706819667552E-14,1.,-2.22044604924957E-16));
#10037=DIRECTION('ref_axis',(-0.866025403784437,8.88471833250035E-14,-0.500000000000003));
#10038=DIRECTION('center_axis',(-8.8706819667552E-14,-1.,2.22044604924954E-16));
#10039=DIRECTION('ref_axis',(-0.866025403784437,8.88471833250035E-14,-0.500000000000003));
#10040=DIRECTION('',(-8.8706819667552E-14,-1.,2.22044604924957E-16));
#10041=DIRECTION('center_axis',(1.,-8.8706819667552E-14,5.90362251385138E-15));
#10042=DIRECTION('ref_axis',(5.90362251385134E-15,-4.44089209851072E-16,
-1.));
#10043=DIRECTION('',(5.90362251385136E-15,-2.22044604925477E-16,-1.));
#10044=DIRECTION('center_axis',(-1.02792774292481E-13,-1.,4.44089209850464E-16));
#10045=DIRECTION('ref_axis',(4.88498130835068E-15,-4.44089209850966E-16,
-1.));
#10046=DIRECTION('center_axis',(-1.02792774292481E-13,-1.,4.44089209850464E-16));
#10047=DIRECTION('ref_axis',(-4.89192020225465E-15,4.44089209850967E-16,
1.));
#10048=DIRECTION('center_axis',(-1.02792774292481E-13,-1.,4.44089209850464E-16));
#10049=DIRECTION('ref_axis',(4.88498130835068E-15,-4.44089209850966E-16,
-1.));
#10050=DIRECTION('center_axis',(-1.02792774292481E-13,-1.,4.44089209850464E-16));
#10051=DIRECTION('ref_axis',(-4.89192020225464E-15,4.44089209850966E-16,
1.));
#10052=DIRECTION('center_axis',(-1.02792774292481E-13,-1.,4.44089209850464E-16));
#10053=DIRECTION('ref_axis',(4.88498130835068E-15,-4.44089209850966E-16,
-1.));
#10054=DIRECTION('center_axis',(-1.02792774292481E-13,-1.,4.44089209850464E-16));
#10055=DIRECTION('ref_axis',(-4.89192020225465E-15,4.44089209850966E-16,
1.));
#10056=DIRECTION('center_axis',(-1.02792774292481E-13,-1.,4.44089209850464E-16));
#10057=DIRECTION('ref_axis',(4.88498130835068E-15,-4.44089209850966E-16,
-1.));
#10058=DIRECTION('center_axis',(-1.02792774292481E-13,-1.,4.44089209850464E-16));
#10059=DIRECTION('ref_axis',(-4.89192020225465E-15,4.44089209850966E-16,
1.));
#10060=DIRECTION('center_axis',(8.8706819667552E-14,1.,-2.22044604924954E-16));
#10061=DIRECTION('ref_axis',(-3.8163916471485E-17,2.22044604924957E-16,
1.));
#10062=DIRECTION('center_axis',(8.8706819667552E-14,1.,-2.22044604924954E-16));
#10063=DIRECTION('ref_axis',(0.866025403784436,-8.88471833250034E-14,0.500000000000004));
#10064=DIRECTION('',(5.28287666421176E-15,-2.22044604925423E-16,-1.));
#10065=DIRECTION('center_axis',(8.8706819667552E-14,1.,-2.22044604924954E-16));
#10066=DIRECTION('ref_axis',(0.866025403784441,-8.92912725348539E-14,-0.499999999999997));
#10067=DIRECTION('',(-0.866025403784436,7.67113370185624E-14,-0.500000000000005));
#10068=DIRECTION('center_axis',(8.8706819667552E-14,1.,-2.22044604924954E-16));
#10069=DIRECTION('ref_axis',(8.29664274579531E-15,-4.44089209850829E-16,
-1.));
#10070=DIRECTION('',(-0.866025403784442,7.69333816234878E-14,0.499999999999995));
#10071=DIRECTION('center_axis',(8.8706819667552E-14,1.,-2.22044604924954E-16));
#10072=DIRECTION('ref_axis',(-0.866025403784435,8.88471833250034E-14,-0.500000000000006));
#10073=DIRECTION('',(-5.68771091397672E-15,2.22044604925458E-16,1.));
#10074=DIRECTION('center_axis',(8.8706819667552E-14,1.,-2.22044604924954E-16));
#10075=DIRECTION('ref_axis',(-0.866025403784442,8.9291272534854E-14,0.499999999999994));
#10076=DIRECTION('',(0.866025403784436,-7.67113370185624E-14,0.500000000000005));
#10077=DIRECTION('center_axis',(8.8706819667552E-14,1.,-2.22044604924954E-16));
#10078=DIRECTION('ref_axis',(-4.87804241444675E-15,4.44089209850477E-16,
1.));
#10079=DIRECTION('',(0.866025403784441,-7.69333816234878E-14,-0.499999999999995));
#10080=DIRECTION('center_axis',(-1.02848285443713E-13,-1.,4.44089209849976E-16));
#10081=DIRECTION('ref_axis',(-4.89192020225466E-15,3.29833248093159E-16,
1.));
#10082=DIRECTION('center_axis',(0.573576436351125,0.819152044288937,-1.10711284252582E-13));
#10083=DIRECTION('ref_axis',(0.819152044288938,-0.573576436351123,-1.59101779600896E-13));
#10084=DIRECTION('center_axis',(1.02792774292481E-13,1.,-4.44089209850464E-16));
#10085=DIRECTION('ref_axis',(-4.89192020225467E-15,2.22044604925417E-16,
1.));
#10086=DIRECTION('',(6.91790145171166E-14,0.707106781187649,0.707106781185446));
#10087=DIRECTION('center_axis',(1.02792774292481E-13,1.,-4.44089209850464E-16));
#10088=DIRECTION('ref_axis',(-4.89192020225467E-15,2.22044604925417E-16,
1.));
#10089=DIRECTION('center_axis',(-9.46280091322174E-14,-1.,2.22044604924954E-16));
#10090=DIRECTION('ref_axis',(1.,-9.46280091322174E-14,-1.51611178684839E-13));
#10091=DIRECTION('center_axis',(-1.0273726314125E-13,-1.,4.44089209850463E-16));
#10092=DIRECTION('ref_axis',(-4.89192020225467E-15,2.22044604925417E-16,
1.));
#10093=DIRECTION('center_axis',(-0.573576436351125,-0.819152044288937,1.10711284252582E-13));
#10094=DIRECTION('ref_axis',(-0.819152044288937,0.573576436351125,-4.13458598737937E-15));
#10095=DIRECTION('center_axis',(-0.573576436351125,-0.819152044288937,1.10711284252582E-13));
#10096=DIRECTION('ref_axis',(-0.819152044288937,0.573576436351125,-4.13458598737937E-15));
#10097=DIRECTION('center_axis',(-1.02848285443713E-13,-1.,4.44089209849976E-16));
#10098=DIRECTION('ref_axis',(-4.89192020225466E-15,3.29833248093159E-16,
1.));
#10099=DIRECTION('center_axis',(-0.573576436351125,-0.819152044288937,1.10711284252582E-13));
#10100=DIRECTION('ref_axis',(0.819152044288936,-0.573576436351125,-1.54670138366708E-13));
#10101=DIRECTION('center_axis',(1.02792774292481E-13,1.,-4.44089209850464E-16));
#10102=DIRECTION('ref_axis',(-4.89192020225467E-15,2.22044604925416E-16,
1.));
#10103=DIRECTION('',(6.91790145171169E-14,0.707106781187652,0.707106781185443));
#10104=DIRECTION('center_axis',(1.02792774292481E-13,1.,-4.44089209850464E-16));
#10105=DIRECTION('ref_axis',(-4.89192020225467E-15,2.22044604925416E-16,
1.));
#10106=DIRECTION('center_axis',(-9.46280091322174E-14,-1.,2.22044604924954E-16));
#10107=DIRECTION('ref_axis',(1.,-9.46280091322174E-14,-1.5516389236364E-13));
#10108=DIRECTION('center_axis',(-1.0273726314125E-13,-1.,4.44089209850463E-16));
#10109=DIRECTION('ref_axis',(4.89192020225467E-15,-2.22044604925416E-16,
-1.));
#10110=DIRECTION('center_axis',(-0.573576436351125,-0.819152044288937,1.10711284252582E-13));
#10111=DIRECTION('ref_axis',(-0.819152044288937,0.573576436351125,-4.13458598737937E-15));
#10112=DIRECTION('center_axis',(-0.573576436351125,-0.819152044288937,1.10711284252582E-13));
#10113=DIRECTION('ref_axis',(-0.819152044288937,0.573576436351125,-4.13458598737937E-15));
#10114=DIRECTION('center_axis',(-0.255337699082443,-0.819152044288967,0.513607425729506));
#10115=DIRECTION('ref_axis',(-0.364660025990542,0.573576436351082,0.733507421303541));
#10116=DIRECTION('center_axis',(3.45420150652912E-14,-0.819152044288988,
0.573576436351051));
#10117=DIRECTION('ref_axis',(5.02691698228764E-14,0.573576436351051,0.819152044288988));
#10118=DIRECTION('center_axis',(-1.02848285443713E-13,-1.,4.44089209849976E-16));
#10119=DIRECTION('ref_axis',(-4.89192020225466E-15,3.29833248093159E-16,
1.));
#10120=DIRECTION('center_axis',(-0.573576436350966,0.819152044289048,1.27043437627462E-13));
#10121=DIRECTION('ref_axis',(0.819152044289048,0.573576436350965,-1.82078608254477E-13));
#10122=DIRECTION('center_axis',(1.02792774292481E-13,1.,-4.44089209850464E-16));
#10123=DIRECTION('ref_axis',(-4.89192020225467E-15,2.22044604925416E-16,
1.));
#10124=DIRECTION('',(6.91790145168818E-14,0.707106781185472,0.707106781187623));
#10125=DIRECTION('center_axis',(1.02792774292481E-13,1.,-4.44089209850464E-16));
#10126=DIRECTION('ref_axis',(-4.89192020225467E-15,2.22044604925416E-16,
1.));
#10127=DIRECTION('center_axis',(-9.46280091322174E-14,-1.,2.22044604924954E-16));
#10128=DIRECTION('ref_axis',(-1.,9.46280091322174E-14,1.47936000326124E-13));
#10129=DIRECTION('center_axis',(-1.0273726314125E-13,-1.,4.44089209850463E-16));
#10130=DIRECTION('ref_axis',(-4.89192020225467E-15,2.22044604925416E-16,
1.));
#10131=DIRECTION('center_axis',(0.573576436350966,-0.819152044289048,-1.27043437627462E-13));
#10132=DIRECTION('ref_axis',(-0.819152044289048,-0.573576436350965,-3.87986688097173E-15));
#10133=DIRECTION('center_axis',(0.573576436350966,-0.819152044289048,-1.27043437627462E-13));
#10134=DIRECTION('ref_axis',(-0.819152044289048,-0.573576436350965,-3.87986688097173E-15));
#10135=DIRECTION('center_axis',(-1.02848285443713E-13,-1.,4.44089209849976E-16));
#10136=DIRECTION('ref_axis',(-4.89192020225466E-15,3.29833248093159E-16,
1.));
#10137=DIRECTION('center_axis',(0.573576436350966,-0.819152044289048,-1.27043437627462E-13));
#10138=DIRECTION('ref_axis',(0.819152044289047,0.573576436350967,-1.81047994013964E-13));
#10139=DIRECTION('center_axis',(1.02792774292481E-13,1.,-4.44089209850464E-16));
#10140=DIRECTION('ref_axis',(-4.89192020225467E-15,2.22044604925417E-16,
1.));
#10141=DIRECTION('',(6.91790145168821E-14,0.707106781185475,0.70710678118762));
#10142=DIRECTION('center_axis',(1.02792774292481E-13,1.,-4.44089209850464E-16));
#10143=DIRECTION('ref_axis',(-4.89192020225467E-15,2.22044604925417E-16,
1.));
#10144=DIRECTION('center_axis',(-9.46280091322174E-14,-1.,2.22044604924954E-16));
#10145=DIRECTION('ref_axis',(-1.,9.46280091322174E-14,1.1818202326617E-13));
#10146=DIRECTION('center_axis',(-1.0273726314125E-13,-1.,4.44089209850463E-16));
#10147=DIRECTION('ref_axis',(4.89192020225467E-15,-2.22044604925417E-16,
-1.));
#10148=DIRECTION('center_axis',(3.45420150652912E-14,-0.819152044288988,
0.573576436351051));
#10149=DIRECTION('ref_axis',(5.02691698228764E-14,0.573576436351051,0.819152044288988));
#10150=DIRECTION('center_axis',(0.255337699082487,-0.819152044289018,0.513607425729403));
#10151=DIRECTION('ref_axis',(0.36466002599094,0.573576436351009,0.733507421303401));
#10152=DIRECTION('center_axis',(0.573576436350966,-0.819152044289048,-1.27043437627462E-13));
#10153=DIRECTION('ref_axis',(-0.819152044289048,-0.573576436350965,-3.87986688097173E-15));
#10154=DIRECTION('center_axis',(0.573576436350966,-0.819152044289048,-1.27043437627462E-13));
#10155=DIRECTION('ref_axis',(-0.819152044289048,-0.573576436350965,-3.87986688097173E-15));
#10156=DIRECTION('center_axis',(-1.02848285443713E-13,-1.,4.44089209849976E-16));
#10157=DIRECTION('ref_axis',(-1.,1.02746834029394E-13,2.03003062347532E-13));
#10158=DIRECTION('center_axis',(0.573576436350966,-0.819152044289048,-1.27043437627462E-13));
#10159=DIRECTION('ref_axis',(0.81915204428905,0.573576436350964,-1.82344336046518E-13));
#10160=DIRECTION('center_axis',(0.573576436350966,-0.819152044289048,-1.27043437627462E-13));
#10161=DIRECTION('ref_axis',(0.81915204428905,0.573576436350964,-1.82344336046518E-13));
#10162=DIRECTION('center_axis',(0.255337699082271,-0.819152044289019,-0.513607425729509));
#10163=DIRECTION('ref_axis',(0.364660025990641,0.573576436351008,-0.73350742130355));
#10164=DIRECTION('center_axis',(-2.0295436644246E-13,-0.819152044288994,
-0.573576436351043));
#10165=DIRECTION('ref_axis',(-1.09199775130156E-13,0.573576436351042,-0.819152044288995));
#10166=DIRECTION('center_axis',(-1.02848285443713E-13,-1.,4.44089209849976E-16));
#10167=DIRECTION('ref_axis',(4.89192020225466E-15,-3.42637795531542E-16,
-1.));
#10168=DIRECTION('center_axis',(0.573576436350966,-0.819152044289048,-1.27043437627462E-13));
#10169=DIRECTION('ref_axis',(0.81915204428905,0.573576436350963,-1.76341578776963E-13));
#10170=DIRECTION('center_axis',(3.45420150652912E-14,-0.819152044288988,
0.573576436351051));
#10171=DIRECTION('ref_axis',(-2.26917180170767E-13,-0.573576436351051,-0.819152044288988));
#10172=DIRECTION('center_axis',(-1.02848285443713E-13,-1.,4.44089209849976E-16));
#10173=DIRECTION('ref_axis',(4.89192020225466E-15,-3.42637795531542E-16,
-1.));
#10174=DIRECTION('center_axis',(-0.573576436351125,-0.819152044288937,1.10711284252582E-13));
#10175=DIRECTION('ref_axis',(0.819152044288937,-0.573576436351124,-1.5877885286602E-13));
#10176=DIRECTION('center_axis',(3.45420150652912E-14,-0.819152044288988,
0.573576436351051));
#10177=DIRECTION('ref_axis',(-2.29933350091394E-13,-0.573576436351053,-0.819152044288987));
#10178=DIRECTION('center_axis',(-1.02848285443713E-13,-1.,4.44089209849976E-16));
#10179=DIRECTION('ref_axis',(1.,-1.02949736858032E-13,-1.75591996016743E-13));
#10180=DIRECTION('center_axis',(-0.573576436351125,-0.819152044288937,1.10711284252582E-13));
#10181=DIRECTION('ref_axis',(0.819152044288937,-0.573576436351124,-1.55095342723266E-13));
#10182=DIRECTION('center_axis',(-0.573576436351125,-0.819152044288937,1.10711284252582E-13));
#10183=DIRECTION('ref_axis',(0.819152044288937,-0.573576436351124,-1.55095342723266E-13));
#10184=DIRECTION('center_axis',(8.8706819667552E-14,1.,-2.22044604924954E-16));
#10185=DIRECTION('ref_axis',(-0.866025403784435,8.88471833250034E-14,-0.500000000000006));
#10186=DIRECTION('',(-8.8706819667552E-14,-1.,2.22044604924954E-16));
#10187=DIRECTION('',(8.8706819667552E-14,1.,-2.22044604924954E-16));
#10188=DIRECTION('center_axis',(-1.,8.8706819667552E-14,-5.68771091397674E-15));
#10189=DIRECTION('ref_axis',(-5.6877109139767E-15,4.4408920985105E-16,1.));
#10190=DIRECTION('',(-8.8706819667552E-14,-1.,2.2204460492495E-16));
#10191=DIRECTION('center_axis',(8.8706819667552E-14,1.,-2.2204460492495E-16));
#10192=DIRECTION('ref_axis',(-0.866025403784442,8.9291272534854E-14,0.499999999999994));
#10193=DIRECTION('',(8.8706819667552E-14,1.,-2.2204460492495E-16));
#10194=DIRECTION('center_axis',(-0.500000000000005,4.45457061024147E-14,
0.866025403784436));
#10195=DIRECTION('ref_axis',(0.866025403784436,-8.87991092578435E-14,0.500000000000005));
#10196=DIRECTION('',(-8.8706819667552E-14,-1.,2.22044604924953E-16));
#10197=DIRECTION('center_axis',(8.8706819667552E-14,1.,-2.22044604924954E-16));
#10198=DIRECTION('ref_axis',(-4.87804241444675E-15,4.44089209850477E-16,
1.));
#10199=DIRECTION('',(8.8706819667552E-14,1.,-2.22044604924954E-16));
#10200=DIRECTION('center_axis',(0.499999999999995,-4.41611135651373E-14,
0.866025403784441));
#10201=DIRECTION('ref_axis',(0.866025403784441,-8.92431984676945E-14,-0.499999999999995));
#10202=DIRECTION('',(-8.8706819667552E-14,-1.,2.22044604924956E-16));
#10203=DIRECTION('center_axis',(8.8706819667552E-14,1.,-2.22044604924956E-16));
#10204=DIRECTION('ref_axis',(0.866025403784436,-8.88471833250034E-14,0.500000000000004));
#10205=DIRECTION('',(8.8706819667552E-14,1.,-2.22044604924956E-16));
#10206=DIRECTION('center_axis',(1.,-8.8706819667552E-14,5.28287666421178E-15));
#10207=DIRECTION('ref_axis',(5.28287666421174E-15,-4.44089209851008E-16,
-1.));
#10208=DIRECTION('',(-8.8706819667552E-14,-1.,2.22044604924952E-16));
#10209=DIRECTION('center_axis',(8.8706819667552E-14,1.,-2.22044604924952E-16));
#10210=DIRECTION('ref_axis',(0.866025403784441,-8.92912725348539E-14,-0.499999999999997));
#10211=DIRECTION('',(8.8706819667552E-14,1.,-2.22044604924952E-16));
#10212=DIRECTION('center_axis',(0.500000000000005,-4.45457061024147E-14,
-0.866025403784436));
#10213=DIRECTION('ref_axis',(-0.866025403784436,8.87991092578435E-14,-0.500000000000005));
#10214=DIRECTION('',(-8.8706819667552E-14,-1.,2.22044604924953E-16));
#10215=DIRECTION('center_axis',(8.8706819667552E-14,1.,-2.22044604924953E-16));
#10216=DIRECTION('ref_axis',(8.29664274579531E-15,-4.44089209850829E-16,
-1.));
#10217=DIRECTION('',(8.8706819667552E-14,1.,-2.22044604924953E-16));
#10218=DIRECTION('center_axis',(-0.499999999999995,4.41611135651373E-14,
-0.866025403784442));
#10219=DIRECTION('ref_axis',(-0.866025403784442,8.92431984676945E-14,0.499999999999995));
#10220=DIRECTION('center_axis',(0.255337699082651,0.819152044288969,0.5136074257294));
#10221=DIRECTION('ref_axis',(0.942253863925603,-0.329890601542413,0.057704825892255));
#10222=DIRECTION('',(0.188922805698866,-0.563247438423309,0.804400706486791));
#10223=DIRECTION('',(0.895447220595131,-9.22929055127011E-14,-0.445167693266768));
#10224=DIRECTION('',(-0.730450049459684,0.51146663091737,-0.452597625604002));
#10225=DIRECTION('center_axis',(0.573576436351125,0.819152044288937,-1.10711284252582E-13));
#10226=DIRECTION('ref_axis',(0.819152044288937,-0.573576436351125,-1.78518129345092E-14));
#10227=DIRECTION('',(-1.92385008649399E-13,-4.44089209830677E-16,-1.));
#10228=DIRECTION('',(0.730450049459507,-0.511466630917368,-0.452597625604289));
#10229=DIRECTION('center_axis',(0.255337699082443,0.819152044288967,-0.513607425729506));
#10230=DIRECTION('ref_axis',(0.942253863925686,-0.329890601542184,-0.0577048258922173));
#10231=DIRECTION('',(-0.895447220595312,9.18975171744123E-14,-0.445167693266404));
#10232=DIRECTION('',(-0.188922805698561,0.563247438423314,0.804400706486859));
#10233=DIRECTION('center_axis',(-3.45420150652912E-14,0.819152044288988,
-0.573576436351051));
#10234=DIRECTION('ref_axis',(1.,6.91035777791872E-14,3.84679713842165E-14));
#10235=DIRECTION('',(-1.,1.02848285443713E-13,2.07104739333158E-13));
#10236=DIRECTION('',(0.188922805699,0.563247438423277,0.804400706486783));
#10237=DIRECTION('center_axis',(-0.255337699082487,0.819152044289018,-0.513607425729403));
#10238=DIRECTION('ref_axis',(0.942253863925669,0.329890601542226,0.0577048258922556));
#10239=DIRECTION('',(-0.895447220595128,9.22929055127008E-14,0.445167693266773));
#10240=DIRECTION('',(-0.730450049459791,-0.511466630917223,-0.452597625603995));
#10241=DIRECTION('center_axis',(-0.573576436350966,0.819152044289048,1.27043437627462E-13));
#10242=DIRECTION('ref_axis',(0.819152044289048,0.573576436350966,-2.16937787529372E-14));
#10243=DIRECTION('',(2.22127699356149E-13,4.44089209827618E-16,1.));
#10244=DIRECTION('',(0.730450049459593,0.511466630917226,-0.452597625604312));
#10245=DIRECTION('center_axis',(-0.255337699082271,0.819152044289019,0.513607425729509));
#10246=DIRECTION('ref_axis',(0.942253863925755,0.329890601541987,-0.0577048258922173));
#10247=DIRECTION('',(0.895447220595315,-9.18975171744126E-14,0.445167693266397));
#10248=DIRECTION('',(0.188922805698634,0.563247438423272,-0.804400706486872));
#10249=DIRECTION('center_axis',(2.0295436644246E-13,0.819152044288994,0.573576436351043));
#10250=DIRECTION('ref_axis',(1.,-2.74680767590447E-13,3.84446508932748E-14));
#10251=DIRECTION('',(1.,-1.02848285443713E-13,-2.06957565978136E-13));
#10252=DIRECTION('center_axis',(-1.02848285443713E-13,-1.,4.44089209850464E-16));
#10253=DIRECTION('ref_axis',(4.87804241444672E-15,-4.44089209850965E-16,
-1.));
#10254=DIRECTION('',(0.895447220595315,-9.18975171744126E-14,0.445167693266397));
#10255=DIRECTION('',(1.,-1.02848285443713E-13,-2.07082466068406E-13));
#10256=DIRECTION('',(0.895447220595131,-9.22929055127011E-14,-0.445167693266768));
#10257=DIRECTION('',(-1.92398886437207E-13,-4.44089209830676E-16,-1.));
#10258=DIRECTION('',(-0.895447220595312,9.18975171744122E-14,-0.445167693266404));
#10259=DIRECTION('',(-1.,1.02848285443713E-13,2.07007594818503E-13));
#10260=DIRECTION('',(-0.895447220595128,9.22929055127008E-14,0.445167693266773));
#10261=DIRECTION('',(2.22141577143957E-13,4.44089209827617E-16,1.));
#10262=DIRECTION('center_axis',(-0.314781094674031,0.707106781186582,-0.633176801877462));
#10263=DIRECTION('ref_axis',(0.913566160572553,0.40669014034855,4.27580777659482E-15));
#10264=DIRECTION('',(-0.163828377060071,-0.697552959591558,-0.697552959591544));
#10265=DIRECTION('',(-0.895447220595131,9.22929055127011E-14,0.445167693266768));
#10266=DIRECTION('',(-0.647670235808491,-0.647670235808274,-0.4013060319704));
#10267=DIRECTION('center_axis',(-0.707106781186467,0.707106781186628,1.35732538800751E-13));
#10268=DIRECTION('ref_axis',(0.707106781186628,0.707106781186467,3.13527837843428E-15));
#10269=DIRECTION('',(1.92398886437207E-13,4.44089209830676E-16,1.));
#10270=DIRECTION('',(-0.647670235808329,-0.647670235808265,0.401306031970677));
#10271=DIRECTION('center_axis',(-0.314781094673772,0.707106781186586,0.633176801877586));
#10272=DIRECTION('ref_axis',(0.913566160572682,0.406690140348262,4.27580777659557E-15));
#10273=DIRECTION('',(0.895447220595312,-9.18975171744122E-14,0.445167693266404));
#10274=DIRECTION('',(-0.163828377059754,-0.697552959591564,0.697552959591612));
#10275=DIRECTION('center_axis',(2.19101194123939E-13,0.707106781186556,
0.707106781186539));
#10276=DIRECTION('ref_axis',(1.,-3.14733922676658E-13,4.87804241444689E-15));
#10277=DIRECTION('',(1.,-1.02848285443713E-13,-2.07007594818503E-13));
#10278=DIRECTION('',(0.163828377059973,-0.697552959591586,0.697552959591539));
#10279=DIRECTION('center_axis',(0.314781094674171,0.707106781186539,0.63317680187744));
#10280=DIRECTION('ref_axis',(0.913566160572477,-0.406690140348722,4.63702118275726E-15));
#10281=DIRECTION('',(0.895447220595128,-9.22929055127008E-14,-0.445167693266773));
#10282=DIRECTION('',(0.647670235808367,-0.647670235808387,0.401306031970418));
#10283=DIRECTION('center_axis',(0.707106781186589,0.707106781186506,-1.57391834073697E-13));
#10284=DIRECTION('ref_axis',(0.707106781186506,-0.707106781186589,3.76331536190776E-15));
#10285=DIRECTION('',(-2.22141577143957E-13,-4.44089209827617E-16,-1.));
#10286=DIRECTION('',(0.647670235808196,-0.647670235808385,-0.401306031970697));
#10287=DIRECTION('center_axis',(0.314781094673914,0.707106781186517,-0.633176801877592));
#10288=DIRECTION('ref_axis',(0.913566160572599,-0.406690140348448,4.63702118275773E-15));
#10289=DIRECTION('',(-0.895447220595315,9.18975171744126E-14,-0.445167693266397));
#10290=DIRECTION('',(-0.163828377059609,0.697552959591591,0.697552959591619));
#10291=DIRECTION('center_axis',(-7.37046959511442E-14,0.707106781186547,
-0.707106781186548));
#10292=DIRECTION('ref_axis',(1.,1.0911222303914E-13,4.8780424144467E-15));
#10293=DIRECTION('',(-1.,1.02848285443713E-13,2.07082466068406E-13));
#10294=DIRECTION('center_axis',(-0.445167693266768,4.53870755387634E-14,
-0.895447220595131));
#10295=DIRECTION('ref_axis',(0.895447220595131,-9.22929055127011E-14,-0.445167693266768));
#10296=DIRECTION('',(-1.02848285443713E-13,-1.,4.44089209849976E-16));
#10297=DIRECTION('',(-0.895447220595131,9.22929055127009E-14,0.445167693266768));
#10298=DIRECTION('',(-1.02848285443713E-13,-1.,4.44089209849976E-16));
#10299=DIRECTION('center_axis',(-1.,1.02848285443713E-13,1.92398886437207E-13));
#10300=DIRECTION('ref_axis',(-1.92398886437207E-13,-4.44089209830676E-16,
-1.));
#10301=DIRECTION('',(-1.02848285443713E-13,-1.,4.44089209849976E-16));
#10302=DIRECTION('center_axis',(-0.445167693266404,4.61823924360388E-14,
0.895447220595312));
#10303=DIRECTION('ref_axis',(-0.895447220595312,9.18975171744122E-14,-0.445167693266404));
#10304=DIRECTION('',(0.895447220595312,-9.18975171744126E-14,0.445167693266404));
#10305=DIRECTION('',(1.02848285443713E-13,1.,-4.44089209849976E-16));
#10306=DIRECTION('center_axis',(2.07007594818503E-13,4.44089209828685E-16,
1.));
#10307=DIRECTION('ref_axis',(-1.,1.02848285443713E-13,2.07007594818503E-13));
#10308=DIRECTION('',(1.02848285443713E-13,1.,-4.44089209849976E-16));
#10309=DIRECTION('center_axis',(0.445167693266773,-4.53870755387639E-14,
0.895447220595128));
#10310=DIRECTION('ref_axis',(-0.895447220595128,9.22929055127008E-14,0.445167693266773));
#10311=DIRECTION('',(0.895447220595128,-9.22929055127007E-14,-0.445167693266773));
#10312=DIRECTION('',(-1.02848285443713E-13,-1.,4.44089209849976E-16));
#10313=DIRECTION('center_axis',(1.,-1.02848285443713E-13,-2.22141577143957E-13));
#10314=DIRECTION('ref_axis',(2.22141577143957E-13,4.44089209827617E-16,
1.));
#10315=DIRECTION('',(-1.02848285443713E-13,-1.,4.44089209849976E-16));
#10316=DIRECTION('center_axis',(0.445167693266397,-4.61823924360381E-14,
-0.895447220595315));
#10317=DIRECTION('ref_axis',(0.895447220595315,-9.18975171744126E-14,0.445167693266397));
#10318=DIRECTION('',(-0.895447220595315,9.20085394768755E-14,-0.445167693266397));
#10319=DIRECTION('',(-1.02848285443713E-13,-1.,4.44089209849976E-16));
#10320=DIRECTION('center_axis',(-2.07082466068406E-13,-4.44089209828677E-16,
-1.));
#10321=DIRECTION('ref_axis',(1.,-1.02848285443713E-13,-2.07082466068406E-13));
#10322=DIRECTION('center_axis',(-0.385526531313191,-0.499999999999962,-0.775480040783551));
#10323=DIRECTION('ref_axis',(0.895447220595131,-9.22929055127011E-14,-0.445167693266768));
#10324=DIRECTION('center_axis',(-0.385526531312876,-0.499999999999959,0.775480040783709));
#10325=DIRECTION('ref_axis',(-0.895447220595312,9.18975171744122E-14,-0.445167693266404));
#10326=DIRECTION('center_axis',(0.385526531313093,-0.500000000000039,0.77548004078355));
#10327=DIRECTION('ref_axis',(-0.895447220595128,9.22929055127008E-14,0.445167693266773));
#10328=DIRECTION('center_axis',(0.385526531312767,-0.50000000000004,-0.775480040783711));
#10329=DIRECTION('ref_axis',(0.895447220595315,-9.18975171744126E-14,0.445167693266397));
#10330=CARTESIAN_POINT('',(0.,0.,0.));
#10331=CARTESIAN_POINT('Origin',(507.771184364006,-242.88872431664,92.2746458595461));
#10332=CARTESIAN_POINT('',(513.740640530376,-242.605881604166,91.8746458595461));
#10333=CARTESIAN_POINT('',(513.858055481419,-242.88872431664,91.8746458595461));
#10334=CARTESIAN_POINT('Ctrl Pts',(513.740640530376,-242.605881604166,91.8746458595461));
#10335=CARTESIAN_POINT('Ctrl Pts',(513.7406833269,-242.605924304934,91.8746458595461));
#10336=CARTESIAN_POINT('Ctrl Pts',(513.740726104529,-242.60596700619,91.8746458595461));
#10337=CARTESIAN_POINT('Ctrl Pts',(513.775712206104,-242.640906457819,91.8746458595461));
#10338=CARTESIAN_POINT('Ctrl Pts',(513.808673066906,-242.690155650519,91.8746458595461));
#10339=CARTESIAN_POINT('Ctrl Pts',(513.846489595928,-242.781339221757,91.8746458595461));
#10340=CARTESIAN_POINT('Ctrl Pts',(513.858055481419,-242.83939432697,91.8746458595461));
#10341=CARTESIAN_POINT('Ctrl Pts',(513.858055481419,-242.88872431664,91.8746458595461));
#10342=CARTESIAN_POINT('',(511.161030084226,-242.88872431664,87.2032608423044));
#10343=CARTESIAN_POINT('Origin',(507.771184364006,-242.88872431664,92.2746458595461));
#10344=CARTESIAN_POINT('',(511.102322608705,-242.605881604166,87.3049451726921));
#10345=CARTESIAN_POINT('Ctrl Pts',(511.161030084226,-242.88872431664,87.2032608423044));
#10346=CARTESIAN_POINT('Ctrl Pts',(511.161030084226,-242.839394326969,87.2032608423044));
#10347=CARTESIAN_POINT('Ctrl Pts',(511.155247141481,-242.781339221756,87.2132771929571));
#10348=CARTESIAN_POINT('Ctrl Pts',(511.13633887697,-242.690155650519,87.2460272677735));
#10349=CARTESIAN_POINT('Ctrl Pts',(511.119858446569,-242.640906457819,87.2745722105584));
#10350=CARTESIAN_POINT('Ctrl Pts',(511.102365395781,-242.605967006189,87.3048710633014));
#10351=CARTESIAN_POINT('Ctrl Pts',(511.102344006967,-242.605924304933,87.3049081098145));
#10352=CARTESIAN_POINT('Ctrl Pts',(511.102322608705,-242.605881604166,87.3049451726921));
#10353=CARTESIAN_POINT('Origin',(507.771184364006,-242.605881604165,92.2746458595461));
#10354=CARTESIAN_POINT('Origin',(507.771184364006,-242.593749569809,92.2746458595461));
#10355=CARTESIAN_POINT('',(510.981329813123,-242.364460247928,87.5145108419893));
#10356=CARTESIAN_POINT('Ctrl Pts',(511.102322608705,-242.605881604166,87.3049451726921));
#10357=CARTESIAN_POINT('Ctrl Pts',(511.040580493288,-242.482673667968,87.4118856535608));
#10358=CARTESIAN_POINT('Ctrl Pts',(510.981329813123,-242.364460247928,87.5145108419893));
#10359=CARTESIAN_POINT('',(513.498654939213,-242.364460247928,91.8746458595461));
#10360=CARTESIAN_POINT('Origin',(507.771184364006,-242.364460247928,92.2746458595461));
#10361=CARTESIAN_POINT('Ctrl Pts',(513.740640530376,-242.605881604166,91.8746458595461));
#10362=CARTESIAN_POINT('Ctrl Pts',(513.617156299543,-242.482673667969,91.8746458595461));
#10363=CARTESIAN_POINT('Ctrl Pts',(513.498654939215,-242.364460247931,91.8746458595461));
#10364=CARTESIAN_POINT('Origin',(504.108587291235,-245.764460247928,99.418450077238));
#10365=CARTESIAN_POINT('',(511.161030084226,-243.508825329318,87.2032608423044));
#10366=CARTESIAN_POINT('',(511.161030084226,-243.364460247928,87.2032608423044));
#10367=CARTESIAN_POINT('',(511.102322608705,-243.791668041793,87.3049451726922));
#10368=CARTESIAN_POINT('Ctrl Pts',(511.102322608705,-243.791668041793,87.3049451726923));
#10369=CARTESIAN_POINT('Ctrl Pts',(511.102344006967,-243.791625341025,87.3049081098147));
#10370=CARTESIAN_POINT('Ctrl Pts',(511.102365395781,-243.791582639769,87.3048710633015));
#10371=CARTESIAN_POINT('Ctrl Pts',(511.119858446569,-243.756643188139,87.2745722105584));
#10372=CARTESIAN_POINT('Ctrl Pts',(511.136338876969,-243.707393995439,87.2460272677735));
#10373=CARTESIAN_POINT('Ctrl Pts',(511.155247141481,-243.616210424202,87.2132771929571));
#10374=CARTESIAN_POINT('Ctrl Pts',(511.161030084226,-243.558155318989,87.2032608423044));
#10375=CARTESIAN_POINT('Ctrl Pts',(511.161030084226,-243.508825329318,87.2032608423044));
#10376=CARTESIAN_POINT('',(510.910442534273,-244.174510754267,87.637291210567));
#10377=CARTESIAN_POINT('Ctrl Pts',(510.910442534273,-244.174510754267,87.6372912105669));
#10378=CARTESIAN_POINT('Ctrl Pts',(511.003211506752,-243.989446725653,87.4766106368686));
#10379=CARTESIAN_POINT('Ctrl Pts',(511.102322608705,-243.791668041793,87.3049451726922));
#10380=CARTESIAN_POINT('',(510.910442534273,-252.564460247928,87.637291210567));
#10381=CARTESIAN_POINT('',(510.910442534273,-245.964460247928,87.637291210567));
#10382=CARTESIAN_POINT('',(509.216204758697,-252.564460247928,90.5717971179659));
#10383=CARTESIAN_POINT('',(464.515404013528,-252.564460247923,167.995855147611));
#10384=CARTESIAN_POINT('',(509.755428460935,-246.164460247928,89.6378342690452));
#10385=CARTESIAN_POINT('Ctrl Pts',(509.216204757794,-252.564460247644,90.5717971193845));
#10386=CARTESIAN_POINT('Ctrl Pts',(509.281388353348,-251.794905279175,90.4588958200655));
#10387=CARTESIAN_POINT('Ctrl Pts',(509.527566923531,-248.878637389406,90.0325020287742));
#10388=CARTESIAN_POINT('Ctrl Pts',(509.755428459978,-246.164460247627,89.6378342705585));
#10389=CARTESIAN_POINT('',(509.755428460936,-242.364460247928,89.6378342690452));
#10390=CARTESIAN_POINT('',(509.755428460935,-245.764460247928,89.6378342690452));
#10391=CARTESIAN_POINT('',(463.894352473886,-242.364460247923,169.071547968392));
#10392=CARTESIAN_POINT('Origin',(507.771184364006,-243.508825329317,92.2746458595461));
#10393=CARTESIAN_POINT('',(513.858055481419,-243.508825329318,91.8746458595461));
#10394=CARTESIAN_POINT('Origin',(507.771184364006,-243.508825329317,92.2746458595461));
#10395=CARTESIAN_POINT('',(513.740640530376,-243.791668041793,91.8746458595461));
#10396=CARTESIAN_POINT('Ctrl Pts',(513.858055481419,-243.508825329318,91.8746458595461));
#10397=CARTESIAN_POINT('Ctrl Pts',(513.858055481419,-243.558155318989,91.8746458595461));
#10398=CARTESIAN_POINT('Ctrl Pts',(513.846489595928,-243.616210424202,91.8746458595461));
#10399=CARTESIAN_POINT('Ctrl Pts',(513.808673066905,-243.707393995439,91.8746458595461));
#10400=CARTESIAN_POINT('Ctrl Pts',(513.775712206104,-243.756643188139,91.8746458595461));
#10401=CARTESIAN_POINT('Ctrl Pts',(513.740726104529,-243.791582639769,91.8746458595461));
#10402=CARTESIAN_POINT('Ctrl Pts',(513.7406833269,-243.791625341025,91.8746458595461));
#10403=CARTESIAN_POINT('Ctrl Pts',(513.740640530376,-243.791668041793,91.8746458595461));
#10404=CARTESIAN_POINT('Origin',(507.771184364006,-243.791668041792,92.2746458595461));
#10405=CARTESIAN_POINT('Origin',(507.771184364006,-244.369485501097,92.2746458595461));
#10406=CARTESIAN_POINT('',(513.356880381514,-244.174510754267,91.8746458595461));
#10407=CARTESIAN_POINT('Ctrl Pts',(513.356880381493,-244.174510754288,91.8746458595461));
#10408=CARTESIAN_POINT('Ctrl Pts',(513.542418326459,-243.989446725664,91.8746458595461));
#10409=CARTESIAN_POINT('Ctrl Pts',(513.740640530376,-243.791668041793,91.8746458595461));
#10410=CARTESIAN_POINT('Origin',(507.771184364006,-244.174510754267,92.2746458595461));
#10411=CARTESIAN_POINT('Origin',(507.771184364006,-242.88872431664,92.2746458595461));
#10412=CARTESIAN_POINT('',(510.409502285677,-242.605881604166,86.9049451726921));
#10413=CARTESIAN_POINT('',(510.468209761199,-242.88872431664,86.8032608423044));
#10414=CARTESIAN_POINT('Ctrl Pts',(510.409502285677,-242.605881604166,86.9049451726921));
#10415=CARTESIAN_POINT('Ctrl Pts',(510.409523683939,-242.605924304933,86.9049081098146));
#10416=CARTESIAN_POINT('Ctrl Pts',(510.409545072754,-242.605967006189,86.9048710633014));
#10417=CARTESIAN_POINT('Ctrl Pts',(510.427038123541,-242.640906457819,86.8745722105584));
#10418=CARTESIAN_POINT('Ctrl Pts',(510.443518553942,-242.690155650519,86.8460272677735));
#10419=CARTESIAN_POINT('Ctrl Pts',(510.462426818453,-242.781339221756,86.8132771929571));
#10420=CARTESIAN_POINT('Ctrl Pts',(510.468209761199,-242.839394326969,86.8032608423044));
#10421=CARTESIAN_POINT('Ctrl Pts',(510.468209761199,-242.88872431664,86.8032608423044));
#10422=CARTESIAN_POINT('',(505.074158966813,-242.88872431664,86.8032608423044));
#10423=CARTESIAN_POINT('Origin',(507.771184364006,-242.88872431664,92.2746458595461));
#10424=CARTESIAN_POINT('',(505.132866442335,-242.605881604165,86.9049451726922));
#10425=CARTESIAN_POINT('Ctrl Pts',(505.074158966813,-242.88872431664,86.8032608423044));
#10426=CARTESIAN_POINT('Ctrl Pts',(505.074158966813,-242.839394326969,86.8032608423044));
#10427=CARTESIAN_POINT('Ctrl Pts',(505.079941909559,-242.781339221756,86.8132771929571));
#10428=CARTESIAN_POINT('Ctrl Pts',(505.09885017407,-242.690155650519,86.8460272677735));
#10429=CARTESIAN_POINT('Ctrl Pts',(505.115330604471,-242.640906457819,86.8745722105584));
#10430=CARTESIAN_POINT('Ctrl Pts',(505.132823655258,-242.605967006189,86.9048710633014));
#10431=CARTESIAN_POINT('Ctrl Pts',(505.132845044072,-242.605924304933,86.9049081098145));
#10432=CARTESIAN_POINT('Ctrl Pts',(505.132866442335,-242.605881604165,86.904945172692));
#10433=CARTESIAN_POINT('Origin',(507.771184364006,-242.605881604165,92.2746458595461));
#10434=CARTESIAN_POINT('Origin',(507.771184364006,-243.364460247928,92.2746458595461));
#10435=CARTESIAN_POINT('',(510.468209761199,-243.508825329318,86.8032608423044));
#10436=CARTESIAN_POINT('',(510.468209761199,-243.364460247928,86.8032608423044));
#10437=CARTESIAN_POINT('',(505.074158966813,-243.508825329317,86.8032608423044));
#10438=CARTESIAN_POINT('Origin',(507.771184364006,-243.508825329317,92.2746458595461));
#10439=CARTESIAN_POINT('',(505.074158966813,-243.364460247928,86.8032608423044));
#10440=CARTESIAN_POINT('Origin',(506.905158960221,-245.764460247928,92.9746458595461));
#10441=CARTESIAN_POINT('',(510.288509490096,-242.364460247928,87.1145108419893));
#10442=CARTESIAN_POINT('Ctrl Pts',(510.288509490096,-242.364460247929,87.1145108419889));
#10443=CARTESIAN_POINT('Ctrl Pts',(510.34776017026,-242.482673667968,87.0118856535605));
#10444=CARTESIAN_POINT('Ctrl Pts',(510.409502285677,-242.605881604166,86.9049451726921));
#10445=CARTESIAN_POINT('',(509.062608137908,-242.364460247928,89.2378342690452));
#10446=CARTESIAN_POINT('',(464.946228146865,-242.364460247923,165.649645859546));
#10447=CARTESIAN_POINT('',(509.062608137908,-246.164460247928,89.2378342690452));
#10448=CARTESIAN_POINT('',(509.062608137908,-245.764460247928,89.2378342690452));
#10449=CARTESIAN_POINT('',(508.52338443567,-252.564460247928,90.1717971179659));
#10450=CARTESIAN_POINT('Ctrl Pts',(509.062608137083,-246.16446024763,89.2378342706212));
#10451=CARTESIAN_POINT('Ctrl Pts',(508.741022917068,-249.995028876767,89.7948362106504));
#10452=CARTESIAN_POINT('Ctrl Pts',(508.5233844349,-252.564460247645,90.1717971194481));
#10453=CARTESIAN_POINT('',(510.217622211245,-252.564460247928,87.2372912105669));
#10454=CARTESIAN_POINT('',(465.567279686507,-252.564460247924,164.573953038765));
#10455=CARTESIAN_POINT('',(510.217622211246,-244.174510754267,87.237291210567));
#10456=CARTESIAN_POINT('',(510.217622211246,-245.964460247928,87.2372912105669));
#10457=CARTESIAN_POINT('',(510.409502285677,-243.791668041792,86.9049451726922));
#10458=CARTESIAN_POINT('Ctrl Pts',(510.409502285677,-243.791668041792,86.9049451726922));
#10459=CARTESIAN_POINT('Ctrl Pts',(510.310391183724,-243.989446725652,87.0766106368685));
#10460=CARTESIAN_POINT('Ctrl Pts',(510.217622211246,-244.174510754267,87.2372912105669));
#10461=CARTESIAN_POINT('Ctrl Pts',(510.468209761199,-243.508825329318,86.8032608423044));
#10462=CARTESIAN_POINT('Ctrl Pts',(510.468209761199,-243.558155318988,86.8032608423044));
#10463=CARTESIAN_POINT('Ctrl Pts',(510.462426818453,-243.616210424202,86.8132771929571));
#10464=CARTESIAN_POINT('Ctrl Pts',(510.443518553942,-243.707393995439,86.8460272677735));
#10465=CARTESIAN_POINT('Ctrl Pts',(510.427038123541,-243.756643188139,86.8745722105584));
#10466=CARTESIAN_POINT('Ctrl Pts',(510.409545072754,-243.791582639769,86.9048710633014));
#10467=CARTESIAN_POINT('Ctrl Pts',(510.409523683939,-243.791625341024,86.9049081098145));
#10468=CARTESIAN_POINT('Ctrl Pts',(510.409502285677,-243.791668041792,86.9049451726921));
#10469=CARTESIAN_POINT('Origin',(507.771184364006,-243.508825329317,92.2746458595461));
#10470=CARTESIAN_POINT('',(505.132866442335,-243.791668041792,86.9049451726922));
#10471=CARTESIAN_POINT('Ctrl Pts',(505.132866442335,-243.791668041792,86.9049451726922));
#10472=CARTESIAN_POINT('Ctrl Pts',(505.132845044072,-243.791625341024,86.9049081098147));
#10473=CARTESIAN_POINT('Ctrl Pts',(505.132823655258,-243.791582639768,86.9048710633015));
#10474=CARTESIAN_POINT('Ctrl Pts',(505.115330604471,-243.756643188138,86.8745722105584));
#10475=CARTESIAN_POINT('Ctrl Pts',(505.09885017407,-243.707393995438,86.8460272677735));
#10476=CARTESIAN_POINT('Ctrl Pts',(505.079941909559,-243.616210424201,86.8132771929571));
#10477=CARTESIAN_POINT('Ctrl Pts',(505.074158966813,-243.558155318988,86.8032608423045));
#10478=CARTESIAN_POINT('Ctrl Pts',(505.074158966813,-243.508825329317,86.8032608423045));
#10479=CARTESIAN_POINT('Origin',(507.771184364006,-243.791668041792,92.2746458595461));
#10480=CARTESIAN_POINT('Origin',(507.771184364006,-244.369485501097,92.2746458595461));
#10481=CARTESIAN_POINT('',(505.324746516766,-244.174510754266,87.237291210567));
#10482=CARTESIAN_POINT('Origin',(507.771184364006,-244.174510754267,92.2746458595461));
#10483=CARTESIAN_POINT('Ctrl Pts',(505.132866442335,-243.791668041792,86.9049451726922));
#10484=CARTESIAN_POINT('Ctrl Pts',(505.231977544288,-243.989446725653,87.0766106368694));
#10485=CARTESIAN_POINT('Ctrl Pts',(505.324746516767,-244.174510754268,87.2372912105684));
#10486=CARTESIAN_POINT('Origin',(507.771184364006,-242.88872431664,92.2746458595461));
#10487=CARTESIAN_POINT('',(504.440046119307,-242.605881604165,87.3049451726921));
#10488=CARTESIAN_POINT('',(504.381338643786,-242.88872431664,87.2032608423044));
#10489=CARTESIAN_POINT('Ctrl Pts',(504.440046119307,-242.605881604165,87.3049451726922));
#10490=CARTESIAN_POINT('Ctrl Pts',(504.440024721045,-242.605924304933,87.3049081098146));
#10491=CARTESIAN_POINT('Ctrl Pts',(504.440003332231,-242.605967006189,87.3048710633015));
#10492=CARTESIAN_POINT('Ctrl Pts',(504.422510281443,-242.640906457819,87.2745722105585));
#10493=CARTESIAN_POINT('Ctrl Pts',(504.406029851042,-242.690155650518,87.2460272677735));
#10494=CARTESIAN_POINT('Ctrl Pts',(504.387121586531,-242.781339221756,87.2132771929571));
#10495=CARTESIAN_POINT('Ctrl Pts',(504.381338643786,-242.839394326969,87.2032608423044));
#10496=CARTESIAN_POINT('Ctrl Pts',(504.381338643786,-242.88872431664,87.2032608423044));
#10497=CARTESIAN_POINT('',(501.684313246593,-242.888724316639,91.8746458595461));
#10498=CARTESIAN_POINT('Origin',(507.771184364006,-242.88872431664,92.2746458595461));
#10499=CARTESIAN_POINT('',(501.801728197636,-242.605881604164,91.8746458595461));
#10500=CARTESIAN_POINT('Ctrl Pts',(501.684313246593,-242.888724316639,91.8746458595461));
#10501=CARTESIAN_POINT('Ctrl Pts',(501.684313246593,-242.839394326969,91.8746458595461));
#10502=CARTESIAN_POINT('Ctrl Pts',(501.695879132084,-242.781339221755,91.8746458595461));
#10503=CARTESIAN_POINT('Ctrl Pts',(501.733695661106,-242.690155650518,91.8746458595461));
#10504=CARTESIAN_POINT('Ctrl Pts',(501.766656521908,-242.640906457818,91.8746458595461));
#10505=CARTESIAN_POINT('Ctrl Pts',(501.801642623483,-242.605967006188,91.8746458595461));
#10506=CARTESIAN_POINT('Ctrl Pts',(501.801685401112,-242.605924304932,91.8746458595461));
#10507=CARTESIAN_POINT('Ctrl Pts',(501.801728197636,-242.605881604165,91.8746458595461));
#10508=CARTESIAN_POINT('Origin',(507.771184364006,-242.605881604165,92.2746458595461));
#10509=CARTESIAN_POINT('Origin',(507.771184364006,-243.364460247928,92.2746458595461));
#10510=CARTESIAN_POINT('',(504.381338643785,-243.508825329317,87.2032608423044));
#10511=CARTESIAN_POINT('',(504.381338643786,-243.364460247928,87.2032608423044));
#10512=CARTESIAN_POINT('',(501.684313246593,-243.508825329317,91.8746458595461));
#10513=CARTESIAN_POINT('Origin',(507.771184364006,-243.508825329317,92.2746458595461));
#10514=CARTESIAN_POINT('',(501.684313246593,-243.364460247927,91.8746458595461));
#10515=CARTESIAN_POINT('Origin',(507.944389444763,-245.764460247928,93.3746458595461));
#10516=CARTESIAN_POINT('',(504.561038914889,-242.364460247928,87.5145108419893));
#10517=CARTESIAN_POINT('Ctrl Pts',(504.561038914889,-242.364460247927,87.5145108419896));
#10518=CARTESIAN_POINT('Ctrl Pts',(504.501788234724,-242.482673667967,87.411885653561));
#10519=CARTESIAN_POINT('Ctrl Pts',(504.440046119307,-242.605881604165,87.3049451726921));
#10520=CARTESIAN_POINT('',(505.786940267076,-242.364460247928,89.6378342690453));
#10521=CARTESIAN_POINT('',(549.903320258119,-242.364460247932,166.049645859546));
#10522=CARTESIAN_POINT('',(505.786940267076,-246.164460247928,89.6378342690453));
#10523=CARTESIAN_POINT('',(505.786940267076,-245.764460247928,89.6378342690453));
#10524=CARTESIAN_POINT('',(506.326163969313,-252.564460247928,90.5717971179659));
#10525=CARTESIAN_POINT('Ctrl Pts',(505.786940268049,-246.164460247622,89.637834270585));
#10526=CARTESIAN_POINT('Ctrl Pts',(506.108525488064,-249.995028876764,90.1948362106144));
#10527=CARTESIAN_POINT('Ctrl Pts',(506.326163970231,-252.564460247638,90.5717971194105));
#10528=CARTESIAN_POINT('',(504.631926193737,-252.564460247928,87.637291210567));
#10529=CARTESIAN_POINT('',(545.532268718475,-252.564460247932,158.478762510383));
#10530=CARTESIAN_POINT('',(504.631926193738,-244.174510754266,87.637291210567));
#10531=CARTESIAN_POINT('',(504.631926193738,-245.964460247928,87.637291210567));
#10532=CARTESIAN_POINT('',(504.440046119307,-243.791668041792,87.3049451726922));
#10533=CARTESIAN_POINT('Ctrl Pts',(504.440046119307,-243.791668041792,87.3049451726922));
#10534=CARTESIAN_POINT('Ctrl Pts',(504.53915722126,-243.989446725652,87.476610636869));
#10535=CARTESIAN_POINT('Ctrl Pts',(504.631926193739,-244.174510754267,87.6372912105677));
#10536=CARTESIAN_POINT('Ctrl Pts',(504.381338643786,-243.508825329317,87.2032608423045));
#10537=CARTESIAN_POINT('Ctrl Pts',(504.381338643786,-243.558155318988,87.2032608423045));
#10538=CARTESIAN_POINT('Ctrl Pts',(504.387121586531,-243.616210424201,87.2132771929571));
#10539=CARTESIAN_POINT('Ctrl Pts',(504.406029851042,-243.707393995438,87.2460272677735));
#10540=CARTESIAN_POINT('Ctrl Pts',(504.422510281443,-243.756643188138,87.2745722105585));
#10541=CARTESIAN_POINT('Ctrl Pts',(504.44000333223,-243.791582639768,87.3048710633015));
#10542=CARTESIAN_POINT('Ctrl Pts',(504.440024721045,-243.791625341024,87.3049081098146));
#10543=CARTESIAN_POINT('Ctrl Pts',(504.440046119307,-243.791668041792,87.3049451726922));
#10544=CARTESIAN_POINT('Origin',(507.771184364006,-243.508825329317,92.2746458595461));
#10545=CARTESIAN_POINT('',(501.801728197636,-243.791668041791,91.8746458595461));
#10546=CARTESIAN_POINT('Ctrl Pts',(501.801728197636,-243.791668041791,91.8746458595461));
#10547=CARTESIAN_POINT('Ctrl Pts',(501.801685401111,-243.791625341024,91.8746458595461));
#10548=CARTESIAN_POINT('Ctrl Pts',(501.801642623483,-243.791582639768,91.8746458595461));
#10549=CARTESIAN_POINT('Ctrl Pts',(501.766656521908,-243.756643188138,91.8746458595461));
#10550=CARTESIAN_POINT('Ctrl Pts',(501.733695661106,-243.707393995438,91.8746458595461));
#10551=CARTESIAN_POINT('Ctrl Pts',(501.695879132084,-243.616210424201,91.8746458595461));
#10552=CARTESIAN_POINT('Ctrl Pts',(501.684313246593,-243.558155318987,91.8746458595461));
#10553=CARTESIAN_POINT('Ctrl Pts',(501.684313246593,-243.508825329317,91.8746458595461));
#10554=CARTESIAN_POINT('Origin',(507.771184364006,-243.791668041792,92.2746458595461));
#10555=CARTESIAN_POINT('Origin',(507.771184364006,-244.369485501097,92.2746458595461));
#10556=CARTESIAN_POINT('',(502.185488346498,-244.174510754266,91.8746458595461));
#10557=CARTESIAN_POINT('Origin',(507.771184364006,-244.174510754267,92.2746458595461));
#10558=CARTESIAN_POINT('Ctrl Pts',(501.801728197636,-243.791668041791,91.8746458595461));
#10559=CARTESIAN_POINT('Ctrl Pts',(501.999950401542,-243.989446725653,91.8746458595461));
#10560=CARTESIAN_POINT('Ctrl Pts',(502.1854883465,-244.174510754268,91.8746458595461));
#10561=CARTESIAN_POINT('Origin',(507.771184364006,-242.88872431664,92.2746458595461));
#10562=CARTESIAN_POINT('',(501.801728197636,-242.605881604165,92.674645859546));
#10563=CARTESIAN_POINT('',(501.684313246593,-242.888724316639,92.674645859546));
#10564=CARTESIAN_POINT('Ctrl Pts',(501.801728197636,-242.605881604165,92.674645859546));
#10565=CARTESIAN_POINT('Ctrl Pts',(501.801685401112,-242.605924304932,92.674645859546));
#10566=CARTESIAN_POINT('Ctrl Pts',(501.801642623483,-242.605967006188,92.6746458595461));
#10567=CARTESIAN_POINT('Ctrl Pts',(501.766656521908,-242.640906457818,92.6746458595461));
#10568=CARTESIAN_POINT('Ctrl Pts',(501.733695661106,-242.690155650518,92.674645859546));
#10569=CARTESIAN_POINT('Ctrl Pts',(501.695879132084,-242.781339221755,92.674645859546));
#10570=CARTESIAN_POINT('Ctrl Pts',(501.684313246593,-242.839394326969,92.674645859546));
#10571=CARTESIAN_POINT('Ctrl Pts',(501.684313246593,-242.888724316639,92.674645859546));
#10572=CARTESIAN_POINT('',(504.381338643786,-242.88872431664,97.3460308767877));
#10573=CARTESIAN_POINT('Origin',(507.771184364006,-242.88872431664,92.2746458595461));
#10574=CARTESIAN_POINT('',(504.440046119307,-242.605881604165,97.2443465464));
#10575=CARTESIAN_POINT('Ctrl Pts',(504.381338643786,-242.88872431664,97.3460308767877));
#10576=CARTESIAN_POINT('Ctrl Pts',(504.381338643786,-242.839394326969,97.3460308767877));
#10577=CARTESIAN_POINT('Ctrl Pts',(504.387121586531,-242.781339221756,97.3360145261351));
#10578=CARTESIAN_POINT('Ctrl Pts',(504.406029851042,-242.690155650518,97.3032644513187));
#10579=CARTESIAN_POINT('Ctrl Pts',(504.422510281443,-242.640906457819,97.2747195085337));
#10580=CARTESIAN_POINT('Ctrl Pts',(504.440003332231,-242.605967006189,97.2444206557907));
#10581=CARTESIAN_POINT('Ctrl Pts',(504.440024721045,-242.605924304933,97.2443836092776));
#10582=CARTESIAN_POINT('Ctrl Pts',(504.440046119307,-242.605881604165,97.2443465464001));
#10583=CARTESIAN_POINT('Origin',(507.771184364006,-242.605881604165,92.2746458595461));
#10584=CARTESIAN_POINT('Origin',(506.905158960221,-245.764460247928,92.9746458595461));
#10585=CARTESIAN_POINT('',(504.381338643785,-243.508825329317,97.3460308767877));
#10586=CARTESIAN_POINT('',(504.381338643785,-243.364460247928,97.3460308767877));
#10587=CARTESIAN_POINT('',(504.440046119307,-243.791668041792,97.2443465463999));
#10588=CARTESIAN_POINT('Ctrl Pts',(504.440046119307,-243.791668041792,97.2443465464));
#10589=CARTESIAN_POINT('Ctrl Pts',(504.440024721045,-243.791625341024,97.2443836092775));
#10590=CARTESIAN_POINT('Ctrl Pts',(504.44000333223,-243.791582639768,97.2444206557907));
#10591=CARTESIAN_POINT('Ctrl Pts',(504.422510281443,-243.756643188138,97.2747195085337));
#10592=CARTESIAN_POINT('Ctrl Pts',(504.406029851042,-243.707393995438,97.3032644513187));
#10593=CARTESIAN_POINT('Ctrl Pts',(504.387121586531,-243.616210424201,97.3360145261351));
#10594=CARTESIAN_POINT('Ctrl Pts',(504.381338643785,-243.558155318988,97.3460308767877));
#10595=CARTESIAN_POINT('Ctrl Pts',(504.381338643785,-243.508825329317,97.3460308767877));
#10596=CARTESIAN_POINT('',(504.631926193738,-244.174510754266,96.9120005085252));
#10597=CARTESIAN_POINT('Ctrl Pts',(504.631926193738,-244.174510754266,96.9120005085251));
#10598=CARTESIAN_POINT('Ctrl Pts',(504.53915722126,-243.989446725652,97.0726810822235));
#10599=CARTESIAN_POINT('Ctrl Pts',(504.440046119307,-243.791668041792,97.2443465463999));
#10600=CARTESIAN_POINT('',(504.631926193737,-252.564460247928,96.9120005085252));
#10601=CARTESIAN_POINT('',(504.631926193738,-245.964460247928,96.9120005085252));
#10602=CARTESIAN_POINT('',(506.326163969313,-252.564460247928,93.9774946011263));
#10603=CARTESIAN_POINT('',(465.567279686507,-252.564460247924,164.573953038765));
#10604=CARTESIAN_POINT('',(505.786940267076,-246.164460247928,94.9114574500469));
#10605=CARTESIAN_POINT('Ctrl Pts',(506.326163970238,-252.564460247636,93.9774945996706));
#10606=CARTESIAN_POINT('Ctrl Pts',(506.260980374672,-251.794905279015,94.0903958990116));
#10607=CARTESIAN_POINT('Ctrl Pts',(506.014801804485,-248.878637389178,94.5167896903115));
#10608=CARTESIAN_POINT('Ctrl Pts',(505.786940268058,-246.16446024762,94.9114574484944));
#10609=CARTESIAN_POINT('',(505.786940267076,-242.364460247928,94.9114574500469));
#10610=CARTESIAN_POINT('',(505.786940267076,-245.764460247928,94.9114574500469));
#10611=CARTESIAN_POINT('',(504.561038914889,-242.364460247928,97.0347808771029));
#10612=CARTESIAN_POINT('',(464.946228146865,-242.364460247923,165.649645859546));
#10613=CARTESIAN_POINT('Ctrl Pts',(504.440046119307,-242.605881604165,97.2443465464));
#10614=CARTESIAN_POINT('Ctrl Pts',(504.501788234724,-242.482673667967,97.1374060655313));
#10615=CARTESIAN_POINT('Ctrl Pts',(504.561038914889,-242.364460247928,97.0347808771028));
#10616=CARTESIAN_POINT('Origin',(507.771184364006,-243.364460247928,92.2746458595461));
#10617=CARTESIAN_POINT('',(501.684313246593,-243.508825329317,92.674645859546));
#10618=CARTESIAN_POINT('',(501.684313246593,-243.364460247927,92.674645859546));
#10619=CARTESIAN_POINT('Origin',(507.771184364006,-243.508825329317,92.2746458595461));
#10620=CARTESIAN_POINT('Origin',(507.771184364006,-243.508825329317,92.2746458595461));
#10621=CARTESIAN_POINT('',(501.801728197636,-243.791668041791,92.674645859546));
#10622=CARTESIAN_POINT('Ctrl Pts',(501.684313246593,-243.508825329317,92.674645859546));
#10623=CARTESIAN_POINT('Ctrl Pts',(501.684313246593,-243.558155318987,92.674645859546));
#10624=CARTESIAN_POINT('Ctrl Pts',(501.695879132084,-243.616210424201,92.674645859546));
#10625=CARTESIAN_POINT('Ctrl Pts',(501.733695661106,-243.707393995438,92.674645859546));
#10626=CARTESIAN_POINT('Ctrl Pts',(501.766656521908,-243.756643188138,92.674645859546));
#10627=CARTESIAN_POINT('Ctrl Pts',(501.801642623483,-243.791582639768,92.674645859546));
#10628=CARTESIAN_POINT('Ctrl Pts',(501.801685401111,-243.791625341024,92.674645859546));
#10629=CARTESIAN_POINT('Ctrl Pts',(501.801728197636,-243.791668041791,92.674645859546));
#10630=CARTESIAN_POINT('Origin',(507.771184364006,-243.791668041792,92.2746458595461));
#10631=CARTESIAN_POINT('Origin',(507.771184364006,-242.88872431664,92.2746458595461));
#10632=CARTESIAN_POINT('',(505.132866442335,-242.605881604165,97.6443465464));
#10633=CARTESIAN_POINT('',(505.074158966813,-242.88872431664,97.7460308767877));
#10634=CARTESIAN_POINT('Ctrl Pts',(505.132866442335,-242.605881604165,97.6443465464));
#10635=CARTESIAN_POINT('Ctrl Pts',(505.132845044072,-242.605924304933,97.6443836092775));
#10636=CARTESIAN_POINT('Ctrl Pts',(505.132823655258,-242.605967006189,97.6444206557907));
#10637=CARTESIAN_POINT('Ctrl Pts',(505.115330604471,-242.640906457819,97.6747195085337));
#10638=CARTESIAN_POINT('Ctrl Pts',(505.09885017407,-242.690155650519,97.7032644513186));
#10639=CARTESIAN_POINT('Ctrl Pts',(505.079941909559,-242.781339221756,97.7360145261351));
#10640=CARTESIAN_POINT('Ctrl Pts',(505.074158966813,-242.839394326969,97.7460308767878));
#10641=CARTESIAN_POINT('Ctrl Pts',(505.074158966813,-242.88872431664,97.7460308767878));
#10642=CARTESIAN_POINT('',(510.468209761199,-242.88872431664,97.7460308767878));
#10643=CARTESIAN_POINT('Origin',(507.771184364006,-242.88872431664,92.2746458595461));
#10644=CARTESIAN_POINT('',(510.409502285677,-242.605881604166,97.6443465464001));
#10645=CARTESIAN_POINT('Ctrl Pts',(510.468209761199,-242.88872431664,97.7460308767878));
#10646=CARTESIAN_POINT('Ctrl Pts',(510.468209761199,-242.839394326969,97.7460308767878));
#10647=CARTESIAN_POINT('Ctrl Pts',(510.462426818453,-242.781339221756,97.7360145261352));
#10648=CARTESIAN_POINT('Ctrl Pts',(510.443518553942,-242.690155650519,97.7032644513187));
#10649=CARTESIAN_POINT('Ctrl Pts',(510.427038123541,-242.640906457819,97.6747195085338));
#10650=CARTESIAN_POINT('Ctrl Pts',(510.409545072754,-242.605967006189,97.6444206557908));
#10651=CARTESIAN_POINT('Ctrl Pts',(510.409523683939,-242.605924304933,97.6443836092776));
#10652=CARTESIAN_POINT('Ctrl Pts',(510.409502285677,-242.605881604166,97.6443465464001));
#10653=CARTESIAN_POINT('Origin',(507.771184364006,-242.605881604165,92.2746458595461));
#10654=CARTESIAN_POINT('Origin',(507.771184364006,-242.593749569809,92.2746458595461));
#10655=CARTESIAN_POINT('',(510.288509490096,-242.364460247928,97.4347808771029));
#10656=CARTESIAN_POINT('Ctrl Pts',(510.409502285677,-242.605881604166,97.6443465464001));
#10657=CARTESIAN_POINT('Ctrl Pts',(510.34776017026,-242.482673667968,97.5374060655313));
#10658=CARTESIAN_POINT('Ctrl Pts',(510.288509490096,-242.364460247928,97.4347808771028));
#10659=CARTESIAN_POINT('',(505.253859237916,-242.364460247928,97.4347808771029));
#10660=CARTESIAN_POINT('Origin',(507.771184364006,-242.364460247928,92.2746458595461));
#10661=CARTESIAN_POINT('Ctrl Pts',(505.253859237916,-242.364460247928,97.4347808771028));
#10662=CARTESIAN_POINT('Ctrl Pts',(505.194608557752,-242.482673667967,97.5374060655313));
#10663=CARTESIAN_POINT('Ctrl Pts',(505.132866442335,-242.605881604165,97.6443465464));
#10664=CARTESIAN_POINT('Origin',(507.944389444763,-245.764460247928,93.3746458595461));
#10665=CARTESIAN_POINT('',(510.468209761199,-243.508825329318,97.7460308767878));
#10666=CARTESIAN_POINT('',(510.468209761199,-243.364460247928,97.7460308767878));
#10667=CARTESIAN_POINT('',(510.409502285677,-243.791668041792,97.6443465464));
#10668=CARTESIAN_POINT('Ctrl Pts',(510.409502285677,-243.791668041792,97.6443465464));
#10669=CARTESIAN_POINT('Ctrl Pts',(510.409523683939,-243.791625341025,97.6443836092776));
#10670=CARTESIAN_POINT('Ctrl Pts',(510.409545072754,-243.791582639769,97.6444206557908));
#10671=CARTESIAN_POINT('Ctrl Pts',(510.427038123541,-243.756643188139,97.6747195085338));
#10672=CARTESIAN_POINT('Ctrl Pts',(510.443518553942,-243.707393995439,97.7032644513187));
#10673=CARTESIAN_POINT('Ctrl Pts',(510.462426818453,-243.616210424202,97.7360145261352));
#10674=CARTESIAN_POINT('Ctrl Pts',(510.468209761199,-243.558155318988,97.7460308767878));
#10675=CARTESIAN_POINT('Ctrl Pts',(510.468209761199,-243.508825329318,97.7460308767878));
#10676=CARTESIAN_POINT('',(510.217622211246,-244.174510754267,97.3120005085253));
#10677=CARTESIAN_POINT('Ctrl Pts',(510.217622211246,-244.174510754267,97.3120005085252));
#10678=CARTESIAN_POINT('Ctrl Pts',(510.310391183724,-243.989446725653,97.4726810822236));
#10679=CARTESIAN_POINT('Ctrl Pts',(510.409502285677,-243.791668041792,97.6443465464));
#10680=CARTESIAN_POINT('',(510.217622211245,-252.564460247928,97.3120005085253));
#10681=CARTESIAN_POINT('',(510.217622211246,-245.964460247928,97.3120005085253));
#10682=CARTESIAN_POINT('',(508.52338443567,-252.564460247928,94.3774946011263));
#10683=CARTESIAN_POINT('',(545.532268718475,-252.564460247932,158.478762510383));
#10684=CARTESIAN_POINT('',(509.062608137908,-246.164460247928,95.311457450047));
#10685=CARTESIAN_POINT('Ctrl Pts',(508.523384434876,-252.564460247638,94.377494599606));
#10686=CARTESIAN_POINT('Ctrl Pts',(508.588568030445,-251.794905278992,94.4903958989506));
#10687=CARTESIAN_POINT('Ctrl Pts',(508.834746600634,-248.878637389145,94.916789690252));
#10688=CARTESIAN_POINT('Ctrl Pts',(509.062608137058,-246.164460247622,95.3114574484299));
#10689=CARTESIAN_POINT('',(509.062608137908,-242.364460247928,95.311457450047));
#10690=CARTESIAN_POINT('',(509.062608137908,-245.764460247928,95.311457450047));
#10691=CARTESIAN_POINT('',(549.903320258119,-242.364460247932,166.049645859546));
#10692=CARTESIAN_POINT('Origin',(507.771184364006,-243.508825329317,92.2746458595461));
#10693=CARTESIAN_POINT('',(505.074158966813,-243.508825329317,97.7460308767877));
#10694=CARTESIAN_POINT('Origin',(507.771184364006,-243.508825329317,92.2746458595461));
#10695=CARTESIAN_POINT('',(505.132866442335,-243.791668041792,97.6443465464));
#10696=CARTESIAN_POINT('Ctrl Pts',(505.074158966813,-243.508825329317,97.7460308767877));
#10697=CARTESIAN_POINT('Ctrl Pts',(505.074158966813,-243.558155318988,97.7460308767877));
#10698=CARTESIAN_POINT('Ctrl Pts',(505.079941909559,-243.616210424201,97.7360145261351));
#10699=CARTESIAN_POINT('Ctrl Pts',(505.09885017407,-243.707393995438,97.7032644513186));
#10700=CARTESIAN_POINT('Ctrl Pts',(505.115330604471,-243.756643188138,97.6747195085337));
#10701=CARTESIAN_POINT('Ctrl Pts',(505.132823655258,-243.791582639768,97.6444206557907));
#10702=CARTESIAN_POINT('Ctrl Pts',(505.132845044072,-243.791625341024,97.6443836092775));
#10703=CARTESIAN_POINT('Ctrl Pts',(505.132866442335,-243.791668041792,97.6443465463999));
#10704=CARTESIAN_POINT('Origin',(507.771184364006,-243.791668041792,92.2746458595461));
#10705=CARTESIAN_POINT('Origin',(507.771184364006,-244.369485501097,92.2746458595461));
#10706=CARTESIAN_POINT('',(505.324746516766,-244.174510754266,97.3120005085252));
#10707=CARTESIAN_POINT('Ctrl Pts',(505.132866442335,-243.791668041792,97.6443465464));
#10708=CARTESIAN_POINT('Ctrl Pts',(505.231977544288,-243.989446725653,97.4726810822232));
#10709=CARTESIAN_POINT('Ctrl Pts',(505.324746516766,-244.174510754267,97.3120005085244));
#10710=CARTESIAN_POINT('Origin',(507.771184364006,-244.174510754267,92.2746458595461));
#10711=CARTESIAN_POINT('Origin',(507.771184364006,-242.88872431664,92.2746458595461));
#10712=CARTESIAN_POINT('',(511.102322608705,-242.605881604166,97.2443465464001));
#10713=CARTESIAN_POINT('',(511.161030084226,-242.88872431664,97.3460308767878));
#10714=CARTESIAN_POINT('Ctrl Pts',(511.102322608705,-242.605881604166,97.2443465464001));
#10715=CARTESIAN_POINT('Ctrl Pts',(511.102344006967,-242.605924304933,97.2443836092776));
#10716=CARTESIAN_POINT('Ctrl Pts',(511.102365395781,-242.605967006189,97.2444206557908));
#10717=CARTESIAN_POINT('Ctrl Pts',(511.119858446569,-242.640906457819,97.2747195085338));
#10718=CARTESIAN_POINT('Ctrl Pts',(511.136338876969,-242.690155650519,97.3032644513187));
#10719=CARTESIAN_POINT('Ctrl Pts',(511.155247141481,-242.781339221756,97.3360145261351));
#10720=CARTESIAN_POINT('Ctrl Pts',(511.161030084226,-242.839394326969,97.3460308767878));
#10721=CARTESIAN_POINT('Ctrl Pts',(511.161030084226,-242.88872431664,97.3460308767878));
#10722=CARTESIAN_POINT('',(513.858055481419,-242.88872431664,92.6746458595461));
#10723=CARTESIAN_POINT('Origin',(507.771184364006,-242.88872431664,92.2746458595461));
#10724=CARTESIAN_POINT('',(513.740640530376,-242.605881604166,92.6746458595461));
#10725=CARTESIAN_POINT('Ctrl Pts',(513.858055481419,-242.88872431664,92.6746458595461));
#10726=CARTESIAN_POINT('Ctrl Pts',(513.858055481419,-242.83939432697,92.6746458595461));
#10727=CARTESIAN_POINT('Ctrl Pts',(513.846489595928,-242.781339221757,92.6746458595461));
#10728=CARTESIAN_POINT('Ctrl Pts',(513.808673066906,-242.690155650519,92.6746458595461));
#10729=CARTESIAN_POINT('Ctrl Pts',(513.775712206104,-242.640906457819,92.6746458595461));
#10730=CARTESIAN_POINT('Ctrl Pts',(513.740726104529,-242.60596700619,92.6746458595461));
#10731=CARTESIAN_POINT('Ctrl Pts',(513.7406833269,-242.605924304934,92.6746458595461));
#10732=CARTESIAN_POINT('Ctrl Pts',(513.740640530376,-242.605881604166,92.6746458595461));
#10733=CARTESIAN_POINT('Origin',(507.771184364006,-242.605881604165,92.2746458595461));
#10734=CARTESIAN_POINT('Origin',(507.771184364006,-243.364460247928,92.2746458595461));
#10735=CARTESIAN_POINT('',(511.161030084226,-243.508825329318,97.3460308767878));
#10736=CARTESIAN_POINT('',(511.161030084226,-243.364460247928,97.3460308767878));
#10737=CARTESIAN_POINT('',(513.858055481419,-243.508825329318,92.6746458595461));
#10738=CARTESIAN_POINT('Origin',(507.771184364006,-243.508825329317,92.2746458595461));
#10739=CARTESIAN_POINT('',(513.858055481419,-243.364460247928,92.6746458595461));
#10740=CARTESIAN_POINT('Origin',(512.126601759804,-245.764460247928,99.0184500772381));
#10741=CARTESIAN_POINT('',(510.981329813123,-242.364460247928,97.0347808771029));
#10742=CARTESIAN_POINT('Ctrl Pts',(511.102322608705,-242.605881604166,97.2443465464001));
#10743=CARTESIAN_POINT('Ctrl Pts',(511.040580493288,-242.482673667969,97.1374060655323));
#10744=CARTESIAN_POINT('Ctrl Pts',(510.981329813124,-242.36446024793,97.0347808771047));
#10745=CARTESIAN_POINT('',(509.755428460936,-242.364460247928,94.911457450047));
#10746=CARTESIAN_POINT('',(552.340836577153,-242.364460247932,168.671547968392));
#10747=CARTESIAN_POINT('',(509.755428460935,-246.164460247928,94.911457450047));
#10748=CARTESIAN_POINT('',(509.755428460935,-245.764460247928,94.911457450047));
#10749=CARTESIAN_POINT('',(509.216204758697,-252.564460247928,93.9774946011263));
#10750=CARTESIAN_POINT('Ctrl Pts',(509.755428459981,-246.164460247629,94.9114574485413));
#10751=CARTESIAN_POINT('Ctrl Pts',(509.433843239966,-249.995028876765,94.354455508512));
#10752=CARTESIAN_POINT('Ctrl Pts',(509.216204757797,-252.564460247644,93.977494599714));
#10753=CARTESIAN_POINT('',(510.910442534273,-252.564460247928,96.9120005085253));
#10754=CARTESIAN_POINT('',(547.969785037509,-252.564460247932,161.100664619229));
#10755=CARTESIAN_POINT('',(510.910442534273,-244.174510754267,96.9120005085253));
#10756=CARTESIAN_POINT('',(510.910442534273,-245.964460247928,96.9120005085253));
#10757=CARTESIAN_POINT('',(511.102322608705,-243.791668041793,97.2443465464));
#10758=CARTESIAN_POINT('Ctrl Pts',(510.910442534263,-244.174510754288,96.9120005085073));
#10759=CARTESIAN_POINT('Ctrl Pts',(511.003211506746,-243.989446725664,97.072681082214));
#10760=CARTESIAN_POINT('Ctrl Pts',(511.102322608705,-243.791668041793,97.2443465464));
#10761=CARTESIAN_POINT('Ctrl Pts',(511.161030084226,-243.508825329318,97.3460308767878));
#10762=CARTESIAN_POINT('Ctrl Pts',(511.161030084226,-243.558155318989,97.3460308767878));
#10763=CARTESIAN_POINT('Ctrl Pts',(511.155247141481,-243.616210424202,97.3360145261351));
#10764=CARTESIAN_POINT('Ctrl Pts',(511.136338876969,-243.707393995439,97.3032644513187));
#10765=CARTESIAN_POINT('Ctrl Pts',(511.119858446569,-243.756643188139,97.2747195085338));
#10766=CARTESIAN_POINT('Ctrl Pts',(511.102365395781,-243.791582639769,97.2444206557908));
#10767=CARTESIAN_POINT('Ctrl Pts',(511.102344006967,-243.791625341025,97.2443836092776));
#10768=CARTESIAN_POINT('Ctrl Pts',(511.102322608704,-243.791668041793,97.2443465464));
#10769=CARTESIAN_POINT('Origin',(507.771184364006,-243.508825329317,92.2746458595461));
#10770=CARTESIAN_POINT('',(513.740640530376,-243.791668041793,92.6746458595461));
#10771=CARTESIAN_POINT('Ctrl Pts',(513.740640530376,-243.791668041793,92.6746458595461));
#10772=CARTESIAN_POINT('Ctrl Pts',(513.7406833269,-243.791625341025,92.6746458595461));
#10773=CARTESIAN_POINT('Ctrl Pts',(513.740726104529,-243.791582639769,92.6746458595461));
#10774=CARTESIAN_POINT('Ctrl Pts',(513.775712206104,-243.756643188139,92.6746458595461));
#10775=CARTESIAN_POINT('Ctrl Pts',(513.808673066905,-243.707393995439,92.6746458595461));
#10776=CARTESIAN_POINT('Ctrl Pts',(513.846489595928,-243.616210424202,92.6746458595461));
#10777=CARTESIAN_POINT('Ctrl Pts',(513.858055481419,-243.558155318989,92.6746458595461));
#10778=CARTESIAN_POINT('Ctrl Pts',(513.858055481419,-243.508825329318,92.6746458595461));
#10779=CARTESIAN_POINT('Origin',(507.771184364006,-243.791668041792,92.2746458595461));
#10780=CARTESIAN_POINT('Origin',(507.771184364006,-244.369485501097,92.2746458595461));
#10781=CARTESIAN_POINT('',(513.356880381514,-244.174510754267,92.6746458595461));
#10782=CARTESIAN_POINT('Origin',(507.771184364006,-244.174510754267,92.2746458595461));
#10783=CARTESIAN_POINT('Ctrl Pts',(513.740640530376,-243.791668041793,92.6746458595461));
#10784=CARTESIAN_POINT('Ctrl Pts',(513.542418326469,-243.989446725654,92.6746458595461));
#10785=CARTESIAN_POINT('Ctrl Pts',(513.356880381512,-244.174510754269,92.6746458595461));
#10786=CARTESIAN_POINT('Origin',(507.771184363994,-242.88872431664,32.7746458595461));
#10787=CARTESIAN_POINT('',(501.801728197624,-242.605881604165,33.174645859546));
#10788=CARTESIAN_POINT('',(501.68431324658,-242.888724316639,33.174645859546));
#10789=CARTESIAN_POINT('Ctrl Pts',(501.801728197624,-242.605881604165,33.174645859546));
#10790=CARTESIAN_POINT('Ctrl Pts',(501.801685401099,-242.605924304933,33.174645859546));
#10791=CARTESIAN_POINT('Ctrl Pts',(501.80164262347,-242.605967006189,33.174645859546));
#10792=CARTESIAN_POINT('Ctrl Pts',(501.766656521896,-242.640906457818,33.174645859546));
#10793=CARTESIAN_POINT('Ctrl Pts',(501.733695661094,-242.690155650518,33.174645859546));
#10794=CARTESIAN_POINT('Ctrl Pts',(501.695879132072,-242.781339221756,33.174645859546));
#10795=CARTESIAN_POINT('Ctrl Pts',(501.68431324658,-242.839394326969,33.174645859546));
#10796=CARTESIAN_POINT('Ctrl Pts',(501.68431324658,-242.888724316639,33.174645859546));
#10797=CARTESIAN_POINT('',(504.381338643773,-242.88872431664,37.8460308767877));
#10798=CARTESIAN_POINT('Origin',(507.771184363994,-242.88872431664,32.7746458595461));
#10799=CARTESIAN_POINT('',(504.440046119295,-242.605881604165,37.7443465464));
#10800=CARTESIAN_POINT('Ctrl Pts',(504.381338643773,-242.88872431664,37.8460308767877));
#10801=CARTESIAN_POINT('Ctrl Pts',(504.381338643773,-242.839394326969,37.8460308767877));
#10802=CARTESIAN_POINT('Ctrl Pts',(504.387121586519,-242.781339221756,37.8360145261351));
#10803=CARTESIAN_POINT('Ctrl Pts',(504.40602985103,-242.690155650519,37.8032644513187));
#10804=CARTESIAN_POINT('Ctrl Pts',(504.422510281431,-242.640906457819,37.7747195085337));
#10805=CARTESIAN_POINT('Ctrl Pts',(504.440003332218,-242.605967006189,37.7444206557907));
#10806=CARTESIAN_POINT('Ctrl Pts',(504.440024721033,-242.605924304933,37.7443836092775));
#10807=CARTESIAN_POINT('Ctrl Pts',(504.440046119295,-242.605881604165,37.7443465463999));
#10808=CARTESIAN_POINT('Origin',(507.771184363994,-242.605881604165,32.7746458595461));
#10809=CARTESIAN_POINT('Origin',(506.905158960209,-245.764460247928,33.4746458595461));
#10810=CARTESIAN_POINT('',(504.381338643773,-243.508825329317,37.8460308767877));
#10811=CARTESIAN_POINT('',(504.381338643773,-243.364460247928,37.8460308767877));
#10812=CARTESIAN_POINT('',(504.440046119295,-243.791668041792,37.7443465464));
#10813=CARTESIAN_POINT('Ctrl Pts',(504.440046119295,-243.791668041792,37.7443465463999));
#10814=CARTESIAN_POINT('Ctrl Pts',(504.440024721032,-243.791625341024,37.7443836092775));
#10815=CARTESIAN_POINT('Ctrl Pts',(504.440003332218,-243.791582639768,37.7444206557907));
#10816=CARTESIAN_POINT('Ctrl Pts',(504.422510281431,-243.756643188138,37.7747195085337));
#10817=CARTESIAN_POINT('Ctrl Pts',(504.40602985103,-243.707393995438,37.8032644513187));
#10818=CARTESIAN_POINT('Ctrl Pts',(504.387121586519,-243.616210424201,37.836014526135));
#10819=CARTESIAN_POINT('Ctrl Pts',(504.381338643773,-243.558155318988,37.8460308767877));
#10820=CARTESIAN_POINT('Ctrl Pts',(504.381338643773,-243.508825329317,37.8460308767877));
#10821=CARTESIAN_POINT('',(504.631926193726,-244.174510754266,37.4120005085252));
#10822=CARTESIAN_POINT('Ctrl Pts',(504.631926193726,-244.174510754267,37.4120005085248));
#10823=CARTESIAN_POINT('Ctrl Pts',(504.539157221248,-243.989446725652,37.5726810822233));
#10824=CARTESIAN_POINT('Ctrl Pts',(504.440046119295,-243.791668041792,37.7443465464));
#10825=CARTESIAN_POINT('',(504.631926193725,-252.564460247928,37.4120005085252));
#10826=CARTESIAN_POINT('',(504.631926193726,-245.964460247928,37.4120005085252));
#10827=CARTESIAN_POINT('',(506.3261639693,-252.564460247928,34.4774946011263));
#10828=CARTESIAN_POINT('',(465.567279686495,-252.564460247924,105.073953038765));
#10829=CARTESIAN_POINT('',(505.786940267064,-246.164460247928,35.4114574500469));
#10830=CARTESIAN_POINT('Ctrl Pts',(506.326163970228,-252.564460247635,34.4774945996674));
#10831=CARTESIAN_POINT('Ctrl Pts',(506.26098037466,-251.794905278991,34.5903958990118));
#10832=CARTESIAN_POINT('Ctrl Pts',(506.014801804472,-248.878637389144,35.0167896903131));
#10833=CARTESIAN_POINT('Ctrl Pts',(505.786940268048,-246.164460247619,35.4114574484912));
#10834=CARTESIAN_POINT('',(505.786940267064,-242.364460247928,35.4114574500469));
#10835=CARTESIAN_POINT('',(505.786940267064,-245.764460247928,35.4114574500469));
#10836=CARTESIAN_POINT('',(504.561038914877,-242.364460247928,37.5347808771029));
#10837=CARTESIAN_POINT('',(464.946228146853,-242.364460247923,106.149645859546));
#10838=CARTESIAN_POINT('Ctrl Pts',(504.440046119295,-242.605881604165,37.7443465464));
#10839=CARTESIAN_POINT('Ctrl Pts',(504.501788234712,-242.482673667967,37.6374060655313));
#10840=CARTESIAN_POINT('Ctrl Pts',(504.561038914877,-242.364460247928,37.5347808771028));
#10841=CARTESIAN_POINT('Origin',(507.771184363994,-243.364460247928,32.7746458595461));
#10842=CARTESIAN_POINT('',(501.68431324658,-243.508825329317,33.174645859546));
#10843=CARTESIAN_POINT('',(501.68431324658,-243.364460247927,33.174645859546));
#10844=CARTESIAN_POINT('Origin',(507.771184363994,-243.508825329318,32.7746458595461));
#10845=CARTESIAN_POINT('Origin',(507.771184363994,-243.508825329318,32.7746458595461));
#10846=CARTESIAN_POINT('',(501.801728197624,-243.791668041791,33.1746458595461));
#10847=CARTESIAN_POINT('Ctrl Pts',(501.68431324658,-243.508825329317,33.174645859546));
#10848=CARTESIAN_POINT('Ctrl Pts',(501.68431324658,-243.558155318988,33.174645859546));
#10849=CARTESIAN_POINT('Ctrl Pts',(501.695879132072,-243.616210424201,33.174645859546));
#10850=CARTESIAN_POINT('Ctrl Pts',(501.733695661094,-243.707393995438,33.174645859546));
#10851=CARTESIAN_POINT('Ctrl Pts',(501.766656521896,-243.756643188138,33.174645859546));
#10852=CARTESIAN_POINT('Ctrl Pts',(501.80164262347,-243.791582639768,33.174645859546));
#10853=CARTESIAN_POINT('Ctrl Pts',(501.801685401099,-243.791625341024,33.174645859546));
#10854=CARTESIAN_POINT('Ctrl Pts',(501.801728197624,-243.791668041791,33.174645859546));
#10855=CARTESIAN_POINT('Origin',(507.771184363994,-243.791668041792,32.7746458595461));
#10856=CARTESIAN_POINT('Origin',(507.771184363994,-242.88872431664,32.7746458595461));
#10857=CARTESIAN_POINT('',(505.132866442323,-242.605881604165,38.1443465464));
#10858=CARTESIAN_POINT('',(505.074158966801,-242.88872431664,38.2460308767877));
#10859=CARTESIAN_POINT('Ctrl Pts',(505.132866442322,-242.605881604165,38.1443465464001));
#10860=CARTESIAN_POINT('Ctrl Pts',(505.13284504406,-242.605924304933,38.1443836092777));
#10861=CARTESIAN_POINT('Ctrl Pts',(505.132823655246,-242.605967006189,38.1444206557907));
#10862=CARTESIAN_POINT('Ctrl Pts',(505.115330604458,-242.640906457819,38.1747195085337));
#10863=CARTESIAN_POINT('Ctrl Pts',(505.098850174058,-242.690155650519,38.2032644513187));
#10864=CARTESIAN_POINT('Ctrl Pts',(505.079941909546,-242.781339221756,38.2360145261351));
#10865=CARTESIAN_POINT('Ctrl Pts',(505.074158966801,-242.839394326969,38.2460308767878));
#10866=CARTESIAN_POINT('Ctrl Pts',(505.074158966801,-242.88872431664,38.2460308767877));
#10867=CARTESIAN_POINT('',(510.468209761186,-242.88872431664,38.2460308767878));
#10868=CARTESIAN_POINT('Origin',(507.771184363994,-242.88872431664,32.7746458595461));
#10869=CARTESIAN_POINT('',(510.409502285665,-242.605881604165,38.1443465464001));
#10870=CARTESIAN_POINT('Ctrl Pts',(510.468209761186,-242.88872431664,38.2460308767878));
#10871=CARTESIAN_POINT('Ctrl Pts',(510.468209761186,-242.83939432697,38.2460308767878));
#10872=CARTESIAN_POINT('Ctrl Pts',(510.462426818441,-242.781339221756,38.2360145261352));
#10873=CARTESIAN_POINT('Ctrl Pts',(510.44351855393,-242.690155650519,38.2032644513188));
#10874=CARTESIAN_POINT('Ctrl Pts',(510.427038123529,-242.640906457819,38.1747195085338));
#10875=CARTESIAN_POINT('Ctrl Pts',(510.409545072741,-242.605967006189,38.1444206557908));
#10876=CARTESIAN_POINT('Ctrl Pts',(510.409523683927,-242.605924304933,38.1443836092777));
#10877=CARTESIAN_POINT('Ctrl Pts',(510.409502285665,-242.605881604166,38.1443465464001));
#10878=CARTESIAN_POINT('Origin',(507.771184363994,-242.605881604165,32.7746458595461));
#10879=CARTESIAN_POINT('Origin',(507.771184363994,-242.593749569809,32.7746458595461));
#10880=CARTESIAN_POINT('',(510.288509490083,-242.364460247928,37.9347808771029));
#10881=CARTESIAN_POINT('Ctrl Pts',(510.288509490084,-242.36446024793,37.9347808771047));
#10882=CARTESIAN_POINT('Ctrl Pts',(510.347760170248,-242.482673667969,38.0374060655324));
#10883=CARTESIAN_POINT('Ctrl Pts',(510.409502285665,-242.605881604165,38.1443465464001));
#10884=CARTESIAN_POINT('',(505.253859237904,-242.364460247928,37.9347808771029));
#10885=CARTESIAN_POINT('Origin',(507.771184363994,-242.364460247928,32.7746458595461));
#10886=CARTESIAN_POINT('Ctrl Pts',(505.253859237904,-242.364460247927,37.9347808771028));
#10887=CARTESIAN_POINT('Ctrl Pts',(505.194608557739,-242.482673667967,38.0374060655313));
#10888=CARTESIAN_POINT('Ctrl Pts',(505.132866442323,-242.605881604165,38.1443465464));
#10889=CARTESIAN_POINT('Origin',(507.94438944475,-245.764460247928,33.8746458595461));
#10890=CARTESIAN_POINT('',(510.468209761186,-243.508825329318,38.2460308767878));
#10891=CARTESIAN_POINT('',(510.468209761186,-243.364460247928,38.2460308767878));
#10892=CARTESIAN_POINT('',(510.409502285665,-243.791668041792,38.1443465464));
#10893=CARTESIAN_POINT('Ctrl Pts',(510.409502285665,-243.791668041792,38.1443465464002));
#10894=CARTESIAN_POINT('Ctrl Pts',(510.409523683927,-243.791625341024,38.1443836092777));
#10895=CARTESIAN_POINT('Ctrl Pts',(510.409545072741,-243.791582639769,38.1444206557908));
#10896=CARTESIAN_POINT('Ctrl Pts',(510.427038123529,-243.756643188139,38.1747195085338));
#10897=CARTESIAN_POINT('Ctrl Pts',(510.443518553929,-243.707393995439,38.2032644513187));
#10898=CARTESIAN_POINT('Ctrl Pts',(510.462426818441,-243.616210424202,38.2360145261351));
#10899=CARTESIAN_POINT('Ctrl Pts',(510.468209761186,-243.558155318988,38.2460308767878));
#10900=CARTESIAN_POINT('Ctrl Pts',(510.468209761186,-243.508825329318,38.2460308767878));
#10901=CARTESIAN_POINT('',(510.217622211233,-244.174510754267,37.8120005085253));
#10902=CARTESIAN_POINT('Ctrl Pts',(510.409502285665,-243.791668041792,38.1443465464));
#10903=CARTESIAN_POINT('Ctrl Pts',(510.310391183711,-243.989446725653,37.9726810822229));
#10904=CARTESIAN_POINT('Ctrl Pts',(510.217622211233,-244.174510754269,37.8120005085238));
#10905=CARTESIAN_POINT('',(510.217622211233,-252.564460247928,37.8120005085253));
#10906=CARTESIAN_POINT('',(510.217622211233,-245.964460247928,37.8120005085253));
#10907=CARTESIAN_POINT('',(508.523384435657,-252.564460247928,34.8774946011263));
#10908=CARTESIAN_POINT('',(545.532268718462,-252.564460247932,98.9787625103826));
#10909=CARTESIAN_POINT('',(509.062608137895,-246.164460247928,35.811457450047));
#10910=CARTESIAN_POINT('Ctrl Pts',(508.523384434864,-252.564460247638,34.8774945996056));
#10911=CARTESIAN_POINT('Ctrl Pts',(508.588568030432,-251.794905278992,34.9903958989502));
#10912=CARTESIAN_POINT('Ctrl Pts',(508.834746600621,-248.878637389145,35.4167896902515));
#10913=CARTESIAN_POINT('Ctrl Pts',(509.062608137046,-246.164460247622,35.8114574484294));
#10914=CARTESIAN_POINT('',(509.062608137896,-242.364460247928,35.811457450047));
#10915=CARTESIAN_POINT('',(509.062608137895,-245.764460247928,35.811457450047));
#10916=CARTESIAN_POINT('',(549.903320258106,-242.364460247932,106.549645859546));
#10917=CARTESIAN_POINT('Origin',(507.771184363994,-243.508825329318,32.7746458595461));
#10918=CARTESIAN_POINT('',(505.074158966801,-243.508825329317,38.2460308767877));
#10919=CARTESIAN_POINT('Origin',(507.771184363994,-243.508825329318,32.7746458595461));
#10920=CARTESIAN_POINT('',(505.132866442322,-243.791668041792,38.1443465464));
#10921=CARTESIAN_POINT('Ctrl Pts',(505.074158966801,-243.508825329317,38.2460308767877));
#10922=CARTESIAN_POINT('Ctrl Pts',(505.074158966801,-243.558155318988,38.2460308767877));
#10923=CARTESIAN_POINT('Ctrl Pts',(505.079941909546,-243.616210424201,38.2360145261351));
#10924=CARTESIAN_POINT('Ctrl Pts',(505.098850174057,-243.707393995438,38.2032644513187));
#10925=CARTESIAN_POINT('Ctrl Pts',(505.115330604458,-243.756643188138,38.1747195085337));
#10926=CARTESIAN_POINT('Ctrl Pts',(505.132823655246,-243.791582639768,38.1444206557907));
#10927=CARTESIAN_POINT('Ctrl Pts',(505.13284504406,-243.791625341024,38.1443836092775));
#10928=CARTESIAN_POINT('Ctrl Pts',(505.132866442322,-243.791668041792,38.1443465463999));
#10929=CARTESIAN_POINT('Origin',(507.771184363994,-243.791668041792,32.7746458595461));
#10930=CARTESIAN_POINT('Origin',(507.771184363993,-244.369485501097,32.7746458595461));
#10931=CARTESIAN_POINT('',(505.324746516753,-244.174510754267,37.8120005085252));
#10932=CARTESIAN_POINT('Ctrl Pts',(505.132866442322,-243.791668041792,38.1443465464));
#10933=CARTESIAN_POINT('Ctrl Pts',(505.231977544275,-243.989446725653,37.9726810822231));
#10934=CARTESIAN_POINT('Ctrl Pts',(505.324746516754,-244.174510754267,37.8120005085244));
#10935=CARTESIAN_POINT('Origin',(507.771184363993,-244.174510754267,32.7746458595461));
#10936=CARTESIAN_POINT('Origin',(507.771184363994,-242.88872431664,32.7746458595461));
#10937=CARTESIAN_POINT('',(511.102322608692,-242.605881604166,37.7443465464001));
#10938=CARTESIAN_POINT('',(511.161030084214,-242.88872431664,37.8460308767878));
#10939=CARTESIAN_POINT('Ctrl Pts',(511.102322608692,-242.605881604166,37.7443465464001));
#10940=CARTESIAN_POINT('Ctrl Pts',(511.102344006955,-242.605924304934,37.7443836092776));
#10941=CARTESIAN_POINT('Ctrl Pts',(511.102365395769,-242.605967006189,37.7444206557908));
#10942=CARTESIAN_POINT('Ctrl Pts',(511.119858446556,-242.640906457819,37.7747195085338));
#10943=CARTESIAN_POINT('Ctrl Pts',(511.136338876957,-242.690155650519,37.8032644513188));
#10944=CARTESIAN_POINT('Ctrl Pts',(511.155247141468,-242.781339221756,37.8360145261352));
#10945=CARTESIAN_POINT('Ctrl Pts',(511.161030084214,-242.83939432697,37.8460308767878));
#10946=CARTESIAN_POINT('Ctrl Pts',(511.161030084214,-242.88872431664,37.8460308767878));
#10947=CARTESIAN_POINT('',(513.858055481407,-242.888724316641,33.1746458595461));
#10948=CARTESIAN_POINT('Origin',(507.771184363994,-242.88872431664,32.7746458595461));
#10949=CARTESIAN_POINT('',(513.740640530364,-242.605881604166,33.1746458595461));
#10950=CARTESIAN_POINT('Ctrl Pts',(513.858055481407,-242.888724316641,33.1746458595461));
#10951=CARTESIAN_POINT('Ctrl Pts',(513.858055481407,-242.83939432697,33.1746458595461));
#10952=CARTESIAN_POINT('Ctrl Pts',(513.846489595916,-242.781339221757,33.1746458595461));
#10953=CARTESIAN_POINT('Ctrl Pts',(513.808673066893,-242.69015565052,33.1746458595461));
#10954=CARTESIAN_POINT('Ctrl Pts',(513.775712206092,-242.64090645782,33.1746458595461));
#10955=CARTESIAN_POINT('Ctrl Pts',(513.740726104517,-242.60596700619,33.1746458595461));
#10956=CARTESIAN_POINT('Ctrl Pts',(513.740683326888,-242.605924304934,33.1746458595461));
#10957=CARTESIAN_POINT('Ctrl Pts',(513.740640530364,-242.605881604166,33.1746458595461));
#10958=CARTESIAN_POINT('Origin',(507.771184363994,-242.605881604165,32.7746458595461));
#10959=CARTESIAN_POINT('Origin',(507.771184363994,-243.364460247928,32.7746458595461));
#10960=CARTESIAN_POINT('',(511.161030084214,-243.508825329318,37.8460308767878));
#10961=CARTESIAN_POINT('',(511.161030084214,-243.364460247928,37.8460308767878));
#10962=CARTESIAN_POINT('',(513.858055481407,-243.508825329318,33.1746458595461));
#10963=CARTESIAN_POINT('Origin',(507.771184363994,-243.508825329318,32.7746458595461));
#10964=CARTESIAN_POINT('',(513.858055481407,-243.364460247928,33.1746458595461));
#10965=CARTESIAN_POINT('Origin',(512.126601759792,-245.764460247929,39.5184500772381));
#10966=CARTESIAN_POINT('',(510.981329813111,-242.364460247928,37.5347808771029));
#10967=CARTESIAN_POINT('Ctrl Pts',(510.981329813111,-242.364460247928,37.5347808771028));
#10968=CARTESIAN_POINT('Ctrl Pts',(511.040580493275,-242.482673667968,37.6374060655314));
#10969=CARTESIAN_POINT('Ctrl Pts',(511.102322608692,-242.605881604166,37.7443465464001));
#10970=CARTESIAN_POINT('',(509.755428460923,-242.364460247928,35.411457450047));
#10971=CARTESIAN_POINT('',(552.340836577141,-242.364460247932,109.171547968392));
#10972=CARTESIAN_POINT('',(509.755428460923,-246.164460247928,35.411457450047));
#10973=CARTESIAN_POINT('',(509.755428460923,-245.764460247928,35.411457450047));
#10974=CARTESIAN_POINT('',(509.216204758685,-252.564460247928,34.4774946011263));
#10975=CARTESIAN_POINT('Ctrl Pts',(509.755428459966,-246.164460247628,35.4114574485369));
#10976=CARTESIAN_POINT('Ctrl Pts',(509.433843239951,-249.995028876764,34.8544555085076));
#10977=CARTESIAN_POINT('Ctrl Pts',(509.216204757782,-252.564460247644,34.4774945997095));
#10978=CARTESIAN_POINT('',(510.91044253426,-252.564460247928,37.4120005085253));
#10979=CARTESIAN_POINT('',(547.969785037497,-252.564460247932,101.600664619229));
#10980=CARTESIAN_POINT('',(510.910442534261,-244.174510754267,37.4120005085253));
#10981=CARTESIAN_POINT('',(510.910442534261,-245.964460247928,37.4120005085253));
#10982=CARTESIAN_POINT('',(511.102322608692,-243.791668041792,37.7443465464));
#10983=CARTESIAN_POINT('Ctrl Pts',(511.102322608692,-243.791668041792,37.7443465464));
#10984=CARTESIAN_POINT('Ctrl Pts',(511.003211506739,-243.989446725653,37.5726810822232));
#10985=CARTESIAN_POINT('Ctrl Pts',(510.910442534261,-244.174510754268,37.4120005085245));
#10986=CARTESIAN_POINT('Ctrl Pts',(511.161030084214,-243.508825329318,37.8460308767878));
#10987=CARTESIAN_POINT('Ctrl Pts',(511.161030084214,-243.558155318989,37.8460308767878));
#10988=CARTESIAN_POINT('Ctrl Pts',(511.155247141468,-243.616210424202,37.8360145261351));
#10989=CARTESIAN_POINT('Ctrl Pts',(511.136338876957,-243.707393995439,37.8032644513187));
#10990=CARTESIAN_POINT('Ctrl Pts',(511.119858446556,-243.756643188139,37.7747195085338));
#10991=CARTESIAN_POINT('Ctrl Pts',(511.102365395769,-243.791582639769,37.7444206557908));
#10992=CARTESIAN_POINT('Ctrl Pts',(511.102344006954,-243.791625341025,37.7443836092776));
#10993=CARTESIAN_POINT('Ctrl Pts',(511.102322608692,-243.791668041793,37.7443465464));
#10994=CARTESIAN_POINT('Origin',(507.771184363994,-243.508825329318,32.7746458595461));
#10995=CARTESIAN_POINT('',(513.740640530363,-243.791668041793,33.1746458595461));
#10996=CARTESIAN_POINT('Ctrl Pts',(513.740640530364,-243.791668041793,33.1746458595461));
#10997=CARTESIAN_POINT('Ctrl Pts',(513.740683326888,-243.791625341025,33.1746458595461));
#10998=CARTESIAN_POINT('Ctrl Pts',(513.740726104517,-243.791582639769,33.1746458595461));
#10999=CARTESIAN_POINT('Ctrl Pts',(513.775712206091,-243.756643188139,33.1746458595461));
#11000=CARTESIAN_POINT('Ctrl Pts',(513.808673066893,-243.707393995439,33.1746458595461));
#11001=CARTESIAN_POINT('Ctrl Pts',(513.846489595916,-243.616210424202,33.1746458595461));
#11002=CARTESIAN_POINT('Ctrl Pts',(513.858055481407,-243.558155318989,33.1746458595461));
#11003=CARTESIAN_POINT('Ctrl Pts',(513.858055481407,-243.508825329318,33.1746458595461));
#11004=CARTESIAN_POINT('Origin',(507.771184363994,-243.791668041792,32.7746458595461));
#11005=CARTESIAN_POINT('Origin',(507.771184363993,-244.369485501097,32.7746458595461));
#11006=CARTESIAN_POINT('',(513.356880381501,-244.174510754267,33.1746458595461));
#11007=CARTESIAN_POINT('Origin',(507.771184363993,-244.174510754267,32.7746458595461));
#11008=CARTESIAN_POINT('Ctrl Pts',(513.356880381501,-244.174510754267,33.1746458595461));
#11009=CARTESIAN_POINT('Ctrl Pts',(513.542418326458,-243.989446725653,33.1746458595461));
#11010=CARTESIAN_POINT('Ctrl Pts',(513.740640530363,-243.791668041793,33.1746458595461));
#11011=CARTESIAN_POINT('Origin',(507.771184363994,-242.88872431664,32.7746458595461));
#11012=CARTESIAN_POINT('',(513.740640530364,-242.605881604166,32.3746458595461));
#11013=CARTESIAN_POINT('',(513.858055481407,-242.888724316641,32.3746458595461));
#11014=CARTESIAN_POINT('Ctrl Pts',(513.740640530363,-242.605881604166,32.3746458595461));
#11015=CARTESIAN_POINT('Ctrl Pts',(513.740683326888,-242.605924304934,32.3746458595461));
#11016=CARTESIAN_POINT('Ctrl Pts',(513.740726104517,-242.60596700619,32.3746458595461));
#11017=CARTESIAN_POINT('Ctrl Pts',(513.775712206092,-242.64090645782,32.3746458595461));
#11018=CARTESIAN_POINT('Ctrl Pts',(513.808673066893,-242.69015565052,32.3746458595461));
#11019=CARTESIAN_POINT('Ctrl Pts',(513.846489595916,-242.781339221757,32.3746458595461));
#11020=CARTESIAN_POINT('Ctrl Pts',(513.858055481407,-242.83939432697,32.3746458595461));
#11021=CARTESIAN_POINT('Ctrl Pts',(513.858055481407,-242.888724316641,32.3746458595461));
#11022=CARTESIAN_POINT('',(511.161030084214,-242.88872431664,27.7032608423044));
#11023=CARTESIAN_POINT('Origin',(507.771184363994,-242.88872431664,32.7746458595461));
#11024=CARTESIAN_POINT('',(511.102322608692,-242.605881604166,27.8049451726922));
#11025=CARTESIAN_POINT('Ctrl Pts',(511.161030084214,-242.88872431664,27.7032608423044));
#11026=CARTESIAN_POINT('Ctrl Pts',(511.161030084214,-242.83939432697,27.7032608423044));
#11027=CARTESIAN_POINT('Ctrl Pts',(511.155247141469,-242.781339221756,27.7132771929571));
#11028=CARTESIAN_POINT('Ctrl Pts',(511.136338876957,-242.690155650519,27.7460272677734));
#11029=CARTESIAN_POINT('Ctrl Pts',(511.119858446556,-242.640906457819,27.7745722105584));
#11030=CARTESIAN_POINT('Ctrl Pts',(511.102365395769,-242.605967006189,27.8048710633014));
#11031=CARTESIAN_POINT('Ctrl Pts',(511.102344006955,-242.605924304934,27.8049081098146));
#11032=CARTESIAN_POINT('Ctrl Pts',(511.102322608692,-242.605881604166,27.8049451726922));
#11033=CARTESIAN_POINT('Origin',(507.771184363994,-242.605881604165,32.7746458595461));
#11034=CARTESIAN_POINT('Origin',(507.771184363994,-242.593749569809,32.7746458595461));
#11035=CARTESIAN_POINT('',(510.981329813111,-242.364460247928,28.0145108419893));
#11036=CARTESIAN_POINT('Ctrl Pts',(511.102322608692,-242.605881604166,27.8049451726922));
#11037=CARTESIAN_POINT('Ctrl Pts',(511.040580493276,-242.482673667968,27.9118856535609));
#11038=CARTESIAN_POINT('Ctrl Pts',(510.981329813111,-242.364460247928,28.0145108419893));
#11039=CARTESIAN_POINT('',(513.4986549392,-242.364460247929,32.3746458595461));
#11040=CARTESIAN_POINT('Origin',(507.771184363994,-242.364460247928,32.7746458595461));
#11041=CARTESIAN_POINT('Ctrl Pts',(513.740640530364,-242.605881604166,32.3746458595461));
#11042=CARTESIAN_POINT('Ctrl Pts',(513.61715629953,-242.482673667968,32.3746458595461));
#11043=CARTESIAN_POINT('Ctrl Pts',(513.4986549392,-242.364460247928,32.3746458595461));
#11044=CARTESIAN_POINT('Origin',(504.108587291223,-245.764460247928,39.918450077238));
#11045=CARTESIAN_POINT('',(511.161030084214,-243.508825329318,27.7032608423044));
#11046=CARTESIAN_POINT('',(511.161030084214,-243.364460247928,27.7032608423044));
#11047=CARTESIAN_POINT('',(511.102322608692,-243.791668041792,27.8049451726921));
#11048=CARTESIAN_POINT('Ctrl Pts',(511.102322608692,-243.791668041792,27.8049451726921));
#11049=CARTESIAN_POINT('Ctrl Pts',(511.102344006955,-243.791625341025,27.8049081098146));
#11050=CARTESIAN_POINT('Ctrl Pts',(511.102365395769,-243.791582639769,27.8048710633014));
#11051=CARTESIAN_POINT('Ctrl Pts',(511.119858446556,-243.756643188139,27.7745722105584));
#11052=CARTESIAN_POINT('Ctrl Pts',(511.136338876957,-243.707393995439,27.7460272677735));
#11053=CARTESIAN_POINT('Ctrl Pts',(511.155247141468,-243.616210424202,27.7132771929571));
#11054=CARTESIAN_POINT('Ctrl Pts',(511.161030084214,-243.558155318989,27.7032608423044));
#11055=CARTESIAN_POINT('Ctrl Pts',(511.161030084214,-243.508825329318,27.7032608423044));
#11056=CARTESIAN_POINT('',(510.910442534261,-244.174510754267,28.1372912105669));
#11057=CARTESIAN_POINT('Ctrl Pts',(510.910442534261,-244.174510754267,28.1372912105669));
#11058=CARTESIAN_POINT('Ctrl Pts',(511.003211506739,-243.989446725653,27.9766106368686));
#11059=CARTESIAN_POINT('Ctrl Pts',(511.102322608692,-243.791668041792,27.8049451726921));
#11060=CARTESIAN_POINT('',(510.91044253426,-252.564460247928,28.1372912105669));
#11061=CARTESIAN_POINT('',(510.910442534261,-245.964460247928,28.1372912105669));
#11062=CARTESIAN_POINT('',(509.216204758685,-252.564460247928,31.0717971179659));
#11063=CARTESIAN_POINT('',(464.515404013515,-252.564460247924,108.495855147611));
#11064=CARTESIAN_POINT('',(509.755428460923,-246.164460247928,30.1378342690452));
#11065=CARTESIAN_POINT('Ctrl Pts',(509.216204757782,-252.564460247644,31.0717971193841));
#11066=CARTESIAN_POINT('Ctrl Pts',(509.281388353336,-251.794905279175,30.958895820065));
#11067=CARTESIAN_POINT('Ctrl Pts',(509.527566923519,-248.878637389407,30.5325020287738));
#11068=CARTESIAN_POINT('Ctrl Pts',(509.755428459965,-246.164460247628,30.1378342705581));
#11069=CARTESIAN_POINT('',(509.755428460923,-242.364460247928,30.1378342690452));
#11070=CARTESIAN_POINT('',(509.755428460923,-245.764460247928,30.1378342690452));
#11071=CARTESIAN_POINT('',(463.894352473873,-242.364460247923,109.571547968392));
#11072=CARTESIAN_POINT('Origin',(507.771184363994,-243.508825329318,32.7746458595461));
#11073=CARTESIAN_POINT('',(513.858055481407,-243.508825329318,32.3746458595461));
#11074=CARTESIAN_POINT('Origin',(507.771184363994,-243.508825329318,32.7746458595461));
#11075=CARTESIAN_POINT('',(513.740640530363,-243.791668041793,32.3746458595461));
#11076=CARTESIAN_POINT('Ctrl Pts',(513.858055481407,-243.508825329318,32.3746458595461));
#11077=CARTESIAN_POINT('Ctrl Pts',(513.858055481407,-243.558155318989,32.3746458595461));
#11078=CARTESIAN_POINT('Ctrl Pts',(513.846489595916,-243.616210424202,32.3746458595461));
#11079=CARTESIAN_POINT('Ctrl Pts',(513.808673066893,-243.707393995439,32.3746458595461));
#11080=CARTESIAN_POINT('Ctrl Pts',(513.775712206091,-243.756643188139,32.3746458595461));
#11081=CARTESIAN_POINT('Ctrl Pts',(513.740726104517,-243.791582639769,32.3746458595461));
#11082=CARTESIAN_POINT('Ctrl Pts',(513.740683326888,-243.791625341025,32.3746458595461));
#11083=CARTESIAN_POINT('Ctrl Pts',(513.740640530364,-243.791668041793,32.3746458595461));
#11084=CARTESIAN_POINT('Origin',(507.771184363994,-243.791668041792,32.7746458595461));
#11085=CARTESIAN_POINT('Origin',(507.771184363993,-244.369485501097,32.7746458595461));
#11086=CARTESIAN_POINT('',(513.356880381501,-244.174510754267,32.3746458595461));
#11087=CARTESIAN_POINT('Ctrl Pts',(513.3568803815,-244.174510754268,32.3746458595461));
#11088=CARTESIAN_POINT('Ctrl Pts',(513.542418326457,-243.989446725653,32.3746458595461));
#11089=CARTESIAN_POINT('Ctrl Pts',(513.740640530363,-243.791668041793,32.3746458595461));
#11090=CARTESIAN_POINT('Origin',(507.771184363993,-244.174510754267,32.7746458595461));
#11091=CARTESIAN_POINT('Origin',(507.771184363994,-242.88872431664,32.7746458595461));
#11092=CARTESIAN_POINT('',(510.409502285665,-242.605881604165,27.4049451726921));
#11093=CARTESIAN_POINT('',(510.468209761187,-242.88872431664,27.3032608423044));
#11094=CARTESIAN_POINT('Ctrl Pts',(510.409502285665,-242.605881604165,27.4049451726921));
#11095=CARTESIAN_POINT('Ctrl Pts',(510.409523683927,-242.605924304933,27.4049081098146));
#11096=CARTESIAN_POINT('Ctrl Pts',(510.409545072741,-242.605967006189,27.4048710633014));
#11097=CARTESIAN_POINT('Ctrl Pts',(510.427038123529,-242.640906457819,27.3745722105584));
#11098=CARTESIAN_POINT('Ctrl Pts',(510.44351855393,-242.690155650519,27.3460272677734));
#11099=CARTESIAN_POINT('Ctrl Pts',(510.462426818441,-242.781339221756,27.3132771929571));
#11100=CARTESIAN_POINT('Ctrl Pts',(510.468209761186,-242.83939432697,27.3032608423044));
#11101=CARTESIAN_POINT('Ctrl Pts',(510.468209761186,-242.88872431664,27.3032608423044));
#11102=CARTESIAN_POINT('',(505.074158966801,-242.88872431664,27.3032608423044));
#11103=CARTESIAN_POINT('Origin',(507.771184363994,-242.88872431664,32.7746458595461));
#11104=CARTESIAN_POINT('',(505.132866442323,-242.605881604165,27.4049451726922));
#11105=CARTESIAN_POINT('Ctrl Pts',(505.074158966801,-242.88872431664,27.3032608423044));
#11106=CARTESIAN_POINT('Ctrl Pts',(505.074158966801,-242.839394326969,27.3032608423044));
#11107=CARTESIAN_POINT('Ctrl Pts',(505.079941909546,-242.781339221756,27.3132771929571));
#11108=CARTESIAN_POINT('Ctrl Pts',(505.098850174058,-242.690155650519,27.3460272677735));
#11109=CARTESIAN_POINT('Ctrl Pts',(505.115330604459,-242.640906457819,27.3745722105584));
#11110=CARTESIAN_POINT('Ctrl Pts',(505.132823655246,-242.605967006189,27.4048710633014));
#11111=CARTESIAN_POINT('Ctrl Pts',(505.13284504406,-242.605924304933,27.4049081098146));
#11112=CARTESIAN_POINT('Ctrl Pts',(505.132866442323,-242.605881604165,27.4049451726921));
#11113=CARTESIAN_POINT('Origin',(507.771184363994,-242.605881604165,32.7746458595461));
#11114=CARTESIAN_POINT('Origin',(507.771184363994,-243.364460247928,32.7746458595461));
#11115=CARTESIAN_POINT('',(510.468209761186,-243.508825329318,27.3032608423044));
#11116=CARTESIAN_POINT('',(510.468209761187,-243.364460247928,27.3032608423044));
#11117=CARTESIAN_POINT('',(505.074158966801,-243.508825329317,27.3032608423044));
#11118=CARTESIAN_POINT('Origin',(507.771184363994,-243.508825329318,32.7746458595461));
#11119=CARTESIAN_POINT('',(505.074158966801,-243.364460247928,27.3032608423044));
#11120=CARTESIAN_POINT('Origin',(506.905158960209,-245.764460247928,33.4746458595461));
#11121=CARTESIAN_POINT('',(510.288509490083,-242.364460247928,27.6145108419893));
#11122=CARTESIAN_POINT('Ctrl Pts',(510.288509490083,-242.364460247928,27.6145108419892));
#11123=CARTESIAN_POINT('Ctrl Pts',(510.347760170248,-242.482673667968,27.5118856535607));
#11124=CARTESIAN_POINT('Ctrl Pts',(510.409502285665,-242.605881604165,27.4049451726922));
#11125=CARTESIAN_POINT('',(509.062608137896,-242.364460247928,29.7378342690452));
#11126=CARTESIAN_POINT('',(464.946228146853,-242.364460247923,106.149645859546));
#11127=CARTESIAN_POINT('',(509.062608137895,-246.164460247928,29.7378342690452));
#11128=CARTESIAN_POINT('',(509.062608137895,-245.764460247928,29.7378342690452));
#11129=CARTESIAN_POINT('',(508.523384435657,-252.564460247928,30.6717971179659));
#11130=CARTESIAN_POINT('Ctrl Pts',(509.062608137069,-246.164460247629,29.7378342706253));
#11131=CARTESIAN_POINT('Ctrl Pts',(508.741022917053,-249.995028876766,30.2948362106546));
#11132=CARTESIAN_POINT('Ctrl Pts',(508.523384434885,-252.564460247645,30.6717971194521));
#11133=CARTESIAN_POINT('',(510.217622211233,-252.564460247928,27.7372912105669));
#11134=CARTESIAN_POINT('',(465.567279686495,-252.564460247924,105.073953038765));
#11135=CARTESIAN_POINT('',(510.217622211234,-244.174510754267,27.7372912105669));
#11136=CARTESIAN_POINT('',(510.217622211233,-245.964460247928,27.7372912105669));
#11137=CARTESIAN_POINT('',(510.409502285665,-243.791668041792,27.4049451726922));
#11138=CARTESIAN_POINT('Ctrl Pts',(510.409502285665,-243.791668041793,27.4049451726922));
#11139=CARTESIAN_POINT('Ctrl Pts',(510.310391183712,-243.989446725653,27.5766106368689));
#11140=CARTESIAN_POINT('Ctrl Pts',(510.217622211233,-244.174510754268,27.7372912105677));
#11141=CARTESIAN_POINT('Ctrl Pts',(510.468209761186,-243.508825329318,27.3032608423044));
#11142=CARTESIAN_POINT('Ctrl Pts',(510.468209761186,-243.558155318988,27.3032608423044));
#11143=CARTESIAN_POINT('Ctrl Pts',(510.462426818441,-243.616210424202,27.3132771929571));
#11144=CARTESIAN_POINT('Ctrl Pts',(510.44351855393,-243.707393995439,27.3460272677735));
#11145=CARTESIAN_POINT('Ctrl Pts',(510.427038123529,-243.756643188139,27.3745722105584));
#11146=CARTESIAN_POINT('Ctrl Pts',(510.409545072741,-243.791582639769,27.4048710633014));
#11147=CARTESIAN_POINT('Ctrl Pts',(510.409523683927,-243.791625341025,27.4049081098146));
#11148=CARTESIAN_POINT('Ctrl Pts',(510.409502285665,-243.791668041792,27.4049451726921));
#11149=CARTESIAN_POINT('Origin',(507.771184363994,-243.508825329318,32.7746458595461));
#11150=CARTESIAN_POINT('',(505.132866442322,-243.791668041792,27.4049451726922));
#11151=CARTESIAN_POINT('Ctrl Pts',(505.132866442322,-243.791668041792,27.4049451726922));
#11152=CARTESIAN_POINT('Ctrl Pts',(505.13284504406,-243.791625341024,27.4049081098146));
#11153=CARTESIAN_POINT('Ctrl Pts',(505.132823655246,-243.791582639768,27.4048710633014));
#11154=CARTESIAN_POINT('Ctrl Pts',(505.115330604458,-243.756643188138,27.3745722105584));
#11155=CARTESIAN_POINT('Ctrl Pts',(505.098850174057,-243.707393995438,27.3460272677735));
#11156=CARTESIAN_POINT('Ctrl Pts',(505.079941909546,-243.616210424201,27.3132771929571));
#11157=CARTESIAN_POINT('Ctrl Pts',(505.074158966801,-243.558155318988,27.3032608423044));
#11158=CARTESIAN_POINT('Ctrl Pts',(505.074158966801,-243.508825329317,27.3032608423044));
#11159=CARTESIAN_POINT('Origin',(507.771184363994,-243.791668041792,32.7746458595461));
#11160=CARTESIAN_POINT('Origin',(507.771184363993,-244.369485501097,32.7746458595461));
#11161=CARTESIAN_POINT('',(505.324746516753,-244.174510754267,27.737291210567));
#11162=CARTESIAN_POINT('Origin',(507.771184363993,-244.174510754267,32.7746458595461));
#11163=CARTESIAN_POINT('Ctrl Pts',(505.324746516754,-244.174510754266,27.737291210567));
#11164=CARTESIAN_POINT('Ctrl Pts',(505.231977544275,-243.989446725652,27.5766106368685));
#11165=CARTESIAN_POINT('Ctrl Pts',(505.132866442322,-243.791668041792,27.4049451726922));
#11166=CARTESIAN_POINT('Origin',(507.771184363994,-242.88872431664,32.7746458595461));
#11167=CARTESIAN_POINT('',(504.440046119295,-242.605881604165,27.8049451726921));
#11168=CARTESIAN_POINT('',(504.381338643773,-242.88872431664,27.7032608423044));
#11169=CARTESIAN_POINT('Ctrl Pts',(504.440046119295,-242.605881604165,27.8049451726921));
#11170=CARTESIAN_POINT('Ctrl Pts',(504.440024721033,-242.605924304933,27.8049081098145));
#11171=CARTESIAN_POINT('Ctrl Pts',(504.440003332218,-242.605967006189,27.8048710633014));
#11172=CARTESIAN_POINT('Ctrl Pts',(504.422510281431,-242.640906457819,27.7745722105584));
#11173=CARTESIAN_POINT('Ctrl Pts',(504.40602985103,-242.690155650519,27.7460272677735));
#11174=CARTESIAN_POINT('Ctrl Pts',(504.387121586519,-242.781339221756,27.7132771929571));
#11175=CARTESIAN_POINT('Ctrl Pts',(504.381338643773,-242.839394326969,27.7032608423044));
#11176=CARTESIAN_POINT('Ctrl Pts',(504.381338643773,-242.88872431664,27.7032608423044));
#11177=CARTESIAN_POINT('',(501.68431324658,-242.888724316639,32.3746458595461));
#11178=CARTESIAN_POINT('Origin',(507.771184363994,-242.88872431664,32.7746458595461));
#11179=CARTESIAN_POINT('',(501.801728197624,-242.605881604165,32.3746458595461));
#11180=CARTESIAN_POINT('Ctrl Pts',(501.68431324658,-242.888724316639,32.3746458595461));
#11181=CARTESIAN_POINT('Ctrl Pts',(501.68431324658,-242.839394326969,32.3746458595461));
#11182=CARTESIAN_POINT('Ctrl Pts',(501.695879132072,-242.781339221756,32.3746458595461));
#11183=CARTESIAN_POINT('Ctrl Pts',(501.733695661094,-242.690155650518,32.3746458595461));
#11184=CARTESIAN_POINT('Ctrl Pts',(501.766656521896,-242.640906457818,32.3746458595461));
#11185=CARTESIAN_POINT('Ctrl Pts',(501.80164262347,-242.605967006188,32.3746458595461));
#11186=CARTESIAN_POINT('Ctrl Pts',(501.801685401099,-242.605924304933,32.3746458595461));
#11187=CARTESIAN_POINT('Ctrl Pts',(501.801728197624,-242.605881604165,32.3746458595461));
#11188=CARTESIAN_POINT('Origin',(507.771184363994,-242.605881604165,32.7746458595461));
#11189=CARTESIAN_POINT('Origin',(507.771184363994,-243.364460247928,32.7746458595461));
#11190=CARTESIAN_POINT('',(504.381338643773,-243.508825329317,27.7032608423044));
#11191=CARTESIAN_POINT('',(504.381338643773,-243.364460247928,27.7032608423044));
#11192=CARTESIAN_POINT('',(501.68431324658,-243.508825329317,32.3746458595461));
#11193=CARTESIAN_POINT('Origin',(507.771184363994,-243.508825329318,32.7746458595461));
#11194=CARTESIAN_POINT('',(501.68431324658,-243.364460247927,32.3746458595461));
#11195=CARTESIAN_POINT('Origin',(507.94438944475,-245.764460247928,33.8746458595461));
#11196=CARTESIAN_POINT('',(504.561038914877,-242.364460247928,28.0145108419893));
#11197=CARTESIAN_POINT('Ctrl Pts',(504.440046119295,-242.605881604165,27.8049451726921));
#11198=CARTESIAN_POINT('Ctrl Pts',(504.501788234711,-242.482673667969,27.9118856535599));
#11199=CARTESIAN_POINT('Ctrl Pts',(504.561038914876,-242.36446024793,28.0145108419875));
#11200=CARTESIAN_POINT('',(505.786940267064,-242.364460247928,30.1378342690453));
#11201=CARTESIAN_POINT('',(549.903320258106,-242.364460247932,106.549645859546));
#11202=CARTESIAN_POINT('',(505.786940267064,-246.164460247928,30.1378342690453));
#11203=CARTESIAN_POINT('',(505.786940267064,-245.764460247928,30.1378342690453));
#11204=CARTESIAN_POINT('',(506.3261639693,-252.564460247928,31.0717971179659));
#11205=CARTESIAN_POINT('Ctrl Pts',(505.786940268037,-246.164460247622,30.1378342705845));
#11206=CARTESIAN_POINT('Ctrl Pts',(506.108525488052,-249.995028876764,30.6948362106139));
#11207=CARTESIAN_POINT('Ctrl Pts',(506.326163970219,-252.564460247638,31.07179711941));
#11208=CARTESIAN_POINT('',(504.631926193725,-252.564460247928,28.137291210567));
#11209=CARTESIAN_POINT('',(545.532268718462,-252.564460247932,98.9787625103826));
#11210=CARTESIAN_POINT('',(504.631926193726,-244.174510754266,28.137291210567));
#11211=CARTESIAN_POINT('',(504.631926193726,-245.964460247928,28.137291210567));
#11212=CARTESIAN_POINT('',(504.440046119295,-243.791668041792,27.8049451726922));
#11213=CARTESIAN_POINT('Ctrl Pts',(504.631926193736,-244.174510754287,28.1372912105851));
#11214=CARTESIAN_POINT('Ctrl Pts',(504.539157221253,-243.989446725663,27.9766106368783));
#11215=CARTESIAN_POINT('Ctrl Pts',(504.440046119295,-243.791668041792,27.8049451726922));
#11216=CARTESIAN_POINT('Ctrl Pts',(504.381338643773,-243.508825329317,27.7032608423045));
#11217=CARTESIAN_POINT('Ctrl Pts',(504.381338643773,-243.558155318988,27.7032608423045));
#11218=CARTESIAN_POINT('Ctrl Pts',(504.387121586519,-243.616210424201,27.7132771929571));
#11219=CARTESIAN_POINT('Ctrl Pts',(504.40602985103,-243.707393995438,27.7460272677735));
#11220=CARTESIAN_POINT('Ctrl Pts',(504.422510281431,-243.756643188138,27.7745722105584));
#11221=CARTESIAN_POINT('Ctrl Pts',(504.440003332218,-243.791582639768,27.8048710633015));
#11222=CARTESIAN_POINT('Ctrl Pts',(504.440024721033,-243.791625341024,27.8049081098146));
#11223=CARTESIAN_POINT('Ctrl Pts',(504.440046119295,-243.791668041792,27.8049451726922));
#11224=CARTESIAN_POINT('Origin',(507.771184363994,-243.508825329318,32.7746458595461));
#11225=CARTESIAN_POINT('',(501.801728197624,-243.791668041792,32.3746458595461));
#11226=CARTESIAN_POINT('Ctrl Pts',(501.801728197624,-243.791668041792,32.3746458595461));
#11227=CARTESIAN_POINT('Ctrl Pts',(501.801685401099,-243.791625341024,32.3746458595461));
#11228=CARTESIAN_POINT('Ctrl Pts',(501.80164262347,-243.791582639768,32.3746458595461));
#11229=CARTESIAN_POINT('Ctrl Pts',(501.766656521896,-243.756643188138,32.3746458595461));
#11230=CARTESIAN_POINT('Ctrl Pts',(501.733695661094,-243.707393995438,32.3746458595461));
#11231=CARTESIAN_POINT('Ctrl Pts',(501.695879132072,-243.616210424201,32.3746458595461));
#11232=CARTESIAN_POINT('Ctrl Pts',(501.68431324658,-243.558155318988,32.3746458595461));
#11233=CARTESIAN_POINT('Ctrl Pts',(501.68431324658,-243.508825329317,32.3746458595461));
#11234=CARTESIAN_POINT('Origin',(507.771184363994,-243.791668041792,32.7746458595461));
#11235=CARTESIAN_POINT('Origin',(507.771184363993,-244.369485501097,32.7746458595461));
#11236=CARTESIAN_POINT('',(502.185488346486,-244.174510754266,32.3746458595461));
#11237=CARTESIAN_POINT('Origin',(507.771184363993,-244.174510754267,32.7746458595461));
#11238=CARTESIAN_POINT('Ctrl Pts',(501.801728197624,-243.791668041792,32.3746458595461));
#11239=CARTESIAN_POINT('Ctrl Pts',(501.99995040153,-243.989446725652,32.3746458595461));
#11240=CARTESIAN_POINT('Ctrl Pts',(502.185488346487,-244.174510754267,32.3746458595461));
#11241=CARTESIAN_POINT('Origin',(278.838521725116,-242.888724316617,37.0914820916178));
#11242=CARTESIAN_POINT('',(284.807977891486,-242.605881604143,36.6914820916178));
#11243=CARTESIAN_POINT('',(284.925392842529,-242.888724316618,36.6914820916178));
#11244=CARTESIAN_POINT('Ctrl Pts',(284.807977891486,-242.605881604143,36.6914820916178));
#11245=CARTESIAN_POINT('Ctrl Pts',(284.80802068801,-242.605924304911,36.6914820916178));
#11246=CARTESIAN_POINT('Ctrl Pts',(284.808063465639,-242.605967006167,36.6914820916178));
#11247=CARTESIAN_POINT('Ctrl Pts',(284.843049567214,-242.640906457797,36.6914820916178));
#11248=CARTESIAN_POINT('Ctrl Pts',(284.876010428015,-242.690155650496,36.6914820916178));
#11249=CARTESIAN_POINT('Ctrl Pts',(284.913826957038,-242.781339221734,36.6914820916178));
#11250=CARTESIAN_POINT('Ctrl Pts',(284.925392842529,-242.839394326947,36.6914820916178));
#11251=CARTESIAN_POINT('Ctrl Pts',(284.925392842529,-242.888724316618,36.6914820916178));
#11252=CARTESIAN_POINT('',(282.228367445336,-242.888724316617,32.0200970743761));
#11253=CARTESIAN_POINT('Origin',(278.838521725116,-242.888724316617,37.0914820916178));
#11254=CARTESIAN_POINT('',(282.169659969814,-242.605881604143,32.1217814047638));
#11255=CARTESIAN_POINT('Ctrl Pts',(282.228367445336,-242.888724316617,32.0200970743761));
#11256=CARTESIAN_POINT('Ctrl Pts',(282.228367445336,-242.839394326947,32.0200970743761));
#11257=CARTESIAN_POINT('Ctrl Pts',(282.222584502591,-242.781339221733,32.0301134250288));
#11258=CARTESIAN_POINT('Ctrl Pts',(282.203676238079,-242.690155650496,32.0628634998452));
#11259=CARTESIAN_POINT('Ctrl Pts',(282.187195807678,-242.640906457796,32.0914084426301));
#11260=CARTESIAN_POINT('Ctrl Pts',(282.169702756891,-242.605967006166,32.1217072953731));
#11261=CARTESIAN_POINT('Ctrl Pts',(282.169681368077,-242.605924304911,32.1217443418863));
#11262=CARTESIAN_POINT('Ctrl Pts',(282.169659969814,-242.605881604143,32.1217814047638));
#11263=CARTESIAN_POINT('Origin',(278.838521725116,-242.605881604142,37.0914820916178));
#11264=CARTESIAN_POINT('Origin',(278.838521725116,-243.364460247905,37.0914820916178));
#11265=CARTESIAN_POINT('',(284.925392842529,-243.508825329295,36.6914820916178));
#11266=CARTESIAN_POINT('',(284.925392842529,-243.364460247906,36.6914820916178));
#11267=CARTESIAN_POINT('',(282.228367445336,-243.508825329295,32.0200970743761));
#11268=CARTESIAN_POINT('Origin',(278.838521725116,-243.508825329295,37.0914820916178));
#11269=CARTESIAN_POINT('',(282.228367445336,-243.364460247905,32.0200970743761));
#11270=CARTESIAN_POINT('Origin',(286.856536193684,-245.764460247906,36.6914820916178));
#11271=CARTESIAN_POINT('',(284.565992300322,-242.364460247906,36.6914820916178));
#11272=CARTESIAN_POINT('Ctrl Pts',(284.565992300322,-242.364460247906,36.6914820916178));
#11273=CARTESIAN_POINT('Ctrl Pts',(284.684493660652,-242.482673667945,36.6914820916178));
#11274=CARTESIAN_POINT('Ctrl Pts',(284.807977891486,-242.605881604143,36.6914820916178));
#11275=CARTESIAN_POINT('',(282.114189595948,-242.364460247905,36.6914820916178));
#11276=CARTESIAN_POINT('',(282.8475289594,-242.364460247905,36.6914820916178));
#11277=CARTESIAN_POINT('',(282.114189595947,-246.164460247905,36.6914820916178));
#11278=CARTESIAN_POINT('',(282.114189595947,-245.764460247905,36.6914820916178));
#11279=CARTESIAN_POINT('',(281.035742191472,-252.564460247905,36.6914820916178));
#11280=CARTESIAN_POINT('Ctrl Pts',(282.114189593665,-246.164460247522,36.6914820916252));
#11281=CARTESIAN_POINT('Ctrl Pts',(281.471019153628,-249.995028876758,36.6914820916252));
#11282=CARTESIAN_POINT('Ctrl Pts',(281.035742189322,-252.564460247541,36.6914820916252));
#11283=CARTESIAN_POINT('',(284.424217742622,-252.564460247906,36.6914820916178));
#11284=CARTESIAN_POINT('',(275.347528959399,-252.564460247905,36.6914820916178));
#11285=CARTESIAN_POINT('',(284.424217742623,-244.174510754244,36.6914820916178));
#11286=CARTESIAN_POINT('',(284.424217742623,-245.964460247906,36.6914820916178));
#11287=CARTESIAN_POINT('',(284.807977891485,-243.79166804177,36.6914820916178));
#11288=CARTESIAN_POINT('Ctrl Pts',(284.807977891485,-243.79166804177,36.6914820916178));
#11289=CARTESIAN_POINT('Ctrl Pts',(284.60975568758,-243.98944672563,36.6914820916178));
#11290=CARTESIAN_POINT('Ctrl Pts',(284.424217742623,-244.174510754244,36.6914820916178));
#11291=CARTESIAN_POINT('Ctrl Pts',(284.925392842529,-243.508825329295,36.6914820916178));
#11292=CARTESIAN_POINT('Ctrl Pts',(284.925392842529,-243.558155318966,36.6914820916178));
#11293=CARTESIAN_POINT('Ctrl Pts',(284.913826957038,-243.616210424179,36.6914820916178));
#11294=CARTESIAN_POINT('Ctrl Pts',(284.876010428015,-243.707393995416,36.6914820916178));
#11295=CARTESIAN_POINT('Ctrl Pts',(284.843049567213,-243.756643188116,36.6914820916178));
#11296=CARTESIAN_POINT('Ctrl Pts',(284.808063465639,-243.791582639746,36.6914820916178));
#11297=CARTESIAN_POINT('Ctrl Pts',(284.80802068801,-243.791625341002,36.6914820916178));
#11298=CARTESIAN_POINT('Ctrl Pts',(284.807977891485,-243.79166804177,36.6914820916178));
#11299=CARTESIAN_POINT('Origin',(278.838521725116,-243.508825329295,37.0914820916178));
#11300=CARTESIAN_POINT('',(282.169659969814,-243.791668041769,32.1217814047639));
#11301=CARTESIAN_POINT('Ctrl Pts',(282.169659969814,-243.791668041769,32.1217814047639));
#11302=CARTESIAN_POINT('Ctrl Pts',(282.169681368077,-243.791625341002,32.1217443418864));
#11303=CARTESIAN_POINT('Ctrl Pts',(282.169702756891,-243.791582639746,32.1217072953731));
#11304=CARTESIAN_POINT('Ctrl Pts',(282.187195807678,-243.756643188116,32.0914084426301));
#11305=CARTESIAN_POINT('Ctrl Pts',(282.203676238079,-243.707393995416,32.0628634998452));
#11306=CARTESIAN_POINT('Ctrl Pts',(282.22258450259,-243.616210424179,32.0301134250288));
#11307=CARTESIAN_POINT('Ctrl Pts',(282.228367445336,-243.558155318966,32.0200970743761));
#11308=CARTESIAN_POINT('Ctrl Pts',(282.228367445336,-243.508825329295,32.0200970743761));
#11309=CARTESIAN_POINT('Origin',(278.838521725116,-243.791668041769,37.0914820916178));
#11310=CARTESIAN_POINT('Origin',(278.838521725116,-244.369485501074,37.0914820916178));
#11311=CARTESIAN_POINT('',(281.977779895383,-244.174510754244,32.4541274426387));
#11312=CARTESIAN_POINT('Origin',(278.838521725116,-244.174510754244,37.0914820916178));
#11313=CARTESIAN_POINT('Ctrl Pts',(281.977779895383,-244.174510754245,32.4541274426394));
#11314=CARTESIAN_POINT('Ctrl Pts',(282.070548867861,-243.98944672563,32.2934468689405));
#11315=CARTESIAN_POINT('Ctrl Pts',(282.169659969814,-243.791668041769,32.1217814047639));
#11316=CARTESIAN_POINT('Origin',(278.838521725116,-242.888724316617,37.0914820916178));
#11317=CARTESIAN_POINT('',(281.476839646787,-242.605881604142,31.7217814047639));
#11318=CARTESIAN_POINT('',(281.535547122309,-242.888724316617,31.6200970743761));
#11319=CARTESIAN_POINT('Ctrl Pts',(281.476839646787,-242.605881604142,31.7217814047639));
#11320=CARTESIAN_POINT('Ctrl Pts',(281.476861045049,-242.60592430491,31.7217443418863));
#11321=CARTESIAN_POINT('Ctrl Pts',(281.476882433864,-242.605967006166,31.7217072953732));
#11322=CARTESIAN_POINT('Ctrl Pts',(281.494375484651,-242.640906457796,31.6914084426301));
#11323=CARTESIAN_POINT('Ctrl Pts',(281.510855915052,-242.690155650496,31.6628634998452));
#11324=CARTESIAN_POINT('Ctrl Pts',(281.529764179563,-242.781339221733,31.6301134250288));
#11325=CARTESIAN_POINT('Ctrl Pts',(281.535547122309,-242.839394326946,31.6200970743761));
#11326=CARTESIAN_POINT('Ctrl Pts',(281.535547122309,-242.888724316617,31.6200970743761));
#11327=CARTESIAN_POINT('',(276.141496327923,-242.888724316617,31.6200970743761));
#11328=CARTESIAN_POINT('Origin',(278.838521725116,-242.888724316617,37.0914820916178));
#11329=CARTESIAN_POINT('',(276.200203803445,-242.605881604142,31.7217814047639));
#11330=CARTESIAN_POINT('Ctrl Pts',(276.141496327923,-242.888724316617,31.6200970743761));
#11331=CARTESIAN_POINT('Ctrl Pts',(276.141496327923,-242.839394326946,31.6200970743761));
#11332=CARTESIAN_POINT('Ctrl Pts',(276.147279270668,-242.781339221733,31.6301134250288));
#11333=CARTESIAN_POINT('Ctrl Pts',(276.16618753518,-242.690155650496,31.6628634998452));
#11334=CARTESIAN_POINT('Ctrl Pts',(276.182667965581,-242.640906457796,31.6914084426302));
#11335=CARTESIAN_POINT('Ctrl Pts',(276.200161016368,-242.605967006166,31.7217072953732));
#11336=CARTESIAN_POINT('Ctrl Pts',(276.200182405182,-242.60592430491,31.7217443418863));
#11337=CARTESIAN_POINT('Ctrl Pts',(276.200203803445,-242.605881604142,31.7217814047639));
#11338=CARTESIAN_POINT('Origin',(278.838521725116,-242.605881604142,37.0914820916178));
#11339=CARTESIAN_POINT('Origin',(278.838521725116,-243.364460247905,37.0914820916178));
#11340=CARTESIAN_POINT('',(281.535547122309,-243.508825329295,31.6200970743761));
#11341=CARTESIAN_POINT('',(281.535547122309,-243.364460247905,31.6200970743761));
#11342=CARTESIAN_POINT('',(276.141496327923,-243.508825329294,31.6200970743761));
#11343=CARTESIAN_POINT('Origin',(278.838521725116,-243.508825329295,37.0914820916178));
#11344=CARTESIAN_POINT('',(276.141496327923,-243.364460247905,31.6200970743761));
#11345=CARTESIAN_POINT('Origin',(277.972496321331,-245.764460247905,37.7914820916178));
#11346=CARTESIAN_POINT('',(281.355846851205,-242.364460247905,31.931347074061));
#11347=CARTESIAN_POINT('Ctrl Pts',(281.355846851205,-242.364460247905,31.9313470740612));
#11348=CARTESIAN_POINT('Ctrl Pts',(281.41509753137,-242.482673667945,31.8287218856326));
#11349=CARTESIAN_POINT('Ctrl Pts',(281.476839646787,-242.605881604142,31.7217814047639));
#11350=CARTESIAN_POINT('',(280.129945499018,-242.364460247905,34.054670501117));
#11351=CARTESIAN_POINT('',(236.013565507975,-242.3644602479,110.466482091618));
#11352=CARTESIAN_POINT('',(280.129945499017,-246.164460247905,34.0546705011169));
#11353=CARTESIAN_POINT('',(280.129945499018,-245.764460247905,34.0546705011169));
#11354=CARTESIAN_POINT('',(279.590721796779,-252.564460247905,34.9886333500376));
#11355=CARTESIAN_POINT('Ctrl Pts',(280.1299454978,-246.164460247508,34.0546705031421));
#11356=CARTESIAN_POINT('Ctrl Pts',(279.80836027778,-249.995028876762,34.6116724431789));
#11357=CARTESIAN_POINT('Ctrl Pts',(279.590721795629,-252.564460247528,34.9886333519467));
#11358=CARTESIAN_POINT('',(281.284959572355,-252.564460247905,32.0541274426387));
#11359=CARTESIAN_POINT('',(236.634617047617,-252.564460247901,109.390789270837));
#11360=CARTESIAN_POINT('',(281.284959572356,-244.174510754244,32.0541274426387));
#11361=CARTESIAN_POINT('',(281.284959572355,-245.964460247905,32.0541274426387));
#11362=CARTESIAN_POINT('',(281.476839646787,-243.791668041769,31.7217814047639));
#11363=CARTESIAN_POINT('Ctrl Pts',(281.476839646787,-243.791668041769,31.7217814047639));
#11364=CARTESIAN_POINT('Ctrl Pts',(281.377728544834,-243.98944672563,31.8934468689406));
#11365=CARTESIAN_POINT('Ctrl Pts',(281.284959572355,-244.174510754245,32.0541274426394));
#11366=CARTESIAN_POINT('Ctrl Pts',(281.535547122309,-243.508825329295,31.6200970743761));
#11367=CARTESIAN_POINT('Ctrl Pts',(281.535547122309,-243.558155318966,31.6200970743761));
#11368=CARTESIAN_POINT('Ctrl Pts',(281.529764179563,-243.616210424179,31.6301134250288));
#11369=CARTESIAN_POINT('Ctrl Pts',(281.510855915052,-243.707393995416,31.6628634998452));
#11370=CARTESIAN_POINT('Ctrl Pts',(281.494375484651,-243.756643188116,31.6914084426301));
#11371=CARTESIAN_POINT('Ctrl Pts',(281.476882433863,-243.791582639746,31.7217072953732));
#11372=CARTESIAN_POINT('Ctrl Pts',(281.476861045049,-243.791625341002,31.7217443418863));
#11373=CARTESIAN_POINT('Ctrl Pts',(281.476839646787,-243.791668041769,31.7217814047639));
#11374=CARTESIAN_POINT('Origin',(278.838521725116,-243.508825329295,37.0914820916178));
#11375=CARTESIAN_POINT('',(276.200203803444,-243.791668041769,31.7217814047639));
#11376=CARTESIAN_POINT('Ctrl Pts',(276.200203803444,-243.791668041769,31.7217814047639));
#11377=CARTESIAN_POINT('Ctrl Pts',(276.200182405182,-243.791625341001,31.7217443418863));
#11378=CARTESIAN_POINT('Ctrl Pts',(276.200161016368,-243.791582639745,31.7217072953732));
#11379=CARTESIAN_POINT('Ctrl Pts',(276.18266796558,-243.756643188115,31.6914084426302));
#11380=CARTESIAN_POINT('Ctrl Pts',(276.16618753518,-243.707393995415,31.6628634998452));
#11381=CARTESIAN_POINT('Ctrl Pts',(276.147279270668,-243.616210424178,31.6301134250288));
#11382=CARTESIAN_POINT('Ctrl Pts',(276.141496327923,-243.558155318965,31.6200970743761));
#11383=CARTESIAN_POINT('Ctrl Pts',(276.141496327923,-243.508825329294,31.6200970743761));
#11384=CARTESIAN_POINT('Origin',(278.838521725116,-243.791668041769,37.0914820916178));
#11385=CARTESIAN_POINT('Origin',(278.838521725116,-244.369485501074,37.0914820916178));
#11386=CARTESIAN_POINT('',(276.392083877876,-244.174510754244,32.0541274426387));
#11387=CARTESIAN_POINT('Origin',(278.838521725116,-244.174510754244,37.0914820916178));
#11388=CARTESIAN_POINT('Ctrl Pts',(276.200203803444,-243.791668041769,31.7217814047639));
#11389=CARTESIAN_POINT('Ctrl Pts',(276.299314905398,-243.98944672563,31.893446868941));
#11390=CARTESIAN_POINT('Ctrl Pts',(276.392083877876,-244.174510754245,32.0541274426401));
#11391=CARTESIAN_POINT('Origin',(278.838521725116,-242.888724316617,37.0914820916178));
#11392=CARTESIAN_POINT('',(275.507383480417,-242.605881604142,32.1217814047639));
#11393=CARTESIAN_POINT('',(275.448676004895,-242.888724316617,32.0200970743761));
#11394=CARTESIAN_POINT('Ctrl Pts',(275.507383480417,-242.605881604142,32.1217814047639));
#11395=CARTESIAN_POINT('Ctrl Pts',(275.507362082155,-242.60592430491,32.1217443418864));
#11396=CARTESIAN_POINT('Ctrl Pts',(275.50734069334,-242.605967006166,32.1217072953732));
#11397=CARTESIAN_POINT('Ctrl Pts',(275.489847642553,-242.640906457796,32.0914084426301));
#11398=CARTESIAN_POINT('Ctrl Pts',(275.473367212152,-242.690155650495,32.0628634998452));
#11399=CARTESIAN_POINT('Ctrl Pts',(275.454458947641,-242.781339221733,32.0301134250288));
#11400=CARTESIAN_POINT('Ctrl Pts',(275.448676004895,-242.839394326946,32.0200970743761));
#11401=CARTESIAN_POINT('Ctrl Pts',(275.448676004895,-242.888724316617,32.0200970743761));
#11402=CARTESIAN_POINT('',(272.751650607702,-242.888724316616,36.6914820916178));
#11403=CARTESIAN_POINT('Origin',(278.838521725116,-242.888724316617,37.0914820916178));
#11404=CARTESIAN_POINT('',(272.869065558746,-242.605881604142,36.6914820916178));
#11405=CARTESIAN_POINT('Ctrl Pts',(272.751650607702,-242.888724316616,36.6914820916178));
#11406=CARTESIAN_POINT('Ctrl Pts',(272.751650607702,-242.839394326946,36.6914820916178));
#11407=CARTESIAN_POINT('Ctrl Pts',(272.763216493194,-242.781339221732,36.6914820916178));
#11408=CARTESIAN_POINT('Ctrl Pts',(272.801033022216,-242.690155650495,36.6914820916178));
#11409=CARTESIAN_POINT('Ctrl Pts',(272.833993883018,-242.640906457795,36.6914820916178));
#11410=CARTESIAN_POINT('Ctrl Pts',(272.868979984593,-242.605967006165,36.6914820916178));
#11411=CARTESIAN_POINT('Ctrl Pts',(272.869022762221,-242.60592430491,36.6914820916178));
#11412=CARTESIAN_POINT('Ctrl Pts',(272.869065558746,-242.605881604142,36.6914820916178));
#11413=CARTESIAN_POINT('Origin',(278.838521725116,-242.605881604142,37.0914820916178));
#11414=CARTESIAN_POINT('Origin',(278.838521725116,-242.593749569786,37.0914820916178));
#11415=CARTESIAN_POINT('',(273.111051149909,-242.364460247904,36.6914820916178));
#11416=CARTESIAN_POINT('Ctrl Pts',(272.869065558746,-242.605881604142,36.6914820916178));
#11417=CARTESIAN_POINT('Ctrl Pts',(272.992549789579,-242.482673667944,36.6914820916178));
#11418=CARTESIAN_POINT('Ctrl Pts',(273.111051149909,-242.364460247904,36.6914820916178));
#11419=CARTESIAN_POINT('',(275.628376275999,-242.364460247905,32.331347074061));
#11420=CARTESIAN_POINT('Origin',(278.838521725116,-242.364460247905,37.0914820916178));
#11421=CARTESIAN_POINT('Ctrl Pts',(275.628376275999,-242.364460247905,32.3313470740608));
#11422=CARTESIAN_POINT('Ctrl Pts',(275.569125595834,-242.482673667944,32.2287218856325));
#11423=CARTESIAN_POINT('Ctrl Pts',(275.507383480417,-242.605881604142,32.1217814047639));
#11424=CARTESIAN_POINT('Origin',(286.856536193684,-245.764460247906,36.6914820916178));
#11425=CARTESIAN_POINT('',(272.751650607702,-243.508825329294,36.6914820916178));
#11426=CARTESIAN_POINT('',(272.751650607702,-243.364460247904,36.6914820916178));
#11427=CARTESIAN_POINT('',(272.869065558746,-243.791668041768,36.6914820916178));
#11428=CARTESIAN_POINT('Ctrl Pts',(272.869065558746,-243.791668041769,36.6914820916178));
#11429=CARTESIAN_POINT('Ctrl Pts',(272.869022762221,-243.791625341001,36.6914820916178));
#11430=CARTESIAN_POINT('Ctrl Pts',(272.868979984592,-243.791582639745,36.6914820916178));
#11431=CARTESIAN_POINT('Ctrl Pts',(272.833993883018,-243.756643188115,36.6914820916178));
#11432=CARTESIAN_POINT('Ctrl Pts',(272.801033022216,-243.707393995415,36.6914820916178));
#11433=CARTESIAN_POINT('Ctrl Pts',(272.763216493194,-243.616210424178,36.6914820916178));
#11434=CARTESIAN_POINT('Ctrl Pts',(272.751650607702,-243.558155318965,36.6914820916178));
#11435=CARTESIAN_POINT('Ctrl Pts',(272.751650607702,-243.508825329294,36.6914820916178));
#11436=CARTESIAN_POINT('',(273.252825707608,-244.174510754243,36.6914820916178));
#11437=CARTESIAN_POINT('Ctrl Pts',(273.252825707608,-244.174510754243,36.6914820916178));
#11438=CARTESIAN_POINT('Ctrl Pts',(273.067287762651,-243.989446725629,36.6914820916178));
#11439=CARTESIAN_POINT('Ctrl Pts',(272.869065558746,-243.791668041768,36.6914820916178));
#11440=CARTESIAN_POINT('',(273.252825707607,-252.564460247904,36.6914820916178));
#11441=CARTESIAN_POINT('',(273.252825707608,-245.964460247904,36.6914820916178));
#11442=CARTESIAN_POINT('',(276.641301258758,-252.564460247905,36.6914820916178));
#11443=CARTESIAN_POINT('',(275.347528959399,-252.564460247905,36.6914820916178));
#11444=CARTESIAN_POINT('',(275.562853854284,-246.164460247905,36.6914820916178));
#11445=CARTESIAN_POINT('Ctrl Pts',(276.641301260925,-252.564460247538,36.6914820916251));
#11446=CARTESIAN_POINT('Ctrl Pts',(276.510934069542,-251.794905277418,36.6914820916252));
#11447=CARTESIAN_POINT('Ctrl Pts',(276.018576929069,-248.878637386915,36.6914820916251));
#11448=CARTESIAN_POINT('Ctrl Pts',(275.562853856584,-246.164460247518,36.6914820916251));
#11449=CARTESIAN_POINT('',(275.562853854284,-242.364460247905,36.6914820916178));
#11450=CARTESIAN_POINT('',(275.562853854284,-245.764460247905,36.6914820916178));
#11451=CARTESIAN_POINT('',(282.8475289594,-242.364460247905,36.6914820916178));
#11452=CARTESIAN_POINT('Origin',(278.838521725116,-243.508825329295,37.0914820916178));
#11453=CARTESIAN_POINT('',(275.448676004895,-243.508825329294,32.0200970743761));
#11454=CARTESIAN_POINT('Origin',(278.838521725116,-243.508825329295,37.0914820916178));
#11455=CARTESIAN_POINT('',(275.507383480417,-243.791668041769,32.1217814047639));
#11456=CARTESIAN_POINT('Ctrl Pts',(275.448676004895,-243.508825329294,32.0200970743761));
#11457=CARTESIAN_POINT('Ctrl Pts',(275.448676004895,-243.558155318965,32.0200970743761));
#11458=CARTESIAN_POINT('Ctrl Pts',(275.454458947641,-243.616210424178,32.0301134250288));
#11459=CARTESIAN_POINT('Ctrl Pts',(275.473367212152,-243.707393995415,32.0628634998452));
#11460=CARTESIAN_POINT('Ctrl Pts',(275.489847642553,-243.756643188115,32.0914084426301));
#11461=CARTESIAN_POINT('Ctrl Pts',(275.50734069334,-243.791582639745,32.1217072953732));
#11462=CARTESIAN_POINT('Ctrl Pts',(275.507362082155,-243.791625341001,32.1217443418864));
#11463=CARTESIAN_POINT('Ctrl Pts',(275.507383480417,-243.791668041769,32.1217814047639));
#11464=CARTESIAN_POINT('Origin',(278.838521725116,-243.791668041769,37.0914820916178));
#11465=CARTESIAN_POINT('Origin',(278.838521725116,-244.369485501074,37.0914820916178));
#11466=CARTESIAN_POINT('',(275.699263554848,-244.174510754243,32.4541274426387));
#11467=CARTESIAN_POINT('Ctrl Pts',(275.507383480417,-243.791668041769,32.1217814047639));
#11468=CARTESIAN_POINT('Ctrl Pts',(275.60649458237,-243.989446725629,32.2934468689406));
#11469=CARTESIAN_POINT('Ctrl Pts',(275.699263554848,-244.174510754244,32.4541274426394));
#11470=CARTESIAN_POINT('Origin',(278.838521725116,-244.174510754244,37.0914820916178));
#11471=CARTESIAN_POINT('Origin',(279.011726805872,-245.764460247905,38.1914820916178));
#11472=CARTESIAN_POINT('',(276.854277628186,-242.364460247905,34.454670501117));
#11473=CARTESIAN_POINT('',(320.970657619228,-242.364460247909,110.866482091618));
#11474=CARTESIAN_POINT('',(276.854277628186,-246.164460247905,34.454670501117));
#11475=CARTESIAN_POINT('',(276.854277628186,-245.764460247905,34.454670501117));
#11476=CARTESIAN_POINT('',(277.393501330422,-252.564460247905,35.3886333500376));
#11477=CARTESIAN_POINT('Ctrl Pts',(276.854277629378,-246.164460247508,34.4546705031557));
#11478=CARTESIAN_POINT('Ctrl Pts',(277.175862849397,-249.995028876761,35.0116724431911));
#11479=CARTESIAN_POINT('Ctrl Pts',(277.393501331546,-252.564460247528,35.3886333519573));
#11480=CARTESIAN_POINT('',(275.699263554847,-252.564460247905,32.4541274426387));
#11481=CARTESIAN_POINT('',(316.599606079584,-252.564460247909,103.295598742454));
#11482=CARTESIAN_POINT('',(275.699263554848,-245.964460247905,32.4541274426387));
#11483=CARTESIAN_POINT('',(275.448676004895,-243.364460247905,32.0200970743761));
#11484=CARTESIAN_POINT('Origin',(278.838521725116,-242.888724316617,37.0914820916178));
#11485=CARTESIAN_POINT('',(272.869065558746,-242.605881604142,37.4914820916177));
#11486=CARTESIAN_POINT('',(272.751650607702,-242.888724316616,37.4914820916177));
#11487=CARTESIAN_POINT('Ctrl Pts',(272.869065558746,-242.605881604142,37.4914820916177));
#11488=CARTESIAN_POINT('Ctrl Pts',(272.869022762221,-242.60592430491,37.4914820916177));
#11489=CARTESIAN_POINT('Ctrl Pts',(272.868979984593,-242.605967006165,37.4914820916177));
#11490=CARTESIAN_POINT('Ctrl Pts',(272.833993883018,-242.640906457795,37.4914820916177));
#11491=CARTESIAN_POINT('Ctrl Pts',(272.801033022216,-242.690155650495,37.4914820916177));
#11492=CARTESIAN_POINT('Ctrl Pts',(272.763216493194,-242.781339221732,37.4914820916177));
#11493=CARTESIAN_POINT('Ctrl Pts',(272.751650607702,-242.839394326946,37.4914820916177));
#11494=CARTESIAN_POINT('Ctrl Pts',(272.751650607702,-242.888724316616,37.4914820916177));
#11495=CARTESIAN_POINT('',(275.448676004895,-242.888724316617,42.1628671088595));
#11496=CARTESIAN_POINT('Origin',(278.838521725116,-242.888724316617,37.0914820916178));
#11497=CARTESIAN_POINT('',(275.507383480417,-242.605881604142,42.0611827784717));
#11498=CARTESIAN_POINT('Ctrl Pts',(275.448676004895,-242.888724316617,42.1628671088595));
#11499=CARTESIAN_POINT('Ctrl Pts',(275.448676004895,-242.839394326946,42.1628671088595));
#11500=CARTESIAN_POINT('Ctrl Pts',(275.454458947641,-242.781339221733,42.1528507582068));
#11501=CARTESIAN_POINT('Ctrl Pts',(275.473367212152,-242.690155650495,42.1201006833904));
#11502=CARTESIAN_POINT('Ctrl Pts',(275.489847642553,-242.640906457796,42.0915557406054));
#11503=CARTESIAN_POINT('Ctrl Pts',(275.50734069334,-242.605967006166,42.0612568878624));
#11504=CARTESIAN_POINT('Ctrl Pts',(275.507362082155,-242.60592430491,42.0612198413492));
#11505=CARTESIAN_POINT('Ctrl Pts',(275.507383480417,-242.605881604142,42.0611827784716));
#11506=CARTESIAN_POINT('Origin',(278.838521725116,-242.605881604142,37.0914820916178));
#11507=CARTESIAN_POINT('Origin',(278.838521725116,-242.593749569786,37.0914820916178));
#11508=CARTESIAN_POINT('',(275.628376275999,-242.364460247905,41.8516171091746));
#11509=CARTESIAN_POINT('Ctrl Pts',(275.507383480417,-242.605881604142,42.0611827784717));
#11510=CARTESIAN_POINT('Ctrl Pts',(275.569125595834,-242.482673667944,41.954242297603));
#11511=CARTESIAN_POINT('Ctrl Pts',(275.628376275999,-242.364460247905,41.8516171091746));
#11512=CARTESIAN_POINT('',(273.111051149909,-242.364460247904,37.4914820916177));
#11513=CARTESIAN_POINT('Origin',(278.838521725116,-242.364460247905,37.0914820916178));
#11514=CARTESIAN_POINT('Ctrl Pts',(272.869065558746,-242.605881604142,37.4914820916177));
#11515=CARTESIAN_POINT('Ctrl Pts',(272.99254978958,-242.482673667944,37.4914820916177));
#11516=CARTESIAN_POINT('Ctrl Pts',(273.111051149909,-242.364460247904,37.4914820916177));
#11517=CARTESIAN_POINT('Origin',(277.972496321331,-245.764460247905,37.7914820916178));
#11518=CARTESIAN_POINT('',(275.448676004895,-243.508825329294,42.1628671088595));
#11519=CARTESIAN_POINT('',(275.448676004895,-243.364460247905,42.1628671088595));
#11520=CARTESIAN_POINT('',(275.507383480417,-243.791668041769,42.0611827784717));
#11521=CARTESIAN_POINT('Ctrl Pts',(275.507383480417,-243.791668041769,42.0611827784717));
#11522=CARTESIAN_POINT('Ctrl Pts',(275.507362082155,-243.791625341001,42.0612198413493));
#11523=CARTESIAN_POINT('Ctrl Pts',(275.50734069334,-243.791582639745,42.0612568878624));
#11524=CARTESIAN_POINT('Ctrl Pts',(275.489847642553,-243.756643188115,42.0915557406054));
#11525=CARTESIAN_POINT('Ctrl Pts',(275.473367212152,-243.707393995415,42.1201006833904));
#11526=CARTESIAN_POINT('Ctrl Pts',(275.454458947641,-243.616210424178,42.1528507582068));
#11527=CARTESIAN_POINT('Ctrl Pts',(275.448676004895,-243.558155318965,42.1628671088595));
#11528=CARTESIAN_POINT('Ctrl Pts',(275.448676004895,-243.508825329294,42.1628671088595));
#11529=CARTESIAN_POINT('',(275.699263554848,-244.174510754244,41.7288367405969));
#11530=CARTESIAN_POINT('Ctrl Pts',(275.699263554848,-244.174510754243,41.7288367405969));
#11531=CARTESIAN_POINT('Ctrl Pts',(275.60649458237,-243.989446725629,41.8895173142953));
#11532=CARTESIAN_POINT('Ctrl Pts',(275.507383480417,-243.791668041769,42.0611827784717));
#11533=CARTESIAN_POINT('',(275.699263554847,-252.564460247905,41.7288367405969));
#11534=CARTESIAN_POINT('',(275.699263554848,-245.964460247905,41.7288367405969));
#11535=CARTESIAN_POINT('',(277.393501330422,-252.564460247905,38.794330833198));
#11536=CARTESIAN_POINT('',(236.634617047617,-252.564460247901,109.390789270837));
#11537=CARTESIAN_POINT('',(276.854277628186,-246.164460247905,39.7282936821186));
#11538=CARTESIAN_POINT('Ctrl Pts',(277.393501331502,-252.564460247529,38.7943308312561));
#11539=CARTESIAN_POINT('Ctrl Pts',(277.328317735791,-251.794905277179,38.907232130847));
#11540=CARTESIAN_POINT('Ctrl Pts',(277.082139165547,-248.878637386575,39.3336259222451));
#11541=CARTESIAN_POINT('Ctrl Pts',(276.854277629333,-246.164460247509,39.7282936800594));
#11542=CARTESIAN_POINT('',(276.854277628186,-242.364460247905,39.7282936821186));
#11543=CARTESIAN_POINT('',(276.854277628186,-245.764460247905,39.7282936821186));
#11544=CARTESIAN_POINT('',(236.013565507975,-242.3644602479,110.466482091618));
#11545=CARTESIAN_POINT('Origin',(278.838521725116,-243.508825329295,37.0914820916178));
#11546=CARTESIAN_POINT('',(272.751650607702,-243.508825329294,37.4914820916177));
#11547=CARTESIAN_POINT('Origin',(278.838521725116,-243.508825329295,37.0914820916178));
#11548=CARTESIAN_POINT('',(272.869065558746,-243.791668041769,37.4914820916177));
#11549=CARTESIAN_POINT('Ctrl Pts',(272.751650607702,-243.508825329294,37.4914820916177));
#11550=CARTESIAN_POINT('Ctrl Pts',(272.751650607702,-243.558155318965,37.4914820916177));
#11551=CARTESIAN_POINT('Ctrl Pts',(272.763216493194,-243.616210424178,37.4914820916177));
#11552=CARTESIAN_POINT('Ctrl Pts',(272.801033022216,-243.707393995415,37.4914820916177));
#11553=CARTESIAN_POINT('Ctrl Pts',(272.833993883018,-243.756643188115,37.4914820916177));
#11554=CARTESIAN_POINT('Ctrl Pts',(272.868979984592,-243.791582639745,37.4914820916177));
#11555=CARTESIAN_POINT('Ctrl Pts',(272.869022762221,-243.791625341001,37.4914820916177));
#11556=CARTESIAN_POINT('Ctrl Pts',(272.869065558746,-243.791668041769,37.4914820916177));
#11557=CARTESIAN_POINT('Origin',(278.838521725116,-243.791668041769,37.0914820916178));
#11558=CARTESIAN_POINT('Origin',(278.838521725116,-244.369485501074,37.0914820916178));
#11559=CARTESIAN_POINT('',(273.252825707608,-244.174510754243,37.4914820916178));
#11560=CARTESIAN_POINT('Ctrl Pts',(273.252825707609,-244.174510754244,37.4914820916178));
#11561=CARTESIAN_POINT('Ctrl Pts',(273.067287762652,-243.989446725629,37.4914820916177));
#11562=CARTESIAN_POINT('Ctrl Pts',(272.869065558746,-243.791668041769,37.4914820916177));
#11563=CARTESIAN_POINT('Origin',(278.838521725116,-244.174510754244,37.0914820916178));
#11564=CARTESIAN_POINT('Origin',(278.838521725116,-242.888724316617,37.0914820916178));
#11565=CARTESIAN_POINT('',(276.200203803444,-242.605881604142,42.4611827784717));
#11566=CARTESIAN_POINT('',(276.141496327923,-242.888724316617,42.5628671088595));
#11567=CARTESIAN_POINT('Ctrl Pts',(276.200203803445,-242.605881604142,42.4611827784717));
#11568=CARTESIAN_POINT('Ctrl Pts',(276.200182405182,-242.60592430491,42.4612198413493));
#11569=CARTESIAN_POINT('Ctrl Pts',(276.200161016368,-242.605967006166,42.4612568878624));
#11570=CARTESIAN_POINT('Ctrl Pts',(276.182667965581,-242.640906457796,42.4915557406054));
#11571=CARTESIAN_POINT('Ctrl Pts',(276.16618753518,-242.690155650496,42.5201006833904));
#11572=CARTESIAN_POINT('Ctrl Pts',(276.147279270668,-242.781339221733,42.5528507582068));
#11573=CARTESIAN_POINT('Ctrl Pts',(276.141496327923,-242.839394326946,42.5628671088595));
#11574=CARTESIAN_POINT('Ctrl Pts',(276.141496327923,-242.888724316617,42.5628671088595));
#11575=CARTESIAN_POINT('',(281.535547122309,-242.888724316617,42.5628671088595));
#11576=CARTESIAN_POINT('Origin',(278.838521725116,-242.888724316617,37.0914820916178));
#11577=CARTESIAN_POINT('',(281.476839646787,-242.605881604142,42.4611827784718));
#11578=CARTESIAN_POINT('Ctrl Pts',(281.535547122309,-242.888724316617,42.5628671088595));
#11579=CARTESIAN_POINT('Ctrl Pts',(281.535547122309,-242.839394326946,42.5628671088595));
#11580=CARTESIAN_POINT('Ctrl Pts',(281.529764179563,-242.781339221733,42.5528507582068));
#11581=CARTESIAN_POINT('Ctrl Pts',(281.510855915052,-242.690155650496,42.5201006833904));
#11582=CARTESIAN_POINT('Ctrl Pts',(281.494375484651,-242.640906457796,42.4915557406055));
#11583=CARTESIAN_POINT('Ctrl Pts',(281.476882433863,-242.605967006166,42.4612568878624));
#11584=CARTESIAN_POINT('Ctrl Pts',(281.476861045049,-242.60592430491,42.4612198413493));
#11585=CARTESIAN_POINT('Ctrl Pts',(281.476839646787,-242.605881604142,42.4611827784717));
#11586=CARTESIAN_POINT('Origin',(278.838521725116,-242.605881604142,37.0914820916178));
#11587=CARTESIAN_POINT('Origin',(278.838521725116,-243.364460247905,37.0914820916178));
#11588=CARTESIAN_POINT('',(276.141496327923,-243.508825329294,42.5628671088595));
#11589=CARTESIAN_POINT('',(276.141496327923,-243.364460247905,42.5628671088595));
#11590=CARTESIAN_POINT('',(281.535547122308,-243.508825329295,42.5628671088595));
#11591=CARTESIAN_POINT('Origin',(278.838521725116,-243.508825329295,37.0914820916178));
#11592=CARTESIAN_POINT('',(281.535547122308,-243.364460247905,42.5628671088595));
#11593=CARTESIAN_POINT('Origin',(275.175924652345,-245.764460247905,44.2352863093097));
#11594=CARTESIAN_POINT('',(276.321196599026,-242.364460247905,42.2516171091746));
#11595=CARTESIAN_POINT('Ctrl Pts',(276.321196599026,-242.364460247905,42.2516171091745));
#11596=CARTESIAN_POINT('Ctrl Pts',(276.261945918861,-242.482673667944,42.354242297603));
#11597=CARTESIAN_POINT('Ctrl Pts',(276.200203803444,-242.605881604142,42.4611827784717));
#11598=CARTESIAN_POINT('',(277.547097951214,-242.364460247905,40.1282936821186));
#11599=CARTESIAN_POINT('',(234.961689834995,-242.3644602479,113.888384200464));
#11600=CARTESIAN_POINT('',(277.547097951213,-246.164460247905,40.1282936821186));
#11601=CARTESIAN_POINT('',(277.547097951213,-245.764460247905,40.1282936821186));
#11602=CARTESIAN_POINT('',(278.08632165345,-252.564460247905,39.194330833198));
#11603=CARTESIAN_POINT('Ctrl Pts',(277.547097952388,-246.164460247506,40.1282936800548));
#11604=CARTESIAN_POINT('Ctrl Pts',(277.868683172406,-249.995028876763,39.5712917400195));
#11605=CARTESIAN_POINT('Ctrl Pts',(278.086321654555,-252.564460247526,39.1943308312545));
#11606=CARTESIAN_POINT('',(276.392083877875,-252.564460247905,42.1288367405969));
#11607=CARTESIAN_POINT('',(235.582741374637,-252.564460247901,112.812691379683));
#11608=CARTESIAN_POINT('',(276.392083877876,-244.174510754244,42.1288367405969));
#11609=CARTESIAN_POINT('',(276.392083877875,-245.964460247905,42.1288367405969));
#11610=CARTESIAN_POINT('',(276.200203803444,-243.791668041769,42.4611827784717));
#11611=CARTESIAN_POINT('Ctrl Pts',(276.200203803444,-243.791668041769,42.4611827784717));
#11612=CARTESIAN_POINT('Ctrl Pts',(276.299314905397,-243.98944672563,42.2895173142948));
#11613=CARTESIAN_POINT('Ctrl Pts',(276.392083877876,-244.174510754244,42.1288367405962));
#11614=CARTESIAN_POINT('Ctrl Pts',(276.141496327923,-243.508825329294,42.5628671088594));
#11615=CARTESIAN_POINT('Ctrl Pts',(276.141496327923,-243.558155318965,42.5628671088594));
#11616=CARTESIAN_POINT('Ctrl Pts',(276.147279270668,-243.616210424178,42.5528507582068));
#11617=CARTESIAN_POINT('Ctrl Pts',(276.16618753518,-243.707393995415,42.5201006833904));
#11618=CARTESIAN_POINT('Ctrl Pts',(276.18266796558,-243.756643188115,42.4915557406054));
#11619=CARTESIAN_POINT('Ctrl Pts',(276.200161016368,-243.791582639745,42.4612568878624));
#11620=CARTESIAN_POINT('Ctrl Pts',(276.200182405182,-243.791625341001,42.4612198413492));
#11621=CARTESIAN_POINT('Ctrl Pts',(276.200203803444,-243.791668041769,42.4611827784716));
#11622=CARTESIAN_POINT('Origin',(278.838521725116,-243.508825329295,37.0914820916178));
#11623=CARTESIAN_POINT('',(281.476839646787,-243.791668041769,42.4611827784717));
#11624=CARTESIAN_POINT('Ctrl Pts',(281.476839646787,-243.791668041769,42.4611827784718));
#11625=CARTESIAN_POINT('Ctrl Pts',(281.476861045049,-243.791625341002,42.4612198413493));
#11626=CARTESIAN_POINT('Ctrl Pts',(281.476882433863,-243.791582639746,42.4612568878625));
#11627=CARTESIAN_POINT('Ctrl Pts',(281.494375484651,-243.756643188116,42.4915557406055));
#11628=CARTESIAN_POINT('Ctrl Pts',(281.510855915052,-243.707393995416,42.5201006833904));
#11629=CARTESIAN_POINT('Ctrl Pts',(281.529764179563,-243.616210424179,42.5528507582068));
#11630=CARTESIAN_POINT('Ctrl Pts',(281.535547122308,-243.558155318966,42.5628671088595));
#11631=CARTESIAN_POINT('Ctrl Pts',(281.535547122308,-243.508825329295,42.5628671088595));
#11632=CARTESIAN_POINT('Origin',(278.838521725116,-243.791668041769,37.0914820916178));
#11633=CARTESIAN_POINT('Origin',(278.838521725116,-244.369485501074,37.0914820916178));
#11634=CARTESIAN_POINT('',(281.284959572355,-244.174510754244,42.128836740597));
#11635=CARTESIAN_POINT('Origin',(278.838521725116,-244.174510754244,37.0914820916178));
#11636=CARTESIAN_POINT('Ctrl Pts',(281.284959572355,-244.174510754244,42.1288367405969));
#11637=CARTESIAN_POINT('Ctrl Pts',(281.377728544834,-243.98944672563,42.2895173142953));
#11638=CARTESIAN_POINT('Ctrl Pts',(281.476839646787,-243.791668041769,42.4611827784717));
#11639=CARTESIAN_POINT('Origin',(278.838521725116,-242.888724316617,37.0914820916178));
#11640=CARTESIAN_POINT('',(282.169659969814,-242.605881604143,42.0611827784718));
#11641=CARTESIAN_POINT('',(282.228367445336,-242.888724316617,42.1628671088595));
#11642=CARTESIAN_POINT('Ctrl Pts',(282.169659969814,-242.605881604143,42.0611827784718));
#11643=CARTESIAN_POINT('Ctrl Pts',(282.169681368077,-242.60592430491,42.0612198413493));
#11644=CARTESIAN_POINT('Ctrl Pts',(282.169702756891,-242.605967006166,42.0612568878625));
#11645=CARTESIAN_POINT('Ctrl Pts',(282.187195807678,-242.640906457796,42.0915557406055));
#11646=CARTESIAN_POINT('Ctrl Pts',(282.203676238079,-242.690155650496,42.1201006833904));
#11647=CARTESIAN_POINT('Ctrl Pts',(282.22258450259,-242.781339221733,42.1528507582069));
#11648=CARTESIAN_POINT('Ctrl Pts',(282.228367445336,-242.839394326947,42.1628671088595));
#11649=CARTESIAN_POINT('Ctrl Pts',(282.228367445336,-242.888724316617,42.1628671088595));
#11650=CARTESIAN_POINT('',(284.925392842529,-242.888724316618,37.4914820916178));
#11651=CARTESIAN_POINT('Origin',(278.838521725116,-242.888724316617,37.0914820916178));
#11652=CARTESIAN_POINT('',(284.807977891486,-242.605881604143,37.4914820916178));
#11653=CARTESIAN_POINT('Ctrl Pts',(284.925392842529,-242.888724316618,37.4914820916178));
#11654=CARTESIAN_POINT('Ctrl Pts',(284.925392842529,-242.839394326947,37.4914820916178));
#11655=CARTESIAN_POINT('Ctrl Pts',(284.913826957038,-242.781339221734,37.4914820916178));
#11656=CARTESIAN_POINT('Ctrl Pts',(284.876010428015,-242.690155650496,37.4914820916178));
#11657=CARTESIAN_POINT('Ctrl Pts',(284.843049567214,-242.640906457797,37.4914820916178));
#11658=CARTESIAN_POINT('Ctrl Pts',(284.808063465639,-242.605967006167,37.4914820916178));
#11659=CARTESIAN_POINT('Ctrl Pts',(284.80802068801,-242.605924304911,37.4914820916178));
#11660=CARTESIAN_POINT('Ctrl Pts',(284.807977891486,-242.605881604143,37.4914820916178));
#11661=CARTESIAN_POINT('Origin',(278.838521725116,-242.605881604142,37.0914820916178));
#11662=CARTESIAN_POINT('Origin',(278.838521725116,-242.593749569786,37.0914820916178));
#11663=CARTESIAN_POINT('',(284.565992300322,-242.364460247906,37.4914820916178));
#11664=CARTESIAN_POINT('Ctrl Pts',(284.565992300322,-242.364460247906,37.4914820916178));
#11665=CARTESIAN_POINT('Ctrl Pts',(284.684493660652,-242.482673667945,37.4914820916178));
#11666=CARTESIAN_POINT('Ctrl Pts',(284.807977891486,-242.605881604143,37.4914820916178));
#11667=CARTESIAN_POINT('',(282.048667174233,-242.364460247905,41.8516171091747));
#11668=CARTESIAN_POINT('Origin',(278.838521725116,-242.364460247905,37.0914820916178));
#11669=CARTESIAN_POINT('Ctrl Pts',(282.169659969814,-242.605881604143,42.0611827784718));
#11670=CARTESIAN_POINT('Ctrl Pts',(282.107917854398,-242.482673667946,41.9542422976039));
#11671=CARTESIAN_POINT('Ctrl Pts',(282.048667174234,-242.364460247907,41.8516171091764));
#11672=CARTESIAN_POINT('Origin',(270.820507256546,-245.764460247904,37.4914820916177));
#11673=CARTESIAN_POINT('',(284.925392842529,-243.508825329295,37.4914820916178));
#11674=CARTESIAN_POINT('',(284.925392842529,-243.364460247906,37.4914820916178));
#11675=CARTESIAN_POINT('',(284.807977891485,-243.79166804177,37.4914820916178));
#11676=CARTESIAN_POINT('Ctrl Pts',(284.807977891485,-243.79166804177,37.4914820916178));
#11677=CARTESIAN_POINT('Ctrl Pts',(284.80802068801,-243.791625341002,37.4914820916178));
#11678=CARTESIAN_POINT('Ctrl Pts',(284.808063465639,-243.791582639746,37.4914820916178));
#11679=CARTESIAN_POINT('Ctrl Pts',(284.843049567213,-243.756643188116,37.4914820916178));
#11680=CARTESIAN_POINT('Ctrl Pts',(284.876010428015,-243.707393995416,37.4914820916178));
#11681=CARTESIAN_POINT('Ctrl Pts',(284.913826957038,-243.616210424179,37.4914820916178));
#11682=CARTESIAN_POINT('Ctrl Pts',(284.925392842529,-243.558155318966,37.4914820916178));
#11683=CARTESIAN_POINT('Ctrl Pts',(284.925392842529,-243.508825329295,37.4914820916178));
#11684=CARTESIAN_POINT('',(284.424217742623,-244.174510754244,37.4914820916178));
#11685=CARTESIAN_POINT('Ctrl Pts',(284.807977891485,-243.79166804177,37.4914820916178));
#11686=CARTESIAN_POINT('Ctrl Pts',(284.609755687579,-243.98944672563,37.4914820916178));
#11687=CARTESIAN_POINT('Ctrl Pts',(284.424217742622,-244.174510754245,37.4914820916178));
#11688=CARTESIAN_POINT('',(284.424217742622,-252.564460247906,37.4914820916178));
#11689=CARTESIAN_POINT('',(284.424217742623,-245.964460247906,37.4914820916178));
#11690=CARTESIAN_POINT('',(281.035742191472,-252.564460247905,37.4914820916178));
#11691=CARTESIAN_POINT('',(267.32951449083,-252.564460247904,37.4914820916177));
#11692=CARTESIAN_POINT('',(282.114189595947,-246.164460247905,37.4914820916178));
#11693=CARTESIAN_POINT('Ctrl Pts',(281.03574218929,-252.564460247535,37.4914820916104));
#11694=CARTESIAN_POINT('Ctrl Pts',(281.166109380685,-251.794905277342,37.4914820916104));
#11695=CARTESIAN_POINT('Ctrl Pts',(281.658466521163,-248.878637386806,37.4914820916104));
#11696=CARTESIAN_POINT('Ctrl Pts',(282.11418959363,-246.164460247516,37.4914820916104));
#11697=CARTESIAN_POINT('',(282.114189595948,-242.364460247905,37.4914820916178));
#11698=CARTESIAN_POINT('',(282.114189595947,-245.764460247905,37.4914820916178));
#11699=CARTESIAN_POINT('',(274.829514490831,-242.364460247904,37.4914820916178));
#11700=CARTESIAN_POINT('Origin',(278.838521725116,-243.508825329295,37.0914820916178));
#11701=CARTESIAN_POINT('',(282.228367445336,-243.508825329295,42.1628671088595));
#11702=CARTESIAN_POINT('Origin',(278.838521725116,-243.508825329295,37.0914820916178));
#11703=CARTESIAN_POINT('',(282.169659969814,-243.791668041769,42.0611827784718));
#11704=CARTESIAN_POINT('Ctrl Pts',(282.228367445336,-243.508825329295,42.1628671088595));
#11705=CARTESIAN_POINT('Ctrl Pts',(282.228367445336,-243.558155318966,42.1628671088595));
#11706=CARTESIAN_POINT('Ctrl Pts',(282.22258450259,-243.616210424179,42.1528507582069));
#11707=CARTESIAN_POINT('Ctrl Pts',(282.203676238079,-243.707393995416,42.1201006833904));
#11708=CARTESIAN_POINT('Ctrl Pts',(282.187195807678,-243.756643188116,42.0915557406055));
#11709=CARTESIAN_POINT('Ctrl Pts',(282.169702756891,-243.791582639746,42.0612568878625));
#11710=CARTESIAN_POINT('Ctrl Pts',(282.169681368077,-243.791625341002,42.0612198413493));
#11711=CARTESIAN_POINT('Ctrl Pts',(282.169659969814,-243.791668041769,42.0611827784718));
#11712=CARTESIAN_POINT('Origin',(278.838521725116,-243.791668041769,37.0914820916178));
#11713=CARTESIAN_POINT('Origin',(278.838521725116,-244.369485501074,37.0914820916178));
#11714=CARTESIAN_POINT('',(281.977779895383,-244.174510754244,41.728836740597));
#11715=CARTESIAN_POINT('Ctrl Pts',(281.977779895373,-244.174510754265,41.7288367405789));
#11716=CARTESIAN_POINT('Ctrl Pts',(282.070548867856,-243.989446725641,41.8895173142858));
#11717=CARTESIAN_POINT('Ctrl Pts',(282.169659969814,-243.791668041769,42.0611827784717));
#11718=CARTESIAN_POINT('Origin',(278.838521725116,-244.174510754244,37.0914820916178));
#11719=CARTESIAN_POINT('Origin',(278.838521725116,-242.888724316616,92.274645859545));
#11720=CARTESIAN_POINT('',(272.869065558746,-242.605881604141,92.6746458595449));
#11721=CARTESIAN_POINT('',(272.751650607702,-242.888724316616,92.6746458595449));
#11722=CARTESIAN_POINT('Ctrl Pts',(272.869065558746,-242.605881604141,92.6746458595449));
#11723=CARTESIAN_POINT('Ctrl Pts',(272.869022762221,-242.605924304909,92.6746458595449));
#11724=CARTESIAN_POINT('Ctrl Pts',(272.868979984592,-242.605967006165,92.6746458595449));
#11725=CARTESIAN_POINT('Ctrl Pts',(272.833993883018,-242.640906457795,92.6746458595449));
#11726=CARTESIAN_POINT('Ctrl Pts',(272.801033022216,-242.690155650495,92.6746458595449));
#11727=CARTESIAN_POINT('Ctrl Pts',(272.763216493194,-242.781339221732,92.6746458595449));
#11728=CARTESIAN_POINT('Ctrl Pts',(272.751650607702,-242.839394326945,92.6746458595449));
#11729=CARTESIAN_POINT('Ctrl Pts',(272.751650607702,-242.888724316616,92.6746458595449));
#11730=CARTESIAN_POINT('',(275.448676004895,-242.888724316616,97.3460308767866));
#11731=CARTESIAN_POINT('Origin',(278.838521725116,-242.888724316616,92.274645859545));
#11732=CARTESIAN_POINT('',(275.507383480417,-242.605881604141,97.2443465463989));
#11733=CARTESIAN_POINT('Ctrl Pts',(275.448676004895,-242.888724316616,97.3460308767866));
#11734=CARTESIAN_POINT('Ctrl Pts',(275.448676004895,-242.839394326945,97.3460308767866));
#11735=CARTESIAN_POINT('Ctrl Pts',(275.454458947641,-242.781339221732,97.336014526134));
#11736=CARTESIAN_POINT('Ctrl Pts',(275.473367212152,-242.690155650495,97.3032644513176));
#11737=CARTESIAN_POINT('Ctrl Pts',(275.489847642553,-242.640906457795,97.2747195085326));
#11738=CARTESIAN_POINT('Ctrl Pts',(275.50734069334,-242.605967006165,97.2444206557896));
#11739=CARTESIAN_POINT('Ctrl Pts',(275.507362082155,-242.605924304909,97.2443836092764));
#11740=CARTESIAN_POINT('Ctrl Pts',(275.507383480417,-242.605881604141,97.2443465463989));
#11741=CARTESIAN_POINT('Origin',(278.838521725116,-242.605881604142,92.274645859545));
#11742=CARTESIAN_POINT('Origin',(278.838521725116,-242.593749569786,92.274645859545));
#11743=CARTESIAN_POINT('',(275.628376275999,-242.364460247904,97.0347808771017));
#11744=CARTESIAN_POINT('Ctrl Pts',(275.507383480417,-242.605881604141,97.2443465463989));
#11745=CARTESIAN_POINT('Ctrl Pts',(275.569125595834,-242.482673667944,97.1374060655302));
#11746=CARTESIAN_POINT('Ctrl Pts',(275.628376275999,-242.364460247904,97.0347808771017));
#11747=CARTESIAN_POINT('',(273.111051149909,-242.364460247904,92.6746458595449));
#11748=CARTESIAN_POINT('Origin',(278.838521725116,-242.364460247904,92.274645859545));
#11749=CARTESIAN_POINT('Ctrl Pts',(273.111051149909,-242.364460247904,92.6746458595449));
#11750=CARTESIAN_POINT('Ctrl Pts',(272.992549789579,-242.482673667943,92.6746458595449));
#11751=CARTESIAN_POINT('Ctrl Pts',(272.869065558746,-242.605881604141,92.6746458595449));
#11752=CARTESIAN_POINT('Origin',(277.972496321331,-245.764460247904,92.9746458595449));
#11753=CARTESIAN_POINT('',(275.448676004895,-243.508825329294,97.3460308767866));
#11754=CARTESIAN_POINT('',(275.448676004895,-243.364460247904,97.3460308767866));
#11755=CARTESIAN_POINT('',(275.507383480417,-243.791668041768,97.2443465463989));
#11756=CARTESIAN_POINT('Ctrl Pts',(275.507383480417,-243.791668041768,97.2443465463989));
#11757=CARTESIAN_POINT('Ctrl Pts',(275.507362082154,-243.791625341,97.2443836092765));
#11758=CARTESIAN_POINT('Ctrl Pts',(275.50734069334,-243.791582639744,97.2444206557896));
#11759=CARTESIAN_POINT('Ctrl Pts',(275.489847642553,-243.756643188115,97.2747195085326));
#11760=CARTESIAN_POINT('Ctrl Pts',(275.473367212152,-243.707393995415,97.3032644513175));
#11761=CARTESIAN_POINT('Ctrl Pts',(275.454458947641,-243.616210424177,97.3360145261339));
#11762=CARTESIAN_POINT('Ctrl Pts',(275.448676004895,-243.558155318964,97.3460308767866));
#11763=CARTESIAN_POINT('Ctrl Pts',(275.448676004895,-243.508825329294,97.3460308767866));
#11764=CARTESIAN_POINT('',(275.699263554848,-244.174510754243,96.9120005085241));
#11765=CARTESIAN_POINT('Ctrl Pts',(275.699263554848,-244.174510754244,96.9120005085232));
#11766=CARTESIAN_POINT('Ctrl Pts',(275.60649458237,-243.989446725629,97.072681082222));
#11767=CARTESIAN_POINT('Ctrl Pts',(275.507383480417,-243.791668041768,97.2443465463988));
#11768=CARTESIAN_POINT('',(275.699263554847,-252.564460247904,96.9120005085241));
#11769=CARTESIAN_POINT('',(275.699263554848,-245.964460247904,96.9120005085241));
#11770=CARTESIAN_POINT('',(277.393501330422,-252.564460247904,93.9774946011251));
#11771=CARTESIAN_POINT('',(236.634617047617,-252.5644602479,164.573953038764));
#11772=CARTESIAN_POINT('',(276.854277628186,-246.164460247904,94.9114574500458));
#11773=CARTESIAN_POINT('Ctrl Pts',(277.393501331254,-252.564460247627,93.9774945997144));
#11774=CARTESIAN_POINT('Ctrl Pts',(277.32831773571,-251.794905279285,94.0903958990158));
#11775=CARTESIAN_POINT('Ctrl Pts',(277.082139165531,-248.878637389574,94.516789690302));
#11776=CARTESIAN_POINT('Ctrl Pts',(276.854277629068,-246.164460247612,94.9114574485459));
#11777=CARTESIAN_POINT('',(276.854277628186,-242.364460247904,94.9114574500458));
#11778=CARTESIAN_POINT('',(276.854277628186,-245.764460247904,94.9114574500458));
#11779=CARTESIAN_POINT('',(236.013565507975,-242.3644602479,165.649645859545));
#11780=CARTESIAN_POINT('Origin',(278.838521725116,-243.508825329294,92.274645859545));
#11781=CARTESIAN_POINT('',(272.751650607702,-243.508825329293,92.6746458595449));
#11782=CARTESIAN_POINT('',(272.869065558746,-243.791668041768,92.6746458595449));
#11783=CARTESIAN_POINT('Ctrl Pts',(272.751650607702,-243.508825329293,92.6746458595449));
#11784=CARTESIAN_POINT('Ctrl Pts',(272.751650607702,-243.558155318964,92.6746458595449));
#11785=CARTESIAN_POINT('Ctrl Pts',(272.763216493194,-243.616210424177,92.6746458595449));
#11786=CARTESIAN_POINT('Ctrl Pts',(272.801033022216,-243.707393995414,92.6746458595449));
#11787=CARTESIAN_POINT('Ctrl Pts',(272.833993883018,-243.756643188114,92.6746458595449));
#11788=CARTESIAN_POINT('Ctrl Pts',(272.868979984592,-243.791582639744,92.6746458595449));
#11789=CARTESIAN_POINT('Ctrl Pts',(272.869022762221,-243.791625341,92.6746458595449));
#11790=CARTESIAN_POINT('Ctrl Pts',(272.869065558746,-243.791668041768,92.6746458595449));
#11791=CARTESIAN_POINT('Origin',(278.838521725116,-243.791668041768,92.274645859545));
#11792=CARTESIAN_POINT('Origin',(278.838521725116,-243.508825329294,92.274645859545));
#11793=CARTESIAN_POINT('Origin',(278.838521725116,-244.369485501074,92.274645859545));
#11794=CARTESIAN_POINT('',(273.252825707608,-244.174510754243,92.6746458595449));
#11795=CARTESIAN_POINT('Ctrl Pts',(272.869065558746,-243.791668041768,92.6746458595449));
#11796=CARTESIAN_POINT('Ctrl Pts',(273.067287762651,-243.989446725628,92.6746458595449));
#11797=CARTESIAN_POINT('Ctrl Pts',(273.252825707608,-244.174510754243,92.6746458595449));
#11798=CARTESIAN_POINT('Origin',(278.838521725116,-244.174510754243,92.274645859545));
#11799=CARTESIAN_POINT('Origin',(270.820507256546,-245.764460247904,92.6746458595449));
#11800=CARTESIAN_POINT('',(275.562853854284,-242.364460247904,92.6746458595449));
#11801=CARTESIAN_POINT('',(274.829514490831,-242.364460247904,92.6746458595449));
#11802=CARTESIAN_POINT('',(275.562853854284,-246.164460247904,92.6746458595449));
#11803=CARTESIAN_POINT('',(275.562853854284,-245.764460247904,92.6746458595449));
#11804=CARTESIAN_POINT('',(276.641301258758,-252.564460247904,92.6746458595449));
#11805=CARTESIAN_POINT('Ctrl Pts',(275.562853856016,-246.164460247613,92.6746458595376));
#11806=CARTESIAN_POINT('Ctrl Pts',(276.206024296048,-249.995028876743,92.6746458595376));
#11807=CARTESIAN_POINT('Ctrl Pts',(276.64130126039,-252.564460247628,92.6746458595376));
#11808=CARTESIAN_POINT('',(273.252825707607,-252.564460247904,92.6746458595449));
#11809=CARTESIAN_POINT('',(267.32951449083,-252.564460247903,92.6746458595449));
#11810=CARTESIAN_POINT('',(273.252825707608,-245.964460247904,92.6746458595449));
#11811=CARTESIAN_POINT('',(272.751650607702,-243.364460247904,92.6746458595449));
#11812=CARTESIAN_POINT('Origin',(278.838521725116,-242.888724316616,92.274645859545));
#11813=CARTESIAN_POINT('',(276.200203803444,-242.605881604141,97.6443465463989));
#11814=CARTESIAN_POINT('',(276.141496327923,-242.888724316616,97.7460308767866));
#11815=CARTESIAN_POINT('Ctrl Pts',(276.200203803444,-242.605881604141,97.6443465463989));
#11816=CARTESIAN_POINT('Ctrl Pts',(276.200182405182,-242.605924304909,97.6443836092764));
#11817=CARTESIAN_POINT('Ctrl Pts',(276.200161016368,-242.605967006165,97.6444206557896));
#11818=CARTESIAN_POINT('Ctrl Pts',(276.18266796558,-242.640906457795,97.6747195085326));
#11819=CARTESIAN_POINT('Ctrl Pts',(276.16618753518,-242.690155650495,97.7032644513176));
#11820=CARTESIAN_POINT('Ctrl Pts',(276.147279270668,-242.781339221732,97.7360145261339));
#11821=CARTESIAN_POINT('Ctrl Pts',(276.141496327923,-242.839394326945,97.7460308767866));
#11822=CARTESIAN_POINT('Ctrl Pts',(276.141496327923,-242.888724316616,97.7460308767866));
#11823=CARTESIAN_POINT('',(281.535547122308,-242.888724316617,97.7460308767867));
#11824=CARTESIAN_POINT('Origin',(278.838521725116,-242.888724316616,92.274645859545));
#11825=CARTESIAN_POINT('',(281.476839646787,-242.605881604142,97.6443465463989));
#11826=CARTESIAN_POINT('Ctrl Pts',(281.535547122309,-242.888724316617,97.7460308767867));
#11827=CARTESIAN_POINT('Ctrl Pts',(281.535547122309,-242.839394326946,97.7460308767867));
#11828=CARTESIAN_POINT('Ctrl Pts',(281.529764179563,-242.781339221733,97.736014526134));
#11829=CARTESIAN_POINT('Ctrl Pts',(281.510855915052,-242.690155650496,97.7032644513176));
#11830=CARTESIAN_POINT('Ctrl Pts',(281.494375484651,-242.640906457796,97.6747195085327));
#11831=CARTESIAN_POINT('Ctrl Pts',(281.476882433863,-242.605967006166,97.6444206557896));
#11832=CARTESIAN_POINT('Ctrl Pts',(281.476861045049,-242.60592430491,97.6443836092764));
#11833=CARTESIAN_POINT('Ctrl Pts',(281.476839646787,-242.605881604142,97.6443465463988));
#11834=CARTESIAN_POINT('Origin',(278.838521725116,-242.605881604142,92.274645859545));
#11835=CARTESIAN_POINT('Origin',(278.838521725116,-242.593749569786,92.274645859545));
#11836=CARTESIAN_POINT('',(281.355846851205,-242.364460247905,97.4347808771018));
#11837=CARTESIAN_POINT('Ctrl Pts',(281.476839646787,-242.605881604142,97.6443465463989));
#11838=CARTESIAN_POINT('Ctrl Pts',(281.41509753137,-242.482673667944,97.5374060655302));
#11839=CARTESIAN_POINT('Ctrl Pts',(281.355846851205,-242.364460247904,97.4347808771018));
#11840=CARTESIAN_POINT('',(276.321196599026,-242.364460247904,97.4347808771017));
#11841=CARTESIAN_POINT('Origin',(278.838521725116,-242.364460247904,92.274645859545));
#11842=CARTESIAN_POINT('Ctrl Pts',(276.200203803444,-242.605881604141,97.6443465463989));
#11843=CARTESIAN_POINT('Ctrl Pts',(276.261945918861,-242.482673667944,97.5374060655299));
#11844=CARTESIAN_POINT('Ctrl Pts',(276.321196599027,-242.364460247903,97.434780877101));
#11845=CARTESIAN_POINT('Origin',(279.011726805872,-245.764460247904,93.374645859545));
#11846=CARTESIAN_POINT('',(281.535547122308,-243.508825329294,97.7460308767867));
#11847=CARTESIAN_POINT('',(281.535547122308,-243.364460247904,97.7460308767867));
#11848=CARTESIAN_POINT('',(281.476839646787,-243.791668041769,97.6443465463989));
#11849=CARTESIAN_POINT('Ctrl Pts',(281.476839646787,-243.791668041769,97.644346546399));
#11850=CARTESIAN_POINT('Ctrl Pts',(281.476861045049,-243.791625341001,97.6443836092765));
#11851=CARTESIAN_POINT('Ctrl Pts',(281.476882433863,-243.791582639745,97.6444206557896));
#11852=CARTESIAN_POINT('Ctrl Pts',(281.494375484651,-243.756643188115,97.6747195085327));
#11853=CARTESIAN_POINT('Ctrl Pts',(281.510855915052,-243.707393995415,97.7032644513176));
#11854=CARTESIAN_POINT('Ctrl Pts',(281.529764179563,-243.616210424178,97.736014526134));
#11855=CARTESIAN_POINT('Ctrl Pts',(281.535547122308,-243.558155318965,97.7460308767867));
#11856=CARTESIAN_POINT('Ctrl Pts',(281.535547122308,-243.508825329294,97.7460308767867));
#11857=CARTESIAN_POINT('',(281.284959572355,-244.174510754243,97.3120005085241));
#11858=CARTESIAN_POINT('Ctrl Pts',(281.284959572355,-244.174510754244,97.3120005085237));
#11859=CARTESIAN_POINT('Ctrl Pts',(281.377728544834,-243.989446725629,97.4726810822223));
#11860=CARTESIAN_POINT('Ctrl Pts',(281.476839646787,-243.791668041769,97.6443465463989));
#11861=CARTESIAN_POINT('',(281.284959572355,-252.564460247905,97.3120005085241));
#11862=CARTESIAN_POINT('',(281.284959572355,-245.964460247905,97.3120005085241));
#11863=CARTESIAN_POINT('',(279.590721796779,-252.564460247904,94.3774946011252));
#11864=CARTESIAN_POINT('',(316.599606079584,-252.564460247908,158.478762510381));
#11865=CARTESIAN_POINT('',(280.129945499017,-246.164460247904,95.3114574500458));
#11866=CARTESIAN_POINT('Ctrl Pts',(279.590721795966,-252.564460247624,94.3774945996856));
#11867=CARTESIAN_POINT('Ctrl Pts',(279.655905391508,-251.794905279294,94.4903958989853));
#11868=CARTESIAN_POINT('Ctrl Pts',(279.902083961688,-248.87863738959,94.9167896902705));
#11869=CARTESIAN_POINT('Ctrl Pts',(280.129945498152,-246.16446024761,95.3114574485171));
#11870=CARTESIAN_POINT('',(280.129945499018,-242.364460247904,95.3114574500458));
#11871=CARTESIAN_POINT('',(280.129945499017,-245.764460247904,95.3114574500458));
#11872=CARTESIAN_POINT('',(320.970657619228,-242.364460247909,166.049645859545));
#11873=CARTESIAN_POINT('Origin',(278.838521725116,-243.508825329294,92.274645859545));
#11874=CARTESIAN_POINT('',(276.141496327923,-243.508825329294,97.7460308767866));
#11875=CARTESIAN_POINT('',(276.200203803444,-243.791668041768,97.6443465463989));
#11876=CARTESIAN_POINT('Ctrl Pts',(276.141496327923,-243.508825329294,97.7460308767866));
#11877=CARTESIAN_POINT('Ctrl Pts',(276.141496327923,-243.558155318964,97.7460308767866));
#11878=CARTESIAN_POINT('Ctrl Pts',(276.147279270668,-243.616210424177,97.7360145261339));
#11879=CARTESIAN_POINT('Ctrl Pts',(276.16618753518,-243.707393995415,97.7032644513175));
#11880=CARTESIAN_POINT('Ctrl Pts',(276.18266796558,-243.756643188115,97.6747195085326));
#11881=CARTESIAN_POINT('Ctrl Pts',(276.200161016368,-243.791582639744,97.6444206557896));
#11882=CARTESIAN_POINT('Ctrl Pts',(276.200182405182,-243.791625341,97.6443836092765));
#11883=CARTESIAN_POINT('Ctrl Pts',(276.200203803444,-243.791668041768,97.6443465463989));
#11884=CARTESIAN_POINT('Origin',(278.838521725116,-243.791668041768,92.274645859545));
#11885=CARTESIAN_POINT('Origin',(278.838521725116,-243.508825329294,92.274645859545));
#11886=CARTESIAN_POINT('Origin',(278.838521725116,-244.369485501074,92.274645859545));
#11887=CARTESIAN_POINT('',(276.392083877876,-244.174510754243,97.3120005085241));
#11888=CARTESIAN_POINT('Ctrl Pts',(276.200203803444,-243.791668041768,97.6443465463989));
#11889=CARTESIAN_POINT('Ctrl Pts',(276.299314905398,-243.989446725629,97.4726810822217));
#11890=CARTESIAN_POINT('Ctrl Pts',(276.392083877876,-244.174510754244,97.3120005085226));
#11891=CARTESIAN_POINT('Origin',(278.838521725116,-244.174510754243,92.274645859545));
#11892=CARTESIAN_POINT('Origin',(278.838521725116,-242.888724316616,92.274645859545));
#11893=CARTESIAN_POINT('',(282.169659969814,-242.605881604142,97.244346546399));
#11894=CARTESIAN_POINT('',(282.228367445336,-242.888724316617,97.3460308767867));
#11895=CARTESIAN_POINT('Ctrl Pts',(282.169659969814,-242.605881604142,97.244346546399));
#11896=CARTESIAN_POINT('Ctrl Pts',(282.169681368077,-242.60592430491,97.2443836092766));
#11897=CARTESIAN_POINT('Ctrl Pts',(282.169702756891,-242.605967006166,97.2444206557897));
#11898=CARTESIAN_POINT('Ctrl Pts',(282.187195807678,-242.640906457796,97.2747195085327));
#11899=CARTESIAN_POINT('Ctrl Pts',(282.203676238079,-242.690155650496,97.3032644513176));
#11900=CARTESIAN_POINT('Ctrl Pts',(282.22258450259,-242.781339221733,97.336014526134));
#11901=CARTESIAN_POINT('Ctrl Pts',(282.228367445336,-242.839394326946,97.3460308767867));
#11902=CARTESIAN_POINT('Ctrl Pts',(282.228367445336,-242.888724316617,97.3460308767867));
#11903=CARTESIAN_POINT('',(284.925392842529,-242.888724316617,92.674645859545));
#11904=CARTESIAN_POINT('Origin',(278.838521725116,-242.888724316616,92.274645859545));
#11905=CARTESIAN_POINT('',(284.807977891486,-242.605881604142,92.674645859545));
#11906=CARTESIAN_POINT('Ctrl Pts',(284.925392842529,-242.888724316617,92.674645859545));
#11907=CARTESIAN_POINT('Ctrl Pts',(284.925392842529,-242.839394326946,92.674645859545));
#11908=CARTESIAN_POINT('Ctrl Pts',(284.913826957038,-242.781339221733,92.674645859545));
#11909=CARTESIAN_POINT('Ctrl Pts',(284.876010428015,-242.690155650496,92.674645859545));
#11910=CARTESIAN_POINT('Ctrl Pts',(284.843049567214,-242.640906457796,92.674645859545));
#11911=CARTESIAN_POINT('Ctrl Pts',(284.808063465639,-242.605967006166,92.674645859545));
#11912=CARTESIAN_POINT('Ctrl Pts',(284.80802068801,-242.60592430491,92.674645859545));
#11913=CARTESIAN_POINT('Ctrl Pts',(284.807977891485,-242.605881604142,92.674645859545));
#11914=CARTESIAN_POINT('Origin',(278.838521725116,-242.605881604142,92.274645859545));
#11915=CARTESIAN_POINT('Origin',(278.838521725116,-243.364460247904,92.274645859545));
#11916=CARTESIAN_POINT('',(282.228367445336,-243.508825329294,97.3460308767867));
#11917=CARTESIAN_POINT('',(282.228367445336,-243.364460247905,97.3460308767867));
#11918=CARTESIAN_POINT('',(284.925392842529,-243.508825329295,92.674645859545));
#11919=CARTESIAN_POINT('Origin',(278.838521725116,-243.508825329294,92.274645859545));
#11920=CARTESIAN_POINT('',(284.925392842529,-243.364460247905,92.674645859545));
#11921=CARTESIAN_POINT('Origin',(283.193939120914,-245.764460247905,99.0184500772369));
#11922=CARTESIAN_POINT('',(282.048667174233,-242.364460247905,97.0347808771018));
#11923=CARTESIAN_POINT('Ctrl Pts',(282.048667174233,-242.364460247904,97.0347808771017));
#11924=CARTESIAN_POINT('Ctrl Pts',(282.107917854398,-242.482673667944,97.1374060655303));
#11925=CARTESIAN_POINT('Ctrl Pts',(282.169659969814,-242.605881604142,97.244346546399));
#11926=CARTESIAN_POINT('',(280.822765822045,-242.364460247904,94.9114574500459));
#11927=CARTESIAN_POINT('',(323.408173938263,-242.364460247909,168.671547968391));
#11928=CARTESIAN_POINT('',(280.822765822045,-246.164460247905,94.9114574500459));
#11929=CARTESIAN_POINT('',(280.822765822045,-245.764460247904,94.9114574500459));
#11930=CARTESIAN_POINT('',(280.283542119807,-252.564460247904,93.9774946011252));
#11931=CARTESIAN_POINT('Ctrl Pts',(280.822765821177,-246.164460247617,94.9114574485708));
#11932=CARTESIAN_POINT('Ctrl Pts',(280.501180601161,-249.995028876741,94.3544555085404));
#11933=CARTESIAN_POINT('Ctrl Pts',(280.283542118989,-252.564460247631,93.9774945997366));
#11934=CARTESIAN_POINT('',(281.977779895382,-252.564460247905,96.9120005085241));
#11935=CARTESIAN_POINT('',(319.037122398619,-252.564460247908,161.100664619227));
#11936=CARTESIAN_POINT('',(281.977779895383,-244.174510754243,96.9120005085241));
#11937=CARTESIAN_POINT('',(281.977779895383,-245.964460247905,96.9120005085242));
#11938=CARTESIAN_POINT('',(282.169659969814,-243.791668041769,97.2443465463989));
#11939=CARTESIAN_POINT('Ctrl Pts',(282.169659969814,-243.791668041769,97.2443465463989));
#11940=CARTESIAN_POINT('Ctrl Pts',(282.070548867861,-243.989446725629,97.0726810822222));
#11941=CARTESIAN_POINT('Ctrl Pts',(281.977779895383,-244.174510754244,96.9120005085234));
#11942=CARTESIAN_POINT('Ctrl Pts',(282.228367445336,-243.508825329294,97.3460308767867));
#11943=CARTESIAN_POINT('Ctrl Pts',(282.228367445336,-243.558155318965,97.3460308767867));
#11944=CARTESIAN_POINT('Ctrl Pts',(282.22258450259,-243.616210424178,97.336014526134));
#11945=CARTESIAN_POINT('Ctrl Pts',(282.203676238079,-243.707393995415,97.3032644513176));
#11946=CARTESIAN_POINT('Ctrl Pts',(282.187195807678,-243.756643188115,97.2747195085327));
#11947=CARTESIAN_POINT('Ctrl Pts',(282.169702756891,-243.791582639745,97.2444206557897));
#11948=CARTESIAN_POINT('Ctrl Pts',(282.169681368077,-243.791625341001,97.2443836092765));
#11949=CARTESIAN_POINT('Ctrl Pts',(282.169659969814,-243.791668041769,97.244346546399));
#11950=CARTESIAN_POINT('Origin',(278.838521725116,-243.508825329294,92.274645859545));
#11951=CARTESIAN_POINT('',(284.807977891485,-243.791668041769,92.674645859545));
#11952=CARTESIAN_POINT('Origin',(278.838521725116,-243.791668041768,92.274645859545));
#11953=CARTESIAN_POINT('Ctrl Pts',(284.807977891485,-243.791668041769,92.674645859545));
#11954=CARTESIAN_POINT('Ctrl Pts',(284.80802068801,-243.791625341001,92.674645859545));
#11955=CARTESIAN_POINT('Ctrl Pts',(284.808063465639,-243.791582639745,92.674645859545));
#11956=CARTESIAN_POINT('Ctrl Pts',(284.843049567213,-243.756643188116,92.674645859545));
#11957=CARTESIAN_POINT('Ctrl Pts',(284.876010428015,-243.707393995416,92.674645859545));
#11958=CARTESIAN_POINT('Ctrl Pts',(284.913826957038,-243.616210424178,92.674645859545));
#11959=CARTESIAN_POINT('Ctrl Pts',(284.925392842529,-243.558155318965,92.674645859545));
#11960=CARTESIAN_POINT('Ctrl Pts',(284.925392842529,-243.508825329295,92.674645859545));
#11961=CARTESIAN_POINT('Origin',(278.838521725116,-244.369485501074,92.274645859545));
#11962=CARTESIAN_POINT('',(284.424217742623,-244.174510754244,92.674645859545));
#11963=CARTESIAN_POINT('Origin',(278.838521725116,-244.174510754243,92.274645859545));
#11964=CARTESIAN_POINT('Ctrl Pts',(284.424217742623,-244.174510754244,92.674645859545));
#11965=CARTESIAN_POINT('Ctrl Pts',(284.60975568758,-243.989446725629,92.674645859545));
#11966=CARTESIAN_POINT('Ctrl Pts',(284.807977891485,-243.791668041769,92.674645859545));
#11967=CARTESIAN_POINT('Origin',(278.838521725116,-242.888724316616,92.274645859545));
#11968=CARTESIAN_POINT('',(275.507383480417,-242.605881604141,87.304945172691));
#11969=CARTESIAN_POINT('',(275.448676004895,-242.888724316616,87.2032608423033));
#11970=CARTESIAN_POINT('Ctrl Pts',(275.507383480417,-242.605881604141,87.3049451726911));
#11971=CARTESIAN_POINT('Ctrl Pts',(275.507362082155,-242.605924304909,87.3049081098135));
#11972=CARTESIAN_POINT('Ctrl Pts',(275.50734069334,-242.605967006165,87.3048710633003));
#11973=CARTESIAN_POINT('Ctrl Pts',(275.489847642553,-242.640906457795,87.2745722105573));
#11974=CARTESIAN_POINT('Ctrl Pts',(275.473367212152,-242.690155650495,87.2460272677723));
#11975=CARTESIAN_POINT('Ctrl Pts',(275.454458947641,-242.781339221732,87.2132771929559));
#11976=CARTESIAN_POINT('Ctrl Pts',(275.448676004895,-242.839394326945,87.2032608423033));
#11977=CARTESIAN_POINT('Ctrl Pts',(275.448676004895,-242.888724316616,87.2032608423033));
#11978=CARTESIAN_POINT('',(272.751650607702,-242.888724316616,91.8746458595449));
#11979=CARTESIAN_POINT('Origin',(278.838521725116,-242.888724316616,92.274645859545));
#11980=CARTESIAN_POINT('',(272.869065558746,-242.605881604141,91.8746458595449));
#11981=CARTESIAN_POINT('Ctrl Pts',(272.751650607702,-242.888724316616,91.8746458595449));
#11982=CARTESIAN_POINT('Ctrl Pts',(272.751650607702,-242.839394326945,91.8746458595449));
#11983=CARTESIAN_POINT('Ctrl Pts',(272.763216493194,-242.781339221732,91.8746458595449));
#11984=CARTESIAN_POINT('Ctrl Pts',(272.801033022216,-242.690155650495,91.8746458595449));
#11985=CARTESIAN_POINT('Ctrl Pts',(272.833993883018,-242.640906457795,91.8746458595449));
#11986=CARTESIAN_POINT('Ctrl Pts',(272.868979984592,-242.605967006165,91.8746458595449));
#11987=CARTESIAN_POINT('Ctrl Pts',(272.869022762221,-242.605924304909,91.8746458595449));
#11988=CARTESIAN_POINT('Ctrl Pts',(272.869065558746,-242.605881604141,91.8746458595449));
#11989=CARTESIAN_POINT('Origin',(278.838521725116,-242.605881604142,92.274645859545));
#11990=CARTESIAN_POINT('Origin',(278.838521725116,-243.364460247904,92.274645859545));
#11991=CARTESIAN_POINT('',(275.448676004895,-243.508825329294,87.2032608423033));
#11992=CARTESIAN_POINT('',(275.448676004895,-243.364460247904,87.2032608423033));
#11993=CARTESIAN_POINT('',(272.751650607702,-243.508825329293,91.8746458595449));
#11994=CARTESIAN_POINT('Origin',(278.838521725116,-243.508825329294,92.274645859545));
#11995=CARTESIAN_POINT('',(272.751650607702,-243.364460247904,91.8746458595449));
#11996=CARTESIAN_POINT('Origin',(279.011726805872,-245.764460247904,93.374645859545));
#11997=CARTESIAN_POINT('',(275.628376275999,-242.364460247904,87.5145108419882));
#11998=CARTESIAN_POINT('Ctrl Pts',(275.628376275999,-242.364460247904,87.5145108419881));
#11999=CARTESIAN_POINT('Ctrl Pts',(275.569125595834,-242.482673667944,87.4118856535596));
#12000=CARTESIAN_POINT('Ctrl Pts',(275.507383480417,-242.605881604141,87.304945172691));
#12001=CARTESIAN_POINT('',(276.854277628186,-242.364460247904,89.6378342690441));
#12002=CARTESIAN_POINT('',(320.970657619228,-242.364460247909,166.049645859545));
#12003=CARTESIAN_POINT('',(276.854277628186,-246.164460247904,89.6378342690441));
#12004=CARTESIAN_POINT('',(276.854277628186,-245.764460247904,89.6378342690441));
#12005=CARTESIAN_POINT('',(277.393501330422,-252.564460247904,90.5717971179648));
#12006=CARTESIAN_POINT('Ctrl Pts',(276.85427762906,-246.164460247615,89.6378342705301));
#12007=CARTESIAN_POINT('Ctrl Pts',(277.175862849076,-249.995028876742,90.1948362105607));
#12008=CARTESIAN_POINT('Ctrl Pts',(277.393501331247,-252.564460247629,90.5717971193635));
#12009=CARTESIAN_POINT('',(275.699263554847,-252.564460247904,87.6372912105658));
#12010=CARTESIAN_POINT('',(316.599606079584,-252.564460247908,158.478762510381));
#12011=CARTESIAN_POINT('',(275.699263554848,-244.174510754243,87.6372912105658));
#12012=CARTESIAN_POINT('',(275.699263554848,-245.964460247904,87.6372912105658));
#12013=CARTESIAN_POINT('',(275.507383480417,-243.791668041768,87.304945172691));
#12014=CARTESIAN_POINT('Ctrl Pts',(275.507383480417,-243.791668041768,87.3049451726911));
#12015=CARTESIAN_POINT('Ctrl Pts',(275.60649458237,-243.989446725629,87.4766106368674));
#12016=CARTESIAN_POINT('Ctrl Pts',(275.699263554848,-244.174510754243,87.6372912105658));
#12017=CARTESIAN_POINT('Ctrl Pts',(275.448676004895,-243.508825329294,87.2032608423033));
#12018=CARTESIAN_POINT('Ctrl Pts',(275.448676004895,-243.558155318964,87.2032608423033));
#12019=CARTESIAN_POINT('Ctrl Pts',(275.454458947641,-243.616210424177,87.213277192956));
#12020=CARTESIAN_POINT('Ctrl Pts',(275.473367212152,-243.707393995415,87.2460272677724));
#12021=CARTESIAN_POINT('Ctrl Pts',(275.489847642553,-243.756643188115,87.2745722105573));
#12022=CARTESIAN_POINT('Ctrl Pts',(275.50734069334,-243.791582639744,87.3048710633003));
#12023=CARTESIAN_POINT('Ctrl Pts',(275.507362082155,-243.791625341,87.3049081098135));
#12024=CARTESIAN_POINT('Ctrl Pts',(275.507383480417,-243.791668041768,87.3049451726911));
#12025=CARTESIAN_POINT('Origin',(278.838521725116,-243.508825329294,92.274645859545));
#12026=CARTESIAN_POINT('',(272.869065558746,-243.791668041768,91.8746458595449));
#12027=CARTESIAN_POINT('Origin',(278.838521725116,-243.791668041768,92.274645859545));
#12028=CARTESIAN_POINT('Ctrl Pts',(272.869065558746,-243.791668041768,91.8746458595449));
#12029=CARTESIAN_POINT('Ctrl Pts',(272.869022762221,-243.791625341,91.8746458595449));
#12030=CARTESIAN_POINT('Ctrl Pts',(272.868979984592,-243.791582639744,91.8746458595449));
#12031=CARTESIAN_POINT('Ctrl Pts',(272.833993883018,-243.756643188114,91.8746458595449));
#12032=CARTESIAN_POINT('Ctrl Pts',(272.801033022216,-243.707393995414,91.8746458595449));
#12033=CARTESIAN_POINT('Ctrl Pts',(272.763216493194,-243.616210424177,91.8746458595449));
#12034=CARTESIAN_POINT('Ctrl Pts',(272.751650607702,-243.558155318964,91.8746458595449));
#12035=CARTESIAN_POINT('Ctrl Pts',(272.751650607702,-243.508825329293,91.8746458595449));
#12036=CARTESIAN_POINT('Origin',(278.838521725116,-244.369485501074,92.274645859545));
#12037=CARTESIAN_POINT('',(273.252825707608,-244.174510754243,91.8746458595449));
#12038=CARTESIAN_POINT('Origin',(278.838521725116,-244.174510754243,92.274645859545));
#12039=CARTESIAN_POINT('Ctrl Pts',(272.869065558746,-243.791668041768,91.8746458595449));
#12040=CARTESIAN_POINT('Ctrl Pts',(273.067287762652,-243.989446725629,91.8746458595449));
#12041=CARTESIAN_POINT('Ctrl Pts',(273.25282570761,-244.174510754244,91.8746458595449));
#12042=CARTESIAN_POINT('Origin',(278.838521725116,-242.888724316616,92.274645859545));
#12043=CARTESIAN_POINT('',(281.476839646787,-242.605881604142,86.904945172691));
#12044=CARTESIAN_POINT('',(281.535547122309,-242.888724316617,86.8032608423033));
#12045=CARTESIAN_POINT('Ctrl Pts',(281.476839646787,-242.605881604142,86.904945172691));
#12046=CARTESIAN_POINT('Ctrl Pts',(281.476861045049,-242.60592430491,86.9049081098134));
#12047=CARTESIAN_POINT('Ctrl Pts',(281.476882433864,-242.605967006166,86.9048710633003));
#12048=CARTESIAN_POINT('Ctrl Pts',(281.494375484651,-242.640906457796,86.8745722105573));
#12049=CARTESIAN_POINT('Ctrl Pts',(281.510855915052,-242.690155650496,86.8460272677723));
#12050=CARTESIAN_POINT('Ctrl Pts',(281.529764179563,-242.781339221733,86.813277192956));
#12051=CARTESIAN_POINT('Ctrl Pts',(281.535547122309,-242.839394326946,86.8032608423033));
#12052=CARTESIAN_POINT('Ctrl Pts',(281.535547122309,-242.888724316617,86.8032608423033));
#12053=CARTESIAN_POINT('',(276.141496327923,-242.888724316616,86.8032608423033));
#12054=CARTESIAN_POINT('Origin',(278.838521725116,-242.888724316616,92.274645859545));
#12055=CARTESIAN_POINT('',(276.200203803445,-242.605881604141,86.904945172691));
#12056=CARTESIAN_POINT('Ctrl Pts',(276.141496327923,-242.888724316616,86.8032608423033));
#12057=CARTESIAN_POINT('Ctrl Pts',(276.141496327923,-242.839394326945,86.8032608423033));
#12058=CARTESIAN_POINT('Ctrl Pts',(276.147279270668,-242.781339221732,86.813277192956));
#12059=CARTESIAN_POINT('Ctrl Pts',(276.16618753518,-242.690155650495,86.8460272677723));
#12060=CARTESIAN_POINT('Ctrl Pts',(276.18266796558,-242.640906457795,86.8745722105573));
#12061=CARTESIAN_POINT('Ctrl Pts',(276.200161016368,-242.605967006165,86.9048710633004));
#12062=CARTESIAN_POINT('Ctrl Pts',(276.200182405182,-242.605924304909,86.9049081098136));
#12063=CARTESIAN_POINT('Ctrl Pts',(276.200203803445,-242.605881604141,86.9049451726912));
#12064=CARTESIAN_POINT('Origin',(278.838521725116,-242.605881604142,92.274645859545));
#12065=CARTESIAN_POINT('Origin',(278.838521725116,-243.364460247904,92.274645859545));
#12066=CARTESIAN_POINT('',(281.535547122309,-243.508825329294,86.8032608423033));
#12067=CARTESIAN_POINT('',(281.535547122309,-243.364460247904,86.8032608423033));
#12068=CARTESIAN_POINT('',(276.141496327923,-243.508825329294,86.8032608423033));
#12069=CARTESIAN_POINT('Origin',(278.838521725116,-243.508825329294,92.274645859545));
#12070=CARTESIAN_POINT('',(276.141496327923,-243.364460247904,86.8032608423033));
#12071=CARTESIAN_POINT('Origin',(277.972496321331,-245.764460247904,92.9746458595449));
#12072=CARTESIAN_POINT('',(281.355846851205,-242.364460247905,87.1145108419881));
#12073=CARTESIAN_POINT('Ctrl Pts',(281.355846851205,-242.364460247905,87.1145108419881));
#12074=CARTESIAN_POINT('Ctrl Pts',(281.41509753137,-242.482673667944,87.0118856535596));
#12075=CARTESIAN_POINT('Ctrl Pts',(281.476839646787,-242.605881604142,86.904945172691));
#12076=CARTESIAN_POINT('',(280.129945499018,-242.364460247904,89.2378342690441));
#12077=CARTESIAN_POINT('',(236.013565507975,-242.3644602479,165.649645859545));
#12078=CARTESIAN_POINT('',(280.129945499017,-246.164460247904,89.2378342690441));
#12079=CARTESIAN_POINT('',(280.129945499018,-245.764460247904,89.2378342690441));
#12080=CARTESIAN_POINT('',(279.590721796779,-252.564460247904,90.1717971179648));
#12081=CARTESIAN_POINT('Ctrl Pts',(280.129945498173,-246.164460247617,89.2378342705362));
#12082=CARTESIAN_POINT('Ctrl Pts',(279.808360278156,-249.995028876743,89.7948362105667));
#12083=CARTESIAN_POINT('Ctrl Pts',(279.590721795985,-252.564460247631,90.1717971193696));
#12084=CARTESIAN_POINT('',(281.284959572355,-252.564460247905,87.2372912105658));
#12085=CARTESIAN_POINT('',(236.634617047617,-252.5644602479,164.573953038764));
#12086=CARTESIAN_POINT('',(281.284959572356,-244.174510754243,87.2372912105658));
#12087=CARTESIAN_POINT('',(281.284959572355,-245.964460247905,87.2372912105658));
#12088=CARTESIAN_POINT('',(281.476839646787,-243.791668041769,86.904945172691));
#12089=CARTESIAN_POINT('Ctrl Pts',(281.476839646787,-243.791668041769,86.904945172691));
#12090=CARTESIAN_POINT('Ctrl Pts',(281.377728544834,-243.989446725629,87.0766106368678));
#12091=CARTESIAN_POINT('Ctrl Pts',(281.284959572355,-244.174510754244,87.2372912105666));
#12092=CARTESIAN_POINT('Ctrl Pts',(281.535547122309,-243.508825329294,86.8032608423033));
#12093=CARTESIAN_POINT('Ctrl Pts',(281.535547122309,-243.558155318965,86.8032608423033));
#12094=CARTESIAN_POINT('Ctrl Pts',(281.529764179563,-243.616210424178,86.813277192956));
#12095=CARTESIAN_POINT('Ctrl Pts',(281.510855915052,-243.707393995415,86.8460272677724));
#12096=CARTESIAN_POINT('Ctrl Pts',(281.494375484651,-243.756643188115,86.8745722105573));
#12097=CARTESIAN_POINT('Ctrl Pts',(281.476882433863,-243.791582639745,86.9048710633003));
#12098=CARTESIAN_POINT('Ctrl Pts',(281.476861045049,-243.791625341001,86.9049081098135));
#12099=CARTESIAN_POINT('Ctrl Pts',(281.476839646787,-243.791668041769,86.904945172691));
#12100=CARTESIAN_POINT('Origin',(278.838521725116,-243.508825329294,92.274645859545));
#12101=CARTESIAN_POINT('',(276.200203803444,-243.791668041768,86.904945172691));
#12102=CARTESIAN_POINT('Origin',(278.838521725116,-243.791668041768,92.274645859545));
#12103=CARTESIAN_POINT('Ctrl Pts',(276.200203803444,-243.791668041768,86.904945172691));
#12104=CARTESIAN_POINT('Ctrl Pts',(276.200182405182,-243.791625341,86.9049081098134));
#12105=CARTESIAN_POINT('Ctrl Pts',(276.200161016368,-243.791582639744,86.9048710633003));
#12106=CARTESIAN_POINT('Ctrl Pts',(276.18266796558,-243.756643188115,86.8745722105573));
#12107=CARTESIAN_POINT('Ctrl Pts',(276.16618753518,-243.707393995415,86.8460272677724));
#12108=CARTESIAN_POINT('Ctrl Pts',(276.147279270668,-243.616210424177,86.813277192956));
#12109=CARTESIAN_POINT('Ctrl Pts',(276.141496327923,-243.558155318964,86.8032608423033));
#12110=CARTESIAN_POINT('Ctrl Pts',(276.141496327923,-243.508825329294,86.8032608423033));
#12111=CARTESIAN_POINT('Origin',(278.838521725116,-244.369485501074,92.274645859545));
#12112=CARTESIAN_POINT('',(276.392083877876,-244.174510754243,87.2372912105658));
#12113=CARTESIAN_POINT('Origin',(278.838521725116,-244.174510754243,92.274645859545));
#12114=CARTESIAN_POINT('Ctrl Pts',(276.392083877876,-244.174510754243,87.2372912105659));
#12115=CARTESIAN_POINT('Ctrl Pts',(276.299314905397,-243.989446725628,87.0766106368674));
#12116=CARTESIAN_POINT('Ctrl Pts',(276.200203803444,-243.791668041768,86.904945172691));
#12117=CARTESIAN_POINT('Origin',(278.838521725116,-242.888724316616,92.274645859545));
#12118=CARTESIAN_POINT('',(284.807977891486,-242.605881604142,91.874645859545));
#12119=CARTESIAN_POINT('',(284.925392842529,-242.888724316617,91.874645859545));
#12120=CARTESIAN_POINT('Ctrl Pts',(284.807977891486,-242.605881604142,91.874645859545));
#12121=CARTESIAN_POINT('Ctrl Pts',(284.80802068801,-242.60592430491,91.874645859545));
#12122=CARTESIAN_POINT('Ctrl Pts',(284.808063465639,-242.605967006166,91.874645859545));
#12123=CARTESIAN_POINT('Ctrl Pts',(284.843049567214,-242.640906457796,91.874645859545));
#12124=CARTESIAN_POINT('Ctrl Pts',(284.876010428015,-242.690155650496,91.874645859545));
#12125=CARTESIAN_POINT('Ctrl Pts',(284.913826957038,-242.781339221733,91.874645859545));
#12126=CARTESIAN_POINT('Ctrl Pts',(284.925392842529,-242.839394326946,91.874645859545));
#12127=CARTESIAN_POINT('Ctrl Pts',(284.925392842529,-242.888724316617,91.874645859545));
#12128=CARTESIAN_POINT('',(282.228367445336,-242.888724316617,87.2032608423033));
#12129=CARTESIAN_POINT('Origin',(278.838521725116,-242.888724316616,92.274645859545));
#12130=CARTESIAN_POINT('',(282.169659969814,-242.605881604142,87.304945172691));
#12131=CARTESIAN_POINT('Ctrl Pts',(282.228367445336,-242.888724316617,87.2032608423033));
#12132=CARTESIAN_POINT('Ctrl Pts',(282.228367445336,-242.839394326946,87.2032608423033));
#12133=CARTESIAN_POINT('Ctrl Pts',(282.222584502591,-242.781339221733,87.2132771929559));
#12134=CARTESIAN_POINT('Ctrl Pts',(282.203676238079,-242.690155650496,87.2460272677723));
#12135=CARTESIAN_POINT('Ctrl Pts',(282.187195807678,-242.640906457796,87.2745722105573));
#12136=CARTESIAN_POINT('Ctrl Pts',(282.169702756891,-242.605967006166,87.3048710633003));
#12137=CARTESIAN_POINT('Ctrl Pts',(282.169681368077,-242.60592430491,87.3049081098134));
#12138=CARTESIAN_POINT('Ctrl Pts',(282.169659969814,-242.605881604142,87.304945172691));
#12139=CARTESIAN_POINT('Origin',(278.838521725116,-242.605881604142,92.274645859545));
#12140=CARTESIAN_POINT('Origin',(278.838521725116,-242.593749569786,92.274645859545));
#12141=CARTESIAN_POINT('',(282.048667174233,-242.364460247905,87.5145108419881));
#12142=CARTESIAN_POINT('Ctrl Pts',(282.048667174227,-242.364460247894,87.5145108419973));
#12143=CARTESIAN_POINT('Ctrl Pts',(282.107917854395,-242.482673667939,87.4118856535645));
#12144=CARTESIAN_POINT('Ctrl Pts',(282.169659969814,-242.605881604142,87.304945172691));
#12145=CARTESIAN_POINT('',(284.565992300322,-242.364460247905,91.874645859545));
#12146=CARTESIAN_POINT('Origin',(278.838521725116,-242.364460247904,92.274645859545));
#12147=CARTESIAN_POINT('Ctrl Pts',(284.807977891486,-242.605881604142,91.874645859545));
#12148=CARTESIAN_POINT('Ctrl Pts',(284.684493660653,-242.482673667946,91.874645859545));
#12149=CARTESIAN_POINT('Ctrl Pts',(284.565992300324,-242.364460247907,91.874645859545));
#12150=CARTESIAN_POINT('Origin',(275.175924652345,-245.764460247904,99.4184500772369));
#12151=CARTESIAN_POINT('',(282.228367445336,-243.508825329294,87.2032608423033));
#12152=CARTESIAN_POINT('',(282.228367445336,-243.364460247905,87.2032608423033));
#12153=CARTESIAN_POINT('',(282.169659969814,-243.791668041769,87.304945172691));
#12154=CARTESIAN_POINT('Ctrl Pts',(282.169659969814,-243.791668041769,87.304945172691));
#12155=CARTESIAN_POINT('Ctrl Pts',(282.169681368077,-243.791625341001,87.3049081098135));
#12156=CARTESIAN_POINT('Ctrl Pts',(282.169702756891,-243.791582639745,87.3048710633003));
#12157=CARTESIAN_POINT('Ctrl Pts',(282.187195807678,-243.756643188115,87.2745722105573));
#12158=CARTESIAN_POINT('Ctrl Pts',(282.203676238079,-243.707393995415,87.2460272677723));
#12159=CARTESIAN_POINT('Ctrl Pts',(282.22258450259,-243.616210424178,87.213277192956));
#12160=CARTESIAN_POINT('Ctrl Pts',(282.228367445336,-243.558155318965,87.2032608423033));
#12161=CARTESIAN_POINT('Ctrl Pts',(282.228367445336,-243.508825329294,87.2032608423033));
#12162=CARTESIAN_POINT('',(281.977779895383,-244.174510754243,87.6372912105658));
#12163=CARTESIAN_POINT('Ctrl Pts',(281.977779895373,-244.174510754264,87.6372912105838));
#12164=CARTESIAN_POINT('Ctrl Pts',(282.070548867856,-243.98944672564,87.476610636877));
#12165=CARTESIAN_POINT('Ctrl Pts',(282.169659969814,-243.791668041769,87.3049451726911));
#12166=CARTESIAN_POINT('',(281.977779895382,-252.564460247905,87.6372912105658));
#12167=CARTESIAN_POINT('',(281.977779895383,-245.964460247905,87.6372912105658));
#12168=CARTESIAN_POINT('',(280.283542119807,-252.564460247904,90.5717971179648));
#12169=CARTESIAN_POINT('',(235.582741374637,-252.5644602479,167.99585514761));
#12170=CARTESIAN_POINT('',(280.822765822045,-246.164460247905,89.6378342690441));
#12171=CARTESIAN_POINT('Ctrl Pts',(280.283542119001,-252.564460247636,90.5717971193339));
#12172=CARTESIAN_POINT('Ctrl Pts',(280.348725714528,-251.794905279491,90.4588958200609));
#12173=CARTESIAN_POINT('Ctrl Pts',(280.594904284702,-248.878637389868,90.0325020287857));
#12174=CARTESIAN_POINT('Ctrl Pts',(280.822765821189,-246.164460247621,89.6378342704995));
#12175=CARTESIAN_POINT('',(280.822765822045,-242.364460247904,89.6378342690441));
#12176=CARTESIAN_POINT('',(280.822765822045,-245.764460247904,89.6378342690441));
#12177=CARTESIAN_POINT('',(234.961689834995,-242.3644602479,169.071547968391));
#12178=CARTESIAN_POINT('Origin',(278.838521725116,-243.508825329294,92.274645859545));
#12179=CARTESIAN_POINT('',(284.925392842529,-243.508825329295,91.874645859545));
#12180=CARTESIAN_POINT('',(284.807977891485,-243.791668041769,91.874645859545));
#12181=CARTESIAN_POINT('Ctrl Pts',(284.925392842529,-243.508825329295,91.874645859545));
#12182=CARTESIAN_POINT('Ctrl Pts',(284.925392842529,-243.558155318965,91.874645859545));
#12183=CARTESIAN_POINT('Ctrl Pts',(284.913826957038,-243.616210424178,91.874645859545));
#12184=CARTESIAN_POINT('Ctrl Pts',(284.876010428015,-243.707393995416,91.874645859545));
#12185=CARTESIAN_POINT('Ctrl Pts',(284.843049567213,-243.756643188116,91.874645859545));
#12186=CARTESIAN_POINT('Ctrl Pts',(284.808063465639,-243.791582639745,91.874645859545));
#12187=CARTESIAN_POINT('Ctrl Pts',(284.80802068801,-243.791625341001,91.874645859545));
#12188=CARTESIAN_POINT('Ctrl Pts',(284.807977891485,-243.791668041769,91.874645859545));
#12189=CARTESIAN_POINT('Origin',(278.838521725116,-243.791668041768,92.274645859545));
#12190=CARTESIAN_POINT('Origin',(278.838521725116,-243.508825329294,92.274645859545));
#12191=CARTESIAN_POINT('Origin',(278.838521725116,-244.369485501074,92.274645859545));
#12192=CARTESIAN_POINT('',(284.424217742623,-244.174510754244,91.874645859545));
#12193=CARTESIAN_POINT('Ctrl Pts',(284.424217742603,-244.174510754264,91.874645859545));
#12194=CARTESIAN_POINT('Ctrl Pts',(284.609755687569,-243.98944672564,91.874645859545));
#12195=CARTESIAN_POINT('Ctrl Pts',(284.807977891485,-243.791668041769,91.874645859545));
#12196=CARTESIAN_POINT('Origin',(278.838521725116,-244.174510754243,92.274645859545));
#12197=CARTESIAN_POINT('Origin',(507.771184364005,-249.164460247928,92.2746458595461));
#12198=CARTESIAN_POINT('',(505.573963897648,-252.564460247928,92.6746458595461));
#12199=CARTESIAN_POINT('Origin',(507.771184364005,-252.564460247928,92.2746458595461));
#12200=CARTESIAN_POINT('',(504.495516493174,-246.164460247928,92.6746458595461));
#12201=CARTESIAN_POINT('Ctrl Pts',(504.495516495038,-246.164460247615,92.6746458595387));
#12202=CARTESIAN_POINT('Ctrl Pts',(505.13868693507,-249.995028876769,92.6746458595387));
#12203=CARTESIAN_POINT('Ctrl Pts',(505.573963899404,-252.56446024763,92.6746458595387));
#12204=CARTESIAN_POINT('Origin',(507.771184364006,-246.164460247928,92.2746458595461));
#12205=CARTESIAN_POINT('Origin',(492.771184364004,-252.564460247926,275.745877632954));
#12206=CARTESIAN_POINT('',(507.771184364005,-252.564460247928,85.274645859546));
#12207=CARTESIAN_POINT('Origin',(507.771184364005,-252.564460247928,92.274645859546));
#12208=CARTESIAN_POINT('',(502.185488346497,-252.564460247927,92.6746458595461));
#12209=CARTESIAN_POINT('',(496.26217712972,-252.564460247927,92.674645859546));
#12210=CARTESIAN_POINT('Origin',(507.771184364005,-252.564460247928,92.2746458595461));
#12211=CARTESIAN_POINT('',(507.01898429234,-252.564460247928,94.3774946011263));
#12212=CARTESIAN_POINT('',(505.324746516765,-252.564460247928,97.3120005085252));
#12213=CARTESIAN_POINT('',(464.515404013528,-252.564460247923,167.995855147611));
#12214=CARTESIAN_POINT('Origin',(507.771184364005,-252.564460247928,92.2746458595461));
#12215=CARTESIAN_POINT('Origin',(507.771184364005,-252.564460247928,92.2746458595461));
#12216=CARTESIAN_POINT('',(505.573963897648,-252.564460247928,91.8746458595461));
#12217=CARTESIAN_POINT('Origin',(507.771184364005,-252.564460247928,92.2746458595461));
#12218=CARTESIAN_POINT('',(502.185488346497,-252.564460247927,91.8746458595461));
#12219=CARTESIAN_POINT('',(504.280191598289,-252.564460247928,91.8746458595461));
#12220=CARTESIAN_POINT('Origin',(507.771184364005,-252.564460247928,92.2746458595461));
#12221=CARTESIAN_POINT('',(507.01898429234,-252.564460247928,90.1717971179659));
#12222=CARTESIAN_POINT('Origin',(507.771184364005,-252.564460247928,92.2746458595461));
#12223=CARTESIAN_POINT('',(505.324746516765,-252.564460247928,87.237291210567));
#12224=CARTESIAN_POINT('',(547.969785037509,-252.564460247932,161.100664619229));
#12225=CARTESIAN_POINT('Origin',(507.771184364005,-252.564460247928,92.2746458595461));
#12226=CARTESIAN_POINT('',(509.968404830362,-252.564460247928,91.8746458595461));
#12227=CARTESIAN_POINT('',(513.356880381513,-252.564460247929,91.8746458595461));
#12228=CARTESIAN_POINT('',(504.280191598289,-252.564460247928,91.8746458595461));
#12229=CARTESIAN_POINT('Origin',(507.771184364005,-252.564460247928,92.2746458595461));
#12230=CARTESIAN_POINT('Origin',(507.771184364005,-252.564460247928,92.2746458595461));
#12231=CARTESIAN_POINT('',(509.968404830362,-252.564460247928,92.6746458595461));
#12232=CARTESIAN_POINT('Origin',(507.771184364005,-252.564460247928,92.2746458595461));
#12233=CARTESIAN_POINT('',(513.356880381513,-252.564460247929,92.6746458595461));
#12234=CARTESIAN_POINT('',(496.26217712972,-252.564460247927,92.674645859546));
#12235=CARTESIAN_POINT('Origin',(507.771184364005,-252.564460247928,92.2746458595461));
#12236=CARTESIAN_POINT('Origin',(507.771184364005,-249.164460247928,92.2746458595461));
#12237=CARTESIAN_POINT('',(506.479760590103,-246.164460247928,95.3114574500469));
#12238=CARTESIAN_POINT('Ctrl Pts',(506.479760590956,-246.16446024762,95.3114574484206));
#12239=CARTESIAN_POINT('Ctrl Pts',(506.801345810971,-249.995028876768,94.7544555083908));
#12240=CARTESIAN_POINT('Ctrl Pts',(507.018984293137,-252.564460247636,94.3774945995964));
#12241=CARTESIAN_POINT('Origin',(507.771184364006,-246.164460247928,92.2746458595461));
#12242=CARTESIAN_POINT('Origin',(507.771184364005,-249.164460247928,92.2746458595461));
#12243=CARTESIAN_POINT('',(504.495516493174,-246.164460247928,91.8746458595461));
#12244=CARTESIAN_POINT('Ctrl Pts',(505.573963899456,-252.564460247621,91.8746458595535));
#12245=CARTESIAN_POINT('Ctrl Pts',(505.443596708272,-251.794905278702,91.8746458595535));
#12246=CARTESIAN_POINT('Ctrl Pts',(504.951239567876,-248.878637388733,91.8746458595534));
#12247=CARTESIAN_POINT('Ctrl Pts',(504.495516495093,-246.164460247605,91.8746458595534));
#12248=CARTESIAN_POINT('Origin',(507.771184364006,-246.164460247928,92.2746458595461));
#12249=CARTESIAN_POINT('Origin',(507.771184364005,-249.164460247928,92.2746458595461));
#12250=CARTESIAN_POINT('',(506.479760590103,-246.164460247928,89.2378342690452));
#12251=CARTESIAN_POINT('Ctrl Pts',(507.018984293108,-252.564460247646,90.1717971194423));
#12252=CARTESIAN_POINT('Ctrl Pts',(506.953800697554,-251.794905279176,90.0588958201231));
#12253=CARTESIAN_POINT('Ctrl Pts',(506.707622127372,-248.878637389406,89.6325020288316));
#12254=CARTESIAN_POINT('Ctrl Pts',(506.479760590926,-246.16446024763,89.2378342706163));
#12255=CARTESIAN_POINT('Origin',(507.771184364006,-246.164460247928,92.2746458595461));
#12256=CARTESIAN_POINT('Origin',(507.771184364005,-249.164460247928,92.2746458595461));
#12257=CARTESIAN_POINT('',(511.046852234838,-246.164460247928,92.6746458595461));
#12258=CARTESIAN_POINT('Ctrl Pts',(509.968404828628,-252.564460247635,92.6746458595387));
#12259=CARTESIAN_POINT('Ctrl Pts',(510.098772019764,-251.794905279001,92.6746458595387));
#12260=CARTESIAN_POINT('Ctrl Pts',(510.591129160142,-248.87863738916,92.6746458595387));
#12261=CARTESIAN_POINT('Ctrl Pts',(511.046852232996,-246.164460247619,92.6746458595387));
#12262=CARTESIAN_POINT('Origin',(507.771184364006,-246.164460247928,92.2746458595461));
#12263=CARTESIAN_POINT('Origin',(507.771184364005,-249.164460247928,92.2746458595461));
#12264=CARTESIAN_POINT('',(511.046852234838,-246.164460247928,91.8746458595461));
#12265=CARTESIAN_POINT('Ctrl Pts',(511.04685223295,-246.164460247612,91.8746458595535));
#12266=CARTESIAN_POINT('Ctrl Pts',(510.403681792917,-249.995028876771,91.8746458595535));
#12267=CARTESIAN_POINT('Ctrl Pts',(509.968404828584,-252.564460247627,91.8746458595535));
#12268=CARTESIAN_POINT('Origin',(507.771184364006,-246.164460247928,92.2746458595461));
#12269=CARTESIAN_POINT('Origin',(507.771184363993,-249.164460247928,32.7746458595461));
#12270=CARTESIAN_POINT('',(509.96840483035,-252.564460247928,32.3746458595461));
#12271=CARTESIAN_POINT('Origin',(507.771184363993,-252.564460247928,32.7746458595461));
#12272=CARTESIAN_POINT('',(511.046852234825,-246.164460247928,32.3746458595461));
#12273=CARTESIAN_POINT('Ctrl Pts',(511.046852232938,-246.164460247612,32.3746458595535));
#12274=CARTESIAN_POINT('Ctrl Pts',(510.403681792904,-249.995028876771,32.3746458595535));
#12275=CARTESIAN_POINT('Ctrl Pts',(509.968404828572,-252.564460247627,32.3746458595535));
#12276=CARTESIAN_POINT('Origin',(507.771184363993,-246.164460247928,32.7746458595461));
#12277=CARTESIAN_POINT('Origin',(492.771184363992,-252.564460247926,216.245877632954));
#12278=CARTESIAN_POINT('',(507.771184363993,-252.564460247928,25.774645859546));
#12279=CARTESIAN_POINT('Origin',(507.771184363993,-252.564460247928,32.774645859546));
#12280=CARTESIAN_POINT('',(505.573963897636,-252.564460247928,33.1746458595461));
#12281=CARTESIAN_POINT('',(502.185488346485,-252.564460247927,33.174645859546));
#12282=CARTESIAN_POINT('',(496.262177129708,-252.564460247927,33.174645859546));
#12283=CARTESIAN_POINT('Origin',(507.771184363993,-252.564460247928,32.7746458595461));
#12284=CARTESIAN_POINT('Origin',(507.771184363993,-252.564460247928,32.7746458595461));
#12285=CARTESIAN_POINT('',(507.018984292328,-252.564460247928,34.8774946011263));
#12286=CARTESIAN_POINT('',(505.324746516753,-252.564460247928,37.8120005085252));
#12287=CARTESIAN_POINT('',(464.515404013515,-252.564460247924,108.495855147611));
#12288=CARTESIAN_POINT('Origin',(507.771184363993,-252.564460247928,32.7746458595461));
#12289=CARTESIAN_POINT('Origin',(507.771184363993,-252.564460247928,32.7746458595461));
#12290=CARTESIAN_POINT('',(505.573963897636,-252.564460247928,32.3746458595461));
#12291=CARTESIAN_POINT('Origin',(507.771184363993,-252.564460247928,32.7746458595461));
#12292=CARTESIAN_POINT('',(502.185488346485,-252.564460247927,32.3746458595461));
#12293=CARTESIAN_POINT('',(504.280191598277,-252.564460247928,32.3746458595461));
#12294=CARTESIAN_POINT('Origin',(507.771184363993,-252.564460247928,32.7746458595461));
#12295=CARTESIAN_POINT('',(507.018984292328,-252.564460247928,30.6717971179659));
#12296=CARTESIAN_POINT('Origin',(507.771184363993,-252.564460247928,32.7746458595461));
#12297=CARTESIAN_POINT('',(505.324746516753,-252.564460247928,27.737291210567));
#12298=CARTESIAN_POINT('',(547.969785037497,-252.564460247932,101.600664619229));
#12299=CARTESIAN_POINT('Origin',(507.771184363993,-252.564460247928,32.7746458595461));
#12300=CARTESIAN_POINT('',(513.3568803815,-252.564460247929,32.3746458595461));
#12301=CARTESIAN_POINT('',(504.280191598277,-252.564460247928,32.3746458595461));
#12302=CARTESIAN_POINT('Origin',(507.771184363993,-252.564460247928,32.7746458595461));
#12303=CARTESIAN_POINT('',(509.96840483035,-252.564460247928,33.1746458595461));
#12304=CARTESIAN_POINT('Origin',(507.771184363993,-252.564460247928,32.7746458595461));
#12305=CARTESIAN_POINT('',(513.3568803815,-252.564460247929,33.1746458595461));
#12306=CARTESIAN_POINT('',(496.262177129708,-252.564460247927,33.174645859546));
#12307=CARTESIAN_POINT('Origin',(507.771184363993,-252.564460247928,32.7746458595461));
#12308=CARTESIAN_POINT('Origin',(507.771184363993,-249.164460247928,32.7746458595461));
#12309=CARTESIAN_POINT('',(506.479760590091,-246.164460247928,29.7378342690452));
#12310=CARTESIAN_POINT('Ctrl Pts',(507.018984293096,-252.564460247646,30.6717971194429));
#12311=CARTESIAN_POINT('Ctrl Pts',(506.953800697542,-251.794905279176,30.5588958201237));
#12312=CARTESIAN_POINT('Ctrl Pts',(506.70762212736,-248.878637389407,30.1325020288323));
#12313=CARTESIAN_POINT('Ctrl Pts',(506.479760590914,-246.16446024763,29.7378342706169));
#12314=CARTESIAN_POINT('Origin',(507.771184363993,-246.164460247928,32.7746458595461));
#12315=CARTESIAN_POINT('Origin',(507.771184363993,-249.164460247928,32.7746458595461));
#12316=CARTESIAN_POINT('',(504.495516493162,-246.164460247928,32.3746458595461));
#12317=CARTESIAN_POINT('Ctrl Pts',(505.573963899444,-252.564460247622,32.3746458595534));
#12318=CARTESIAN_POINT('Ctrl Pts',(505.44359670826,-251.794905278702,32.3746458595534));
#12319=CARTESIAN_POINT('Ctrl Pts',(504.951239567863,-248.878637388733,32.3746458595534));
#12320=CARTESIAN_POINT('Ctrl Pts',(504.495516495081,-246.164460247605,32.3746458595534));
#12321=CARTESIAN_POINT('Origin',(507.771184363993,-246.164460247928,32.7746458595461));
#12322=CARTESIAN_POINT('Origin',(507.771184363993,-249.164460247928,32.7746458595461));
#12323=CARTESIAN_POINT('',(504.495516493162,-246.164460247928,33.1746458595461));
#12324=CARTESIAN_POINT('Ctrl Pts',(504.495516495026,-246.164460247615,33.1746458595387));
#12325=CARTESIAN_POINT('Ctrl Pts',(505.138686935058,-249.995028876769,33.1746458595387));
#12326=CARTESIAN_POINT('Ctrl Pts',(505.573963899391,-252.56446024763,33.1746458595387));
#12327=CARTESIAN_POINT('Origin',(507.771184363993,-246.164460247928,32.7746458595461));
#12328=CARTESIAN_POINT('Origin',(507.771184363993,-249.164460247928,32.7746458595461));
#12329=CARTESIAN_POINT('',(506.479760590091,-246.164460247928,35.8114574500469));
#12330=CARTESIAN_POINT('Ctrl Pts',(506.479760590944,-246.16446024762,35.8114574484201));
#12331=CARTESIAN_POINT('Ctrl Pts',(506.801345810959,-249.995028876768,35.2544555083904));
#12332=CARTESIAN_POINT('Ctrl Pts',(507.018984293125,-252.564460247636,34.8774945995959));
#12333=CARTESIAN_POINT('Origin',(507.771184363993,-246.164460247928,32.7746458595461));
#12334=CARTESIAN_POINT('Origin',(507.771184363993,-249.164460247928,32.7746458595461));
#12335=CARTESIAN_POINT('',(511.046852234825,-246.164460247928,33.1746458595461));
#12336=CARTESIAN_POINT('Ctrl Pts',(509.968404828616,-252.564460247634,33.1746458595387));
#12337=CARTESIAN_POINT('Ctrl Pts',(510.098772019751,-251.794905279001,33.1746458595387));
#12338=CARTESIAN_POINT('Ctrl Pts',(510.59112916013,-248.87863738916,33.1746458595387));
#12339=CARTESIAN_POINT('Ctrl Pts',(511.046852232983,-246.164460247619,33.1746458595387));
#12340=CARTESIAN_POINT('Origin',(507.771184363993,-246.164460247928,32.7746458595461));
#12341=CARTESIAN_POINT('Origin',(278.838521725115,-249.164460247905,37.0914820916178));
#12342=CARTESIAN_POINT('',(280.283542119807,-252.564460247905,38.794330833198));
#12343=CARTESIAN_POINT('Origin',(278.838521725115,-252.564460247905,37.0914820916178));
#12344=CARTESIAN_POINT('',(280.822765822045,-246.164460247905,39.7282936821187));
#12345=CARTESIAN_POINT('Ctrl Pts',(280.822765820871,-246.164460247516,39.7282936801142));
#12346=CARTESIAN_POINT('Ctrl Pts',(280.501180600852,-249.995028876759,39.1712917400795));
#12347=CARTESIAN_POINT('Ctrl Pts',(280.2835421187,-252.564460247535,38.7943308313108));
#12348=CARTESIAN_POINT('Origin',(278.838521725115,-246.164460247905,37.0914820916178));
#12349=CARTESIAN_POINT('Origin',(263.838521725114,-252.564460247903,220.562713865026));
#12350=CARTESIAN_POINT('',(278.838521725115,-252.564460247905,30.0914820916178));
#12351=CARTESIAN_POINT('Origin',(278.838521725115,-252.564460247905,37.0914820916178));
#12352=CARTESIAN_POINT('',(280.283542119807,-252.564460247905,35.3886333500376));
#12353=CARTESIAN_POINT('Origin',(278.838521725115,-252.564460247905,37.0914820916178));
#12354=CARTESIAN_POINT('',(281.977779895382,-252.564460247905,32.4541274426387));
#12355=CARTESIAN_POINT('',(235.582741374637,-252.564460247901,112.812691379683));
#12356=CARTESIAN_POINT('Origin',(278.838521725115,-252.564460247905,37.0914820916178));
#12357=CARTESIAN_POINT('Origin',(278.838521725115,-252.564460247905,37.0914820916178));
#12358=CARTESIAN_POINT('Origin',(278.838521725115,-252.564460247905,37.0914820916178));
#12359=CARTESIAN_POINT('',(279.590721796779,-252.564460247905,39.194330833198));
#12360=CARTESIAN_POINT('Origin',(278.838521725115,-252.564460247905,37.0914820916178));
#12361=CARTESIAN_POINT('',(281.284959572355,-252.564460247905,42.128836740597));
#12362=CARTESIAN_POINT('',(316.599606079584,-252.564460247909,103.295598742454));
#12363=CARTESIAN_POINT('Origin',(278.838521725115,-252.564460247905,37.0914820916178));
#12364=CARTESIAN_POINT('',(281.977779895382,-252.564460247905,41.728836740597));
#12365=CARTESIAN_POINT('',(319.037122398619,-252.564460247909,105.9175008513));
#12366=CARTESIAN_POINT('Origin',(278.838521725115,-252.564460247905,37.0914820916178));
#12367=CARTESIAN_POINT('',(278.08632165345,-252.564460247905,34.9886333500376));
#12368=CARTESIAN_POINT('Origin',(278.838521725115,-252.564460247905,37.0914820916178));
#12369=CARTESIAN_POINT('',(276.392083877875,-252.564460247905,32.0541274426387));
#12370=CARTESIAN_POINT('',(319.037122398619,-252.564460247909,105.9175008513));
#12371=CARTESIAN_POINT('Origin',(278.838521725115,-252.564460247905,37.0914820916178));
#12372=CARTESIAN_POINT('',(276.641301258758,-252.564460247905,37.4914820916178));
#12373=CARTESIAN_POINT('',(273.252825707607,-252.564460247904,37.4914820916178));
#12374=CARTESIAN_POINT('',(267.32951449083,-252.564460247904,37.4914820916177));
#12375=CARTESIAN_POINT('Origin',(278.838521725115,-252.564460247905,37.0914820916178));
#12376=CARTESIAN_POINT('Origin',(278.838521725115,-252.564460247905,37.0914820916178));
#12377=CARTESIAN_POINT('Origin',(278.838521725115,-249.164460247905,37.0914820916178));
#12378=CARTESIAN_POINT('',(280.822765822045,-246.164460247905,34.4546705011169));
#12379=CARTESIAN_POINT('Ctrl Pts',(280.283542118712,-252.564460247537,35.3886333519134));
#12380=CARTESIAN_POINT('Ctrl Pts',(280.3487257144,-251.794905277453,35.2757320523611));
#12381=CARTESIAN_POINT('Ctrl Pts',(280.594904284636,-248.878637386967,34.8493382609788));
#12382=CARTESIAN_POINT('Ctrl Pts',(280.822765820883,-246.164460247518,34.4546705031082));
#12383=CARTESIAN_POINT('Origin',(278.838521725115,-246.164460247905,37.0914820916178));
#12384=CARTESIAN_POINT('Origin',(278.838521725115,-249.164460247905,37.0914820916178));
#12385=CARTESIAN_POINT('',(277.547097951213,-246.164460247905,34.054670501117));
#12386=CARTESIAN_POINT('Ctrl Pts',(278.086321654547,-252.564460247529,34.988633351965));
#12387=CARTESIAN_POINT('Ctrl Pts',(278.02113805884,-251.794905277214,34.8757320523793));
#12388=CARTESIAN_POINT('Ctrl Pts',(277.774959488597,-248.878637386625,34.4493382609839));
#12389=CARTESIAN_POINT('Ctrl Pts',(277.547097952379,-246.16446024751,34.0546705031626));
#12390=CARTESIAN_POINT('Origin',(278.838521725115,-246.164460247905,37.0914820916178));
#12391=CARTESIAN_POINT('Origin',(278.838521725115,-249.164460247905,37.0914820916178));
#12392=CARTESIAN_POINT('Origin',(278.838521725115,-246.164460247905,37.0914820916178));
#12393=CARTESIAN_POINT('Origin',(278.838521725115,-249.164460247905,37.0914820916178));
#12394=CARTESIAN_POINT('',(275.562853854284,-246.164460247905,37.4914820916178));
#12395=CARTESIAN_POINT('Ctrl Pts',(275.56285385663,-246.164460247511,37.4914820916104));
#12396=CARTESIAN_POINT('Ctrl Pts',(276.206024296667,-249.995028876761,37.4914820916104));
#12397=CARTESIAN_POINT('Ctrl Pts',(276.641301260968,-252.56446024753,37.4914820916104));
#12398=CARTESIAN_POINT('Origin',(278.838521725115,-246.164460247905,37.0914820916178));
#12399=CARTESIAN_POINT('Origin',(278.838521725115,-249.164460247905,37.0914820916178));
#12400=CARTESIAN_POINT('',(280.129945499017,-246.164460247905,40.1282936821187));
#12401=CARTESIAN_POINT('Ctrl Pts',(279.590721795671,-252.564460247526,39.1943308312498));
#12402=CARTESIAN_POINT('Ctrl Pts',(279.655905391385,-251.794905277138,39.3072321308459));
#12403=CARTESIAN_POINT('Ctrl Pts',(279.90208396163,-248.878637386515,39.7336259222449));
#12404=CARTESIAN_POINT('Ctrl Pts',(280.12994549784,-246.164460247506,40.1282936800503));
#12405=CARTESIAN_POINT('Origin',(278.838521725115,-246.164460247905,37.0914820916178));
#12406=CARTESIAN_POINT('Origin',(278.838521725115,-249.164460247904,92.274645859545));
#12407=CARTESIAN_POINT('',(278.08632165345,-252.564460247904,94.3774946011251));
#12408=CARTESIAN_POINT('Origin',(278.838521725115,-252.564460247904,92.274645859545));
#12409=CARTESIAN_POINT('',(277.547097951213,-246.164460247904,95.3114574500458));
#12410=CARTESIAN_POINT('Ctrl Pts',(277.547097952067,-246.164460247613,95.3114574485383));
#12411=CARTESIAN_POINT('Ctrl Pts',(277.868683172083,-249.995028876743,94.7544555085078));
#12412=CARTESIAN_POINT('Ctrl Pts',(278.086321654253,-252.564460247628,94.3774945997057));
#12413=CARTESIAN_POINT('Origin',(278.838521725115,-246.164460247904,92.274645859545));
#12414=CARTESIAN_POINT('Origin',(263.838521725114,-252.564460247903,275.745877632953));
#12415=CARTESIAN_POINT('',(278.838521725115,-252.564460247904,85.2746458595449));
#12416=CARTESIAN_POINT('Origin',(278.838521725115,-252.564460247904,92.2746458595449));
#12417=CARTESIAN_POINT('',(278.08632165345,-252.564460247904,90.1717971179648));
#12418=CARTESIAN_POINT('Origin',(278.838521725115,-252.564460247904,92.274645859545));
#12419=CARTESIAN_POINT('',(276.392083877875,-252.564460247904,87.2372912105658));
#12420=CARTESIAN_POINT('',(319.037122398619,-252.564460247908,161.100664619227));
#12421=CARTESIAN_POINT('Origin',(278.838521725115,-252.564460247904,92.274645859545));
#12422=CARTESIAN_POINT('Origin',(278.838521725115,-252.564460247904,92.274645859545));
#12423=CARTESIAN_POINT('Origin',(278.838521725115,-252.564460247904,92.274645859545));
#12424=CARTESIAN_POINT('',(281.035742191472,-252.564460247905,92.674645859545));
#12425=CARTESIAN_POINT('Origin',(278.838521725115,-252.564460247904,92.274645859545));
#12426=CARTESIAN_POINT('',(284.424217742622,-252.564460247905,92.674645859545));
#12427=CARTESIAN_POINT('',(267.32951449083,-252.564460247903,92.6746458595449));
#12428=CARTESIAN_POINT('Origin',(278.838521725115,-252.564460247904,92.274645859545));
#12429=CARTESIAN_POINT('',(281.035742191472,-252.564460247905,91.874645859545));
#12430=CARTESIAN_POINT('',(284.424217742622,-252.564460247905,91.874645859545));
#12431=CARTESIAN_POINT('',(275.347528959399,-252.564460247904,91.874645859545));
#12432=CARTESIAN_POINT('Origin',(278.838521725115,-252.564460247904,92.274645859545));
#12433=CARTESIAN_POINT('Origin',(278.838521725115,-252.564460247904,92.274645859545));
#12434=CARTESIAN_POINT('',(276.641301258758,-252.564460247904,91.874645859545));
#12435=CARTESIAN_POINT('Origin',(278.838521725115,-252.564460247904,92.274645859545));
#12436=CARTESIAN_POINT('',(273.252825707607,-252.564460247904,91.8746458595449));
#12437=CARTESIAN_POINT('',(275.347528959399,-252.564460247904,91.874645859545));
#12438=CARTESIAN_POINT('Origin',(278.838521725115,-252.564460247904,92.274645859545));
#12439=CARTESIAN_POINT('',(276.392083877875,-252.564460247904,97.3120005085241));
#12440=CARTESIAN_POINT('',(235.582741374637,-252.5644602479,167.99585514761));
#12441=CARTESIAN_POINT('Origin',(278.838521725115,-252.564460247904,92.274645859545));
#12442=CARTESIAN_POINT('Origin',(278.838521725115,-249.164460247904,92.274645859545));
#12443=CARTESIAN_POINT('Origin',(278.838521725115,-246.164460247904,92.274645859545));
#12444=CARTESIAN_POINT('Origin',(278.838521725115,-249.164460247904,92.274645859545));
#12445=CARTESIAN_POINT('',(275.562853854284,-246.164460247904,91.874645859545));
#12446=CARTESIAN_POINT('Ctrl Pts',(276.641301260342,-252.564460247635,91.8746458595523));
#12447=CARTESIAN_POINT('Ctrl Pts',(276.510934069292,-251.794905279514,91.8746458595523));
#12448=CARTESIAN_POINT('Ctrl Pts',(276.018576928947,-248.878637389902,91.8746458595523));
#12449=CARTESIAN_POINT('Ctrl Pts',(275.562853855967,-246.164460247621,91.8746458595523));
#12450=CARTESIAN_POINT('Origin',(278.838521725115,-246.164460247904,92.274645859545));
#12451=CARTESIAN_POINT('Origin',(278.838521725115,-249.164460247904,92.274645859545));
#12452=CARTESIAN_POINT('',(277.547097951213,-246.164460247904,89.2378342690441));
#12453=CARTESIAN_POINT('Ctrl Pts',(278.086321654253,-252.564460247628,90.1717971193854));
#12454=CARTESIAN_POINT('Ctrl Pts',(278.02113805871,-251.794905279287,90.0588958200841));
#12455=CARTESIAN_POINT('Ctrl Pts',(277.77495948853,-248.878637389577,89.6325020287981));
#12456=CARTESIAN_POINT('Ctrl Pts',(277.547097952068,-246.164460247613,89.2378342705538));
#12457=CARTESIAN_POINT('Origin',(278.838521725115,-246.164460247904,92.274645859545));
#12458=CARTESIAN_POINT('Origin',(278.838521725115,-249.164460247904,92.274645859545));
#12459=CARTESIAN_POINT('',(282.114189595947,-246.164460247905,91.874645859545));
#12460=CARTESIAN_POINT('Ctrl Pts',(282.114189594276,-246.164460247624,91.8746458595523));
#12461=CARTESIAN_POINT('Ctrl Pts',(281.471019154243,-249.995028876742,91.8746458595523));
#12462=CARTESIAN_POINT('Ctrl Pts',(281.035742189897,-252.564460247638,91.8746458595523));
#12463=CARTESIAN_POINT('Origin',(278.838521725115,-246.164460247904,92.274645859545));
#12464=CARTESIAN_POINT('Origin',(278.838521725115,-249.164460247904,92.274645859545));
#12465=CARTESIAN_POINT('',(282.114189595947,-246.164460247905,92.674645859545));
#12466=CARTESIAN_POINT('Ctrl Pts',(281.035742189871,-252.564460247633,92.6746458595376));
#12467=CARTESIAN_POINT('Ctrl Pts',(281.16610938093,-251.794905279461,92.6746458595376));
#12468=CARTESIAN_POINT('Ctrl Pts',(281.658466521279,-248.878637389826,92.6746458595376));
#12469=CARTESIAN_POINT('Ctrl Pts',(282.114189594247,-246.164460247619,92.6746458595376));
#12470=CARTESIAN_POINT('Origin',(278.838521725115,-246.164460247904,92.274645859545));
#12471=CARTESIAN_POINT('Origin',(437.918353044557,-252.564460247919,65.8114164725771));
#12472=CARTESIAN_POINT('',(303.304853044557,-249.064460247906,62.3114164726145));
#12473=CARTESIAN_POINT('',(303.304853044556,-256.064460247906,69.3114164725764));
#12474=CARTESIAN_POINT('',(303.304853044557,-249.064460247906,62.3114164726145));
#12475=CARTESIAN_POINT('',(308.304853044556,-256.064460247906,69.3114164725765));
#12476=CARTESIAN_POINT('',(437.918353044556,-256.064460247919,69.3114164725771));
#12477=CARTESIAN_POINT('',(308.304853044557,-249.064460247906,62.3114164726146));
#12478=CARTESIAN_POINT('',(308.304853044556,-256.064460247906,69.3114164725765));
#12479=CARTESIAN_POINT('',(437.918353044557,-249.064460247919,62.3114164725771));
#12480=CARTESIAN_POINT('Origin',(303.304853044556,-252.564460247906,58.9114164726146));
#12481=CARTESIAN_POINT('',(303.304853044557,-249.064460247906,55.5114164726146));
#12482=CARTESIAN_POINT('Origin',(303.304853044557,-249.064460247906,58.9114164726146));
#12483=CARTESIAN_POINT('',(303.304853044556,-256.064460247906,48.5114164726146));
#12484=CARTESIAN_POINT('',(303.304853044557,-249.064460247906,55.5114164726146));
#12485=CARTESIAN_POINT('Origin',(303.304853044556,-256.064460247906,58.9114164726146));
#12486=CARTESIAN_POINT('Origin',(435.418353044557,-252.564460247919,52.0114164725771));
#12487=CARTESIAN_POINT('',(308.304853044557,-249.064460247906,55.5114164726146));
#12488=CARTESIAN_POINT('',(308.304853044556,-256.064460247906,48.5114164725765));
#12489=CARTESIAN_POINT('',(308.304853044557,-249.064460247906,55.5114164726146));
#12490=CARTESIAN_POINT('',(435.418353044556,-256.064460247919,48.5114164725771));
#12491=CARTESIAN_POINT('',(435.418353044557,-249.064460247919,55.5114164725771));
#12492=CARTESIAN_POINT('Origin',(308.304853044556,-252.564460247906,58.9114164726146));
#12493=CARTESIAN_POINT('Origin',(308.304853044557,-249.064460247906,58.9114164726146));
#12494=CARTESIAN_POINT('Origin',(308.304853044556,-256.064460247906,58.9114164726146));
#12495=CARTESIAN_POINT('Origin',(303.304853044556,-256.263953922258,58.9114164726146));
#12496=CARTESIAN_POINT('',(303.304853044557,-244.586953922258,62.3114164726145));
#12497=CARTESIAN_POINT('',(303.304853044556,-256.263953922258,62.3114164726146));
#12498=CARTESIAN_POINT('',(303.304853044557,-244.586953922258,55.5114164726146));
#12499=CARTESIAN_POINT('Origin',(303.304853044557,-244.586953922258,58.9114164726146));
#12500=CARTESIAN_POINT('',(303.304853044556,-256.263953922258,55.5114164726146));
#12501=CARTESIAN_POINT('Origin',(483.304853044557,-243.586953922276,62.3114164725773));
#12502=CARTESIAN_POINT('',(308.304853044557,-244.586953922258,62.3114164726146));
#12503=CARTESIAN_POINT('',(308.304853044557,-243.586953922258,62.3114164726146));
#12504=CARTESIAN_POINT('',(483.304853044557,-244.586953922276,62.3114164725773));
#12505=CARTESIAN_POINT('Origin',(392.531853044557,-256.064460247915,58.9114164725963));
#12506=CARTESIAN_POINT('',(277.422875401749,-256.064460247903,22.9029856145623));
#12507=CARTESIAN_POINT('',(278.290180652831,-256.064460247903,22.4718085791074));
#12508=CARTESIAN_POINT('',(334.218435523632,-256.064460247909,-5.33268021334535));
#12509=CARTESIAN_POINT('',(277.422875401749,-256.064460247903,24.5712606284332));
#12510=CARTESIAN_POINT('',(277.422875401758,-256.064460247903,69.7696595038176));
#12511=CARTESIAN_POINT('',(277.422875401754,-256.064460247903,49.6117035548029));
#12512=CARTESIAN_POINT('Origin',(278.838521725115,-256.064460247903,37.0914820916178));
#12513=CARTESIAN_POINT('',(277.42287540176,-256.064460247903,79.7544243963591));
#12514=CARTESIAN_POINT('',(277.422875401758,-256.064460247903,69.7696595038176));
#12515=CARTESIAN_POINT('',(291.057191672547,-256.064460247904,95.3510243661306));
#12516=CARTESIAN_POINT('Origin',(278.838521725115,-256.064460247903,92.2746458595449));
#12517=CARTESIAN_POINT('',(495.552514416563,-256.064460247925,95.3510243660883));
#12518=CARTESIAN_POINT('',(422.182329018339,-256.064460247918,95.3510243661035));
#12519=CARTESIAN_POINT('',(509.186830687362,-256.064460247927,79.7544243963604));
#12520=CARTESIAN_POINT('Origin',(507.771184364006,-256.064460247927,92.274645859546));
#12521=CARTESIAN_POINT('',(509.186830687354,-256.064460247927,45.2948673227311));
#12522=CARTESIAN_POINT('',(509.186830687355,-256.064460247927,48.0531734413719));
#12523=CARTESIAN_POINT('',(500.517802809718,-256.064460247926,22.4718085790613));
#12524=CARTESIAN_POINT('Origin',(507.771184363993,-256.064460247927,32.774645859546));
#12525=CARTESIAN_POINT('',(363.267877070774,-256.064460247912,22.4718085790898));
#12526=CARTESIAN_POINT('',(478.304853044556,-256.064460247924,69.3114164725773));
#12527=CARTESIAN_POINT('',(483.304853044556,-256.064460247924,69.3114164725773));
#12528=CARTESIAN_POINT('',(437.918353044556,-256.064460247919,69.3114164725771));
#12529=CARTESIAN_POINT('',(478.304853044556,-256.064460247924,48.5114164725773));
#12530=CARTESIAN_POINT('Origin',(478.304853044556,-256.064460247924,58.9114164725773));
#12531=CARTESIAN_POINT('',(483.304853044556,-256.064460247924,48.5114164725773));
#12532=CARTESIAN_POINT('',(435.418353044556,-256.064460247919,48.5114164725771));
#12533=CARTESIAN_POINT('Origin',(483.304853044556,-256.064460247924,58.9114164725773));
#12534=CARTESIAN_POINT('',(375.805032865412,-256.064460247913,55.5330802464461));
#12535=CARTESIAN_POINT('',(391.805032865412,-256.064460247915,46.2954759394122));
#12536=CARTESIAN_POINT('',(390.096159183999,-256.064460247915,47.2820946193873));
#12537=CARTESIAN_POINT('',(394.805032865412,-256.064460247915,46.2954759394122));
#12538=CARTESIAN_POINT('Origin',(393.305032865412,-256.064460247915,48.8935521507655));
#12539=CARTESIAN_POINT('',(410.805032865412,-256.064460247917,55.5330802464463));
#12540=CARTESIAN_POINT('',(405.434021681184,-256.064460247916,52.4321254934119));
#12541=CARTESIAN_POINT('',(412.305032865412,-256.064460247917,58.1311564577996));
#12542=CARTESIAN_POINT('Origin',(409.305032865412,-256.064460247916,58.1311564577996));
#12543=CARTESIAN_POINT('',(412.305032865412,-256.064460247917,76.6063650718677));
#12544=CARTESIAN_POINT('',(412.305032865412,-256.064460247917,68.6249161760165));
#12545=CARTESIAN_POINT('',(410.805032865412,-256.064460247917,79.204441283221));
#12546=CARTESIAN_POINT('Origin',(409.305032865412,-256.064460247916,76.6063650718677));
#12547=CARTESIAN_POINT('',(394.805032865412,-256.064460247915,88.4420455902549));
#12548=CARTESIAN_POINT('',(399.596159183998,-256.064460247916,85.6758875204974));
#12549=CARTESIAN_POINT('',(391.805032865412,-256.064460247915,88.4420455902549));
#12550=CARTESIAN_POINT('Origin',(393.305032865412,-256.064460247915,85.8439693789016));
#12551=CARTESIAN_POINT('',(375.805032865412,-256.064460247913,79.2044412832208));
#12552=CARTESIAN_POINT('',(376.934021681184,-256.064460247913,79.856263279919));
#12553=CARTESIAN_POINT('',(374.305032865412,-256.064460247913,76.6063650718675));
#12554=CARTESIAN_POINT('Origin',(377.305032865412,-256.064460247913,76.6063650718675));
#12555=CARTESIAN_POINT('',(374.305032865412,-256.064460247913,58.1311564577994));
#12556=CARTESIAN_POINT('',(374.305032865412,-256.064460247913,57.6552610614134));
#12557=CARTESIAN_POINT('Origin',(377.305032865412,-256.064460247913,58.1311564577994));
#12558=CARTESIAN_POINT('Origin',(308.304853044557,-244.586953922258,58.9114164726146));
#12559=CARTESIAN_POINT('',(308.304853044557,-243.586953922258,61.3114164726146));
#12560=CARTESIAN_POINT('Origin',(308.304853044557,-244.586953922258,61.3114164726146));
#12561=CARTESIAN_POINT('',(308.304853044557,-244.586953922258,55.5114164726146));
#12562=CARTESIAN_POINT('Origin',(308.304853044557,-244.586953922258,58.9114164726146));
#12563=CARTESIAN_POINT('',(308.304853044557,-243.586953922258,56.5114164726146));
#12564=CARTESIAN_POINT('Origin',(308.304853044557,-244.586953922258,56.5114164726146));
#12565=CARTESIAN_POINT('Origin',(308.304853044557,-243.586953922258,58.9114164726146));
#12566=CARTESIAN_POINT('Origin',(480.804853044557,-244.586953922276,56.5114164725773));
#12567=CARTESIAN_POINT('',(303.304853044557,-243.586953922258,56.5114164725764));
#12568=CARTESIAN_POINT('Origin',(303.304853044557,-244.586953922258,56.5114164725764));
#12569=CARTESIAN_POINT('',(480.804853044557,-243.586953922276,56.5114164725773));
#12570=CARTESIAN_POINT('',(480.804853044557,-244.586953922276,55.5114164725773));
#12571=CARTESIAN_POINT('Origin',(303.304853044557,-244.586953922258,58.9114164726146));
#12572=CARTESIAN_POINT('',(303.304853044557,-243.586953922258,61.3114164726146));
#12573=CARTESIAN_POINT('Origin',(303.304853044557,-244.586953922258,61.3114164726146));
#12574=CARTESIAN_POINT('Origin',(303.304853044557,-243.586953922258,58.9114164726146));
#12575=CARTESIAN_POINT('Origin',(483.304853044557,-244.586953922276,61.3114164725773));
#12576=CARTESIAN_POINT('',(483.304853044557,-243.586953922276,61.3114164725773));
#12577=CARTESIAN_POINT('Origin',(478.304853044557,-243.586953922276,55.5114164725773));
#12578=CARTESIAN_POINT('',(308.304853044557,-243.586953922258,55.5114164726146));
#12579=CARTESIAN_POINT('Origin',(308.304853044557,-243.586953922258,58.9114164726146));
#12580=CARTESIAN_POINT('Origin',(483.304853044557,-243.586953922276,58.9114164725773));
#12581=CARTESIAN_POINT('Origin',(437.918353044557,-252.564460247919,65.8114164725771));
#12582=CARTESIAN_POINT('',(478.304853044556,-249.064460247924,62.3114164725773));
#12583=CARTESIAN_POINT('',(478.304853044556,-249.064460247924,62.3114164725773));
#12584=CARTESIAN_POINT('',(483.304853044556,-249.064460247924,62.3114164725773));
#12585=CARTESIAN_POINT('',(483.304853044556,-256.064460247924,69.3114164725773));
#12586=CARTESIAN_POINT('',(437.918353044557,-249.064460247919,62.3114164725771));
#12587=CARTESIAN_POINT('Origin',(478.304853044556,-252.564460247924,58.9114164725773));
#12588=CARTESIAN_POINT('',(478.304853044557,-249.064460247924,55.5114164725773));
#12589=CARTESIAN_POINT('',(478.304853044557,-249.064460247924,55.5114164725773));
#12590=CARTESIAN_POINT('Origin',(478.304853044556,-249.064460247924,58.9114164725773));
#12591=CARTESIAN_POINT('Origin',(435.418353044557,-252.564460247919,52.0114164725771));
#12592=CARTESIAN_POINT('',(483.304853044557,-249.064460247924,55.5114164725773));
#12593=CARTESIAN_POINT('',(483.304853044557,-249.064460247924,55.5114164725773));
#12594=CARTESIAN_POINT('',(435.418353044557,-249.064460247919,55.5114164725771));
#12595=CARTESIAN_POINT('Origin',(483.304853044556,-252.564460247924,58.9114164725773));
#12596=CARTESIAN_POINT('Origin',(483.304853044556,-249.064460247924,58.9114164725773));
#12597=CARTESIAN_POINT('Origin',(478.304853044557,-243.586953922276,58.9114164725773));
#12598=CARTESIAN_POINT('',(478.304853044557,-244.586953922276,62.3114164725773));
#12599=CARTESIAN_POINT('',(478.304853044557,-243.586953922276,62.3114164725773));
#12600=CARTESIAN_POINT('',(478.304853044557,-244.586953922276,55.5114164725773));
#12601=CARTESIAN_POINT('Origin',(478.304853044557,-244.586953922276,58.9114164725773));
#12602=CARTESIAN_POINT('',(478.304853044557,-243.586953922276,55.5114164725773));
#12603=CARTESIAN_POINT('Origin',(483.304853044557,-243.586953922276,62.3114164725773));
#12604=CARTESIAN_POINT('',(483.304853044557,-244.586953922276,62.3114164725773));
#12605=CARTESIAN_POINT('',(483.304853044556,-256.263953922276,62.3114164725773));
#12606=CARTESIAN_POINT('',(483.304853044557,-244.586953922276,62.3114164725773));
#12607=CARTESIAN_POINT('Origin',(480.804853044557,-244.586953922276,56.5114164725773));
#12608=CARTESIAN_POINT('',(483.304853044557,-243.586953922276,56.5114164725773));
#12609=CARTESIAN_POINT('',(483.304853044557,-244.586953922276,55.5114164725773));
#12610=CARTESIAN_POINT('Origin',(483.304853044557,-244.586953922276,56.5114164725773));
#12611=CARTESIAN_POINT('',(480.804853044557,-244.586953922276,55.5114164725773));
#12612=CARTESIAN_POINT('',(478.304853044557,-243.586953922276,56.5114164725773));
#12613=CARTESIAN_POINT('Origin',(478.304853044557,-244.586953922276,56.5114164725773));
#12614=CARTESIAN_POINT('',(480.804853044557,-243.586953922276,56.5114164725773));
#12615=CARTESIAN_POINT('Origin',(478.304853044557,-244.586953922276,58.9114164725773));
#12616=CARTESIAN_POINT('',(478.304853044557,-243.586953922276,61.3114164725773));
#12617=CARTESIAN_POINT('Origin',(478.304853044557,-244.586953922276,61.3114164725773));
#12618=CARTESIAN_POINT('Origin',(478.304853044557,-243.586953922276,58.9114164725773));
#12619=CARTESIAN_POINT('Origin',(483.304853044557,-244.586953922276,61.3114164725773));
#12620=CARTESIAN_POINT('',(483.304853044557,-243.586953922276,61.3114164725773));
#12621=CARTESIAN_POINT('Origin',(483.304853044557,-244.586953922276,61.3114164725773));
#12622=CARTESIAN_POINT('',(483.304853044557,-243.586953922276,61.3114164725773));
#12623=CARTESIAN_POINT('Origin',(483.304853044557,-244.586953922276,58.9114164725773));
#12624=CARTESIAN_POINT('Origin',(483.304853044557,-244.586953922276,58.9114164725773));
#12625=CARTESIAN_POINT('Origin',(483.304853044557,-243.586953922276,58.9114164725773));
#12626=CARTESIAN_POINT('Origin',(478.304853044557,-243.586953922276,55.5114164725773));
#12627=CARTESIAN_POINT('',(483.304853044556,-256.263953922276,55.5114164725773));
#12628=CARTESIAN_POINT('Origin',(483.304853044557,-243.586953922276,58.9114164725773));
#12629=CARTESIAN_POINT('Origin',(483.304853044556,-256.263953922276,58.9114164725773));
#12630=CARTESIAN_POINT('Origin',(499.753169895424,-245.764460247927,33.174645859546));
#12631=CARTESIAN_POINT('',(502.043713788787,-242.364460247927,33.174645859546));
#12632=CARTESIAN_POINT('Ctrl Pts',(502.043713788787,-242.364460247927,33.174645859546));
#12633=CARTESIAN_POINT('Ctrl Pts',(501.925212428458,-242.482673667967,33.174645859546));
#12634=CARTESIAN_POINT('Ctrl Pts',(501.801728197624,-242.605881604165,33.174645859546));
#12635=CARTESIAN_POINT('',(504.495516493162,-242.364460247928,33.1746458595461));
#12636=CARTESIAN_POINT('',(503.762177129709,-242.364460247928,33.1746458595461));
#12637=CARTESIAN_POINT('',(504.495516493162,-245.764460247928,33.174645859546));
#12638=CARTESIAN_POINT('',(502.185488346486,-244.174510754266,33.174645859546));
#12639=CARTESIAN_POINT('',(502.185488346486,-245.964460247927,33.174645859546));
#12640=CARTESIAN_POINT('Ctrl Pts',(501.801728197624,-243.791668041791,33.1746458595461));
#12641=CARTESIAN_POINT('Ctrl Pts',(501.999950401529,-243.989446725651,33.1746458595461));
#12642=CARTESIAN_POINT('Ctrl Pts',(502.185488346486,-244.174510754266,33.174645859546));
#12643=CARTESIAN_POINT('Origin',(270.820507256546,-245.764460247904,92.6746458595449));
#12644=CARTESIAN_POINT('',(502.043713788799,-242.364460247927,92.674645859546));
#12645=CARTESIAN_POINT('Ctrl Pts',(501.801728197636,-242.605881604165,92.674645859546));
#12646=CARTESIAN_POINT('Ctrl Pts',(501.92521242847,-242.482673667967,92.674645859546));
#12647=CARTESIAN_POINT('Ctrl Pts',(502.0437137888,-242.364460247927,92.6746458595461));
#12648=CARTESIAN_POINT('',(504.495516493174,-242.364460247928,92.6746458595461));
#12649=CARTESIAN_POINT('',(503.762177129722,-242.364460247927,92.6746458595461));
#12650=CARTESIAN_POINT('',(504.495516493174,-245.764460247928,92.6746458595461));
#12651=CARTESIAN_POINT('',(502.185488346498,-244.174510754266,92.674645859546));
#12652=CARTESIAN_POINT('',(502.185488346498,-245.964460247927,92.674645859546));
#12653=CARTESIAN_POINT('Ctrl Pts',(502.185488346519,-244.174510754287,92.6746458595461));
#12654=CARTESIAN_POINT('Ctrl Pts',(501.999950401553,-243.989446725663,92.674645859546));
#12655=CARTESIAN_POINT('Ctrl Pts',(501.801728197636,-243.791668041791,92.674645859546));
#12656=CARTESIAN_POINT('Origin',(274.795917934884,-258.064462250775,67.7832540786429));
#12657=CARTESIAN_POINT('',(517.063788154225,-258.0644622508,33.8491985276425));
#12658=CARTESIAN_POINT('',(517.063788154225,-258.0644622508,83.9736344174844));
#12659=CARTESIAN_POINT('',(517.063788154225,-258.0644622508,58.9114164725832));
#12660=CARTESIAN_POINT('',(519.373190387349,-258.064460247929,86.2314660609893));
#12661=CARTESIAN_POINT('',(480.285170646829,-258.064462250796,48.0162915167595));
#12662=CARTESIAN_POINT('',(519.373190387352,-258.064460247929,101.231466060989));
#12663=CARTESIAN_POINT('',(519.373190387332,-258.064460247929,13.3717541939541));
#12664=CARTESIAN_POINT('',(510.711909777641,-258.064460247928,105.537384066071));
#12665=CARTESIAN_POINT('',(522.256183622181,-258.064460247929,99.7981985064824));
#12666=CARTESIAN_POINT('',(495.711909777641,-258.064460247926,105.537384066075));
#12667=CARTESIAN_POINT('',(511.932286247502,-258.064460247928,105.537384066071));
#12668=CARTESIAN_POINT('',(493.454078762924,-258.064462250797,103.227981041643));
#12669=CARTESIAN_POINT('',(459.09412101503,-258.064462250794,68.0832333591162));
#12670=CARTESIAN_POINT('',(403.062683285623,-258.064462250788,103.227981832992));
#12671=CARTESIAN_POINT('',(422.65661722783,-258.06446225079,103.227981832992));
#12672=CARTESIAN_POINT('',(400.804853044565,-258.064460247917,105.537384066094));
#12673=CARTESIAN_POINT('',(410.658642617977,-258.064462250789,95.4585289104636));
#12674=CARTESIAN_POINT('',(385.804853044565,-258.064460247915,105.537384066097));
#12675=CARTESIAN_POINT('',(511.932286247502,-258.064460247928,105.537384066071));
#12676=CARTESIAN_POINT('',(383.547022029825,-258.064462250786,103.227981041643));
#12677=CARTESIAN_POINT('',(376.043417543661,-258.064462250785,95.5529923728376));
#12678=CARTESIAN_POINT('',(293.15562655257,-258.064462250777,103.227981832991));
#12679=CARTESIAN_POINT('',(363.953088861291,-258.064462250784,103.227981832991));
#12680=CARTESIAN_POINT('',(290.897796311489,-258.064460247905,105.537384066117));
#12681=CARTESIAN_POINT('',(327.607939146634,-258.06446225078,67.9887698967614));
#12682=CARTESIAN_POINT('',(275.897796311489,-258.064460247904,105.53738406612));
#12683=CARTESIAN_POINT('',(511.932286247502,-258.064460247928,105.537384066071));
#12684=CARTESIAN_POINT('',(267.236515701776,-258.064460247903,101.231466061042));
#12685=CARTESIAN_POINT('',(276.990579029506,-258.064460247904,106.080656244125));
#12686=CARTESIAN_POINT('',(267.236515701773,-258.064460247903,86.2314660610416));
#12687=CARTESIAN_POINT('',(267.236515701777,-258.064460247903,104.451078751237));
#12688=CARTESIAN_POINT('',(269.545917934884,-258.064462250774,83.9736344175491));
#12689=CARTESIAN_POINT('',(306.232734229216,-258.064462250778,48.1060427886388));
#12690=CARTESIAN_POINT('',(269.545917934885,-258.064462250774,33.8491985277047));
#12691=CARTESIAN_POINT('',(269.545917934884,-258.064462250774,58.9114164726087));
#12692=CARTESIAN_POINT('',(267.236515701763,-258.064460247903,31.5913668842018));
#12693=CARTESIAN_POINT('',(306.32221338979,-258.064462250778,69.8042712278816));
#12694=CARTESIAN_POINT('',(267.23651570176,-258.064460247903,16.5913668842018));
#12695=CARTESIAN_POINT('',(267.236515701777,-258.064460247903,104.451078751237));
#12696=CARTESIAN_POINT('',(275.897796311468,-258.064460247904,12.2854488791212));
#12697=CARTESIAN_POINT('',(264.353522466932,-258.064460247903,18.0246344387086));
#12698=CARTESIAN_POINT('',(290.897796311468,-258.064460247906,12.2854488791181));
#12699=CARTESIAN_POINT('',(274.677419841607,-258.064460247904,12.2854488791215));
#12700=CARTESIAN_POINT('',(293.155627954957,-258.064462250777,14.5948511122257));
#12701=CARTESIAN_POINT('',(327.515586059917,-258.06446225078,49.7395991599741));
#12702=CARTESIAN_POINT('',(366.047021401041,-258.064462250784,14.594851112226));
#12703=CARTESIAN_POINT('',(361.453088861282,-258.064462250784,14.594851112226));
#12704=CARTESIAN_POINT('',(368.304853044546,-258.064460247913,12.2854488791021));
#12705=CARTESIAN_POINT('',(362.738043749639,-258.064462250784,17.9794066317319));
#12706=CARTESIAN_POINT('',(418.304853044546,-258.064460247919,12.2854488790917));
#12707=CARTESIAN_POINT('',(274.677419841607,-258.064460247904,12.2854488791215));
#12708=CARTESIAN_POINT('',(420.562684688061,-258.06446225079,14.5948511122263));
#12709=CARTESIAN_POINT('',(423.79007473626,-258.06446225079,17.8959555474898));
#12710=CARTESIAN_POINT('',(493.454078134092,-258.064462250797,14.5948511122266));
#12711=CARTESIAN_POINT('',(425.15661722782,-258.06446225079,14.5948511122263));
#12712=CARTESIAN_POINT('',(495.711909777623,-258.064460247927,12.2854488790757));
#12713=CARTESIAN_POINT('',(459.012532425952,-258.064462250794,49.8230502441939));
#12714=CARTESIAN_POINT('',(510.711909777623,-258.064460247928,12.2854488790726));
#12715=CARTESIAN_POINT('',(274.677419841607,-258.064460247904,12.2854488791215));
#12716=CARTESIAN_POINT('',(519.373190387333,-258.064460247929,16.5913668841497));
#12717=CARTESIAN_POINT('',(509.619127059606,-258.064460247928,11.742176701068));
#12718=CARTESIAN_POINT('',(519.373190387337,-258.064460247929,31.5913668841496));
#12719=CARTESIAN_POINT('',(519.373190387332,-258.064460247929,13.3717541939541));
#12720=CARTESIAN_POINT('',(480.376971859895,-258.064462250796,69.7167901565522));
#12721=CARTESIAN_POINT('Origin',(524.56934281006,-249.064460247929,104.451078751184));
#12722=CARTESIAN_POINT('',(522.74780048313,-252.219464106283,35.6840786457628));
#12723=CARTESIAN_POINT('',(522.747800483156,-252.219464106256,82.1387542993575));
#12724=CARTESIAN_POINT('',(522.747800483156,-252.219464106256,81.6812476118759));
#12725=CARTESIAN_POINT('',(530.795726922705,-238.280046617368,45.4445638497535));
#12726=CARTESIAN_POINT('',(523.76934281004,-250.450100893984,13.867445994852));
#12727=CARTESIAN_POINT('',(518.132858840164,-260.212777505856,17.3598946070599));
#12728=CARTESIAN_POINT('',(523.76934281006,-250.450100893984,103.955386950285));
#12729=CARTESIAN_POINT('',(523.76934281005,-250.450100893984,58.9114164725685));
#12730=CARTESIAN_POINT('',(523.572022123495,-250.791870348499,103.833124142188));
#12731=CARTESIAN_POINT('',(518.514583167909,-259.551611575745,87.272779228759));
#12732=CARTESIAN_POINT('Origin',(519.027879192921,-256.044743113588,58.9114164725694));
#12733=CARTESIAN_POINT('',(519.114073992676,-255.956107055908,83.311772953479));
#12734=CARTESIAN_POINT('',(522.432183547574,-252.544020123398,35.5821930046904));
#12735=CARTESIAN_POINT('Origin',(262.040363279054,-249.064460247903,13.3717541940073));
#12736=CARTESIAN_POINT('',(263.861905605982,-252.219464106257,82.1387542994291));
#12737=CARTESIAN_POINT('',(263.861905605959,-252.219464106234,35.6840786458306));
#12738=CARTESIAN_POINT('',(263.86190560596,-252.219464106234,36.1415853333151));
#12739=CARTESIAN_POINT('',(255.813979166409,-238.28004661734,72.3782690954381));
#12740=CARTESIAN_POINT('',(262.840363279071,-250.450100893958,103.955386950339));
#12741=CARTESIAN_POINT('',(268.476847248945,-260.212777505831,100.462938338131));
#12742=CARTESIAN_POINT('',(262.840363279054,-250.450100893958,13.867445994906));
#12743=CARTESIAN_POINT('',(262.840363279062,-250.450100893958,58.9114164726226));
#12744=CARTESIAN_POINT('',(263.037683965618,-250.791870348472,13.9897088030031));
#12745=CARTESIAN_POINT('',(268.039834264452,-259.455848813145,30.6171075246662));
#12746=CARTESIAN_POINT('Origin',(267.491367062978,-255.951721225734,58.9114164726217));
#12747=CARTESIAN_POINT('',(267.368653179962,-255.825531770639,34.5520505940829));
#12748=CARTESIAN_POINT('',(264.13447306676,-252.499751376994,82.2267429570336));
#12749=CARTESIAN_POINT('Origin',(511.932286247484,-249.064460247928,7.08929645636572));
#12750=CARTESIAN_POINT('',(422.397564806201,-252.219464106214,8.910838783265));
#12751=CARTESIAN_POINT('',(434.949803922827,-234.293008831657,-1.43900499511937));
#12752=CARTESIAN_POINT('',(364.212141282914,-252.219464106239,8.91083878329509));
#12753=CARTESIAN_POINT('',(385.963306056424,-283.283346721854,26.8455797734897));
#12754=CARTESIAN_POINT('',(294.990508073075,-252.219464106269,8.91083878333085));
#12755=CARTESIAN_POINT('',(484.470333829284,-252.219464106187,8.91083878323293));
#12756=CARTESIAN_POINT('',(324.669765767485,-209.833091388422,-15.5609449152978));
#12757=CARTESIAN_POINT('',(274.86530909051,-250.450100893959,7.88929645641481));
#12758=CARTESIAN_POINT('',(276.291038959878,-260.964535694373,13.9598082188101));
#12759=CARTESIAN_POINT('',(511.744396998581,-250.450100893983,7.88929645636574));
#12760=CARTESIAN_POINT('',(393.304853044546,-250.450100893971,7.88929645639028));
#12761=CARTESIAN_POINT('',(511.836303795955,-249.772309084001,7.49797317241808));
#12762=CARTESIAN_POINT('',(491.619198015944,-252.219464106184,8.91083878322923));
#12763=CARTESIAN_POINT('',(496.243344211781,-258.823429278654,12.7236398532727));
#12764=CARTESIAN_POINT('',(484.470333829284,-252.219464106187,8.91083878323293));
#12765=CARTESIAN_POINT('Origin',(268.797496097421,-260.442891009851,30.1095724395366));
#12766=CARTESIAN_POINT('Origin',(263.931134924475,-253.02812656301,83.0937583558497));
#12767=CARTESIAN_POINT('Origin',(496.882495316549,-259.943369491144,13.5185898482635));
#12768=CARTESIAN_POINT('',(492.370426846491,-254.612498439762,11.2379629874182));
#12769=CARTESIAN_POINT('Origin',(421.442560749751,-253.028126563029,8.98006810180976));
#12770=CARTESIAN_POINT('',(422.620040007496,-251.51077086466,8.22166471976593));
#12771=CARTESIAN_POINT('Origin',(457.008381411085,-255.710235280082,12.3054654194154));
#12772=CARTESIAN_POINT('Origin',(369.475438583482,-259.943369491121,13.5185898482668));
#12773=CARTESIAN_POINT('',(368.034387003239,-264.39520186839,20.7512263834995));
#12774=CARTESIAN_POINT('Origin',(294.035504016663,-253.028126563007,8.98006810181315));
#12775=CARTESIAN_POINT('',(298.284000164201,-241.728067435989,-1.29159867633338));
#12776=CARTESIAN_POINT('Origin',(457.008381411085,-255.710235280082,12.3054654194154));
#12777=CARTESIAN_POINT('Origin',(517.6859242061,-260.635309804915,87.833140111233));
#12778=CARTESIAN_POINT('Origin',(522.678571164636,-253.028126563036,34.7290745893423));
#12779=CARTESIAN_POINT('Origin',(274.67741984163,-249.064460247904,110.733536488827));
#12780=CARTESIAN_POINT('',(381.712141282962,-252.219462103411,108.91199531824));
#12781=CARTESIAN_POINT('',(366.807421139415,-230.933315739351,121.201557651542));
#12782=CARTESIAN_POINT('',(404.89756480616,-252.219462103426,108.911995318228));
#12783=CARTESIAN_POINT('',(385.180877097929,-280.377810353486,92.6547653761234));
#12784=CARTESIAN_POINT('',(491.61919801608,-252.219462103481,108.911995318183));
#12785=CARTESIAN_POINT('',(363.342900626367,-252.219462103399,108.91199531825));
#12786=CARTESIAN_POINT('',(461.939941431903,-209.833090971192,133.383778101386));
#12787=CARTESIAN_POINT('',(511.7443969986,-250.450100893983,109.933536488778));
#12788=CARTESIAN_POINT('',(510.31866712923,-260.964535694396,103.863024726383));
#12789=CARTESIAN_POINT('',(274.865309090533,-250.450100893959,109.933536488827));
#12790=CARTESIAN_POINT('',(393.304853044567,-250.450100893971,109.933536488802));
#12791=CARTESIAN_POINT('',(274.773402293159,-249.772309083977,110.324859772774));
#12792=CARTESIAN_POINT('',(294.990508073125,-252.219462103356,108.911995318285));
#12793=CARTESIAN_POINT('',(290.048356805439,-259.277585585319,104.836985826001));
#12794=CARTESIAN_POINT('',(363.342900626367,-252.219462103399,108.91199531825));
#12795=CARTESIAN_POINT('Origin',(452.008381411103,-256.151393008518,105.088359589297));
#12796=CARTESIAN_POINT('',(404.253236499399,-254.271965545087,106.916022936532));
#12797=CARTESIAN_POINT('',(491.342110122569,-251.33680050208,109.770346219341));
#12798=CARTESIAN_POINT('Origin',(399.065735126413,-260.855919000392,103.705330386404));
#12799=CARTESIAN_POINT('Origin',(492.574203140823,-253.02812627498,108.842764874302));
#12800=CARTESIAN_POINT('Origin',(289.158678393346,-260.855919000389,103.705330386407));
#12801=CARTESIAN_POINT('',(296.995377041523,-245.832965631696,115.122591760898));
#12802=CARTESIAN_POINT('Origin',(382.667146407738,-253.028126274977,108.842764874305));
#12803=CARTESIAN_POINT('',(384.084250664653,-259.775800415464,101.563777394961));
#12804=CARTESIAN_POINT('Origin',(452.008381411103,-256.151393008518,105.088359589297));
#12805=CARTESIAN_POINT('Origin',(278.838521725115,-242.364460247905,232.091482091618));
#12806=CARTESIAN_POINT('',(276.321196599026,-242.364460247905,31.931347074061));
#12807=CARTESIAN_POINT('Origin',(278.838521725116,-242.364460247905,37.0914820916178));
#12808=CARTESIAN_POINT('',(277.547097951214,-242.364460247905,34.054670501117));
#12809=CARTESIAN_POINT('',(323.408173938263,-242.36446024791,113.488384200464));
#12810=CARTESIAN_POINT('Origin',(278.838521725116,-242.364460247905,37.0914820916178));
#12811=CARTESIAN_POINT('Origin',(278.838521725116,-242.593749569786,37.0914820916178));
#12812=CARTESIAN_POINT('Ctrl Pts',(276.321196599025,-242.364460247907,31.9313470740592));
#12813=CARTESIAN_POINT('Ctrl Pts',(276.261945918861,-242.482673667946,31.8287218856316));
#12814=CARTESIAN_POINT('Ctrl Pts',(276.200203803445,-242.605881604142,31.7217814047639));
#12815=CARTESIAN_POINT('Origin',(278.838521725115,-245.764460247905,37.0914820916178));
#12816=CARTESIAN_POINT('',(277.547097951213,-245.764460247905,34.054670501117));
#12817=CARTESIAN_POINT('Origin',(278.838521725115,-242.364460247905,232.091482091618));
#12818=CARTESIAN_POINT('Origin',(278.838521725116,-242.364460247905,37.0914820916178));
#12819=CARTESIAN_POINT('Origin',(278.838521725116,-243.364460247905,37.0914820916178));
#12820=CARTESIAN_POINT('Origin',(278.838521725115,-245.764460247905,37.0914820916178));
#12821=CARTESIAN_POINT('Origin',(278.838521725115,-242.364460247905,232.091482091618));
#12822=CARTESIAN_POINT('',(282.048667174233,-242.364460247905,32.331347074061));
#12823=CARTESIAN_POINT('Origin',(278.838521725116,-242.364460247905,37.0914820916178));
#12824=CARTESIAN_POINT('',(280.822765822045,-242.364460247905,34.4546705011169));
#12825=CARTESIAN_POINT('',(234.961689834995,-242.3644602479,113.888384200464));
#12826=CARTESIAN_POINT('Origin',(278.838521725116,-242.364460247905,37.0914820916178));
#12827=CARTESIAN_POINT('Origin',(278.838521725116,-242.593749569786,37.0914820916178));
#12828=CARTESIAN_POINT('Ctrl Pts',(282.169659969814,-242.605881604143,32.1217814047638));
#12829=CARTESIAN_POINT('Ctrl Pts',(282.107917854398,-242.482673667945,32.2287218856325));
#12830=CARTESIAN_POINT('Ctrl Pts',(282.048667174233,-242.364460247905,32.331347074061));
#12831=CARTESIAN_POINT('Origin',(278.838521725115,-245.764460247905,37.0914820916178));
#12832=CARTESIAN_POINT('',(280.822765822045,-245.764460247905,34.4546705011169));
#12833=CARTESIAN_POINT('Origin',(278.838521725115,-242.364460247905,232.091482091618));
#12834=CARTESIAN_POINT('',(275.562853854284,-242.364460247905,37.4914820916178));
#12835=CARTESIAN_POINT('Origin',(278.838521725116,-242.364460247905,37.0914820916178));
#12836=CARTESIAN_POINT('',(274.829514490831,-242.364460247904,37.4914820916178));
#12837=CARTESIAN_POINT('Origin',(278.838521725116,-243.364460247905,37.0914820916178));
#12838=CARTESIAN_POINT('',(272.751650607702,-243.364460247904,37.4914820916177));
#12839=CARTESIAN_POINT('Origin',(278.838521725115,-245.764460247905,37.0914820916178));
#12840=CARTESIAN_POINT('',(275.562853854284,-245.764460247905,37.4914820916178));
#12841=CARTESIAN_POINT('Origin',(278.838521725115,-242.364460247905,232.091482091618));
#12842=CARTESIAN_POINT('',(280.822765822045,-242.364460247905,39.7282936821187));
#12843=CARTESIAN_POINT('Origin',(278.838521725116,-242.364460247905,37.0914820916178));
#12844=CARTESIAN_POINT('',(323.408173938263,-242.36446024791,113.488384200464));
#12845=CARTESIAN_POINT('Origin',(278.838521725116,-243.364460247905,37.0914820916178));
#12846=CARTESIAN_POINT('',(282.228367445336,-243.364460247905,42.1628671088595));
#12847=CARTESIAN_POINT('Origin',(278.838521725115,-245.764460247905,37.0914820916178));
#12848=CARTESIAN_POINT('',(280.822765822045,-245.764460247905,39.7282936821187));
#12849=CARTESIAN_POINT('Origin',(278.838521725115,-242.364460247905,232.091482091618));
#12850=CARTESIAN_POINT('',(281.355846851205,-242.364460247905,42.2516171091746));
#12851=CARTESIAN_POINT('Origin',(278.838521725116,-242.364460247905,37.0914820916178));
#12852=CARTESIAN_POINT('',(280.129945499018,-242.364460247905,40.1282936821187));
#12853=CARTESIAN_POINT('',(320.970657619228,-242.364460247909,110.866482091618));
#12854=CARTESIAN_POINT('Origin',(278.838521725116,-242.364460247905,37.0914820916178));
#12855=CARTESIAN_POINT('Origin',(278.838521725116,-242.593749569786,37.0914820916178));
#12856=CARTESIAN_POINT('Ctrl Pts',(281.476839646787,-242.605881604142,42.4611827784718));
#12857=CARTESIAN_POINT('Ctrl Pts',(281.41509753137,-242.482673667945,42.3542422976031));
#12858=CARTESIAN_POINT('Ctrl Pts',(281.355846851205,-242.364460247905,42.2516171091745));
#12859=CARTESIAN_POINT('Origin',(278.838521725115,-245.764460247905,37.0914820916178));
#12860=CARTESIAN_POINT('',(280.129945499017,-245.764460247905,40.1282936821187));
#12861=CARTESIAN_POINT('Origin',(278.838521725115,-242.364460247904,287.274645859545));
#12862=CARTESIAN_POINT('',(276.321196599026,-242.364460247904,87.1145108419882));
#12863=CARTESIAN_POINT('Origin',(278.838521725116,-242.364460247904,92.274645859545));
#12864=CARTESIAN_POINT('',(277.547097951214,-242.364460247904,89.2378342690441));
#12865=CARTESIAN_POINT('',(323.408173938263,-242.364460247909,168.671547968391));
#12866=CARTESIAN_POINT('Origin',(278.838521725116,-242.364460247904,92.274645859545));
#12867=CARTESIAN_POINT('Origin',(278.838521725116,-242.593749569786,92.274645859545));
#12868=CARTESIAN_POINT('Ctrl Pts',(276.200203803445,-242.605881604141,86.904945172691));
#12869=CARTESIAN_POINT('Ctrl Pts',(276.261945918861,-242.482673667944,87.0118856535598));
#12870=CARTESIAN_POINT('Ctrl Pts',(276.321196599026,-242.364460247904,87.1145108419883));
#12871=CARTESIAN_POINT('Origin',(278.838521725115,-245.764460247904,92.274645859545));
#12872=CARTESIAN_POINT('',(277.547097951213,-245.764460247904,89.2378342690441));
#12873=CARTESIAN_POINT('Origin',(278.838521725115,-242.364460247904,287.274645859545));
#12874=CARTESIAN_POINT('',(273.111051149909,-242.364460247904,91.8746458595449));
#12875=CARTESIAN_POINT('Origin',(278.838521725116,-242.364460247904,92.274645859545));
#12876=CARTESIAN_POINT('',(275.562853854284,-242.364460247904,91.874645859545));
#12877=CARTESIAN_POINT('',(282.8475289594,-242.364460247905,91.874645859545));
#12878=CARTESIAN_POINT('Origin',(278.838521725116,-242.364460247904,92.274645859545));
#12879=CARTESIAN_POINT('Origin',(278.838521725116,-242.593749569786,92.274645859545));
#12880=CARTESIAN_POINT('Ctrl Pts',(273.111051149907,-242.364460247906,91.8746458595449));
#12881=CARTESIAN_POINT('Ctrl Pts',(272.992549789578,-242.482673667945,91.8746458595449));
#12882=CARTESIAN_POINT('Ctrl Pts',(272.869065558746,-242.605881604141,91.874645859545));
#12883=CARTESIAN_POINT('Origin',(278.838521725115,-245.764460247904,92.274645859545));
#12884=CARTESIAN_POINT('',(275.562853854284,-245.764460247904,91.874645859545));
#12885=CARTESIAN_POINT('Origin',(278.838521725115,-242.364460247904,287.274645859545));
#12886=CARTESIAN_POINT('',(282.114189595948,-242.364460247905,91.874645859545));
#12887=CARTESIAN_POINT('Origin',(278.838521725116,-242.364460247904,92.274645859545));
#12888=CARTESIAN_POINT('',(282.8475289594,-242.364460247905,91.874645859545));
#12889=CARTESIAN_POINT('Origin',(278.838521725116,-243.364460247904,92.274645859545));
#12890=CARTESIAN_POINT('',(284.925392842529,-243.364460247905,91.874645859545));
#12891=CARTESIAN_POINT('Origin',(278.838521725115,-245.764460247904,92.274645859545));
#12892=CARTESIAN_POINT('',(282.114189595947,-245.764460247905,91.874645859545));
#12893=CARTESIAN_POINT('Origin',(278.838521725115,-242.364460247904,287.274645859545));
#12894=CARTESIAN_POINT('Origin',(278.838521725116,-242.364460247904,92.274645859545));
#12895=CARTESIAN_POINT('Origin',(278.838521725116,-243.364460247904,92.274645859545));
#12896=CARTESIAN_POINT('Origin',(278.838521725115,-245.764460247904,92.274645859545));
#12897=CARTESIAN_POINT('Origin',(278.838521725115,-242.364460247904,287.274645859545));
#12898=CARTESIAN_POINT('',(284.565992300322,-242.364460247905,92.674645859545));
#12899=CARTESIAN_POINT('Origin',(278.838521725116,-242.364460247904,92.274645859545));
#12900=CARTESIAN_POINT('',(282.114189595948,-242.364460247905,92.674645859545));
#12901=CARTESIAN_POINT('',(274.829514490831,-242.364460247904,92.6746458595449));
#12902=CARTESIAN_POINT('Origin',(278.838521725116,-242.364460247904,92.274645859545));
#12903=CARTESIAN_POINT('Origin',(278.838521725116,-242.593749569786,92.274645859545));
#12904=CARTESIAN_POINT('Ctrl Pts',(284.807977891485,-242.605881604142,92.674645859545));
#12905=CARTESIAN_POINT('Ctrl Pts',(284.684493660652,-242.482673667945,92.674645859545));
#12906=CARTESIAN_POINT('Ctrl Pts',(284.565992300322,-242.364460247905,92.674645859545));
#12907=CARTESIAN_POINT('Origin',(278.838521725115,-245.764460247904,92.274645859545));
#12908=CARTESIAN_POINT('',(282.114189595947,-245.764460247905,92.674645859545));
#12909=CARTESIAN_POINT('Origin',(278.838521725115,-242.364460247904,287.274645859545));
#12910=CARTESIAN_POINT('',(277.547097951214,-242.364460247904,95.3114574500458));
#12911=CARTESIAN_POINT('Origin',(278.838521725116,-242.364460247904,92.274645859545));
#12912=CARTESIAN_POINT('',(234.961689834995,-242.3644602479,169.071547968391));
#12913=CARTESIAN_POINT('Origin',(278.838521725116,-243.364460247904,92.274645859545));
#12914=CARTESIAN_POINT('',(276.141496327923,-243.364460247904,97.7460308767866));
#12915=CARTESIAN_POINT('Origin',(278.838521725115,-245.764460247904,92.274645859545));
#12916=CARTESIAN_POINT('',(277.547097951213,-245.764460247904,95.3114574500458));
#12917=CARTESIAN_POINT('Origin',(507.771184363993,-242.364460247928,227.774645859546));
#12918=CARTESIAN_POINT('',(505.253859237904,-242.364460247928,27.6145108419893));
#12919=CARTESIAN_POINT('Origin',(507.771184363994,-242.364460247928,32.7746458595461));
#12920=CARTESIAN_POINT('',(506.479760590092,-242.364460247928,29.7378342690453));
#12921=CARTESIAN_POINT('',(552.340836577141,-242.364460247932,109.171547968392));
#12922=CARTESIAN_POINT('Origin',(507.771184363994,-242.364460247928,32.7746458595461));
#12923=CARTESIAN_POINT('Origin',(507.771184363994,-242.593749569809,32.7746458595461));
#12924=CARTESIAN_POINT('Ctrl Pts',(505.132866442323,-242.605881604165,27.4049451726922));
#12925=CARTESIAN_POINT('Ctrl Pts',(505.194608557739,-242.482673667967,27.5118856535609));
#12926=CARTESIAN_POINT('Ctrl Pts',(505.253859237904,-242.364460247928,27.6145108419894));
#12927=CARTESIAN_POINT('Origin',(507.771184363993,-245.764460247928,32.7746458595461));
#12928=CARTESIAN_POINT('',(506.479760590091,-245.764460247928,29.7378342690452));
#12929=CARTESIAN_POINT('Origin',(507.771184363993,-242.364460247928,227.774645859546));
#12930=CARTESIAN_POINT('',(502.043713788787,-242.364460247927,32.3746458595461));
#12931=CARTESIAN_POINT('Origin',(507.771184363994,-242.364460247928,32.7746458595461));
#12932=CARTESIAN_POINT('',(504.495516493162,-242.364460247928,32.3746458595461));
#12933=CARTESIAN_POINT('',(511.780191598278,-242.364460247928,32.3746458595461));
#12934=CARTESIAN_POINT('Origin',(507.771184363994,-242.364460247928,32.7746458595461));
#12935=CARTESIAN_POINT('Origin',(507.771184363994,-242.593749569809,32.7746458595461));
#12936=CARTESIAN_POINT('Ctrl Pts',(502.043713788787,-242.364460247927,32.3746458595461));
#12937=CARTESIAN_POINT('Ctrl Pts',(501.925212428458,-242.482673667967,32.3746458595461));
#12938=CARTESIAN_POINT('Ctrl Pts',(501.801728197624,-242.605881604165,32.3746458595461));
#12939=CARTESIAN_POINT('Origin',(507.771184363993,-245.764460247928,32.7746458595461));
#12940=CARTESIAN_POINT('',(504.495516493162,-245.764460247928,32.3746458595461));
#12941=CARTESIAN_POINT('Origin',(507.771184363993,-242.364460247928,227.774645859546));
#12942=CARTESIAN_POINT('',(511.046852234826,-242.364460247928,32.3746458595461));
#12943=CARTESIAN_POINT('Origin',(507.771184363994,-242.364460247928,32.7746458595461));
#12944=CARTESIAN_POINT('',(511.780191598278,-242.364460247928,32.3746458595461));
#12945=CARTESIAN_POINT('Origin',(507.771184363994,-243.364460247928,32.7746458595461));
#12946=CARTESIAN_POINT('',(513.858055481407,-243.364460247928,32.3746458595461));
#12947=CARTESIAN_POINT('Origin',(507.771184363993,-245.764460247928,32.7746458595461));
#12948=CARTESIAN_POINT('',(511.046852234825,-245.764460247928,32.3746458595461));
#12949=CARTESIAN_POINT('Origin',(507.771184363993,-242.364460247928,227.774645859546));
#12950=CARTESIAN_POINT('Origin',(507.771184363994,-242.364460247928,32.7746458595461));
#12951=CARTESIAN_POINT('Origin',(507.771184363994,-242.364460247928,32.7746458595461));
#12952=CARTESIAN_POINT('Origin',(507.771184363994,-242.593749569809,32.7746458595461));
#12953=CARTESIAN_POINT('Origin',(507.771184363993,-244.369485501097,32.7746458595461));
#12954=CARTESIAN_POINT('Origin',(507.771184363993,-244.174510754267,32.7746458595461));
#12955=CARTESIAN_POINT('Origin',(507.771184363993,-245.764460247928,32.7746458595461));
#12956=CARTESIAN_POINT('Origin',(507.771184363993,-242.364460247928,227.774645859546));
#12957=CARTESIAN_POINT('',(513.4986549392,-242.364460247929,33.1746458595461));
#12958=CARTESIAN_POINT('Origin',(507.771184363994,-242.364460247928,32.7746458595461));
#12959=CARTESIAN_POINT('',(511.046852234826,-242.364460247928,33.1746458595461));
#12960=CARTESIAN_POINT('',(503.762177129709,-242.364460247928,33.1746458595461));
#12961=CARTESIAN_POINT('Origin',(507.771184363994,-242.364460247928,32.7746458595461));
#12962=CARTESIAN_POINT('Origin',(507.771184363994,-242.593749569809,32.7746458595461));
#12963=CARTESIAN_POINT('Ctrl Pts',(513.740640530364,-242.605881604166,33.1746458595461));
#12964=CARTESIAN_POINT('Ctrl Pts',(513.61715629953,-242.482673667968,33.1746458595461));
#12965=CARTESIAN_POINT('Ctrl Pts',(513.4986549392,-242.364460247928,33.1746458595461));
#12966=CARTESIAN_POINT('Origin',(507.771184363993,-245.764460247928,32.7746458595461));
#12967=CARTESIAN_POINT('',(511.046852234825,-245.764460247928,33.1746458595461));
#12968=CARTESIAN_POINT('Origin',(507.771184363993,-242.364460247928,227.774645859546));
#12969=CARTESIAN_POINT('',(506.479760590092,-242.364460247928,35.8114574500469));
#12970=CARTESIAN_POINT('Origin',(507.771184363994,-242.364460247928,32.7746458595461));
#12971=CARTESIAN_POINT('',(463.894352473873,-242.364460247923,109.571547968392));
#12972=CARTESIAN_POINT('Origin',(507.771184363994,-243.364460247928,32.7746458595461));
#12973=CARTESIAN_POINT('',(505.074158966801,-243.364460247928,38.2460308767877));
#12974=CARTESIAN_POINT('Origin',(507.771184363993,-245.764460247928,32.7746458595461));
#12975=CARTESIAN_POINT('',(506.479760590091,-245.764460247928,35.8114574500469));
#12976=CARTESIAN_POINT('Origin',(507.771184364005,-242.364460247928,287.274645859546));
#12977=CARTESIAN_POINT('',(505.253859237916,-242.364460247928,87.1145108419893));
#12978=CARTESIAN_POINT('Origin',(507.771184364006,-242.364460247928,92.2746458595461));
#12979=CARTESIAN_POINT('',(506.479760590104,-242.364460247928,89.2378342690452));
#12980=CARTESIAN_POINT('',(552.340836577153,-242.364460247932,168.671547968392));
#12981=CARTESIAN_POINT('Origin',(507.771184364006,-242.364460247928,92.2746458595461));
#12982=CARTESIAN_POINT('Origin',(507.771184364006,-242.593749569809,92.2746458595461));
#12983=CARTESIAN_POINT('Ctrl Pts',(505.253859237915,-242.36446024793,87.1145108419875));
#12984=CARTESIAN_POINT('Ctrl Pts',(505.194608557751,-242.482673667969,87.0118856535599));
#12985=CARTESIAN_POINT('Ctrl Pts',(505.132866442335,-242.605881604165,86.9049451726922));
#12986=CARTESIAN_POINT('Origin',(507.771184364006,-245.764460247928,92.2746458595461));
#12987=CARTESIAN_POINT('',(506.479760590103,-245.764460247928,89.2378342690452));
#12988=CARTESIAN_POINT('Origin',(507.771184364005,-242.364460247928,287.274645859546));
#12989=CARTESIAN_POINT('',(502.043713788799,-242.364460247927,91.8746458595461));
#12990=CARTESIAN_POINT('Origin',(507.771184364006,-242.364460247928,92.2746458595461));
#12991=CARTESIAN_POINT('',(504.495516493174,-242.364460247928,91.8746458595461));
#12992=CARTESIAN_POINT('',(511.780191598291,-242.364460247928,91.8746458595461));
#12993=CARTESIAN_POINT('Origin',(507.771184364006,-242.364460247928,92.2746458595461));
#12994=CARTESIAN_POINT('Origin',(507.771184364006,-242.593749569809,92.2746458595461));
#12995=CARTESIAN_POINT('Ctrl Pts',(502.043713788797,-242.364460247929,91.8746458595461));
#12996=CARTESIAN_POINT('Ctrl Pts',(501.925212428469,-242.482673667968,91.8746458595461));
#12997=CARTESIAN_POINT('Ctrl Pts',(501.801728197636,-242.605881604164,91.8746458595461));
#12998=CARTESIAN_POINT('Origin',(507.771184364006,-245.764460247928,92.2746458595461));
#12999=CARTESIAN_POINT('',(504.495516493174,-245.764460247928,91.8746458595461));
#13000=CARTESIAN_POINT('Origin',(507.771184364005,-242.364460247928,287.274645859546));
#13001=CARTESIAN_POINT('',(511.046852234838,-242.364460247928,91.8746458595461));
#13002=CARTESIAN_POINT('Origin',(507.771184364006,-242.364460247928,92.2746458595461));
#13003=CARTESIAN_POINT('',(511.780191598291,-242.364460247928,91.8746458595461));
#13004=CARTESIAN_POINT('Origin',(507.771184364006,-243.364460247928,92.2746458595461));
#13005=CARTESIAN_POINT('',(513.858055481419,-243.364460247928,91.8746458595461));
#13006=CARTESIAN_POINT('Origin',(507.771184364006,-245.764460247928,92.2746458595461));
#13007=CARTESIAN_POINT('',(511.046852234838,-245.764460247928,91.8746458595461));
#13008=CARTESIAN_POINT('Origin',(507.771184364005,-242.364460247928,287.274645859546));
#13009=CARTESIAN_POINT('Origin',(507.771184364006,-242.364460247928,92.2746458595461));
#13010=CARTESIAN_POINT('Origin',(507.771184364006,-242.364460247928,92.2746458595461));
#13011=CARTESIAN_POINT('Origin',(507.771184364006,-242.593749569809,92.2746458595461));
#13012=CARTESIAN_POINT('Origin',(507.771184364006,-244.369485501097,92.2746458595461));
#13013=CARTESIAN_POINT('Origin',(507.771184364006,-244.174510754267,92.2746458595461));
#13014=CARTESIAN_POINT('Origin',(507.771184364006,-245.764460247928,92.2746458595461));
#13015=CARTESIAN_POINT('Origin',(507.771184364005,-242.364460247928,287.274645859546));
#13016=CARTESIAN_POINT('',(513.498654939213,-242.364460247928,92.6746458595461));
#13017=CARTESIAN_POINT('Origin',(507.771184364006,-242.364460247928,92.2746458595461));
#13018=CARTESIAN_POINT('',(511.046852234838,-242.364460247928,92.6746458595461));
#13019=CARTESIAN_POINT('',(503.762177129722,-242.364460247927,92.6746458595461));
#13020=CARTESIAN_POINT('Origin',(507.771184364006,-242.364460247928,92.2746458595461));
#13021=CARTESIAN_POINT('Origin',(507.771184364006,-242.593749569809,92.2746458595461));
#13022=CARTESIAN_POINT('Ctrl Pts',(513.498654939202,-242.364460247918,92.6746458595461));
#13023=CARTESIAN_POINT('Ctrl Pts',(513.617156299537,-242.482673667963,92.6746458595461));
#13024=CARTESIAN_POINT('Ctrl Pts',(513.740640530376,-242.605881604166,92.6746458595461));
#13025=CARTESIAN_POINT('Origin',(507.771184364006,-245.764460247928,92.2746458595461));
#13026=CARTESIAN_POINT('',(511.046852234838,-245.764460247928,92.6746458595461));
#13027=CARTESIAN_POINT('Origin',(507.771184364005,-242.364460247928,287.274645859546));
#13028=CARTESIAN_POINT('',(506.479760590104,-242.364460247928,95.3114574500469));
#13029=CARTESIAN_POINT('Origin',(507.771184364006,-242.364460247928,92.2746458595461));
#13030=CARTESIAN_POINT('',(463.894352473886,-242.364460247923,169.071547968392));
#13031=CARTESIAN_POINT('Origin',(507.771184364006,-243.364460247928,92.2746458595461));
#13032=CARTESIAN_POINT('',(505.074158966813,-243.364460247928,97.7460308767877));
#13033=CARTESIAN_POINT('Origin',(507.771184364006,-245.764460247928,92.2746458595461));
#13034=CARTESIAN_POINT('',(506.479760590104,-245.764460247928,95.3114574500469));
#13035=CARTESIAN_POINT('Origin',(278.838521725115,-245.964460247905,37.0914820916178));
#13036=CARTESIAN_POINT('',(276.392083877875,-245.964460247905,32.0541274426387));
#13037=CARTESIAN_POINT('Origin',(283.193939120914,-245.764460247905,43.8352863093098));
#13038=CARTESIAN_POINT('Origin',(278.838521725115,-245.964460247905,37.0914820916178));
#13039=CARTESIAN_POINT('Origin',(278.838521725115,-245.964460247905,37.0914820916178));
#13040=CARTESIAN_POINT('',(281.977779895383,-245.964460247905,32.4541274426387));
#13041=CARTESIAN_POINT('Origin',(275.175924652345,-245.764460247905,44.2352863093097));
#13042=CARTESIAN_POINT('Origin',(278.838521725115,-245.964460247905,37.0914820916178));
#13043=CARTESIAN_POINT('',(273.252825707608,-245.964460247904,37.4914820916178));
#13044=CARTESIAN_POINT('Origin',(270.820507256546,-245.764460247904,37.4914820916177));
#13045=CARTESIAN_POINT('Origin',(278.838521725115,-245.964460247905,37.0914820916178));
#13046=CARTESIAN_POINT('',(281.977779895383,-245.964460247905,41.728836740597));
#13047=CARTESIAN_POINT('Origin',(283.193939120914,-245.764460247905,43.8352863093098));
#13048=CARTESIAN_POINT('Origin',(278.838521725115,-245.964460247905,37.0914820916178));
#13049=CARTESIAN_POINT('',(281.284959572355,-245.964460247905,42.128836740597));
#13050=CARTESIAN_POINT('Origin',(279.011726805872,-245.764460247905,38.1914820916178));
#13051=CARTESIAN_POINT('Origin',(278.838521725115,-245.964460247904,92.274645859545));
#13052=CARTESIAN_POINT('',(276.392083877875,-245.964460247904,87.2372912105658));
#13053=CARTESIAN_POINT('Origin',(283.193939120914,-245.764460247905,99.0184500772369));
#13054=CARTESIAN_POINT('Origin',(278.838521725115,-245.964460247904,92.274645859545));
#13055=CARTESIAN_POINT('',(273.252825707608,-245.964460247904,91.8746458595449));
#13056=CARTESIAN_POINT('Origin',(286.856536193684,-245.764460247905,91.874645859545));
#13057=CARTESIAN_POINT('Origin',(278.838521725115,-245.964460247904,92.274645859545));
#13058=CARTESIAN_POINT('',(284.424217742623,-245.964460247905,91.874645859545));
#13059=CARTESIAN_POINT('Origin',(286.856536193684,-245.764460247905,91.874645859545));
#13060=CARTESIAN_POINT('Origin',(278.838521725115,-245.964460247904,92.274645859545));
#13061=CARTESIAN_POINT('Origin',(278.838521725115,-245.964460247904,92.274645859545));
#13062=CARTESIAN_POINT('',(284.424217742623,-245.964460247905,92.674645859545));
#13063=CARTESIAN_POINT('Origin',(270.820507256546,-245.764460247904,92.6746458595449));
#13064=CARTESIAN_POINT('Origin',(278.838521725115,-245.964460247904,92.274645859545));
#13065=CARTESIAN_POINT('',(276.392083877875,-245.964460247904,97.3120005085241));
#13066=CARTESIAN_POINT('Origin',(275.175924652345,-245.764460247904,99.4184500772369));
#13067=CARTESIAN_POINT('Origin',(507.771184363993,-245.964460247928,32.7746458595461));
#13068=CARTESIAN_POINT('',(505.324746516753,-245.964460247928,27.737291210567));
#13069=CARTESIAN_POINT('Origin',(512.126601759792,-245.764460247929,39.5184500772381));
#13070=CARTESIAN_POINT('Origin',(507.771184363993,-245.964460247928,32.7746458595461));
#13071=CARTESIAN_POINT('',(502.185488346486,-245.964460247927,32.3746458595461));
#13072=CARTESIAN_POINT('Origin',(515.789198832562,-245.764460247929,32.3746458595461));
#13073=CARTESIAN_POINT('Origin',(507.771184363993,-245.964460247928,32.7746458595461));
#13074=CARTESIAN_POINT('',(513.356880381501,-245.964460247929,32.3746458595461));
#13075=CARTESIAN_POINT('Origin',(515.789198832562,-245.764460247929,32.3746458595461));
#13076=CARTESIAN_POINT('Origin',(507.771184363993,-245.964460247928,32.7746458595461));
#13077=CARTESIAN_POINT('Origin',(507.771184363993,-245.964460247928,32.7746458595461));
#13078=CARTESIAN_POINT('',(513.356880381501,-245.964460247929,33.1746458595461));
#13079=CARTESIAN_POINT('Origin',(499.753169895424,-245.764460247927,33.174645859546));
#13080=CARTESIAN_POINT('Origin',(507.771184363993,-245.964460247928,32.7746458595461));
#13081=CARTESIAN_POINT('',(505.324746516753,-245.964460247928,37.8120005085252));
#13082=CARTESIAN_POINT('Origin',(504.108587291223,-245.764460247928,39.918450077238));
#13083=CARTESIAN_POINT('Origin',(507.771184364006,-245.964460247928,92.2746458595461));
#13084=CARTESIAN_POINT('',(505.324746516766,-245.964460247928,87.237291210567));
#13085=CARTESIAN_POINT('Origin',(512.126601759804,-245.764460247928,99.0184500772381));
#13086=CARTESIAN_POINT('Origin',(507.771184364006,-245.964460247928,92.2746458595461));
#13087=CARTESIAN_POINT('',(502.185488346498,-245.964460247927,91.8746458595461));
#13088=CARTESIAN_POINT('Origin',(286.856536193684,-245.764460247905,91.874645859545));
#13089=CARTESIAN_POINT('Origin',(507.771184364006,-245.964460247928,92.2746458595461));
#13090=CARTESIAN_POINT('',(513.356880381513,-245.964460247929,91.8746458595461));
#13091=CARTESIAN_POINT('Origin',(286.856536193684,-245.764460247905,91.874645859545));
#13092=CARTESIAN_POINT('Origin',(507.771184364006,-245.964460247928,92.2746458595461));
#13093=CARTESIAN_POINT('Origin',(507.771184364006,-245.964460247928,92.2746458595461));
#13094=CARTESIAN_POINT('',(513.356880381513,-245.964460247929,92.6746458595461));
#13095=CARTESIAN_POINT('Origin',(270.820507256546,-245.764460247904,92.6746458595449));
#13096=CARTESIAN_POINT('Origin',(507.771184364006,-245.964460247928,92.2746458595461));
#13097=CARTESIAN_POINT('',(505.324746516766,-245.964460247928,97.3120005085252));
#13098=CARTESIAN_POINT('Origin',(504.108587291235,-245.764460247928,99.418450077238));
#13099=CARTESIAN_POINT('Origin',(393.305033014424,-255.264460247915,67.2010888821915));
#13100=CARTESIAN_POINT('',(396.396917865879,-255.264460247916,74.9811019666031));
#13101=CARTESIAN_POINT('',(397.020660207874,-255.264460247916,75.9603097207383));
#13102=CARTESIAN_POINT('Ctrl Pts',(396.396917865879,-255.264460247916,74.9811019666031));
#13103=CARTESIAN_POINT('Ctrl Pts',(396.502381749526,-255.264460247916,75.1477650176524));
#13104=CARTESIAN_POINT('Ctrl Pts',(396.607845633172,-255.264460247916,75.3144280687018));
#13105=CARTESIAN_POINT('Ctrl Pts',(396.713819072849,-255.264460247916,75.4807665116624));
#13106=CARTESIAN_POINT('Ctrl Pts',(396.815784954282,-255.264460247916,75.6408145954494));
#13107=CARTESIAN_POINT('Ctrl Pts',(396.918222581078,-255.264460247916,75.8005621580938));
#13108=CARTESIAN_POINT('Ctrl Pts',(397.020660207874,-255.264460247916,75.9603097207383));
#13109=CARTESIAN_POINT('',(397.610867784626,-255.264460247916,76.7248978383378));
#13110=CARTESIAN_POINT('Ctrl Pts',(397.020660207874,-255.264460247916,75.9603097207383));
#13111=CARTESIAN_POINT('Ctrl Pts',(397.116475385696,-255.264460247916,76.1051284366479));
#13112=CARTESIAN_POINT('Ctrl Pts',(397.212290563518,-255.264460247916,76.2499471525576));
#13113=CARTESIAN_POINT('Ctrl Pts',(397.319117353565,-255.264460247916,76.3861992127732));
#13114=CARTESIAN_POINT('Ctrl Pts',(397.410943359818,-255.264460247916,76.5033185470507));
#13115=CARTESIAN_POINT('Ctrl Pts',(397.510905572222,-255.264460247916,76.6141081926942));
#13116=CARTESIAN_POINT('Ctrl Pts',(397.610867784626,-255.264460247916,76.7248978383378));
#13117=CARTESIAN_POINT('',(398.281559513218,-255.264460247916,77.1943821675614));
#13118=CARTESIAN_POINT('Ctrl Pts',(397.610867784626,-255.264460247916,76.7248978383378));
#13119=CARTESIAN_POINT('Ctrl Pts',(397.711206873799,-255.264460247916,76.8183695275431));
#13120=CARTESIAN_POINT('Ctrl Pts',(397.811545962971,-255.264460247916,76.9118412167483));
#13121=CARTESIAN_POINT('Ctrl Pts',(397.92273955167,-255.264460247916,76.9898208148316));
#13122=CARTESIAN_POINT('Ctrl Pts',(398.034973790398,-255.264460247916,77.0685302164223));
#13123=CARTESIAN_POINT('Ctrl Pts',(398.158266651808,-255.264460247916,77.1314561919919));
#13124=CARTESIAN_POINT('Ctrl Pts',(398.281559513218,-255.264460247916,77.1943821675614));
#13125=CARTESIAN_POINT('',(399.200405643589,-255.264460247916,77.3687615163163));
#13126=CARTESIAN_POINT('Ctrl Pts',(398.281559513218,-255.264460247916,77.1943821675614));
#13127=CARTESIAN_POINT('Ctrl Pts',(398.420426210792,-255.264460247916,77.2451886873672));
#13128=CARTESIAN_POINT('Ctrl Pts',(398.559292908367,-255.264460247916,77.295995207173));
#13129=CARTESIAN_POINT('Ctrl Pts',(398.702417181141,-255.264460247916,77.3251666791276));
#13130=CARTESIAN_POINT('Ctrl Pts',(398.864761439715,-255.264460247916,77.3582555528327));
#13131=CARTESIAN_POINT('Ctrl Pts',(399.032583541652,-255.264460247916,77.3635085345745));
#13132=CARTESIAN_POINT('Ctrl Pts',(399.200405643589,-255.264460247916,77.3687615163163));
#13133=CARTESIAN_POINT('',(400.4747171861,-255.264460247916,76.9864668614701));
#13134=CARTESIAN_POINT('Ctrl Pts',(399.200405643589,-255.264460247916,77.3687615163163));
#13135=CARTESIAN_POINT('Ctrl Pts',(399.425237356404,-255.264460247916,77.3523709094024));
#13136=CARTESIAN_POINT('Ctrl Pts',(399.650069069219,-255.264460247916,77.3359803024884));
#13137=CARTESIAN_POINT('Ctrl Pts',(399.86103491605,-255.264460247916,77.2731878526047));
#13138=CARTESIAN_POINT('Ctrl Pts',(400.075114463697,-255.264460247916,77.2094686323202));
#13139=CARTESIAN_POINT('Ctrl Pts',(400.274915824899,-255.264460247916,77.0979677468951));
#13140=CARTESIAN_POINT('Ctrl Pts',(400.4747171861,-255.264460247916,76.9864668614701));
#13141=CARTESIAN_POINT('',(401.319788263447,-255.264460247916,76.000551200612));
#13142=CARTESIAN_POINT('Ctrl Pts',(400.4747171861,-255.264460247916,76.9864668614701));
#13143=CARTESIAN_POINT('Ctrl Pts',(400.656637423842,-255.264460247916,76.8517797362008));
#13144=CARTESIAN_POINT('Ctrl Pts',(400.838557661585,-255.264460247916,76.7170926109316));
#13145=CARTESIAN_POINT('Ctrl Pts',(400.981089041836,-255.264460247916,76.5488412148789));
#13146=CARTESIAN_POINT('Ctrl Pts',(401.118337499888,-255.264460247916,76.3868260527961));
#13147=CARTESIAN_POINT('Ctrl Pts',(401.219062881667,-255.264460247916,76.193688626704));
#13148=CARTESIAN_POINT('Ctrl Pts',(401.319788263447,-255.264460247916,76.000551200612));
#13149=CARTESIAN_POINT('',(401.534409092075,-255.264460247916,74.484790778859));
#13150=CARTESIAN_POINT('Ctrl Pts',(401.319788263447,-255.264460247916,76.000551200612));
#13151=CARTESIAN_POINT('Ctrl Pts',(401.382142737824,-255.264460247916,75.7839072844276));
#13152=CARTESIAN_POINT('Ctrl Pts',(401.444497212201,-255.264460247916,75.5672633682432));
#13153=CARTESIAN_POINT('Ctrl Pts',(401.480754182941,-255.264460247916,75.3466280467347));
#13154=CARTESIAN_POINT('Ctrl Pts',(401.52724379563,-255.264460247916,75.0637238097607));
#13155=CARTESIAN_POINT('Ctrl Pts',(401.530826443853,-255.264460247916,74.7742572943099));
#13156=CARTESIAN_POINT('Ctrl Pts',(401.534409092075,-255.264460247916,74.484790778859));
#13157=CARTESIAN_POINT('',(401.534409092076,-255.264460247916,59.3137659795121));
#13158=CARTESIAN_POINT('',(401.534409092075,-255.264460247916,70.8429398305253));
#13159=CARTESIAN_POINT('',(401.024683879025,-255.264460247916,57.6169171101884));
#13160=CARTESIAN_POINT('Ctrl Pts',(401.534409092076,-255.264460247916,59.3137659795121));
#13161=CARTESIAN_POINT('Ctrl Pts',(401.522917763348,-255.264460247916,58.9768841659993));
#13162=CARTESIAN_POINT('Ctrl Pts',(401.511426434621,-255.264460247916,58.6400023524865));
#13163=CARTESIAN_POINT('Ctrl Pts',(401.406977937824,-255.264460247916,58.3328785664872));
#13164=CARTESIAN_POINT('Ctrl Pts',(401.321272408622,-255.264460247916,58.0808672171894));
#13165=CARTESIAN_POINT('Ctrl Pts',(401.172978143823,-255.264460247916,57.8488921636889));
#13166=CARTESIAN_POINT('Ctrl Pts',(401.024683879025,-255.264460247916,57.6169171101884));
#13167=CARTESIAN_POINT('',(399.66988878072,-255.264460247916,57.0334162480668));
#13168=CARTESIAN_POINT('Ctrl Pts',(401.024683879025,-255.264460247916,57.6169171101884));
#13169=CARTESIAN_POINT('Ctrl Pts',(400.837451530562,-255.264460247916,57.446758145091));
#13170=CARTESIAN_POINT('Ctrl Pts',(400.6502191821,-255.264460247916,57.2765991799937));
#13171=CARTESIAN_POINT('Ctrl Pts',(400.431122348911,-255.264460247916,57.1792902715043));
#13172=CARTESIAN_POINT('Ctrl Pts',(400.200844330841,-255.264460247916,57.0770153902956));
#13173=CARTESIAN_POINT('Ctrl Pts',(399.93536655578,-255.264460247916,57.0552158191812));
#13174=CARTESIAN_POINT('Ctrl Pts',(399.66988878072,-255.264460247916,57.0334162480668));
#13175=CARTESIAN_POINT('',(398.328506515629,-255.264460247916,57.6102103955582));
#13176=CARTESIAN_POINT('Ctrl Pts',(399.66988878072,-255.264460247916,57.0334162480668));
#13177=CARTESIAN_POINT('Ctrl Pts',(399.410708593966,-255.264460247916,57.0560637027722));
#13178=CARTESIAN_POINT('Ctrl Pts',(399.151528407212,-255.264460247916,57.0787111574777));
#13179=CARTESIAN_POINT('Ctrl Pts',(398.925421999104,-255.264460247916,57.177616573079));
#13180=CARTESIAN_POINT('Ctrl Pts',(398.705611875654,-255.264460247916,57.2737678135286));
#13181=CARTESIAN_POINT('Ctrl Pts',(398.517059195641,-255.264460247916,57.4419891045434));
#13182=CARTESIAN_POINT('Ctrl Pts',(398.328506515629,-255.264460247916,57.6102103955582));
#13183=CARTESIAN_POINT('',(397.805368469364,-255.264460247916,59.3137659795121));
#13184=CARTESIAN_POINT('Ctrl Pts',(398.328506515629,-255.264460247916,57.6102103955582));
#13185=CARTESIAN_POINT('Ctrl Pts',(398.176327790917,-255.264460247916,57.841289913053));
#13186=CARTESIAN_POINT('Ctrl Pts',(398.024149066206,-255.264460247916,58.0723694305477));
#13187=CARTESIAN_POINT('Ctrl Pts',(397.93615298093,-255.264460247916,58.324495769246));
#13188=CARTESIAN_POINT('Ctrl Pts',(397.828404959997,-255.264460247916,58.6332153439311));
#13189=CARTESIAN_POINT('Ctrl Pts',(397.81688671468,-255.264460247916,58.9734906617216));
#13190=CARTESIAN_POINT('Ctrl Pts',(397.805368469364,-255.264460247916,59.3137659795121));
#13191=CARTESIAN_POINT('',(397.805368469364,-255.264460247916,68.8180028464397));
#13192=CARTESIAN_POINT('',(397.805368469364,-255.264460247916,63.2574274308518));
#13193=CARTESIAN_POINT('',(396.702813834883,-255.264460247916,69.1457814902848));
#13194=CARTESIAN_POINT('Origin',(397.205368469364,-255.264460247916,68.8180028464397));
#13195=CARTESIAN_POINT('',(390.333871410496,-255.264460247915,59.3808331258133));
#13196=CARTESIAN_POINT('',(396.302151738245,-255.264460247916,68.5314809636723));
#13197=CARTESIAN_POINT('',(389.690010116703,-255.264460247915,58.4619869954422));
#13198=CARTESIAN_POINT('Ctrl Pts',(390.333871410496,-255.264460247915,59.3808331258133));
#13199=CARTESIAN_POINT('Ctrl Pts',(390.226960520224,-255.264460247915,59.2257351072824));
#13200=CARTESIAN_POINT('Ctrl Pts',(390.120049629953,-255.264460247915,59.0706370887516));
#13201=CARTESIAN_POINT('Ctrl Pts',(390.011939571507,-255.264460247915,58.9163794286087));
#13202=CARTESIAN_POINT('Ctrl Pts',(389.905406052506,-255.264460247915,58.7643712657788));
#13203=CARTESIAN_POINT('Ctrl Pts',(389.797708084605,-255.264460247915,58.6131791306105));
#13204=CARTESIAN_POINT('Ctrl Pts',(389.690010116703,-255.264460247915,58.4619869954422));
#13205=CARTESIAN_POINT('',(388.992490337498,-255.264460247915,57.6772799260452));
#13206=CARTESIAN_POINT('Ctrl Pts',(389.690010116703,-255.264460247915,58.4619869954422));
#13207=CARTESIAN_POINT('Ctrl Pts',(389.582005697184,-255.264460247915,58.3183350652348));
#13208=CARTESIAN_POINT('Ctrl Pts',(389.474001277664,-255.264460247915,58.1746831350275));
#13209=CARTESIAN_POINT('Ctrl Pts',(389.354664848454,-255.264460247915,58.0411305196122));
#13210=CARTESIAN_POINT('Ctrl Pts',(389.24081588334,-255.264460247915,57.9137190732173));
#13211=CARTESIAN_POINT('Ctrl Pts',(389.116653110419,-255.264460247915,57.7954994996313));
#13212=CARTESIAN_POINT('Ctrl Pts',(388.992490337498,-255.264460247915,57.6772799260452));
#13213=CARTESIAN_POINT('',(388.187660740025,-255.264460247915,57.1876754529312));
#13214=CARTESIAN_POINT('Ctrl Pts',(388.992490337498,-255.264460247915,57.6772799260452));
#13215=CARTESIAN_POINT('Ctrl Pts',(388.866967340437,-255.264460247915,57.573739608525));
#13216=CARTESIAN_POINT('Ctrl Pts',(388.741444343376,-255.264460247915,57.4701992910047));
#13217=CARTESIAN_POINT('Ctrl Pts',(388.603491352207,-255.264460247915,57.3872055775956));
#13218=CARTESIAN_POINT('Ctrl Pts',(388.472367663768,-255.264460247915,57.308320431813));
#13219=CARTESIAN_POINT('Ctrl Pts',(388.330014201896,-255.264460247915,57.2479979423721));
#13220=CARTESIAN_POINT('Ctrl Pts',(388.187660740025,-255.264460247915,57.1876754529312));
#13221=CARTESIAN_POINT('',(387.221867607243,-255.264460247915,57.0334162480667));
#13222=CARTESIAN_POINT('Ctrl Pts',(388.187660740025,-255.264460247915,57.1876754529312));
#13223=CARTESIAN_POINT('Ctrl Pts',(388.03668474954,-255.264460247915,57.1427040769128));
#13224=CARTESIAN_POINT('Ctrl Pts',(387.885708759056,-255.264460247915,57.0977327008944));
#13225=CARTESIAN_POINT('Ctrl Pts',(387.731592224247,-255.264460247915,57.0719804532364));
#13226=CARTESIAN_POINT('Ctrl Pts',(387.56415527495,-255.264460247915,57.0440024183632));
#13227=CARTESIAN_POINT('Ctrl Pts',(387.393011441096,-255.264460247915,57.038709333215));
#13228=CARTESIAN_POINT('Ctrl Pts',(387.221867607243,-255.264460247915,57.0334162480667));
#13229=CARTESIAN_POINT('',(385.075656936772,-255.264460247914,59.6222820050552));
#13230=CARTESIAN_POINT('Ctrl Pts',(387.221867607243,-255.264460247915,57.0334162480667));
#13231=CARTESIAN_POINT('Ctrl Pts',(386.596813997252,-255.264460247915,57.1701050104463));
#13232=CARTESIAN_POINT('Ctrl Pts',(385.971760387262,-255.264460247914,57.3067937728258));
#13233=CARTESIAN_POINT('Ctrl Pts',(385.612208412296,-255.264460247914,57.6806320912674));
#13234=CARTESIAN_POINT('Ctrl Pts',(385.194727595397,-255.264460247914,58.1147009809911));
#13235=CARTESIAN_POINT('Ctrl Pts',(385.135192266084,-255.264460247914,58.8684914930232));
#13236=CARTESIAN_POINT('Ctrl Pts',(385.075656936772,-255.264460247914,59.6222820050552));
#13237=CARTESIAN_POINT('',(385.075656936772,-255.264460247914,75.0884117848709));
#13238=CARTESIAN_POINT('',(385.075656936772,-255.264460247914,63.4116854436234));
#13239=CARTESIAN_POINT('',(385.571968124516,-255.264460247915,76.7986740834549));
#13240=CARTESIAN_POINT('Ctrl Pts',(385.075656936772,-255.264460247914,75.0884117848709));
#13241=CARTESIAN_POINT('Ctrl Pts',(385.085400992941,-255.264460247914,75.4308309863745));
#13242=CARTESIAN_POINT('Ctrl Pts',(385.09514504911,-255.264460247914,75.7732501878782));
#13243=CARTESIAN_POINT('Ctrl Pts',(385.199734733707,-255.264460247914,76.0860647923782));
#13244=CARTESIAN_POINT('Ctrl Pts',(385.283375258499,-255.264460247914,76.3362230922487));
#13245=CARTESIAN_POINT('Ctrl Pts',(385.427671691507,-255.264460247914,76.5674485878518));
#13246=CARTESIAN_POINT('Ctrl Pts',(385.571968124516,-255.264460247914,76.7986740834549));
#13247=CARTESIAN_POINT('',(386.92676501096,-255.264460247915,77.3687615163162));
#13248=CARTESIAN_POINT('Ctrl Pts',(385.571968124516,-255.264460247915,76.7986740834549));
#13249=CARTESIAN_POINT('Ctrl Pts',(385.757385399043,-255.264460247915,76.9648886298143));
#13250=CARTESIAN_POINT('Ctrl Pts',(385.942802673571,-255.264460247915,77.1311031761737));
#13251=CARTESIAN_POINT('Ctrl Pts',(386.158823536045,-255.264460247915,77.2262396581009));
#13252=CARTESIAN_POINT('Ctrl Pts',(386.391196030912,-255.264460247915,77.3285774666117));
#13253=CARTESIAN_POINT('Ctrl Pts',(386.658980520936,-255.264460247915,77.348669491464));
#13254=CARTESIAN_POINT('Ctrl Pts',(386.92676501096,-255.264460247915,77.3687615163162));
#13255=CARTESIAN_POINT('',(388.248023555882,-255.264460247915,76.7986740834549));
#13256=CARTESIAN_POINT('Ctrl Pts',(386.92676501096,-255.264460247915,77.3687615163162));
#13257=CARTESIAN_POINT('Ctrl Pts',(387.187187588409,-255.264460247915,77.3478995518878));
#13258=CARTESIAN_POINT('Ctrl Pts',(387.447610165859,-255.264460247915,77.3270375874595));
#13259=CARTESIAN_POINT('Ctrl Pts',(387.672907875187,-255.264460247915,77.2262396581009));
#13260=CARTESIAN_POINT('Ctrl Pts',(387.885453990876,-255.264460247915,77.1311467766929));
#13261=CARTESIAN_POINT('Ctrl Pts',(388.066738773379,-255.264460247915,76.9649104300739));
#13262=CARTESIAN_POINT('Ctrl Pts',(388.248023555882,-255.264460247915,76.7986740834549));
#13263=CARTESIAN_POINT('',(388.737630413181,-255.264460247915,75.0884117848709));
#13264=CARTESIAN_POINT('Ctrl Pts',(388.248023555882,-255.264460247915,76.7986740834549));
#13265=CARTESIAN_POINT('Ctrl Pts',(388.390360462297,-255.264460247915,76.5672812877996));
#13266=CARTESIAN_POINT('Ctrl Pts',(388.532697368712,-255.264460247915,76.3358884921443));
#13267=CARTESIAN_POINT('Ctrl Pts',(388.615228698856,-255.264460247915,76.0860647923783));
#13268=CARTESIAN_POINT('Ctrl Pts',(388.718708328283,-255.264460247915,75.7728302446198));
#13269=CARTESIAN_POINT('Ctrl Pts',(388.728169370732,-255.264460247915,75.4306210147454));
#13270=CARTESIAN_POINT('Ctrl Pts',(388.737630413181,-255.264460247915,75.0884117848709));
#13271=CARTESIAN_POINT('',(388.737630413181,-255.264460247915,65.3876779588094));
#13272=CARTESIAN_POINT('',(388.737630413181,-255.264460247915,71.1447503335312));
#13273=CARTESIAN_POINT('',(389.838193560623,-255.264460247915,65.056866025193));
#13274=CARTESIAN_POINT('Origin',(389.337630413181,-255.264460247915,65.3876779588094));
#13275=CARTESIAN_POINT('',(390.308003116514,-255.264460247915,65.7677513533732));
#13276=CARTESIAN_POINT('Origin',(388.737630413181,-256.864460247915,63.391565299733));
#13277=CARTESIAN_POINT('',(389.838193560623,-256.064460247915,65.056866025193));
#13278=CARTESIAN_POINT('',(389.838193560623,-256.864460247915,65.056866025193));
#13279=CARTESIAN_POINT('',(396.396917865879,-256.064460247915,74.9811019666031));
#13280=CARTESIAN_POINT('',(388.283947910226,-256.064460247914,62.7050823813692));
#13281=CARTESIAN_POINT('',(396.396917865879,-256.864460247916,74.9811019666031));
#13282=CARTESIAN_POINT('Ctrl Pts',(396.396917865879,-256.864460247916,74.9811019666031));
#13283=CARTESIAN_POINT('Ctrl Pts',(396.396917865879,-254.064460247916,74.9811019666031));
#13284=CARTESIAN_POINT('Ctrl Pts',(396.502381749526,-256.864460247916,75.1477650176524));
#13285=CARTESIAN_POINT('Ctrl Pts',(396.502381749526,-254.064460247916,75.1477650176524));
#13286=CARTESIAN_POINT('Ctrl Pts',(396.709321228265,-256.864460247916,75.4747884849939));
#13287=CARTESIAN_POINT('Ctrl Pts',(396.709321228266,-254.064460247916,75.4747884849939));
#13288=CARTESIAN_POINT('Ctrl Pts',(396.918222581078,-256.864460247916,75.8005621580938));
#13289=CARTESIAN_POINT('Ctrl Pts',(396.918222581078,-254.064460247916,75.8005621580938));
#13290=CARTESIAN_POINT('Ctrl Pts',(397.020660207874,-256.864460247916,75.9603097207383));
#13291=CARTESIAN_POINT('Ctrl Pts',(397.020660207874,-254.064460247916,75.9603097207383));
#13292=CARTESIAN_POINT('',(397.020660207874,-256.064460247915,75.9603097207383));
#13293=CARTESIAN_POINT('Ctrl Pts',(397.020660207874,-256.064460247915,75.9603097207383));
#13294=CARTESIAN_POINT('Ctrl Pts',(396.918222581078,-256.064460247915,75.8005621580938));
#13295=CARTESIAN_POINT('Ctrl Pts',(396.815784954282,-256.064460247915,75.6408145954494));
#13296=CARTESIAN_POINT('Ctrl Pts',(396.713819072849,-256.064460247915,75.4807665116624));
#13297=CARTESIAN_POINT('Ctrl Pts',(396.607845633172,-256.064460247915,75.3144280687018));
#13298=CARTESIAN_POINT('Ctrl Pts',(396.502381749526,-256.064460247915,75.1477650176524));
#13299=CARTESIAN_POINT('Ctrl Pts',(396.396917865879,-256.064460247915,74.9811019666031));
#13300=CARTESIAN_POINT('',(397.020660207874,-256.864460247916,75.9603097207383));
#13301=CARTESIAN_POINT('Ctrl Pts',(397.020660207874,-256.864460247916,75.9603097207383));
#13302=CARTESIAN_POINT('Ctrl Pts',(397.020660207874,-254.064460247916,75.9603097207383));
#13303=CARTESIAN_POINT('Ctrl Pts',(397.116475385696,-256.864460247916,76.1051284366479));
#13304=CARTESIAN_POINT('Ctrl Pts',(397.116475385696,-254.064460247916,76.1051284366479));
#13305=CARTESIAN_POINT('Ctrl Pts',(397.294651225238,-256.864460247916,76.3744301994298));
#13306=CARTESIAN_POINT('Ctrl Pts',(397.294651225239,-254.064460247916,76.3744301994298));
#13307=CARTESIAN_POINT('Ctrl Pts',(397.510905572222,-256.864460247916,76.6141081926942));
#13308=CARTESIAN_POINT('Ctrl Pts',(397.510905572222,-254.064460247916,76.6141081926942));
#13309=CARTESIAN_POINT('Ctrl Pts',(397.610867784626,-256.864460247916,76.7248978383378));
#13310=CARTESIAN_POINT('Ctrl Pts',(397.610867784626,-254.064460247916,76.7248978383378));
#13311=CARTESIAN_POINT('',(397.610867784626,-256.064460247915,76.7248978383378));
#13312=CARTESIAN_POINT('Ctrl Pts',(397.610867784626,-256.064460247915,76.7248978383378));
#13313=CARTESIAN_POINT('Ctrl Pts',(397.510905572222,-256.064460247915,76.6141081926942));
#13314=CARTESIAN_POINT('Ctrl Pts',(397.410943359818,-256.064460247915,76.5033185470507));
#13315=CARTESIAN_POINT('Ctrl Pts',(397.319117353565,-256.064460247915,76.3861992127732));
#13316=CARTESIAN_POINT('Ctrl Pts',(397.212290563518,-256.064460247915,76.2499471525576));
#13317=CARTESIAN_POINT('Ctrl Pts',(397.116475385696,-256.064460247915,76.1051284366479));
#13318=CARTESIAN_POINT('Ctrl Pts',(397.020660207874,-256.064460247915,75.9603097207383));
#13319=CARTESIAN_POINT('',(397.610867784626,-256.864460247916,76.7248978383378));
#13320=CARTESIAN_POINT('Ctrl Pts',(397.610867784626,-256.864460247916,76.7248978383378));
#13321=CARTESIAN_POINT('Ctrl Pts',(397.610867784626,-254.064460247916,76.7248978383378));
#13322=CARTESIAN_POINT('Ctrl Pts',(397.711206873799,-256.864460247916,76.8183695275431));
#13323=CARTESIAN_POINT('Ctrl Pts',(397.711206873799,-254.064460247916,76.8183695275431));
#13324=CARTESIAN_POINT('Ctrl Pts',(397.912824115963,-256.864460247916,77.0061876984417));
#13325=CARTESIAN_POINT('Ctrl Pts',(397.912824115963,-254.064460247916,77.0061876984417));
#13326=CARTESIAN_POINT('Ctrl Pts',(398.158266651808,-256.864460247916,77.1314561919919));
#13327=CARTESIAN_POINT('Ctrl Pts',(398.158266651808,-254.064460247916,77.1314561919919));
#13328=CARTESIAN_POINT('Ctrl Pts',(398.281559513218,-256.864460247916,77.1943821675614));
#13329=CARTESIAN_POINT('Ctrl Pts',(398.281559513218,-254.064460247916,77.1943821675614));
#13330=CARTESIAN_POINT('',(398.281559513218,-256.064460247915,77.1943821675614));
#13331=CARTESIAN_POINT('Ctrl Pts',(398.281559513218,-256.064460247915,77.1943821675614));
#13332=CARTESIAN_POINT('Ctrl Pts',(398.158266651808,-256.064460247915,77.1314561919919));
#13333=CARTESIAN_POINT('Ctrl Pts',(398.034973790398,-256.064460247915,77.0685302164223));
#13334=CARTESIAN_POINT('Ctrl Pts',(397.92273955167,-256.064460247915,76.9898208148316));
#13335=CARTESIAN_POINT('Ctrl Pts',(397.811545962971,-256.064460247915,76.9118412167483));
#13336=CARTESIAN_POINT('Ctrl Pts',(397.711206873799,-256.064460247915,76.8183695275431));
#13337=CARTESIAN_POINT('Ctrl Pts',(397.610867784626,-256.064460247915,76.7248978383378));
#13338=CARTESIAN_POINT('',(398.281559513218,-256.864460247916,77.1943821675614));
#13339=CARTESIAN_POINT('Ctrl Pts',(398.281559513218,-256.864460247916,77.1943821675614));
#13340=CARTESIAN_POINT('Ctrl Pts',(398.281559513218,-254.064460247916,77.1943821675614));
#13341=CARTESIAN_POINT('Ctrl Pts',(398.420426210792,-256.864460247916,77.2451886873672));
#13342=CARTESIAN_POINT('Ctrl Pts',(398.420426210792,-254.064460247916,77.2451886873672));
#13343=CARTESIAN_POINT('Ctrl Pts',(398.716807847107,-256.864460247916,77.3536244731857));
#13344=CARTESIAN_POINT('Ctrl Pts',(398.716807847107,-254.064460247916,77.3536244731857));
#13345=CARTESIAN_POINT('Ctrl Pts',(399.032583541652,-256.864460247916,77.3635085345745));
#13346=CARTESIAN_POINT('Ctrl Pts',(399.032583541652,-254.064460247916,77.3635085345745));
#13347=CARTESIAN_POINT('Ctrl Pts',(399.200405643589,-256.864460247916,77.3687615163163));
#13348=CARTESIAN_POINT('Ctrl Pts',(399.200405643589,-254.064460247916,77.3687615163163));
#13349=CARTESIAN_POINT('',(399.200405643589,-256.064460247915,77.3687615163163));
#13350=CARTESIAN_POINT('Ctrl Pts',(399.200405643589,-256.064460247915,77.3687615163163));
#13351=CARTESIAN_POINT('Ctrl Pts',(399.032583541652,-256.064460247915,77.3635085345745));
#13352=CARTESIAN_POINT('Ctrl Pts',(398.864761439715,-256.064460247915,77.3582555528327));
#13353=CARTESIAN_POINT('Ctrl Pts',(398.702417181141,-256.064460247915,77.3251666791276));
#13354=CARTESIAN_POINT('Ctrl Pts',(398.559292908367,-256.064460247915,77.295995207173));
#13355=CARTESIAN_POINT('Ctrl Pts',(398.420426210792,-256.064460247915,77.2451886873672));
#13356=CARTESIAN_POINT('Ctrl Pts',(398.281559513218,-256.064460247915,77.1943821675614));
#13357=CARTESIAN_POINT('',(399.200405643589,-256.864460247916,77.3687615163163));
#13358=CARTESIAN_POINT('Ctrl Pts',(399.200405643589,-256.864460247916,77.3687615163163));
#13359=CARTESIAN_POINT('Ctrl Pts',(399.200405643589,-254.064460247916,77.3687615163163));
#13360=CARTESIAN_POINT('Ctrl Pts',(399.425237356404,-256.864460247916,77.3523709094024));
#13361=CARTESIAN_POINT('Ctrl Pts',(399.425237356404,-254.064460247916,77.3523709094024));
#13362=CARTESIAN_POINT('Ctrl Pts',(399.878219132839,-256.864460247916,77.3193477822653));
#13363=CARTESIAN_POINT('Ctrl Pts',(399.878219132839,-254.064460247916,77.3193477822653));
#13364=CARTESIAN_POINT('Ctrl Pts',(400.274915824898,-256.864460247916,77.0979677468951));
#13365=CARTESIAN_POINT('Ctrl Pts',(400.274915824899,-254.064460247916,77.0979677468951));
#13366=CARTESIAN_POINT('Ctrl Pts',(400.4747171861,-256.864460247916,76.9864668614701));
#13367=CARTESIAN_POINT('Ctrl Pts',(400.4747171861,-254.064460247916,76.9864668614701));
#13368=CARTESIAN_POINT('',(400.4747171861,-256.064460247916,76.9864668614701));
#13369=CARTESIAN_POINT('Ctrl Pts',(400.4747171861,-256.064460247916,76.9864668614701));
#13370=CARTESIAN_POINT('Ctrl Pts',(400.274915824899,-256.064460247916,77.0979677468951));
#13371=CARTESIAN_POINT('Ctrl Pts',(400.075114463697,-256.064460247916,77.2094686323202));
#13372=CARTESIAN_POINT('Ctrl Pts',(399.86103491605,-256.064460247916,77.2731878526047));
#13373=CARTESIAN_POINT('Ctrl Pts',(399.650069069219,-256.064460247916,77.3359803024884));
#13374=CARTESIAN_POINT('Ctrl Pts',(399.425237356404,-256.064460247916,77.3523709094024));
#13375=CARTESIAN_POINT('Ctrl Pts',(399.200405643589,-256.064460247916,77.3687615163163));
#13376=CARTESIAN_POINT('',(400.4747171861,-256.864460247916,76.9864668614701));
#13377=CARTESIAN_POINT('Ctrl Pts',(400.4747171861,-256.864460247916,76.9864668614701));
#13378=CARTESIAN_POINT('Ctrl Pts',(400.4747171861,-254.064460247916,76.9864668614701));
#13379=CARTESIAN_POINT('Ctrl Pts',(400.656637423842,-256.864460247916,76.8517797362008));
#13380=CARTESIAN_POINT('Ctrl Pts',(400.656637423842,-254.064460247916,76.8517797362008));
#13381=CARTESIAN_POINT('Ctrl Pts',(401.013735030067,-256.864460247916,76.5873976607384));
#13382=CARTESIAN_POINT('Ctrl Pts',(401.013735030067,-254.064460247916,76.5873976607384));
#13383=CARTESIAN_POINT('Ctrl Pts',(401.219062881667,-256.864460247916,76.193688626704));
#13384=CARTESIAN_POINT('Ctrl Pts',(401.219062881667,-254.064460247916,76.193688626704));
#13385=CARTESIAN_POINT('Ctrl Pts',(401.319788263447,-256.864460247916,76.000551200612));
#13386=CARTESIAN_POINT('Ctrl Pts',(401.319788263447,-254.064460247916,76.000551200612));
#13387=CARTESIAN_POINT('',(401.319788263447,-256.064460247916,76.000551200612));
#13388=CARTESIAN_POINT('Ctrl Pts',(401.319788263447,-256.064460247916,76.000551200612));
#13389=CARTESIAN_POINT('Ctrl Pts',(401.219062881667,-256.064460247916,76.193688626704));
#13390=CARTESIAN_POINT('Ctrl Pts',(401.118337499888,-256.064460247916,76.3868260527961));
#13391=CARTESIAN_POINT('Ctrl Pts',(400.981089041836,-256.064460247916,76.5488412148789));
#13392=CARTESIAN_POINT('Ctrl Pts',(400.838557661584,-256.064460247916,76.7170926109316));
#13393=CARTESIAN_POINT('Ctrl Pts',(400.656637423842,-256.064460247916,76.8517797362008));
#13394=CARTESIAN_POINT('Ctrl Pts',(400.4747171861,-256.064460247916,76.9864668614701));
#13395=CARTESIAN_POINT('',(401.319788263447,-256.864460247916,76.000551200612));
#13396=CARTESIAN_POINT('Ctrl Pts',(401.319788263447,-256.864460247916,76.000551200612));
#13397=CARTESIAN_POINT('Ctrl Pts',(401.319788263447,-254.064460247916,76.000551200612));
#13398=CARTESIAN_POINT('Ctrl Pts',(401.382142737824,-256.864460247916,75.7839072844276));
#13399=CARTESIAN_POINT('Ctrl Pts',(401.382142737824,-254.064460247916,75.7839072844276));
#13400=CARTESIAN_POINT('Ctrl Pts',(401.52444970972,-256.864460247916,75.2894770129844));
#13401=CARTESIAN_POINT('Ctrl Pts',(401.52444970972,-254.064460247916,75.2894770129844));
#13402=CARTESIAN_POINT('Ctrl Pts',(401.530826443853,-256.864460247916,74.7742572943099));
#13403=CARTESIAN_POINT('Ctrl Pts',(401.530826443853,-254.064460247916,74.7742572943099));
#13404=CARTESIAN_POINT('Ctrl Pts',(401.534409092075,-256.864460247916,74.484790778859));
#13405=CARTESIAN_POINT('Ctrl Pts',(401.534409092076,-254.064460247916,74.484790778859));
#13406=CARTESIAN_POINT('',(401.534409092075,-256.064460247916,74.484790778859));
#13407=CARTESIAN_POINT('Ctrl Pts',(401.534409092075,-256.064460247916,74.484790778859));
#13408=CARTESIAN_POINT('Ctrl Pts',(401.530826443853,-256.064460247916,74.7742572943099));
#13409=CARTESIAN_POINT('Ctrl Pts',(401.52724379563,-256.064460247916,75.0637238097607));
#13410=CARTESIAN_POINT('Ctrl Pts',(401.480754182941,-256.064460247916,75.3466280467347));
#13411=CARTESIAN_POINT('Ctrl Pts',(401.444497212201,-256.064460247916,75.5672633682432));
#13412=CARTESIAN_POINT('Ctrl Pts',(401.382142737824,-256.064460247916,75.7839072844276));
#13413=CARTESIAN_POINT('Ctrl Pts',(401.319788263447,-256.064460247916,76.000551200612));
#13414=CARTESIAN_POINT('',(401.534409092075,-256.864460247916,74.484790778859));
#13415=CARTESIAN_POINT('Origin',(401.534409092075,-256.864460247916,74.484790778859));
#13416=CARTESIAN_POINT('',(401.534409092075,-256.064460247916,59.3137659795121));
#13417=CARTESIAN_POINT('',(401.534409092075,-256.064460247916,66.6981036257277));
#13418=CARTESIAN_POINT('',(401.534409092075,-256.864460247916,59.3137659795121));
#13419=CARTESIAN_POINT('Ctrl Pts',(401.534409092075,-256.864460247916,59.3137659795121));
#13420=CARTESIAN_POINT('Ctrl Pts',(401.534409092076,-254.064460247916,59.3137659795121));
#13421=CARTESIAN_POINT('Ctrl Pts',(401.522917763348,-256.864460247916,58.9768841659993));
#13422=CARTESIAN_POINT('Ctrl Pts',(401.522917763348,-254.064460247916,58.9768841659993));
#13423=CARTESIAN_POINT('Ctrl Pts',(401.50199719016,-256.864460247916,58.3635729639224));
#13424=CARTESIAN_POINT('Ctrl Pts',(401.50199719016,-254.064460247916,58.3635729639224));
#13425=CARTESIAN_POINT('Ctrl Pts',(401.172978143823,-256.864460247916,57.8488921636889));
#13426=CARTESIAN_POINT('Ctrl Pts',(401.172978143823,-254.064460247916,57.8488921636889));
#13427=CARTESIAN_POINT('Ctrl Pts',(401.024683879025,-256.864460247916,57.6169171101884));
#13428=CARTESIAN_POINT('Ctrl Pts',(401.024683879025,-254.064460247916,57.6169171101884));
#13429=CARTESIAN_POINT('',(401.024683879025,-256.064460247916,57.6169171101884));
#13430=CARTESIAN_POINT('Ctrl Pts',(401.024683879025,-256.064460247916,57.6169171101884));
#13431=CARTESIAN_POINT('Ctrl Pts',(401.172978143823,-256.064460247916,57.8488921636889));
#13432=CARTESIAN_POINT('Ctrl Pts',(401.321272408622,-256.064460247916,58.0808672171894));
#13433=CARTESIAN_POINT('Ctrl Pts',(401.406977937824,-256.064460247916,58.3328785664872));
#13434=CARTESIAN_POINT('Ctrl Pts',(401.51142643462,-256.064460247916,58.6400023524865));
#13435=CARTESIAN_POINT('Ctrl Pts',(401.522917763348,-256.064460247916,58.9768841659993));
#13436=CARTESIAN_POINT('Ctrl Pts',(401.534409092075,-256.064460247916,59.3137659795121));
#13437=CARTESIAN_POINT('',(401.024683879025,-256.864460247916,57.6169171101884));
#13438=CARTESIAN_POINT('Ctrl Pts',(401.024683879025,-256.864460247916,57.6169171101884));
#13439=CARTESIAN_POINT('Ctrl Pts',(401.024683879025,-254.064460247916,57.6169171101884));
#13440=CARTESIAN_POINT('Ctrl Pts',(400.837451530562,-256.864460247916,57.446758145091));
#13441=CARTESIAN_POINT('Ctrl Pts',(400.837451530562,-254.064460247916,57.446758145091));
#13442=CARTESIAN_POINT('Ctrl Pts',(400.453431791359,-256.864460247916,57.0977564798535));
#13443=CARTESIAN_POINT('Ctrl Pts',(400.453431791359,-254.064460247916,57.0977564798535));
#13444=CARTESIAN_POINT('Ctrl Pts',(399.93536655578,-256.864460247916,57.0552158191812));
#13445=CARTESIAN_POINT('Ctrl Pts',(399.935366555781,-254.064460247916,57.0552158191812));
#13446=CARTESIAN_POINT('Ctrl Pts',(399.66988878072,-256.864460247916,57.0334162480668));
#13447=CARTESIAN_POINT('Ctrl Pts',(399.66988878072,-254.064460247916,57.0334162480668));
#13448=CARTESIAN_POINT('',(399.66988878072,-256.064460247916,57.0334162480668));
#13449=CARTESIAN_POINT('Ctrl Pts',(399.66988878072,-256.064460247916,57.0334162480668));
#13450=CARTESIAN_POINT('Ctrl Pts',(399.93536655578,-256.064460247916,57.0552158191812));
#13451=CARTESIAN_POINT('Ctrl Pts',(400.200844330841,-256.064460247916,57.0770153902956));
#13452=CARTESIAN_POINT('Ctrl Pts',(400.431122348911,-256.064460247916,57.1792902715043));
#13453=CARTESIAN_POINT('Ctrl Pts',(400.6502191821,-256.064460247916,57.2765991799937));
#13454=CARTESIAN_POINT('Ctrl Pts',(400.837451530562,-256.064460247916,57.446758145091));
#13455=CARTESIAN_POINT('Ctrl Pts',(401.024683879025,-256.064460247916,57.6169171101884));
#13456=CARTESIAN_POINT('',(399.66988878072,-256.864460247916,57.0334162480668));
#13457=CARTESIAN_POINT('Ctrl Pts',(399.66988878072,-256.864460247916,57.0334162480668));
#13458=CARTESIAN_POINT('Ctrl Pts',(399.66988878072,-254.064460247916,57.0334162480668));
#13459=CARTESIAN_POINT('Ctrl Pts',(399.410708593966,-256.864460247916,57.0560637027722));
#13460=CARTESIAN_POINT('Ctrl Pts',(399.410708593966,-254.064460247916,57.0560637027722));
#13461=CARTESIAN_POINT('Ctrl Pts',(398.899565495931,-256.864460247916,57.1007279585772));
#13462=CARTESIAN_POINT('Ctrl Pts',(398.899565495931,-254.064460247916,57.1007279585772));
#13463=CARTESIAN_POINT('Ctrl Pts',(398.517059195641,-256.864460247916,57.4419891045434));
#13464=CARTESIAN_POINT('Ctrl Pts',(398.517059195641,-254.064460247916,57.4419891045434));
#13465=CARTESIAN_POINT('Ctrl Pts',(398.328506515629,-256.864460247916,57.6102103955582));
#13466=CARTESIAN_POINT('Ctrl Pts',(398.328506515629,-254.064460247916,57.6102103955582));
#13467=CARTESIAN_POINT('',(398.328506515629,-256.064460247915,57.6102103955582));
#13468=CARTESIAN_POINT('Ctrl Pts',(398.328506515629,-256.064460247915,57.6102103955582));
#13469=CARTESIAN_POINT('Ctrl Pts',(398.517059195641,-256.064460247915,57.4419891045434));
#13470=CARTESIAN_POINT('Ctrl Pts',(398.705611875654,-256.064460247915,57.2737678135286));
#13471=CARTESIAN_POINT('Ctrl Pts',(398.925421999104,-256.064460247916,57.177616573079));
#13472=CARTESIAN_POINT('Ctrl Pts',(399.151528407212,-256.064460247916,57.0787111574777));
#13473=CARTESIAN_POINT('Ctrl Pts',(399.410708593966,-256.064460247916,57.0560637027722));
#13474=CARTESIAN_POINT('Ctrl Pts',(399.66988878072,-256.064460247916,57.0334162480668));
#13475=CARTESIAN_POINT('',(398.328506515629,-256.864460247916,57.6102103955582));
#13476=CARTESIAN_POINT('Ctrl Pts',(398.328506515629,-256.864460247916,57.6102103955582));
#13477=CARTESIAN_POINT('Ctrl Pts',(398.328506515629,-254.064460247916,57.6102103955582));
#13478=CARTESIAN_POINT('Ctrl Pts',(398.176327790917,-256.864460247916,57.841289913053));
#13479=CARTESIAN_POINT('Ctrl Pts',(398.176327790917,-254.064460247916,57.841289913053));
#13480=CARTESIAN_POINT('Ctrl Pts',(397.837811726713,-256.864460247916,58.3553179345704));
#13481=CARTESIAN_POINT('Ctrl Pts',(397.837811726713,-254.064460247916,58.3553179345704));
#13482=CARTESIAN_POINT('Ctrl Pts',(397.81688671468,-256.864460247916,58.9734906617216));
#13483=CARTESIAN_POINT('Ctrl Pts',(397.816886714681,-254.064460247916,58.9734906617216));
#13484=CARTESIAN_POINT('Ctrl Pts',(397.805368469364,-256.864460247916,59.3137659795121));
#13485=CARTESIAN_POINT('Ctrl Pts',(397.805368469364,-254.064460247916,59.3137659795121));
#13486=CARTESIAN_POINT('',(397.805368469364,-256.064460247915,59.3137659795121));
#13487=CARTESIAN_POINT('Ctrl Pts',(397.805368469364,-256.064460247915,59.3137659795121));
#13488=CARTESIAN_POINT('Ctrl Pts',(397.81688671468,-256.064460247915,58.9734906617216));
#13489=CARTESIAN_POINT('Ctrl Pts',(397.828404959996,-256.064460247915,58.6332153439311));
#13490=CARTESIAN_POINT('Ctrl Pts',(397.93615298093,-256.064460247915,58.324495769246));
#13491=CARTESIAN_POINT('Ctrl Pts',(398.024149066205,-256.064460247915,58.0723694305477));
#13492=CARTESIAN_POINT('Ctrl Pts',(398.176327790917,-256.064460247915,57.841289913053));
#13493=CARTESIAN_POINT('Ctrl Pts',(398.328506515629,-256.064460247915,57.6102103955582));
#13494=CARTESIAN_POINT('',(397.805368469364,-256.864460247916,59.3137659795121));
#13495=CARTESIAN_POINT('Origin',(397.805368469364,-256.864460247916,59.3137659795121));
#13496=CARTESIAN_POINT('',(397.805368469364,-256.064460247915,68.8180028464397));
#13497=CARTESIAN_POINT('',(397.805368469364,-256.864460247916,68.8180028464397));
#13498=CARTESIAN_POINT('',(397.805368469364,-256.064460247915,59.1125912260542));
#13499=CARTESIAN_POINT('Origin',(397.205368469364,-256.864460247916,68.8180028464397));
#13500=CARTESIAN_POINT('',(396.702813834882,-256.064460247915,69.1457814902848));
#13501=CARTESIAN_POINT('Origin',(397.205368469364,-256.064460247915,68.8180028464397));
#13502=CARTESIAN_POINT('',(396.702813834882,-256.864460247916,69.1457814902848));
#13503=CARTESIAN_POINT('Origin',(397.805368469364,-256.864460247916,70.8362331158951));
#13504=CARTESIAN_POINT('',(390.333871410496,-256.064460247915,59.3808331258133));
#13505=CARTESIAN_POINT('',(394.290207648957,-256.064460247915,65.4467411693732));
#13506=CARTESIAN_POINT('',(390.333871410496,-256.864460247915,59.3808331258133));
#13507=CARTESIAN_POINT('Ctrl Pts',(390.333871410496,-256.864460247915,59.3808331258133));
#13508=CARTESIAN_POINT('Ctrl Pts',(390.333871410496,-254.064460247915,59.3808331258133));
#13509=CARTESIAN_POINT('Ctrl Pts',(390.226960520224,-256.864460247915,59.2257351072824));
#13510=CARTESIAN_POINT('Ctrl Pts',(390.226960520224,-254.064460247915,59.2257351072824));
#13511=CARTESIAN_POINT('Ctrl Pts',(390.014697791984,-256.864460247915,58.9178008222503));
#13512=CARTESIAN_POINT('Ctrl Pts',(390.014697791985,-254.064460247915,58.9178008222503));
#13513=CARTESIAN_POINT('Ctrl Pts',(389.797708084604,-256.864460247915,58.6131791306105));
#13514=CARTESIAN_POINT('Ctrl Pts',(389.797708084605,-254.064460247915,58.6131791306105));
#13515=CARTESIAN_POINT('Ctrl Pts',(389.690010116703,-256.864460247915,58.4619869954422));
#13516=CARTESIAN_POINT('Ctrl Pts',(389.690010116703,-254.064460247915,58.4619869954422));
#13517=CARTESIAN_POINT('',(389.690010116703,-256.064460247915,58.4619869954422));
#13518=CARTESIAN_POINT('Ctrl Pts',(389.690010116703,-256.064460247915,58.4619869954422));
#13519=CARTESIAN_POINT('Ctrl Pts',(389.797708084605,-256.064460247915,58.6131791306105));
#13520=CARTESIAN_POINT('Ctrl Pts',(389.905406052506,-256.064460247915,58.7643712657788));
#13521=CARTESIAN_POINT('Ctrl Pts',(390.011939571507,-256.064460247915,58.9163794286087));
#13522=CARTESIAN_POINT('Ctrl Pts',(390.120049629953,-256.064460247915,59.0706370887516));
#13523=CARTESIAN_POINT('Ctrl Pts',(390.226960520224,-256.064460247915,59.2257351072824));
#13524=CARTESIAN_POINT('Ctrl Pts',(390.333871410496,-256.064460247915,59.3808331258133));
#13525=CARTESIAN_POINT('',(389.690010116703,-256.864460247915,58.4619869954422));
#13526=CARTESIAN_POINT('Ctrl Pts',(389.690010116703,-256.864460247915,58.4619869954422));
#13527=CARTESIAN_POINT('Ctrl Pts',(389.690010116703,-254.064460247915,58.4619869954422));
#13528=CARTESIAN_POINT('Ctrl Pts',(389.582005697183,-256.864460247915,58.3183350652348));
#13529=CARTESIAN_POINT('Ctrl Pts',(389.582005697184,-254.064460247915,58.3183350652348));
#13530=CARTESIAN_POINT('Ctrl Pts',(389.370963240818,-256.864460247915,58.0376367720774));
#13531=CARTESIAN_POINT('Ctrl Pts',(389.370963240818,-254.064460247915,58.0376367720774));
#13532=CARTESIAN_POINT('Ctrl Pts',(389.116653110419,-256.864460247915,57.7954994996313));
#13533=CARTESIAN_POINT('Ctrl Pts',(389.116653110419,-254.064460247915,57.7954994996313));
#13534=CARTESIAN_POINT('Ctrl Pts',(388.992490337498,-256.864460247915,57.6772799260452));
#13535=CARTESIAN_POINT('Ctrl Pts',(388.992490337498,-254.064460247915,57.6772799260452));
#13536=CARTESIAN_POINT('',(388.992490337498,-256.064460247914,57.6772799260452));
#13537=CARTESIAN_POINT('Ctrl Pts',(388.992490337498,-256.064460247914,57.6772799260452));
#13538=CARTESIAN_POINT('Ctrl Pts',(389.116653110419,-256.064460247914,57.7954994996313));
#13539=CARTESIAN_POINT('Ctrl Pts',(389.24081588334,-256.064460247914,57.9137190732173));
#13540=CARTESIAN_POINT('Ctrl Pts',(389.354664848454,-256.064460247914,58.0411305196122));
#13541=CARTESIAN_POINT('Ctrl Pts',(389.474001277664,-256.064460247914,58.1746831350275));
#13542=CARTESIAN_POINT('Ctrl Pts',(389.582005697184,-256.064460247914,58.3183350652348));
#13543=CARTESIAN_POINT('Ctrl Pts',(389.690010116703,-256.064460247914,58.4619869954422));
#13544=CARTESIAN_POINT('',(388.992490337498,-256.864460247915,57.6772799260452));
#13545=CARTESIAN_POINT('Ctrl Pts',(388.992490337498,-256.864460247915,57.6772799260452));
#13546=CARTESIAN_POINT('Ctrl Pts',(388.992490337498,-254.064460247915,57.6772799260452));
#13547=CARTESIAN_POINT('Ctrl Pts',(388.866967340437,-256.864460247915,57.573739608525));
#13548=CARTESIAN_POINT('Ctrl Pts',(388.866967340437,-254.064460247915,57.573739608525));
#13549=CARTESIAN_POINT('Ctrl Pts',(388.622135307602,-256.864460247915,57.3717846917965));
#13550=CARTESIAN_POINT('Ctrl Pts',(388.622135307602,-254.064460247915,57.3717846917965));
#13551=CARTESIAN_POINT('Ctrl Pts',(388.330014201896,-256.864460247915,57.2479979423721));
#13552=CARTESIAN_POINT('Ctrl Pts',(388.330014201896,-254.064460247915,57.2479979423721));
#13553=CARTESIAN_POINT('Ctrl Pts',(388.187660740025,-256.864460247915,57.1876754529312));
#13554=CARTESIAN_POINT('Ctrl Pts',(388.187660740025,-254.064460247915,57.1876754529312));
#13555=CARTESIAN_POINT('',(388.187660740025,-256.064460247914,57.1876754529312));
#13556=CARTESIAN_POINT('Ctrl Pts',(388.187660740025,-256.064460247914,57.1876754529312));
#13557=CARTESIAN_POINT('Ctrl Pts',(388.330014201896,-256.064460247914,57.2479979423721));
#13558=CARTESIAN_POINT('Ctrl Pts',(388.472367663768,-256.064460247914,57.308320431813));
#13559=CARTESIAN_POINT('Ctrl Pts',(388.603491352207,-256.064460247914,57.3872055775956));
#13560=CARTESIAN_POINT('Ctrl Pts',(388.741444343376,-256.064460247914,57.4701992910047));
#13561=CARTESIAN_POINT('Ctrl Pts',(388.866967340437,-256.064460247914,57.573739608525));
#13562=CARTESIAN_POINT('Ctrl Pts',(388.992490337498,-256.064460247914,57.6772799260452));
#13563=CARTESIAN_POINT('',(388.187660740025,-256.864460247915,57.1876754529312));
#13564=CARTESIAN_POINT('Ctrl Pts',(388.187660740025,-256.864460247915,57.1876754529312));
#13565=CARTESIAN_POINT('Ctrl Pts',(388.187660740025,-254.064460247915,57.1876754529312));
#13566=CARTESIAN_POINT('Ctrl Pts',(388.03668474954,-256.864460247915,57.1427040769128));
#13567=CARTESIAN_POINT('Ctrl Pts',(388.03668474954,-254.064460247915,57.1427040769128));
#13568=CARTESIAN_POINT('Ctrl Pts',(387.721683793822,-256.864460247915,57.0488744131345));
#13569=CARTESIAN_POINT('Ctrl Pts',(387.721683793822,-254.064460247915,57.0488744131345));
#13570=CARTESIAN_POINT('Ctrl Pts',(387.393011441096,-256.864460247915,57.038709333215));
#13571=CARTESIAN_POINT('Ctrl Pts',(387.393011441096,-254.064460247915,57.038709333215));
#13572=CARTESIAN_POINT('Ctrl Pts',(387.221867607243,-256.864460247915,57.0334162480667));
#13573=CARTESIAN_POINT('Ctrl Pts',(387.221867607243,-254.064460247915,57.0334162480667));
#13574=CARTESIAN_POINT('',(387.221867607243,-256.064460247914,57.0334162480667));
#13575=CARTESIAN_POINT('Ctrl Pts',(387.221867607243,-256.064460247914,57.0334162480667));
#13576=CARTESIAN_POINT('Ctrl Pts',(387.393011441096,-256.064460247914,57.038709333215));
#13577=CARTESIAN_POINT('Ctrl Pts',(387.56415527495,-256.064460247914,57.0440024183632));
#13578=CARTESIAN_POINT('Ctrl Pts',(387.731592224247,-256.064460247914,57.0719804532364));
#13579=CARTESIAN_POINT('Ctrl Pts',(387.885708759056,-256.064460247914,57.0977327008944));
#13580=CARTESIAN_POINT('Ctrl Pts',(388.03668474954,-256.064460247914,57.1427040769128));
#13581=CARTESIAN_POINT('Ctrl Pts',(388.187660740025,-256.064460247914,57.1876754529312));
#13582=CARTESIAN_POINT('',(387.221867607243,-256.864460247915,57.0334162480667));
#13583=CARTESIAN_POINT('Ctrl Pts',(387.221867607243,-256.864460247915,57.0334162480667));
#13584=CARTESIAN_POINT('Ctrl Pts',(387.221867607243,-254.064460247915,57.0334162480667));
#13585=CARTESIAN_POINT('Ctrl Pts',(386.596813997252,-256.864460247915,57.1701050104463));
#13586=CARTESIAN_POINT('Ctrl Pts',(386.596813997253,-254.064460247915,57.1701050104463));
#13587=CARTESIAN_POINT('Ctrl Pts',(385.24600191596,-256.864460247914,57.4655050027798));
#13588=CARTESIAN_POINT('Ctrl Pts',(385.24600191596,-254.064460247914,57.4655050027798));
#13589=CARTESIAN_POINT('Ctrl Pts',(385.135192266084,-256.864460247914,58.8684914930232));
#13590=CARTESIAN_POINT('Ctrl Pts',(385.135192266084,-254.064460247914,58.8684914930232));
#13591=CARTESIAN_POINT('Ctrl Pts',(385.075656936771,-256.864460247914,59.6222820050552));
#13592=CARTESIAN_POINT('Ctrl Pts',(385.075656936772,-254.064460247914,59.6222820050552));
#13593=CARTESIAN_POINT('',(385.075656936772,-256.064460247914,59.6222820050552));
#13594=CARTESIAN_POINT('Ctrl Pts',(385.075656936772,-256.064460247914,59.6222820050552));
#13595=CARTESIAN_POINT('Ctrl Pts',(385.135192266084,-256.064460247914,58.8684914930232));
#13596=CARTESIAN_POINT('Ctrl Pts',(385.194727595397,-256.064460247914,58.1147009809911));
#13597=CARTESIAN_POINT('Ctrl Pts',(385.612208412296,-256.064460247914,57.6806320912674));
#13598=CARTESIAN_POINT('Ctrl Pts',(385.971760387262,-256.064460247914,57.3067937728258));
#13599=CARTESIAN_POINT('Ctrl Pts',(386.596813997252,-256.064460247914,57.1701050104463));
#13600=CARTESIAN_POINT('Ctrl Pts',(387.221867607243,-256.064460247914,57.0334162480667));
#13601=CARTESIAN_POINT('',(385.075656936771,-256.864460247914,59.6222820050552));
#13602=CARTESIAN_POINT('Origin',(385.075656936771,-256.864460247914,59.6222820050552));
#13603=CARTESIAN_POINT('',(385.075656936771,-256.064460247914,75.0884117848709));
#13604=CARTESIAN_POINT('',(385.075656936772,-256.064460247914,59.2668492388258));
#13605=CARTESIAN_POINT('',(385.075656936771,-256.864460247914,75.0884117848709));
#13606=CARTESIAN_POINT('Ctrl Pts',(385.075656936771,-256.864460247914,75.0884117848709));
#13607=CARTESIAN_POINT('Ctrl Pts',(385.075656936772,-254.064460247914,75.0884117848709));
#13608=CARTESIAN_POINT('Ctrl Pts',(385.085400992941,-256.864460247914,75.4308309863745));
#13609=CARTESIAN_POINT('Ctrl Pts',(385.085400992941,-254.064460247914,75.4308309863745));
#13610=CARTESIAN_POINT('Ctrl Pts',(385.102937385178,-256.864460247914,76.0470833275681));
#13611=CARTESIAN_POINT('Ctrl Pts',(385.102937385178,-254.064460247914,76.0470833275681));
#13612=CARTESIAN_POINT('Ctrl Pts',(385.427671691507,-256.864460247914,76.5674485878518));
#13613=CARTESIAN_POINT('Ctrl Pts',(385.427671691507,-254.064460247914,76.5674485878518));
#13614=CARTESIAN_POINT('Ctrl Pts',(385.571968124515,-256.864460247914,76.7986740834549));
#13615=CARTESIAN_POINT('Ctrl Pts',(385.571968124516,-254.064460247914,76.7986740834549));
#13616=CARTESIAN_POINT('',(385.571968124516,-256.064460247914,76.7986740834549));
#13617=CARTESIAN_POINT('Ctrl Pts',(385.571968124516,-256.064460247914,76.7986740834549));
#13618=CARTESIAN_POINT('Ctrl Pts',(385.427671691507,-256.064460247914,76.5674485878518));
#13619=CARTESIAN_POINT('Ctrl Pts',(385.283375258499,-256.064460247914,76.3362230922487));
#13620=CARTESIAN_POINT('Ctrl Pts',(385.199734733707,-256.064460247914,76.0860647923782));
#13621=CARTESIAN_POINT('Ctrl Pts',(385.09514504911,-256.064460247914,75.7732501878782));
#13622=CARTESIAN_POINT('Ctrl Pts',(385.085400992941,-256.064460247914,75.4308309863745));
#13623=CARTESIAN_POINT('Ctrl Pts',(385.075656936771,-256.064460247914,75.0884117848709));
#13624=CARTESIAN_POINT('',(385.571968124515,-256.864460247914,76.7986740834549));
#13625=CARTESIAN_POINT('Ctrl Pts',(385.571968124515,-256.864460247914,76.7986740834549));
#13626=CARTESIAN_POINT('Ctrl Pts',(385.571968124516,-254.064460247914,76.7986740834549));
#13627=CARTESIAN_POINT('Ctrl Pts',(385.757385399043,-256.864460247915,76.9648886298143));
#13628=CARTESIAN_POINT('Ctrl Pts',(385.757385399043,-254.064460247915,76.9648886298143));
#13629=CARTESIAN_POINT('Ctrl Pts',(386.142255051363,-256.864460247915,77.3098992812269));
#13630=CARTESIAN_POINT('Ctrl Pts',(386.142255051363,-254.064460247915,77.3098992812269));
#13631=CARTESIAN_POINT('Ctrl Pts',(386.658980520936,-256.864460247915,77.348669491464));
#13632=CARTESIAN_POINT('Ctrl Pts',(386.658980520936,-254.064460247915,77.348669491464));
#13633=CARTESIAN_POINT('Ctrl Pts',(386.92676501096,-256.864460247915,77.3687615163162));
#13634=CARTESIAN_POINT('Ctrl Pts',(386.92676501096,-254.064460247915,77.3687615163162));
#13635=CARTESIAN_POINT('',(386.92676501096,-256.064460247914,77.3687615163162));
#13636=CARTESIAN_POINT('Ctrl Pts',(386.92676501096,-256.064460247914,77.3687615163162));
#13637=CARTESIAN_POINT('Ctrl Pts',(386.658980520936,-256.064460247914,77.348669491464));
#13638=CARTESIAN_POINT('Ctrl Pts',(386.391196030912,-256.064460247914,77.3285774666117));
#13639=CARTESIAN_POINT('Ctrl Pts',(386.158823536045,-256.064460247914,77.2262396581009));
#13640=CARTESIAN_POINT('Ctrl Pts',(385.942802673571,-256.064460247914,77.1311031761737));
#13641=CARTESIAN_POINT('Ctrl Pts',(385.757385399043,-256.064460247914,76.9648886298143));
#13642=CARTESIAN_POINT('Ctrl Pts',(385.571968124516,-256.064460247914,76.7986740834549));
#13643=CARTESIAN_POINT('',(386.92676501096,-256.864460247915,77.3687615163162));
#13644=CARTESIAN_POINT('Ctrl Pts',(386.92676501096,-256.864460247915,77.3687615163162));
#13645=CARTESIAN_POINT('Ctrl Pts',(386.92676501096,-254.064460247915,77.3687615163162));
#13646=CARTESIAN_POINT('Ctrl Pts',(387.187187588409,-256.864460247915,77.3478995518878));
#13647=CARTESIAN_POINT('Ctrl Pts',(387.187187588409,-254.064460247915,77.3478995518878));
#13648=CARTESIAN_POINT('Ctrl Pts',(387.693293122155,-256.864460247915,77.3073563864472));
#13649=CARTESIAN_POINT('Ctrl Pts',(387.693293122156,-254.064460247915,77.3073563864472));
#13650=CARTESIAN_POINT('Ctrl Pts',(388.066738773379,-256.864460247915,76.9649104300739));
#13651=CARTESIAN_POINT('Ctrl Pts',(388.066738773379,-254.064460247915,76.9649104300739));
#13652=CARTESIAN_POINT('Ctrl Pts',(388.248023555881,-256.864460247915,76.7986740834549));
#13653=CARTESIAN_POINT('Ctrl Pts',(388.248023555882,-254.064460247915,76.7986740834549));
#13654=CARTESIAN_POINT('',(388.248023555882,-256.064460247914,76.7986740834549));
#13655=CARTESIAN_POINT('Ctrl Pts',(388.248023555882,-256.064460247914,76.7986740834549));
#13656=CARTESIAN_POINT('Ctrl Pts',(388.066738773379,-256.064460247914,76.9649104300739));
#13657=CARTESIAN_POINT('Ctrl Pts',(387.885453990876,-256.064460247914,77.1311467766929));
#13658=CARTESIAN_POINT('Ctrl Pts',(387.672907875187,-256.064460247914,77.2262396581009));
#13659=CARTESIAN_POINT('Ctrl Pts',(387.447610165859,-256.064460247914,77.3270375874595));
#13660=CARTESIAN_POINT('Ctrl Pts',(387.187187588409,-256.064460247914,77.3478995518878));
#13661=CARTESIAN_POINT('Ctrl Pts',(386.92676501096,-256.064460247914,77.3687615163162));
#13662=CARTESIAN_POINT('',(388.248023555881,-256.864460247915,76.7986740834549));
#13663=CARTESIAN_POINT('Ctrl Pts',(388.248023555881,-256.864460247915,76.7986740834549));
#13664=CARTESIAN_POINT('Ctrl Pts',(388.248023555882,-254.064460247915,76.7986740834549));
#13665=CARTESIAN_POINT('Ctrl Pts',(388.390360462297,-256.864460247915,76.5672812877996));
#13666=CARTESIAN_POINT('Ctrl Pts',(388.390360462297,-254.064460247915,76.5672812877996));
#13667=CARTESIAN_POINT('Ctrl Pts',(388.711162568579,-256.864460247915,76.0457630245866));
#13668=CARTESIAN_POINT('Ctrl Pts',(388.711162568579,-254.064460247915,76.0457630245866));
#13669=CARTESIAN_POINT('Ctrl Pts',(388.728169370732,-256.864460247915,75.4306210147454));
#13670=CARTESIAN_POINT('Ctrl Pts',(388.728169370732,-254.064460247915,75.4306210147454));
#13671=CARTESIAN_POINT('Ctrl Pts',(388.737630413181,-256.864460247915,75.0884117848709));
#13672=CARTESIAN_POINT('Ctrl Pts',(388.737630413181,-254.064460247915,75.0884117848709));
#13673=CARTESIAN_POINT('',(388.737630413181,-256.064460247914,75.0884117848709));
#13674=CARTESIAN_POINT('Ctrl Pts',(388.737630413181,-256.064460247914,75.0884117848709));
#13675=CARTESIAN_POINT('Ctrl Pts',(388.728169370732,-256.064460247914,75.4306210147454));
#13676=CARTESIAN_POINT('Ctrl Pts',(388.718708328283,-256.064460247914,75.7728302446198));
#13677=CARTESIAN_POINT('Ctrl Pts',(388.615228698856,-256.064460247914,76.0860647923783));
#13678=CARTESIAN_POINT('Ctrl Pts',(388.532697368712,-256.064460247914,76.3358884921443));
#13679=CARTESIAN_POINT('Ctrl Pts',(388.390360462297,-256.064460247914,76.5672812877996));
#13680=CARTESIAN_POINT('Ctrl Pts',(388.248023555882,-256.064460247914,76.7986740834549));
#13681=CARTESIAN_POINT('',(388.737630413181,-256.864460247915,75.0884117848709));
#13682=CARTESIAN_POINT('Origin',(388.737630413181,-256.864460247915,75.0884117848709));
#13683=CARTESIAN_POINT('',(388.737630413181,-256.064460247914,65.3876779588094));
#13684=CARTESIAN_POINT('',(388.737630413181,-256.864460247915,65.3876779588094));
#13685=CARTESIAN_POINT('',(388.737630413181,-256.064460247914,66.9999141287336));
#13686=CARTESIAN_POINT('Origin',(389.337630413181,-256.864460247915,65.3876779588094));
#13687=CARTESIAN_POINT('Origin',(389.337630413181,-256.064460247915,65.3876779588094));
#13688=CARTESIAN_POINT('Origin',(278.838521725115,-248.664460247904,37.0914820916178));
#13689=CARTESIAN_POINT('',(278.838521725115,-249.664460247904,30.0914820916178));
#13690=CARTESIAN_POINT('Origin',(278.838521725115,-249.664460247904,37.0914820916178));
#13691=CARTESIAN_POINT('',(278.838521725115,-248.664460247904,30.0914820916178));
#13692=CARTESIAN_POINT('Origin',(278.838521725115,-248.664460247904,92.2746458595449));
#13693=CARTESIAN_POINT('',(278.838521725115,-249.664460247904,85.2746458595449));
#13694=CARTESIAN_POINT('Origin',(278.838521725115,-249.664460247904,92.2746458595449));
#13695=CARTESIAN_POINT('',(278.838521725115,-248.664460247904,85.2746458595449));
#13696=CARTESIAN_POINT('Origin',(507.771184363993,-248.664460247928,32.774645859546));
#13697=CARTESIAN_POINT('',(507.771184363993,-249.664460247927,25.774645859546));
#13698=CARTESIAN_POINT('Origin',(507.771184363993,-249.664460247927,32.774645859546));
#13699=CARTESIAN_POINT('',(507.771184363993,-248.664460247928,25.774645859546));
#13700=CARTESIAN_POINT('Origin',(507.771184364005,-248.664460247928,92.274645859546));
#13701=CARTESIAN_POINT('',(507.771184364005,-249.664460247927,85.274645859546));
#13702=CARTESIAN_POINT('Origin',(507.771184364005,-249.664460247927,92.274645859546));
#13703=CARTESIAN_POINT('',(507.771184364005,-248.664460247928,85.274645859546));
#13704=CARTESIAN_POINT('Origin',(392.531853044557,-256.064460247915,58.9114164725963));
#13705=CARTESIAN_POINT('',(408.305032865412,-256.064460247916,59.5745321307737));
#13706=CARTESIAN_POINT('',(407.555032865412,-256.064460247916,58.275494025097));
#13707=CARTESIAN_POINT('Origin',(406.805032865412,-256.064460247916,59.5745321307737));
#13708=CARTESIAN_POINT('',(394.055032865412,-256.064460247915,50.481265391037));
#13709=CARTESIAN_POINT('',(394.934021681184,-256.064460247915,50.9887498204378));
#13710=CARTESIAN_POINT('',(392.555032865412,-256.064460247915,50.481265391037));
#13711=CARTESIAN_POINT('Origin',(393.305032865412,-256.064460247915,51.7803034967137));
#13712=CARTESIAN_POINT('',(379.055032865412,-256.064460247913,58.2754940250969));
#13713=CARTESIAN_POINT('',(383.596159183999,-256.064460247914,55.6536735226368));
#13714=CARTESIAN_POINT('',(378.305032865412,-256.064460247913,59.5745321307735));
#13715=CARTESIAN_POINT('Origin',(379.805032865412,-256.064460247914,59.5745321307735));
#13716=CARTESIAN_POINT('',(378.305032865412,-256.064460247913,75.1629893988934));
#13717=CARTESIAN_POINT('',(378.305032865412,-256.064460247913,67.470215637637));
#13718=CARTESIAN_POINT('',(379.055032865412,-256.064460247913,76.4620275045701));
#13719=CARTESIAN_POINT('Origin',(379.805032865412,-256.064460247914,75.1629893988934));
#13720=CARTESIAN_POINT('',(392.555032865412,-256.064460247915,84.2562561386301));
#13721=CARTESIAN_POINT('',(387.434021681184,-256.064460247914,81.2996389528931));
#13722=CARTESIAN_POINT('',(394.055032865412,-256.064460247915,84.2562561386301));
#13723=CARTESIAN_POINT('Origin',(393.305032865412,-256.064460247915,82.9572180329534));
#13724=CARTESIAN_POINT('',(408.305032865412,-256.064460247916,76.029014802678));
#13725=CARTESIAN_POINT('',(406.096159183998,-256.064460247916,77.3043086172479));
#13726=CARTESIAN_POINT('',(408.305032865412,-256.064460247916,58.8099615997928));
#13727=CARTESIAN_POINT('Origin',(278.838521725115,-249.364460247904,37.0914820916178));
#13728=CARTESIAN_POINT('',(278.838521725115,-249.064460247904,29.4914820916178));
#13729=CARTESIAN_POINT('',(278.838521725115,-249.364460247904,29.7914820916178));
#13730=CARTESIAN_POINT('Origin',(278.838521725115,-249.064460247904,37.0914820916178));
#13731=CARTESIAN_POINT('Origin',(278.838521725115,-249.364460247904,92.2746458595449));
#13732=CARTESIAN_POINT('',(278.838521725115,-249.064460247904,84.6746458595449));
#13733=CARTESIAN_POINT('',(278.838521725115,-249.364460247904,84.9746458595449));
#13734=CARTESIAN_POINT('Origin',(278.838521725115,-249.064460247904,92.2746458595449));
#13735=CARTESIAN_POINT('Origin',(507.771184363993,-249.364460247927,32.774645859546));
#13736=CARTESIAN_POINT('',(507.771184363993,-249.064460247927,25.174645859546));
#13737=CARTESIAN_POINT('',(507.771184363993,-249.364460247927,25.474645859546));
#13738=CARTESIAN_POINT('Origin',(507.771184363993,-249.064460247927,32.774645859546));
#13739=CARTESIAN_POINT('Origin',(507.771184364005,-249.364460247927,92.274645859546));
#13740=CARTESIAN_POINT('',(507.771184364005,-249.064460247927,84.674645859546));
#13741=CARTESIAN_POINT('',(507.771184364005,-249.364460247927,84.974645859546));
#13742=CARTESIAN_POINT('Origin',(507.771184364005,-249.064460247927,92.274645859546));
#13743=CARTESIAN_POINT('Origin',(379.805032865412,-256.864460247914,75.1629893988934));
#13744=CARTESIAN_POINT('',(378.305032865412,-255.264460247914,75.1629893988934));
#13745=CARTESIAN_POINT('',(378.305032865412,-256.864460247914,75.1629893988934));
#13746=CARTESIAN_POINT('',(379.055032865412,-255.264460247914,76.4620275045701));
#13747=CARTESIAN_POINT('Origin',(379.805032865412,-255.264460247914,75.1629893988934));
#13748=CARTESIAN_POINT('',(379.055032865412,-256.864460247914,76.4620275045701));
#13749=CARTESIAN_POINT('Origin',(393.305032865412,-256.864460247915,84.6892688405224));
#13750=CARTESIAN_POINT('',(392.555032865412,-255.264460247915,84.2562561386301));
#13751=CARTESIAN_POINT('',(387.723896681184,-255.264460247915,81.4669983621742));
#13752=CARTESIAN_POINT('',(392.555032865412,-256.864460247915,84.2562561386301));
#13753=CARTESIAN_POINT('Origin',(393.305032865412,-256.864460247915,82.9572180329534));
#13754=CARTESIAN_POINT('',(394.055032865412,-255.264460247915,84.2562561386301));
#13755=CARTESIAN_POINT('Origin',(393.305032865412,-255.264460247915,82.9572180329534));
#13756=CARTESIAN_POINT('',(394.055032865412,-256.864460247916,84.2562561386301));
#13757=CARTESIAN_POINT('Origin',(408.305032865412,-256.864460247917,76.029014802678));
#13758=CARTESIAN_POINT('',(408.305032865412,-255.264460247916,76.029014802678));
#13759=CARTESIAN_POINT('',(406.386034183998,-255.264460247916,77.1369492079667));
#13760=CARTESIAN_POINT('',(408.305032865412,-256.864460247917,76.029014802678));
#13761=CARTESIAN_POINT('Origin',(408.305032865412,-256.864460247917,58.7085067269893));
#13762=CARTESIAN_POINT('',(408.305032865412,-255.264460247916,59.5745321307737));
#13763=CARTESIAN_POINT('',(408.305032865412,-256.864460247917,59.5745321307737));
#13764=CARTESIAN_POINT('',(408.305032865412,-255.264460247916,58.8099615997927));
#13765=CARTESIAN_POINT('Origin',(406.805032865412,-256.864460247917,59.5745321307737));
#13766=CARTESIAN_POINT('',(407.555032865412,-255.264460247916,58.275494025097));
#13767=CARTESIAN_POINT('Origin',(406.805032865412,-255.264460247916,59.5745321307737));
#13768=CARTESIAN_POINT('',(407.555032865412,-256.864460247917,58.275494025097));
#13769=CARTESIAN_POINT('Origin',(393.305032865412,-256.864460247915,50.0482526891448));
#13770=CARTESIAN_POINT('',(394.055032865412,-255.264460247915,50.481265391037));
#13771=CARTESIAN_POINT('',(395.223896681184,-255.264460247915,51.1561092297189));
#13772=CARTESIAN_POINT('',(394.055032865412,-256.864460247915,50.481265391037));
#13773=CARTESIAN_POINT('Origin',(393.305032865412,-256.864460247915,51.7803034967137));
#13774=CARTESIAN_POINT('',(392.555032865412,-255.264460247915,50.481265391037));
#13775=CARTESIAN_POINT('Origin',(393.305032865412,-255.264460247915,51.7803034967137));
#13776=CARTESIAN_POINT('',(392.555032865412,-256.864460247915,50.481265391037));
#13777=CARTESIAN_POINT('Origin',(378.305032865412,-256.864460247914,58.7085067269891));
#13778=CARTESIAN_POINT('',(379.055032865412,-255.264460247914,58.2754940250969));
#13779=CARTESIAN_POINT('',(383.886034183998,-255.264460247914,55.4863141133556));
#13780=CARTESIAN_POINT('',(379.055032865412,-256.864460247914,58.2754940250969));
#13781=CARTESIAN_POINT('Origin',(379.805032865412,-256.864460247914,59.5745321307735));
#13782=CARTESIAN_POINT('',(378.305032865412,-255.264460247914,59.5745321307735));
#13783=CARTESIAN_POINT('Origin',(379.805032865412,-255.264460247914,59.5745321307735));
#13784=CARTESIAN_POINT('',(378.305032865412,-256.864460247914,59.5745321307735));
#13785=CARTESIAN_POINT('Origin',(378.305032865412,-256.864460247914,76.0290148026779));
#13786=CARTESIAN_POINT('',(378.305032865412,-255.264460247914,67.4702156376369));
#13787=CARTESIAN_POINT('Origin',(392.531853044557,-249.064460247915,58.9114164725963));
#13788=CARTESIAN_POINT('',(278.838521725116,-249.064460247904,27.0914820916178));
#13789=CARTESIAN_POINT('Origin',(278.838521725116,-249.064460247904,37.0914820916178));
#13790=CARTESIAN_POINT('Origin',(392.531853044557,-249.064460247915,58.9114164725963));
#13791=CARTESIAN_POINT('',(278.838521725116,-249.064460247904,82.2746458595449));
#13792=CARTESIAN_POINT('Origin',(278.838521725116,-249.064460247904,92.2746458595449));
#13793=CARTESIAN_POINT('Origin',(392.531853044557,-249.064460247915,58.9114164725963));
#13794=CARTESIAN_POINT('',(507.771184363994,-249.064460247927,22.774645859546));
#13795=CARTESIAN_POINT('Origin',(507.771184363994,-249.064460247927,32.774645859546));
#13796=CARTESIAN_POINT('Origin',(392.531853044557,-249.064460247915,58.9114164725963));
#13797=CARTESIAN_POINT('',(507.771184364006,-249.064460247927,82.274645859546));
#13798=CARTESIAN_POINT('Origin',(507.771184364006,-249.064460247927,92.274645859546));
#13799=CARTESIAN_POINT('Origin',(393.304853044556,-255.264460247915,58.9114164725961));
#13800=CARTESIAN_POINT('',(412.305032865412,-255.264460247917,76.6063650718677));
#13801=CARTESIAN_POINT('',(410.805032865412,-255.264460247917,79.204441283221));
#13802=CARTESIAN_POINT('Origin',(409.305032865412,-255.264460247916,76.6063650718677));
#13803=CARTESIAN_POINT('',(412.305032865412,-255.264460247917,58.1311564577996));
#13804=CARTESIAN_POINT('',(412.305032865412,-255.264460247917,68.6249161760164));
#13805=CARTESIAN_POINT('',(410.805032865412,-255.264460247917,55.5330802464463));
#13806=CARTESIAN_POINT('Origin',(409.305032865412,-255.264460247916,58.1311564577996));
#13807=CARTESIAN_POINT('',(394.805032865412,-255.264460247915,46.2954759394122));
#13808=CARTESIAN_POINT('',(405.723896681184,-255.264460247916,52.599484902693));
#13809=CARTESIAN_POINT('',(391.805032865412,-255.264460247915,46.2954759394122));
#13810=CARTESIAN_POINT('Origin',(393.305032865412,-255.264460247915,48.8935521507655));
#13811=CARTESIAN_POINT('',(375.805032865412,-255.264460247913,55.5330802464461));
#13812=CARTESIAN_POINT('',(390.386034183998,-255.264460247915,47.1147352101061));
#13813=CARTESIAN_POINT('',(374.305032865412,-255.264460247913,58.1311564577994));
#13814=CARTESIAN_POINT('Origin',(377.305032865412,-255.264460247914,58.1311564577994));
#13815=CARTESIAN_POINT('',(374.305032865412,-255.264460247913,76.6063650718675));
#13816=CARTESIAN_POINT('',(374.305032865412,-255.264460247913,57.6552610614133));
#13817=CARTESIAN_POINT('',(375.805032865412,-255.264460247913,79.2044412832208));
#13818=CARTESIAN_POINT('Origin',(377.305032865412,-255.264460247914,76.6063650718675));
#13819=CARTESIAN_POINT('',(391.805032865412,-255.264460247915,88.4420455902549));
#13820=CARTESIAN_POINT('',(377.223896681184,-255.264460247914,80.0236226892001));
#13821=CARTESIAN_POINT('',(394.805032865412,-255.264460247915,88.4420455902549));
#13822=CARTESIAN_POINT('Origin',(393.305032865412,-255.264460247915,85.8439693789016));
#13823=CARTESIAN_POINT('',(399.886034183998,-255.264460247916,85.5085281112163));
#13824=CARTESIAN_POINT('Origin',(278.838521725116,-249.364460247905,37.0914820916178));
#13825=CARTESIAN_POINT('',(268.282728158606,-249.664460247905,36.124413230973));
#13826=CARTESIAN_POINT('',(268.282728158606,-249.664460247905,38.0585509522658));
#13827=CARTESIAN_POINT('Origin',(303.553793103197,-274.361525802797,37.091482091613));
#13828=CARTESIAN_POINT('',(278.838521725116,-249.664460247906,26.4914820916177));
#13829=CARTESIAN_POINT('Origin',(278.838521725116,-249.664460247906,37.0914820916178));
#13830=CARTESIAN_POINT('',(278.838521725116,-249.364460247905,26.7914820916178));
#13831=CARTESIAN_POINT('Origin',(278.838521725116,-249.664460247906,37.0914820916178));
#13832=CARTESIAN_POINT('Origin',(278.838521725116,-246.664460247903,37.0914820916178));
#13833=CARTESIAN_POINT('',(274.566579388266,-254.064460247903,27.3904250012469));
#13834=CARTESIAN_POINT('',(274.566579388269,-254.064460247903,46.7925391819898));
#13835=CARTESIAN_POINT('Origin',(278.838521725115,-254.064460247903,37.0914820916178));
#13836=CARTESIAN_POINT('Origin',(278.838521725115,-257.055706474961,37.0914820916178));
#13837=CARTESIAN_POINT('Origin',(278.838521725115,-257.055706474961,37.0914820916178));
#13838=CARTESIAN_POINT('Origin',(278.838521725116,-249.364460247905,92.2746458595449));
#13839=CARTESIAN_POINT('',(268.282728158617,-249.664460247905,93.241714720308));
#13840=CARTESIAN_POINT('',(268.282728158617,-249.664460247905,91.3075769987851));
#13841=CARTESIAN_POINT('Origin',(303.553793103186,-274.361525802781,92.2746458595402));
#13842=CARTESIAN_POINT('',(278.838521725116,-249.664460247906,81.6746458595449));
#13843=CARTESIAN_POINT('Origin',(278.838521725116,-249.664460247906,92.2746458595449));
#13844=CARTESIAN_POINT('',(278.838521725116,-249.364460247905,81.9746458595449));
#13845=CARTESIAN_POINT('Origin',(278.838521725116,-249.664460247906,92.2746458595449));
#13846=CARTESIAN_POINT('Origin',(278.838521725116,-246.664460247903,92.2746458595449));
#13847=CARTESIAN_POINT('',(274.566579388276,-254.064460247903,82.5735887691694));
#13848=CARTESIAN_POINT('',(287.622790222771,-254.064460247904,98.2073203796156));
#13849=CARTESIAN_POINT('Origin',(278.838521725116,-254.064460247903,92.2746458595449));
#13850=CARTESIAN_POINT('Origin',(278.838521725115,-257.055706474954,92.2746458595449));
#13851=CARTESIAN_POINT('',(270.710624604588,-251.364491641366,99.0788569378493));
#13852=CARTESIAN_POINT('Origin',(278.838521725115,-257.055706474954,92.2746458595449));
#13853=CARTESIAN_POINT('',(276.580320980713,-250.966748106518,102.631311799797));
#13854=CARTESIAN_POINT('Origin',(278.838521725115,-258.164269440879,92.2746458595449));
#13855=CARTESIAN_POINT('Origin',(278.838521725115,-258.218563668603,92.2746458595449));
#13856=CARTESIAN_POINT('Origin',(507.771184363994,-249.364460247926,32.774645859546));
#13857=CARTESIAN_POINT('',(518.326977930504,-249.664460247927,33.7417147201909));
#13858=CARTESIAN_POINT('',(518.326977930503,-249.664460247927,31.807576998898));
#13859=CARTESIAN_POINT('Origin',(483.055912985398,-274.361525803168,32.7746458595515));
#13860=CARTESIAN_POINT('',(507.771184363994,-249.664460247925,22.174645859546));
#13861=CARTESIAN_POINT('Origin',(507.771184363994,-249.664460247925,32.774645859546));
#13862=CARTESIAN_POINT('',(507.771184363994,-249.364460247926,22.474645859546));
#13863=CARTESIAN_POINT('Origin',(507.771184363994,-249.664460247925,32.774645859546));
#13864=CARTESIAN_POINT('Origin',(507.771184363994,-246.664460247927,32.774645859546));
#13865=CARTESIAN_POINT('',(512.043126700844,-254.064460247923,42.4757029499168));
#13866=CARTESIAN_POINT('',(512.043126700839,-254.064460247923,23.073588769174));
#13867=CARTESIAN_POINT('Origin',(507.771184363993,-254.064460247923,32.774645859546));
#13868=CARTESIAN_POINT('Origin',(507.771184363993,-257.055706474981,32.774645859546));
#13869=CARTESIAN_POINT('Origin',(507.771184363993,-257.055706474981,32.774645859546));
#13870=CARTESIAN_POINT('Origin',(507.771184364006,-249.364460247926,92.274645859546));
#13871=CARTESIAN_POINT('',(518.326977930516,-249.664460247927,91.307576998907));
#13872=CARTESIAN_POINT('',(518.326977930517,-249.664460247927,93.2417147201825));
#13873=CARTESIAN_POINT('Origin',(483.05591298541,-274.361525803169,92.2746458595515));
#13874=CARTESIAN_POINT('',(507.771184364006,-249.664460247925,81.674645859546));
#13875=CARTESIAN_POINT('Origin',(507.771184364006,-249.664460247925,92.274645859546));
#13876=CARTESIAN_POINT('',(507.771184364006,-249.364460247926,81.974645859546));
#13877=CARTESIAN_POINT('Origin',(507.771184364006,-249.664460247925,92.274645859546));
#13878=CARTESIAN_POINT('Origin',(507.771184364006,-246.664460247927,92.274645859546));
#13879=CARTESIAN_POINT('',(498.986915866323,-254.064460247922,98.2073203795771));
#13880=CARTESIAN_POINT('',(512.043126700852,-254.064460247923,82.5735887691743));
#13881=CARTESIAN_POINT('Origin',(507.771184364006,-254.064460247923,92.274645859546));
#13882=CARTESIAN_POINT('',(510.02938510843,-250.966748106511,102.631311799793));
#13883=CARTESIAN_POINT('Origin',(507.771184364005,-258.218563668592,92.274645859546));
#13884=CARTESIAN_POINT('',(515.899081484565,-251.364491641375,99.0788569378127));
#13885=CARTESIAN_POINT('Origin',(507.771184364005,-258.164269440874,92.274645859546));
#13886=CARTESIAN_POINT('Origin',(507.771184364005,-257.055706474982,92.274645859546));
#13887=CARTESIAN_POINT('Origin',(507.771184364005,-257.055706474982,92.274645859546));
#13888=CARTESIAN_POINT('Origin',(507.771184363993,-255.064460247925,32.774645859546));
#13889=CARTESIAN_POINT('Origin',(489.1003633085,-270.129156122599,32.7746458595502));
#13890=CARTESIAN_POINT('',(510.918054266919,-254.852244447186,21.8302939471198));
#13891=CARTESIAN_POINT('Origin',(489.1003633085,-270.129156122599,32.7746458595502));
#13892=CARTESIAN_POINT('',(508.632451281488,-255.131514751559,21.1394243280229));
#13893=CARTESIAN_POINT('Origin',(496.01070782369,-281.19339112823,56.4306437906146));
#13894=CARTESIAN_POINT('Origin',(507.771184363996,-282.337834361123,59.9940754492114));
#13895=CARTESIAN_POINT('Origin',(507.771184364006,-255.064460247925,92.274645859546));
#13896=CARTESIAN_POINT('Origin',(489.100363308512,-270.1291561226,92.2746458595502));
#13897=CARTESIAN_POINT('Origin',(507.771184364,-272.410568209123,72.0063628633122));
#13898=CARTESIAN_POINT('Origin',(278.838521725115,-255.064460247903,92.2746458595449));
#13899=CARTESIAN_POINT('Origin',(297.509342780702,-270.129156122643,92.2746458595413));
#13900=CARTESIAN_POINT('Origin',(278.838521725109,-272.410568209247,72.0063628631488));
#13901=CARTESIAN_POINT('Origin',(278.838521725115,-255.064460247903,37.0914820916178));
#13902=CARTESIAN_POINT('Origin',(297.509342780713,-270.129156122658,37.0914820916142));
#13903=CARTESIAN_POINT('Origin',(297.509342780713,-270.129156122658,37.0914820916142));
#13904=CARTESIAN_POINT('Origin',(377.305032865412,-256.864460247914,58.1311564577994));
#13905=CARTESIAN_POINT('',(375.805032865412,-256.864460247914,55.5330802464461));
#13906=CARTESIAN_POINT('',(374.305032865412,-256.864460247913,58.1311564577994));
#13907=CARTESIAN_POINT('Origin',(374.305032865412,-256.864460247913,56.3991056502306));
#13908=CARTESIAN_POINT('',(374.305032865412,-256.864460247913,76.6063650718675));
#13909=CARTESIAN_POINT('Origin',(377.305032865412,-256.864460247914,76.6063650718675));
#13910=CARTESIAN_POINT('',(375.805032865412,-256.864460247913,79.2044412832208));
#13911=CARTESIAN_POINT('Origin',(374.305032865412,-256.864460247913,78.3384158794364));
#13912=CARTESIAN_POINT('',(391.805032865412,-256.864460247915,88.4420455902549));
#13913=CARTESIAN_POINT('Origin',(393.305032865412,-256.864460247915,85.8439693789016));
#13914=CARTESIAN_POINT('',(394.805032865412,-256.864460247915,88.4420455902549));
#13915=CARTESIAN_POINT('Origin',(393.305032865412,-256.864460247915,89.3080709940394));
#13916=CARTESIAN_POINT('',(410.805032865412,-256.864460247917,79.204441283221));
#13917=CARTESIAN_POINT('Origin',(409.305032865412,-256.864460247917,76.6063650718677));
#13918=CARTESIAN_POINT('',(412.305032865412,-256.864460247917,76.6063650718677));
#13919=CARTESIAN_POINT('Origin',(412.305032865412,-256.864460247917,78.3384158794366));
#13920=CARTESIAN_POINT('',(412.305032865412,-256.864460247917,58.1311564577996));
#13921=CARTESIAN_POINT('Origin',(409.305032865412,-256.864460247917,58.1311564577996));
#13922=CARTESIAN_POINT('',(410.805032865412,-256.864460247917,55.5330802464463));
#13923=CARTESIAN_POINT('Origin',(412.305032865412,-256.864460247917,56.3991056502308));
#13924=CARTESIAN_POINT('',(394.805032865412,-256.864460247916,46.2954759394122));
#13925=CARTESIAN_POINT('Origin',(393.305032865412,-256.864460247915,48.8935521507655));
#13926=CARTESIAN_POINT('',(391.805032865412,-256.864460247915,46.2954759394122));
#13927=CARTESIAN_POINT('Origin',(393.305032865412,-256.864460247915,45.4294505356278));
#13928=CARTESIAN_POINT('Origin',(309.032576938896,-249.713201502137,-2.94125724414691));
#13929=CARTESIAN_POINT('',(275.808093554476,-248.664460247904,11.9035100187889));
#13930=CARTESIAN_POINT('',(276.536999385718,-250.837590711743,15.0070652695395));
#13931=CARTESIAN_POINT('',(266.85457684143,-248.664460247903,16.3547119323126));
#13932=CARTESIAN_POINT('',(329.513770431781,-248.66446024791,-14.7960337856023));
#13933=CARTESIAN_POINT('',(286.332882106823,-262.303314108295,28.423757201634));
#13934=CARTESIAN_POINT('Origin',(268.352337883687,-249.713201502133,80.6279025350185));
#13935=CARTESIAN_POINT('',(266.854576841446,-248.664460247903,101.468121012931));
#13936=CARTESIAN_POINT('',(266.85457684144,-248.664460247903,69.7696595038197));
#13937=CARTESIAN_POINT('',(280.079699667576,-257.924788626525,93.2736398244351));
#13938=CARTESIAN_POINT('Origin',(314.050369874119,-249.713201502137,123.258664135078));
#13939=CARTESIAN_POINT('',(275.808093554497,-248.664460247904,105.919322926452));
#13940=CARTESIAN_POINT('',(332.02266689941,-248.66446024791,133.866153703673));
#13941=CARTESIAN_POINT('',(278.539761131008,-256.808550218852,94.2883537572855));
#13942=CARTESIAN_POINT('Origin',(451.832804992116,-249.713201502151,104.421561884171));
#13943=CARTESIAN_POINT('',(510.801612534636,-248.664460247928,105.919322926404));
#13944=CARTESIAN_POINT('',(422.182329018342,-248.664460247919,105.919322926422));
#13945=CARTESIAN_POINT('',(510.071264409204,-250.841890714115,102.809626635871));
#13946=CARTESIAN_POINT('Origin',(476.957317864894,-249.713201502154,121.072226675558));
#13947=CARTESIAN_POINT('',(519.755129247686,-248.664460247929,101.468121012878));
#13948=CARTESIAN_POINT('',(456.166218729346,-248.664460247922,133.081071460123));
#13949=CARTESIAN_POINT('',(500.162406526861,-262.383430073111,89.3281810003877));
#13950=CARTESIAN_POINT('Origin',(518.257368205427,-249.713201502158,37.1949304101715));
#13951=CARTESIAN_POINT('',(519.755129247667,-248.664460247929,16.3547119322603));
#13952=CARTESIAN_POINT('',(519.755129247674,-248.664460247929,48.0531734413696));
#13953=CARTESIAN_POINT('',(506.415588966108,-258.004904591341,24.6200878639252));
#13954=CARTESIAN_POINT('Origin',(471.93952492967,-249.713201502154,-5.74396767610474));
#13955=CARTESIAN_POINT('',(510.801612534619,-248.664460247928,11.9035100187403));
#13956=CARTESIAN_POINT('',(453.657322261715,-248.664460247922,-16.5055254878095));
#13957=CARTESIAN_POINT('',(508.068502663917,-256.812850221221,23.5406202276856));
#13958=CARTESIAN_POINT('Origin',(334.003901096998,-249.713201502139,13.4012710610217));
#13959=CARTESIAN_POINT('',(363.267877070772,-248.664460247913,11.9035100187708));
#13960=CARTESIAN_POINT('Origin',(392.531853044557,-248.664460247916,58.9114164725963));
#13961=CARTESIAN_POINT('',(511.65045237413,-248.664460247928,8.28929645636578));
#13962=CARTESIAN_POINT('',(523.36934281004,-248.664460247929,14.1152918953015));
#13963=CARTESIAN_POINT('',(473.85769044781,-248.664460247924,-10.4992108525528));
#13964=CARTESIAN_POINT('',(274.959253714962,-248.664460247904,8.28929645641479));
#13965=CARTESIAN_POINT('',(333.604636443077,-248.66446024791,8.28929645640264));
#13966=CARTESIAN_POINT('',(263.240363279054,-248.664460247903,14.1152918953553));
#13967=CARTESIAN_POINT('',(305.813676074672,-248.664460247907,-7.04984549750407));
#13968=CARTESIAN_POINT('',(263.240363279071,-248.664460247903,103.70754104989));
#13969=CARTESIAN_POINT('',(263.240363279067,-248.664460247903,81.6812476119296));
#13970=CARTESIAN_POINT('',(274.959253714984,-248.664460247904,109.533536488827));
#13971=CARTESIAN_POINT('',(312.132204355978,-248.664460247908,128.013907311526));
#13972=CARTESIAN_POINT('',(511.650452374149,-248.664460247928,109.533536488778));
#13973=CARTESIAN_POINT('',(452.232069646036,-248.664460247922,109.53353648879));
#13974=CARTESIAN_POINT('',(523.36934281006,-248.664460247929,103.707541049836));
#13975=CARTESIAN_POINT('',(480.176218729116,-248.664460247925,125.180814928915));
#13976=CARTESIAN_POINT('',(523.369342810045,-248.664460247929,36.1415853332602));
#13977=CARTESIAN_POINT('Origin',(305.724642536019,-248.864460247907,-7.22893494162308));
#13978=CARTESIAN_POINT('',(274.86530909051,-249.064460247904,7.88929645641482));
#13979=CARTESIAN_POINT('',(274.959253714962,-248.664460247904,8.28929645641479));
#13980=CARTESIAN_POINT('',(262.840363279054,-249.064460247903,13.867445994906));
#13981=CARTESIAN_POINT('',(305.635608997365,-249.064460247907,-7.40802438574212));
#13982=CARTESIAN_POINT('',(263.240363279054,-248.664460247903,14.1152918953553));
#13983=CARTESIAN_POINT('Origin',(263.040363279067,-248.864460247903,81.6812476119296));
#13984=CARTESIAN_POINT('',(262.840363279071,-249.064460247903,103.955386950339));
#13985=CARTESIAN_POINT('',(262.840363279067,-249.064460247903,81.6812476119297));
#13986=CARTESIAN_POINT('',(263.240363279071,-248.664460247903,103.70754104989));
#13987=CARTESIAN_POINT('Origin',(312.043170817324,-248.864460247908,128.192996755645));
#13988=CARTESIAN_POINT('',(274.865309090533,-249.064460247904,109.933536488827));
#13989=CARTESIAN_POINT('',(311.954137278671,-249.064460247908,128.372086199764));
#13990=CARTESIAN_POINT('',(274.959253714984,-248.664460247904,109.533536488827));
#13991=CARTESIAN_POINT('Origin',(452.232069646036,-248.864460247922,109.73353648879));
#13992=CARTESIAN_POINT('',(511.744396998601,-249.064460247928,109.933536488778));
#13993=CARTESIAN_POINT('',(452.232069646036,-249.064460247922,109.93353648879));
#13994=CARTESIAN_POINT('',(511.650452374149,-248.664460247928,109.533536488778));
#13995=CARTESIAN_POINT('Origin',(480.265252267769,-248.864460247925,125.359904373034));
#13996=CARTESIAN_POINT('',(523.76934281006,-249.064460247929,103.955386950285));
#13997=CARTESIAN_POINT('',(480.354285806423,-249.064460247925,125.538993817153));
#13998=CARTESIAN_POINT('',(523.36934281006,-248.664460247929,103.707541049836));
#13999=CARTESIAN_POINT('Origin',(523.569342810045,-248.864460247929,36.1415853332602));
#14000=CARTESIAN_POINT('',(523.76934281004,-249.06446024793,13.867445994852));
#14001=CARTESIAN_POINT('',(523.769342810045,-249.06446024793,36.1415853332601));
#14002=CARTESIAN_POINT('',(523.36934281004,-248.664460247929,14.1152918953015));
#14003=CARTESIAN_POINT('Origin',(473.946723986463,-248.864460247924,-10.6783002966719));
#14004=CARTESIAN_POINT('',(511.744396998581,-249.064460247928,7.88929645636575));
#14005=CARTESIAN_POINT('',(474.035757525116,-249.064460247924,-10.857389740791));
#14006=CARTESIAN_POINT('',(511.744396998581,-249.064460247928,7.88929645636575));
#14007=CARTESIAN_POINT('Origin',(333.604636443077,-248.86446024791,8.08929645640265));
#14008=CARTESIAN_POINT('',(333.604636443077,-249.06446024791,7.88929645640265));
#14009=CARTESIAN_POINT('Origin',(262.396497433667,-248.664460247902,14.0881119704834));
#14010=CARTESIAN_POINT('',(274.86530909051,-248.664460247904,7.88929645641482));
#14011=CARTESIAN_POINT('',(268.715025714944,-250.450100893958,10.9468831016872));
#14012=CARTESIAN_POINT('',(262.840363279054,-248.664460247903,13.867445994906));
#14013=CARTESIAN_POINT('Origin',(262.840363279071,-248.664460247902,104.451078751238));
#14014=CARTESIAN_POINT('',(262.840363279071,-248.664460247902,103.955386950339));
#14015=CARTESIAN_POINT('Origin',(275.033553996243,-248.664460247904,110.017178712351));
#14016=CARTESIAN_POINT('',(268.715025714963,-250.450100893958,106.875949843556));
#14017=CARTESIAN_POINT('',(274.865309090533,-248.664460247904,109.933536488827));
#14018=CARTESIAN_POINT('Origin',(511.932286247504,-248.664460247928,109.933536488778));
#14019=CARTESIAN_POINT('',(511.744396998601,-248.664460247928,109.933536488778));
#14020=CARTESIAN_POINT('Origin',(524.213208655447,-248.664460247929,103.734720974708));
#14021=CARTESIAN_POINT('',(517.894680374169,-250.450100893984,106.875949843505));
#14022=CARTESIAN_POINT('',(523.76934281006,-248.664460247929,103.955386950285));
#14023=CARTESIAN_POINT('Origin',(523.76934281004,-248.664460247929,13.3717541939531));
#14024=CARTESIAN_POINT('',(523.76934281004,-248.664460247929,13.867445994852));
#14025=CARTESIAN_POINT('Origin',(511.576152092871,-248.664460247928,7.80565423284196));
#14026=CARTESIAN_POINT('',(517.894680374149,-250.450100893984,10.9468831016356));
#14027=CARTESIAN_POINT('',(511.744396998581,-248.664460247928,7.88929645636575));
#14028=CARTESIAN_POINT('Origin',(274.677419841607,-248.664460247904,7.88929645641485));
#14029=CARTESIAN_POINT('Origin',(274.677419841607,-249.064460247904,7.08929645641485));
#14030=CARTESIAN_POINT('Origin',(262.040363279071,-249.064460247902,104.451078751238));
#14031=CARTESIAN_POINT('Origin',(511.932286247504,-249.064460247928,110.733536488778));
#14032=CARTESIAN_POINT('Origin',(524.56934281004,-249.06446024793,13.371754193953));
#14033=UNCERTAINTY_MEASURE_WITH_UNIT(LENGTH_MEASURE(0.01),#14037,
'DISTANCE_ACCURACY_VALUE',
'Maximum model space distance between geometric entities at asserted c
onnectivities');
#14034=UNCERTAINTY_MEASURE_WITH_UNIT(LENGTH_MEASURE(0.01),#14037,
'DISTANCE_ACCURACY_VALUE',
'Maximum model space distance between geometric entities at asserted c
onnectivities');
#14035=(
GEOMETRIC_REPRESENTATION_CONTEXT(3)
GLOBAL_UNCERTAINTY_ASSIGNED_CONTEXT((#14033))
GLOBAL_UNIT_ASSIGNED_CONTEXT((#14037,#14039,#14040))
REPRESENTATION_CONTEXT('','3D')
);
#14036=(
GEOMETRIC_REPRESENTATION_CONTEXT(3)
GLOBAL_UNCERTAINTY_ASSIGNED_CONTEXT((#14034))
GLOBAL_UNIT_ASSIGNED_CONTEXT((#14037,#14039,#14040))
REPRESENTATION_CONTEXT('','3D')
);
#14037=(
LENGTH_UNIT()
NAMED_UNIT(*)
SI_UNIT(.MILLI.,.METRE.)
);
#14038=(
LENGTH_UNIT()
NAMED_UNIT(*)
SI_UNIT($,.METRE.)
);
#14039=(
NAMED_UNIT(*)
PLANE_ANGLE_UNIT()
SI_UNIT($,.RADIAN.)
);
#14040=(
NAMED_UNIT(*)
SI_UNIT($,.STERADIAN.)
SOLID_ANGLE_UNIT()
);
#14041=SHAPE_DEFINITION_REPRESENTATION(#14042,#14043);
#14042=PRODUCT_DEFINITION_SHAPE('',$,#14045);
#14043=SHAPE_REPRESENTATION('',(#7565),#14035);
#14044=PRODUCT_DEFINITION_CONTEXT('part definition',#14049,'design');
#14045=PRODUCT_DEFINITION('Blank Face Plate','Blank Face Plate',#14046,
#14044);
#14046=PRODUCT_DEFINITION_FORMATION('',$,#14051);
#14047=PRODUCT_RELATED_PRODUCT_CATEGORY('Blank Face Plate',
'Blank Face Plate',(#14051));
#14048=APPLICATION_PROTOCOL_DEFINITION('international standard',
'automotive_design',2009,#14049);
#14049=APPLICATION_CONTEXT(
'Core Data for Automotive Mechanical Design Process');
#14050=PRODUCT_CONTEXT('part definition',#14049,'mechanical');
#14051=PRODUCT('Blank Face Plate','Blank Face Plate',$,(#14050));
#14052=PRESENTATION_STYLE_ASSIGNMENT((#14054));
#14053=PRESENTATION_STYLE_ASSIGNMENT((#14055));
#14054=SURFACE_STYLE_USAGE(.BOTH.,#14056);
#14055=SURFACE_STYLE_USAGE(.BOTH.,#14057);
#14056=SURFACE_SIDE_STYLE('',(#14058));
#14057=SURFACE_SIDE_STYLE('',(#14059));
#14058=SURFACE_STYLE_FILL_AREA(#14060);
#14059=SURFACE_STYLE_FILL_AREA(#14061);
#14060=FILL_AREA_STYLE('Steel - Satin',(#14062));
#14061=FILL_AREA_STYLE('Nylon 12 (with Formlabs Fuse 1 3D Printer)',(#14063));
#14062=FILL_AREA_STYLE_COLOUR('Steel - Satin',#14064);
#14063=FILL_AREA_STYLE_COLOUR(
'Nylon 12 (with Formlabs Fuse 1 3D Printer)',#14065);
#14064=COLOUR_RGB('Steel - Satin',0.627450980392157,0.627450980392157,0.627450980392157);
#14065=COLOUR_RGB('Nylon 12 (with Formlabs Fuse 1 3D Printer)',0.247058823529412,
0.247058823529412,0.247058823529412);
ENDSEC;
END-ISO-10303-21;
